0.0,0.0
0.0025,3.988500799859823e-07
0.005,5.27039370644411e-06
0.0075,2.038965934836323e-05
0.01,4.5908951175954726e-05
0.0125,7.6431673253885e-05
0.015,0.00010838917358013678
0.0175,0.000144714017399461
0.02,0.00019079554187817482
0.0225,0.0002473576927314314
0.025,0.00030975571334268537
0.0275,0.00037439378261816536
0.03,0.0004435439658589946
0.0325,0.0005222743256219076
0.035,0.0006117781151915302
0.0375,0.0007080304675528559
0.04,0.000807401976234523
0.0425,0.0009115951361295949
0.045,0.001025393593510504
0.0475,0.0011503785913391518
0.05,0.0012830417930524973
0.0525,0.0014197041682080247
0.055,0.001561548318409045
0.0575,0.001713082668604926
0.06,0.0018762048587470659
0.0625,0.0020478419272578208
0.065,0.0022242468151647543
0.0675,0.002406102516404829
0.07,0.0025976262100222414
0.0725,0.0028009622995348593
0.075,0.003013408798627104
0.0775,0.0032311355940528586
0.08,0.0034543282594636793
0.0825,0.003686876367194003
0.085,0.0039310992262517885
0.08750000000000001,0.004184614302996437
0.09,0.0044435018481774335
0.0925,0.004707445258341991
0.095,0.004979957115487821
0.0975,0.005263456976184244
0.1,0.005555841192723676
0.10250000000000001,0.005853107126480239
0.105,0.006154435497983002
0.1075,0.006462909049725241
0.11,0.006780972975029442
0.1125,0.007106772977174103
0.115,0.007436248348966501
0.11750000000000001,0.007768091836123148
0.12,0.008104911204668497
0.1225,0.008449108376140657
0.125,0.00879906153161869
0.1275,0.009150698863610529
0.13,0.009502264796868332
0.1325,0.009855866228907217
0.135,0.010213805847655522
0.1375,0.010574692280062692
0.14,0.010934514048397403
0.14250000000000002,0.011291138877158602
0.145,0.011646176112019901
0.1475,0.01200179320099437
0.15,0.012356843276016605
0.1525,0.012707470184572855
0.155,0.013051270923131852
0.1575,0.013389395897135614
0.16,0.013723865857166118
0.1625,0.014053807270116181
0.165,0.014375632398248683
0.1675,0.014686803902534962
0.17,0.01498808723898648
0.17250000000000001,0.015281369745490991
0.17500000000000002,0.015566089682796047
0.1775,0.015839048207130446
0.18,0.016097729465755606
0.1825,0.01634261625327227
0.185,0.016575495243426275
0.1875,0.01679615537819501
0.19,0.017001899308500157
0.1925,0.017190390736871564
0.195,0.01736194664164259
0.1975,0.01751829494384083
0.2,0.017659602552541287
0.2025,0.017783760804348958
0.20500000000000002,0.017888752668248742
0.20750000000000002,0.017974842766079746
0.21,0.0180437381928229
0.2125,0.018095987296817384
0.215,0.01813011575251977
0.2175,0.018144527392195187
0.22,0.018139526421357743
0.2225,0.018116820480820195
0.225,0.018077310043011607
0.2275,0.01802014859779888
0.23,0.017944210106755065
0.2325,0.017849894920964005
0.23500000000000001,0.017738907672722348
0.23750000000000002,0.01761243615045771
0.24,0.017470201028643828
0.2425,0.017311538298251605
0.245,0.017136959534703067
0.2475,0.016948136235413358
0.25,0.016746448243644352
0.2525,0.01653207654253208
0.255,0.016304759153406678
0.2575,0.016065095431741838
0.26,0.01581467259296332
0.2625,0.015554948827510628
0.265,0.015286428429494237
0.2675,0.01500915402982983
0.27,0.014723761523882217
0.2725,0.014431692671500684
0.275,0.014134367975398021
0.2775,0.013832468554234367
0.28,0.013526226489499749
0.28250000000000003,0.013216250330440715
0.28500000000000003,0.012903778325998871
0.28750000000000003,0.012590091193061426
0.29,0.012275911303269993
0.2925,0.011961547391280192
0.295,0.011647519538943385
0.2975,0.011334819233205451
0.3,0.011024511916549073
0.3025,0.010717252513867237
0.305,0.010413332221606453
0.3075,0.01011313639218514
0.31,0.009817388806254712
0.3125,0.009526897459451789
0.315,0.009242176966900217
0.3175,0.0089634352006982
0.32,0.008690898109435352
0.3225,0.008425025319024115
0.325,0.008166358754689185
0.3275,0.007915237230704975
0.33,0.007671750732949789
0.3325,0.00743596384195655
0.335,0.007208097426536497
0.3375,0.006988447183067237
0.34,0.0067771734638988335
0.3425,0.006574242061089919
0.34500000000000003,0.006379573622982804
0.34750000000000003,0.00619319160175813
0.35000000000000003,0.0060151855003116594
0.3525,0.005845559112728438
0.355,0.005684169373230574
0.3575,0.0055308239784714885
0.36,0.005385399044081751
0.3625,0.00524782894783371
0.365,0.005117997899731108
0.3675,0.004995682988226946
0.37,0.004880616965383666
0.3725,0.004772580629026635
0.375,0.004671407123806759
0.3775,0.004576904383264413
0.38,0.004488804835228066
0.3825,0.00440680555056705
0.385,0.004330640661088125
0.3875,0.004260092610433475
0.39,0.0041949358963675465
0.3925,0.004134893703096942
0.395,0.004079663668939748
0.3975,0.004028975146954217
0.4,0.003982603207346003
0.4025,0.003940326811499695
0.405,0.0039018915426911605
0.40750000000000003,0.0038670262271667255
0.41000000000000003,0.0038354889453549035
0.41250000000000003,0.003807081749275021
0.41500000000000004,0.0037816186618320202
0.4175,0.0037588933096281973
0.42,0.0037386894890096833
0.4225,0.003720818840184714
0.425,0.003705135512647506
0.4275,0.0036915110977431276
0.43,0.0036798060128482857
0.4325,0.003669875702831338
0.435,0.003661601990932406
0.4375,0.0036549075672108466
0.44,0.0036497361422742347
0.4425,0.0036460266533839686
0.445,0.0036437159575356745
0.4475,0.003642765171401729
0.45,0.00364317410615631
0.4525,0.003644965659110301
0.455,0.0036481621569380285
0.4575,0.0036527849536191204
0.46,0.003658876590739074
0.4625,0.0036665153455076593
0.465,0.003675803267302713
0.4675,0.003686844162163694
0.47000000000000003,0.003699740305539878
0.47250000000000003,0.003714610972678334
0.47500000000000003,0.0037316072342579165
0.47750000000000004,0.0037509032154687816
0.48,0.0037726753342324226
0.4825,0.0037970962630526905
0.485,0.0038243502495802773
0.4875,0.003854648261769622
0.49,0.0038882221066502964
0.4925,0.003925304573898725
0.495,0.003966120759501202
0.4975,0.0040109005637969375
0.5,0.004059894295824762
0.5025000000000001,0.0041133693145471995
0.505,0.004171590735604802
0.5075000000000001,0.004234810222531138
0.51,0.004303276067822992
0.5125,0.004377249417535367
0.515,0.004457003146132621
0.5175,0.004542802795750589
0.52,0.0046348929377559855
0.5225,0.0047335052745021144
0.525,0.00483887572955588
0.5275,0.004951245361528578
0.53,0.005070841258808301
0.5325,0.005197860579940539
0.535,0.005332477134823321
0.5375,0.005474859678624711
0.54,0.0056251748135665025
0.5425,0.0057835676724096174
0.545,0.005950143772336602
0.5475,0.006124974531262595
0.55,0.006308117173100314
0.5525,0.0064996197372213516
0.555,0.006699501548910192
0.5575,0.006907733074125844
0.56,0.007124240787780067
0.5625,0.007348929115192249
0.5650000000000001,0.007581687823027039
0.5675,0.007822372473771821
0.5700000000000001,0.0080707825371924
0.5725,0.008326665946679412
0.5750000000000001,0.008589743433571329
0.5775,0.008859718667959982
0.58,0.00913625907513449
0.5825,0.009418972528312253
0.585,0.009707411795510268
0.5875,0.010001101453767092
0.59,0.010299551128195361
0.5925,0.010602237168590989
0.595,0.010908578281071613
0.5975,0.011217939887764317
0.6,0.011529663521880451
0.6025,0.011843083360755458
0.605,0.012157509270025457
0.6075,0.012472201713570996
0.61,0.01278637582029063
0.6125,0.013099232796651705
0.615,0.013409979658284499
0.6175,0.013717814036560583
0.62,0.014021898628488572
0.6225,0.014321364529806146
0.625,0.014615343803580316
0.6275000000000001,0.014902991940154209
0.63,0.015183474609326453
0.6325000000000001,0.015455941798936834
0.635,0.015719529781424768
0.6375000000000001,0.015973393634492794
0.64,0.016216731584627553
0.6425,0.016448773638416014
0.645,0.01666875545956259
0.6475,0.016875918253006716
0.65,0.01706953984027848
0.6525,0.017248959765417737
0.655,0.017413569536415707
0.6575,0.01756278626040597
0.66,0.017696049808087366
0.6625,0.01781285107225017
0.665,0.017912756626103032
0.6675,0.017995400215504276
0.67,0.018060456248775836
0.6725,0.01810763385859815
0.675,0.01813670123993205
0.6775,0.018147508779911448
0.68,0.018139981493902724
0.6825,0.018114092642754542
0.685,0.018069854700613064
0.6875,0.01800733912880048
0.6900000000000001,0.017926697213120235
0.6925,0.017828153303291572
0.6950000000000001,0.017711979052108973
0.6975,0.017578481738539153
0.7000000000000001,0.017428019380091087
0.7025,0.017261018930213368
0.705,0.017077970384580254
0.7075,0.01687940232947227
0.71,0.016665868441052112
0.7125,0.016437958349801107
0.715,0.01619631324415849
0.7175,0.015941621076031254
0.72,0.015674594181014356
0.7225,0.015395954993476124
0.725,0.015106443433278827
0.7275,0.014806830251597347
0.73,0.01449791362329833
0.7325,0.014180499533914315
0.735,0.013855387762816918
0.7375,0.013523376717852642
0.74,0.013185274988469331
0.7425,0.012841899551816027
0.745,0.01249405940987458
0.7475,0.012142542723996286
0.75,0.011788119983318524
0.7525000000000001,0.01143155421239328
0.755,0.011073600864744293
0.7575000000000001,0.01071499489905392
0.76,0.01035643965845523
0.7625000000000001,0.009998609083336163
0.765,0.009642156905698585
0.7675000000000001,0.009287718115430721
0.77,0.008935899360146493
0.7725,0.008587269836862532
0.775,0.008242363024887567
0.7775,0.007901685052001284
0.78,0.0075657174537901994
0.7825,0.007234910532393002
0.785,0.006909676238686657
0.7875,0.006590389678912345
0.79,0.006277396708922467
0.7925,0.0059710176062424125
0.795,0.005671542864041257
0.7975,0.005379227839197753
0.8,0.005094294115560061
0.8025,0.004816936304630204
0.805,0.004547326221315373
0.8075,0.004285610534511264
0.81,0.004031906847217215
0.8125,0.0037863048984956293
0.8150000000000001,0.0035488725213266292
0.8175,0.0033196599515097347
0.8200000000000001,0.003098698783709608
0.8225,0.0028859991234195803
0.8250000000000001,0.0026815505683623897
0.8275,0.0024853272886335986
0.8300000000000001,0.002297292175869714
0.8325,0.002117396635111568
0.835,0.0019455784792388187
0.8375,0.001781762631098971
0.84,0.0016258653239926701
0.8425,0.0014777978918427692
0.845,0.001337467031777173
0.8475,0.0012047731719260213
0.85,0.0010796108541204497
0.8525,0.0009618720906585665
0.855,0.0008514496821319106
0.8575,0.0007482376894518694
0.86,0.0006521300715187639
0.8625,0.0005630207318711999
0.865,0.00048080609522105355
0.8675,0.00040538790674382597
0.87,0.0003366737395616992
0.8725,0.0002745757561580797
0.875,0.00021901042055116893
0.8775000000000001,0.0001699003698700241
0.88,0.0001271766939485719
0.8825000000000001,9.077936729068314e-05
0.885,6.0656033244232965e-05
0.8875000000000001,3.676138953723207e-05
0.89,1.9058430183953312e-05
0.8925000000000001,7.5202260039451685e-06
0.895,2.1302125192998282e-06
0.8975,2.88092466801948e-06
0.9,9.773064615557076e-06
0.9025,2.2816177053248954e-05
0.905,4.202995850716151e-05
0.9075,6.744435822492179e-05
0.91,9.909820961834237e-05
0.9125,0.00013703798532516132
0.915,0.0001813179560555822
0.9175,0.00023200105442289232
0.92,0.0002891587614179958
0.9225,0.00035286959673097584
0.925,0.000423217564507139
0.9275,0.0005002918349830132
0.93,0.0005841871884140204
0.9325,0.0006750036749660904
0.935,0.0007728449436843476
0.9375,0.0008778163896328017
0.9400000000000001,0.0009900243983897994
0.9425,0.0011095764042026168
0.9450000000000001,0.0012365803321801039
0.9475,0.0013711427727529646
0.9500000000000001,0.001513366863257204
0.9525,0.0016633511529162703
0.9550000000000001,0.001821189331146833
0.9575,0.0019869694958503104
0.96,0.002160772221613705
0.9625,0.0023426682485423456
0.965,0.002532717061036749
0.9675,0.0027309663830301645
0.97,0.002937451365797372
0.9725,0.0031521926539426204
0.975,0.003375194010153848
0.9775,0.003606440755991258
0.98,0.003845899185247248
0.9825,0.004093515825886129
0.985,0.00434921567344837
0.9875,0.004612899946272009
0.99,0.004884444598328486
0.9925,0.005163699863778959
0.995,0.00545048980745122
0.9975,0.005744610957822971
1.0,0.006045830447856559
1.0025,0.006353884864262582
1.0050000000000001,0.0066684801826681905
1.0075,0.006989291865153291
1.01,0.007315964163492339
1.0125,0.007648108930727204
1.0150000000000001,0.00798530509456441
1.0175,0.008327099254710646
1.02,0.00867300658453729
1.0225,0.009022511063935923
1.025,0.009375065226450374
1.0275,0.00973009050861151
1.03,0.010086978730750928
1.0325,0.010445093994789545
1.035,0.010803774023589341
1.0375,0.011162331012297244
1.04,0.011520052996356611
1.0425,0.011876206310454052
1.045,0.012230038530535836
1.0475,0.012580780937042846
1.05,0.012927650466050267
1.0525,0.013269852052761877
1.055,0.013606581967959386
1.0575,0.013937031642424103
1.06,0.014260391050356702
1.0625,0.014575851527144579
1.065,0.014882608814776432
1.0675000000000001,0.015179866942098386
1.07,0.015466842534578973
1.0725,0.01574276867955504
1.075,0.016006898144318882
1.0775000000000001,0.016258506629586833
1.08,0.016496896650430415
1.0825,0.01672140174093073
1.085,0.016931390178093864
1.0875000000000001,0.017126267971907083
1.09,0.01730548168978885
1.0925,0.017468521685430005
1.095,0.01761492552027022
1.0975,0.0177442808660615
1.1,0.017856227604767128
1.1025,0.017950459590934997
1.105,0.018026726613243227
1.1075,0.0180848364315338
1.11,0.01812465628164972
1.1125,0.018146113559524224
1.115,0.018149196056285177
1.1175,0.018133952242592954
1.12,0.018100491556332088
1.1225,0.018048984195772277
1.125,0.017979660143197407
1.1275,0.017892807714339654
1.1300000000000001,0.017788772081495097
1.1325,0.017667953791246305
1.135,0.01753080688634867
1.1375,0.01737783638437662
1.1400000000000001,0.017209595338300687
1.1425,0.017026681876679106
1.145,0.016829736288755726
1.1475,0.01661943786367459
1.1500000000000001,0.0163965012665912
1.1525,0.01616167262077184
1.155,0.015915725630573974
1.1575,0.015659457841767477
1.16,0.015393686826858044
1.1625,0.015119246112313078
1.165,0.014836980963480073
1.1675,0.0145477442993176
1.17,0.014252392843722816
1.1725,0.013951783362095682
1.175,0.013646768829605804
1.1775,0.013338194600134301
1.18,0.013026894787500964
1.1825,0.012713688957482816
1.185,0.012399379026398094
1.1875,0.01208474623474487
1.19,0.011770548227516997
1.1925000000000001,0.011457516395630307
1.195,0.011146353559897904
1.1975,0.010837731925686711
1.2,0.010532291195239907
1.2025000000000001,0.010230636842479157
1.205,0.009933338651425316
1.2075,0.009640929583962787
1.21,0.00935390492368171
1.2125000000000001,0.009072721602720435
1.215,0.008797797693468112
1.2175,0.008529512130404981
1.22,0.008268204707171378
1.2225,0.008014176312602928
1.225,0.007767689326460214
1.2275,0.007528968148818649
1.23,0.007298199897526558
1.2325,0.007075535307075498
1.235,0.006861089801271092
1.2375,0.006654944678619046
1.24,0.0064571483784909844
1.2425,0.006267717846393239
1.245,0.006086640020511069
1.2475,0.005913873421956595
1.25,0.005749349801275727
1.2525,0.005592975811637757
1.2550000000000001,0.00544463471629264
1.2575,0.005304188147510658
1.26,0.005171477905753008
1.2625,0.005046327765265701
1.2650000000000001,0.0049285452607374935
1.2675,0.0048179234577858665
1.27,0.004714242721700401
1.2725,0.004617272479436885
1.2750000000000001,0.004526772950152136
1.2775,0.0044424968264351605
1.28,0.004364190906199994
1.2825,0.004291597688039772
1.285,0.004224456930295162
1.2875,0.004162507156779682
1.29,0.004105487096093263
1.2925,0.004053137054986777
1.295,0.004005200237262141
1.2975,0.003961424011622139
1.3,0.003921561116908112
1.3025,0.003885370795937426
1.305,0.0038526198583963556
1.3075,0.003823083683589079
1.31,0.003796547167449038
1.3125,0.0037728056072106053
1.315,0.0037516655161999868
1.3175000000000001,0.0037329453701316906
1.32,0.003716476294122306
1.3225,0.0037021026954970893
1.325,0.0036896828379828772
1.3275000000000001,0.003679089351134923
1.33,0.003670209675944336
1.3325,0.0036629464542760615
1.335,0.0036572178672402977
1.3375000000000001,0.003652957918985761
1.34,0.003650116660344375
1.3425,0.003648660352636073
1.345,0.003648571577335141
1.3475,0.0036498492960734194
1.35,0.003652508858538149
1.3525,0.003656581951894111
1.355,0.003662116491658096
1.3575,0.0036691764576132213
1.36,0.003677841679361249
1.3625,0.0036882075678494886
1.365,0.0037003847882703944
1.3675,0.0037144988716664162
1.37,0.0037306897690552177
1.3725,0.00374911135027145
1.375,0.003769930846049263
1.3775,0.003793328228298698
1.3800000000000001,0.003819495525077876
1.3825,0.003848636073272793
1.385,0.0038809637116239415
1.3875,0.003916701913803777
1.3900000000000001,0.00395608285585114
1.3925,0.003999346416423855
1.395,0.004046739111219555
1.3975,0.004098512966665524
1.4000000000000001,0.004154924332388177
1.4025,0.004216232630344763
1.405,0.004282699038385296
1.4075,0.0043545851118667045
1.41,0.004432151348922275
1.4125,0.004515655703047905
1.415,0.004605352042305277
1.4175,0.004701488555157951
1.42,0.004804306108070477
1.4225,0.004914036564624524
1.425,0.005030901072096583
1.4275,0.005155108318245283
1.43,0.005286852760844951
1.4325,0.005426312839293956
1.435,0.005573649179225981
1.4375,0.005729002801757588
1.44,0.0058924933430972715
1.4425000000000001,0.006064217290116858
1.445,0.006244246242969709
1.4475,0.006432625221391319
1.45,0.00662937102748451
1.4525000000000001,0.006834470675411097
1.455,0.007047879894592768
1.4575,0.007269521720335348
1.46,0.007499285189652483
1.4625000000000001,0.007737024159006012
1.465,0.007982556253502082
1.4675,0.008235661955460216
1.47,0.008496083846296187
1.4725,0.00876352601826369
1.475,0.009037653673168222
1.4775,0.009318092915499676
1.48,0.00960443074443873
1.4825,0.009896215255704277
1.485,0.0101929560666143
1.4875,0.01049412497567559
1.49,0.010799156860187509
1.4925,0.011107450809721087
1.495,0.011418371497679658
1.4975,0.011731250798156623
1.5,0.012045389652314498
1.5025,0.012360060176838772
1.5050000000000001,0.012674508004089091
1.5075,0.012987954846188643
1.51,0.013299601279122442
1.5125,0.013608629741245437
1.5150000000000001,0.013914207728873862
1.5175,0.01421549116776788
1.52,0.014511627939967298
1.5225,0.014801761553702164
1.5250000000000001,0.015085034940000241
1.5275,0.015360594349381529
1.53,0.015627593318228605
1.5325,0.015885196676237
1.5350000000000001,0.01613258457372524
1.5375,0.016368956507356813
1.54,0.016593535312409813
1.5425,0.01680557108701919
1.545,0.017004345015074307
1.5475,0.017189173067585273
1.55,0.017359409558530103
1.5525,0.017514450525332848
1.555,0.017653736903227468
1.5575,0.017776757463977333
1.56,0.017883051502892044
1.5625,0.01797221125778492
1.565,0.01804388403985513
1.5675000000000001,0.01809777405316737
1.57,0.018133643886997675
1.5725,0.018151315672994883
1.575,0.018150671905857507
1.5775000000000001,0.018131655920178957
1.58,0.01809427201535385
1.5825,0.018038585225774284
1.585,0.0179647207447573
1.5875000000000001,0.01787286301352964
1.59,0.017763254483249113
1.5925,0.017636194058511023
1.595,0.01749203523242926
1.5975000000000001,0.017331183933556815
1.6,0.017154096110679973
1.6025,0.01696127507402423
1.605,0.016753268613193484
1.6075,0.016530665910451603
1.61,0.016294094280432603
1.6125,0.01604421576516657
1.615,0.015781723612725784
1.6175,0.01550733866102405
1.62,0.015221805652700482
1.6225,0.014925889509754597
1.625,0.01462037159882712
1.6275,0.01430604601214469
1.6300000000000001,0.013983715887913917
1.6325,0.013654189788706361
1.635,0.013318278163104935
1.6375,0.012976789915459364
1.6400000000000001,0.012630529103020649
1.6425,0.0122802917745517
1.645,0.011926862965079721
1.6475,0.011571013860489643
1.6500000000000001,0.01121349914702563
1.6525,0.010855054557378452
1.655,0.010496394617650395
1.6575,0.010138210599667019
1.6600000000000001,0.009781168683755226
1.6625,0.00942590833613366
1.665,0.009073040903395224
1.6675,0.00872314842066757
1.67,0.008376782628616297
1.6725,0.008034464196917668
1.675,0.007696682149507694
1.6775,0.007363893487454476
1.68,0.007036523000062189
1.6825,0.0067149632538736626
1.685,0.006399574751004167
1.6875,0.0060906862481857615
1.69,0.0057885952284078
1.6925000000000001,0.005493568511205638
1.695,0.005205842991495402
1.6975,0.0049256264938914995
1.7,0.004653098733600203
1.7025000000000001,0.0043884123735207226
1.705,0.004131694164918542
1.7075,0.0038830461603840405
1.71,0.003642546987892459
1.7125000000000001,0.003410253176713951
1.715,0.0031862005253735504
1.7175,0.002970405502584761
1.72,0.002762866670844133
1.7225000000000001,0.0025635661226974804
1.725,0.00237247092444548
1.7275,0.0021895345575329017
1.73,0.0020146983529532037
1.7325,0.0018478929096348296
1.735,0.001689039491357569
1.7375,0.0015380513964720066
1.74,0.001394835296309349
1.7425,0.0012592925377168385
1.745,0.0011313204052192383
1.7475,0.0010108133383148754
1.75,0.0008976641011217978
1.7525,0.0007917649024338225
1.7550000000000001,0.0006930084633589573
1.7575,0.0006012890302447005
1.76,0.000516503330531215
1.7625,0.00043855146990812166
1.7650000000000001,0.0003673377705704084
1.7675,0.0003027715490711014
1.77,0.0002447678330572689
1.7725,0.00019324801483611154
1.7750000000000001,0.0001481404427050581
1.7775,0.00010938094884904714
1.78,7.691331422993164e-05
1.7825,5.068966985463663e-05
1.7850000000000001,3.067083358546108e-05
1.7875,1.6826583007639728e-05
1.79,9.135863831347991e-06
1.7925,7.5869349603690725e-06
1.795,1.217744894496664e-05
1.7975,2.2914468273960154e-05
1.8,3.9814416786118634e-05
1.8025,6.290296741875978e-05
1.805,9.221486553445679e-05
1.8075,0.0001277936887228992
1.81,0.0001696915418034628
1.8125,0.00021796868782530954
1.815,0.00027269311527045037
1.8175000000000001,0.0003339400418357341
1.82,0.0004017913550609098
1.8225,0.00047633498984755995
1.825,0.0005576642430717982
1.8275000000000001,0.0006458770267196989
1.83,0.0007410750600387317
1.8325,0.0008433630016493332
1.835,0.0009528475229814148
1.8375000000000001,0.001069636323611789
1.84,0.0011938370911375173
1.8425,0.0013255564075436155
1.845,0.0014648986039622613
1.8475000000000001,0.0016119645665977345
1.85,0.0017668504966996679
1.8525,0.0019296466283176272
1.855,0.00210043590728759
1.8575,0.0022792926368797595
1.86,0.0024662810933770984
1.8625,0.0026614541176286366
1.865,0.002864851688389791
1.8675,0.0030764994839787008
1.87,0.0032964074384622677
1.8725,0.00352456830028558
1.875,0.0037609562011180486
1.8775,0.004005525242801511
1.8800000000000001,0.0042582081122191084
1.8825,0.004518914732710044
1.885,0.004787530961760211
1.8875,0.005063917346285862
1.8900000000000001,0.005347907944274866
1.8925,0.005639309224987343
1.895,0.005937899058034546
1.8975,0.006243425803488023
1.9000000000000001,0.006555607512520822
1.9025,0.006874131252237348
1.905,0.0071986525628204845
1.9075,0.007528795061258364
1.9100000000000001,0.00786415019918607
1.9125,0.008204277186866449
1.915,0.008548703092049692
1.9175,0.008896923122449607
1.92,0.009248401100286685
1.9225,0.009602570134902066
1.925,0.00995883350052651
1.9275,0.01031656572295958
1.93,0.010675113878779285
1.9325,0.011033799108655984
1.935,0.011391918345641017
1.9375,0.01174874625572997
1.94,0.012103537388416186
1.9425000000000001,0.012455528532083093
1.945,0.012803941267588215
1.9475,0.013147984709998894
1.95,0.01348685842838293
1.9525000000000001,0.013819755530565914
1.955,0.01414586589894995
1.9575,0.014464379559765206
1.96,0.014774490168470322
1.9625000000000001,0.015075398589022626
1.965,0.015366316548416137
1.9675,0.01564647034059874
1.97,0.01591510455805789
1.9725000000000001,0.016171485823729626
1.975,0.01641490649705446
1.9775,0.016644688328469215
1.98,0.016860186034801217
1.9825000000000002,0.017060790767548184
1.985,0.017245933448577944
1.9875,0.017415087944222307
1.99,0.017567774053276253
1.9925,0.017703560284346054
1.995,0.017822066399382663
1.9975,0.017922965698986104
2.0,0.01800598703159295
2.0025,0.018070916507426205
2.005,0.018117598901881138
2.0075,0.018145938734825506
2.0100000000000002,0.01815590101534781
2.0125,0.01814751164275208
2.015,0.01812085745994807
2.0175,0.018076085957765997
2.02,0.01801340462968426
2.0225,0.017933079981830247
2.025,0.017835436204400423
2.0275,0.017720853514639145
2.0300000000000002,0.017589766184585187
2.0325,0.017442660268258692
2.035,0.01728007104553342
2.0375,0.017102580203669504
2.04,0.016910812777361173
2.0425,0.01670543387289314
2.045,0.016487145199931774
2.0475,0.01625668143928749
2.05,0.016014806473584997
2.0525,0.015762309508598804
2.055,0.01550000111537031
2.0575,0.015228709221091208
2.06,0.014949275078205204
2.0625,0.014662549239055522
2.065,0.01436938756380357
2.0675,0.014070647288690452
2.07,0.013767183179545839
2.0725000000000002,0.01345984379476306
2.075,0.01314946787912774
2.0775,0.012836880910132464
2.08,0.012522891814501946
2.0825,0.012208289872067013
2.085,0.011893841821787987
2.0875,0.01158028918144538
2.09,0.011268345791506817
2.0925000000000002,0.010958695591863687
2.095,0.010651990636510789
2.0975,0.010348849350627631
2.1,0.010049855031645905
2.1025,0.009755554593830595
2.105,0.009466457554893282
2.1075,0.009183035260384997
2.11,0.008905720341157775
2.1125,0.0086349063972051
2.115,0.008370947898416858
2.1175,0.008114160294773853
2.12,0.007864820324698485
2.1225,0.007623166510381196
2.125,0.0073893998285718965
2.1275,0.007163684545252735
2.13,0.006946149198689966
2.1325,0.006736887720640183
2.1350000000000002,0.0065359606812140925
2.1375,0.006343396643972099
2.14,0.0061591936183766904
2.1425,0.005983320596007147
2.145,0.005815719159080857
2.1475,0.005656305146949592
2.15,0.0055049703709233455
2.1525,0.005361584364511174
2.1550000000000002,0.005225996157699697
2.1575,0.005098036067140654
2.16,0.004977517490713623
2.1625,0.00486423869798891
2.165,0.004757984609240928
2.1675,0.004658528553680874
2.17,0.004565634001423291
2.1725,0.004479056262375103
2.1750000000000003,0.004398544146718919
2.1775,0.004323841581678423
2.18,0.004254689180227977
2.1825,0.004190825758298544
2.185,0.004131989797741653
2.1875,0.0040779208511803056
2.19,0.004028360887707194
2.1925,0.003983055577504224
2.195,0.0039417555133129945
2.1975000000000002,0.0039042173692989124
2.2,0.0038702049956742535
2.2025,0.0038394904489646997
2.205,0.0038118549584340577
2.2075,0.003787089828303447
2.21,0.003764997276468174
2.2125,0.0037453912105314124
2.215,0.0037280979411732362
2.2175000000000002,0.0037129568344365094
2.22,0.0036998209028569207
2.2225,0.0036885573369455638
2.225,0.0036790479780320906
2.2275,0.0036711897322624087
2.23,0.003664894927635637
2.2325,0.003660091614125255
2.235,0.0036567238079105446
2.2375000000000003,0.0036547516797222936
2.24,0.0036541516884968897
2.2425,0.003654916659759661
2.245,0.003657055809668408
2.2475,0.0036605947142688
2.25,0.0036655752240187522
2.2525,0.0036720553239655562
2.255,0.0036801089380771312
2.2575,0.0036898256782944006
2.2600000000000002,0.0037013105374118505
2.2625,0.003714683524955853
2.265,0.0037300792460245313
2.2675,0.003747646421467188
2.27,0.0037675473489637845
2.2725,0.003789957304137115
2.275,0.003815063881244418
2.2775,0.0038430662718358377
2.2800000000000002,0.00387417448131977
2.2825,0.003908608482318332
2.285,0.003946597304553823
2.2875,0.0039883780606890795
2.29,0.004034194908177913
2.2925,0.004084297946752358
2.295,0.004138942052048122
2.2975,0.00419838564604369
2.3000000000000003,0.004262889404940573
2.3025,0.004332714906587043
2.305,0.004408123217800153
2.3075,0.004489373425242249
2.31,0.004576721111479998
2.3125,0.004670416780132136
2.315,0.004770704233527212
2.3175,0.004877818907614184
2.32,0.004991986168775497
2.3225000000000002,0.0051134195779845015
2.325,0.0052423191297013005
2.3275,0.005378869471568848
2.33,0.005523238112512985
2.3325,0.005675573628465713
2.335,0.005836003874144069
2.3375,0.006004634210285076
2.34,0.006181545757423024
2.3425000000000002,0.0063667936869507
2.345,0.006560405560707139
2.3475,0.0067623797305707
2.35,0.00697268381177274
2.3525,0.0071912532418920705
2.355,0.007417989938080183
2.3575,0.007652761067170388
2.36,0.007895397940604454
2.3625000000000003,0.008145695047950596
2.365,0.008403409242230708
2.3675,0.008668259089930075
2.37,0.008939924397353138
2.3725,0.009218045926246532
2.375,0.009502225308455792
2.3775,0.009792025170732188
2.38,0.0100869694784258
2.3825,0.010386544106211204
2.3850000000000002,0.010690197641974208
2.3875,0.010997342429490686
2.39,0.011307355853453771
2.3925,0.011619581868114182
2.395,0.011933332769913818
2.3975,0.012247891211686124
2.4,0.01256251245483142
2.4025,0.012876426852884038
2.4050000000000002,0.013188842558406577
2.4075,0.013498948442414616
2.41,0.013805917214039454
2.4125,0.0141089087254187
2.415,0.014407073444836271
2.4175,0.014699556080223886
2.42,0.014985499330279595
2.4225,0.015264047742963527
2.4250000000000003,0.015534351655926315
2.4275,0.015795571193653046
2.43,0.016046880294986465
2.4325,0.016287470743542087
2.435,0.016516556171410457
2.4375,0.01673337600949054
2.44,0.016937199353812105
2.4425,0.01712732872009326
2.445,0.017303103657354768
2.4475000000000002,0.01746390419450705
2.45,0.017609154091168477
2.4525,0.01773832386925278
2.455,0.01785093360089718
2.4575,0.017946555431471722
2.46,0.018024815816303885
2.4625,0.01808539745631066
2.465,0.018128040915172505
2.4675000000000002,0.01815254590702864
2.47,0.018158772245278954
2.4725,0.018146640445770856
2.475,0.01811613198037776
2.4775,0.0180672891809337
2.48,0.01800021479539282
2.4825,0.017915071203290722
2.485,0.01781207929602857
2.4875000000000003,0.01769151703512506
2.49,0.01755371770163805
2.4925,0.017399067852259975
2.495,0.017228005001229008
2.4975,0.0170410150478304
2.5,0.01683862947288972
2.5025,0.016621422325520996
2.505,0.01639000702816773
2.5075,0.016145033024084654
2.5100000000000002,0.015887182294292757
2.5125,0.015617165771605102
2.515,0.015335719677842974
2.5175,0.015043601813172103
2.52,0.014741587823088764
2.5225,0.014430467469253472
2.525,0.01411104093000759
2.5275,0.013784115153864462
2.5300000000000002,0.013450500289888367
2.5325,0.013111006216178112
2.535,0.012766439185583067
2.5375,0.012417598607864733
2.54,0.012065273983388636
2.5425,0.011710242004870253
2.545,0.011353263837762029
2.5475,0.0109950825904086
2.5500000000000003,0.01063642098339912
2.5525,0.010277979224085243
2.555,0.00992043309151569
2.5575,0.00956443223489245
2.56,0.009210598685626792
2.5625,0.008859525584302474
2.565,0.008511776119629388
2.5675,0.008167882676268334
2.57,0.00782834618617656
2.5725000000000002,0.007493635678205379
2.575,0.007164188017732442
2.5775,0.00684040783014872
2.58,0.006522667597570475
2.5825,0.0062113079202568144
2.585,0.005906637931593295
2.5875,0.005608935856846742
2.59,0.005318449704581951
2.5925000000000002,0.005035398080016407
2.595,0.004759971108155625
2.5975,0.004492331455738352
2.6,0.004232615441413401
2.6025,0.003980934222143517
2.605,0.0037373750463949307
2.6075,0.0035020025622625184
2.61,0.0032748601711194425
2.6125000000000003,0.0030559714163311824
2.615,0.002845341399237533
2.6175,0.0026429582119895656
2.62,0.00244879437967338
2.6225,0.002262808303783004
2.625,0.0020849456994618265
2.6275,0.0019151410204321095
2.63,0.001753318864420983
2.6325,0.0015993953545088146
2.6350000000000002,0.0014532794898474144
2.6375,0.001314874461797455
2.64,0.0011840789312556055
2.6425,0.001060788263227419
2.645,0.0009448957153588289
2.6475,0.000836293576465863
2.65,0.0007348742545709719
2.6525,0.0006405313095458887
2.6550000000000002,0.0005531604308341986
2.6575,0.00047266035722159927
2.66,0.0003989337373579982
2.6625,0.0003318879300108213
2.665,0.000271435743786963
2.6675,0.00021749611416077563
2.67,0.00016999471856848913
2.6725,0.00012886452825705552
2.6750000000000003,9.404629671827536e-05
2.6775,6.548898452779506e-05
2.68,4.315012016864461e-05
2.6825,2.699609727618152e-05
2.685,1.7002407229587194e-05
2.6875,1.3153807943623477e-05
2.69,1.5444428295043403e-05
2.6925,2.3877808131532452e-05
2.695,3.846687447674191e-05
2.6975000000000002,5.9233853341417175e-05
2.7,8.621011695289504e-05
2.7025,0.00011943596698660297
2.705,0.00015896035396473218
2.7075,0.00020484053242753042
2.71,0.0002571416519421277
2.7125,0.00031593628485571124
2.715,0.0003813038901456789
2.7175000000000002,0.00045333021442628407
2.72,0.0005321066304107003
2.7225,0.0006177294127174271
2.725,0.0007102989533389614
2.7275,0.0008099189155150732
2.73,0.0009166953288697322
2.7325,0.0010307356267693635
2.735,0.0011521476266374009
2.7375000000000003,0.0012810384562143007
2.74,0.0014175134271487977
2.7425,0.00156167485877301
2.745,0.0017136208551526977
2.7475,0.001873444038152705
2.75,0.0020412302405814486
2.7525,0.0022170571637358805
2.755,0.002400993003218943
2.7575,0.002593095049569172
2.7600000000000002,0.0027934082671583482
2.7625,0.0030019638597007514
2.765,0.0032187778275076795
2.7675,0.003443849524623843
2.77,0.0036771602224305866
2.7725,0.003918671689049802
2.775,0.004168324792741984
2.7775,0.004426038138301891
2.7800000000000002,0.004691706746468682
2.7825,0.004965200786424262
2.785,0.005246364371041423
2.7875,0.005535014426488516
2.79,0.005830939646861211
2.7925,0.006133899545096355
2.795,0.006443623610906002
2.7975,0.006759810587549708
2.8000000000000003,0.00708212787841056
2.8025,0.007410211094345698
2.805,0.0077436637527341645
2.8075,0.008082057138135923
2.81,0.008424930334388847
2.8125,0.008771790437510418
2.815,0.009122112957285822
2.8175,0.009475342414951626
2.82,0.009830893143533359
2.8225000000000002,0.010188150296130516
2.825,0.010546471064831309
2.8275,0.01090518611370328
2.83,0.011263601226893627
2.8325,0.01162099916956194
2.835,0.01197664176075719
2.8375,0.012329772153005791
2.84,0.012679617311782465
2.8425000000000002,0.013025390688369498
2.845,0.013366295074050072
2.8475,0.013701525625489097
2.85,0.014030273045257502
2.8525,0.014351726903189643
2.855,0.014665079080288024
2.8575,0.014969527315667364
2.86,0.015264278835559253
2.8625000000000003,0.015548554041576068
2.865,0.01582159023462637
2.8675,0.01608264534941739
2.87,0.016331001673826506
2.8725,0.01656596952585332
2.875,0.016786890861805404
2.8775,0.01699314278794617
2.88,0.017184140948479865
2.8825,0.017359342763562324
2.8850000000000002,0.017518250490262233
2.8875,0.01766041408170338
2.89,0.017785433820527885
2.8925,0.01789296270309393
2.895,0.017982708554725946
2.8975,0.018054435856384998
2.9,0.0181079672657134
2.9025,0.018143184819805924
2.9050000000000002,0.01816003080525519
2.9075,0.018158508289239705
2.91,0.01813868130358287
2.9125,0.018100674680070483
2.915,0.018044673535428046
2.9175,0.01797092240970244
2.92,0.017879724063746494
2.9225,0.017771437943835622
2.9250000000000003,0.017646478326149406
2.9275,0.017505312153943464
2.93,0.017348456585857264
2.9325,0.01717647627300778
2.935,0.016989980386838965
2.9375,0.016789619420968904
2.94,0.016576081792486264
2.9425,0.016350090267643225
2.945,0.01611239824072186
2.9475000000000002,0.015863785892442195
2.95,0.015605056258944927
2.9525,0.0153370312384844
2.955,0.015060547565131088
2.9575,0.014776452778001214
2.96,0.014485601213806376
2.9625,0.014188850049141166
2.965,0.013887055419584016
2.9675000000000002,0.01358106863853692
2.97,0.013271732540104608
2.9725,0.012959877965410982
2.975,0.012646320413651324
2.9775,0.012331856873775138
2.98,0.012017262853625255
2.9825,0.01170328961789835
2.985,0.01139066164698832
2.9875000000000003,0.011080074325885647
2.99,0.010772191868962722
2.9925,0.010467645486258448
2.995,0.010167031792882142
2.9975,0.009870911462606102
3.0,0.009579808123572064
3.0025,0.009294207495067042
3.005,0.009014556758106806
3.0075000000000003,0.008741264155212036
3.0100000000000002,0.00847469881097851
3.0125,0.008215190764925495
3.015,0.00796303120663211
3.0175,0.007718472903295748
3.02,0.00748173080561898
3.0225,0.0072529828224183746
3.025,0.007032370749589845
3.0275,0.00682000134150762
3.0300000000000002,0.006615947511242837
3.0325,0.006420249645465503
3.035,0.006232917022108708
3.0375,0.006053929316848894
3.04,0.0058832381857083504
3.0425,0.005720768911697149
3.045,0.005566422102763369
3.0475,0.0054200754298019405
3.0500000000000003,0.005281585393445809
3.0525,0.005150789109341858
3.055,0.005027506102113222
3.0575,0.004911540098595069
3.06,0.00480268081202162
3.0625,0.004700705708396313
3.065,0.0046053817495890215
3.0675,0.004516467105322164
3.0700000000000003,0.0044337128284333005
3.0725000000000002,0.004356864488591405
3.075,0.004285663759393543
3.0775,0.004219849955516608
3.08,0.004159161516079202
3.0825,0.004103337431766718
3.085,0.004052118612719369
3.0875,0.0040052491962088155
3.09,0.003962477791928709
3.0925000000000002,0.003923558664514548
3.095,0.003888252852125351
3.0975,0.003856329220881527
3.1,0.003827565455107429
3.1025,0.003801748983560227
3.105,0.00377867784201924
3.1075,0.0037581614727226764
3.11,0.0037400214609990545
3.1125000000000003,0.0037240922102423912
3.115,0.0037102215560436136
3.1175,0.003698271319890978
3.12,0.003688117803974156
3.1225,0.0036796522267444898
3.125,0.003672781101686784
3.1275,0.003667426558188386
3.13,0.0036635266071866
3.1325000000000003,0.003661035349939423
3.1350000000000002,0.0036599231324049644
3.1375,0.003660176644072299
3.14,0.0036617989624477786
3.1425,0.00366480954285435
3.145,0.0036692441536459175
3.1475,0.003675154756416943
3.15,0.0036826093314601405
3.1525,0.0036916916474893924
3.1550000000000002,0.0037025009758748784
3.1575,0.003715151747897605
3.16,0.003729773154876659
3.1625,0.0037465086903227807
3.165,0.0037655156334406303
3.1675,0.0037869644729608964
3.17,0.003811038270309819
3.1725,0.0038379319616830276
3.1750000000000003,0.0038678515978145533
3.1775,0.0039010135211925423
3.18,0.003937643479900554
3.1825,0.003977975677269541
3.185,0.00402225175797577
3.1875,0.004070719729193151
3.19,0.004123632818303413
3.1925,0.00418124826709132
3.1950000000000003,0.0042438260629467095
3.1975000000000002,0.004311627608251989
3.2,0.004384914330476164
3.2025,0.004463946233543403
3.205,0.004548980394518232
3.2075,0.004640269406959163
3.21,0.004738059776416392
3.2125,0.004842590270150993
3.215,0.004954090227775154
3.2175000000000002,0.005072777837357378
3.22,0.0051988583827089485
3.2225,0.005332522469284839
3.225,0.005473944235808048
3.2275,0.005623279559825889
3.23,0.0057806642661084595
3.2325,0.005946212346987778
3.235,0.0061200142050452655
3.2375000000000003,0.006302134928727554
3.24,0.006492612612044368
3.2425,0.006691456730894885
3.245,0.0068986465870999325
3.2475,0.007114129833574623
3.25,0.007337821093344132
3.2525,0.007569600685751965
3.255,0.007809313473106982
3.2575000000000003,0.008056767840901813
3.2600000000000002,0.008311734824737016
3.2625,0.008573947396733672
3.265,0.008843099924902731
3.2675,0.009118847816385056
3.27,0.009400807356382046
3.2725,0.009688555753189831
3.275,0.009981631398595425
3.2775,0.010279534352697794
3.2800000000000002,0.010581727060205992
3.2825,0.010887635302960774
3.285,0.011196649394179303
3.2875,0.011508125615009135
3.29,0.011821387896315372
3.2925,0.01213572974274868
3.295,0.012450416396927011
3.2975,0.012764687236483496
3.3000000000000003,0.013077758398711836
3.3025,0.013388825621319711
3.305,0.013697067289101028
3.3075,0.014001647671726403
3.31,0.014301720335446078
3.3125,0.01459643171259728
3.315,0.01488492480745407
3.3175,0.01516634301712827
3.3200000000000003,0.015439834044819634
3.3225000000000002,0.015704553878400418
3.325,0.015959670809753135
3.3275,0.016204369467253343
3.33,0.01643785483277327
3.3325,0.016659356215910748
3.335,0.01686813115465924
3.3375,0.017063469215379712
3.34,0.01724469566259046
3.3425000000000002,0.01741117497082456
3.345,0.017562314152215208
3.3475,0.01769756587329141
3.35,0.017816431336356686
3.3525,0.01791846290414867
3.355,0.01800326644641359
3.3575,0.018070503389544967
3.36,0.018119892455374043
3.3625000000000003,0.01815121107311768
3.365,0.018164296456113505
3.3675,0.018159046334822904
3.37,0.018135419341923864
3.3725,0.018093435046651507
3.375,0.018033173641534006
3.3775,0.017954775283961055
3.38,0.01785843910092666
3.3825000000000003,0.017744421866581206
3.3850000000000002,0.017613036365567325
3.3875,0.01746464945711068
3.39,0.017299679856783712
3.3925,0.017118595657795055
3.395,0.016921911609969698
3.3975,0.01671018618309006
3.4,0.01648401843699432
3.4025,0.016244044724924578
3.4050000000000002,0.015990935255889127
3.4075,0.01572539054388855
3.41,0.015448137771400638
3.4125,0.015159927092998515
3.415,0.01486152790799622
3.4175,0.014553725126535966
3.42,0.014237315455670085
3.4225,0.013913103730875065
3.4250000000000003,0.013581899315074253
3.4275,0.013244512587903046
3.43,0.012901751544973195
3.4325,0.012554418526772082
3.435,0.012203307094196703
3.4375,0.011849199066077176
3.44,0.011492861730474146
3.4425,0.011135045243435115
3.4450000000000003,0.010776480222144613
3.4475000000000002,0.010417875542358956
3.45,0.010059916344129505
3.4525,0.009703262249583844
3.455,0.009348545795301533
3.4575,0.008996371079209808
3.46,0.008647312619814329
3.4625,0.00830191442655348
3.465,0.007960689275805066
3.4675000000000002,0.007624118186420503
3.47,0.007292650089773645
3.4725,0.006966701685000132
3.475,0.006646657471904405
3.4775,0.00633286995175375
3.48,0.006025659986187648
3.4825,0.005725317303328481
3.485,0.0054321011409133035
3.4875000000000003,0.00514624101505845
3.49,0.004867937603572514
3.4925,0.004597363732404602
3.495,0.004334665453974651
3.4975,0.0040799632065020575
3.5,0.0038333530430474383
3.5025,0.003594907920493995
3.505,0.0033646790373627056
3.5075000000000003,0.0031426972104462436
3.5100000000000002,0.002928974281664054
3.5125,0.0027235045453766205
3.515,0.0025262661882123894
3.5175,0.0023372227329376827
3.52,0.002156324478795213
3.5225,0.001983509931720029
3.525,0.001818707217789317
3.5275,0.0016618354743451746
3.5300000000000002,0.0015128062125970843
3.5325,0.0013715246475265452
3.535,0.0012378909899135593
3.5375,0.001111801697497583
3.54,0.0009931506809452983
3.5425,0.0008818304617794759
3.545,0.0007777332792771041
3.5475,0.0006807521443266129
3.5500000000000003,0.0005907818378279028
3.5525,0.0005077198523295579
3.555,0.0004314672748539916
3.5575,0.00036192961009073876
3.56,0.00029901754261629776
3.5625,0.0002426476374792763
3.565,0.00019274297883287161
3.5675,0.00014923374529396405
3.5700000000000003,0.0001120577222007424
3.5725000000000002,8.116075035941028e-05
3.575,5.64971107426121e-05
3.5775,3.8029845709032506e-05
3.58,2.5731015786813888e-05
3.5825,1.9581892373923306e-05
3.585,1.9573086083561446e-05
3.5875,2.5704611126366184e-05
3.59,3.798588539512954e-05
3.5925000000000002,5.643566633389829e-05
3.595,8.10819221964687e-05
3.5975,0.00011196163951648908
3.6,0.0001491205663036732
3.6025,0.00019261289125238612
3.605,0.00024250085862598247
3.6075,0.0002988543199241578
3.61,0.0003617502214439128
3.6125000000000003,0.000431272028981855
3.615,0.0005075090893613687
3.6175,0.000590555929925296
3.62,0.0006805114962222802
3.6225,0.000777478329213821
3.625,0.0008815616819832783
3.6275,0.0009928685784545976
3.63,0.0011115068151625884
3.6325000000000003,0.001237583907456763
3.6350000000000002,0.0013712059824935174
3.6375,0.0015124766212988305
3.64,0.0016614956529412694
3.6425,0.0018183579038018038
3.645,0.001983151905148084
3.6475,0.002155958563410998
3.65,0.0023368497975475577
3.6525,0.0025258871481801393
3.6550000000000002,0.0027231203639717094
3.6575,0.002928585971695874
3.66,0.0031423058356487843
3.6625,0.003364285713779225
3.665,0.003594513817878564
3.6675,0.0038329593864077083
3.67,0.004079571277765481
3.6725,0.004334276593002784
3.6750000000000003,0.004596979338350238
3.6775,0.004867559136034316
3.68,0.005145869995201835
3.6825,0.005431739152504278
3.685,0.005724965993437081
3.6875,0.00602532106575282
3.69,0.006332545195961714
3.6925,0.006646348720508399
3.6950000000000003,0.0069664108423026505
3.6975000000000002,0.007292379124116621
3.7,0.007623869129588456
3.7025,0.007960464222001917
3.705,0.008301715531427334
3.7075,0.008647142098457294
3.71,0.008996231204434935
3.7125,0.00934843889484327
3.715,0.0097031907033589
3.7175000000000002,0.010059882581145985
3.72,0.01041788203699312
3.7225,0.0107765294897888
3.725,0.011135139835982244
3.7275,0.011493004231109438
3.73,0.011849392083849608
3.7325,0.01220355325830269
3.735,0.012554720480068227
3.7375000000000003,0.01290211193707691
3.74,0.013244934068016079
3.7425,0.013582384524401192
3.745,0.013913655295052507
3.7475,0.014237935976634475
3.75,0.014554417173908263
3.7525,0.01486229401045236
3.755,0.015160769729440915
3.7575000000000003,0.015449059362321549
3.7600000000000002,0.0157263934424563
3.7625,0.01599202173872527
3.765,0.016245216983516997
3.7675,0.016485278568701744
3.77,0.01671153618258714
3.7725,0.016923353361359972
3.775,0.01712013092625142
3.7775,0.017301310281048643
3.7800000000000002,0.017466376541989348
3.7825,0.01761486147587732
3.785,0.017746346220455678
3.7875,0.017860463764755252
3.79,0.017956901167323736
3.7925,0.018035401492880965
3.795,0.018095765450134138
3.7975,0.018137852714644964
3.8000000000000003,0.01816158292528769
3.8025,0.018166936342701945
3.805,0.018153954164034758
3.8075,0.01812273848942425
3.81,0.01807345193753207
3.8125,0.0180063169133291
3.815,0.017921614532639296
3.8175,0.017819683209957304
3.8200000000000003,0.017700916921448595
3.8225000000000002,0.0175657631554742
3.825,0.017414720567074937
3.8275,0.017248336353659965
3.83,0.017067203373891005
3.8325,0.01687195703197375
3.835,0.016663271950307035
3.8375,0.016441858458222214
3.84,0.01620845892181677
3.8425000000000002,0.015963843945030476
3.845,0.015708808468694713
3.8475,0.015444167796896835
3.85,0.015170753579358376
3.8525,0.014889409779453189
3.855,0.01460098865453574
3.8575,0.01430634677718956
3.86,0.014006341122112076
3.8625000000000003,0.013701825244677224
3.865,0.013393645574737434
3.8675,0.013082637847158907
3.87,0.012769623689059983
3.8725,0.01245540738190698
3.875,0.01214077281492365
3.8775,0.011826480643112092
3.88,0.01151326566248656
3.8825000000000003,0.011201834412126743
3.8850000000000002,0.010892863009967613
3.8875,0.010586995227900076
3.89,0.010284840809781315
3.8925,0.009986974033903806
3.895,0.00969393251848416
3.8975,0.009406216268505574
3.9,0.009124286959135475
3.9025000000000003,0.008848567450439049
3.9050000000000002,0.008579441526432419
3.9075,0.008317253849526196
3.91,0.008062310121314198
3.9125,0.007814877439152212
3.915,0.007575184836234428
3.9175,0.0073434239949534685
3.92,0.007119750119587209
3.9225,0.006904282956039509
3.9250000000000003,0.006697107944967584
3.9275,0.006498277495227356
3.93,0.006307812364914511
3.9325,0.0061257031358383784
3.935,0.005951911769543017
3.9375,0.005786373231030595
3.94,0.005628997168880545
3.9425,0.005479669639617768
3.9450000000000003,0.005338254864794223
3.9475000000000002,0.00520459701115783
3.95,0.005078521982046169
3.9525,0.0049598392118728185
3.955,0.004848343454561643
3.9575,0.004743816557684077
3.96,0.004646029215370717
3.9625,0.004554742692154612
3.9650000000000003,0.004469710512774228
3.9675000000000002,0.004390680112067891
3.97,0.0043173944399717
3.9725,0.004249593518020234
3.975,0.004187015942925143
3.9775,0.004129400335354028
3.98,0.004076486729833739
3.9825,0.004028017905478354
3.985,0.0039837406548750565
3.9875000000000003,0.003943406990080334
3.99,0.0039067752850145965
3.9925,0.003873611354213047
3.995,0.0038436894668900656
3.9975,0.0038167932975878838
4.0,0.0037927168119598065
4.0025,0.0037712650901171596
4.005,0.0037522550864939053
4.0075,0.0037355163281243
4.01,0.003720891551215466
4.0125,0.0037082372776454653
4.015,0.003697424331340571
4.0175,0.00368833829623455
4.0200000000000005,0.003680879916052898
4.0225,0.0036749654370308027
4.025,0.003670526893956416
4.0275,0.0036675123401842605
4.03,0.003665886022445406
4.0325,0.0036656285003589836
4.035,0.003666736711307482
4.0375,0.0036692239808071847
4.04,0.0036731199780074275
4.0425,0.0036784706165428616
4.045,0.0036853379006455134
4.0475,0.003693799715852819
4.05,0.003703949563843567
4.0525,0.003715896241312522
4.055,0.0037297634615275355
4.0575,0.0037456894183063305
4.0600000000000005,0.003763826291565131
4.0625,0.0037843396935126616
4.065,0.0038074080548189393
4.0675,0.0038332219495660347
4.07,0.0038619833584165875
4.0725,0.003893904869465281
4.075,0.003929208815560692
4.0775,0.003968126348630641
4.08,0.00401089644889252
4.0825000000000005,0.0040577648707982306
4.085,0.004108983024506241
4.0875,0.0041648067934607624
4.09,0.00422549528917493
4.0925,0.004291309543882349
4.095,0.004362511142328884
4.0975,0.004439360794963321
4.1,0.004522116854714042
4.1025,0.004611033780167695
4.105,0.004706360548114574
4.1075,0.0048083390203848
4.11,0.004917202268229559
4.1125,0.005033172860626323
4.115,0.00515646112178203
4.1175,0.005287263364005312
4.12,0.005425760104149191
4.1225000000000005,0.0055721142700413395
4.125,0.005726469407013823
4.1275,0.00588894789221861
4.13,0.006059649168289383
4.1325,0.006238648004945446
4.135,0.006425992801032621
4.1375,0.006621703937964796
4.14,0.006825772197116109
4.1425,0.0070381572530138214
4.1450000000000005,0.007258786255899707
4.1475,0.0074875525160997825
4.15,0.007724314303711566
4.1525,0.007968893777650976
4.155,0.008221076055626497
4.1575,0.00848060844016274
4.16,0.008747199810933637
4.1625,0.009020520198042448
4.165,0.009300200546174864
4.1675,0.00958583268179325
4.17,0.00987696949127681
4.1725,0.010173125321131238
4.175,0.010473776606641394
4.1775,0.010778362735241132
4.18,0.011086287150071428
4.1825,0.011396918695467662
4.1850000000000005,0.0117095932072111
4.1875,0.012023615345665206
4.19,0.012338260670880175
4.1925,0.012652777952947503
4.195,0.012966391712538439
4.1975,0.013278304981994893
4.2,0.013587702276616653
4.2025,0.013893752762204059
4.205,0.014195613603831703
4.2075000000000005,0.014492433478434208
4.21,0.014783356232044298
4.2125,0.0150675246607328
4.215,0.015344084391458068
4.2175,0.01561218783951901
4.22,0.015870998215721244
4.2225,0.01611969355693077
4.225,0.01635747075263083
4.2275,0.016583549538545128
4.23,0.016797176428156035
4.2325,0.016997628553191646
4.235,0.01718421738613074
4.2375,0.01735629231439617
4.24,0.017513244040088694
4.2425,0.017654507778466666
4.245,0.017779566229947363
4.2475000000000005,0.01788795230400808
4.25,0.01797925157188729
4.2525,0.018053104429952782
4.255,0.018109207955902207
4.2575,0.018147317444459077
4.26,0.018167247611422965
4.2625,0.018168873455877588
4.265,0.01815213077588851
4.2675,0.01811701633416618
4.2700000000000005,0.01806358767436933
4.2725,0.01799196259170799
4.275,0.01790231826297628
4.2775,0.017794890045180978
4.28,0.017669969954397402
4.2825,0.01752790484042066
4.285,0.017369094272147834
4.2875000000000005,0.017193988153991313
4.29,0.017003084093015985
4.2925,0.016796924540003033
4.295,0.016576093729241848
4.2975,0.016341214440657836
4.3,0.01609294461261257
4.3025,0.015831973830277235
4.305,0.01555901971771334
4.3075,0.015274824260711029
4.3100000000000005,0.014980150087744448
4.3125,0.014675776735863622
4.315,0.014362496926182189
4.3175,0.014041112876242323
4.32,0.013712432669766628
4.3225,0.013377266710342894
4.325,0.013036424276872793
4.3275,0.012690710202615918
4.33,0.012340921693592577
4.3325000000000005,0.01198784530324204
4.335,0.011632254077255766
4.3375,0.0112749048812546
4.34,0.010916535920458159
4.3425,0.010557864459467936
4.345,0.010199584749116752
4.3475,0.009842366164914296
4.3500000000000005,0.009486851558897058
4.3525,0.00913365582612613
4.355,0.008783364684884276
4.3575,0.008436533668255919
4.36,0.008093687323306398
4.3625,0.00775531861315315
4.365,0.0074218885148269464
4.3675,0.007093825806260057
4.37,0.006771527033230029
4.3725000000000005,0.006455356648780608
4.375,0.006145647314175662
4.3775,0.005842700350756402
4.38,0.005546786333415099
4.3825,0.005258145813407111
4.385,0.004976990160157513
4.3875,0.004703502510272628
4.39,0.004437838812977546
4.3925,0.004180128960037166
4.3950000000000005,0.003930477990431669
4.3975,0.0036889673578812676
4.4,0.003455656251212247
4.4025,0.0032305829581069645
4.405,0.0030137662615592475
4.4075,0.002805206860355902
4.41,0.0026048888054912567
4.4125000000000005,0.0024127809431124803
4.415,0.0022288383573254578
4.4175,0.0020530038046437937
4.42,0.0018852091348424693
4.4225,0.0017253766907687762
4.425,0.0015734206824866703
4.4275,0.001429248529785987
4.43,0.001292762168882966
4.4325,0.0011638593195022473
4.4350000000000005,0.0010424347079820429
4.4375,0.0009283812436597927
4.44,0.0008215911451965319
4.4425,0.0007219570144008092
4.445,0.0006293728557100753
4.4475,0.0005437350392867302
4.45,0.00046494320616119467
4.4525,0.0003929011137207006
4.455,0.0003275174208231535
4.4575000000000005,0.00026870641174436827
4.46,0.000216388657957034
4.4625,0.00017049161722076933
4.465,0.00013095016973652118
4.4675,9.77070904369659e-05
4.47,7.071345787196259e-05
4.4725,4.9928999120069095e-05
4.4750000000000005,3.532237070025257e-05
4.4775,2.6871375395330632e-05
4.48,2.4563114813693534e-05
4.4825,2.8394077417002658e-05
4.485,3.837016279429478e-05
4.4875,5.4506641726181915e-05
4.49,7.682805149614169e-05
4.4925,0.00010536802750343854
4.495,0.00014016907009151147
4.4975000000000005,0.0001812822479718701
4.5,0.0002287668372060736
4.5025,0.0002826898965947455
4.505,0.00034312577902051444
4.5075,0.00041015557970203176
4.51,0.0004838665213107163
4.5125,0.0005643512768147563
4.515,0.0006517072301404081
4.5175,0.000746035675848411
4.5200000000000005,0.0008474409582586162
4.5225,0.0009560295519777107
4.525,0.0010719090847599588
4.5275,0.001195187304205536
4.53,0.0013259709905013572
4.5325,0.0014643648170995505
4.535,0.0016104701626078466
4.5375000000000005,0.0017643838765817321
4.54,0.001926197002230623
4.5425,0.0020959934600588426
4.545,0.0022738486970057536
4.5475,0.0024598283054793058
4.55,0.0026539866178909577
4.5525,0.002856365281991735
4.555,0.0030669918233314775
4.5575,0.003285878201849002
4.5600000000000005,0.0035130193695405154
4.5625,0.0037483918379006553
4.565,0.0039919522621367776
4.5675,0.004243636052041921
4.57,0.004503356018231486
4.5725,0.004771001063810232
4.575,0.00504643493154866
4.5775,0.005329495017150521
4.58,0.005619991259150581
4.5825000000000005,0.0059177051161682925
4.585,0.006222388643740473
4.5875,0.006533763681289884
4.59,0.006851521160269769
4.5925,0.007175320544973829
4.595,0.0075047894171156315
4.5975,0.007839523214219213
4.6000000000000005,0.008179085132677955
4.6025,0.008523006204210759
4.605,0.008870785555220806
4.6075,0.009221890857237014
4.61,0.009575758974783355
4.6125,0.009931796817483018
4.615,0.010289382400507918
4.6175,0.010647866117704297
4.62,0.011006572227895361
4.6225000000000005,0.011364800556975752
4.625,0.011721828412191826
4.6275,0.012076912707161824
4.63,0.012429292292427618
4.6325,0.012778190484446839
4.635,0.013122817784623209
4.6375,0.013462374778079322
4.64,0.01379605519882432
4.6425,0.014123049147773514
4.6450000000000005,0.01444254644596299
4.6475,0.014753740106986157
4.65,0.015055829905584517
4.6525,0.015348026024550876
4.655,0.015629552753761544
4.6575,0.01589965221940659
4.66,0.0161575881168865
4.6625000000000005,0.01640264942221492
4.665,0.016634154054457895
4.6675,0.016851452461857264
4.67,0.017053931105493803
4.6725,0.017241015811727323
4.675,0.017412174968356453
4.6775,0.017566922537369578
4.68,0.017704820859911763
4.6825,0.017825483228719463
4.6850000000000005,0.017928576207005165
4.6875,0.01801382167295884
4.69,0.018080998571498696
4.6925,0.018129944356822136
4.695,0.018160556112007953
4.6975,0.01817279133492633
4.7,0.018166668383152285
4.7025,0.018142266570826848
4.705,0.01809972591552622
4.7075000000000005,0.01803924653603417
4.71,0.01796108770442828
4.7125,0.01786556655919469
4.715,0.017753056488714947
4.7175,0.017623985197069203
4.72,0.017478832466807148
4.7225,0.017318127636833935
4.7250000000000005,0.017142446815782364
4.7275,0.016952409850830463
4.73,0.01674867707676242
4.7325,0.01653194587053264
4.735,0.01630294703691959
4.7375,0.01606244105517618
4.74,0.01581121421277132
4.7425,0.015550074655465096
4.745,0.015279848382967032
4.7475000000000005,0.01500137521842504
4.75,0.014715504781754873
4.7525,0.01442309249164353
4.755,0.01412499562571412
4.7575,0.013822069461014053
4.76,0.013515163522598073
4.7625,0.013205117960005452
4.765,0.012892760073906828
4.7675,0.012578901010627419
4.7700000000000005,0.01226433264206861
4.7725,0.011949824645380858
4.775,0.011636121795973509
4.7775,0.011323941483450284
4.78,0.011013971459256311
4.7825,0.010706867821177468
4.785,0.010403253240539811
4.7875000000000005,0.010103715432851601
4.79,0.009808805872630444
4.7925,0.00951903875043314
4.795,0.00923489016764023
4.7975,0.008956797565637942
4.8,0.008685159381847996
4.8025,0.008420334924426953
4.805,0.00816264445716186
4.8075,0.007912369483616288
4.8100000000000005,0.007669753219911257
4.8125,0.007435001244946449
4.815,0.007208282314767445
4.8175,0.006989729328731542
4.82,0.006779440433984263
4.8225,0.006577480255764101
4.825,0.006383881239500511
4.8275,0.006198645091769706
4.83,0.006021744307638244
4.8325000000000005,0.005853123769940183
4.835,0.00569270241006592
4.8375,0.0055403749169204985
4.84,0.005396013483329298
4.8425,0.005259469578337672
4.845,0.005130575735833531
4.8475,0.005009147348841836
4.8500000000000005,0.004894984461303764
4.8525,0.004787873548504962
4.855,0.004687589278423943
4.8575,0.004593896247714113
4.86,0.004506550684608257
4.8625,0.004425302114421825
4.865,0.0043498949818427946
4.8675,0.004280070226149846
4.87,0.004215566805072513
4.8725000000000005,0.004156123164121617
4.875,0.004101478649048307
4.8775,0.004051374858855095
4.88,0.004005556938100341
4.8825,0.003963774806490239
4.885,0.003925784325075732
4.8875,0.003891348399054806
4.89,0.0038602380159717953
4.8925,0.003832233220183001
4.8950000000000005,0.003807124022671804
4.8975,0.0037847112480311473
4.9,0.0037648073177707353
4.9025,0.0037472369717299614
4.905,0.0037318379276291003
4.9075,0.00371846147980881
4.91,0.0037069730384453603
4.9125000000000005,0.003697252608734658
4.915,0.0036891952128711436
4.9175,0.0036827112537442808
4.92,0.0036777268223025794
4.9225,0.003674183948405081
4.925,0.0036720407962503865
4.9275,0.0036712718046356513
4.93,0.0036718677721539177
4.9325,0.0036738358881772543
4.9350000000000005,0.003677199708688822
4.9375,0.00368199907769462
4.94,0.0036882899939779945
4.9425,0.0036961444224519746
4.945,0.003705650050170539
4.9475,0.003716909986039796
4.95,0.0037300424039977687
4.9525,0.003745180128654435
4.955,0.0037624701629117574
4.9575000000000005,0.0037820731564135457
4.96,0.0038041628142342354
4.9625,0.003828925244884429
4.965,0.003856558246809083
4.9675,0.003887270532454412
4.97,0.003921280889910506
4.9725,0.003958817280262927
4.9750000000000005,0.004000115871599874
4.9775,0.004045420008644385
4.98,0.004094979118198339
4.9825,0.004149047550793483
4.985,0.004207883358716913
4.9875,0.00427174701192623
4.99,0.004340900052272723
4.9925,0.004415603688441294
4.995,0.004496117333898653
4.9975000000000005,0.0045826970892814956
5.0,0.004675594173770392
5.0025,0.004775053308391897
5.005,0.0048813110557848205
5.0075,0.004994594121518148
5.01,0.005115117622235488
5.0125,0.005243083327071574
5.015,0.005378677879079419
5.0175,0.00552207100474611
5.0200000000000005,0.005673413719305742
5.0225,0.005832836537372543
5.025,0.006000447697532607
5.0275,0.006176331412508063
5.03,0.006360546154770219
5.0325,0.0065531229894837395
5.035,0.006754063966161183
5.0375000000000005,0.0069633405823843475
5.04,0.007180892330666211
5.0425,0.00740662534384029
5.045,0.007640411149740345
5.0475,0.007882085550317441
5.05,0.008131447637325095
5.0525,0.008388258957893413
5.055,0.008652242843488978
5.0575,0.008923083914258001
5.0600000000000005,0.009200427770309716
5.0625,0.00948388088113461
5.065,0.009773010683979066
5.0675,0.010067345899841484
5.07,0.010366377075953892
5.0725,0.010669557360447612
5.075,0.010976303515491281
5.0775,0.011285997171810891
5.08,0.011597986327203103
5.0825000000000005,0.01191158708908091
5.085,0.012226085659605701
5.0875,0.012540740557849261
5.09,0.012854785075546715
5.0925,0.013167429956666865
5.095,0.013477866291591312
5.0975,0.013785268612480195
5.1000000000000005,0.014088798176256745
5.1025,0.01438760641788761
5.105,0.01468083855591118
5.1075,0.014967637329753813
5.11,0.015247146845954518
5.1125,0.01551851650960856
5.115,0.015780905015922997
5.1175,0.016033484375743257
5.12,0.016275443946447865
5.1225000000000005,0.016505994441786243
5.125,0.01672437188927489
5.1275,0.016929841508883214
5.13,0.017121701482643914
5.1325,0.017299286587736162
5.135,0.01746197166490049
5.1375,0.01760917489495739
5.14,0.017740360859029636
5.1425,0.017855043357265288
5.1450000000000005,0.01795278796591049
5.1475,0.018033214310868573
5.15,0.018095998041459893
5.1525,0.0181408724870451
5.155,0.01816762998658561
5.1575,0.018176122879438594
5.16,0.018166264151773248
5.1625000000000005,0.018138027733797912
5.165,0.018091448446092784
5.1675,0.018026621599403825
5.17,0.017943702250782678
5.1725,0.017842904126005976
5.175,0.01772449821645239
5.1775,0.017588811065543553
5.18,0.017436222760501607
5.1825,0.01726716464713718
5.1850000000000005,0.01708211678767313
5.1875,0.016881605184316584
5.19,0.016666198790982634
5.1925,0.016436506339076118
5.195,0.016193173003099304
5.1975,0.015936876932340027
5.2,0.015668325676141848
5.2025,0.015388252529398017
5.205,0.015097412825820555
5.2075000000000005,0.01479658020642205
5.21,0.01448654288880391
5.2125,0.014168099962354574
5.215,0.013842057734116509
5.2175,0.013509226148187281
5.22,0.013170415301203775
5.2225,0.012826432072255756
5.2250000000000005,0.012478076887596501
5.2275,0.01212614063471662
5.23,0.011771401742311838
5.2325,0.011414623437900673
5.235,0.011056551194293718
5.2375,0.010697910374073416
5.24,0.010339404077978287
5.2425,0.009981711203810306
5.245,0.009625484718199573
5.2475000000000005,0.009271350142341817
5.25,0.008919904252813637
5.2525,0.008571713993951846
5.255,0.00822731560043266
5.2575,0.00788721392330416
5.26,0.007551881955627948
5.2625,0.007221760549398937
5.265,0.0068972583163873225
5.2675,0.006578751704001462
5.2700000000000005,0.00626658523676582
5.2725,0.005961071912730986
5.275,0.00566249374569594
5.2775,0.0053711024403018115
5.28,0.00508712019101587
5.2825,0.004810740592096963
5.285,0.004542129648273274
5.2875000000000005,0.004281426874234384
5.29,0.0040287464728780975
5.2925,0.0037841785799699323
5.295,0.003547790566607034
5.2975,0.0033196283872563015
5.3,0.0030997179654663753
5.3025,0.0028880666062285343
5.305,0.0026846644273890163
5.3075,0.0024894858011590415
5.3100000000000005,0.0023024907977822195
5.3125,0.002123626623956376
5.315,0.0019528290495482992
5.3175,0.001790023815878783
5.32,0.0016351280202311358
5.3225,0.0014880514705208903
5.325,0.0013486980064549847
5.3275,0.0012169667812793605
5.33,0.0010927535020766044
5.3325000000000005,0.0009759516241252264
5.335,0.0008664534960090009
5.3375,0.0007641514535539073
5.34,0.0006689388599767643
5.3425,0.0005807110900684087
5.345,0.0004993664574035606
5.3475,0.0004248070820354055
5.3500000000000005,0.00035693969887395927
5.3525,0.0002956764041475157
5.355,0.0002409353406844783
5.3575,0.00019264132073026907
5.36,0.0001507263853610663
5.3625,0.00011513030104043365
5.365,8.580099216679016e-05
5.3675,6.269490999961935e-05
5.37,4.577733744780266e-05
5.3725000000000005,3.502263013352956e-05
5.375,3.0414392666489477e-05
5.3775,3.194559124733518e-05
5.38,3.961860155627869e-05
5.3825,5.344519305829076e-05
5.385,7.34464483420072e-05
5.3875,9.965261868474795e-05
5.39,0.0001321029152667741
5.3925,0.00017084523624127934
5.3950000000000005,0.00021593582975920622
5.3975,0.00026743889324809533
5.4,0.0003254261087020094
5.4025,0.00038997611453983616
5.405,0.0004611739143418614
5.4075,0.000539110222916861
5.41,0.0006238807500533738
5.4125000000000005,0.0007155854231619685
5.415,0.0008143275488130541
5.4175,0.0009202129152030558
5.42,0.001033348836261272
5.4225,0.0011538431392921211
5.425,0.0012818030975885186
5.4275,0.0014173343103220937
5.43,0.0015605395326208082
5.4325,0.0017115174578945513
5.4350000000000005,0.0018703614565698246
5.4375,0.002037158273547668
5.44,0.0022119866901144647
5.4425,0.002394916153432014
5.445,0.0025860053795891957
5.4475,0.0027853009355807146
5.45,0.0029928358058066706
5.4525,0.0032086279497622883
5.455,0.003432678858828808
5.4575000000000005,0.0036649721186527984
5.46,0.0039054719865365684
5.4625,0.004154121990946891
5.465,0.004410843563441347
5.4675,0.0046755347122182656
5.47,0.004948068747301804
5.4725,0.005228293067656153
5.4750000000000005,0.005516028021178343
5.4775,0.005811065847993291
5.48,0.006113169718778622
5.4825,0.006422072878864427
5.485,0.006737477909732448
5.4875,0.007059056118908558
5.49,0.007386447069681168
5.4925,0.007719258260284079
5.495,0.00805706496425529
5.4975000000000005,0.008399410240581773
5.5,0.008745805124419803
5.5025,0.009095729004243935
5.505,0.009448630195194596
5.5075,0.009803926713821909
5.51,0.010161007260791166
5.5125,0.010519232413322754
5.515,0.010877936032034796
5.5175,0.011236426881580996
5.5200000000000005,0.011593990465907922
5.5225,0.011949891075385466
5.525,0.012303374040811832
5.5275,0.012653668188622902
5.53,0.012999988489877268
5.5325,0.013341538893396176
5.535,0.01367751533016559
5.5375000000000005,0.014007108875908614
5.54,0.014329509055770018
5.5425,0.014643907273740098
5.545,0.014949500348336642
5.5475,0.015245494132489767
5.55,0.015531107196188998
5.5525,0.015805574546700285
5.555,0.016068151363633376
5.5575,0.016318116721031117
5.5600000000000005,0.016554777271643673
5.5625,0.016777470864933974
5.565,0.016985570072272083
5.5675,0.017178485591152537
5.57,0.017355669503551496
5.5725,0.017516618360225777
5.575,0.017660876066280196
5.5775,0.01778803654364225
5.58,0.017897746147141902
5.5825000000000005,0.017989705814187573
5.585,0.018063672928043673
5.5875,0.018119462878210868
5.59,0.018156950301886354
5.5925,0.018176069996705735
5.595,0.01817681749405864
5.5975,0.018159249286206602
5.6000000000000005,0.018123482704460514
5.6025,0.01806969544809789
5.605,0.017998124764780243
5.6075,0.01790906629004496
5.61,0.017802872552316273
5.6125,0.01767995115674381
5.615,0.017540762659180587
5.6175,0.017385818149016075
5.62,0.017215676559033
5.6225000000000005,0.017030941722786963
5.625,0.016832259203418687
5.6275,0.016620312917638103
5.63,0.016395821582101178
5.6325,0.016159535008842596
5.635,0.015912230277248085
5.6375,0.01565470781257261
5.64,0.015387787398008612
5.6425,0.015112304151752909
5.6450000000000005,0.014829104494939571
5.6475,0.014539042139759317
5.65,0.014242974124496044
5.6525,0.013941756921362014
5.655,0.013636242641911878
5.6575,0.013327275363220537
5.66,0.013015687595824943
5.6625000000000005,0.012702296912848965
5.665,0.012387902758849378
5.6675,0.012073283453510442
5.67,0.011759193403300117
5.6725,0.011446360532637812
5.675,0.011135483943490954
5.6775,0.010827231810846882
5.68,0.010522239519076493
5.6825,0.010221108041065463
5.6850000000000005,0.009924402561843237
5.6875,0.009632651344247734
5.69,0.009346344836032472
5.6925,0.009065935011928872
5.695,0.00879183494571123
5.6975,0.008524418603720108
5.7,0.008264020851651566
5.7025,0.00801093766591876
5.705,0.007765426537261533
5.7075000000000005,0.00752770705571848
5.71,0.007297961665081232
5.7125,0.007076336573227593
5.715,0.006862942806790784
5.7175,0.006657857395735434
5.72,0.00646112467544846
5.7225,0.006272757692112663
5.7250000000000005,0.006092739698797089
5.7275,0.005921025729300311
5.73,0.005757544237908974
5.7325,0.005602198791256896
5.735,0.005454869802067108
5.7375,0.005315416293067088
5.74,0.005183677680623333
5.7425,0.005059475567831484
5.745,0.0049426155386349535
5.7475000000000005,0.0048328889430644395
5.75,0.00473007466710218
5.7525,0.004633940878255416
5.755,0.00454424674193632
5.7575,0.00446074410173658
5.76,0.004383179118145897
5.7625,0.004311293862141241
5.765,0.004244827858449263
5.7675,0.004183519575780892
5.7700000000000005,0.004127107860795398
5.7725,0.00407533331387544
5.775,0.004027939604017483
5.7775,0.003984674722036452
5.78,0.0039452921709051125
5.7825,0.003909552092121071
5.785,0.003877222328201313
5.7875000000000005,0.0038480794209299063
5.79,0.0038219095454552487
5.7925,0.003798509380542825
5.795,0.0037776869160510707
5.7975,0.003759262197042368
5.8,0.0037430680066523614
5.8025,0.0037289504874097323
5.805,0.00371676970264595
5.8075,0.0037064001381869605
5.8100000000000005,0.003697731145464067
5.8125,0.0036906673271746293
5.815,0.003685128865499432
5.8175,0.0036810517940465
5.82,0.0036783882141534358
5.8225,0.0036771064556712727
5.825,0.0036771911827173077
5.8275,0.003678643444977474
5.83,0.0036814806741317166
5.8325000000000005,0.0036857366258615243
5.835,0.003691461266924767
5.8375,0.003698720607373307
5.84,0.0037075964772513847
5.8425,0.003718186247663513
5.845,0.0037306024950082284
5.8475,0.003744972608429209
5.8500000000000005,0.003761438339057843
5.8525,0.0037801552909197955
5.855,0.003801292352018537
5.8575,0.0038250310652012676
5.86,0.0038515649376391625
5.8625,0.003881098688688134
5.865,0.003913847434674711
5.8675,0.003950035810466268
5.87,0.003989897027338429
5.8725000000000005,0.004033671866729094
5.875,0.004081607609569549
5.8775,0.004133956901959834
5.88,0.004190976556727399
5.8825,0.004252926292697801
5.885,0.004320067411635264
5.8875,0.004392661415584698
5.89,0.004470968565287059
5.8925,0.004555246383409539
5.8950000000000005,0.004645748104669778
5.8975,0.004742721076368639
5.9,0.004846405114200536
5.9025,0.004957030817406505
5.905,0.005074817848250035
5.9075,0.005199973182895334
5.91,0.0053326893397027675
5.9125000000000005,0.005473142591949198
5.915,0.005621491173904758
5.9175,0.005777873488042928
5.92,0.005942406323681482
5.9225,0.006115183096101262
5.925,0.006296272117497281
5.9275,0.0064857149110721934
5.93,0.0066835245790084485
5.9325,0.006889684237762594
5.9350000000000005,0.007104145532494499
5.9375,0.007326827243883116
5.94,0.0075576140001203385
5.9425,0.007796355108180109
5.945,0.008042863516532606
5.9475,0.008296914923107579
5.95,0.008558247041840161
5.9525,0.00882655903978602
5.955,0.009101511156625719
5.9575000000000005,0.009382724518882668
5.96,0.009669781159111324
5.9625,0.009962224249235874
5.965,0.010259558557230264
5.9675,0.010561251134266314
5.97,0.010866732237605703
5.9725,0.011175396494476075
5.9750000000000005,0.01148660430975923
5.9775,0.011799683516777293
5.98,0.012113931271493072
5.9825,0.012428616186788588
5.985,0.012742980701496265
5.9875,0.013056243677748824
5.99,0.013367603215510115
5.9925,0.013676239674275337
5.995,0.013981318887310579
5.9975000000000005,0.014281995553659499
6.0,0.014577416789215647
6.0025,0.014866725816812476
6.005,0.01514906577425279
6.0075,0.015423583616346548
6.01,0.01568943408802781
6.0125,0.015945783739706343
6.015000000000001,0.016191814959960027
6.0175,0.016426729995622225
6.0200000000000005,0.016649754932721805
6.0225,0.0168601436080138
6.025,0.0170571814230982
6.0275,0.01724018903200175
6.03,0.017408525873882752
6.0325,0.017561593524519026
6.035,0.01769883884044532
6.0375000000000005,0.01781975687155324
6.04,0.017923893518300815
6.0425,0.018010847913281225
6.045,0.01808027450928762
6.0475,0.018131884856195768
6.05,0.01816544905491213
6.0525,0.01818079687605234
6.055,0.018177818535605184
6.0575,0.018156465123077226
6.0600000000000005,0.018116748678991712
6.0625,0.018058741924789956
6.065,0.017982577647011055
6.0675,0.017888447742699043
6.07,0.017776601937455894
6.0725,0.017647346185995616
6.075,0.017501040772849308
6.077500000000001,0.017338098128021784
6.08,0.01715898037929975
6.0825000000000005,0.016964196660282482
6.085,0.016754300198705607
6.0875,0.016529885208807826
6.09,0.016291583614425065
6.0925,0.016040061627229818
6.095,0.015776016208722154
6.0975,0.015500171442081268
6.1000000000000005,0.015213274842203361
6.1025,0.014916093630802152
6.105,0.014609411001536898
6.1075,0.014294022402957296
6.11,0.013970731862354313
6.1125,0.013640348375595579
6.115,0.013303682383870807
6.1175,0.012961542358212341
6.12,0.012614731511852995
6.1225000000000005,0.012264044656731699
6.125,0.011910265219430727
6.1275,0.011554162431274051
6.13,0.011196488702410079
6.1325,0.010837977191378911
6.135,0.01047933957651992
6.1375,0.010121264035689137
6.140000000000001,0.009764413437512331
6.1425,0.009409423747548828
6.1450000000000005,0.009056902648104881
6.1475,0.008707428372133563
6.15,0.008361548747156888
6.1525,0.00801978044579954
6.155,0.007682608437843186
6.1575,0.007350485635942761
6.16,0.007023832728517476
6.1625000000000005,0.006703038191510302
6.165,0.006388458468499891
6.1675,0.0060804183106419885
6.17,0.005779211265627637
6.1725,0.005485100303982193
6.175,0.0051983185730328785
6.1775,0.004919070266716119
6.18,0.004647531599843546
6.1825,0.004383851875502387
6.1850000000000005,0.004128154635344217
6.1875,0.0038805388803879737
6.19,0.0036410803531321534
6.1925,0.0034098328695524316
6.195,0.0031868296919528305
6.1975,0.0029720849325594045
6.2,0.0027655949786762335
6.202500000000001,0.0025673399311054723
6.205,0.00237728504825796
6.2075000000000005,0.002195382187227146
6.21,0.002021571235706787
6.2125,0.001855781527869027
6.215,0.0016979332383977308
6.2175,0.0015479387489154561
6.22,0.0014057039821002704
6.2225,0.0012711296989960097
6.2250000000000005,0.001144112755201654
6.2275,0.0010245473125687354
6.23,0.0009123260031222991
6.2325,0.0008073410425608607
6.235,0.0007094852909019789
6.2375,0.0006186532577361348
6.24,0.0005347420509906886
6.2425,0.0004576522669568206
6.245,0.00038728882098659767
6.2475000000000005,0.00032356171747038864
6.25,0.0002663867580071644
6.2525,0.0002156861876770888
6.255,0.00017138927826221284
6.2575,0.0001334328483607039
6.26,0.00010176171982498317
6.2625,7.63291107293701e-05
6.265000000000001,5.709696439815115e-05
6.2675,4.403621385079201e-05
6.2700000000000005,3.712698258005525e-05
6.2725,3.63587209584724e-05
6.275,4.173027858248024e-05
6.2775,5.324991227242254e-05
6.28,7.093522967493993e-05
6.2825,9.48130686763693e-05
6.285,0.0001249193127316195
6.2875000000000005,0.0001612986420985174
6.29,0.00020400422084115855
6.2925,0.00025309731997047447
6.295,0.00030864687630050014
6.2975,0.00037072898834378254
6.3,0.0004394263487292882
6.3025,0.0005148276136579533
6.305,0.0005970267099382198
6.3075,0.000686122080058249
6.3100000000000005,0.0007822158667161183
6.3125,0.0008854130374640334
6.315,0.0009958204504822987
6.3175,0.0011135458631215123
6.32,0.0012386968845485846
6.3225,0.0013713798754473316
6.325,0.0015116987964391981
6.327500000000001,0.0016597540079681394
6.33,0.0018156410249137167
6.3325000000000005,0.0019794492289806342
6.335,0.0021512605432549847
6.3375,0.0023311480735683787
6.34,0.0025191747209420967
6.3425,0.0027153917704785258
6.345,0.00291983746303881
6.3475,0.003132535555185001
6.3500000000000005,0.003353493875684066
6.3525,0.003582702885072564
6.355,0.0038201342462080845
6.3575,0.004065739414404135
6.36,0.004319448255941438
6.3625,0.0045811677051599276
6.365,0.00485078046905052
6.3675,0.0051281437902055416
6.37,0.005413088277780531
6.3725000000000005,0.005705416818443609
6.375,0.006004903577609966
6.3775,0.006311293102914561
6.38,0.006624299540579415
6.3825,0.006943605975639144
6.385,0.007268863907839318
6.3875,0.007599692873480279
6.390000000000001,0.007935680224790076
6.3925,0.008276381075340566
6.3950000000000005,0.008621318421834445
6.3975,0.008969983450025865
6.4,0.00932183603424619
6.4025,0.009676305436439492
6.405,0.010032791210168313
6.4075,0.010390664313788989
6.41,0.010749268436430981
6.4125000000000005,0.011107921539434074
6.415,0.011465917611218401
6.4175,0.011822528635349272
6.42,0.012177006767206677
6.4225,0.01252858671492163
6.425,0.012876488317022705
6.4275,0.013219919307982053
6.43,0.01355807825965627
6.4325,0.013890157686400784
6.4350000000000005,0.01421534729852425
6.4375,0.014532837386983743
6.44,0.01484182232202258
6.4425,0.015141504143826978
6.445,0.015431096224368446
6.4475,0.01570982697660739
6.45,0.015976943586149872
6.452500000000001,0.016231715742527797
6.455,0.01647343933994705
6.4575000000000005,0.016701440123899403
6.46,0.016915077253479183
6.4625,0.017113746754574777
6.465,0.0172968848361279
6.4675,0.01746397104265185
6.47,0.017614531217049034
6.4725,0.017748140249089772
6.4750000000000005,0.017864424586626626
6.4775,0.017963064487659608
6.48,0.018043795992596756
6.4825,0.018106412600246813
6.485,0.018150766630185444
6.4875,0.01817677025972131
6.49,0.018184396225287003
6.4925,0.018173678180090747
6.495,0.018144710703161593
6.4975000000000005,0.01809764895868682
6.5,0.01803270800655099
6.5025,0.01795016176905051
6.505,0.01785034165961008
6.5075,0.017733634885800598
6.51,0.017600482437266862
6.5125,0.01745137677588815
6.515000000000001,0.017286859245082553
6.5175,0.01710751721930137
6.5200000000000005,0.01691398101588959
6.5225,0.01670692059284562
6.525,0.016487042058322743
6.5275,0.01625508401914999
6.53,0.016011813796154684
6.5325,0.01575802353391964
6.535,0.015494526235006134
6.5375000000000005,0.015222151746286272
6.54,0.014941742726868767
6.5425,0.01465415062533637
6.545,0.014360231694819703
6.5475,0.014060843070058837
6.55,0.013756838933666415
6.5525,0.013449066794297693
6.555,0.013138363898871575
6.5575,0.012825553799725498
6.5600000000000005,0.012511443094101793
6.5625,0.012196818352993688
6.565,0.011882443253345087
6.5675,0.01156905592546309
6.57,0.011257366527146928
6.5725,0.010948055049357919
6.575,0.010641769362536024
6.577500000000001,0.010339123503761982
6.58,0.010040696208989175
6.5825000000000005,0.009747029688810471
6.585,0.009458628645475642
6.5875,0.009175959527578215
6.59,0.008899450016045307
6.5925,0.00862948873626479
6.595,0.008366425186196125
6.5975,0.008110569872389561
6.6000000000000005,0.007862194642463294
6.6025,0.0076215332036504435
6.605,0.007388781815190981
6.6075,0.007164100142043495
6.61,0.006947612256791302
6.6125,0.006739407777546447
6.615,0.006539543126988789
6.6175,0.006348042900503614
6.62,0.006164901330480532
6.6225000000000005,0.005990083832401183
6.625,0.005823528620902962
6.6275,0.005665148383794616
6.63,0.005514832001441761
6.6325,0.005372446300485834
6.635,0.005237837831673531
6.6375,0.005110834660202457
6.640000000000001,0.004991248160619577
6.6425,0.004878874806237832
6.6450000000000005,0.004773497945623539
6.6475,0.004674889558451412
6.65,0.004582811983205204
6.6525,0.004497019611700459
6.655,0.004417260543800872
6.6575,0.0043432781987009506
6.66,0.004274812877367751
6.6625000000000005,0.004211603272867848
6.665,0.004153387925971863
6.6675,0.004099906622737848
6.67,0.004050901732385981
6.6725,0.0040061194840701475
6.675,0.003965311180559539
6.6775,0.003928234348741455
6.68,0.0038946538260393737
6.6825,0.003864342782710528
6.6850000000000005,0.003837083680021891
6.6875,0.003812669164389826
6.69,0.003790902898160642
6.6925,0.003771600327429292
6.695,0.003754589387830354
6.6975,0.003739711148716962
6.7,0.003726820397024322
6.702500000000001,0.0037157861611706866
6.705,0.0037064921759138447
6.7075000000000005,0.003698837289656587
6.71,0.003692735813960818
6.7125,0.003688117816489367
6.715,0.0036849293581083797
6.7175,0.003683132674486486
6.72,0.0036827063023483677
6.7225,0.003683645151130427
6.7250000000000005,0.0036859605200990977
6.7275,0.003689680060603745
6.73,0.003694847683704622
6.7325,0.0037015234131957675
6.735,0.003709783182981763
6.7375,0.00371971857919412
6.74,0.003731436525492793
6.7425,0.0037450589121962308
6.745,0.0037607221672528723
6.7475000000000005,0.0037785767691784766
6.75,0.003798786700549339
6.7525,0.0038215288415948123
6.755,0.0038469923027015795
6.7575,0.003875377695581772
6.76,0.0039068963416122315
6.7625,0.003941769417186158
6.765000000000001,0.003980227035611517
6.7675,0.004022507264630271
6.7700000000000005,0.004068855080225031
6.7725,0.004119521255770309
6.775,0.004174761187782039
6.7775,0.004234833658341763
6.78,0.004299999535150256
6.7825,0.004370520411029588
6.785,0.004446657184252523
6.7875000000000005,0.004528668581997408
6.79,0.004616809629923502
6.7925,0.004711330071106801
6.795,0.004812472737849127
6.7975,0.004920471881414201
6.8,0.005035551464438015
6.8025,0.00515792342165966
6.805,0.005287785895781383
6.8075,0.00542532145521335
6.8100000000000005,0.005570695301624795
6.8125,0.0057240534756495265
6.815,0.005885521070030819
6.8175,0.006055200460107102
6.82,0.006233169561388863
6.8225,0.006419480125950727
6.825,0.006614156089128187
6.827500000000001,0.00681719197803865
6.83,0.007028551394883564
6.8325000000000005,0.007248165587537159
6.835,0.007475932120556195
6.8375,0.007711713660597752
6.84,0.007955336887512487
6.8425,0.008206591547466502
6.845,0.0084652296578831
6.8475,0.008730964879042347
6.8500000000000005,0.009003472064556206
6.8525,0.00928238700078765
6.855,0.009567306348507998
6.8575,0.009857787794807393
6.86,0.010153350424637608
6.8625,0.01045347532168961
6.865,0.010757606402080455
6.8675,0.01106515148774534
6.87,0.011375483621950622
6.8725000000000005,0.011687942629549752
6.875,0.012001836920184417
6.8775,0.012316445533286924
6.88,0.01263102041976083
6.8825,0.012944788954722952
6.885,0.01325695667175708
6.8875,0.013566710208618105
6.890000000000001,0.01387322045163586
6.8925,0.01417564586267872
6.8950000000000005,0.014473135972718154
6.8975,0.014764835022226919
6.9,0.015049885727915324
6.9025,0.015327433152499736
6.905,0.015596628654247269
6.9075,0.015856633889228533
6.91,0.016106624840908523
6.9125000000000005,0.016345795848110356
6.915,0.016573363604365454
6.9175,0.01678857109885712
6.92,0.016990691470489594
6.9225,0.017179031745229167
6.925,0.01735293643093172
6.9275,0.017511790939558125
6.93,0.01765502481225667
6.9325,0.01778211472139901
6.9350000000000005,0.017892587225240675
6.9375,0.017986021255865126
6.94,0.01806205031877539
6.9425,0.018120364388508392
6.945,0.018160711484966896
6.9475,0.01818289891818381
6.95,0.0181867941933902
6.952500000000001,0.018172325569977943
6.955,0.018139482270605356
6.9575000000000005,0.018088314340850786
6.96,0.018018932161908197
6.9625,0.01793150562210144
6.965,0.017826262955956906
6.9675,0.017703489262878236
6.97,0.01756352471763023
6.9725,0.017406762490857375
6.9750000000000005,0.017233646397386337
6.9775,0.0170446682931491
6.98,0.016840365243172783
6.9825,0.016621316484737747
6.985,0.01638814021027457
6.9875,0.016141490196790897
6.99,0.015882052308359818
6.9925,0.015610540898492786
6.995,0.01532769514056298
6.9975000000000005,0.015034275312260093
7.0,0.014731059061478646
7.0025,0.014418837679652796
7.005,0.014098412407999916
7.0075,0.013770590799456528
7.01,0.013436183160141724
7.0125,0.013095999091611077
7.015000000000001,0.01275084415305372
7.0175,0.012401516661970646
7.0200000000000005,0.012048804648788547
7.0225,0.01169348297989714
7.025,0.011336310661796745
7.0275,0.010978028336516843
7.03,0.01061935597645558
7.0325,0.010260990785880608
7.035,0.009903605312086228
7.0375000000000005,0.009547845771333385
7.04,0.009194330588208288
7.0425,0.008843649150122701
7.045,0.008496360772763722
7.0475,0.008152993873892456
7.05,0.007814045350428955
7.0525,0.00747998015206619
7.055,0.007151231046071516
7.0575,0.006828198562301324
7.0600000000000005,0.00651125111170181
7.0625,0.0062007252673321744
7.065,0.005896926198721175
7.0675,0.005600128248230973
7.07,0.005310575638604931
7.0725,0.005028483300280939
7.075,0.004754037808279321
7.077500000000001,0.004487398415673027
7.08,0.004228698174483014
7.0825000000000005,0.00397804513086264
7.085,0.003735523585786993
7.0875,0.0035011954097257103
7.09,0.0032751014010816704
7.0925,0.00305726267928641
7.095,0.002847682102799176
7.0975,0.0026463457040302174
7.1000000000000005,0.002453224131895304
7.1025,0.0022682740950363822
7.105,0.00209143979759574
7.1075,0.0019226543622918868
7.11,0.0017618412329731825
7.1125,0.0016089155522207577
7.115,0.0014637855080437134
7.1175,0.001326353645601408
7.12,0.0011965181386655033
7.1225000000000005,0.0010741740191062554
7.125,0.00095921435876134
7.1275,0.0008515314022292664
7.13,0.0007510176472962371
7.1325,0.0006575668713397764
7.135,0.0005710751013883186
7.1375,0.0004914415265757643
7.140000000000001,0.0004185693510627697
7.1425,0.0003523665865151626
7.1450000000000005,0.0002927467839177744
7.1475,0.00023962970299118425
7.15,0.00019294191913288294
7.1525,0.00015261736705440843
7.155,0.00011859782136011687
7.1575,9.08333130678618e-05
7.16,6.928248268579795e-05
7.1625000000000005,5.391286881872154e-05
7.165,4.4701133007902724e-05
7.1675,4.1633220134447515e-05
7.17,4.470445458070599e-05
7.1725,5.3919572486668677e-05
7.175,6.929268954559975e-05
7.1775,9.084720435656446e-05
7.18,0.0001186156379321679
7.1825,0.0001526394085161753
7.1850000000000005,0.00019296854306932731
7.1875,0.00023966132414843244
7.19,0.00029278387281028717
7.1925,0.00035240966808069984
7.195,0.00041861900309903
7.1975,0.0004914983780657245
7.2,0.0005711398305907611
7.202500000000001,0.0006576402040678886
7.205,0.0007511003546882833
7.2075000000000005,0.0008516242981921884
7.21,0.0009593182977152281
7.2125,0.0010742898934208434
7.215,0.0011966468761932525
7.2175,0.0013264962066839026
7.22,0.0014639428827325496
7.2225,0.0016090887569308876
7.2250000000000005,0.0017620313078170469
7.2275,0.0019228623677580714
7.23,0.0020916668113377668
7.2325,0.0022685212084692097
7.235,0.0024534924468859742
7.2375,0.002646636329344254
7.24,0.0028479961510168295
7.2425,0.003057601263086518
7.245,0.003275465629927865
7.2475000000000005,0.0035015863862160046
7.25,0.0037359424024234755
7.2525,0.003978492866695049
7.255,0.004229175891801162
7.2575,0.0044879071567596185
7.26,0.004754578591974479
7.2625,0.005029057119282143
7.265000000000001,0.005311183456340629
7.2675,0.005600770996206705
7.2700000000000005,0.0058976047736614134
7.2725,0.006201440528860402
7.275,0.006512003879874939
7.2775,0.0068289896154460905
7.28,0.007152061118919306
7.2825,0.00748084993429643
7.285,0.007814955484882091
7.2875000000000005,0.008153944955552106
7.29,0.008497353347291181
7.2925,0.008844683713665091
7.295,0.009195407586823023
7.2975,0.009548965600874482
7.3,0.009904768318271806
7.3025,0.010262197264246709
7.305,0.010620606173603164
7.3075,0.01097932245069444
7.3100000000000005,0.011337648844683912
7.3125,0.011694865337656069
7.315,0.012050231243765808
7.3175,0.012402987514793296
7.32,0.012752359245101985
7.3225,0.013097558367661577
7.325,0.013437786531174112
7.327500000000001,0.013772238145016047
7.33,0.014100103579657741
7.3325000000000005,0.014420572504327822
7.335,0.01473283734526376
7.3375,0.01503609684383278
7.34,0.015329559694425399
7.3425,0.015612448238890408
7.345,0.015884002193381264
7.3475,0.01614348238209118
7.3500000000000005,0.016390174452670436
7.3525,0.01662339254600198
7.355,0.016842482893675736
7.3575,0.01704682731570628
7.36,0.017235846590381243
7.3625,0.017409003671581047
7.365,0.017565806725308164
7.3675,0.017705811961711504
7.37,0.017828626237786693
7.3725000000000005,0.017933909408569093
7.375,0.01802137640672896
7.3775,0.018090799031433846
7.38,0.018142007429666762
7.3825,0.018174891256656167
7.385,0.018189400504162734
7.3875,0.018185545986980856
7.390000000000001,0.018163399483782428
7.3925,0.018123093526639877
7.3950000000000005,0.018064820842276674
7.3975,0.017988833446906938
7.4,0.017895441400526124
7.4025,0.01778501123033749
7.405,0.017657964035400653
7.4075,0.017514773285654428
7.41,0.017355962335010133
7.4125000000000005,0.017182101665277116
7.415,0.016993805884226276
7.4175,0.016791730500528956
7.42,0.016576568500980216
7.4225,0.016349046755991026
7.425,0.016109922281614786
7.4275,0.015859978385190487
7.43,0.015600020724640729
7.4325,0.01533087330935956
7.4350000000000005,0.015053374471690972
7.4375,0.014768372837668409
7.44,0.014476723324371221
7.4425,0.014179283190689063
7.445,0.013876908167841151
7.4475,0.013570448692547643
7.45,0.013260746266752221
7.452500000000001,0.012948629964267155
7.455,0.012634913103841683
7.4575000000000005,0.012320390105195145
7.46,0.012005833543653921
7.4625,0.011691991415702319
7.465,0.011379584626837413
7.4675,0.011069304710012773
7.47,0.010761811781144104
7.4725,0.01045773273592232
7.4750000000000005,0.010157659690136711
7.4775,0.009862148664229409
7.48,0.009571718510642313
7.4825,0.009286850079206488
7.485,0.009007985618641356
7.4875,0.008735528403793325
7.49,0.008469842584126752
7.4925,0.008211253242926375
7.495,0.007960046657814246
7.4975000000000005,0.007716470750729343
7.5,0.007480735716601572
7.5025,0.007253014818548564
7.505,0.007033445334897692
7.5075,0.0068221296484551885
7.51,0.006619136461642583
7.5125,0.0064245021252666845
7.515000000000001,0.006238232068122684
7.5175,0.00606030231394783
7.5200000000000005,0.005890661073074455
7.5225,0.005729230395910889
7.525,0.005575907876899322
7.5275,0.005430568396402435
7.53,0.005293065890672466
7.5325,0.005163235139018951
7.535,0.0050408935577817005
7.5375000000000005,0.004925842993097618
7.54,0.004817871502862836
7.5425,0.004716755121100924
7.545,0.0046222595971547875
7.5475,0.004534142103405969
7.55,0.004452152905328077
7.5525,0.004376036989760301
7.555,0.004305535645636738
7.5575,0.00424038799469173
7.5600000000000005,0.004180332467829118
7.5625,0.004125108224612539
7.565,0.004074456513747382
7.5675,0.004028121972879717
7.57,0.00398585386588568
7.5725,0.003947407257394175
7.575,0.003912544123404693
7.577500000000001,0.0038810343969410965
7.58,0.003852656950861233
7.5825000000000005,0.0038272005154906807
7.585,0.003804464533468721
7.5875,0.0037842599509090302
7.59,0.003766409946317162
7.5925,0.0037507505975811206
7.595,0.0037371314887840734
7.5975,0.003725416255918601
7.6000000000000005,0.0037154830742762712
7.6025,0.0037072250869690793
7.605,0.0037005507758327005
7.6075,0.0036953842757605493
7.61,0.0036916656326709124
7.6125,0.0036893510055851664
7.615,0.0036884128138333543
7.6175,0.0036888398289592304
7.62,0.003690637212366933
7.6225000000000005,0.0036938264979540225
7.625,0.003698445520540994
7.6275,0.003704548289174464
7.63,0.003712204805327024
7.6325,0.0037215008257812654
7.635,0.003732537569444805
7.6375,0.0037454313676028583
7.640000000000001,0.0037603132566566
7.6425,0.0037773285127453704
7.6450000000000005,0.003796636127956443
7.6475,0.003818408226081038
7.65,0.003842829418492677
7.6525,0.0038700960982005483
7.655,0.0039004156715742866
7.6575,0.00393400572770819
7.66,0.003971093143920079
7.6625000000000005,0.004011913127574651
7.665,0.00405670819369508
7.6675,0.00410572707823853
7.67,0.004159223587772765
7.6725,0.004217455385061797
7.675,0.004280682712788142
7.6775,0.004349167055574199
7.68,0.004423169741853528
7.6825,0.004502950488490143
7.6850000000000005,0.004588765890482627
7.6875,0.004680867857923765
7.69,0.00477950200542665
7.6925,0.004884905996895839
7.695,0.004997307851116517
7.6975,0.005116924213721674
7.7,0.005243958601937493
7.702500000000001,0.005378599627649194
7.705,0.005521019208190481
7.7075000000000005,0.00567137077167601
7.71,0.005829787466062442
7.7125,0.005996380382105926
7.715,0.006171236799527691
7.7175,0.006354418467594769
7.72,0.006545959931434808
7.7225,0.006745866916039844
7.7250000000000005,0.0069541147798943825
7.7275,0.00717064705178494
7.73,0.007395374062316051
7.7325,0.007628171684881835
7.735,0.007868880198312667
7.7375,0.008117303285189337
7.74,0.00837320717806378
7.742500000000001,0.008636319968076123
7.745,0.008906331085938746
7.7475000000000005,0.00918289096993874
7.75,0.00946561093024556
7.7525,0.009754063221173226
7.755,0.01004778132961448
7.7575,0.010346260488940828
7.76,0.010648958424628319
7.7625,0.010955296337645137
7.765000000000001,0.011264660129086224
7.7675,0.011576401868769182
7.7700000000000005,0.01188984150728345
7.7725,0.012204268830622311
7.775,0.01251894565430689
7.7775,0.012833108250486447
7.78,0.013145970000085327
7.7825,0.013456724260855424
7.785,0.013764547438974262
7.7875000000000005,0.014068602249217577
7.79,0.014368041148713928
7.7925,0.014662009924691688
7.795,0.014949651416102938
7.7975,0.015230109347765364
7.8,0.015502532252856582
7.8025,0.015766077458870598
7.805000000000001,0.016019915109438898
7.8075,0.01626323219707615
7.8100000000000005,0.016495236576048455
7.8125,0.016715160928498562
7.815,0.016922266654709972
7.8175,0.017115847657777294
7.82,0.017295233994417458
7.8225,0.01745979536544695
7.825,0.01760894441748917
7.827500000000001,0.017742139831739223
7.83,0.017858889173808734
7.8325000000000005,0.01795875148354753
7.835,0.018041339585259664
7.8375,0.01810632209874541
7.84,0.018153425137342083
7.8425,0.01818243367736727
7.845,0.0181931925916885
7.8475,0.018185607338701004
7.8500000000000005,0.018159644302798483
7.8525,0.018115330784929995
7.855,0.01805275464450773
7.8575,0.01797206359760395
7.86,0.01787346417990676
7.8625,0.017757220383430194
7.865,0.01762365198116811
7.867500000000001,0.017473132553938342
7.87,0.017306087237905388
7.8725000000000005,0.017122990213433553
7.875,0.016924361956363043
7.8775,0.016710766274897537
7.88,0.01648280715700068
7.8825,0.016241125453777983
7.885,0.015986395426491384
7.8875,0.01571932118385888
7.890000000000001,0.015440633035751716
7.8925,0.01515108379183161
7.8950000000000005,0.014851445030913624
7.8975,0.014542503368904391
7.9,0.01422505674978325
7.9025,0.013899910784211045
7.905,0.013567875157985299
7.9075,0.013229760134688462
7.91,0.012886373170402976
7.9125000000000005,0.012538515660736493
7.915,0.01218697983612671
7.9175,0.011832545820016804
7.92,0.011475978863572323
7.9225,0.011118026769008083
7.925,0.010759417508477753
7.9275,0.010400857047638823
7.930000000000001,0.01004302737769791
7.9325,0.0096865847606864
7.9350000000000005,0.009332158189099715
7.9375,0.008980348059832721
7.94,0.008631725060990192
7.9425,0.008286829268097762
7.945,0.007946169445563811
7.9475,0.007610222547810963
7.95,0.007279433413266645
7.952500000000001,0.0069542146426080365
7.955,0.006634946653662155
7.9575000000000005,0.006321977902610243
7.96,0.006015625262199009
7.9625,0.005716174546131825
7.965,0.005423881168743705
7.9675,0.005138970928896924
7.97,0.0048616409069079936
7.9725,0.004592060463368242
7.9750000000000005,0.004330372328542609
7.9775,0.004076693771056128
7.98,0.003831117835096265
7.9825,0.003593714636220824
7.985,0.003364532704383194
7.9875,0.0031436003656031275
7.99,0.002930927151290952
7.992500000000001,0.0027265052276543855
7.995,0.002530310836909244
7.9975000000000005,0.002342305740676842
8.0,0.0021624386594956135
8.0025,0.001990646701564458
8.005,0.0018268567732064867
8.0075,0.0016709869670101796
8.01,0.0015229479204599272
8.0125,0.0013826441411537438
8.015,0.0012499752938581743
8.0175,0.001124837446246918
8.02,0.0010071242688165505
8.0225,0.0008967281866962828
8.025,0.0007935414795654516
8.0275,0.0006974573286964159
8.03,0.0006083708083999273
8.0325,0.0005261798200981715
8.035,0.00045078596780334657
8.0375,0.00038209537339772837
8.040000000000001,0.00032001943113824094
8.0425,0.0002644755004305166
8.045,0.00021538753646377362
8.0475,0.00017268665760938884
8.05,0.0001363116495692318
8.0525,0.00010620940573691229
8.055,8.233530436972669e-05
8.057500000000001,6.46535211205751e-05
8.06,5.31372779998332e-05
8.0625,4.77690278356392e-05
8.065,4.8540574263663226e-05
8.0675,5.5453128285875425e-05
8.07,6.851729995140804e-05
8.0725,8.775302604632773e-05
8.075,0.00011318943334881482
8.0775,0.00014486463774243674
8.08,0.00018282547947823247
8.0825,0.00022712719404671677
8.085,0.0002778330192302336
8.0875,0.00033501373823285885
8.09,0.00039874715948728934
8.0925,0.00046911753324141436
8.095,0.0005462149053030441
8.0975,0.0006301344085721805
8.1,0.0007209754928430012
8.102500000000001,0.0008188410941367685
8.105,0.0009238367443411555
8.1075,0.0010360696225624189
8.11,0.0011556475497109808
8.1125,0.001282677927305631
8.115,0.001417266624399005
8.1175,0.0015595168133142323
8.120000000000001,0.0017095277579288748
8.1225,0.0018673935573154665
8.125,0.0020332018483983916
8.1275,0.0022070324717198275
8.13,0.0023889561048671126
8.1325,0.00257903286882577
8.135,0.002777310911707964
8.1375,0.0029838249768143754
8.14,0.0031985949613746456
8.1425,0.0034216244728568768
8.145,0.003652899390589326
8.1475,0.0038923864402953257
8.15,0.004140031790658583
8.1525,0.004395759680436484
8.155,0.004659471086727152
8.1575,0.004931042443189426
8.16,0.005210324418801093
8.1625,0.0054971407680053375
8.165000000000001,0.005791287263285483
8.1675,0.0060925307211547874
8.17,0.006400608132700825
8.1725,0.006715225909678324
8.175,0.007036059258265226
8.1775,0.007362751690230596
8.18,0.0076949146835794124
8.182500000000001,0.008032127502289654
8.185,0.0083739371853504
8.1875,0.00871985871387082
8.19,0.009069375364941124
8.1925,0.00942193926081103
8.195,0.009776972118380911
8.1975,0.010133866205240594
8.2,0.010491985506462242
8.2025,0.010850667104513434
8.205,0.011209222774294147
8.2075,0.011566940791126967
8.21,0.011923087952055766
8.2125,0.012276911804001145
8.215,0.012627643075322936
8.2175,0.012974498301389303
8.22,0.013316682635160504
8.2225,0.013653392830743627
8.225,0.013983820387281298
8.227500000000001,0.014307154837386094
8.23,0.014622587162506306
8.2325,0.014929313315985127
8.235,0.01522653783351302
8.2375,0.015513477509017548
8.24,0.015789365112695464
8.2425,0.01605345312515638
8.245000000000001,0.016305017462435956
8.2475,0.016543361166128534
8.25,0.016767818031098614
8.2525,0.01697775614380248
8.255,0.017172581303753987
8.2575,0.0173517403003558
8.26,0.017514724020294636
8.2625,0.01766107035913933
8.265,0.017790366912400657
8.2675,0.01790225342433871
8.27,0.01799642397080703
8.2725,0.01807262885893124
8.275,0.01813067622567388
8.2775,0.018170433320065627
8.28,0.018191827457243903
8.2825,0.018194846633626582
8.285,0.018179539797024802
8.2875,0.018146016768788797
8.290000000000001,0.01809444781518721
8.2925,0.01802506287135941
8.295,0.017938150422025956
8.2975,0.01783405604781052
8.3,0.017713180647547233
8.3025,0.017575978350187427
8.305,0.01742295413302486
8.307500000000001,0.0172546611633706
8.31,0.017071697886322568
8.3125,0.01687470488062104
8.315,0.016664361507082504
8.3175,0.01644138237463011
8.32,0.016206513653092003
8.3225,0.015960529259213985
8.325,0.015704226945015165
8.3275,0.015438424316741362
8.33,0.015163954814489955
8.3325,0.01488166367923327
8.335,0.01459240393782224
8.3375,0.014297032430263812
8.34,0.013996405907594323
8.3425,0.013691377223718604
8.345,0.013382791645156544
8.3475,0.013071483300208797
8.35,0.012758271787987496
8.352500000000001,0.012443958963768154
8.355,0.012129325917605627
8.3575,0.011815130159483545
8.36,0.011502103022721144
8.3625,0.01119094729532577
8.365,0.010882335086130013
8.3675,0.010576905930633984
8.370000000000001,0.010275265139991774
8.3725,0.009977982394218543
8.375,0.009685590578797587
8.3775,0.009398584861877168
8.38,0.009117422007356879
8.3825,0.008842519918626834
8.385,0.008574257405133068
8.3875,0.008312974163992237
8.39,0.008058970966192902
8.3925,0.007812510037012999
8.395,0.007573815619103641
8.3975,0.007343074706362529
8.4,0.007120437936380952
8.4025,0.006906020627607035
8.405,0.0066999039489541445
8.4075,0.006502136207133802
8.41,0.006312734240614404
8.4125,0.006131684905202661
8.415000000000001,0.0059589466391241075
8.4175,0.005794451094748965
8.42,0.005638104825113288
8.4225,0.005489791012740497
8.425,0.005349371230527922
8.4275,0.005216687223869698
8.43,0.005091562702691732
8.432500000000001,0.004973805135822573
8.435,0.004863207538207348
8.4375,0.0047595502425732406
8.44,0.00466260264887719
8.4425,0.004572124944465017
8.445,0.004487869788883714
8.4475,0.0044095839582070084
8.45,0.004337009944501702
8.4525,0.004269887505438774
8.455,0.004207955161103172
8.4575,0.004150951635447875
8.46,0.004098617238953217
8.4625,0.004050695191426978
8.465,0.0040069328828034045
8.4675,0.003967083071319433
8.47,0.003930905017804687
8.4725,0.003898165556087463
8.475,0.0038686400993497294
8.477500000000001,0.003842113581872697
8.48,0.0038183813374301767
8.4825,0.003797249914316403
8.485,0.00377853782730464
8.4875,0.003762076248174262
8.49,0.0037477096343976335
8.4925,0.0037352962981621607
8.495000000000001,0.003724708915021302
8.4975,0.0037158349747967168
8.5,0.0037085771737310758
8.5025,0.0037028537500992387
8.505,0.0036985987630049275
8.5075,0.0036957623154522806
8.51,0.003694310722127763
8.5125,0.003694226621967677
8.515,0.0036955090359249917
8.5175,0.0036981733705343245
8.52,0.003702251366274306
8.5225,0.0037077909918561414
8.525,0.003714856283014656
8.5275,0.0037235271261339964
8.53,0.003733898986144346
8.5325,0.0037460825779986884
8.535,0.0037602034811105023
8.5375,0.003776401695884002
8.540000000000001,0.0037948311417579372
8.5425,0.003815659095887325
8.545,0.0038390655712372546
8.5475,0.0038652426342449253
8.55,0.003894393659819695
8.5525,0.00392673252415543
8.555,0.0039624827341877555
8.557500000000001,0.004001876493281653
8.56,0.00404515370298375
8.5625,0.0040925609004887065
8.565,0.0041443501317735
8.5675,0.004200777761501406
8.57,0.00426210321940701
8.5725,0.0043285876855501115
8.575000000000001,0.004400492714436766
8.5775,0.004478078800840279
8.58,0.00456160388946536
8.5825,0.00465132183163508
8.585,0.004747480791864156
8.5875,0.0048503216088739975
8.59,0.004960076115317236
8.5925,0.005076965421503488
8.595,0.005201198169542565
8.5975,0.0053329687638310475
8.6,0.005472455585612934
8.602500000000001,0.005619819199184306
8.605,0.005775200558334248
8.6075,0.00593871922322009
8.61,0.0061104715964717116
8.6125,0.006290529189639571
8.615,0.006478936931015866
8.6175,0.0066757115264337585
8.620000000000001,0.006880839885530676
8.6225,0.0070942776259190765
8.625,0.007315947667535738
8.6275,0.007545738931128199
8.63,0.00778350515375692
8.6325,0.008029063834918304
8.635,0.008282195325474362
8.637500000000001,0.008542642074232276
8.64,0.008810108042780485
8.6425,0.009084258302205939
8.645,0.009364718822670426
8.6475,0.009651076466091979
8.65,0.009942879193374665
8.6525,0.010239636492460846
8.655,0.010540820036368359
8.6575,0.010845864577198938
8.66,0.011154169080036525
8.6625,0.011465098099961324
8.665000000000001,0.011777983402673442
8.6675,0.01209212582939756
8.67,0.012406797400853264
8.6725,0.012721243658599946
8.675,0.013034686233467596
8.6775,0.013346325634337575
8.68,0.01365534424498449
8.682500000000001,0.013960909515400743
8.685,0.014262177332440729
8.6875,0.014558295552351552
8.69,0.01484840767466622
8.6925,0.015131656636903301
8.695,0.015407188706905828
8.6975,0.015674157447627124
8.700000000000001,0.015931727729508793
8.7025,0.01617907976162769
8.705,0.016415413115630884
8.7075,0.016639950713006613
8.71,0.01685194274651991
8.7125,0.01705067050843212
8.715,0.017235450094368332
8.7175,0.01740563595740241
8.72,0.017560624283028403
8.7225,0.0176998561612578
8.725,0.017822820527975125
8.727500000000001,0.017929056855173542
8.73,0.01801815756793701
8.7325,0.01808977016972335
8.735,0.0181435990589236
8.7375,0.01817940702289178
8.74,0.018197016398630694
8.7425,0.018196309891280293
8.745000000000001,0.01817723104519331
8.7475,0.018139784365928335
8.75,0.0180840350921585
8.7525,0.01801010862199348
8.755,0.017918189600464984
8.7575,0.017808520677164097
8.76,0.017681400945591008
8.762500000000001,0.017537184079778
8.765,0.017376276184826622
8.7675,0.017199133379627085
8.77,0.017006259134557666
8.7725,0.01679820138567578
8.775,0.01657554945028039
8.7775,0.016338930768835525
8.78,0.016089007499989094
8.7825,0.015826472995424723
8.785,0.01555204818164313
8.7875,0.015266477875972129
8.790000000000001,0.01497052706453772
8.7925,0.014664977167015536
8.795,0.014350622316555928
8.7975,0.014028265676770957
8.8,0.01369871582213733
8.8025,0.013362783203135109
8.805,0.013021276716365549
8.807500000000001,0.012675000399919867
8.81,0.012324750271066165
8.8125,0.011971311322202638
8.815,0.011615454687806448
8.8175,0.011257934996212526
8.82,0.010899487913938799
8.8225,0.010540827891947657
8.825000000000001,0.010182646119115901
8.8275,0.009825608687602738
8.83,0.009470354971657713
8.8325,0.009117496221698218
8.835,0.00876761437156759
8.8375,0.008421261056831497
8.84,0.00807895683965043
8.8425,0.007741190636352258
8.845,0.007408419339697048
8.8475,0.007081067629268745
8.85,0.006759527961138545
8.852500000000001,0.006444160727690829
8.855,0.006135294578877293
8.8575,0.005833226892542953
8.86,0.005538224384965318
8.8625,0.0052505238494013895
8.865,0.004970333012012773
8.8675,0.00469783149384817
8.870000000000001,0.0044331718678272125
8.8725,0.004176480798687265
8.875,0.0039278602559367215
8.8775,0.003687388788984336
8.88,0.003455122853486259
8.8825,0.003231098179732328
8.885,0.0030153311726843768
8.887500000000001,0.0028078203352217557
8.89,0.0026085477052459893
8.8925,0.0024174802995418077
8.895,0.002234571555615794
8.8975,0.0020597627650973394
8.9,0.0018929844918185168
8.9025,0.0017341579691434461
8.905,0.0015831964698129752
8.9075,0.0014400066446862425
8.91,0.0013044898242560166
8.9125,0.0011765432806329912
8.915000000000001,0.0010560614445935812
8.9175,0.0009429370759765909
8.92,0.0008370623832654189
8.9225,0.0007383300908365698
8.925,0.0006466344513818001
8.9275,0.0005618722015725552
8.93,0.00048394345956936924
8.932500000000001,0.0004127525631116846
8.935,0.00034820884700581534
8.9375,0.0002902273590087434
8.94,0.00023872951364212192
8.9425,0.00019364368350299754
8.945,0.00015490572704762728
8.9475,0.00012245945310301876
8.950000000000001,9.625702149321236e-05
8.9525,7.625927986192049e-05
8.955,6.243603639492779e-05
8.9575,5.476626852087517e-05
8.96,5.323826727927667e-05
8.9625,5.784971724480045e-05
8.965,6.860771265562032e-05
8.9675,8.552870909625532e-05
8.97,0.00010863841103445071
8.9725,0.00013797159470360643
8.975,0.00017357186751532083
8.977500000000001,0.00021549136265430757
8.98,0.00026379037039747644
8.9825,0.00031853690513083954
8.985,0.0003798062087991827
8.9875,0.00044768019099450385
8.99,0.0005222468061858443
8.9925,0.000603599368529828
8.995000000000001,0.0006918358049627926
8.9975,0.0007870578469053591
9.0,0.0008893701619272498
9.0025,0.0009988794268687151
9.005,0.0011156933434137706
9.0075,0.0012399195981016575
9.01,0.0013716647679142824
9.012500000000001,0.0015110331748147132
9.015,0.0016581256914518505
9.0175,0.0018130385016021933
9.02,0.001975861817342661
9.0225,0.002146678558381687
9.025,0.002325562996521313
9.0275,0.002512579371988899
9.03,0.0027077804847506215
9.0325,0.0029112062681742046
9.035,0.0031228823500599745
9.0375,0.003342818608832232
9.040000000000001,0.003571007732357856
9.0425,0.0038074237869452077
9.045,0.004052020804534706
9.0475,0.004304731397335004
9.05,0.004565465409037017
9.0525,0.00483410861355793
9.055,0.005110521469740448
9.057500000000001,0.00539453794392486
9.06,0.005685964409911648
9.0625,0.005984578638575044
9.065,0.006290128887791013
9.0675,0.006602333104579472
9.07,0.006920878249468743
9.0725,0.007245419754827509
9.075000000000001,0.007575581127952091
9.0775,0.007910953710339896
9.08,0.008251096602240438
9.0825,0.008595536762211253
9.085,0.008943769289871284
9.0875,0.009295257900738818
9.09,0.009649435600088907
9.0925,0.010005705561546563
9.095,0.010363442214568863
9.0975,0.010721992543949455
9.1,0.011080677603846567
9.102500000000001,0.011438794246604544
9.105,0.01179561706453569
9.1075,0.012150400541639073
9.11,0.01250238140904969
9.1125,0.012850781198974204
9.115,0.013194808987055495
9.1175,0.013533664313129634
9.120000000000001,0.013866540267251537
9.1225,0.014192626725140656
9.125,0.014511113717844637
9.1275,0.014821194916891045
9.13,0.015122071215177613
9.1325,0.015412954381261557
9.135,0.015693070763855843
9.137500000000001,0.015961665022285132
9.14,0.01621800385849781
9.1425,0.016461379723871516
9.145,0.01669111447374405
9.1475,0.016906562941713332
9.15,0.017107116407753864
9.1525,0.017292205932626814
9.155,0.017461305531988103
9.1575,0.017613935164888517
9.16,0.01774966350963325
9.1625,0.017868110505261825
9.165000000000001,0.017968949636816944
9.1675,0.018051909943707756
9.17,0.018116777732913647
9.1725,0.018163397981410867
9.175,0.018191675413490316
9.1775,0.01820157524421262
9.18,0.0181931235794508
9.182500000000001,0.018166407469742296
9.185,0.018121574611818403
9.1875,0.01805883270221642
9.19,0.017978448445582274
9.1925,0.017880746226076383
9.195,0.01776610644918719
9.1975,0.01763496356853267
9.200000000000001,0.01748780381089432
9.2025,0.017325162619975742
9.205,0.017147621836492988
9.2075,0.016955806638712545
9.21,0.016750382264973496
9.2125,0.016532050545052357
9.215,0.016301546267079914
9.2175,0.01605963340766081
9.22,0.015807101253852096
9.2225,0.015544760444285544
9.225,0.015273438960516472
9.227500000000001,0.014993978095063198
9.23,0.014707228426729557
9.2325,0.014414045828640809
9.235,0.014115287537165955
9.2375,0.013811808305302264
9.24,0.013504456665842213
9.2425,0.013194071325798973
9.245000000000001,0.01288147771331083
9.2475,0.012567484695303222
9.25,0.01225288148163628
9.2525,0.011938434731316505
9.255,0.01162488587331012
9.2575,0.011312948651266197
9.26,0.011003306901354648
9.262500000000001,0.010696612567375752
9.265,0.01039348395856976
9.2675,0.01009450425156544
9.27,0.009800220235781865
9.2725,0.009511141301199899
9.275,0.009227738663401652
9.2775,0.00895044482174967
9.28,0.008679653243362395
9.2825,0.008415718265737837
9.285,0.008158955206948093
9.2875,0.00790964067484623
9.290000000000001,0.007668013062819057
9.2925,0.007434273221601728
9.295,0.007208585293577485
9.2975,0.006991077697454884
9.3,0.00678184424930528
9.3025,0.006580945407824501
9.305,0.006388409629883185
9.307500000000001,0.006204234823211863
9.31,0.00602838988315213
9.3125,0.005860816300920391
9.315,0.005701429830903493
9.3175,0.005550122205150387
9.32,0.005406762883666261
9.3225,0.005271200829305656
9.325000000000001,0.005143266297460869
9.3275,0.005022772630828953
9.33,0.004909518050059347
9.3325,0.0048032874321979335
9.335,0.004703854069203928
9.3375,0.004610981399952863
9.34,0.004524424708775676
9.3425,0.00444393278582389
9.345,0.004369249543478837
9.3475,0.004300115585361475
9.35,0.0042362697231848045
9.352500000000001,0.00417745043930573
9.355,0.004123397291593278
9.3575,0.004073852258857702
9.36,0.004028561025207988
9.3625,0.003987274201514346
9.365,0.003949748483869975
9.3675,0.003915747748028053
9.370000000000001,0.0038850440794224728
9.3725,0.0038574187395155057
9.375,0.0038326630675611373
9.3775,0.003810579319514229
9.38,0.0037909814432866007
9.3825,0.003773695792460452
9.385,0.003758561777961633
9.387500000000001,0.003745432459174469
9.39,0.003734175075374546
9.3925,0.003724671517923217
9.395,0.0037168187444093503
9.3975,0.003710529135521251
9.4,0.003705730794864248
9.4025,0.0037023677929079665
9.405,0.0037004003553976553
9.4075,0.003699804996492175
9.41,0.0037005745972834275
9.4125,0.003702718429575487
9.415000000000001,0.0037062621246401056
9.4175,0.003711247588126687
9.42,0.0037177328595625614
9.4225,0.0037257919166238107
9.425,0.003735514424198283
9.4275,0.0037470054268107233
9.43,0.003760384984467735
9.432500000000001,0.003775787751302828
9.435,0.00379336249540585
9.4375,0.0038132715597307687
9.44,0.0038356902633749357
9.4425,0.0038608062415013134
9.445,0.003888818724140375
9.4475,0.003919937752408842
9.450000000000001,0.003954383331748801
9.4525,0.003992384521446013
9.455,0.004034178460514681
9.4575,0.004080009329030521
9.46,0.004130127245468795
9.4625,0.0041847871003390935
9.465,0.004244247326064432
9.4675,0.004308768605125302
9.47,0.004378612516607205
9.4725,0.0044540401240702465
9.475,0.004535310505536572
9.477500000000001,0.004622679229823845
9.48,0.0047163967814727314
9.4825,0.004816706938170157
9.485,0.004923845105452074
9.4875,0.0050380366133602195
9.49,0.005159494980743418
9.4925,0.005288420153977569
9.495000000000001,0.00542499672643082
9.4975,0.0055693921467607765
9.5,0.005721754924559619
9.5025,0.0058822128419055986
9.505,0.0060508711810971505
9.5075,0.006227810978417736
9.51,0.006413087315319643
9.512500000000001,0.006606727657800349
9.515,0.006808730256734563
9.5175,0.007019062621294481
9.52,0.0072376600781396405
9.5225,0.007464424429301175
9.525,0.007699222722322929
9.5275,0.00794188614558422
9.53,0.008192209062684697
9.5325,0.008449948198105517
9.535,0.008714821987787502
9.5375,0.008986510106304024
9.540000000000001,0.009264653182572857
9.5425,0.009548852715656864
9.545,0.009838671200395055
9.5475,0.010133632471770682
9.55,0.010433222276148513
9.5525,0.010736889075978695
9.555,0.011044045093452581
9.557500000000001,0.01135406759655666
9.56,0.011666300428466059
9.5625,0.011980055780586696
9.565,0.012294616207782383
9.5675,0.01260923688139215
9.57,0.01292314807389161
9.5725,0.013235557866021708
9.575000000000001,0.013545655067318307
9.5775,0.01385261233594548
9.58,0.014155589484644793
9.5825,0.014453736954301633
9.585,0.014746199437734475
9.5875,0.015032119631705143
9.59,0.015310642095258231
9.5925,0.015580917190217036
9.595,0.01584210507920858
9.5975,0.016093379753037595
9.6,0.016333933060430184
9.602500000000001,0.016562978712414633
9.605,0.016779756231969145
9.6075,0.016983534820028012
9.61,0.017173617109918382
9.6125,0.017349342780569543
9.615,0.017510092001742805
9.6175,0.01765528868480004
9.620000000000001,0.017784403513374514
9.6225,0.01789695673062397
9.625,0.017992520660719435
9.6275,0.018070721945406376
9.63,0.018131243477618852
9.6325,0.018173826018397676
9.635,0.018198269483420404
9.637500000000001,0.018204433890367966
9.64,0.018192239960455936
9.6425,0.0181616693714588
9.645,0.018112764660493497
9.6475,0.018045628779198353
9.65,0.017960424307446488
9.6525,0.01785737233258544
9.655,0.017736751006736995
9.6575,0.01759889379545143
9.66,0.017444187432751335
9.6625,0.01727306960221142
9.665000000000001,0.017086026363308804
9.6675,0.016883589346523564
9.67,0.01666633274090401
9.6725,0.016434870098208876
9.675,0.01618985097928416
9.6775,0.01593195747064513
9.68,0.01566190059789463
9.682500000000001,0.015380416663724361
9.685,0.015088263536902957
9.6875,0.014786216918768247
9.69,0.014475066614142662
9.6925,0.01415561283164024
9.695,0.01382866253823778
9.6975,0.013495025889803003
9.700000000000001,0.013155512759638555
9.7025,0.012810929384471592
9.705,0.012462075146807194
9.7075,0.012109739510052009
9.71,0.011754699120750445
9.7125,0.011397715088801164
9.715,0.011039530458901936
9.7175,0.010680867880111578
9.72,0.010322427481543883
9.7225,0.009964884958058917
9.725,0.009608889868875536
9.727500000000001,0.00925506415072519
9.73,0.008904000845529225
9.7325,0.008556263039967149
9.735,0.008212383014193136
9.7375,0.007872861593796188
9.74,0.007538167699554066
9.7425,0.007208738088463562
9.745000000000001,0.00688497727734827
9.7475,0.006567257640600843
9.75,0.006255919671596999
9.7525,0.005951272398217355
9.755,0.005653593942360757
9.7575,0.005363132212043098
9.76,0.005080105714640126
9.762500000000001,0.00480470448047754
9.765,0.0045370910851065815
9.7675,0.0042774017597366765
9.77,0.004025747578282335
9.7725,0.0037822157103732934
9.775,0.0035468707297336977
9.7775,0.0033197559676310107
9.78,0.0031008949024213806
9.7825,0.002890292575099096
9.785,0.002687937022371578
9.7875,0.002493800718621486
9.790000000000001,0.002307842019552808
9.7925,0.0021300065992893025
9.795,0.0019602288753448605
9.7975,0.0017984334141774028
9.8,0.0016445363117743028
9.8025,0.0014984465448479867
9.805,0.001360067286927169
9.807500000000001,0.001229297185120437
9.81,0.0011060315949160682
9.8125,0.0009901637680203024
9.815,0.000881585991553191
9.8175,0.0007801906749600462
9.82,0.0006858713834101415
9.8225,0.0005985238146335448
9.825000000000001,0.0005180467187402282
9.8275,0.0004443427584228665
9.83,0.0003773193094218641
9.8325,0.0003168891993771128
9.835,0.0002629713852695392
9.8375,0.00021549156793626567
9.84,0.00017438274377523655
9.8425,0.00013958569311778302
9.845,0.00011104940456421741
9.8475,8.873143596402344e-05
9.85,7.259821097553576e-05
9.852500000000001,6.262525203245065e-05
9.855,5.879734842870212e-05
9.8575,6.110866057547088e-05
9.86,6.956276017033164e-05
9.8625,8.417260581516928e-05
9.865,0.00010496045464761239
9.8675,0.0001319577094630875
9.870000000000001,0.0001652047018324554
9.8725,0.0002047504110727072
9.875,0.0002506521191947275
9.8775,0.00030297500192066895
9.88,0.00036179165594918405
9.8825,0.00042718156285959097
9.885,0.0004992304896866973
9.887500000000001,0.0005780298272024531
9.89,0.0006636758658686848
9.8925,0.000756269010420807
9.895,0.0008559129340279803
9.8975,0.0009627136732843766
9.9,0.0010767786650132116
9.9025,0.001198215726772478
9.905,0.0013271319825163275
9.9075,0.0014636327364589974
9.91,0.001607820296364082
9.9125,0.0017597927505228483
9.915000000000001,0.0019196427008072448
9.9175,0.0020874559555092986
9.92,0.002263310186808809
9.9225,0.0024472735565934656
9.925,0.002639403316702982
9.9275,0.002839744388344556
9.93,0.003048327927115402
9.932500000000001,0.003265169880267038
9.935,0.003490269543675595
9.9375,0.003723608126019684
9.94,0.003965147327962271
9.9425,0.004214827945636657
9.945,0.004472568506979968
9.9475,0.004738263951654886
9.950000000000001,0.00501178436315719
9.9525,0.005292973765124387
9.955,0.005581648990720112
9.9575,0.005877598637781034
9.96,0.006180582119382549
9.9625,0.00649032882285816
9.965,0.006806537386941258
9.9675,0.00712887510869642
9.97,0.007456977491369088
9.9725,0.007790447943644807
9.975,0.008128857641111153
9.977500000000001,0.008471745559081256
9.98,0.008818618686255775
9.9825,0.009168952426442445
9.985,0.009522191197003593
9.9875,0.009877749230167154
9.99,0.010235011581919196
9.9925,0.010593335351643418
9.995000000000001,0.010952051116124295
9.9975,0.011310464577402257
10.0,0.011667858425266076
