0.0,0.0
0.005,6.393722256331502e-06
0.01,4.661723968438225e-05
0.015,0.00010661879639928262
0.02,0.00019454551885622617
0.025,0.0003068232329965781
0.03,0.0004461121491954323
0.035,0.0006121382995012414
0.04,0.0008061432635315668
0.045,0.0010287715580981072
0.05,0.0012809579466259713
0.055,0.0015635234898585537
0.06,0.0018772670936950675
0.065,0.002222895270471703
0.07,0.002600975402028638
0.075,0.0030119040860059343
0.08,0.003455849587245652
0.085,0.003932714499310208
0.09,0.004442084589634021
0.095,0.004983188309878983
0.1,0.005554853859859321
0.105,0.006155473320076155
0.11,0.006782970798427712
0.115,0.007434778291415256
0.12,0.008107819586008702
0.125,0.008798504070924196
0.13,0.009502731509162032
0.135,0.010215908932053708
0.14,0.01093298047819502
0.145,0.011648470713360837
0.15,0.012356541605495153
0.155,0.013051062898203014
0.16,0.013725695168044894
0.165,0.014373984362695325
0.17,0.014989466121800632
0.17500000000000002,0.015565777706910922
0.18,0.01609677493392425
0.185,0.016576651130883135
0.19,0.017000054866592507
0.195,0.017362203031140666
0.2,0.017658985810975025
0.20500000000000002,0.017887060196095206
0.21,0.018043928909570184
0.215,0.018128002025100898
0.22,0.018138639044778415
0.225,0.018076169837755174
0.23,0.017941893515896368
0.23500000000000001,0.01773805509432691
0.24,0.01746780051765029
0.245,0.017135111393699276
0.25,0.01674472143993455
0.255,0.016302017251071277
0.26,0.015812926463809163
0.265,0.015283796746480505
0.27,0.014721269221915634
0.275,0.01413214999818635
0.28,0.013523283359873517
0.28500000000000003,0.012901429961896582
0.29,0.012273153007114956
0.295,0.011644714963829017
0.3,0.01102198687328837
0.305,0.010410371759579817
0.31,0.009814743110567292
0.315,0.009239398860216852
0.32,0.008688030801515367
0.325,0.008163708921706814
0.33,0.007668879759869185
0.335,0.00720537758493478
0.34,0.006774446963003555
0.34500000000000003,0.00637677512033008
0.35000000000000003,0.006012532435894613
0.355,0.00568141937255362
0.36,0.00538271819973879
0.365,0.005115347946089699
0.37,0.004877921144153419
0.375,0.004668801077004403
0.38,0.004486158403547158
0.385,0.004328026209007518
0.39,0.004192352703410229
0.395,0.004077050949010896
0.4,0.003980045158090917
0.405,0.0038993132332612035
0.41000000000000003,0.0038329253457356494
0.41500000000000004,0.003779078443694628
0.42,0.003736126663219874
0.425,0.0037026076743797987
0.43,0.003677265034152999
0.435,0.003659066643813491
0.44,0.0036472194157788074
0.445,0.003641180251064682
0.45,0.0036406634130739324
0.455,0.0036456443614655692
0.46,0.003656360079981935
0.465,0.0036733059011188063
0.47000000000000003,0.003697228800071617
0.47500000000000003,0.0037291170982998167
0.48,0.003770186495848371
0.485,0.0038218623324945966
0.49,0.0038857579731557124
0.495,0.003963649217458176
0.5,0.004057444655068743
0.505,0.004169151926081582
0.51,0.004300839901461018
0.515,0.004454596873690875
0.52,0.004632484944022686
0.525,0.0048364909083726815
0.53,0.0050684740749940005
0.535,0.005330111602413368
0.54,0.005622842102983583
0.545,0.005947808433635515
0.55,0.006305800764780045
0.555,0.006697201186771196
0.56,0.007121931266146575
0.5650000000000001,0.007579404092471265
0.5700000000000001,0.00806848244963021
0.5750000000000001,0.008587444798294541
0.58,0.00913396074528805
0.585,0.009705077612231605
0.59,0.010297219570691851
0.595,0.01090620059575187
0.6,0.011527252197375049
0.605,0.012155066521390978
0.61,0.012783854973410058
0.615,0.01340742203501577
0.62,0.014019253405770371
0.625,0.014612617061118272
0.63,0.015180675275409783
0.635,0.01571660514369455
0.64,0.016213724696385157
0.645,0.01666562132462701
0.65,0.01706627899112334
0.655,0.017410200567560707
0.66,0.017692521663150274
0.665,0.017909112474768563
0.67,0.018056664499994213
0.675,0.01813275941594128
0.68,0.018135917985738104
0.685,0.018065627534895157
0.6900000000000001,0.017922347256082105
0.6950000000000001,0.017707491369705508
0.7000000000000001,0.01742339091236289
0.705,0.01707323563611851
0.71,0.016660998133836813
0.715,0.016191342839910305
0.72,0.01566952295453561
0.725,0.01510126862064709
0.73,0.014492669799011537
0.735,0.013850057284702899
0.74,0.013179885151480164
0.745,0.012488617670474156
0.75,0.011782623375847123
0.755,0.011068078544475668
0.76,0.010350881873474549
0.765,0.009636581654305587
0.77,0.008930316249678327
0.775,0.008236768210409195
0.78,0.007560131935488101
0.785,0.006904094409000194
0.79,0.006271828217700559
0.795,0.005665995808051605
0.8,0.005088763749132141
0.805,0.0045418256492304465
0.81,0.004026432302666194
0.8150000000000001,0.003543427642160424
0.8200000000000001,0.0030932890950889913
0.8250000000000001,0.0026761710215739143
0.8300000000000001,0.002291950001904297
0.835,0.0019402708643783129
0.84,0.0016205924677219485
0.845,0.0013322323875519793
0.85,0.001074409789857178
0.855,0.0008462858959292774
0.86,0.0006470015624244763
0.865,0.0004757116051381516
0.87,0.00033161558293137716
0.875,0.0002139848346497386
0.88,0.00012218562782684295
0.885,5.569831928589619e-05
0.89,1.4132471288487436e-05
0.895,-2.7621159492190964e-06
0.9,4.911531115682488e-06
0.905,3.720038358123734e-05
0.91,9.430012538824695e-05
0.915,0.00017654975786207672
0.92,0.00028442209951351494
0.925,0.00041851019792238375
0.93,0.0005795096783192122
0.935,0.0007681970804536142
0.9400000000000001,0.0009854042648238526
0.9450000000000001,0.001231989011942325
0.9500000000000001,0.001508801997847975
0.9550000000000001,0.001816650395189967
0.96,0.0021562584412766483
0.965,0.0025282254038812013
0.97,0.00293298149938348
0.975,0.003370742428298712
0.98,0.0038414633344547866
0.985,0.00434479311569369
0.99,0.0048800301586418016
0.995,0.005446080676357212
1.0,0.006041420947136444
1.0050000000000001,0.006664064826102489
1.01,0.0073115379516863754
1.0150000000000001,0.00798086007668175
1.02,0.008668536907794788
1.025,0.009370562742564204
1.03,0.010082435018802016
1.035,0.010799181679225
1.04,0.011515401941093018
1.045,0.012225320721217514
1.05,0.012922856538597927
1.055,0.013601702274982586
1.06,0.014255417675389737
1.065,0.01487753199006292
1.07,0.015461654664012059
1.075,0.016001591550669048
1.08,0.01649146372946575
1.085,0.016925825722648113
1.09,0.017299779710384655
1.095,0.01760908228261826
1.1,0.017850240342269785
1.105,0.01802059298452008
1.11,0.018118376543341697
1.115,0.018142770471179404
1.12,0.018093922325881806
1.125,0.017972950816485422
1.1300000000000001,0.0177819265985093
1.135,0.017523831275148893
1.1400000000000001,0.017202495794649053
1.145,0.016822520142490305
1.1500000000000001,0.01638917682130625
1.155,0.015908301125076463
1.16,0.015386171574299112
1.165,0.014829384103908438
1.17,0.014244723670387316
1.175,0.013639036870571886
1.18,0.01301910895951508
1.185,0.012391548324682589
1.19,0.011762681057504665
1.195,0.011138457771266985
1.2,0.010524374280404203
1.205,0.009925407210609194
1.21,0.009345965067733886
1.215,0.008789854789608142
1.22,0.00826026334200236
1.225,0.007759753535086844
1.23,0.007290272903389905
1.235,0.0068531742566353415
1.24,0.006449246335447967
1.245,0.00607875290872073
1.25,0.005741478627237839
1.2550000000000001,0.005436779970624528
1.26,0.005163639708792189
1.2650000000000001,0.0049207234139370115
1.27,0.0047064367039793
1.2750000000000001,0.004518982061547661
1.28,0.004356414244231388
1.285,0.004216693474822897
1.29,0.00409773576516681
1.295,0.003997459884433674
1.3,0.003913830622443992
1.305,0.0038448981206173904
1.31,0.0037888331466815472
1.315,0.0037439582724636544
1.32,0.0037087749761094413
1.325,0.0036819867361590486
1.33,0.0036625182108493415
1.335,0.0036495306063087096
1.34,0.003642433338166509
1.345,0.0036408920746217174
1.35,0.003644833229653477
1.355,0.0036544449459613992
1.36,0.003670174577569685
1.365,0.003692722647929081
1.37,0.0037230332318715087
1.375,0.0037622806824477717
1.3800000000000001,0.0038118526064447877
1.385,0.0038733289834484985
1.3900000000000001,0.003948457326799826
1.395,0.004039123802759281
1.4000000000000001,0.00414732025855713
1.405,0.0042751071624493875
1.41,0.004424572530695947
1.415,0.004597787007970311
1.42,0.00479675537977009
1.425,0.005023364925195395
1.43,0.00527933116720547
1.435,0.005566141736347063
1.44,0.005884999235748367
1.445,0.006236764166743569
1.45,0.006621899144716892
1.455,0.007040415788775789
1.46,0.007491825805658436
1.465,0.007975097886632199
1.47,0.008488622098283827
1.475,0.009030183449905138
1.48,0.009596946266341888
1.485,0.010185450866561752
1.49,0.010791623847339338
1.495,0.01141080298943109
1.5,0.012037777454189325
1.5050000000000001,0.012666843511716763
1.51,0.013291875559350075
1.5150000000000001,0.013906411673058727
1.52,0.014503752379347645
1.5250000000000001,0.015077070795133096
1.53,0.015619531770468598
1.5350000000000001,0.01612441719220925
1.54,0.016585254241398673
1.545,0.016995943107069422
1.55,0.017350880515500933
1.555,0.0176450754241273
1.56,0.017874253365732784
1.565,0.018034946217767356
1.57,0.018124564601698978
1.575,0.018141450662795933
1.58,0.018084909638091062
1.585,0.0179552193342829
1.59,0.01775361739937864
1.595,0.017482267020298536
1.6,0.01714420240474368
1.605,0.01674325604793836
1.61,0.01628397034255613
1.615,0.015771496520255113
1.62,0.015211484203721426
1.625,0.01460996501308287
1.6300000000000001,0.01397323367091019
1.635,0.013307729942781066
1.6400000000000001,0.012619924497570878
1.645,0.01191621145384758
1.6500000000000001,0.011202809942037817
1.655,0.010485676573406266
1.6600000000000001,0.009770430197033164
1.665,0.009062289847456384
1.67,0.008366026299512441
1.675,0.00768592721962591
1.68,0.007025775504576615
1.685,0.006388840071295476
1.69,0.005777878098610856
1.695,0.0051951475173837025
1.7,0.0046424284110546665
1.705,0.0041210519203342955
1.71,0.00363193521366334
1.715,0.0031756211242814913
1.72,0.0027523211063043007
1.725,0.002361960265660379
1.73,0.0020042233268400267
1.735,0.0016786005302673601
1.74,0.00138443258368115
1.745,0.0011209539225665033
1.75,0.0008873336662706954
1.7550000000000001,0.0006827137704545905
1.76,0.0005062439833907195
1.7650000000000001,0.00035711331142329605
1.77,0.00023457777011692826
1.7750000000000001,0.00013798426969224842
1.78,6.679052785418804e-05
1.7850000000000001,2.0580946754319984e-05
1.79,-9.215876869391251e-07
1.795,2.151997093731081e-06
1.8,2.9820555515369662e-05
1.805,8.225220844998438e-05
1.81,0.00015975971704262903
1.815,0.00026279175053289805
1.82,0.0003919200626936181
1.825,0.0005478225973212236
1.83,0.0007312625721893617
1.835,0.000943063613159989
1.84,0.001184081054188102
1.845,0.0014551695747120341
1.85,0.00175714741054378
1.855,0.0020907574583084454
1.86,0.002456625692079939
1.865,0.002855217416711575
1.87,0.0032867920058148314
1.875,0.0037513569010378944
1.8800000000000001,0.004248621781098194
1.885,0.0047779539421295425
1.8900000000000001,0.005338336051822878
1.895,0.00592832755695305
1.9000000000000001,0.0065460310984271075
1.905,0.007189065355834856
1.9100000000000001,0.007854545748678277
1.915,0.00853907439496382
1.92,0.009238740632937947
1.925,0.00994913326556457
1.93,0.01066536546854735
1.935,0.011382113020474094
1.94,0.012093666169906925
1.945,0.012793995047260864
1.95,0.013476828087672033
1.955,0.014135742439762566
1.96,0.01476426485315585
1.965,0.015355981040904965
1.97,0.01590465106975003
1.975,0.01640432792649804
1.98,0.016849476102606786
1.985,0.017235086820818424
1.99,0.01755678644806835
1.995,0.01781093467901229
2.0,0.017994709269139264
2.005,0.018106174426634425
2.0100000000000002,0.018144330432733113
2.015,0.018109142642757092
2.02,0.018001548686513047
2.025,0.01782344342039721
2.0300000000000002,0.017577641937954525
2.035,0.017267821706155928
2.04,0.01689844558346465
2.045,0.016474668123031222
2.05,0.0160022280724057
2.055,0.015487330381724007
2.06,0.014936521284379722
2.065,0.014356560108385708
2.07,0.013754291440928768
2.075,0.013136521078539687
2.08,0.01250989888938392
2.085,0.011880811315236883
2.09,0.011255285757062694
2.095,0.010638908559794658
2.1,0.010036757770659932
2.105,0.009453351296560442
2.11,0.008892610575909288
2.115,0.008357839410820134
2.12,0.007851717197514319
2.125,0.0073763054613067425
2.13,0.006933066336204163
2.1350000000000002,0.006522891452409141
2.14,0.0061461395823254605
2.145,0.005802681355550732
2.15,0.005491949376315475
2.1550000000000002,0.005212992141652606
2.16,0.004964530274349954
2.165,0.0047450137224958056
2.17,0.004552678738211746
2.1750000000000003,0.004385603618632494
2.18,0.004241762365840174
2.185,0.004119075589199106
2.19,0.004015458132869298
2.195,0.00392886305350304
2.2,0.0038573216999444604
2.205,0.0037989797529660585
2.21,0.0037521291701274606
2.215,0.003715236047348247
2.22,0.003686964457187525
2.225,0.0036661963532274577
2.23,0.0036520476440727034
2.235,0.0036438805419098524
2.24,0.003641312276977249
2.245,0.0036442202518157454
2.25,0.0036527436800633806
2.255,0.0036672817252331735
2.2600000000000002,0.0036884881219507726
2.265,0.003717262233076779
2.27,0.0037547364678596207
2.275,0.0038022599678719793
2.2800000000000002,0.003861378456486264
2.285,0.003933810147985994
2.29,0.004021417628601309
2.295,0.004126175652835684
2.3000000000000003,0.00425013484519976
2.305,0.0043953813695587485
2.31,0.004563992712112608
2.315,0.0047579898351166605
2.32,0.004979286083873546
2.325,0.005229633374490561
2.33,0.005510566348792878
2.335,0.00582334535094553
2.34,0.006168899253102822
2.345,0.006547769328523856
2.35,0.006960055528988818
2.355,0.007405366661931367
2.36,0.007882776072531072
2.365,0.008390784501511206
2.37,0.008927291808568327
2.375,0.009489579201400034
2.38,0.010074303504957527
2.3850000000000002,0.01067750480901708
2.39,0.011294628573924825
2.395,0.011920562933013912
2.4,0.012549691512145245
2.4050000000000002,0.013175961630100375
2.41,0.013792967208228646
2.415,0.014394045193132143
2.42,0.014972383732143157
2.4250000000000003,0.015521139832845421
2.43,0.016033563747285484
2.435,0.016503126936015633
2.44,0.01692365015644981
2.445,0.017289428058205658
2.45,0.017595346614001528
2.455,0.017836989849811857
2.46,0.018010732568107812
2.465,0.018113816190364673
2.47,0.0181444053535742
2.475,0.01810162353807243
2.48,0.01798556671746354
2.485,0.017797294759319016
2.49,0.017538801083802014
2.495,0.01721296179570686
2.5,0.01682346618330044
2.505,0.01637473104522158
2.5100000000000002,0.015871801760095394
2.515,0.015320243339111528
2.52,0.014726024881664301
2.525,0.01409540088954131
2.5300000000000002,0.013434792807579754
2.535,0.012750673929520673
2.54,0.012049460498509745
2.545,0.011337411426119104
2.5500000000000003,0.010620538595542683
2.555,0.009904529237331872
2.56,0.009194681357097778
2.565,0.008495852734355935
2.57,0.00781242354494438
2.575,0.007148272277769152
2.58,0.006506764262541154
2.585,0.005890751852737353
2.59,0.0053025850944390385
2.595,0.004744131565585619
2.6,0.004216803982339812
2.605,0.0037215941440749134
2.61,0.0032591117992151197
2.615,0.0028296270790919564
2.62,0.0024331152296444003
2.625,0.0020693024837408203
2.63,0.0017377120429973303
2.6350000000000002,0.0014377092650672552
2.64,0.0011685452933347662
2.645,0.0009293984845704095
2.65,0.000719413119532053
2.6550000000000002,0.0005377349837543122
2.66,0.00038354350443792207
2.665,0.00025608021192013997
2.67,0.00015467335756974565
2.6750000000000003,7.875857676697962e-05
2.68,2.7895525610374672e-05
2.685,1.7804454566974076e-06
2.69,2.5463440343417854e-07
2.695,2.3308811821512454e-05
2.7,7.108337322858649e-05
2.705,0.00014386453299503055
2.71,0.00024207636184692127
2.715,0.0003662687263659148
2.72,0.0005171011555262783
2.725,0.0006953226726646999
2.73,0.0009017476615307274
2.735,0.0011372278741559327
2.74,0.001402620737375404
2.745,0.001698754184301876
2.75,0.0020263883116475867
2.755,0.0023861742632256266
2.7600000000000002,0.002778610842935514
2.765,0.0032039994813235495
2.77,0.0036623983081671696
2.775,0.004153576214338983
2.7800000000000002,0.004676967920277164
2.785,0.0052316311913713776
2.79,0.005816207460883405
2.795,0.006428887199088962
2.8000000000000003,0.0070673814458732664
2.805,0.007728900932043814
2.81,0.008410144201459246
2.815,0.009107296060424375
2.82,0.009816037548326051
2.825,0.010531568414403836
2.83,0.011248642817488275
2.835,0.01196161863371259
2.84,0.012664520358480758
2.845,0.013351115155231241
2.85,0.014015001120313286
2.855,0.014649706345135627
2.86,0.01524879686592584
2.865,0.015805991129926866
2.87,0.01631527819991163
2.875,0.0167710365872189
2.88,0.017168150369656132
2.8850000000000002,0.017502119142775996
2.89,0.017769158373923233
2.895,0.01796628688335744
2.9,0.018091398499329614
2.9050000000000002,0.01814331535226188
2.91,0.01812182084854186
2.915,0.018027671010152346
2.92,0.017862583592815895
2.9250000000000003,0.01762920514816102
2.93,0.017331056952933466
2.935,0.01697246144524911
2.94,0.016558451448865696
2.945,0.016094665016041176
2.95,0.0155872291361554
2.955,0.01504263583357357
2.96,0.014467614315769595
2.965,0.01386900280058967
2.97,0.013253623509594803
2.975,0.012628164015666243
2.98,0.011999067752949344
2.985,0.011372436030164579
2.99,0.010753943362981744
2.995,0.010148767401535252
3.0,0.009561534180893005
3.005,0.008996278900429644
3.0100000000000002,0.008456421963558114
3.015,0.007944759586344219
3.02,0.0074634679373630775
3.025,0.0070141194926591766
3.0300000000000002,0.006597710097464571
3.035,0.006214695100341672
3.04,0.005865032872334197
3.045,0.005548234037551225
3.0500000000000003,0.005263414795976473
3.055,0.005009352830533942
3.06,0.004784544420916248
3.065,0.004587261545785815
3.0700000000000003,0.004415607925867704
3.075,0.004267573129028257
3.08,0.004141084033773446
3.085,0.00403405310218341
3.09,0.003944423063714009
3.095,0.0038702077388070855
3.1,0.0038095288414823347
3.105,0.003760648691933044
3.11,0.0037219988396041126
3.115,0.0036922046488331306
3.12,0.003670105931846135
3.125,0.0036547737326119156
3.13,0.0036455233649837215
3.1350000000000002,0.003641923801921131
3.14,0.0036438034919773037
3.145,0.0036512526544084795
3.15,0.003664622073384305
3.1550000000000002,0.0036845183814654403
3.16,0.003711795788334915
3.165,0.003747544187534757
3.17,0.0037930735489990486
3.1750000000000003,0.0038498944949916236
3.18,0.003919694954715336
3.185,0.004004312805109489
3.19,0.004105704434342883
3.1950000000000003,0.004225909208507517
3.2,0.004367009887420892
3.205,0.004531089119742759
3.21,0.004720182250981253
3.215,0.004936226803382127
3.22,0.005181009125198699
3.225,0.005456108866949805
3.23,0.00576284210498379
3.235,0.006102204110071341
3.24,0.006474812925247875
3.245,0.006880855082840753
3.25,0.0073200349320003966
3.255,0.007791529164418165
3.2600000000000002,0.00829394819923479
3.265,0.00882530611848864
3.27,0.009383000808266928
3.275,0.0099638058646363
3.2800000000000002,0.010563875643534004
3.285,0.011178764593104518
3.29,0.011803461670272242
3.295,0.012432440252368337
3.3000000000000003,0.01305972348927753
3.305,0.013678964535600358
3.31,0.014283540557887164
3.315,0.014866658868289306
3.3200000000000003,0.015421473003371489
3.325,0.015941206078519343
3.33,0.016419278335568777
3.335,0.01684943548166018
3.34,0.017225874216151738
3.345,0.017543361282449155
3.35,0.01779734245762654
3.355,0.017984038136333425
3.36,0.01810052252991312
3.365,0.018144784019028748
3.37,0.018115764807618007
3.375,0.018013378731744467
3.38,0.017838506811564514
3.3850000000000002,0.01759297091098233
3.39,0.017279486586843973
3.395,0.01690159690809878
3.4,0.01646358959961347
3.4050000000000002,0.015970400356493997
3.41,0.015427505516413476
3.415,0.014840807485388297
3.42,0.014216516381878819
3.4250000000000003,0.013561031284954339
3.43,0.012880824286138903
3.435,0.012182330232189287
3.44,0.011471844664235675
3.4450000000000003,0.010755432014114774
3.45,0.010038845625857107
3.455,0.009327460689203093
3.46,0.00862622067698382
3.465,0.007939597432287115
3.47,0.007271564637239436
3.475,0.006625584043662869
3.48,0.006004603557279609
3.485,0.005411066040243995
3.49,0.0048469275359828146
3.495,0.004313683532160439
3.5,0.003812401824880851
3.505,0.0033437605702655304
3.5100000000000002,0.002908090148685538
3.515,0.0025054175578977933
3.52,0.0021355121548705114
3.525,0.0017979316883272034
3.5300000000000002,0.0014920676989778059
3.535,0.0012171894916805925
3.54,0.0009724860198354612
3.545,0.0007571051379504645
3.5500000000000003,0.0005701897962200331
3.555,0.00041091084187527827
3.56,0.0002784961832997812
3.565,0.0001722561378667553
3.5700000000000003,9.16048424030591e-05
3.575,3.607764740425068e-05
3.58,5.344447014710846e-06
3.585,-7.810824638565354e-07
3.59,1.766365248483115e-05
3.595,6.079118638727121e-05
3.6,0.0001288609080725145
3.605,0.00022227186562129297
3.61,0.00034155147347059156
3.615,0.0004873401376570552
3.62,0.0006603718403423997
3.625,0.0008614507413011729
3.63,0.0010914238980661572
3.6350000000000002,0.0013511502505649808
3.64,0.001641466083472487
3.645,0.0019631472499783698
3.65,0.0023168685404968414
3.6550000000000002,0.002703160676028382
3.66,0.003122365531158522
3.665,0.0035745903094497322
3.67,0.004059661535325887
3.6750000000000003,0.004577079849106269
3.68,0.0051259767296691905
3.685,0.005705074377372554
3.69,0.006312650089840943
3.6950000000000003,0.006946506531463115
3.7,0.007603949323748083
3.705,0.008281773378687518
3.71,0.008976259317748259
3.715,0.009683181203040903
3.72,0.010397826608297578
3.725,0.011115029802098775
3.73,0.011829218495677196
3.735,0.012534474218846015
3.74,0.01322460596367847
3.745,0.01389323625327421
3.75,0.014533898314557092
3.755,0.015140142527954481
3.7600000000000002,0.01570564987711265
3.765,0.01622434967683617
3.77,0.01669053854135427
3.775,0.017098997268593763
3.7800000000000002,0.017445102212938934
3.785,0.017724927688803405
3.79,0.017935336103228394
3.795,0.0180740527780614
3.8000000000000003,0.018139722853568685
3.805,0.01813194818559083
3.81,0.018051302807101877
3.815,0.017899326214717348
3.8200000000000003,0.017678494516566445
3.825,0.017392170213511804
3.83,0.017044532131016865
3.835,0.01664048766595272
3.84,0.0161855700871385
3.845,0.01568582406648744
3.85,0.01514768292639701
3.855,0.01457784124720618
3.86,0.013983126484852448
3.865,0.01337037311712308
3.87,0.012746302574278445
3.875,0.012117411841359171
3.88,0.011489873162204844
3.8850000000000002,0.010869446763365431
3.89,0.010261407977793624
3.895,0.00967048959334349
3.9,0.009100839732546717
3.9050000000000002,0.008555995073802336
3.91,0.008038868802181298
3.915,0.007551752307136894
3.92,0.007096329360717135
3.9250000000000003,0.006673701295628831
3.93,0.006284421567453791
3.935,0.005928538020214091
3.94,0.005605641171976927
3.9450000000000003,0.005314916890666765
3.95,0.005055201925808106
3.955,0.0048250408942251966
3.96,0.004622743469532509
3.9650000000000003,0.00444644069510769
3.97,0.0042941395114324266
3.975,0.00416377476006069
3.98,0.004053258088848377
3.985,0.003960523332449117
3.99,0.0038835680735029854
3.995,0.0038204912065671337
4.0,0.0037695264183350563
4.005,0.0037290715736131297
4.01,0.0036977140515781493
4.015,0.003674252111725118
4.0200000000000005,0.0036577123899932396
4.025,0.003647363631183495
4.03,0.0036427267545758825
4.035,0.0036435813351186133
4.04,0.0036499685552174033
4.045,0.0036621906546537852
4.05,0.0036808068736112753
4.055,0.0037066258518861916
4.0600000000000005,0.0037406944200044645
4.065,0.0037842826953342623
4.07,0.0038388653804739548
4.075,0.003906099160079446
4.08,0.003987796099132357
4.085,0.004085892973367589
4.09,0.004202416501502881
4.095,0.004339444512973856
4.1,0.004499063162581862
4.105,0.004683320406051905
4.11,0.004894176069360157
4.115,0.0051334489835692665
4.12,0.0054027618098295704
4.125,0.005703484346783583
4.13,0.0060366762808747865
4.135,0.006403030517034836
4.14,0.006802818386470122
4.1450000000000005,0.007235838180960741
4.15,0.007701368579397183
4.155,0.008198128620044542
4.16,0.008724245906741146
4.165,0.009277234716574156
4.17,0.00985398559017625
4.175,0.010450767826132079
4.18,0.011063246065578625
4.1850000000000005,0.011686511840682812
4.19,0.012315130572972066
4.195,0.012943204061603097
4.2,0.013564447995278783
4.205,0.014172283489671145
4.21,0.014759941100155771
4.215,0.015320575227921296
4.22,0.01584738633362548
4.225,0.016333747952565147
4.23,0.01677333515384305
4.235,0.01716025087341677
4.24,0.017489146455119453
4.245,0.01775533278978969
4.25,0.017954878647934436
4.255,0.018084693152623288
4.26,0.01814258982216188
4.265,0.01812733020948798
4.2700000000000005,0.018038645856293556
4.275,0.01787723800831742
4.28,0.01764475531374643
4.285,0.01734375045464276
4.29,0.01697761736570058
4.295,0.01655051129811369
4.3,0.016067254489918525
4.305,0.015533230576512125
4.3100000000000005,0.01495427111063563
4.315,0.014336537652177128
4.32,0.013686402841070588
4.325,0.013010333692250242
4.33,0.012314780070440179
4.335,0.011606070923050993
4.34,0.010890320421196975
4.345,0.010173345670036582
4.3500000000000005,0.009460597163478468
4.355,0.008757102669562755
4.36,0.008067424769802045
4.365,0.007395631858869933
4.37,0.006745282046892953
4.375,0.006119419104798851
4.38,0.00552057935329664
4.385,0.004950808227468073
4.39,0.004411685142102328
4.3950000000000005,0.0039043552294319994
4.4,0.003429566524694394
4.405,0.002987711217637745
4.41,0.002578869665462946
4.415,0.002202855965612649
4.42,0.0018592640093553214
4.425,0.0015475130637350176
4.43,0.001266892066023484
4.4350000000000005,0.0010166019437094498
4.44,0.0007957953959136788
4.445,0.0006036136881324428
4.45,0.00043922011100816505
4.455,0.0003018298402633901
4.46,0.0001907360105267708
4.465,0.00010533186996602995
4.47,4.512893122127215e-05
4.4750000000000005,9.771064850186417e-06
4.48,-9.554940249565432e-07
4.485,1.288375761801519e-05
4.49,5.1373385193120846e-05
4.495,0.00011474569928199285
4.5,0.00020337433003703165
4.505,0.00031776369927882797
4.51,0.0004585344095611177
4.515,0.0006264045807000684
4.5200000000000005,0.0008221671913717365
4.525,0.0010466635160040205
4.53,0.0013007527960087195
4.535,0.001585278341225127
4.54,0.0019010303350031066
4.545,0.002248705704008813
4.55,0.0026288655145734197
4.555,0.0030418904751972065
4.5600000000000005,0.003487935247145302
4.565,0.003966882399536686
4.57,0.004478296971676343
4.575,0.005021382744507363
4.58,0.005594941433164635
4.585,0.006197336115528529
4.59,0.006826460290135117
4.595,0.007479713986619174
4.6000000000000005,0.008153988355747543
4.605,0.008845660103226294
4.61,0.009550597014655438
4.615,0.010264175651759189
4.62,0.010981312031766777
4.625,0.011696505819685399
4.63,0.012403898165171512
4.635,0.013097342911034815
4.64,0.01377049042093148
4.6450000000000005,0.014416882796098207
4.65,0.015030058749541553
4.655,0.015603665936495759
4.66,0.01613157810807664
4.665,0.016608014088777878
4.67,0.01702765531321404
4.675,0.017385758494718573
4.68,0.017678259965698828
4.6850000000000005,0.017901868349930794
4.69,0.018054142465736334
4.695,0.01813355175994502
4.7,0.018139517083490375
4.705,0.018072430243094573
4.71,0.01793365146365744
4.715,0.017725484642859612
4.72,0.017451131042655277
4.7250000000000005,0.0171146227897907
4.73,0.016720738244146105
4.735,0.01627490186562852
4.74,0.01578307169364379
4.745,0.015251617869918022
4.75,0.014687195835744404
4.755,0.014096617861731886
4.76,0.01348672646200555
4.765,0.012864273011437888
4.7700000000000005,0.012235804522791938
4.775,0.011607561109951092
4.78,0.010985386152341903
4.785,0.010374650643012018
4.79,0.00978019264650598
4.795,0.009206272270592564
4.8,0.008656542049397586
4.805,0.0081340321997736
4.8100000000000005,0.0076411498343311735
4.815,0.00717969090847248
4.82,0.006750863459146217
4.825,0.006355320536568954
4.83,0.005993201155540362
4.835,0.005664177580317897
4.84,0.005367507298135621
4.845,0.005102088127284077
4.8500000000000005,0.004866515030609975
4.855,0.00465913735414869
4.86,0.004478115378628189
4.865,0.004321475242452522
4.87,0.004187161466559175
4.875,0.004073086477201393
4.88,0.003977176671936533
4.885,0.0038974147136219273
4.89,0.003831877851359078
4.8950000000000005,0.003778772168655742
4.9,0.0037364627341176515
4.905,0.0037034996908686946
4.91,0.0036786403585874483
4.915,0.003660867446812266
4.92,0.0036494034836949546
4.925,0.003643721562073725
4.93,0.0036435524866887704
4.9350000000000005,0.0036488883837149516
4.94,0.00365998280621721
4.945,0.003677347335616865
4.95,0.00370174464870876
4.955,0.00373417799073561
4.96,0.003775876970651737
4.965,0.003828279578942606
4.97,0.0038930103228005386
4.9750000000000005,0.0039718543798317185
4.98,0.004066727693627925
4.985,0.004179642973337394
4.99,0.004312671616664154
4.995,0.004467901652007278
5.0,0.004647391892761199
5.005,0.004853122612917815
5.01,0.0050869431886528815
5.015,0.005350517301266677
5.0200000000000005,0.0056452664600588065
5.025,0.005972312776385991
5.03,0.006332422091256618
5.035,0.006725948725470943
5.04,0.007152783275124364
5.045,0.007612304997895336
5.05,0.008103340431553363
5.055,0.008624129929774682
5.0600000000000005,0.009172303791103786
5.065,0.009744869585233573
5.07,0.01033821213249908
5.075,0.010948107372851013
5.08,0.011569751061195177
5.085,0.012197802856928064
5.09,0.012826445929334795
5.095,0.013449461716351863
5.1000000000000005,0.014060318936785166
5.105,0.014652275409211768
5.11,0.015218490693463593
5.115,0.015752147060943855
5.12,0.01624657585517042
5.125,0.016695385948260366
5.13,0.017092590750799275
5.135,0.01743273011439328
5.14,0.017710983500947464
5.1450000000000005,0.017923270956572424
5.15,0.018066338767702916
5.155,0.018137827124448336
5.16,0.018136317700019333
5.165,0.01806135973098577
5.17,0.01791347390389575
5.175,0.0176941341252288
5.18,0.01740572799346296
5.1850000000000005,0.017051497497998724
5.19,0.01663546209919886
5.195,0.01616232686476593
5.2,0.015637378738237118
5.205,0.015066374273782657
5.21,0.014455422293099929
5.215,0.013810864894697517
5.22,0.013139160098791791
5.2250000000000005,0.012446769142268721
5.23,0.011740051082764325
5.235,0.011025166941326603
5.24,0.010307995142767368
5.245,0.009594059517155529
5.25,0.008888470639099921
5.255,0.008195880812742473
5.26,0.007520452583602122
5.265,0.006865840281179203
5.2700000000000005,0.006235183786852616
5.275,0.005631113464716009
5.28,0.005055765017555558
5.285,0.004510802904867717
5.29,0.003997450902515354
5.295,0.003516528376026784
5.3,0.0030684908714384562
5.305,0.0026534737065553315
5.3100000000000005,0.002271337337560908
5.315,0.0019217133987687873
5.32,0.0016040504392655919
5.325,0.0013176585145360242
5.33,0.0010617519227649197
5.335,0.0008354894986326578
5.34,0.0006380119975897269
5.345,0.00046847620124634837
5.3500000000000005,0.00032608546742729505
5.355,0.00021011652529201452
5.36,0.00011994237091450533
5.365,5.5051173516312835e-05
5.37,1.506113099807721e-05
5.375,-2.687558338049321e-07
5.38,8.967988597136795e-06
5.385,4.2827879172063765e-05
5.39,0.00010151592308388357
5.3950000000000005,0.00018537996253431555
5.4,0.00029490091480999236
5.405,0.00043067892388370943
5.41,0.0005934154524813717
5.415,0.0007838913657272073
5.42,0.0010029410912686387
5.425,0.0012514229815763223
5.43,0.0015301860666872003
5.4350000000000005,0.001840033451030898
5.44,0.002181682702106613
5.445,0.0025557236683955153
5.45,0.0029625742878698347
5.455,0.0034024350620445176
5.46,0.0038752430076307576
5.465,0.004380626026255996
5.47,0.004917858766068761
5.4750000000000005,0.005485821169889604
5.48,0.006082961007352949
5.485,0.006707261769012263
5.49,0.007356217348405636
5.495,0.008026814936823001
5.5,0.00871552751359772
5.505,0.009418317208378824
5.51,0.01013065064339358
5.515,0.010847527135467772
5.5200000000000005,0.011563520332096289
5.525,0.012272833502660063
5.53,0.012969368284011296
5.535,0.013646806224539176
5.54,0.014298701985030249
5.545,0.014918586557090663
5.55,0.015500078386498473
5.555,0.016036999840672195
5.5600000000000005,0.016523496087515355
5.565,0.01695415315987603
5.57,0.01732411179779092
5.575,0.017629173611361182
5.58,0.01786589618090062
5.585,0.01803167394631089
5.59,0.018124802095989878
5.595,0.01814452116352072
5.6000000000000005,0.018091040641181166
5.605,0.017965540611548647
5.61,0.017770151134435253
5.615,0.017507909893943463
5.62,0.01718269934349337
5.625,0.016799165283472917
5.63,0.016362619410500656
5.635,0.015878928859766717
5.64,0.015354396134643622
5.6450000000000005,0.014795633022323784
5.65,0.014209432157606727
5.655,0.013602639827340113
5.66,0.012982033371660151
5.665,0.012354206229645115
5.67,0.011725463230419564
5.675,0.011101728251016851
5.68,0.010488465819321391
5.6850000000000005,0.009890617698097515
5.69,0.009312554943697648
5.695,0.008758045431079609
5.7,0.008230236385372791
5.705,0.007731651064965206
5.71,0.007264198428607926
5.715,0.006829194377543146
5.72,0.0064273929974341115
5.7250000000000005,0.006059026137043233
5.73,0.005723849633946898
5.735,0.005421194531750828
5.74,0.005150021713703268
5.745,0.004908978499297945
5.75,0.004696455892968743
5.755,0.00451064534128065
5.76,0.004349594024303904
5.765,0.004211257880668562
5.7700000000000005,0.004093551731238598
5.775,0.003994396020619462
5.78,0.003911759835900863
5.785,0.0038436999819913
5.79,0.0037883959965476777
5.795,0.003744181066583918
5.8,0.0037095688740024224
5.805,0.003683276437217664
5.8100000000000005,0.003664243044716853
5.815,0.0036516453849416985
5.82,0.0036449089746226765
5.825,0.0036437159744934096
5.83,0.0036480094583032363
5.835,0.003657994173174639
5.84,0.0036741337986369027
5.845,0.003697144679633446
5.8500000000000005,0.0037279859779477675
5.855,0.0037678461637145055
5.86,0.00381812574872753
5.865,0.0038804161564334194
5.87,0.003956474628107998
5.875,0.004048195082769546
5.88,0.004157574884175119
5.885,0.004286677522861382
5.89,0.004437591291928555
5.8950000000000005,0.004612384131084113
5.9,0.004813054924406757
5.905,0.005041481669330494
5.91,0.005299367083694051
5.915,0.005588182377513462
5.92,0.005909110088870406
5.925,0.006262987052911839
5.93,0.006650248745138754
5.9350000000000005,0.007070876391109593
5.94,0.007524348371696021
5.945,0.008009597545619584
5.95,0.008524976174403065
5.955,0.00906823012994451
5.96,0.009636484007071289
5.965,0.010226238631425133
5.97,0.010833382246314471
5.9750000000000005,0.01145321637620711
5.98,0.012080497009460345
5.985,0.012709491310303633
5.99,0.013334049592039321
5.995,0.013947691753017466
6.0,0.014543706832764514
6.005,0.015115263801281031
6.01,0.015655531181042903
6.015000000000001,0.016157802639394703
6.0200000000000005,0.016615625316802607
6.025,0.017022927383202102
6.03,0.017374141178017055
6.035,0.017664318283244995
6.04,0.01788923303286083
6.045,0.018045471255774714
6.05,0.01813050148562212
6.055,0.018142726433318046
6.0600000000000005,0.018081513165910224
6.065,0.01794720116861015
6.07,0.017741088216141065
6.075,0.017465394736944972
6.08,0.017123208069982354
6.085,0.016718408653421335
6.09,0.01625558073748934
6.095,0.01573991062651814
6.1000000000000005,0.015177075751250158
6.105,0.014573128011853953
6.11,0.013934374841756636
6.115,0.013267261305607292
6.12,0.012578256310007419
6.125,0.011873745655652357
6.13,0.01115993424477324
6.135,0.010442759294420512
6.140000000000001,0.009727815912405902
6.1450000000000005,0.009020295901706277
6.15,0.008324940186692942
6.155,0.0076460048181239415
6.16,0.00698724012979568
6.165,0.006351882289765243
6.17,0.005742656230768972
6.175,0.005161788748605289
6.18,0.004611030423397722
6.1850000000000005,0.00409168495121115
6.19,0.0036046444544322043
6.195,0.003150429368291796
6.2,0.0027292315652296395
6.205,0.002340959477766802
6.21,0.0019852840896863455
6.215,0.001661684798044405
6.22,0.0013694942772066732
6.2250000000000005,0.0011079416099493145
6.23,0.0008761930794034534
6.235,0.0006733901275446375
6.24,0.0004986840987921681
6.245,0.0003512674734427179
6.25,0.00023040137827812224
6.255,0.00013543922048442347
6.26,6.584634684278501e-05
6.265000000000001,2.1215660723564178e-05
6.2700000000000005,1.2791622460658382e-06
6.275,5.915389546650579e-06
6.28,3.515275291919584e-05
6.285,8.916875721065587e-05
6.29,0.0001682851145337061
6.295,0.0002729587518808252
6.3,0.00040376872629299676
6.305,0.0005613990743131847
6.3100000000000005,0.0007466176413721826
6.315,0.0009602509676063242
6.32,0.0012031553504754378
6.325,0.0014761842547050819
6.33,0.0017801523161065091
6.335,0.0021157962612594616
6.34,0.0024837331694325115
6.345,0.0028844166090360446
6.3500000000000005,0.0033180913039316806
6.355,0.0037847471156151613
6.36,0.004284073255995224
6.365,0.00481541378347039
6.37,0.005377725550523849
6.375,0.005969539888317499
6.38,0.006588929387856268
6.385,0.00723348120256162
6.390000000000001,0.007900278297011454
6.3950000000000005,0.008585890040141209
6.4,0.009286373439827855
6.405,0.009997286167720887
6.41,0.010713712298738187
6.415,0.01143030140370982
6.42,0.012141321284115492
6.425,0.012840724234202128
6.43,0.013522226260768377
6.4350000000000005,0.014179398209844152
6.44,0.014805767256337532
6.445,0.015394926729431546
6.45,0.01594065179209636
6.455,0.016437018105680323
6.46,0.016878520302995526
6.465,0.01726018688486164
6.47,0.017577688082184295
6.4750000000000005,0.01782743327726166
6.48,0.01800665477829
6.485,0.01811347508464678
6.49,0.01814695524267762
6.495,0.018107122488707716
6.5,0.017994976037805088
6.505,0.017812470623809418
6.51,0.01756247814211065
6.515000000000001,0.017248728509869693
6.5200000000000005,0.016875731542491224
6.525,0.016448682288306316
6.53,0.015973352757768566
6.535,0.015455973383250665
6.54,0.014903107782412661
6.545,0.014321524485474413
6.55,0.013718069241800634
6.555,0.013099541318883468
6.5600000000000005,0.012472576903409305
6.565,0.01184354229684459
6.57,0.011218439121027046
6.575,0.01060282321408934
6.58,0.010001738355526868
6.585,0.009419665412252698
6.59,0.008860486990450056
6.595,0.008327467210420991
6.6000000000000005,0.007823245819494673
6.605,0.007349845529596166
6.61,0.006908691206533035
6.615,0.006500639364434235
6.62,0.006126016312176574
6.625,0.005784663261357181
6.63,0.005475986732228932
6.635,0.0051990126617251775
6.640000000000001,0.0049524427369878055
6.6450000000000005,0.00473471161445449
6.65,0.004544043847672263
6.655,0.004378509520066132
6.66,0.004236077747120426
6.665,0.004114667384657267
6.67,0.0040121944337085935
6.675,0.003926615776123299
6.68,0.0038559690008668213
6.6850000000000005,0.003798408183806057
6.69,0.0037522355717414246
6.695,0.003715929186071887
6.7,0.003688166407603388
6.705,0.0036678436342000853
6.71,0.0036540921148507377
6.715,0.0036462900640476872
6.72,0.003644071148223388
6.7250000000000005,0.003647329415090661
6.73,0.0036562207097558808
6.735,0.0036711605902688405
6.74,0.003692818724196467
6.745,0.0037221097164896744
6.75,0.0037601802931059858
6.755,0.0038083927461425304
6.76,0.0038683045355210055
6.765000000000001,0.003941643944224804
6.7700000000000005,0.0040302817010813285
6.775,0.00413619851531255
6.78,0.004261448520409772
6.785,0.004408118689645413
6.79,0.004578284379891606
6.795,0.004773961265643223
6.8,0.004997054056065764
6.805,0.00524930253075695
6.8100000000000005,0.0055322255928498265
6.815,0.005847064203118535
6.82,0.0061947242353799226
6.825,0.006575720460007872
6.83,0.006990123023994599
6.835,0.007437507929001441
6.84,0.00791691312048215
6.845,0.008426801858853139
6.8500000000000005,0.008965035062523441
6.855,0.009528854260743458
6.86,0.01011487667417299
6.865,0.010719103754958326
6.87,0.011336944240976976
6.875,0.011963252439066707
6.88,0.012592382035418126
6.885,0.013218255253896416
6.890000000000001,0.013834446669548583
6.8950000000000005,0.014434280435295932
6.9,0.015010939134729284
6.905,0.015557581955718547
6.91,0.016067469400098844
6.915,0.0165340913603913
6.92,0.016951295095211094
6.925,0.01731340947740989
6.93,0.017615361848847044
6.9350000000000005,0.017852783950978335
6.94,0.018022103658758226
6.945,0.01812061965980405
6.95,0.018146556762310695
6.955,0.018099100147331626
6.96,0.017978407600686808
6.965,0.017785599511853434
6.97,0.017522727178054254
6.9750000000000005,0.017192720691156183
6.98,0.01679931832809345
6.985,0.01634697994267853
6.99,0.015840787299826076
6.995,0.015286334605157492
7.0,0.01468961265737434
7.005,0.014056890080240692
7.01,0.013394594984735164
7.015000000000001,0.01270920018981414
7.0200000000000005,0.012007114803957109
7.025,0.01129458456284027
7.03,0.010577602863723001
7.035,0.009861833944739828
7.04,0.00915254916871433
7.045,0.00845457688891571
7.05,0.007772265933585487
7.055,0.007109462346658546
7.0600000000000005,0.006469498689421371
7.065,0.005855194926756013
7.07,0.005268869720010727
7.075,0.0047123608028591946
7.08,0.004187053033916754
7.085,0.0036939126956596624
7.09,0.003233526627932193
7.095,0.0028061448439498093
7.1000000000000005,0.002411725368177464
7.105,0.0020499801451041577
7.11,0.0017204209951877658
7.115,0.0014224047256354844
7.12,0.0011551766368849137
7.125,0.0009179117918294288
7.13,0.0007097535388180809
7.135,0.0005298488809251101
7.140000000000001,0.0003773803861883973
7.1450000000000005,0.0002515944080249133
7.15,0.0001518254546253872
7.155,7.751659785990017e-05
7.16,2.8235851323651917e-05
7.165,3.688475491696319e-06
7.17,3.7251880452820324e-06
7.175,2.8346267039527917e-05
7.18,7.770154375968952e-05
7.1850000000000005,0.00015208628480373187
7.19,0.0002519329676234916
7.195,0.00037779896072676067
7.2,0.0005303501318263404
7.205,0.0007103404251416201
7.21,0.0009185874783566028
7.215,0.0011559443896502763
7.22,0.0014232677956789175
7.2250000000000005,0.0017213824911248565
7.23,0.002051042896655808
7.235,0.002412891782145543
7.24,0.002807416754145642
7.245,0.003234905142386779
7.25,0.0036953980440692646
7.255,0.004188644417741472
7.26,0.004714056253266818
7.265000000000001,0.005270665965388943
7.2700000000000005,0.005857087277471251
7.275,0.006471480940863472
7.28,0.00711152670729831
7.285,0.007774402981478801
7.29,0.00845677556145219
7.295,0.009154796787615993
7.3,0.00986411628261763
7.305,0.010579904249588878
7.3100000000000005,0.011296888032088503
7.315,0.012009402289688609
7.32,0.012711452755912234
7.325,0.013396793095548531
7.33,0.01405901390554476
7.335,0.014691642403381167
7.34,0.01528825086618113
7.345,0.015842571423601015
7.3500000000000005,0.01634861439493207
7.355,0.01680078705269139
7.36,0.017194009451081627
7.365,0.01752382386721507
7.37,0.017786494432037614
7.375,0.017979093687593206
7.38,0.018099573144915837
7.385,0.018146815336571365
7.390000000000001,0.01812066544576396
7.3950000000000005,0.0180219412430489
7.4,0.017852420786184098
7.405,0.017614808104049473
7.41,0.01731267782934509
7.415,0.01695040046427465
7.42,0.016533050602411947
7.425,0.016066300961306013
7.43,0.015556305500162182
7.4350000000000005,0.015009575157918675
7.44,0.014432849871511166
7.445,0.013832970506300057
7.45,0.013216754159639521
7.455,0.012590876014023422
7.46,0.011961760514129338
7.465,0.011335484178726318
7.47,0.010717691830226528
7.4750000000000005,0.010113527481106388
7.48,0.009527580570622973
7.485,0.008963847729180685
7.49,0.008425709768790313
7.495,0.007915923187489682
7.5,0.0074366251275819195
7.505,0.006989350458542987
7.51,0.006575059466145561
7.515000000000001,0.006194174505719019
7.5200000000000005,0.005846623935855888
7.525,0.005531891654856125
7.53,0.0052490706332744
7.535,0.004996918935999517
7.54,0.004773916870611572
7.545,0.004578324051514038
7.55,0.0044082353436181165
7.555,0.004261634819197724
7.5600000000000005,0.004136447032593971
7.565,0.004030585075650794
7.57,0.0039419950223567035
7.575,0.003868696500608948
7.58,0.003808819235594507
7.585,0.003760635501789178
7.59,0.003722588486858691
7.595,0.0036933166231717385
7.6000000000000005,0.0036716739728536174
7.605,0.003656746770033331
7.61,0.0036478662243150523
7.615,0.003644617680515447
7.62,0.0036468462098550973
7.625,0.0036546586822144567
7.63,0.003668422337762378
7.635,0.0036887598452137738
7.640000000000001,0.0037165408032562297
7.6450000000000005,0.0037528696133386497
7.65,0.0037990696327221407
7.655,0.0038566635040453434
7.66,0.00392734955690921
7.665,0.004012974191203611
7.67,0.004115500179443288
7.675,0.004236970874066159
7.68,0.004379470368656158
7.6850000000000005,0.0045450797501152
7.69,0.00473582968367392
7.695,0.004953649695087492
7.7,0.0052003146614847395
7.705,0.005477389174547653
7.71,0.005786170610328156
7.715,0.006127631912647757
7.72,0.006502365265882659
7.7250000000000005,0.006910527996419447
7.73,0.0073517921829768795
7.735,0.007825299567453925
7.74,0.008329623434832456
7.745,0.008862739148703724
7.75,0.009422004995592204
7.755,0.010004154888378025
7.76,0.010605304294465157
7.765000000000001,0.011220970506705896
7.7700000000000005,0.011846108039311076
7.775,0.012475159527024715
7.78,0.0131021220478722
7.785,0.013720628268675483
7.79,0.014324041279845545
7.795,0.014905561431611147
7.8,0.015458342959586702
7.805000000000001,0.015975617702149947
7.8100000000000005,0.016450822802177356
7.815,0.016877728976012918
7.82,0.01725056573703654
7.825,0.017564139911911525
7.83,0.01781394387531776
7.835,0.01799625017311257
7.84,0.018108189592005886
7.845,0.018147810240968454
7.8500000000000005,0.018114115844682033
7.855,0.018007082137756925
7.86,0.017827651007664258
7.865,0.017577702788209137
7.87,0.01726000784045567
7.875,0.01687815923355629
7.88,0.016436488920536618
7.885,0.015939970277447202
7.890000000000001,0.015394110212341161
7.8950000000000005,0.014804834246806564
7.9,0.0141783680365144
7.905,0.013521118704311164
7.91,0.012839559173098536
7.915,0.012140118357784502
7.92,0.011429079703692224
7.925,0.010712490090952542
7.930000000000001,0.009996080652125983
7.9350000000000005,0.009285200552003658
7.94,0.008584764292958624
7.945,0.00789921266672522
7.95,0.007232487055219394
7.955,0.006588016447707901
7.96,0.005968716240575489
7.965,0.00537699767996358
7.97,0.004814786641095026
7.9750000000000005,0.004283550351585674
7.98,0.003784330630862698
7.985,0.0033177822214494057
7.99,0.0028842148531893486
7.995,0.0024836377557724276
8.0,0.002115805448157815
8.005,0.0017802637589063863
8.01,0.0014763951558451893
8.015,0.001203462605211758
8.02,0.0009606513027056174
8.025,0.0007471077437020135
8.03,0.0005619757102199863
8.035,0.0004044288478632918
8.040000000000001,0.00027369959187284465
8.045,0.00016910426706595594
8.05,9.006424517521427e-05
8.055,3.6123081412320346e-05
8.06,6.9595847488612694e-06
8.065,2.396795971317499e-06
8.07,2.2406860797484496e-05
8.075,6.711179246587928e-05
8.08,0.0001367801233236321
8.085,0.00023181944928207798
8.09,0.0003527648751866508
8.095,0.000500263383386601
8.1,0.0006750541615971883
8.105,0.0008779449538280915
8.11,0.0011097845393797101
8.115,0.0013714314844723852
8.120000000000001,0.0016637193904003311
8.125,0.001987418922993811
8.13,0.002343197014504028
8.135,0.0027315737251241146
8.14,0.003152877376729535
8.145,0.0036071986888721597
8.15,0.004094344791674587
8.155,0.004613794107720892
8.16,0.005164653239406292
8.165000000000001,0.0057456170953784635
8.17,0.00635493360069006
8.175,0.006990374387846998
8.18,0.007649212902460789
8.185,0.008328211339470926
8.19,0.009023617745633317
8.195,0.00973117450922345
8.2,0.01044613924316451
8.205,0.01116331882425925
8.21,0.011877117006953597
8.215,0.012581595662258138
8.22,0.013270549239582152
8.225,0.013937591587875886
8.23,0.014576253776873216
8.235,0.015180091066881118
8.24,0.01574279671202916
8.245000000000001,0.016258319865269044
8.25,0.016720984510776304
8.255,0.017125606103455482
8.26,0.017467602471704424
8.265,0.017743095536928877
8.27,0.017949000558381556
8.275,0.018083099889096843
8.28,0.018144098660144437
8.285,0.01813166035243796
8.290000000000001,0.01804642085926389
8.295,0.01788998035613787
8.3,0.017664873058400588
8.305,0.0173745156867966
8.31,0.017023136203548006
8.315,0.01661568502075994
8.32,0.016157731454487845
8.325,0.0156553486215536
8.33,0.015114990283723984
8.335,0.014543363282967903
8.34,0.013947299218216358
8.345,0.013333628865556335
8.35,0.012709062579713049
8.355,0.012080079535202515
8.36,0.011452828206415688
8.365,0.010833039974318837
8.370000000000001,0.010225957197949498
8.375,0.009636276549318978
8.38,0.009068107877826748
8.385,0.008524948392807374
8.39,0.008009671520582629
8.395,0.007524529437169747
8.4,0.007071167992114269
8.405,0.006650652532661283
8.41,0.006263503006827875
8.415000000000001,0.005909736661600107
8.42,0.005588916655698384
8.425,0.0053002049615482605
8.43,0.005042418029814755
8.435,0.0048140838235077865
8.44,0.004613498982392272
8.445,0.004438785047184979
8.45,0.004287942846796788
8.455,0.004158904320537893
8.46,0.004049581210613162
8.465,0.003957910206489057
8.47,0.003881894256585472
8.475,0.0038196398737442294
8.48,0.0037693903544957497
8.485,0.0037295549059573885
8.49,0.0036987337265221853
8.495000000000001,0.0036757391224552793
8.5,0.003659612761715031
8.505,0.003649639169938941
8.51,0.0036453555661975848
8.515,0.0036465581179316794
8.52,0.0036533046695259586
8.525,0.003665913969931489
8.53,0.0036849613911477674
8.535,0.0037112711004899657
8.540000000000001,0.003745904619242957
8.545,0.003790145680173662
8.55,0.0038454812812833694
8.555,0.003913578830260889
8.56,0.003996259286298098
8.565,0.004095466229800948
8.57,0.004213230834355208
8.575000000000001,0.0043516327787447295
8.58,0.004512757216298624
8.585,0.004698648022129603
8.59,0.004911257660582535
8.595,0.005152394152339923
8.6,0.0054236657781032704
8.605,0.005726424319313139
8.61,0.006061707810570027
8.615,0.006430183948442192
8.620000000000001,0.006832095467531829
8.625,0.007267208936891478
8.63,0.007734768553849136
8.635,0.008233456589916699
8.64,0.008761362176933574
8.645,0.0093159601001922
8.65,0.009894101168583802
8.655,0.010492015574399716
8.66,0.011105330405886349
8.665000000000001,0.011729102169336869
8.67,0.012357864776951999
8.675,0.012985693009326837
8.68,0.013606280956473427
8.685,0.01421303439968824
8.69,0.014799175553353194
8.695,0.015357858049181772
8.700000000000001,0.0158822895504116
8.705,0.016365858959730417
8.71,0.01680226485235181
8.715,0.017185641550113928
8.72,0.01751067916936222
8.725,0.017772734044442018
8.73,0.01796792613837539
8.735,0.018093220412445987
8.74,0.01814648962363208
8.745000000000001,0.018126556615897016
8.75,0.018033214865276648
8.755,0.017867226783252477
8.76,0.017630300035811786
8.765,0.017325042885822484
8.77,0.016954900246147986
8.775,0.01652407274179879
8.78,0.016037421566661436
8.785,0.015500362289976977
8.790000000000001,0.014918750992265473
8.795,0.014298766189071443
8.8,0.013646789951586413
8.805,0.012969291447287645
8.81,0.012272715834082959
8.815,0.011563381067219325
8.82,0.010847384729693488
8.825000000000001,0.010130522525077623
8.83,0.00941821957057698
8.835,0.008715475150498975
8.84,0.008026821119564431
8.845,0.0073562937459392685
8.85,0.006707418407218668
8.855,0.006083206267058827
8.86,0.005486161818545554
8.865,0.00491830001957716
8.870000000000001,0.004381171637701797
8.875,0.0038758953763000648
8.88,0.0034031953604269916
8.885,0.0029634426008477988
8.89,0.002556699140850327
8.895,0.0021827636914339976
8.9,0.0018412176805115976
8.905,0.0015314707770368585
8.91,0.001252805078252095
8.915000000000001,0.0010044172835770304
8.92,0.0007854582989632597
8.925,0.0005950698283174738
8.93,0.0004324176098327026
8.935,0.0002967210410219634
8.94,0.0001872790058250473
8.945,0.00010349177667529075
8.950000000000001,4.487890907914349e-05
8.955,1.1093074975522532e-05
8.96,1.9298095928577206e-06
8.965,1.7333152589067702e-05
8.97,5.739718185643339e-05
8.975,0.0001223634340611346
8.98,0.00021261421796192614
8.985,0.00032866182643132014
8.99,0.00047113366636741816
8.995000000000001,0.0006407533388661513
9.0,0.0008383177294035704
9.005,0.0010646702006322784
9.01,0.0013206700297305751
9.015,0.0016071582913204097
9.02,0.0019249204639404383
9.025,0.0022746461276703656
9.03,0.0026568862211373556
9.035,0.0030720084465247766
9.040000000000001,0.0035201515308944664
9.045,0.004001179189408788
9.05,0.004514634763202352
9.055,0.005059697638641225
9.06,0.005635142669428106
9.065,0.006239303921315553
9.07,0.006870044136082498
9.075000000000001,0.007524731338904189
9.08,0.008200224015610047
9.085,0.008892866215148842
9.09,0.00959849382116218
9.095,0.010312453049735382
9.1,0.011029631979798893
9.105,0.01174450561059004
9.11,0.012451194564690127
9.115,0.013143537123937676
9.120000000000001,0.013815173826742466
9.125,0.01445964335251304
9.13,0.015070487943745547
9.135,0.015641366123798406
9.14,0.016166170059040752
9.145,0.016639144546374496
9.15,0.017055004340619462
9.155,0.017409046397560246
9.16,0.017697253569210147
9.165000000000001,0.017916386424353448
9.17,0.018064060117403358
9.175,0.01813880362945497
9.18,0.01814009923434412
9.185,0.018068400661512385
9.19,0.017925129142618346
9.195,0.017712647266492354
9.200000000000001,0.017434211336642136
9.205,0.01709390365238761
9.21,0.016696546804837453
9.215,0.01624760266075498
9.22,0.015753059165216854
9.225,0.015219308418132016
9.23,0.01465301965646404
9.235,0.014061010798794626
9.24,0.013450122097403039
9.245000000000001,0.012827095188232107
9.25,0.012198460479421414
9.255,0.011570435367801224
9.26,0.010948835267541313
9.265,0.010338998896969542
9.27,0.009745728718186797
9.275,0.0091732468966228
9.28,0.008625166650563898
9.285,0.008104478427398476
9.290000000000001,0.00761354996490482
9.295,0.007154139002775395
9.3,0.00672741718595482
9.305,0.006334003557229906
9.31,0.0059740059618995645
9.315,0.005647068678733547
9.32,0.005352424638447317
9.325000000000001,0.00508895068115045
9.33,0.004855224433409688
9.335,0.0046495815346343505
9.34,0.004470172110957904
9.345,0.004315015567009972
9.35,0.004182052935981062
9.355,0.004069196194576019
9.36,0.003974374096877398
9.365,0.003895574220734055
9.370000000000001,0.0038308810313512076
9.375,0.0037785098688360996
9.38,0.0037368368391510476
9.385,0.003704424646803317
9.39,0.0036800444470734828
9.395,0.0036626938145835064
9.4,0.0036516109358936677
9.405,0.0036462851233413918
9.41,0.0036464637359847098
9.415000000000001,0.003652155565776957
9.42,0.0036636307203347374
9.425,0.0036814170004038083
9.43,0.003706292740748518
9.435,0.0037392760518020207
9.44,0.0037816103775676346
9.445,0.0038347462698529178
9.450000000000001,0.0039003192726609903
9.455,0.003980123819888881
9.46,0.00407608307078533
9.465,0.004190214649137047
9.47,0.004324592309083108
9.475,0.004481303629234823
9.48,0.004662403935556725
9.485,0.004869866768679287
9.49,0.005105531351418335
9.495000000000001,0.005371047660171158
9.5,0.0056678198704886995
9.505,0.005996949119527528
9.51,0.006359176696252078
9.515,0.006754828942943547
9.52,0.007183765293977018
9.525,0.007645331010266432
9.53,0.008138316250089872
9.535,0.008660923165990653
9.540000000000001,0.00921074269978206
9.545,0.009784742671868685
9.55,0.010379268610314796
9.555,0.01099005853853896
9.56,0.01161227263849085
9.565,0.01224053832634553
9.57,0.012869010840340422
9.575000000000001,0.013491448937465123
9.58,0.014101304769933876
9.585,0.014691826456530777
9.59,0.015256171334133484
9.595,0.015787527361641907
9.6,0.016279239716133986
9.605,0.016724939264300076
9.61,0.017118669356321448
9.615,0.017455007281007795
9.620000000000001,0.017729176757676157
9.625,0.017937148026298644
9.63,0.018075722431774466
9.635,0.018142598865246384
9.64,0.01813642001145155
9.645,0.018056797028272342
9.65,0.017904312016703727
9.655,0.017680498404843092
9.66,0.017387800106973827
9.665000000000001,0.017029511033747724
9.67,0.016609697135638868
9.675,0.016133103690197714
9.68,0.015605050925305619
9.685,0.01503132132843632
9.69,0.0144180420976312
9.695,0.01377156615841102
9.700000000000001,0.01309835501946921
9.705,0.012404866456439123
9.71,0.01169744966237829
9.715,0.010982250061339016
9.72,0.010265125515982021
9.725,0.009551575158795345
9.73,0.00884668159641322
9.735,0.00815506676222455
9.74,0.0074808612752512715
9.745000000000001,0.006827686789115717
9.75,0.006198650502282632
9.755,0.005596350760068702
9.76,0.005022892496407749
9.765,0.004479911148594695
9.77,0.0039686036238837374
9.775,0.003489764886912994
9.78,0.003043828781220448
9.785,0.002630911767933064
9.790000000000001,0.002250858367028208
9.795,0.0019032872053106331
9.8,0.001587636704095452
9.805,0.001303209572401265
9.81,0.0010492154038530543
9.815,0.0008248107990693754
9.82,0.0006291365501447377
9.825000000000001,0.000461351527552889
9.83,0.0003206629971909125
9.835,0.00020635317037687173
9.84,0.00011780184797177684
9.845,5.450507079812761e-05
9.85,1.6089716097719697e-05
9.855,2.3240105613540104e-06
9.86,1.3123942416592982e-05
9.865,4.855556301483488e-05
9.870000000000001,0.00010883317895893363
9.875,0.00019431343338649487
9.88,0.0003054852856972934
9.885,0.00044295590321907774
9.89,0.0006074324970049005
9.895,0.0007997001527884073
9.9,0.00102059574492408
9.905,0.0012709780633688439
9.91,0.0015516943439273234
9.915000000000001,0.0018635434628961889
9.92,0.002207236147580005
9.925,0.002583352648644066
9.93,0.002992298442495489
9.935,0.003434258645880206
9.94,0.003909151965489244
9.945,0.004416585128467432
9.950000000000001,0.0049558088789307675
9.955,0.005525676739470242
9.96,0.0061246078421675065
9.965,0.006750555213585585
9.97,0.007400980934434642
9.975,0.008072839606970916
9.98,0.008762571498476035
9.985,0.009466106635283467
9.99,0.010178880940529211
9.995000000000001,0.010895865275870165
10.0,0.01161160794473659
10.005,0.012320290849778814
10.01,0.013015799076836032
10.015,0.013691803220279297
10.02,0.014341853274697058
10.025,0.014959482424266923
10.03,0.015538318586685307
10.035,0.016072201124529784
10.040000000000001,0.016555299771429333
10.045,0.016982232529137775
10.05,0.017348179126791763
10.055,0.017648986575466097
10.06,0.01788126345820018
10.065,0.018042459813536027
10.07,0.018130929861477796
10.075000000000001,0.0181459753070925
10.08,0.01808786757884917
10.085,0.017957848044133584
10.09,0.017758105990736794
10.095,0.017491734923908098
10.1,0.017162668466703224
10.105,0.01677559783691862
10.11,0.016335873472442586
10.115,0.015849393859852512
10.120000000000001,0.015322484972294603
10.125,0.014761773925926036
10.13,0.014174060519000165
10.135,0.013566190229258979
10.14,0.012944932017134647
10.145,0.012316863949926926
10.15,0.011688269221469483
10.155,0.011065044657101453
10.16,0.010452623243971004
10.165000000000001,0.009855911690884511
10.17,0.009279243475404542
10.175,0.008726347343461782
10.18,0.008200330768936226
10.185,0.007703677501460504
10.19,0.007238258013710919
10.195,0.00680535142822869
10.200000000000001,0.006405677339454741
10.205,0.006039435866160403
10.21,0.005706354242986933
10.215,0.005405738301153207
10.22,0.005136527268572166
10.225,0.0048973504456331085
10.23,0.004686584454595355
10.235,0.004502409931007811
10.24,0.004342866692715219
10.245000000000001,0.004205906597765541
10.25,0.004089443465636222
10.255,0.003991399590355549
10.26,0.003909748514024258
10.265,0.0038425538465847175
10.27,0.0037880040198423615
10.275,0.0037444429439734694
10.28,0.003710396596179999
10.285,0.003684595610171315
10.290000000000001,0.0036659939650833806
10.295,0.003653783876366723
10.3,0.003647406992308845
10.305,0.0036465619822739527
10.31,0.0036512085815090523
10.315,0.0036615681291071733
10.32,0.0036781206037872494
10.325000000000001,0.0037015981306043333
10.33,0.0037329749026959735
10.335,0.0037734534363211836
10.34,0.0038244470617536663
10.345,0.003887558543966829
10.35,0.003964554733502101
10.355,0.004057337166989861
10.36,0.00416790857346605
10.365,0.004298335297933775
10.370000000000001,0.004450705727690796
10.375,0.004627084900538314
10.38,0.004829465589683224
10.385,0.005059716291178518
10.39,0.005319526690904297
10.395,0.005610351348336096
10.4,0.005933352506454881
10.405,0.006289343110656986
10.41,0.00667873128407237
10.415000000000001,0.0071014676643255115
10.42,0.007556997135250043
10.425,0.008044216583598995
10.43,0.008561440364289297
10.435,0.009106375153756119
10.44,0.009676105809582225
10.445,0.010267093712144515
10.450000000000001,0.010875188858939566
10.455,0.011495656687877442
10.46,0.012123220245804589
10.465,0.012752117885714398
10.47,0.013376176188543809
10.475,0.013988897280366785
10.48,0.014583559163593662
10.485,0.015153327146581574
10.49,0.01569137393368436
10.495000000000001,0.01619100549208241
10.5,0.016645789437085057
10.505,0.01704968241763538
10.51,0.017397152849767394
10.515,0.017683295356746953
10.52,0.017903933429913366
10.525,0.018055707133740384
10.53,0.018136143118724135
10.535,0.018143704778331937
10.540000000000001,0.018077821037941533
10.545,0.01793889299828777
10.55,0.01772827841135438
10.555,0.017448254716086353
10.56,0.01710196207832837
10.565,0.016693328513905925
10.57,0.016226979713593437
10.575000000000001,0.015708136601471523
10.58,0.015142503939937768
10.585,0.014536153426501386
10.59,0.013895404724827642
10.595,0.013226707737590715
10.6,0.012536529174816735
10.605,0.011831246123971795
10.61,0.011117048908420912
10.615,0.010399855050970075
10.620000000000001,0.009685235672371562
10.625,0.008978355153725914
10.63,0.00828392443338899
10.635,0.007606167865308322
10.64,0.006948803189169794
10.645,0.006315033838710349
10.65,0.005707552556984297
10.655,0.005128555096405307
10.66,0.004579762654971731
10.665000000000001,0.004062451630145958
10.67,0.003577489262331923
10.675,0.0031253737651724123
10.68,0.002706277614085373
10.685,0.0023200927562081475
10.69,0.001966476621871216
10.695,0.0016448979471066494
10.700000000000001,0.0013546815484262176
10.705,0.001095051322242746
10.71,0.0008651708687001936
10.715,0.0006641812574992301
10.72,0.0004912355551878189
10.725,0.000345529827619373
10.73,0.00022633040754282963
10.735,0.00013299727896604052
10.74,6.500347974644494e-05
10.745000000000001,2.19504608748311e-05
10.75,3.579366165926221e-06
10.755,9.778212076521492e-06
10.76,4.058496067477213e-05
10.765,9.618648048342893e-05
10.77,0.0001769133977362891
10.775,0.00028323084301218326
10.78,0.0004157251073206858
10.785,0.0005750862334703566
10.790000000000001,0.0007620865924136133
10.795,0.0009775555215973952
10.8,0.0012223501494750266
10.805,0.0014973225808052604
10.81,0.0018032836932544427
10.815,0.002140963874825985
10.82,0.00251097113301757
10.825000000000001,0.0029137471169002893
10.83,0.0033495217156218615
10.835,0.003818267025808453
10.84,0.004319651614009601
10.845,0.004852996132349574
10.85,0.005417231464390326
10.855,0.006010860692830633
10.86,0.006631926253058751
10.865,0.007277983698614321
10.870000000000001,0.007946083503103551
10.875,0.008632762293540708
10.88,0.009334044802205455
10.885,0.010045457676490344
10.89,0.01076205605087921
10.895,0.01147846350352566
10.9,0.012188925659266658
10.905,0.012887377298831382
10.91,0.013567522370781404
10.915000000000001,0.014222925829962207
10.92,0.01484711572298636
10.925,0.0154336934629562
10.93,0.015976449789000924
10.935,0.016469483515979988
10.94,0.016907319881958927
10.945,0.017285025100470364
10.950000000000001,0.017598313658162112
10.955,0.017843644960635174
10.96,0.018018306138046114
10.965,0.018120478171603338
10.97,0.018149282981205772
10.975,0.018104809701583235
10.98,0.017988119062131602
10.985,0.017801225513053964
10.99,0.017547057507627528
10.995000000000001,0.01722939709083704
11.0,0.01685280064807415
11.005,0.016422503279649447
11.01,0.015944309775232313
11.015,0.015424475539195015
11.02,0.014869581051698333
11.025,0.014286403526387659
11.03,0.013681789372572695
11.035,0.01306253085670761
11.040000000000001,0.012435250051829883
11.045,0.011806292736540769
11.05,0.011181634426602471
11.055,0.01056680018791667
11.06,0.009966799328349651
11.065,0.009386075535342542
11.07,0.008828472504227136
11.075000000000001,0.008297214653300244
11.08,0.007794902114287794
11.085,0.007323518866890311
11.09,0.006884452631730653
11.095,0.006478524964645516
11.1,0.00610602989691067
11.105,0.005766779428928004
11.11,0.005460154218521751
11.115,0.005185157873023982
11.120000000000001,0.004940473377544663
11.125,0.004724520328414528
11.13,0.004535511807529424
11.135,0.004371509901874404
11.14,0.004230479046340108
11.145,0.004110336535262604
11.15,0.0040089997035046565
11.155,0.0039244294192619655
11.16,0.003854669656117249
11.165000000000001,0.0037978830123848173
11.17,0.003752382135283616
11.175,0.003716657065983342
11.18,0.003689398572186864
11.185,0.0036695175590476525
11.19,0.0036561606635482913
11.195,0.0036487221358302777
11.200000000000001,0.003646852097081215
11.205,0.0036504612446454088
11.21,0.0036597220452607715
11.215,0.0036750664277925282
11.22,0.003697179954343266
11.225,0.003726992418900732
11.23,0.0037656647961494816
11.235,0.003814572445094866
11.24,0.0038752844629232897
11.245000000000001,0.00394953908579021
11.25,0.004039215052799694
11.255,0.004146298880026933
11.26,0.0042728480449181205
11.265,0.004420950150316294
11.27,0.004592678229268898
11.275,0.00479004246145287
11.28,0.005014938701801697
11.285,0.0052690943677387025
11.290000000000001,0.005554012393716334
11.295,0.0058709141271098275
11.3,0.006220682217948692
11.305,0.0066038047188961
11.31,0.007020321773389071
11.315,0.007469776402160733
11.32,0.007951171004467739
11.325000000000001,0.0084629312509783
11.33,0.009002879053110036
11.335,0.00956821624347981
11.34,0.010155520476779145
11.345,0.01076075466293247
11.35,0.011379290975263245
11.355,0.012005950115252517
11.36,0.012635056111022891
11.365,0.013260506433784514
11.370000000000001,0.013875856707375789
11.375,0.014474418733680494
11.38,0.01504937001230644
11.385,0.015593872416541643
11.39,0.01610119721676284
11.395,0.016564853255104595
11.4,0.016978714793673078
11.405,0.017337145399629605
11.41,0.01763511420983832
11.415000000000001,0.01786830105044146
11.42,0.01803318716694946
11.425,0.01812712873284994
11.43,0.018148410862103503
11.435,0.01809628048014389
11.44,0.01797095714109531
11.445,0.017773621620342794
11.450000000000001,0.017506382877208182
11.455,0.017172224699628202
11.46,0.0167749339973291
11.465,0.016319013271331784
11.47,0.01580958022588419
11.475,0.015252257788002765
11.48,0.014653057972857653
11.485,0.014018263044427215
11.49,0.013354307313914404
11.495000000000001,0.012667662685892367
11.5,0.011964730730710471
11.505,0.011251743648784895
11.51,0.010534676040979463
11.515,0.009819168897720942
11.52,0.00911046673767757
11.525,0.008413368343138217
11.53,0.0077321911024483825
11.535,0.007070748575026542
11.540000000000001,0.006432340559751282
11.545,0.005819754682139688
11.55,0.005235278304063229
11.555,0.0046807194316969
11.56,0.004157435207144289
11.565,0.003666366557514067
11.57,0.0032080775882796786
11.575000000000001,0.0027827983785941868
11.58,0.002390469918626792
11.585,0.0020307900520073474
11.59,0.001703259402112245
11.595,0.0014072264025339898
11.6,0.001141930678342895
11.605,0.0009065441554652054
11.61,0.0007002093923904606
11.615,0.0005220747397938208
11.620000000000001,0.0003713260200128854
11.625,0.0002472145081446886
11.63,0.00014908105132155347
11.635,7.637622357556384e-05
11.64,2.8676445185157884e-05
11.645,5.696028622781575e-06
11.65,7.29512667608373e-06
11.655,3.3483575374179675e-05
11.66,8.442062468078104e-05
11.665000000000001,0.0001604105590504723
11.67,0.0002618942124997803
11.675,0.0003894363884118235
11.68,0.0005437092102476004
11.685,0.0007254714439084431
11.69,0.0009355438665372695
11.695,0.0011747807928941256
11.700000000000001,0.0014440379265829861
11.705,0.0017441367679627007
11.71,0.002075825895173189
11.715,0.0024397395280129075
11.72,0.00283635389404413
11.725,0.003265942037504743
11.73,0.0037285278377936493
11.735,0.004223840141024837
11.74,0.004751268035340317
11.745000000000001,0.0053098184285449435
11.75,0.005898077196844653
11.755,0.00651417526144904
11.76,0.007155761005350314
11.765,0.007819980463882104
11.77,0.008503466687855621
11.775,0.009202339598154197
11.78,0.009912217496378162
11.785,0.010628241190449472
11.790000000000001,0.011345111413614717
11.795,0.012057139869078526
11.8,0.012758313840890878
11.805,0.013442373857724732
11.81,0.014102903421310486
11.815,0.014733429314485846
11.82,0.015327530521993538
11.825000000000001,0.015878953332375545
11.83,0.01638172980319652
11.835,0.01683029643509215
11.84,0.017219609699829164
11.845,0.0175452549575823
11.85,0.017803545348961336
11.855,0.017991607421080857
11.86,0.01810745057360208
11.865,0.01815001786454218
11.870000000000001,0.018119216290564566
11.875,0.018015925314401215
11.88,0.017841983152550256
11.885,0.017600151081680337
11.89,0.017294056782326095
11.895,0.016928118445129314
11.9,0.016507451999842715
11.905,0.01603776435172577
11.91,0.015525235924013003
11.915000000000001,0.014976396048894003
11.92,0.014397994872890507
11.925,0.013796875402132258
11.93,0.013179849131617516
11.935,0.012553578412767052
11.94,0.011924468308446734
11.945,0.01129857021007652
11.950000000000001,0.010681498969354664
11.955,0.010078364745279345
11.96,0.009493720230391745
11.965,0.008931523395904861
11.97,0.008395115431802935
11.975,0.007887213141767546
11.98,0.00740991471429453
11.985,0.006964717528409992
11.99,0.006552546461772835
11.995000000000001,0.0061737910579591215
12.0,0.005828349866110472
12.005,0.0055156802785045755
12.01,0.005234852264921486
12.015,0.0049846045060260025
12.02,0.004763401569656267
12.025,0.00456949093361203
12.030000000000001,0.004400958826585644
12.035,0.004255784033309951
12.040000000000001,0.004131888978911924
12.045,0.004027187564927814
12.05,0.003939629373999054
12.055,0.003867239988886162
12.06,0.003808157276777635
12.065,0.0037606635803633104
12.07,0.0037232138231884093
12.075000000000001,0.0036944595871284402
12.08,0.0036732692499868436
12.085,0.0036587442866991837
12.09,0.0036502318384482382
12.095,0.00364733364322517
12.1,0.0036499114021621842
12.105,0.0036580886286743386
12.11,0.0036722489974210237
12.115,0.0036930311779834746
12.120000000000001,0.0037213201076340408
12.125,0.0037582346306057612
12.13,0.0038051114108508255
12.135,0.003863485014958812
12.14,0.003935064060618831
12.145,0.004021703341494209
12.15,0.004125371869362127
12.155000000000001,0.004248116821178982
12.16,0.004392023447266524
12.165000000000001,0.004559171081083058
12.17,0.004751585502225986
12.175,0.004971188024196493
12.18,0.00521974182834839
12.185,0.005498796218100566
12.19,0.005809629638642733
12.195,0.006153192480507386
12.200000000000001,0.006530050851960567
12.205,0.006940332671424798
12.21,0.007383677566327407
12.215,0.007859192177363639
12.22,0.00836541253841716
12.225,0.008900275219179576
12.23,0.00946109888040425
12.235,0.01004457777838752
12.24,0.010646788576536892
12.245000000000001,0.011263211559320752
12.25,0.011888767005849843
12.255,0.012517867080436673
12.26,0.013144483119127415
12.265,0.013762227687795558
12.27,0.014364450234392478
12.275,0.014944344620442251
12.280000000000001,0.015495066282689152
12.285,0.016009856299437075
12.290000000000001,0.016482169233924537
12.295,0.016905801317300018
12.3,0.017275015354741186
12.305,0.017584658693230892
12.31,0.01783027068363907
12.315,0.018008176336941517
12.32,0.01811556324883412
12.325000000000001,0.01815053940860878
12.33,0.018112170122165594
12.335,0.018000492994332262
12.34,0.017816510661802454
12.345,0.017562161727418868
12.35,0.017240271078613034
12.355,0.016854481440205404
12.36,0.016409168594467616
12.365,0.015909343157446187
12.370000000000001,0.01536054213865512
12.375,0.014768713693076307
12.38,0.01414009853038678
12.385,0.013481111348376373
12.39,0.012798225454424994
12.395,0.01209786342230501
12.4,0.011386296232188897
12.405000000000001,0.01066955289352478
12.41,0.009953342061063353
12.415000000000001,0.009242986662922448
12.42,0.008543372076179168
12.425,0.007858907938768311
12.43,0.00719350328419921
12.435,0.006550554336275383
12.44,0.0059329440236606246
12.445,0.005343052055861719
12.450000000000001,0.0047827742499535475
12.455,0.00425354971244829
12.46,0.003756394442229194
12.465,0.0032919399417838946
12.47,0.0028604754723495773
12.475,0.002461992682332159
12.48,0.0020962314413957017
12.485,0.001762725841774504
12.49,0.0014608494574352981
12.495000000000001,0.001189859085461098
12.5,0.0009489363225423375
12.505,0.0007372264505893789
12.51,0.0005538742156208087
12.515,0.0003980561786147696
12.52,0.0002690094027054668
12.525,0.000166056305573814
12.530000000000001,8.862556271682642e-05
12.535,3.62689861957699e-05
12.540000000000001,8.674335684973056e-06
12.545,5.674035401933772e-06
12.55,2.72497855647591e-05
12.555,7.353306380172842e-05
12.56,0.0001448015155704474
12.565,0.00024147123645446023
12.57,0.00036408495854689527
12.575000000000001,0.0005132961601819197
12.58,0.0006898491381124305
12.585,0.0008945551099426297
12.59,0.0011282644487415894
12.595,0.001391835207402714
12.6,0.0016860981499409178
12.605,0.0020118185900566132
12.61,0.002369655427559181
12.615,0.002760117881347668
12.620000000000001,0.0031835205352575002
12.625,0.0036399374403384144
12.63,0.0041291561502436736
12.635,0.004650632697634549
12.64,0.0052034486481122855
12.645,0.005786271477877136
12.65,0.006397319622044151
12.655000000000001,0.007034333595250075
12.66,0.00769455461677282
12.665000000000001,0.00837471215405472
12.67,0.00907102171669294
12.675,0.009779194105128397
12.68,0.010494457112443456
12.685,0.011211590417328665
12.69,0.011924974068445948
12.695,0.012628650580897016
12.700000000000001,0.013316400213991386
12.705,0.013981828540067909
12.71,0.014618464905709061
12.715,0.015219869911586414
12.72,0.0157797495602523
12.725,0.016292073322720313
12.73,0.016751193024802546
12.735,0.017151959225273572
12.74,0.01748983163576412
12.745000000000001,0.01776098014341443
12.75,0.017962373154453815
12.755,0.01809185027418181
12.76,0.018148176764839263
12.765,0.018131077784033778
12.77,0.01804125104698784
12.775,0.01788035728147719
12.780000000000001,0.017650988595207195
12.785,0.01735661563598967
12.790000000000001,0.017001515137827994
12.795,0.01659068010491893
12.8,0.016129715430039937
12.805,0.015624722173519956
12.81,0.015082174016573191
12.815,0.014508789541697098
12.82,0.0139114039807815
12.825000000000001,0.013296843923708224
12.83,0.012671808201258017
12.835,0.012042757775240887
12.84,0.011415817002696116
12.845,0.010796688129520504
12.85,0.010190580314564102
12.855,0.009602153949721526
12.86,0.00903548051077152
12.865,0.008494017695785061
12.870000000000001,0.00798059918658467
12.875,0.007497438009657742
12.88,0.007046142200072936
12.885,0.006627741265388565
12.89,0.006242721821937636
12.895,0.0058910707194659295
12.9,0.005572323974275761
12.905000000000001,0.00528561989092502
12.91,0.00502975485430035
12.915000000000001,0.00480324040655411
12.92,0.004604360382551853
12.925,0.004431227041430397
12.93,0.004281835311187976
12.935,0.004154114426372146
12.94,0.004045976406144014
12.945,0.00395536096217608
12.950000000000001,0.0038802765591370303
12.955,0.0038188374619401166
12.96,0.003769296694338564
12.965,0.003730074906270975
12.97,0.003699785199782424
12.975,0.0036772539966807294
12.98,0.003661538050356933
12.985,0.003651937705915334
12.99,0.0036480065061323523
12.995000000000001,0.0036495572206729845
13.0,0.0036566643517416536
13.005,0.0036696631386460288
13.01,0.003689145052427456
13.015,0.0037159497403321806
13.02,0.0037511533520868667
13.025,0.00379605315834719
13.030000000000001,0.0038521483588009886
13.035,0.003921116974982208
13.040000000000001,0.004004788734293996
13.045,0.004105113879606215
13.05,0.004224127880878115
13.055,0.004363912091982058
13.06,0.004526550475306479
13.065,0.004714082623081595
13.07,0.004928453423444168
13.075000000000001,0.005171459863916539
13.08,0.005444695615514306
13.085,0.005749494212318851
13.09,0.006086871809081629
13.095,0.006457470674879673
13.1,0.006861504741774382
13.105,0.007298708671370946
13.11,0.007768292021754775
13.115,0.008268900173472815
13.120000000000001,0.008798583703129026
13.125,0.009354777868011865
13.13,0.009934293762121627
13.135,0.010533322544262091
13.14,0.011147453884699843
13.145,0.011771709460894897
13.15,0.012400591934891736
13.155000000000001,0.013028149389299415
13.16,0.013648054690907685
13.165000000000001,0.01425369871269666
13.17,0.014838295794561418
13.175,0.015394999296777456
13.18,0.015917024599552576
13.185,0.016397776492802052
13.19,0.01683097756792762
13.195,0.0172107940164139
13.200000000000001,0.017531955172337632
13.205,0.01778986320545073
13.21,0.01798068959604393
13.215,0.01810145539496233
13.22,0.01815009276445778
13.225,0.018125485917060757
13.23,0.018027490252286782
13.235,0.017856929244999264
13.24,0.017615569393790054
13.245000000000001,0.017306074277890104
13.25,0.016931939455549383
13.255,0.01649741053604359
13.26,0.01600738723427142
13.265,0.015467316589734992
13.27,0.01488307872931216
13.275,0.0142608686402248
13.280000000000001,0.013607077352396857
13.285,0.012928175734071345
13.290000000000001,0.012230603819716634
13.295,0.011520668194737738
13.3,0.010804449525352311
13.305,0.01008772183686446
13.31,0.009375884648800792
13.315,0.008673908594275304
13.32,0.007986294691516349
13.325000000000001,0.007317047022034728
13.33,0.006669658221234442
13.335,0.006047106878366293
13.34,0.005451865731730621
13.345,0.004885919367737301
13.35,0.0043507900388473075
13.355,0.00384757017485704
13.36,0.003376960160171194
13.365,0.0029393100072994116
13.370000000000001,0.0025346636326410987
13.375,0.0021628045485302394
13.38,0.001823301905030661
13.385,0.0015155559528983176
13.39,0.0012388421207143452
13.395,0.0009923530409161607
13.4,0.0007752379745693538
13.405000000000001,0.000586639198334904
13.41,0.0004257250181642913
13.415000000000001,0.00029171915756665
13.42,0.00018392633784070078
13.425,0.00010175392779854242
13.43,4.472958104871638e-05
13.435,1.2514809971091861e-05
13.44,4.914471744626395e-06
13.445,2.1882148406773827e-05
13.450000000000001,6.352141898874342e-05
13.455,0.00013008301843470127
13.46,0.0002219578899279595
13.465,0.0003396661369037268
13.47,0.00048384189295469504
13.475,0.0006552141476394713
13.48,0.0008545835844242511
13.485,0.0010827955302241676
13.49,0.0013407091600714516
13.495000000000001,0.0016291631618789992
13.5,0.0019489381467510114
13.505,0.002300716175470008
13.51,0.002685037879348151
13.515,0.003102257769691086
13.52,0.003552498454155284
13.525,0.004035604611647869
13.530000000000001,0.004551097710052687
13.535,0.005098132578400083
13.540000000000001,0.005675457064068468
13.545,0.006281376099003921
13.55,0.006913721575424248
13.555,0.007569829456475219
13.56,0.008246525545025918
13.565,0.008940121261542089
13.57,0.009646420663941058
13.575000000000001,0.010360739753739523
13.58,0.011077938855006408
13.585,0.011792468541649725
13.59,0.01249842920180555
13.595,0.013189643901373671
13.6,0.01385974374156973
13.605,0.014502264409159693
13.61,0.015110752131885619
13.615,0.015678876776227924
13.620000000000001,0.016200549405731124
13.625,0.016670041262379698
13.63,0.01708210087521067
13.635,0.0174320658588627
13.64,0.01771596595409619
13.645,0.017930613982848342
13.65,0.01807368167104073
13.655000000000001,0.018143757689983886
13.66,0.01814038580418753
13.665000000000001,0.018064081645860597
13.67,0.017916327341751526
13.675,0.017699543973506593
13.68,0.01741704260783905
13.685,0.01707295536401432
13.69,0.016672148651295515
13.695,0.016220121280369426
13.700000000000001,0.01572289060558063
13.705,0.015186870167514854
13.71,0.014618742476304902
13.715,0.014025330586147078
13.72,0.013413471996408077
13.725,0.012789898148493961
13.73,0.01216112243507439
13.735,0.011533339176416746
13.74,0.010912335521272354
13.745000000000001,0.010303417674869308
13.75,0.009711352321254196
13.755,0.009140323570377973
13.76,0.008593905273176716
13.765,0.008075048110509186
13.77,0.007586080501091885
13.775,0.007128722068644677
13.780000000000001,0.006704108205520143
13.785,0.006312824118033689
13.790000000000001,0.005954946677585227
13.795,0.005630092391809782
13.8,0.005337469860702271
13.805,0.005075935178828317
13.81,0.0048440488698471285
13.815,0.004640133096351029
13.82,0.004462328052926345
13.825000000000001,0.004308646623064405
13.83,0.004177026552326879
13.835,0.00406537955330899
13.84,0.003971636907087461
13.845,0.0038937912599203983
13.85,0.003829934430290116
13.855,0.0037782911351968984
13.86,0.003737248621452638
13.865,0.003705382242660593
13.870000000000001,0.0036814770611157677
13.875,0.0036645455731239007
13.88,0.003653841664581395
13.885,0.003648870894171757
13.89,0.003649397187834816
13.895,0.0036554460015326834
13.9,0.003667303981284592
13.905000000000001,0.003685515117206384
13.91,0.0037108733572664976
13.915000000000001,0.0037444116174125686
13.92,0.0037873871020612793
13.925,0.0038412628338262422
13.93,0.003907685287154017
13.935,0.003988458029454911
13.94,0.004085511296575195
13.945,0.004200867471226388
13.950000000000001,0.004336602492620578
13.955,0.00449480330329699
13.96,0.004677521541141871
13.965,0.004886723801623916
13.97,0.0051242389323391535
13.975,0.00539170297666125
13.98,0.005690502546109144
13.985,0.006021717574508756
13.99,0.006386064577915462
13.995000000000001,0.006783841710989336
14.0,0.00721487705769519
14.005,0.007678481718176755
14.01,0.008173409340731297
14.015,0.008697823785464465
14.02,0.00924927659170649
14.025,0.009824695836581299
14.030000000000001,0.010420387818868448
14.035,0.01103205276847774
14.040000000000001,0.01165481547893421
14.045,0.01228327137177132
14.05,0.012911548062614742
14.055,0.013533381993852345
14.06,0.014142209167513187
14.065,0.014731268463197722
14.07,0.015293715486677684
14.075000000000001,0.01582274439768483
14.08,0.0163117147267684
14.085,0.016754279847269515
14.09,0.01714451353970503
14.095,0.017477030983087616
14.1,0.01774710055664741
14.105,0.017950743033715355
14.11,0.018084815081834904
14.115,0.018147074477290914
14.120000000000001,0.018136225010103146
14.125,0.01805193976519348
14.13,0.017894862173463366
14.135,0.0176665850130604
14.14,0.017369608264772296
14.145,0.017007277439471835
14.15,0.016583704597891824
14.155000000000001,0.01610367480050101
14.16,0.015572541099274417
14.165000000000001,0.01499611143698587
14.17,0.014380530902418087
14.175,0.01373216277327316
14.18,0.013057471590084191
14.185,0.012362911243279484
14.19,0.011654820675584432
14.195,0.010939329376483897
14.200000000000001,0.01022227435882428
14.205,0.00950912982662544
14.21,0.008804950241458442
14.215,0.008114327044545178
14.22,0.007441358860674541
14.225,0.006789634647164533
14.23,0.006162228946083204
14.235,0.0055617081493508636
14.24,0.004990146521452132
14.245000000000001,0.004449150606475882
14.25,0.0039398905927914285
14.255,0.0034631372125843995
14.26,0.003019302785670419
14.265,0.0026084851025469646
14.27,0.0022305129348483277
14.275,0.0018849920881827131
14.280000000000001,0.001571351037204849
14.285,0.0012888853176282744
14.290000000000001,0.0010367999819784757
14.295,0.0008142495470084832
14.3,0.0006203749788362689
14.305,0.0004543373598893119
14.31,0.000315347970947899
14.315,0.00020269459666899525
14.32,0.00011576391823087118
14.325000000000001,5.4059906143627545e-05
14.33,1.721815874252547e-05
14.335,5.016154622562511e-06
14.34,1.7379402432529667e-05
14.345,5.438348238623325e-05
14.35,0.0001162519756147673
14.355,0.00020335028542528555
14.36,0.0003161753550204871
14.365,0.0004553413015586649
14.370000000000001,0.0006215609939972389
14.375,0.0008156236327825361
14.38,0.0010383684179586794
14.385,0.0012906544414841292
14.39,0.0015733269959943286
14.395,0.0018871805689748555
14.4,0.0022329188763619
14.405000000000001,0.002611112392727044
14.41,0.0030221539488399785
14.415000000000001,0.0034662130916611744
14.42,0.003943190034121358
14.425,0.004452670152705451
14.43,0.004993880121618943
14.435,0.005565646894641674
14.44,0.006166360840360596
14.445,0.0067939444216058575
14.450000000000001,0.007445827843017838
14.455,0.008118933090806024
14.46,0.00880966773976155
14.465,0.009513929780816
14.47,0.010227124557154355
14.475,0.010944194649805894
14.48,0.01165966324771972
14.485,0.012367691169711037
14.49,0.013062147285918257
14.495000000000001,0.013736691618095875
14.5,0.014384869915527787
14.505,0.015000218007219956
14.51,0.015576373755145312
14.515,0.01610719399810634
14.52,0.016586873511180045
14.525,0.017010062723972652
14.530000000000001,0.017371980778285945
14.535,0.017668520466543214
14.540000000000001,0.017896341693287354
14.545,0.01805295034672838
14.55,0.018136759848729866
14.555,0.01814713316177574
14.56,0.018084403646255964
14.565,0.017949873859912202
14.57,0.017745792136238947
14.575000000000001,0.017475307537210938
14.58,0.017142404516874876
14.585,0.016751819306506377
14.59,0.016308940632050906
14.595,0.01581969783921977
14.6,0.015290439856777027
14.605,0.014727808607279513
14.61,0.014138610536367224
14.615,0.013529689817332269
14.620000000000001,0.012907806568236424
14.625,0.01227952306330593
14.63,0.01165110049311835
14.635,0.011028408318768612
14.64,0.010416847736902213
14.645,0.009821290214048872
14.65,0.00924603152612491
14.655000000000001,0.008694761225456205
14.66,0.00817054702888953
14.665000000000001,0.007675833222748452
14.67,0.007212451886635662
14.675,0.006781645495955502
14.68,0.006384099319982184
14.685,0.006019981938875318
14.69,0.005688992195763021
14.695,0.00539041093339776
14.700000000000001,0.0051231559563973406
14.705,0.004885838779227214
14.71,0.004676821873173864
14.715,0.0044942752870653635
14.72,0.004336231691403292
14.725,0.004200639066243461
14.73,0.004085410417864033
14.735,0.003988470063059246
14.74,0.003907796155830479
14.745000000000001,0.003841459251138435
14.75,0.00378765679837878
14.755,0.003744743537879902
14.76,0.003711257832278103
14.765,0.003685944005352604
14.77,0.0036677707857737385
14.775,0.0036559459602801547
14.780000000000001,0.0036499273381431618
14.785,0.003649430112394798
14.790000000000001,0.0036544306807272664
14.795,0.0036651669609713278
14.8,0.0036821352033005184
14.805,0.003706083271202365
14.81,0.0037380003322002864
14.815,0.003779102877005558
14.82,0.0038308169667180536
14.825000000000001,0.003894756604544636
14.83,0.003972698130584096
14.835,0.004066550562943583
14.84,0.004178321843486543
14.845,0.004310081003303878
14.85,0.0044639163400646
14.855,0.004641889791919596
14.86,0.0048459878108708665
14.865,0.005078069171702282
14.870000000000001,0.005339810301224546
14.875,0.005632648877607949
14.88,0.00595772662003391
14.885,0.006315832360517248
14.89,0.006707346658336277
14.895,0.007132189369793096
14.9,0.007589771713114146
14.905000000000001,0.008078954465641885
14.91,0.008598013976136798
14.915000000000001,0.009144617671360322
14.92,0.009715810667568547
14.925,0.010308014951437627
14.93,0.010917042386239473
14.935,0.011538122496546066
14.94,0.012165945624293073
14.945,0.01279472160857864
14.950000000000001,0.01341825365397753
14.955,0.014030026521474781
14.96,0.014623307629978655
14.965,0.015191259112949496
14.97,0.01572705836645838
14.975,0.016224024177411422
14.98,0.016675745151317756
14.985,0.017076206910729752
14.99,0.017419914410538695
14.995000000000001,0.017702005727656456
15.0,0.01791835386312357
15.005,0.018065653395986203
15.01,0.018141489292844426
15.015,0.018144385741408087
15.02,0.018073833546885965
15.025,0.017930295357935222
15.030000000000001,0.017715188748425703
15.035,0.017430847932146776
15.040000000000001,0.017080465593807048
15.045,0.016668016956931098
15.05,0.016198168733183138
15.055,0.0156761760121924
15.06,0.015107770411866284
15.065,0.014499042941821472
15.07,0.01385632501807521
15.075000000000001,0.01318607092120061
15.08,0.012494744732851615
15.085,0.01178871443449836
15.09,0.011074155422548415
15.095,0.01035696523020846
15.1,0.009642690747348581
15.105,0.008936468747361204
15.11,0.0082429800508379
15.115,0.007566417236702705
15.120000000000001,0.006910465422194534
15.125,0.006278295324687377
15.13,0.0056725675555071575
15.135,0.005095446918076618
15.14,0.004548625351331381
15.145,0.0040333521013700135
15.15,0.0035504696905714894
15.155000000000001,0.0031004542893739995
15.16,0.002683459160800261
15.165000000000001,0.0022993599545815258
15.17,0.0019478007340918424
15.175,0.0016282397569682416
15.18,0.0013399941570808593
15.185,0.0010822828087344583
15.19,0.0008542667830289119
15.195,0.0006550869170249829
15.200000000000001,0.0004838981246615415
15.205,0.00033990016766372033
15.21,0.00022236467925351722
15.215,0.00013065829795577688
15.22,6.426181453841884e-05
15.225,2.2785272678148283e-05
15.23,5.978987968069567e-06
15.235,1.3740467220604152e-05
15.24,4.611721916981948e-05
15.245000000000001,0.00010330545462328145
15.25,0.00018564467570392207
15.255,0.00029360816212231633
15.26,0.00042778936750909047
15.265,0.0005888842541235118
15.27,0.000777669615255494
15.275,0.0009949774676147882
15.280000000000001,0.0012416656375933144
15.285,0.0015185847233665228
15.290000000000001,0.001826541686222427
15.295,0.002166260405960685
15.3,0.0025383396410747494
15.305,0.002943208938555486
15.31,0.0033810831670777475
15.315,0.003851916474685524
15.32,0.004355356604325067
15.325000000000001,0.004890700633460199
15.33,0.005456853325096489
15.335,0.006052289382250109
15.34,0.006675020980424051
15.345,0.007322572001218219
15.35,0.007991960394743813
15.355,0.0086796900557502
15.36,0.009381753499656753
15.365,0.010093646458919636
15.370000000000001,0.010810395291436237
15.375,0.011526597801857719
15.38,0.012236477712544769
15.385,0.01293395261519592
15.39,0.013612714773820755
15.395,0.014266323666554115
15.4,0.014888308658228766
15.405000000000001,0.015472279715474713
15.41,0.016012043633871542
15.415000000000001,0.016501722860500223
15.42,0.016935873700344217
15.425,0.01730960051192909
15.43,0.01761866242669896
15.435,0.01785956920497256
15.44,0.018029663062620216
15.445,0.01812718365008692
15.450000000000001,0.01815131386108959
15.455,0.018102204742938
15.46,0.017980978460961694
15.465,0.01778970901668231
15.47,0.017531381170186933
15.475,0.017209828769345847
15.48,0.016829654377858105
15.485000000000001,0.01639613270177165
15.49,0.015915100824667405
15.495000000000001,0.015392838611312243
15.5,0.014835942882445607
15.505,0.014251199016975136
15.51,0.01364545358405067
15.515,0.013025491378975573
15.52,0.01239791993212691
15.525,0.011769064119746986
15.530000000000001,0.011144873029358848
15.535,0.010530840691469479
15.540000000000001,0.009931941744490302
15.545,0.009352582559500888
15.55,0.008796567846733439
15.555,0.008267082305540185
15.56,0.007766686488874797
15.565,0.007297325728323756
15.57,0.006860350724268827
15.575000000000001,0.006456548234599069
15.58,0.006086180199746494
15.585,0.005749029617367896
15.59,0.005444451504835968
15.595,0.005171427370694204
15.6,0.0049286217314001846
15.605,0.004714439355312017
15.610000000000001,0.004527082078294775
15.615,0.0043646042076277425
15.620000000000001,0.004224965702626093
15.625,0.004106082487614238
15.63,0.004005873407133542
15.635,0.003922303475809574
15.64,0.003853423194704053
15.645,0.0037974038115917708
15.65,0.0037525684836854367
15.655000000000001,0.0037174193656205334
15.66,0.0036906606893521987
15.665000000000001,0.0036712179292993086
15.67,0.0036582531574343435
15.675,0.003651176691443346
15.68,0.0036496551252411767
15.685,0.0036536158092892873
15.69,0.003663247821424215
15.695,0.003678999436343866
15.700000000000001,0.0037015720716002676
15.705,0.003731910656215476
15.71,0.003771190344493691
15.715,0.0038207994780288246
15.72,0.003882318690720421
15.725,0.00395749605531126
15.73,0.004048218188206665
15.735000000000001,0.004156477262864833
15.74,0.00428433393521388
15.745000000000001,0.004433876256813463
15.75,0.004607174741492415
15.755,0.004806233866262666
15.76,0.0050329404130504685
15.765,0.005289009211583817
15.77,0.005575926996854719
15.775,0.005894895273614864
15.780000000000001,0.00624677324278089
15.785,0.00663202202566282
15.790000000000001,0.007050651564808774
15.795,0.007502171725711548
15.8,0.007985549218144428
15.805,0.008499172015834944
15.81,0.009040822959686778
15.815,0.009607664172293084
15.82,0.010196233782533426
15.825000000000001,0.01080245625934495
15.83,0.011421667372037092
15.835,0.012048654441816353
15.84,0.01267771212482316
15.845,0.013302713484669937
15.85,0.013917195593354137
15.855,0.014514458345924908
15.860000000000001,0.015087674639559623
15.865,0.015630009540320344
15.870000000000001,0.016134745605640433
15.875,0.016595411144137984
15.88,0.017005907921706864
15.885,0.01736063466879756
15.89,0.01765460274023667
15.895,0.017883540411133936
15.9,0.01804398259105966
15.905000000000001,0.018133343154673298
15.91,0.018149967649101484
15.915000000000001,0.018093164783635984
15.92,0.017963215828338264
15.925,0.017761361806620357
15.93,0.017489769118206766
15.935,0.017151474951361934
15.94,0.01675031448938924
15.945,0.01629083247035723
15.950000000000001,0.015778182087895942
15.955,0.015218014517582645
15.96,0.014616362507144487
15.965,0.013979521479555501
15.97,0.013313931482361596
15.975,0.012626063068172044
15.98,0.011922309867767211
15.985000000000001,0.01120889019088267
15.99,0.01049175953470538
15.995000000000001,0.009776535389601548
16.0,0.009068435232553185
16.005,0.008372228133268322
16.01,0.007692199952575862
16.015,0.007032131727582325
16.02,0.006395290504638496
16.025,0.005784431620799779
16.03,0.005201811226513087
16.035,0.004649207718014026
16.04,0.004127950664665647
16.045,0.0036389557991487465
16.05,0.0031827646690647526
16.055,0.0027595876025703348
16.06,0.002369348743861188
16.065,0.0020117320225425672
16.07,0.0016862270485242803
16.075,0.0013921740583016096
16.080000000000002,0.0011288071686443857
16.085,0.0008952953236005534
16.09,0.0006907804352367375
16.095,0.0005144123289635427
16.1,0.0003653801953915625
16.105,0.00024294032794525133
16.11,0.00014643999436209088
16.115000000000002,7.533733503278794e-05
16.12,2.9217225627861665e-05
16.125,7.803061365745621e-06
16.13,1.096444565442875e-05
16.135,3.8720770342393074e-05
16.14,9.12406856252157e-05
16.145,0.000168837459087523
16.15,0.0002719602293714818
16.155,0.0004011811672757215
16.16,0.0005571785673457175
16.165,0.0007407159174945832
16.17,0.0009526170185951699
16.175,0.0011937372721906314
16.18,0.0014649313043495482
16.185,0.0017670171648740407
16.19,0.0021007374218307007
16.195,0.0024667175693044996
16.2,0.002865422273329088
16.205000000000002,0.0032971101072849507
16.21,0.0037617875486475327
16.215,0.004259163151450807
16.22,0.004788602931803609
16.225,0.0053490881344995245
16.23,0.005939176653894762
16.235,0.006556969470764784
16.240000000000002,0.007200083521535561
16.245,0.007865632431208525
16.25,0.008550216505334163
16.255,0.009249923293527473
16.26,0.009960339876737834
16.265,0.01067657782143172
16.27,0.011393311458803623
16.275,0.012104829799408634
16.28,0.012805101993969004
16.285,0.01348785579956413
16.29,0.014146668029578535
16.295,0.014775065474605498
16.3,0.015366634291773096
16.305,0.01591513540934031
16.31,0.01641462310151809
16.315,0.016859563563919266
16.32,0.017244950124585046
16.325,0.01756641162410233
16.330000000000002,0.017820310557382868
16.335,0.018003827752714585
16.34,0.01811503070048559
16.345,0.01815292310298844
16.35,0.01811747379813511
16.355,0.018009623881830805
16.36,0.01783127157904829
16.365000000000002,0.017585235179609526
16.37,0.017275195099863083
16.375,0.01690561683854952
16.38,0.016481657224282742
16.385,0.016009056871919114
16.39,0.015494022160517318
16.395,0.014943100293880462
16.4,0.014363051109015146
16.405,0.013760719247791542
16.41,0.01314291012653257
16.415,0.012516272828094088
16.42,0.011887192644170597
16.425,0.011261695505471181
16.43,0.010645366018536606
16.435,0.01004328027931578
16.44,0.009459954084572786
16.445,0.008899306661103168
16.45,0.00836463954949096
16.455000000000002,0.00785862988572461
16.46,0.0073833369808156135
16.465,0.006940220840947475
16.47,0.006530171089744741
16.475,0.006153544641609443
16.48,0.005810210440873931
16.485,0.005499599593896676
16.490000000000002,0.005220759299321642
16.495,0.004972409086601459
16.5,0.004752998016506638
16.505,0.004560761657574908
16.51,0.004393777820818734
16.515,0.004250020210828431
16.52,0.004127409317612241
16.525,0.0040238600310691375
16.53,0.0039373256057464445
16.535,0.0038658377255442744
16.54,0.003807542529377983
16.545,0.003760732541120637
16.55,0.0037238745166150444
16.555,0.0036956332678409476
16.56,0.003674891553030357
16.565,0.003660766137655591
16.57,0.0036526201292605767
16.575,0.0036500716795211125
16.580000000000002,0.003652999125630073
16.585,0.0036615426165616805
16.59,0.003676102239515755
16.595,0.003697332628199712
16.6,0.0037261340074082883
16.605,0.003763639597928581
16.61,0.0038111992888669732
16.615000000000002,0.0038703594734741387
16.62,0.003942838943743254
16.625,0.004030500757440603
16.63,0.004135320018983535
16.635,0.004259347567669103
16.64,0.004404669632033453
16.645,0.004573363599714497
16.65,0.004767450158809972
16.655,0.004988842193901277
16.66,0.00523929096568132
16.665,0.005520330259493278
16.67,0.005833219359997699
16.675,0.006178885877455187
16.68,0.006557869627982882
16.685,0.006970268921181244
16.69,0.007415690754360327
16.695,0.00789320651699299
16.7,0.008401314877350075
16.705000000000002,0.00893791353970741
16.71,0.00950028151485327
16.715,0.010085073433170777
16.72,0.010688327242974083
16.725,0.011305486369558082
16.73,0.01193143707098443
16.735,0.012560561314629126
16.740000000000002,0.013186805030120041
16.745,0.013803761070683152
16.75,0.014404765679209675
16.755,0.01498300670431263
16.76,0.015531641286035125
16.765,0.016043920261044065
16.77,0.01651331613054907
16.775,0.016933651145521367
16.78,0.01729922187927002
16.785,0.017604916630233447
16.79,0.01784632210332404
16.795,0.018019816081064732
16.8,0.018122643199134814
16.805,0.01815297147116013
16.81,0.018109927840114892
16.815,0.017993611746589977
16.82,0.017805086453698493
16.825,0.017546348626794384
16.830000000000002,0.017220277396830852
16.835,0.016830564797157166
16.84,0.01638163003656956
16.845,0.015878520528282536
16.85,0.015326802913055104
16.855,0.014732447496527357
16.86,0.014101709560435438
16.865000000000002,0.013441010908405104
16.87,0.012756824789761367
16.875,0.012055567028273373
16.88,0.011343495773886048
16.885,0.010626621848917495
16.89,0.009910631168033035
16.895,0.009200820214644523
16.9,0.008502045087986687
16.905,0.00781868417541176
16.91,0.007154614114542213
16.915,0.006513198365261985
16.92,0.005897287432363285
16.925,0.005309229569654406
16.93,0.004750890649635409
16.935,0.004223681795487266
16.94,0.0037285933451602915
16.945,0.0032662337341982095
16.95,0.002836871937730301
16.955000000000002,0.002440482210587014
16.96,0.0020767899601148443
16.965,0.0017453177272184206
16.97,0.001445430369803713
16.975,0.0011763786847280855
16.98,0.0009373408275070716
16.985,0.00072746101168919
16.990000000000002,0.0005458850781681068
16.995,0.0003917926192507082
17.0,0.0002644254264092538
17.005,0.00016311209432290363
17.01,8.728866969318072e-05
17.015,3.6515273137860405e-05
17.02,1.0488649527167632e-05
17.025,9.05062410496392e-06
17.03,3.219245331764764e-05
17.035,8.005506391950412e-05
17.04,0.00015292518214099493
17.045,0.0002512273550792088
17.05,0.00037551187736406533
17.055,0.000526438641655913
17.06,0.00070475695726957
17.065,0.0009112814020322269
17.07,0.0011468638162335232
17.075,0.0014123615971559644
17.080000000000002,0.0017086025175423458
17.085,0.002036346373531117
17.09,0.002396243857915259
17.095,0.002788793166960346
17.1,0.003214294961606967
17.105,0.0036728064394182525
17.11,0.0041640953968347105
17.115000000000002,0.00468759530433438
17.12,0.005242362531195255
17.125,0.005827036982289258
17.13,0.006439807487872429
17.135,0.007078383359793605
17.14,0.0077399735428898
17.145,0.008421274770721965
17.150000000000002,0.009118470054922057
17.155,0.009827238698772334
17.16,0.01054277881848975
17.165,0.01125984309346606
17.17,0.011972788119678057
17.175,0.012675637362313807
17.18,0.013362157247204465
17.185,0.014025945469438028
17.19,0.014660530088406176
17.195,0.015259477507235886
17.2,0.015816506954646314
17.205000000000002,0.01632560870064026
17.21,0.016781162881965628
17.215,0.017178055606940745
17.22,0.017511788876461765
17.225,0.017778580897619634
17.23,0.017975453515312267
17.235,0.018100303802327744
17.240000000000002,0.01815195728693908
17.245,0.01813020084936312
17.25,0.018035793983891324
17.255,0.017870457835797993
17.26,0.017636842187968682
17.265,0.017338471315213155
17.27,0.01697967035609338
17.275000000000002,0.01656547447921497
17.28,0.016101523682117147
17.285,0.015593946464772301
17.29,0.0150492359084069
17.295,0.01447412181476082
17.3,0.013875442540172145
17.305,0.013260020005816386
17.31,0.012634541072905847
17.315,0.012005448091439774
17.32,0.011378840957281255
17.325,0.010760392495452464
17.330000000000002,0.010155278442205429
17.335,0.009568122749630703
17.34,0.009002958422627216
17.345,0.008463203610059367
17.35,0.007951652266601883
17.355,0.007470478336049524
17.36,0.007021252149847612
17.365000000000002,0.006604967523280436
17.37,0.006222077919071367
17.375,0.005872539990662062
17.38,0.00555586282953513
17.385,0.005271161300626659
17.39,0.00501721195584004
17.395,0.004792510149774998
17.400000000000002,0.004595327140600958
17.405,0.004423766126704365
17.41,0.0042758163444354125
17.415,0.004149404520478406
17.42,0.00404244313276747
17.425,0.003952875081050244
17.43,0.00387871449594801
17.435,0.003818083527222793
17.44,0.003769245041836955
17.445,0.0037306312322076263
17.45,0.003700868187333284
17.455000000000002,0.0036787965124618904
17.46,0.003663488098741924
17.465,0.003654259148364425
17.47,0.003650679551108226
17.475,0.00365257868765103
17.48,0.0036600477125851294
17.485,0.00367343833617767
17.490000000000002,0.0036933580946418854
17.495,0.003720662066920122
17.5,0.0037564409677219857
17.505,0.0038020055269132325
17.51,0.003858867051683035
17.515,0.003928714066607775
17.52,0.004013384940777964
17.525000000000002,0.004114836435944902
17.53,0.004235108159106105
17.535,0.004376282963811207
17.54,0.00454044343178861
17.545,0.004729624668455834
17.55,0.00494576377136724
17.555,0.005190646470936144
17.56,0.0054658515998600166
17.565,0.005772694214005725
17.57,0.006112168361051218
17.575,0.0064848906639998205
17.580000000000002,0.006891046047940108
17.585,0.007330337083850225
17.59,0.007801938534338859
17.595,0.008304458767508294
17.6,0.008835909724616897
17.605,0.009393687101525217
17.61,0.00997456229727689
17.615000000000002,0.010574687514928627
17.62,0.011189615145006826
17.625,0.01181433223685957
17.63,0.012443310465979351
17.635,0.013070571540588105
17.64,0.013689767483693771
17.645,0.014294274688158026
17.650000000000002,0.01487730008911825
17.655,0.015431997273363862
17.66,0.015951589854271475
17.665,0.01642949902878854
17.67,0.01685947191231918
17.675,0.017235707048200766
17.68,0.0175529734304547
17.685,0.017806719451094466
17.69,0.017993168430351147
17.695,0.0181093977523048
17.7,0.01815339914652725
17.705000000000002,0.018124118266563016
17.71,0.01802147241711083
17.715,0.017846346030637505
17.72,0.017600564246251338
17.725,0.017286845690868802
17.73,0.016908736232505106
17.735,0.016470526070303748
17.740000000000002,0.015977153005064082
17.745,0.01543409507969784
17.75,0.014847255985689145
17.755,0.01422284669975582
17.76,0.01356726673748554
17.765,0.012886988220081719
17.77,0.012188445642141943
17.775000000000002,0.01147793384574669
17.78,0.010761516254724768
17.785,0.010044944942944056
17.79,0.009333593613860103
17.795,0.008632404087741463
17.8,0.007945846437518611
17.805,0.007277892503275041
17.81,0.006632002169634887
17.815,0.0060111214883811215
17.82,0.005417691517699552
17.825,0.0048536665793541545
17.830000000000002,0.004320540545915463
17.835,0.0038193797283074815
17.84,0.003350860941456091
17.845,0.002915313381374851
17.85,0.0025127630238710452
17.855,0.002142978370375914
17.86,0.0018055164788242095
17.865000000000002,0.0014997683610058488
17.87,0.0012250029474940582
17.875,0.000980408964123658
17.88,0.0007651341741796713
17.885,0.0005783215610306591
17.89,0.00041914211725591066
17.895,0.0002868239954271212
17.900000000000002,0.00018067784150388455
17.905,0.00010011819164679192
17.91,4.468085160316826e-05
17.915,1.4036212248030172e-05
17.92,7.998473601793146e-06
17.925,2.6530764642845872e-05
17.93,6.974615307600573e-05
17.935,0.00013790454370998795
17.94,0.00023140546870370482
17.945,0.00035077677973638366
17.95,0.0004966592597623887
17.955000000000002,0.0006697871920995357
17.96,0.0008709649488007898
17.965,0.0011010396960764446
17.97,0.0013608703679128809
17.975,0.0016512931134711195
17.98,0.001973083513018281
17.985,0.002326915934816043
17.990000000000002,0.0027133205228899726
17.995,0.0031326384130467844
18.0,0.003584975908454524
18.005,0.004070158469692942
18.01,0.004587685516980855
18.015,0.0051366871604408
18.02,0.005715884097497792
18.025000000000002,0.006323552006019639
18.03,0.00695749183838501
18.035,0.007615007440055166
18.04,0.008292891916237721
18.045,0.008987424089355045
18.05,0.009694376272545213
18.055,0.0104090343851162
18.06,0.011126231185297542
18.065,0.011840393064233012
18.07,0.012545600472201102
18.075,0.013235661606483262
18.080000000000002,0.013904198523206901
18.085,0.014544744345975857
18.09,0.015150849745793948
18.095,0.015716196408224192
18.1,0.016234714774945758
18.105,0.016700703006236495
18.11,0.017108943854946546
18.115000000000002,0.017454816010882723
18.12,0.01773439646787267
18.125,0.01794455060447575
18.13,0.01808300694924725
18.135,0.018148414013374747
18.14,0.01814037711584149
18.145,0.01805947376401207
18.150000000000002,0.017907246863892112
18.155,0.01768617578596121
18.16,0.01739962607602763
18.165,0.017051779317512228
18.17,0.016647545320680024
18.175,0.01619245937537528
18.18,0.015692567745787755
18.185,0.01515430489622105
18.19,0.014584366087522227
18.195,0.01398957899790787
18.2,0.013376777885106605
18.205000000000002,0.012752683543233445
18.21,0.01212379194037183
18.215,0.01149627396641506
18.22,0.010875888207145579
18.225,0.010267908120194846
18.23,0.009677064440548833
18.235,0.009107503114137216
18.240000000000002,0.008562758574832685
18.245,0.008045741745295487
18.25,0.007558741782411005
18.255,0.0071034402978433775
18.26,0.006680936571846985
18.265,0.006291782147233249
18.27,0.005936023118744416
18.275000000000002,0.0056132484376778535
18.28,0.005322642600367189
18.285,0.005063041187840511
18.29,0.004832987854426207
18.295,0.00463079151548218
18.3,0.004454582656382655
18.305,0.004302367851171773
18.31,0.004172081757019441
18.315,0.004061636007352654
18.32,0.003968964578875855
18.325,0.003892065339228701
18.330000000000002,0.0038290375959113554
18.335,0.0037781155621250395
18.34,0.003737697728166234
18.345,0.0037063721831183116
18.35,0.0036829379668925633
18.355,0.0036664225527922034
18.36,0.0036560955663844513
18.365000000000002,0.003651478838640947
18.37,0.003652352873814317
18.375,0.003658759789230276
18.38,0.0036710027525331257
18.385,0.0036896419119213375
18.39,0.003715486783070987
18.395,0.0037495850269801956
18.400000000000002,0.0037932075327362647
18.405,0.0038478297022632724
18.41,0.003915108833066228
18.415,0.003996857502235329
18.42,0.004095012881971893
18.425,0.004211601957619493
18.43,0.004348702680867511
18.435,0.004508401170770782
18.44,0.004692745176457791
18.445,0.0049036941349616114
18.45,0.00514306629668404
18.455000000000002,0.005412483543727475
18.46,0.005713314692844307
18.465,0.0060466182464296026
18.47,0.006413085726853396
18.475,0.00681298689369747
18.48,0.007246118292442816
18.485,0.007711756701272776
18.490000000000002,0.008208619129675299
18.495,0.008734831057033432
18.5,0.009287904577348627
18.505,0.009864728034880699
18.51,0.01046156856457614
18.515,0.01107408873027893
18.52,0.011697378125621327
18.525000000000002,0.012326000429951023
18.53,0.012954055948533494
18.535,0.013575259178310262
18.54,0.01418303039176294
18.545,0.014770599690752562
18.55,0.015331121444543072
18.555,0.015857796527093626
18.56,0.016343999342055326
18.565,0.01678340628152597
18.57,0.017170122044198877
18.575,0.01749880014928351
18.580000000000002,0.0177647540357313
18.585,0.01796405534334866
18.59,0.018093616324186712
18.595,0.018151253814998825
18.6,0.018135732802299742
18.605,0.018046788296075533
18.61,0.017885124967421007
18.615000000000002,0.017652394768170154
18.62,0.017351153490992033
18.625,0.016984797922290795
18.63,0.016557485849695297
18.635,0.016074041686692908
18.64,0.015539850849361159
18.645,0.01496074625391941
18.650000000000002,0.014342890398090447
18.655,0.013692656435395634
18.66,0.013016511485027138
18.665,0.012320905128927251
18.67,0.011612165678254627
18.675,0.010896406351545096
18.68,0.01017944303016094
18.685,0.009466724760084588
18.69,0.008763277685446269
18.695,0.00807366263751419
18.7,0.0074019461807566245
18.705000000000002,0.006751684561075777
18.71,0.0061259196918577175
18.715,0.005527186079749669
18.72,0.004957527421685981
18.725,0.004418521497484562
18.73,0.00391131192962213
18.735,0.0034366453856780055
18.740000000000002,0.002994912841913333
18.745,0.002586193603764997
18.75,0.002210300882826033
18.755,0.001866827849476671
18.76,0.0015551932123818446
18.765,0.0012746855067198304
18.77,0.0010245054055917358
18.775000000000002,0.0008038054925036953
18.78,0.0006117270437804301
18.785,0.0004474334751842779
18.79,0.000310140188912178
18.795,0.00019914063330395138
18.8,0.00011382844317270324
18.805,5.3715576759649775e-05
18.81,1.8446394312865433e-05
18.815,7.80765001320941e-06
18.82,2.1734380931087705e-05
18.825,6.0311686911618256e-05
18.830000000000002,0.00012377239813482488
18.835,0.00021249063530337509
18.84,0.0003269712673793501
18.845,0.00046783528567972965
18.85,0.0006358011262017627
18.855,0.0008316619971777683
18.86,0.0010562593025218447
18.865000000000002,0.0013104522993869772
18.87,0.0015950841878948907
18.875,0.0019109449050356275
18.88,0.0022587309845096826
18.885,0.0026390029450649166
18.89,0.0030521407883634666
18.895,0.0034982983058835515
18.900000000000002,0.003977357034271378
18.905,0.0044888808226595245
18.91,0.005032072111678332
18.915,0.005605731138167869
18.92,0.0062082193824153364
18.925,0.006837428647676447
18.93,0.0074907571986528865
18.935,0.008165094384381177
18.94,0.008856815107783689
18.945,0.009561785395408862
18.95,0.010275380134107337
18.955000000000002,0.010992513801639348
18.96,0.01170768470508321
18.965,0.012415032866815778
18.97,0.01310841127897433
18.975,0.01378146977452488
18.98,0.014427750280997742
18.985,0.015040791725837721
18.990000000000002,0.015614242388444666
18.995,0.016141977065014856
19.0,0.01661821604748326
19.005,0.017037642649029294
19.01,0.01739551584694965
19.015,0.017687774590193328
19.02,0.017911130420934285
19.025000000000002,0.01806314532204567
19.03,0.018142292083311418
19.035,0.018147995003893413
19.04,0.018080649366211787
19.045,0.01794161881903733
19.05,0.017733210553231515
19.055,0.01745862891873884
19.06,0.01712190885616849
19.065,0.016727831204967458
19.07,0.016281822520902267
19.075,0.015789842516579
19.080000000000002,0.015258262559772362
19.085,0.014693738858461813
19.09,0.01410308398942206
19.095,0.013493140329199349
19.1,0.012870658691507941
19.105,0.012242185141545292
19.11,0.011613958499857802
19.115000000000002,0.010991820556323972
19.12,0.01038114046995986
19.125,0.009786754283251042
19.13,0.009212919948435427
19.135,0.008663287765589445
19.14,0.008140885691013011
19.145,0.007648118597678888
19.150000000000002,0.0071867802659877356
19.155,0.006758076659858503
19.16,0.006362658890060047
19.165,0.006000664191478933
19.17,0.005671763227750759
19.175,0.005375212078504887
19.18,0.005109907356329657
19.185,0.004874443023648922
19.19,0.004667167631090763
19.195,0.004486240864887137
19.2,0.004329688462079595
19.205000000000002,0.004195454726387382
19.21,0.004081452038599664
19.215,0.00398560691012495
19.22,0.0039059022627720985
19.225,0.0038404157354370305
19.23,0.003787353917498848
19.235,0.0037450824850986386
19.240000000000002,0.003712152275765157
19.245,0.0036873213769375024
19.25,0.003669573324863007
19.255,0.0036581315207988574
19.26,0.0036524699635036087
19.265,0.0036523203838006568
19.27,0.0036576758418388894
19.275000000000002,0.0036687908199907193
19.28,0.0036861778115861443
19.285,0.0037106003755283945
19.29,0.003743062596150093
19.295,0.0037847948655405084
19.3,0.0038372358874836365
19.305,0.0039020107987313146
19.31,0.003980905308496929
19.315,0.004075835779119519
19.32,0.004188815211704444
19.325,0.004321915154156919
19.330000000000002,0.004477223629768545
19.335,0.004656799278363266
19.34,0.004862622020228358
19.345,0.005096540687999251
19.35,0.0053602182220213734
19.355,0.005655075188892411
19.36,0.005982232554545774
19.365000000000002,0.006342454815342791
19.37,0.006736094756297106
19.375,0.0071630412602186055
19.38,0.007622671712958606
19.385,0.008113810647060404
19.39,0.008634696308416068
19.395,0.009182956823124755
19.400000000000002,0.009755597565021645
19.405,0.010349001182838435
19.41,0.01095894152081911
19.415,0.011580612367456666
19.42,0.012208671600070886
19.425,0.012837300845180977
19.43,0.013460280290164661
19.435,0.01407107774220151
19.44,0.014662950491455717
19.445,0.015229057985223449
19.45,0.015762582822905102
19.455000000000002,0.016256857130180435
19.46,0.016705491016978158
19.465,0.017102499574058072
19.47,0.017442424752374563
19.475,0.01772044849303711
19.48,0.01793249365339733
19.485,0.018075309602437528
19.490000000000002,0.018146539815852236
19.495,0.018144769381592596
19.5,0.01806955100120433
19.505,0.01792140879686599
19.51,0.01770182000493037
19.515,0.017413175372617218
19.52,0.01705871979138962
19.525000000000002,0.016642475318548122
19.53,0.01616914926580293
19.535,0.015644030431658962
19.54,0.015072876811665026
19.545,0.014461798243956991
19.55,0.01381713741933055
19.555,0.01314535253663962
19.56,0.01245290462105686
19.565,0.011746152157186884
19.57,0.011031255270935958
19.575,0.010314091211260035
19.580000000000002,0.009600182399925217
19.585,0.008894637818421813
19.59,0.008202108042056011
19.595,0.007526753799115937
19.6,0.006872227559959754
19.605,0.006241667345550539
19.61,0.005637701696986852
19.615000000000002,0.005062464564071334
19.62,0.004517618751586738
19.625,0.004004386502527879
19.63,0.003523585787602812
19.635,0.0030756709112127467
19.64,0.002660776109922658
19.645,0.002278760923252854
19.650000000000002,0.0019292562350745612
19.655,0.0016117100062453815
19.66,0.001325431861793458
19.665,0.0010696358189719035
19.67,0.0008434805716519556
19.675,0.000646106863642526
19.68,0.000476671580649235
19.685,0.0003343782893602265
19.69,0.00021850401660639118
19.695,0.00012842213275571224
19.7,6.362124171180317e-05
19.705000000000002,2.372002398784434e-05
19.71,8.47799427813108e-06
19.715,1.7802160132224243e-05
19.72,5.174957144996051e-05
19.725,0.00011052575830505784
19.73,0.00019447905962244327
19.735,0.0003040908487946803
19.740000000000002,0.00043996166995330377
19.745,0.0006027933166050659
19.75,0.0007933669005373289
19.755,0.0010125169982617699
19.76,0.0012611020005444118
19.765,0.0015399708518035737
19.77,0.0018499264371794055
19.775000000000002,0.0021916859590120907
19.78,0.0025658387488176615
19.785,0.0029728020680224176
19.79,0.003412775579862526
19.795,0.0038856952998962413
19.8,0.0043911879695972544
19.805,0.004928526925217724
19.81,0.005496590657479317
19.815,0.006093825360602878
19.82,0.0067182128477050185
19.825,0.007367245259739974
19.830000000000002,0.00803790799190196
19.835,0.008726672220372933
19.84,0.009429498304566408
19.845,0.010141851175134775
19.85,0.010858728581691679
19.855,0.011574702777075174
19.86,0.012283975857929619
19.865000000000002,0.012980448555971691
19.87,0.01365780182672438
19.875,0.014309590087911772
19.88,0.014929344470733241
19.885,0.01551068396686972
19.89,0.01604743190864255
19.895,0.016533734852004045
19.900000000000002,0.016964180630257175
19.905,0.017333912176731303
19.91,0.01763873365219837
19.915,0.01787520550074362
19.92,0.01804072528234002
19.925,0.01813359149800675
19.93,0.01815304811182017
19.935,0.018099308090043564
19.94,0.017973554951304038
19.945,0.01777792207637674
19.95,0.017515450277883815
19.955000000000002,0.017190024876789778
19.96,0.01680629421803559
19.965,0.016369572166411217
19.97,0.01588572761052376
19.975,0.015361064364029176
19.98,0.014802195065108492
19.985,0.014215912741931902
19.990000000000002,0.013609063623739814
19.995,0.012988424567588197
20.0,0.012360588134971096
20.005,0.011731857924200284
20.01,0.011108156275255965
20.015,0.010494945925767496
20.02,0.00989716664886231
20.025000000000002,0.009319187367982096
20.03,0.008764773736935183
20.035,0.008237070723406958
20.04,0.0077385993408825016
20.045,0.007271266359744288
20.05,0.006836385588652405
20.055,0.006434709148130935
20.06,0.0060664670773569185
20.065,0.005731413579876943
20.07,0.005428878255965941
20.075,0.005157820745989028
20.080000000000002,0.004916887331503972
20.085,0.004704468184119293
20.09,0.00451875411927638
20.095,0.004357791880536865
20.1,0.004219537155936592
20.105,0.004101904689706615
20.11,0.004002815011403982
20.115000000000002,0.003920237440669716
20.12,0.003852229148651354
20.125,0.0037969701576292536
20.13,0.0037527942437813877
20.135,0.0037182157675368366
20.14,0.0036919525017651833
20.145,0.0036729445509141034
20.150000000000002,0.003660369467958377
20.155,0.0036536536695699826
20.16,0.003652480238920749
20.165,0.003656793182419571
20.17,0.0036667981773683134
20.175,0.0036829598186937096
20.18,0.0037059953391487266
20.185,0.0037368647478908112
20.19,0.003776757309009948
20.195,0.0038270742610375663
20.2,0.00388940767312862
20.205000000000002,0.003965515337215564
20.21,0.004057291612831637
20.215,0.004166734180371279
20.22,0.0042959067079255675
20.225,0.0044468975135849576
20.23,0.004621774396199818
20.235,0.004822535920940396
20.240000000000002,0.005051059578436323
20.245,0.0053090473835535335
20.25,0.005597969642545664
20.255,0.0059190077868560564
20.26,0.006272997345009301
20.265,0.006660372293028516
20.27,0.0070811121769214225
20.275000000000002,0.007534693535056647
20.28,0.008020047245732798
20.285,0.008535523481437934
20.29,0.009078865952353965
20.295,0.00964719706013284
20.3,0.010237015453192555
20.305,0.010844207262142191
20.31,0.011464072019158777
20.315,0.012091363892938745
20.32,0.012720348457957442
20.325,0.013344874718892896
20.330000000000002,0.013958461597596283
20.335,0.014554397529977336
20.34,0.015125851294424564
20.345,0.015665991657037637
20.35,0.016168112981443272
20.355,0.016625763559666495
20.36,0.017032873159394057
20.365000000000002,0.01738387614124548
20.37,0.017673826496860556
20.375,0.017898501310831705
20.38,0.018054489445724187
20.385,0.018139262685927804
20.39,0.018151227135348336
20.395,0.018089753319294744
20.400000000000002,0.01795518416748365
20.405,0.017748820806609444
20.41,0.017472886850050884
20.415,0.01713047258731848
20.42,0.01672546111233686
20.425,0.016262438986480277
20.43,0.015746594441711892
20.435,0.015183606427797258
20.44,0.01457952794048012
20.445,0.013940667083250702
20.45,0.013273469175661745
20.455000000000002,0.012584402983652154
20.46,0.011879853800120799
20.465,0.01116602568987446
20.47,0.010448854744812053
20.475,0.009733934705231206
20.48,0.009026455813149425
20.485,0.008331157287326363
20.490000000000002,0.007652293376171571
20.495,0.006993612560551199
20.5,0.006358349146646347
20.505,0.005749226236632765
20.51,0.005168468859107378
20.515,0.004617825920961494
20.52,0.004098599562015082
20.525000000000002,0.0036116804847381445
20.53,0.0031575878540968105
20.535,0.0027365124316443
20.54,0.002348361703390367
20.545,0.001992805872178316
20.55,0.0016693237174347786
20.555,0.0013772474542852464
20.56,0.0011158058578675245
20.565,0.0008841650449320504
20.57,0.000681466422525645
20.575,0.0005068614185887999
20.580000000000002,0.00035954270326832294
20.585,0.00023877168539243598
20.59,0.00014390213270276675
20.595,7.439981610646296e-05
20.6,2.9858113312117296e-05
20.605,1.0009533058926053e-05
20.61,1.4733142857003417e-05
20.615000000000002,4.405788778641395e-05
20.62,9.81617987291794e-05
20.625,0.00017736709011745289
20.63,0.0002821311531571169
20.635,0.00041303345635967936
20.64,0.0005707583808196581
20.645,0.0007560740350842643
20.650000000000002,0.0009698071275687781
20.655,0.001212814015307373
20.66,0.0014859481021733956
20.665,0.0017900238299395355
20.67,0.002125777589040645
20.675,0.0024938259708342514
20.68,0.002894621898161809
20.685,0.0033284092876950666
20.69,0.003795177031038932
20.695,0.004294613210408471
20.7,0.004826060601013538
20.705000000000002,0.005388474629947737
20.71,0.0059803850756487975
20.715,0.006599862870748652
20.72,0.007244493429418242
20.725,0.00791135792745834
20.73,0.008597023930420278
20.735,0.00929754666819349
20.740000000000002,0.010008482104424843
20.745,0.010724912721201463
20.75,0.011441486659816036
20.755,0.012152470505210289
20.76,0.012851815593982963
20.765,0.01353323727875022
20.77,0.014190306094597815
20.775000000000002,0.014816549282848257
20.78,0.01540556064024301
20.785,0.015951116214633743
20.79,0.016447292975705352
20.795,0.016888587279261458
20.8,0.017270029745844795
20.805,0.017587293091274603
20.81,0.017836789504123374
20.815,0.018015754366949466
20.82,0.018122313457482164
20.825,0.018155531233844613
20.830000000000002,0.01811543840000951
20.835,0.01800303761831401
20.84,0.017820286966973242
20.845,0.017570061509395885
20.85,0.017256094080785545
20.855,0.016882897103670302
20.86,0.01645566786656616
20.865000000000002,0.015980180211599304
20.87,0.015462665965138456
20.875,0.014909689681150695
20.88,0.014328020367919692
20.885,0.013724503800141008
20.89,0.01310593884057809
20.895,0.012478960869618305
20.900000000000002,0.011849935021736258
20.905,0.011224861436808453
20.91,0.010609294207149844
20.915,0.010008275157748159
20.92,0.009426283046941819
20.925,0.008867198274529642
20.93,0.008334282708023721
20.935,0.007830173846141264
20.94,0.0073568922008817594
20.945,0.006915860526234496
20.95,0.006507933347485562
20.955000000000002,0.006133435134257681
20.96,0.0057922054317032234
20.965,0.005483649281309511
20.97,0.005206791340244266
20.975,0.004960332220282027
20.98,0.004742705707368344
20.985,0.0045521356872679775
20.990000000000002,0.004386691771590456
20.995,0.004244342791364986
21.0,0.004123007494161612
21.005,0.004020601936693069
21.01,0.003935083206756396
21.015,0.003864489235090751
21.02,0.003806974560840004
21.025000000000002,0.0037608420008887755
21.03,0.0037245702389460122
21.035,0.0036968373963964796
21.04,0.003676540675908002
21.045,0.003662812182019304
21.05,0.0036550310227339636
21.055,0.003652831782941194
21.06,0.003656109441051908
21.065,0.0036650207729936324
21.07,0.0036799822550898087
21.075,0.003701664447988806
21.080000000000002,0.0037309828118687882
21.085,0.0037690848768872076
21.09,0.0038173336749132147
21.095,0.0038772873272141517
21.1,0.003950674685763822
21.105,0.00403936694126017
21.11,0.00414534514363929
21.115000000000002,0.00427066363080808
21.12,0.004417409430637065
21.125,0.004587657791200073
21.13,0.00478342410266297
21.135,0.005006612603631666
21.14,0.00525896240858259
21.145,0.005541991555501724
21.150000000000002,0.005856939937443073
21.155,0.006204712159897596
21.16,0.006585821530634917
21.165,0.00700033655052934
21.17,0.007447831410122063
21.175,0.007927342099353751
21.18,0.008437329809368066
21.185,0.00897565330979333
21.19,0.009539551941145419
21.195,0.010125640741986075
21.2,0.010729919037768099
21.205000000000002,0.011347793549102647
21.21,0.011974116728605821
21.215,0.01260324062682372
21.22,0.013229086103940801
21.225,0.013845226693494084
21.23,0.01444498587294163
21.235,0.015021545954962079
21.240000000000002,0.015568066287624305
21.245,0.01607780798348557
21.25,0.01654426200044412
21.255,0.016961277111654738
21.26,0.017323184131960545
21.265,0.017624912741339926
21.27,0.01786209736992106
21.275000000000002,0.018031168875168646
21.28,0.018129429157340837
21.285,0.01815510639375617
21.29,0.018107389214463865
21.295,0.017986438855473352
21.3,0.017793379077367888
21.305,0.017530264397109363
21.31,0.01720002790270314
21.315,0.016806410583463105
21.32,0.016353874670006263
21.325,0.015847503927595596
21.330000000000002,0.015292894157109771
21.335,0.01469603733146485
21.34,0.01406320282326945
21.345,0.01340081907448365
21.35,0.012715358835393431
21.355,0.01201323077351546
21.36,0.011300679846510064
21.365000000000002,0.010583698377558903
21.37,0.009867949280444321
21.375,0.009158702390962503
21.38,0.008460784381629338
21.385,0.00777854229426822
21.39,0.007115820327971534
21.395,0.0064759491822261595
21.400000000000002,0.005861746984267668
21.405,0.005275530616003721
21.41,0.004719136119710754
21.415,0.004193946775462365
21.42,0.00370092742053707
21.425,0.0032406635967969777
21.43,0.002813404177243406
21.435,0.0024191062097793647
21.44,0.0020574808275410916
21.445,0.0017280392038019343
21.45,0.0014301376578980118
21.455000000000002,0.0011630211548232516
21.46,0.0009258645660246145
21.465,0.0007178111807071286
21.47,0.0005380080647594543
21.475,0.00038563795666779477
21.48,0.0002599474755021758
21.485,0.00016027147612412973
21.490000000000002,8.605344324461028e-05
21.495,3.6861856225769984e-05
21.5,1.2402478206226253e-05
21.505,1.2526553059413054e-05
21.51,3.7234893306661854e-05
21.515,8.667785842444986e-05
21.52,0.00016115122252391423
21.525000000000002,0.0002610879349603801
21.53,0.00038704578654447097
21.535,0.0005396910025752266
21.54,0.0007197778066410088
21.545,0.0009281240232152932
21.55,0.0011655828314505179
21.555,0.0014330108304276834
21.56,0.0017312326470566575
21.565,0.00206100239336493
21.57,0.0024229623805211986
21.575,0.0028175996001502668
21.580000000000002,0.003245200605920928
21.585,0.003705805556579733
21.59,0.00419916231129136
21.595,0.004724681605964065
21.6,0.005281394457032462
21.605,0.005867913058816399
21.61,0.006482396523992406
21.615000000000002,0.007122522879511095
21.62,0.00778546874923336
21.625,0.008467898129751461
21.63,0.00916596157760452
21.635,0.009875306991393273
21.64,0.01059110295862098
21.645,0.011308075359888647
21.650000000000002,0.012020557596411408
21.655,0.012722554392155416
21.66,0.013407818699299412
21.665,0.014069940736792574
21.67,0.01470244771542184
21.675,0.01529891230363134
21.68,0.015853067435806167
21.685,0.01635892465937161
21.69,0.016810892892252127
21.695,0.017203894233411177
21.7,0.017533473378286146
21.705000000000002,0.01779589720415231
21.71,0.017988241279880413
21.715,0.018108460358554623
21.72,0.018155440361759645
21.725,0.018129029933774632
21.73,0.018030050298129652
21.735,0.017860282879382794
21.740000000000002,0.017622434910158802
21.745,0.017320083990433943
21.75,0.016957603289839085
21.755,0.016540069712078775
21.76,0.01607315788424657
21.765,0.015563023240993346
21.77,0.015016177743998327
21.775000000000002,0.014439361892559788
21.78,0.013839416661213022
21.785,0.013223158821258352
21.79,0.01259726282201612
21.795,0.011968152006204491
21.8,0.011341901467375237
21.805,0.010724154328840996
21.81,0.010120052685010705
21.815,0.00953418389345373
21.82,0.008970542393758052
21.825,0.008432506752463098
21.830000000000002,0.007922831216710335
21.835,0.007443650717910089
21.84,0.006996497997320716
21.845,0.006582331327635416
21.85,0.006201571197204103
21.855,0.005854144265464711
21.86,0.005539532917619994
21.865000000000002,0.005256828807558733
21.87,0.005004788887369216
21.875,0.004781892556797729
21.88,0.004586398725427543
21.885,0.004416401750646948
21.89,0.004269885386294803
21.895,0.004144774046538124
21.900000000000002,0.004038980849067286
21.905,0.003950452046678432
21.91,0.003877207584294773
21.915,0.003817377628419827
21.92,0.003769235004189131
21.925,0.0037312235447808373
21.93,0.0037019824088923015
21.935,0.0036803664516408263
21.94,0.0036654627536241158
21.945,0.0036566034108627896
21.95,0.003653374682037865
21.955000000000002,0.0036556225670833775
21.96,0.0036634548666804045
21.965,0.0036772397416345304
21.97,0.003697600758727715
21.975,0.0037254083792095383
21.98,0.0037617678184094228
21.985,0.0038080031858480634
21.990000000000002,0.003865637800670285
21.995,0.003936370579405768
22.0,0.004022048404417333
22.005,0.0041246344125349665
22.01,0.0042461721868898294
22.015,0.004388745904726932
22.02,0.004554436575982201
22.025000000000002,0.004745274615305384
22.03,0.004963189114031152
22.035,0.005209954321765409
22.04,0.005487134003310246
22.045,0.005796024506176778
22.05,0.006137597544107365
22.055,0.006512443875731577
22.06,0.006920719216576998
22.065,0.007362093864379915
22.07,0.00783570763320185
22.075,0.008340131759275948
22.080000000000002,0.00887333947077451
22.085,0.009432686872457907
22.09,0.010014905691736686
22.095,0.010616109257146178
22.1,0.01123181282177299
22.105,0.011856969012022489
22.11,0.012486018784059638
22.115000000000002,0.013112957798401936
22.12,0.013731417617528052
22.125,0.014334760585587247
22.13,0.014916186703764822
22.135,0.015468850285635938
22.14,0.015985983694406514
22.145,0.016461025052855405
22.150000000000002,0.016887746507251222
22.155,0.01726037943323888
22.16,0.017573732923011676
22.165,0.017823301975028016
22.17,0.018005362065665054
22.175,0.018117047152600207
22.18,0.018156408688021486
22.185,0.01812245383312927
22.19,0.018015161775451816
22.195,0.017835477791429355
22.2,0.0175852854649321
22.205000000000002,0.01726735819774916
22.21,0.016885291825662563
22.215,0.016443420743215142
22.22,0.015946720397398195
22.225,0.015400699367575044
22.23,0.014811284428525084
22.235,0.014184702062181032
22.240000000000002,0.013527359800413308
22.245,0.012845730569594593
22.25,0.012146242911615701
22.255,0.011435179554663222
22.26,0.01071858635730294
22.265,0.01000219317273121
22.27,0.009291347673631378
22.275000000000002,0.008590962708741046
22.28,0.007905477300887753
22.285,0.0072388309965170095
22.29,0.006594450924655604
22.295,0.005975250638634577
22.3,0.00538363959318211
22.305,0.004821541954864728
22.31,0.004290423352138362
22.315,0.003791324133663565
22.32,0.0033248977171123073
22.325,0.002891452662813876
22.330000000000002,0.0024909971937843167
22.335,0.0021232849879098126
22.34,0.0017878611961306135
22.345,0.0014841077698823923
22.35,0.0012112873122931411
22.355,0.0009685848013880616
22.36,0.0007551466498418868
22.365000000000002,0.0005701166802725144
22.37,0.0004126686896810394
22.375,0.0002820353617205562
22.38,0.0001775333536347401
22.385,9.858443835319974e-05
22.39,4.473262753787455e-05
22.395,1.5657226510666644e-05
22.400000000000002,1.1181798734166346e-05
22.405,3.127902319159659e-05
22.41,7.607144322147041e-05
22.415,0.00014582810327196105
22.42,0.00024095707837878955
22.425,0.00036199390577795754
22.43,0.0005095859382908685
22.435,0.000684472658202484
22.44,0.0008874620150045587
22.445,0.0011194028891212682
22.45,0.001381153832867632
22.455000000000002,0.0016735483048808675
22.46,0.001997356689644292
22.465,0.0023532454898607114
22.47,0.0027417341814279794
22.475,0.003163150340519394
22.48,0.0036175837799792276
22.485,0.004104840560938072
22.490000000000002,0.004624397882237119
22.495,0.005175360974391197
22.5,0.0057564232422357975
22.505,0.006365830992022481
22.51,0.0070013541469826635
22.515,0.007660264382348458
22.52,0.008339322093423363
22.525000000000002,0.009034773538381558
22.53,0.009742359369006692
22.535,0.010457335559710401
22.54,0.011174507493610264
22.545,0.011888277625978105
22.55,0.012592706769407158
22.555,0.013281588602147565
22.56,0.01394853653035355
22.565,0.014587081545617053
22.57,0.01519077922217349
22.575,0.015753323540955932
22.580000000000002,0.016268664802478128
22.585,0.016731128557161412
22.59,0.017135532230764028
22.595,0.01747729599959058
22.6,0.01775254447242247
22.605,0.017958195883679196
22.61,0.01809203579040286
22.615000000000002,0.018152772688225127
22.62,0.018140073507900922
22.625,0.018054577600054245
22.63,0.017897888526512418
22.635,0.017672543739145397
22.64,0.017381962972955023
22.645,0.01703037691567033
22.650000000000002,0.01662273835808037
22.655,0.016164618601763436
22.66,0.01566209232079885
22.665,0.015121614384170812
22.67,0.014549892281998211
22.675,0.013953757805854394
22.68,0.013340041485552234
22.685,0.012715453016962641
22.69,0.012086470539390604
22.695,0.01145924115972008
22.7,0.010839494609008682
22.705000000000002,0.01023247136654959
22.71,0.009642866050928234
22.715,0.009074786339063223
22.72,0.008531727202981898
22.725,0.008016559817345836
22.73,0.007531534139278762
22.735,0.007078293872929464
22.740000000000002,0.00665790233061081
22.745,0.006270877565766497
22.75,0.005917235094978324
22.755,0.005596536529241192
22.76,0.005307942488132156
22.765,0.005050268272285052
22.77,0.004822040899100877
22.775000000000002,0.004621556266615201
22.78,0.004446935372157235
22.785,0.004296178691748587
22.79,0.004167217992345762
22.795,0.004057965011720732
22.8,0.003966356590421771
22.805,0.00389039596893781
22.81,0.003828190078777105
22.815,0.0037779827473380934
22.82,0.003738183809967044
22.825,0.0037073941766418983
22.830000000000002,0.003684426934483176
22.835,0.003668324588088856
22.84,0.0036583725423614474
22.845,0.0036541089251072327
22.85,0.0036553308297551552
22.855,0.00366209703131265
22.86,0.003674727201286254
22.865000000000002,0.0036937976141938056
22.87,0.0037201333066247955
22.875,0.003754796623263168
22.88,0.003799072061021702
22.885,0.0038544473089561215
22.89,0.00392259037892595
22.895,0.004005322733036998
22.900000000000002,0.004104588338659454
22.905,0.0042224186261261565
22.91,0.0043608933864476285
22.915,0.004522097726877838
22.92,0.004708075305742021
22.925,0.004920778188445496
22.93,0.005162013805364296
22.935,0.005433389648937137
22.94,0.005736256510548543
22.945,0.0060716512334835215
22.95,0.00644024012595068
22.955000000000002,0.0068422643463943444
22.96,0.007277488715477176
22.965,0.007745155529512715
22.97,0.008243945033491684
22.975,0.008771944239629903
22.98,0.009326625758280471
22.985,0.009904838212598577
22.990000000000002,0.01050280964496153
22.995,0.011116165083095098
23.0,0.011739959114869691
23.005,0.012368723931956538
23.01,0.012996532846106135
23.015,0.01361707878166385
23.02,0.014223766704116514
23.025000000000002,0.014809818402408581
23.03,0.01536838750456937
23.035,0.0158926821133214
23.04,0.0163760920253182
23.045,0.016812317160997736
23.05,0.017195493624086566
23.055,0.017520313721490766
23.06,0.017782136346376376
23.065,0.017977084335690563
23.07,0.018102125780259826
23.075,0.018155136749953726
23.080000000000002,0.018134943510524693
23.085,0.01804134299104021
23.09,0.01787510100669465
23.095,0.017637928502061584
23.1,0.0173324368220662
23.105,0.01696207369966274
23.11,0.016531042263078888
23.115000000000002,0.016044205847382642
23.12,0.01550698176864529
23.125,0.01492522743774316
23.13,0.014305122276297766
23.135,0.013653048840577497
23.14,0.012975476375817863
23.145,0.01227884973573623
23.150000000000002,0.011569486220150083
23.155,0.010853482445330798
23.16,0.010136632881113883
23.165,0.009424361190355057
23.17,0.008721665031071524
23.175,0.008033074509505411
23.18,0.00736262406813637
23.185,0.006713837228145891
23.19,0.0060897233052781274
23.195,0.005492784990853039
23.2,0.004925035518230203
23.205000000000002,0.0043880240345259836
23.21,0.0038828677488158547
23.215,0.0034102894338872147
23.22,0.00297065890233128
23.225,0.0025640371613135926
23.23,0.0021902220499976366
23.235,0.0018487942891880493
23.240000000000002,0.0015391630021222014
23.245,0.0012606098949285993
23.25,0.001012331423433821
23.255,0.0007934783863787764
23.26,0.0006031925060367982
23.265,0.00044063965210150435
23.27,0.0003050394534673817
23.275000000000002,0.00019569111104955628
23.28,0.00011199528678107473
23.285,5.3471982497055315e-05
23.29,1.9774360249889128e-05
23.295,1.0698473005773721e-05
23.3,2.6188892905919248e-05
23.305,6.634022882345825e-05
23.31,0.0001313945336247624
23.315,0.00022173460208552154
23.32,0.0003378731688912229
23.325,0.0004804380236871353
23.330000000000002,0.0006501530773141972
23.335,0.0008478154379778502
23.34,0.0010742685901847793
23.345,0.0013303718196873149
23.35,0.0016169660831693022
23.355,0.0019348366052334143
23.36,0.002284672564957013
23.365000000000002,0.0026670243465822807
23.37,0.0030822589379191356
23.375,0.0035305141901389447
23.38,0.004011652780716801
23.385,0.004525216856205105
23.39,0.0050703844595823
23.395,0.005645928965108737
23.400000000000002,0.0062501828415406635
23.405,0.006881007137586437
23.41,0.007535768118792419
23.415,0.0082113224757272
23.42,0.008904012465180244
23.425,0.009609672222811838
23.43,0.010323646305849365
23.435,0.011040821270352552
23.44,0.011755670777361615
23.445,0.012462314343054004
23.45,0.013154589422718743
23.455000000000002,0.013826136046883875
23.46,0.01447049274730361
23.465,0.015081202004424199
23.47,0.015651922989697198
23.475,0.01617654893723497
23.48,0.016649326130771414
23.485,0.01706497122058792
23.490000000000002,0.017418783440191987
23.495,0.017706748266277827
23.5,0.017925629190891357
23.505,0.0180730445314623
23.51,0.018147526606256292
23.515,0.018148561125109097
23.52,0.018076605277258295
23.525000000000002,0.017933083695936602
23.53,0.01772036223773199
23.535,0.01744170026452707
23.54,0.017101182857288677
23.545,0.01670363505248673
23.55,0.01625452077713163
23.555,0.01575982961428224
23.56,0.015225954855491608
23.565,0.014659566470783147
23.57,0.014067482656212604
23.575,0.013456543497770923
23.580000000000002,0.012833490048048901
23.585,0.012204851748322199
23.59,0.01157684468760678
23.595,0.01095528268045598
23.6,0.010345502605858314
23.605,0.009752304902889364
23.61,0.009179909584283052
23.615000000000002,0.008631927641474135
23.62,0.008111347271125169
23.625,0.00762053398441509
23.63,0.007161243361125003
23.635,0.006734644989982996
23.64,0.006341355992642406
23.645,0.005981482453210063
23.650000000000002,0.005654667068727193
23.655,0.005360141381286709
23.66,0.005096781043564036
23.665,0.004863162699182411
23.67,0.004657621208624008
23.675,0.004478306118519626
23.68,0.004323236446035494
23.685,0.004190353019095205
23.69,0.004077567779653624
23.695,0.003982809604733628
23.7,0.003904066338425327
23.705000000000002,0.003839422841832363
23.71,0.0037870949654965624
23.715,0.003745459425911868
23.72,0.0037130796239550623
23.725,0.0036887274831590156
23.73,0.003671401404717306
23.735,0.003660340446388327
23.740000000000002,0.0036550348240330472
23.745,0.003655232819616945
23.75,0.0036609441548338395
23.755,0.0036724398614937648
23.76,0.003690248646780747
23.765,0.0037151497211654894
23.77,0.003748162027280344
23.775000000000002,0.003790529784638119
23.78,0.0038437042503152163
23.785,0.003909321589197212
23.79,0.003989176757757118
23.795,0.004085193324621983
23.8,0.0041993891955778295
23.805,0.00433383826489564
23.81,0.004490628096069926
23.815,0.004671813830988469
23.82,0.0048793686468719955
23.825,0.0051151312130350846
23.830000000000002,0.005380750755660912
23.835,0.005677630499436148
23.84,0.006006870428244326
23.845,0.006369210480572818
23.85,0.006764975458173339
23.855,0.007194023079476253
23.86,0.007655696732804529
23.865000000000002,0.00814878457321555
23.87,0.008671486649991067
23.875,0.009221391739519191
23.88,0.009795465476543086
23.885,0.01039005123088188
23.89,0.011000884946827938
23.895,0.011623124858491707
23.900000000000002,0.012251396622168897
23.905,0.012879853957528553
23.91,0.013502254396513536
23.915,0.014112049207305688
23.92,0.014702486008346227
23.925,0.015266722051393344
23.93,0.015797945651126355
23.935000000000002,0.016289502792147914
23.94,0.016735025601349207
23.945,0.017128559129545806
23.95,0.017464682780250484
23.955000000000002,0.017738622763594947
23.96,0.017946352136981147
23.965,0.0180846753289714
23.97,0.018151294511611127
23.975,0.018144855774494317
23.98,0.01806497372471938
23.985,0.0179122338798976
23.990000000000002,0.01768817297181613
23.995,0.017395238036876037
24.0,0.017036725856073076
24.005,0.016616704944123484
24.01,0.01613992278842602
24.015,0.01561170143761359
24.02,0.015037824787629717
24.025000000000002,0.014424421020486022
24.03,0.01377784362500023
24.035,0.0131045542622239
24.04,0.012411010472440864
24.045,0.011703560857345252
24.05,0.010988349929967
24.055,0.01027123436655586
24.060000000000002,0.009557711884518483
24.065,0.00885286349411274
24.07,0.008161309400545491
24.075,0.007487178410400475
24.080000000000002,0.006834090324622011
24.085,0.00620515049124748
24.09,0.005602955443913871
24.095,0.005029608377048689
24.1,0.0044867430880550785
24.105,0.003975554965629513
24.11,0.003496837596161484
24.115000000000002,0.003051023596504443
24.12,0.002638228361748318
24.125,0.002258295510054964
24.13,0.0019108429312408859
24.135,0.0015953084713089538
24.14,0.0013109944205034196
24.145,0.0010571101018910234
24.150000000000002,0.0008328119842939685
24.155,0.000637240855766219
24.16,0.00046955569782003437
24.165,0.0003289639899380914
24.17,0.0002147482449735838
24.175,0.00012628864068991996
24.18,6.308165425339407e-05
24.185000000000002,2.475464518209708e-05
24.19,1.1076354019754064e-05
24.195,2.1963298577065693e-05
24.2,5.748206263817002e-05
24.205000000000002,0.0001178474721667544
24.21,0.00020341666273915315
24.215,0.0003146790443582237
24.22,0.00045224217915951215
24.225,0.0006168136021567072
24.23,0.0008091786391677402
24.235,0.0010301743060416868
24.240000000000002,0.0012806594234584523
24.245,0.001561481133845355
24.25,0.0018734380863838496
24.255,0.0022172406355807084
24.26,0.0025934685075998942
24.265,0.003002526495145652
24.27,0.0034445988704323582
24.275000000000002,0.003919603333290667
24.28,0.004427145446479486
24.285,0.004966474638703033
24.29,0.005536442979016343
24.295,0.006135468024126567
24.3,0.0067615011252968316
24.305,0.007412002615371449
24.310000000000002,0.00808392530671398
24.315,0.008773707672773412
24.32,0.009477277982050225
24.325,0.01019007047970888
24.330000000000002,0.010907054477087286
24.335,0.011622776902527221
24.34,0.012331418506352776
24.345,0.01302686349266935
24.35,0.013702781886333781
24.355,0.01435272346390093
24.36,0.014970221573832987
24.365000000000002,0.015548904703106103
24.37,0.016082613202200946
24.375,0.016565518212555475
24.38,0.01699223955481699
24.385,0.0173579591644355
24.39,0.017658526613480774
24.395,0.017890553353367977
24.400000000000002,0.018051492543172287
24.405,0.018139701709628753
24.41,0.018154485978229218
24.415,0.01809612023554763
24.42,0.01796584926437106
24.425,0.017765865647866974
24.43,0.01749926599163132
24.435000000000002,0.0171699867543893
24.44,0.01678272166389405
24.445,0.016342823291488173
24.45,0.015856191842132716
24.455000000000002,0.01532915456356676
24.46,0.014768339390833773
24.465,0.01418054648357625
24.47,0.013572621235127258
24.475,0.012951332098829482
24.48,0.012323256244133773
24.485,0.011694675619345674
24.490000000000002,0.011071485501407352
24.495,0.010459117081335734
24.5,0.009862475076165111
24.505,0.009285890833243826
24.51,0.008733090883215056
24.515,0.008207180452380669
24.52,0.007710641057407486
24.525000000000002,0.007245340998011329
24.53,0.006812557320014179
24.535,0.00641300767119013
24.54,0.006046890379215242
24.545,0.005713931063727529
24.55,0.005413434131394723
24.555,0.005144337585980097
24.560000000000002,0.004905269707284887
24.565,0.004694606301615778
24.57,0.004510527388419838
24.575,0.004351072363406594
24.580000000000002,0.0042141928461330025
24.585,0.004097802590385502
24.59,0.003999823984618622
24.595,0.00391823081126752
24.6,0.0038510870525230168
24.605,0.003796581629670337
24.61,0.0037530590456615887
24.615000000000002,0.0037190459580226376
24.62,0.003693273755858373
24.625,0.0036746972340117035
24.63,0.0036625094711567607
24.635,0.0036561530131231992
24.64,0.0036553274486255073
24.645,0.003659993441521528
24.650000000000002,0.003670373256313364
24.655,0.003686947781442129
24.66,0.003710450023702405
24.665,0.003741855016766049
24.67,0.0037823660633324874
24.675,0.003833397212503087
24.68,0.003896551866488185
24.685000000000002,0.0039735974173482624
24.69,0.004066435833067317
24.695,0.004177070149256501
24.7,0.004307566878763325
24.705000000000002,0.004460014423616876
24.71,0.004636477670455719
24.715,0.004838949063559639
24.72,0.0050692965823753156
24.725,0.005329209200626295
24.73,0.005620140565028464
24.735,0.0059432518047195515
24.740000000000002,0.006299354551970282
24.745,0.0066888554254393995
24.75,0.007111703379925061
24.755,0.007567341456152121
24.76,0.008054664561619518
24.765,0.008571984965922042
24.77,0.009117007190891258
24.775000000000002,0.009686813910501968
24.78,0.010277864340313414
24.785,0.010886006381269908
24.79,0.011506503497084708
24.795,0.012134076936622051
24.8,0.012762963486672163
24.805,0.01338698844563524
24.810000000000002,0.013999652989095779
24.815,0.014594234545004525
24.82,0.015163898257210207
24.825,0.015701817101220428
24.830000000000002,0.016201297766471612
24.835,0.01665590904303116
24.84,0.017059609198156522
24.845,0.0174068686857467
24.85,0.01769278455065404
24.855,0.01791318304239553
24.86,0.018064707260819546
24.865000000000002,0.018144887104064367
24.87,0.018152189349002867
24.875,0.01808604636539002
24.88,0.01794686267911061
24.885,0.017735999369975275
24.89,0.017455737035206198
24.895,0.017109218760204215
24.900000000000002,0.016700375183717142
24.905,0.01623383427383729
24.91,0.015714818848497458
24.915,0.01514903515557009
24.92,0.0145425559556287
24.925,0.013901701552633483
24.93,0.013232922077513365
24.935000000000002,0.012542684075199872
24.94,0.011837364106494164
24.945,0.011123151640539675
24.95,0.010405963063977453
24.955000000000002,0.00969136812187088
24.96,0.008984529630840399
24.965,0.008290156824095618
24.97,0.007612472256486313
24.975,0.006955191821260698
24.98,0.006321517099729945
24.985,0.00571413901525375
24.990000000000002,0.005135251566509069
24.995,0.004586574292391177
25.0,0.004069382049323167
25.005,0.0035845406729215767
25.01,0.0031325471223659918
25.015,0.002713572777669704
25.02,0.002327508653851673
25.025000000000002,0.001974011414240806
25.03,0.0016525491902807943
25.035,0.0013624463512429408
25.04,0.0011029264961583962
25.045,0.0008731530683721012
25.05,0.000672267110620961
25.055,0.0004994217794886957
25.060000000000002,0.0003538133363479856
25.065,0.00023470839984252034
25.07,0.00014146731737790796
25.075,7.356355267243431e-05
25.080000000000002,3.059903137078712e-05
25.085,1.2315405351787448e-05
25.09,1.8601218787474283e-05
25.095,4.9494966118113215e-05
25.1,0.00010518403823994715
25.105,0.00018599955957976366
25.11,0.00029240711996503244
25.115000000000002,0.0004249934160480695
25.12,0.0005844488290371874
25.125,0.0007715459861752372
25.13,0.000987114386057364
25.135,0.0012320112091654956
25.14,0.0015070884914738514
25.145,0.0018131569093631228
25.150000000000002,0.0021509465062283795
25.155,0.0025210647946058984
25.16,0.002923952770654381
25.165,0.0033598395099510014
25.17,0.0038286961332385516
25.175,0.004330190073099871
25.18,0.00486364069452172
25.185000000000002,0.005427977454189659
25.19,0.006021701881556041
25.195,0.0066428547557180195
25.2,0.007288989894494335
25.205000000000002,0.00795715598926705
25.21,0.008643887872164413
25.215,0.00934520850937659
25.22,0.010056642853513154
25.225,0.010773244462736642
25.23,0.011489635504478457
25.235,0.012200060407749902
25.240000000000002,0.012898453017740508
25.245,0.013578516652952288
25.25,0.014233815981928188
25.255,0.014857879141768393
25.26,0.015444308037388055
25.265,0.01598689431591893
25.27,0.016479738121187637
25.275000000000002,0.01691736643206454
25.28,0.017294847596808438
25.285,0.0176078985972552
25.29,0.017852981651174105
25.295,0.0180273869641141
25.3,0.018129298791649262
25.305,0.018157842454911588
25.310000000000002,0.01811311054294862
25.315,0.017996167211194347
25.32,0.01780903023088598
25.325,0.017554631194585113
25.330000000000002,0.017236755034303997
25.335,0.016859960708970334
25.34,0.016429485523808296
25.345,0.015951136065265104
25.35,0.01543116909588349
25.355,0.014876165999343272
25.36,0.014292904435812659
25.365000000000002,0.013688230811876423
25.37,0.013068936964380384
25.375,0.012441644139808972
25.38,0.01181269693316267
25.385,0.01118806936693062
25.39,0.010573284753895962
25.395,0.009973350445008577
25.400000000000002,0.009392708020619978
25.405,0.008835198975198466
25.41,0.008304045483097156
25.415,0.007801845439498578
25.42,0.007330580638381434
25.425,0.0068916367050420035
25.43,0.006485833224010307
25.435000000000002,0.006113462405975767
25.44,0.005774334603836806
25.445,0.005467829015367798
25.45,0.005192947987122665
25.455000000000002,0.004948373446259424
25.46,0.004732524135651062
25.465,0.004543612484994242
25.47,0.004379700123436692
25.475,0.004238751214364456
25.48,0.004118682955019715
25.485,0.004017412745545013
25.490000000000002,0.003932901668139088
25.495,0.003863194044457785
25.5,0.003806452941439442
25.505,0.0037609915797938154
25.51,0.0037253006655265652
25.515,0.0036980717077750302
25.52,0.0036782164164799735
25.525000000000002,0.0036648822831830408
25.53,0.0036574644492018797
25.535,0.0036556139512235585
25.54,0.0036592424134806525
25.545,0.0036685232287812786
25.55,0.003683889238889737
25.555,0.003706026892999259
25.560000000000002,0.0037358668335301104
25.565,0.0037745708320131577
25.57,0.003823514979448106
25.575,0.0038842690258933388
25.580000000000002,0.003958571767535446
25.585,0.004048302396146841
25.59,0.004155447758723341
25.595,0.004282065527306145
25.6,0.00443024334910902
25.605,0.004602054138304723
25.61,0.004799507780028023
25.615000000000002,0.005024499648678571
25.62,0.005278756487397729
25.625,0.005563780356521164
25.63,0.00588079152810117
25.635,0.006230671376934893
25.64,0.006613906488023957
25.645,0.007030535355506018
25.650000000000002,0.007480099186906841
25.655,0.007961598427545624
25.66,0.008473456682015268
25.665,0.009013493718946108
25.67,0.009578909191723994
25.675,0.010166278584446076
25.68,0.010771562696525905
25.685000000000002,0.01139013170089953
25.69,0.01201680446648723
25.695,0.01264590340853644
25.7,0.013271324660117045
25.705000000000002,0.013886622830472817
25.71,0.01448510907376388
25.715,0.015059960646077286
25.72,0.01560433960945673
25.725,0.01611151787002285
25.73,0.01657500536004619
25.735,0.016988677876248914
25.740000000000002,0.017346900946300536
25.745,0.017644646057334512
25.75,0.01787759573289094
25.755,0.018042234203576868
25.76,0.018135920853502796
25.765,0.01815694415735436
25.77,0.018104554476302326
25.775000000000002,0.01797897479608679
25.78,0.017781389240724366
25.785,0.017513909962247
25.79,0.01717952371438969
25.795,0.01678202008737628
25.8,0.016325903925313412
25.805,0.015816294898517214
25.810000000000002,0.015258817495588772
25.815,0.01465948487376778
25.82,0.01402458001509288
25.825,0.013360537534296668
25.830000000000002,0.012673829243219359
25.835,0.01197085625044636
25.84,0.011257849961854305
25.845,0.010540783891833883
25.85,0.009825297697844348
25.855,0.009116634367181575
25.86,0.008419591000784266
25.865000000000002,0.007738483204082769
25.87,0.007077122696719229
25.875,0.006438807425386273
25.88,0.005826323188319549
25.885,0.005241955580995494
25.89,0.0046875109319799435
25.895,0.004164344820132726
25.900000000000002,0.003673396742538415
25.905,0.003215229522455232
25.91,0.0027900721139140217
25.915,0.002397864545661932
25.92,0.0020383038637517004
25.925,0.0017108900576738861
25.93,0.0014149710850865915
25.935000000000002,0.0011497862467408915
25.94,0.00091450728611564
25.945,0.0007082767115527133
25.95,0.0005302429427218591
25.955000000000002,0.0003795919785782864
25.96,0.00025557536397990965
25.965,0.00015753429552978204
25.97,8.491976242300248e-05
25.975,3.7308650855299996e-05
25.98,1.4415775875511669e-05
25.985,1.6101815040841377e-05
25.990000000000002,4.237713635016349e-05
25.995,9.340151458209212e-05
26.0,0.00016947973780168102
26.005,0.0002710531069679556
26.01,0.0003986868421443912
26.015,0.0005530534182471847
26.02,0.0007349118739470306
26.025000000000002,0.0009450831658659453
26.03,0.0011844216826299991
26.035,0.0014537830823928566
26.04,0.001753988689707775
26.045,0.0020857867665613483
26.05,0.0024498110664668005
26.055,0.002846537194934662
26.060000000000002,0.0032762374131376504
26.065,0.003738934656333015
26.07,0.004234356666499295
26.075,0.00476189127414095
26.080000000000002,0.0053205439861532255
26.085,0.005908899149611457
26.09,0.006525086048046802
26.095,0.007166751343381961
26.1,0.007831039296029019
26.105,0.008514581163563406
26.11,0.009213495093714386
26.115000000000002,0.009923397677471968
26.12,0.010639428123123906
26.125,0.011356285718996162
26.13,0.012068280930108699
26.135,0.012769400053784352
26.14,0.013453382928947377
26.145,0.01411381270396106
26.150000000000002,0.014744216179991554
26.155,0.015338172756113266
26.16,0.015889429549989842
26.165,0.0163920198681069
26.17,0.01684038187454462
26.175,0.017229474102144593
26.18,0.01755488433918373
26.185000000000002,0.01781292848128402
26.19,0.018000736102905535
26.195,0.018116319842853557
26.2,0.018158626140127865
26.205000000000002,0.018127565437389137
26.21,0.01802402063243136
26.215,0.01784983328498413
26.22,0.017607767847358957
26.225,0.017301454937587835
26.23,0.016935315379512872
26.235,0.016514467378733855
26.240000000000002,0.01604461971461646
26.245,0.01553195425085363
26.25,0.014983001307964372
26.255,0.014404511563895994
26.26,0.013803328104909696
26.265,0.013186262074270871
26.27,0.01255997506925155
26.275000000000002,0.01193087103354884
26.28,0.011304999920866976
26.285,0.010687974875978057
26.29,0.010084904136583361
26.295,0.009500338313998213
26.3,0.008938233193749312
26.305,0.008401927728538539
26.310000000000002,0.007894136482203606
26.315,0.0074169554471872345
26.32,0.006971879889317023
26.325,0.006559832691086953
26.330000000000002,0.006181201547478921
26.335,0.005835883327296898
26.34,0.005523333928840302
26.345,0.005242622023887478
26.35,0.004992485198069829
26.355,0.004771387128400306
26.36,0.004577574603857215
26.365000000000002,0.004409133359887463
26.37,0.004264041876027136
26.375,0.004140222448479669
26.38,0.004035589014605101
26.385,0.003948091344112559
26.39,0.0038757553436656877
26.395,0.003816719327002005
26.400000000000002,0.0037692661913624192
26.405,0.0037318515084199255
26.41,0.003703127587587729
26.415,0.003681963599895921
26.42,0.003667461865644872
26.425,0.0036589704106084614
26.43,0.0036560918837641398
26.435000000000002,0.0036586889111650325
26.44,0.003666885932512992
26.445,0.0036810675378957103
26.45,0.003701873289047697
26.455000000000002,0.0037301889790605225
26.46,0.003767134258983562
26.465,0.003814046537221616
26.47,0.0038724610485560973
26.475,0.003944086988683093
26.48,0.004030779624758285
26.485,0.004134508322891861
26.490000000000002,0.004257320481292126
26.495,0.004401301423524018
26.5,0.0045685303959146495
26.505,0.004761032917512509
26.51,0.004980729857342325
26.515,0.005229383759706607
26.52,0.005508543092433982
26.525000000000002,0.005819485264082047
26.53,0.00616315942814083
26.535,0.006540130261798893
26.54,0.006950524068692232
26.545,0.007393978693794878
26.55,0.007869598849996606
26.555,0.008375918525349135
26.560000000000002,0.008910872160495131
26.565,0.009471776242037322
26.57,0.010055322852942084
26.575,0.01065758653245652
26.580000000000002,0.011274045541945554
26.585,0.011899618294144432
26.59,0.012528715296824089
26.595,0.01315530649381813
26.6,0.01377300337296461
26.605,0.014375154663728296
26.61,0.014954953906688218
26.615000000000002,0.015505556643933716
26.62,0.016020204505128532
26.625,0.016492353057671494
26.63,0.016915799984040802
26.635,0.017284809970611548
26.64,0.017594232642515806
26.645,0.017839609984491744
26.650000000000002,0.01801726994136743
26.655,0.018124403278996226
26.66,0.01815912132235553
26.665,0.01812049280173511
26.67,0.018008558757173887
26.675,0.0178243251925565
26.68,0.017569733934472254
26.685000000000002,0.01724761288154042
26.69,0.016861607493481756
26.695,0.016416095960511967
26.7,0.015916090935593985
26.705000000000002,0.015367131065580963
26.71,0.014775165725847472
26.715,0.01414643642225144
26.72,0.013487358232506352
26.725,0.012804404443166106
26.73,0.01210399723381883
26.735,0.011392406849303427
26.740000000000002,0.010675661265498348
26.745,0.009959467847522774
26.75,0.009249148027166143
26.755,0.00854958552584506
26.76,0.00786518821573523
26.765,0.007199863299447884
26.77,0.006557005149545603
26.775000000000002,0.005939494861715744
26.78,0.005349710366628457
26.785,0.0047895457869611135
26.79,0.00426043864411163
26.795,0.0037634034822726647
26.8,0.003299070494026779
26.805,0.002867727787129404
26.810000000000002,0.0024693660178858323
26.815,0.0021037242289230207
26.82,0.00177033584860542
26.825,0.0014685739463891068
26.830000000000002,0.0011976949675229775
26.835,0.0009568803007593552
26.84,0.0007452751538212787
26.845,0.0005620243205077813
26.85,0.0004063045188331671
26.855,0.00027735306527620907
26.86,0.00017449271293712432
26.865000000000002,9.715254046979704e-05
26.87,4.488481750494766e-05
26.875,1.737779977574634e-05
26.88,1.4464432834568157e-05
26.885,3.612694793153626e-05
26.89,8.249735007595516e-05
26.895,0.00015385379216265038
26.900000000000002,0.00025061284484584334
26.905,0.0003733176667997107
26.91,0.000522622100732395
26.915,0.0006992707318276281
26.92,0.000904074975422553
26.925,0.0011378852991219546
26.93,0.0014015597335985674
26.935000000000002,0.0016959288927891336
26.94,0.0020217578011347825
26.945,0.0023797049214886457
26.95,0.0027702788806447387
26.955000000000002,0.003193793510670062
26.96,0.003650321949203672
26.965,0.0041396506766151475
26.97,0.004661234497092437
26.975,0.005214153602205229
26.98,0.005797073963398347
26.985,0.006408212398195445
26.990000000000002,0.00704530771503542
26.995,0.007705599367838545
27.0,0.008385815032472266
27.005,0.00908216844047871
27.01,0.009790368668383564
27.015,0.010505641886389583
27.02,0.011222766297258602
27.025000000000002,0.011936120670561934
27.03,0.012639746484143899
27.035,0.013327423250323989
27.04,0.013992756122270578
27.045,0.014629274393445968
27.05,0.015230539002306642
27.055,0.01579025670196188
27.060000000000002,0.016302398132165052
27.065,0.01676131670465253
27.07,0.017161864964485574
27.075,0.017499504983774727
27.080000000000002,0.017770409343697224
27.085,0.017971549429837808
27.09,0.018100768048064708
27.095,0.018156833818238738
27.1,0.01813947533437954
27.105,0.01804939375178094
27.11,0.017888253160940337
27.115000000000002,0.017658648880249928
27.12,0.017364054541076257
27.125,0.017008749569974668
27.13,0.01659772931571979
27.135,0.016136600620910713
27.14,0.015631466068281696
27.145,0.015088800411799497
27.150000000000002,0.014515322850215284
27.155,0.013917868778555942
27.16,0.013303264514533453
27.165,0.012678208207908881
27.17,0.012049159767226314
27.175,0.011422242169235375
27.18,0.010803156000758207
27.185000000000002,0.010197108536750932
27.19,0.009608758115884797
27.195,0.009042174045230666
27.2,0.008500811793691554
27.205000000000002,0.00798750280205951
27.21,0.007504457891251093
27.215,0.0070532829668845665
27.22,0.006635005518656811
27.225,0.006250110286575961
27.23,0.005898582408919495
27.235,0.005579956373177097
27.240000000000002,0.005293369149866223
27.245,0.005037615991598798
27.25,0.004811207512603666
27.255,0.004612426821752003
27.26,0.004439385649705585
27.265,0.004290078584622492
27.27,0.004162434700459627
27.275000000000002,0.004054366022346656
27.28,0.003963812421431623
27.285,0.003888782661601642
27.29,0.0038273914320656743
27.295,0.003777892291424889
27.3,0.0037387065207734604
27.305,0.003708447935148018
27.310000000000002,0.0036859437376867143
27.315,0.0036702515175000006
27.32,0.003660672497235465
27.325,0.003656761125801767
27.330000000000002,0.0036583310952121653
27.335,0.0036654578338711497
27.34,0.0036784774986381996
27.345,0.003697982457108173
27.35,0.0037248132194598327
27.355,0.003760046751622337
27.36,0.0038049810808018503
27.365000000000002,0.0038611160894377328
27.37,0.0039301303946994715
27.375,0.004013854217572721
27.38,0.004114238178452467
27.385,0.004233317994188468
27.39,0.0043731751207198855
27.395,0.004535893464418628
27.400000000000002,0.00472351239034996
27.405,0.0049379763778869545
27.41,0.005181081814537691
27.415,0.00545442157428333
27.42,0.0057593281927967865
27.425,0.006096816626429913
27.43,0.006467527750086077
27.435000000000002,0.006871673915828325
27.44,0.0073089880343992775
27.445,0.007778677763091935
27.45,0.008279386458227123
27.455000000000002,0.008809162582085861
27.46,0.009365439224882977
27.465,0.009945025305917454
27.47,0.010544109848183325
27.475,0.011158280478390736
27.48,0.011782556975212799
27.485,0.012411440302663834
27.490000000000002,0.013038977099157023
27.495,0.013658839091810648
27.5,0.014264416365463717
27.505,0.014848922862412905
27.51,0.015405511966818608
27.515,0.015927399525256902
27.52,0.016407991246566667
27.525000000000002,0.01684101108907754
27.53,0.017220627045190895
27.535,0.017541570654238114
27.54,0.017799246654391254
27.545,0.017989829405799185
27.55,0.018110343087236913
27.555,0.018158723168447466
27.560000000000002,0.018133857272630394
27.565,0.018035604235045355
27.57,0.01786479091356341
27.575,0.017623187059861323
27.580000000000002,0.017313459306137702
27.585,0.016939105999522752
27.59,0.01650437521883319
27.595,0.016014168786949057
27.6,0.015473935455275978
27.605,0.014889556648572722
27.61,0.01426722822906612
27.615000000000002,0.013613341682873425
27.62,0.012934367931052293
27.625,0.012236746681136168
27.63,0.011526783845312139
27.635,0.010810559109405204
27.64,0.010093845254470324
27.645,0.00938204034019563
27.650000000000002,0.008680113371873688
27.655,0.007992563619922066
27.66,0.007323393346190699
27.665,0.006676093336652755
27.67,0.006053640342930322
27.675,0.005458505314225093
27.68,0.004892671125059422
27.685000000000002,0.004357658423268518
27.69,0.0038545581586966193
27.695,0.0033840693793507626
27.7,0.002946540915121254
27.705000000000002,0.0025420156612732114
27.71,0.0021702762723343483
27.715,0.001830891205273133
27.72,0.0015232601772146026
27.725,0.0012466582370693757
27.73,0.0010002777837829768
27.735,0.0007832679795543029
27.740000000000002,0.0005947711272784595
27.745,0.00043395567036808025
27.75,0.00030004556821616735
27.755,0.00019234586294858413
27.76,0.0001102643148993554
27.765,5.33290252541091e-05
27.77,2.120199639267864e-05
27.775000000000002,1.3688602231123241e-05
27.78,3.074295528388005e-05
27.785,7.246916239919687e-05
27.79,0.0001391184711622695
27.795,0.00023108230610591196
27.8,0.00034888120700016234
27.805,0.0004931496845750338
27.810000000000002,0.0006646170314157374
27.815,0.0008640841467615346
27.82,0.0010923964724134372
27.825,0.0013504131836397093
27.830000000000002,0.0016389728435015627
27.835,0.001958855800656245
27.84,0.002310743707800711
27.845,0.002695176634094132
27.85,0.00311250836996102
27.855,0.0035628606406117314
27.86,0.0040460770823997905
27.865000000000002,0.004561677964030508
27.87,0.005108816768730762
27.875,0.005686239863095466
27.88,0.006292250582683678
27.885,0.00692467912954875
27.89,0.0075808597118864895
27.895,0.008257616344835128
27.900000000000002,0.00895125866650659
27.905,0.009657588999505862
27.91,0.01037192170083756
27.915,0.011089115589474119
27.92,0.011803619920605968
27.925,0.01250953399761201
27.93,0.013200680082306349
27.935000000000002,0.013870688793154784
27.94,0.014513095692699096
27.945,0.015121447271756239
27.95,0.015689414067985297
27.955000000000002,0.016210908234914
27.96,0.01668020252106217
27.965,0.017092047366993768
27.97,0.01744178267853158
27.975,0.017725440829067907
27.98,0.017939837568057726
27.985,0.018082647782527772
27.990000000000002,0.018152463474521596
27.995,0.01814883183302385
28.0,0.018072271932474848
28.005,0.01792426927966062
28.01,0.017707248197993408
28.015,0.01742452278271145
28.02,0.017080227902468437
28.025000000000002,0.016679232377732944
28.03,0.01622703704395434
28.035,0.01572966085841543
28.04,0.015193518518827887
28.045,0.014625293236083081
28.05,0.014031808311624872
28.055,0.013419901052117211
28.060000000000002,0.01279630229272044
28.065,0.012167524440375388
28.07,0.011539760493711526
28.075,0.010918795992299835
28.080000000000002,0.010309935296550776
28.085,0.00971794306716589
28.09,0.009147001264860677
28.095,0.008600681520121611
28.1,0.008081932274226489
28.105,0.007593079731726959
28.11,0.007135841372026164
28.115000000000002,0.00671135054820482
28.12,0.006320190563238626
28.125,0.005962436546331773
28.13,0.00563770344243153
28.135,0.005345198481718327
28.14,0.005083776589259514
28.145,0.00485199732336028
28.150000000000002,0.004648182083956343
28.155,0.004470470501043877
28.16,0.0043168750841573456
28.165,0.004185333385596124
28.17,0.004073757093824959
28.175,0.003980077621506872
28.18,0.0039022878887409185
28.185000000000002,0.003838480115572862
28.19,0.003786879533877574
28.195,0.003745874004032812
28.2,0.0037140395778516577
28.205000000000002,0.003690162086246951
28.21,0.003673254851540686
28.215,0.0036625726293941507
28.22,0.0036576218794053253
28.225,0.0036581674470115948
28.23,0.00366423571365021
28.235,0.0036761142446644357
28.240000000000002,0.0036943479307352534
28.245,0.003719731589309716
28.25,0.0037532989614834644
28.255,0.003796308019710537
28.26,0.0038502224837242416
28.265,0.0039166894402629104
28.27,0.003997512970185468
28.275000000000002,0.004094623709274714
28.28,0.004210044312516814
28.285,0.004345850849209576
28.29,0.004504130236504977
28.295,0.004686933918344849
28.3,0.004896228116413326
28.305,0.005133841115421589
28.310000000000002,0.005401408199526614
28.315,0.0057003150205101605
28.32,0.0060316403522691076
28.325,0.00639609935398866
28.330000000000002,0.0067939886355770085
28.335,0.007225134562261815
28.34,0.0076888463614182
28.345,0.00818387567985468
28.35,0.0087083842793092
28.355,0.009259921541058702
28.36,0.00983541336706395
28.365000000000002,0.010431163911171382
28.37,0.01104287134065629
28.375,0.011665658520392697
28.38,0.01229411913415035
28.385,0.012922379302782616
28.39,0.013544174269789266
28.395,0.014152939180643642
28.400000000000002,0.014741912442154614
28.405,0.015304249603069309
28.41,0.015833145205416344
28.415,0.016321959612554338
28.42,0.016764347480865638
28.425,0.017154384310920534
28.43,0.017486687411555124
28.435000000000002,0.017756527664467114
28.44,0.01795992866534135
28.445,0.018093750166698896
28.45,0.018155753220213455
28.455000000000002,0.018144645010998772
28.46,0.01806010205719133
28.465,0.017902771185880795
28.47,0.01767424845446186
28.475,0.01737703693698478
28.48,0.017014484984333222
28.485,0.016590707188129272
28.490000000000002,0.016110490784789988
28.495,0.015579190613259186
28.5,0.015002615990773904
28.505,0.01438691296008443
28.51,0.013738445331632931
28.515,0.01306367777290518
28.52,0.012369063916487733
28.525000000000002,0.011660942094191995
28.53,0.010945440870386847
28.535,0.010228396060583123
28.54,0.009515280447150332
28.545,0.008811146892703903
28.55,0.008120585111491607
28.555,0.007447691919697519
28.560000000000002,0.006796054429809573
28.565,0.00616874534270373
28.57,0.0055683292508774684
28.575,0.004996878692470119
28.580000000000002,0.004455998585939369
28.585,0.0039468576166843405
28.59,0.003470225153810347
28.595,0.0030265123062767074
28.6,0.0026158158133879894
28.605,0.0022379635594766967
28.61,0.0018925606269100115
28.615000000000002,0.0015790349276851856
28.62,0.0012966815901749307
28.625,0.0010447054065920724
28.63,0.0008222607709500451
28.635,0.000628488652942627
28.64,0.0004625502522928038
28.645,0.00032365706838732855
28.650000000000002,0.00021109719147438533
28.655,0.00012425768147411587
28.66,6.264294711216811e-05
28.665,2.5889069134650555e-05
28.67,1.3774038560702786e-05
28.675,2.6223892498955514e-05
28.68,6.33147403839851e-05
28.685000000000002,0.00012527067920792279
28.69,0.00021245760006283199
28.695,0.00032537289189993324
28.7,0.0004646310605376236
28.705000000000002,0.0006309452928048298
28.71,0.0008251050220580147
28.715,0.001047949582972052
28.72,0.0013003380902425477
28.725,0.0015831157357837355
28.73,0.0018970767718871073
28.735,0.002242924534152202
28.740000000000002,0.0026212289652933762
28.745,0.0030323822053599514
28.75,0.0034765529502731596
28.755,0.003953640401137548
28.76,0.004463228764977956
28.765,0.00500454339833567
28.77,0.005576409799214588
28.775000000000002,0.0061772167616940266
28.78,0.006804885075444744
28.785,0.007456843201396168
28.79,0.008130011343453702
28.795,0.008820795291391903
28.8,0.009525091290186083
28.805,0.01023830302014872
28.810000000000002,0.010955371528346802
28.815,0.011670818647871783
28.82,0.012378804066507598
28.825,0.013073195795282544
28.830000000000002,0.01374765331036798
28.835,0.014395722167510172
28.84,0.015010938384591554
28.845,0.015586940416294937
28.85,0.0161175861120455
28.855,0.016597071674514297
28.86,0.017020049369229184
28.865000000000002,0.01738174055812891
28.87,0.017678040603634315
28.875,0.01790561228375509
28.88,0.01806196460663756
28.885,0.018145514295326848
28.89,0.018155627721483825
28.895,0.018092641687559308
28.900000000000002,0.017957862145877357
28.905,0.017753540700269355
28.91,0.01748282948372548
28.915,0.017149715754065653
28.92,0.016758938218785602
28.925,0.01631588770200665
28.93,0.015826495232452942
28.935000000000002,0.015297110978899298
28.94,0.014734377650263752
28.945,0.014145102022641964
28.95,0.013536128158140315
28.955000000000002,0.012914215643601068
28.96,0.012285925836540201
28.965,0.011657518666179811
28.97,0.011034862035881332
28.975,0.010423355339270302
28.98,0.00982786805068514
28.985,0.009252693817341395
28.990000000000002,0.00870151998362445
28.995,0.008177412027656317
29.0,0.007682812016330587
29.005,0.007219549870278286
29.01,0.006788866005416949
29.015,0.0063914437621228615
29.02,0.006027449947989538
29.025000000000002,0.005696581810221701
29.03,0.005398118786079209
29.035,0.005130977473871923
29.04,0.00489376838543798
29.045,0.004684853192295613
29.05,0.00450240134272839
29.055,0.0043444450985097305
29.060000000000002,0.004208932213781935
29.065,0.004093775639799624
29.07,0.003996899796869791
29.075,0.003916283087083805
29.080000000000002,0.003849996443676229
29.085,0.0037962378103699734
29.09,0.0037533625230461443
29.095,0.0037199096271713916
29.1,0.003694624202444652
29.105,0.0036764757928570146
29.11,0.003664673047045694
29.115000000000002,0.003658674669481426
29.12,0.003658196769205868
29.125,0.0036632166684601036
29.13,0.00367397320558413
29.135,0.0036909635350960146
29.14,0.003714936395780133
29.145,0.003746881788998513
29.150000000000002,0.0037880169843134137
29.155,0.0038397687537474745
29.16,0.003903751729169791
29.165,0.003981742783299325
29.17,0.004075651356167942
29.175,0.004187485686500736
29.18,0.004319314963195708
29.185000000000002,0.004473227488639431
29.19,0.004651285039467545
29.195,0.004855473728982318
29.2,0.005087651805554927
29.205000000000002,0.005349494974469238
29.21,0.005642439992982418
29.215,0.005967627458506541
29.22,0.006325844883857457
29.225,0.006717471319289459
29.23,0.007142424935121738
29.235,0.007600115105812932
29.240000000000002,0.008089400630801435
29.245,0.008608555777836813
29.25,0.009155245825795078
29.255,0.009726513717314589
29.26,0.010318779287295854
29.265,0.010927852318008746
29.27,0.011548960378771511
29.275000000000002,0.012176792035042183
29.28,0.012805555583192074
29.285,0.01342905297085295
29.29,0.014040768036124973
29.295,0.014633967650766522
29.3,0.01520181381147978
29.305,0.01573748421301957
29.310000000000002,0.016234298389591117
29.315,0.016685846144859795
29.32,0.017086114740045844
29.325,0.01742961118346642
29.330000000000002,0.017711475986139646
29.335,0.017927584913657313
29.34,0.018074635582294718
29.345,0.01815021620189583
29.35,0.018152854334850588
29.355,0.018082044215503856
29.36,0.017938251898335977
29.365000000000002,0.01772289826129736
29.37,0.01743832064841655
29.375,0.017087714633628792
29.38,0.016675058030436674
29.385,0.016205019794490738
29.39,0.015682856875109508
29.395,0.015114302341984853
29.400000000000002,0.014505448236185714
29.405,0.013862626584764115
29.41,0.013192291868914907
29.415,0.01250090798295389
29.42,0.0117948423611125
29.425,0.011080269531273501
29.43,0.010363085877788336
29.435000000000002,0.009648836908532132
29.44,0.008942657828725942
29.445,0.008249227754131283
29.45,0.007572737468144908
29.455000000000002,0.006916870248652174
29.46,0.006284794969660723
29.465,0.005679170434426339
29.47,0.005102159705854703
29.475,0.004555453077799143
29.48,0.004040298270290066
29.485,0.003557536416938234
29.490000000000002,0.0031076424488150067
29.495,0.0026907685487413957
29.5,0.002306789448897284
29.505,0.001955348459756756
29.51,0.0016359032470942836
29.515,0.0013477705090818581
29.52,0.0010901688331750314
29.525000000000002,0.0008622591430751392
29.53,0.0006631822564961976
29.535,0.0004920931844203391
29.54,0.0003481918888126323
29.545,0.0002307502932029637
29.55,0.00013913540176413441
29.555,7.282843313760612e-05
29.560000000000002,3.143990565757093e-05
29.565,1.472064250018345e-05
29.57,2.256867646787536e-05
29.575,5.503204593523825e-05
29.580000000000002,0.00011230748078983055
29.585,0.00019473497685162933
29.59,0.00030278826809815307
29.595,0.00043706120830511175
29.6,0.0005982500916215105
29.605,0.0007871319608772076
29.61,0.0010045389868316157
29.615000000000002,0.0012513290401843236
29.62,0.001528352643173747
29.625,0.0018364165471380645
29.63,0.0021762442805481896
29.635,0.0025484340987675935
29.64,0.002953414889101502
29.645,0.0033914007001296653
29.650000000000002,0.0038623446985894816
29.655,0.004365893488522232
29.66,0.004901342857452917
29.665,0.005467596139071773
29.67,0.006063126483557113
29.675,0.006685944411758626
29.68,0.007333572074291084
29.685000000000002,0.008003025644679695
29.69,0.008690807232195397
29.695,0.009392907597362665
29.7,0.010104820791799085
29.705000000000002,0.010821571613874426
29.71,0.011537756476052152
29.715,0.012247597925398424
29.72,0.012945012640880549
29.725,0.013623692280258837
29.73,0.014277196059428121
29.735,0.014899053458144351
29.740000000000002,0.015482874959172221
29.745,0.016022468288866776
29.75,0.016511957242620667
29.755,0.016945899885318028
29.76,0.017319402723472876
29.765,0.017628227394205
29.77,0.01786888647585272
29.775000000000002,0.01803872526001271
29.78,0.01813598666633709
29.785,0.01815985698099354
29.79,0.018110490689160486
29.795,0.017989013362907258
29.8,0.017797502299906398
29.805,0.017538945371200043
29.810000000000002,0.017217179281161066
29.815,0.016836809131824282
29.82,0.016403111800705972
29.825,0.015921926131746034
29.830000000000002,0.015399533313811276
29.835,0.01484253103762967
29.84,0.014257705098025042
29.845,0.013651902032790986
29.85,0.013031906184181707
29.855,0.012404324235028241
29.86,0.011775479862837557
29.865000000000002,0.01115132065013924
29.87,0.0105373388681258
29.875,0.009938507195357715
29.88,0.009359229898386445
29.885,0.008803309491636213
29.89,0.008273928440306832
29.895,0.0077736450724046335
29.900000000000002,0.007304402548385269
29.905,0.006867549489992797
29.91,0.006463870701024277
29.915,0.006093626320211598
29.92,0.005756597716461087
29.925,0.005452138466326417
29.93,0.005179228835537231
29.935000000000002,0.004936532300591878
29.94,0.004722452793110676
29.945,0.0045351915118088115
29.95,0.0043728023207965094
29.955000000000002,0.004233244919961798
29.96,0.004114435147756446
29.965,0.004014291923450042
29.97,0.003930780483443197
29.975,0.003861951683678644
29.98,0.003805977244952796
29.985,0.0037611809017097375
29.990000000000002,0.0037260654755970624
29.995,0.003699335941085957
30.0,0.0036799185770918785
30.005,0.0036669763089308832
30.01,0.0036599203434343405
30.015,0.00365841818667014
30.02,0.003662398112280481
30.025000000000002,0.003672050119283843
30.03,0.0036878233900374813
30.035,0.0037104202228637195
30.04,0.003740786388612083
30.045,0.0037800978311564037
30.05,0.0038297436159939746
30.055,0.0038913050215998446
30.060000000000002,0.00396653067182795
30.065,0.00405730762653933
30.07,0.00416562838032597
30.075,0.004293553773918823
30.080000000000002,0.0044431718929738295
30.085,0.0046165531224335865
30.09,0.004815701634425018
30.095,0.0050425037210999335
30.1,0.005298673528132625
30.105,0.005585696908122273
30.11,0.005904774282331715
30.115000000000002,0.006256763570618773
30.12,0.006642124420874751
30.125,0.007060865123387217
30.13,0.007512493729421976
30.135,0.007995974995711919
30.14,0.008509694833325199
30.145,0.009051433947220744
30.150000000000002,0.009618352289560761
30.155,0.010206985831558768
30.16,0.010813256946264005
30.165,0.011432499421367481
30.17,0.012059498766085142
30.175,0.012688548047208315
30.18,0.013313519015543562
30.185000000000002,0.013927947754911685
30.19,0.014525133540836066
30.195,0.01509824905464896
30.2,0.015640459578197152
30.205000000000002,0.01614504833084851
30.21,0.016605544734545674
30.215,0.017015852111263996
30.22,0.01737037116835438
30.225,0.01766411562352488
30.23,0.017892816457248273
30.235,0.018053011566841803
30.240000000000002,0.018142118034234045
30.245,0.018158484759410953
30.25,0.018101423873432054
30.255,0.01797122005928742
30.26,0.017769117666318834
30.265,0.017497286259064992
30.27,0.017158765962385303
30.275000000000002,0.016757394607399334
30.28,0.016297719241521236
30.285,0.015784894990545695
30.29,0.0152245745581574
30.295,0.01462279180163506
30.3,0.013985842832628492
30.305,0.013320167974345765
30.310000000000002,0.012632237663034118
30.315,0.011928445047356462
30.32,0.011215007625960283
30.325,0.01049787979780703
30.330000000000002,0.009782677712205867
30.335,0.00907461731069148
30.34,0.008378465981305538
30.345,0.0076985078048075195
30.35,0.0070385219851356595
30.355,0.006401773725212223
30.36,0.005791016546023542
30.365000000000002,0.005208504843944084
30.37,0.004656015352329845
30.375,0.004134876091763218
30.38,0.0036460013808170544
30.385,0.003189931499948173
30.39,0.002766875667700397
30.395,0.002376757081322012
30.400000000000002,0.0020192588871772443
30.405,0.0016938700740647405
30.41,0.0013999304144682867
30.415,0.001136673711668923
30.42,0.000903268736837326
30.425,0.0006988573594930436
30.43,0.0005225894816422993
30.435000000000002,0.0003736544752532822
30.44,0.00025130890802793626
30.445,0.00015490040013499407
30.45,8.388750887244889e-05
30.455000000000002,3.785557630829606e-05
30.46,1.652849989239487e-05
30.465,1.9776406076902134e-05
30.47,4.761921646982692e-05
30.475,0.00010022610278892508
30.48,0.00017791083175511258
30.485,0.00028112300442395544
30.490000000000002,0.0004104352023135416
30.495,0.0005665260656475546
30.5,0.0007501593480241375
30.505,0.000962159023135456
30.51,0.001203380558469025
30.515,0.0014746785272441443
30.52,0.0017768707957825924
30.525000000000002,0.0021106996080817453
30.53,0.002476789984432237
30.535,0.002875605961825123
30.54,0.0033074053240671475
30.545,0.003772193598491569
30.55,0.004269678230311769
30.555,0.004799223974327305
30.560000000000002,0.0053598106725694095
30.565,0.005949994689714799
30.57,0.006567875370421916
30.575,0.007211067933923232
30.580000000000002,0.007876684235977649
30.585,0.00856132279756494
30.59,0.009261069405756217
30.595,0.009971509445147575
30.6,0.010687752897577951
30.605,0.011404472668598231
30.61,0.0121159565504243
30.615000000000002,0.012816172729337438
30.62,0.013498848295913746
30.625,0.014157559735089364
30.63,0.014785833879638943
30.635,0.015377257325344118
30.64,0.015925591852649745
30.645,0.01642489300513006
30.650000000000002,0.016869628660643343
30.655,0.017254794222807845
30.66,0.017576020971823425
30.665,0.017829674163252207
30.67,0.01801293765470291
30.675,0.01812388217237526
30.68,0.018161514789426292
30.685000000000002,0.018125807776968372
30.69,0.018017705645640092
30.695,0.017839109940346987
30.7,0.01759284209927614
30.705000000000002,0.017282585444597487
30.71,0.01691280807582274
30.715,0.016488669062184158
30.72,0.01601591085757903
30.725,0.015500741246132321
30.73,0.014949708387309357
30.735,0.01436957261718419
30.740000000000002,0.013767178630072152
30.745,0.013149331464777703
30.75,0.012522679429682881
30.755,0.011893606680509095
30.76,0.011268137697918235
30.765,0.01065185537451896
30.77,0.010049833881069503
30.775000000000002,0.00946658693505853
30.78,0.008906031582302631
30.785,0.00837146713446657
30.79,0.007865568499610731
30.795,0.007390392806449597
30.8,0.006947397964358615
30.805,0.006537471618925039
30.810000000000002,0.006160968854592497
30.815,0.0058177569542881
30.82,0.00550726554904557
30.825,0.005228540558368522
30.830000000000002,0.004980300434249685
30.835,0.004760993363815302
30.84,0.00456885424208231
30.845000000000002,0.004401960401447802
30.85,0.004258285253889937
30.855,0.004135749172026415
30.86,0.004032267091299779
30.865000000000002,0.003945792461313324
30.87,0.003874357296792752
30.875,0.003816108188244627
30.88,0.0037693382178305423
30.885,0.003732514792017305
30.89,0.003704303451487201
30.895,0.0036835877477545687
30.900000000000002,0.003669485290626523
30.905,0.003661360070248587
30.91,0.00365883114627803
30.915,0.003661777777068373
30.92,0.003670341033395891
30.925,0.0036849219125722477
30.93,0.0037061759343057776
30.935000000000002,0.0037350041727772787
30.94,0.0037725406483146706
30.945,0.003820135986739581
30.95,0.003879337240976888
30.955000000000002,0.003951863772504449
30.96,0.004039579103034541
30.965,0.004144458682112884
30.970000000000002,0.004268553560065058
30.975,0.004413950028817837
30.98,0.004582725378673658
30.985,0.004776900027005482
30.990000000000002,0.004998386404240662
30.995,0.00524893512451996
31.0,0.005530079129050236
31.005,0.0058430766575074955
31.01,0.006188854076842887
31.015,0.00656794976671371
31.02,0.0069804604180365715
31.025000000000002,0.007425991244254249
31.03,0.00790361170759013
31.035,0.008411818433753382
31.04,0.008948507003800898
31.045,0.009510954262875515
31.05,0.010095812680209093
31.055,0.010699118094343874
31.060000000000002,0.01131631192554039
31.065,0.01194227858504604
31.07,0.012571398407619228
31.075,0.013197615955178321
31.080000000000002,0.01381452302939934
31.085,0.014415455182469117
31.09,0.014993599969443494
31.095000000000002,0.015542114663698925
31.1,0.016054250678848803
31.105,0.016523481545000607
31.11,0.016943630985132074
31.115000000000002,0.017308997471758403
31.12,0.01761447159482543
31.125,0.017855642702059527
31.13,0.018028891512962275
31.135,0.018131465831714877
31.14,0.018161537000210615
31.145,0.018118235373250968
31.150000000000002,0.01800166380887447
31.155,0.017812888914463088
31.16,0.017553910553552043
31.165,0.017227610838077112
31.17,0.016837684505137673
31.175,0.016388553137037576
31.18,0.015885266150842625
31.185000000000002,0.015333391790381512
31.19,0.014738901549389283
31.195,0.014108051475496097
31.2,0.013447263724064129
31.205000000000002,0.012763011499387744
31.21,0.012061710209625431
31.215,0.01134961725296435
31.220000000000002,0.01063274240503631
31.225,0.009916770281783727
31.23,0.0092069958657639
31.235,0.00850827359985118
31.240000000000002,0.00782498010756072
31.245,0.007160990201825257
31.25,0.006519665499366667
31.255,0.005903854682841825
31.26,0.005315904239743929
31.265,0.004757678361931639
31.27,0.004230586602515629
31.275000000000002,0.0037356178600056467
31.28,0.0032733792754768842
31.285,0.0028441386859432427
31.29,0.002447869369140321
31.295,0.0020842959192552968
31.3,0.0017529402266820426
31.305,0.0014531666569279622
31.310000000000002,0.0011842256657885741
31.315,0.0009452952108448542
31.32,0.0007355194395253228
31.325,0.00055404424777028
31.330000000000002,0.000400049390524293
31.335,0.000272776917024653
31.34,0.00017155576046423704
31.345000000000002,9.582237301231089e-05
31.35,4.5137333112024725e-05
31.355,1.9197881991988436e-05
31.36,1.7846364416969004e-05
31.365000000000002,4.1074566022897274e-05
31.37,8.902393717336032e-05
31.375,0.0001619817081702224
31.38,0.000260372896049077
31.385,0.00038474821650202884
31.39,0.0005357679209481159
31.395,0.0007141816000155732
31.400000000000002,0.0009208040227037806
31.405,0.0011564871160247847
31.41,0.0014220882477724572
31.415,0.001718435032495691
31.42,0.0020462869695920816
31.425,0.00240629430743855
31.43,0.002798954642664775
31.435000000000002,0.003224567878159945
31.44,0.0036831902919125525
31.445,0.004174588602197105
31.45,0.004698195046731968
31.455000000000002,0.005253064619321179
31.46,0.005837835718573103
31.465,0.00645069555875466
31.470000000000002,0.0070893517485686175
31.475,0.007751011472954872
31.48,0.008432369682388696
31.485,0.009129607620504743
31.490000000000002,0.00983840287967297
31.495,0.010553951968915953
31.5,0.011271006109538462
31.505,0.011983920638357404
31.51,0.012686718005209485
31.515,0.013373163912515196
31.52,0.014036855659899317
31.525000000000002,0.014671321278189708
31.53,0.015270127532691191
31.535,0.01582699442585067
31.54,0.016335913417535153
31.545,0.016791266249061465
31.55,0.017187941030719855
31.555,0.017521442135780774
31.560000000000002,0.017787990472953652
31.565,0.017984610867777917
31.57,0.018109203592651113
31.575,0.018160597523696254
31.580000000000002,0.018138582965470107
31.585,0.018043922833108184
31.59,0.01787834161311963
31.595000000000002,0.017644492270420642
31.6,0.01734590203439268
31.605,0.01698689870258363
31.61,0.016572519754028292
31.615000000000002,0.01610840710060657
31.62,0.015600690729627331
31.625,0.015055864761791327
31.63,0.014480659582272182
31.635,0.013881913682510572
31.64,0.013266448684991161
31.645,0.012640950748604496
31.650000000000002,0.012011861152831926
31.655,0.011385278399796306
31.66,0.01076687364749418
31.665,0.010161820744212235
31.67,0.009574741589233327
31.675,0.009009667023072154
31.68,0.008470012973454288
31.685000000000002,0.007958571164841999
31.69,0.007477513349357423
31.695,0.007028407744536835
31.7,0.006612246165206059
31.705000000000002,0.006229480215814931
31.71,0.005880064857391787
31.715,0.005563507671334733
31.720000000000002,0.005278922207294201
31.725,0.005025083902941319
31.73,0.004800487201811698
31.735,0.004603402652186617
31.740000000000002,0.0044319329382647155
31.745,0.0042840669701691425
31.75,0.00415773132511621
31.755,0.004050838497201781
31.76,0.003961331554256375
31.765,0.0038872249327956965
31.77,0.0038266412124139393
31.775000000000002,0.0037778437990598768
31.78,0.0037392655187705737
31.785,0.003709533175201285
31.79,0.003687488154951346
31.795,0.0036722031842348346
31.8,0.003662995340889999
31.805,0.003659435417859667
31.810000000000002,0.0036613537148686807
31.815,0.0036688423080450394
31.82,0.003682253820123882
31.825,0.0037021966781408677
31.830000000000002,0.0037295268172203855
31.835,0.003765335761406252
31.84,0.003810934989204151
31.845000000000002,0.0038678364824979994
31.85,0.003937729352726738
31.855,0.004022452453448899
31.86,0.004123962914404977
31.865000000000002,0.004244300579617999
31.87,0.004385548394864713
31.875,0.004549788875393368
31.88,0.004739056889611959
31.885,0.004955289116406192
31.89,0.00520027067678086
31.895,0.005475579597229441
31.900000000000002,0.005782529927408575
31.905,0.006122114509558685
31.91,0.006494948566903247
31.915,0.00690121544064759
31.92,0.007340615948635332
31.925,0.0078123229532991445
31.93,0.008314942800907943
31.935000000000002,0.00884648532386123
31.94,0.009404344059213088
31.945,0.009985288242067014
31.95,0.010585467954463468
31.955000000000002,0.01120043355980016
31.96,0.011825170229347037
31.965,0.012454147962579043
31.970000000000002,0.013081387047741089
31.975,0.013700538395308826
31.98,0.014304977636708571
31.985,0.014887911337638116
31.990000000000002,0.015442493136063717
31.995,0.01596194713830812
32.0,0.016439695484656625
32.005,0.016869486679382817
32.01,0.017245521085193616
32.015,0.017562569915384074
32.02,0.017816084140434896
32.025,0.01800228996422959
32.03,0.01811826789855786
32.035000000000004,0.018162012973995445
32.04,0.018132474242655405
32.045,0.01802957242885128
32.05,0.017854195325682554
32.055,0.017608171300445008
32.06,0.017294222003357618
32.065,0.01691589606024735
32.07,0.016477486106484918
32.075,0.015983932016602864
32.08,0.015440713512113291
32.085,0.014853735549561264
32.09,0.014229209949562005
32.095,0.01357353665573413
32.1,0.01289318781671156
32.105000000000004,0.012194597578652377
32.11,0.011484060092680437
32.115,0.010767637788649864
32.12,0.010051081486416535
32.125,0.00933976342432885
32.13,0.008638623793121525
32.135,0.007952130919829159
32.14,0.0072842548297451515
32.145,0.006638453566239377
32.15,0.006017671353912846
32.155,0.005424347473409696
32.160000000000004,0.004860434549208037
32.165,0.004327424863163287
32.17,0.003826383261788635
32.175,0.0033579852394396426
32.18,0.002922558824330679
32.185,0.0025201289863536758
32.19,0.0021504633834741327
32.195,0.0018131183937697415
32.2,0.0015074845076359367
32.205,0.001232830287523079
32.21,0.000988344234988059
32.215,0.0007731740239318441
32.22,0.0005864626706604259
32.225,0.00042738131130359847
32.230000000000004,0.0002951583390035095
32.235,0.00018910472400146539
32.24,0.00010863539604205608
32.245,5.328660966036347e-05
32.25,2.272924533798168e-05
32.255,1.6778018993269042e-05
32.26,3.53965876668666e-05
32.265,7.86985443137489e-05
32.27,0.00014694430202871755
32.275,0.00024053386996136794
32.28,0.00035999553092036507
32.285000000000004,0.0005059704387360142
32.29,0.0006791931736089829
32.295,0.0008804683160552607
32.3,0.001110643140018741
32.305,0.0013705765720968266
32.31,0.0016611046290684328
32.315,0.0019830026208014218
32.32,0.0023369444998957434
32.325,0.0027234598410545985
32.33,0.003142889052504927
32.335,0.0035953375486226236
32.34,0.004080629742313491
32.345,0.004598263850848383
32.35,0.005147368635645577
32.355000000000004,0.005726663312396241
32.36,0.006334421963408943
32.365,0.006968443853835993
32.37,0.007626031079102091
32.375,0.008303974964235294
32.38,0.008998552559603468
32.385,0.009705534455171971
32.39,0.010420204941176792
32.395,0.011137395287914131
32.4,0.011851530587389192
32.405,0.012556690227189193
32.410000000000004,0.013246681622696599
32.415,0.013915126372147313
32.42,0.014555557498638905
32.425,0.015161525961264744
32.43,0.015726714139404407
32.435,0.016245053586786184
32.44,0.016710843989336865
32.445,0.017118870028028255
32.45,0.01746451269573157
32.455,0.017743851627436413
32.46,0.017953755132488425
32.465,0.018091954899041696
32.47,0.018157102761428234
32.475,0.018148807451446203
32.480000000000004,0.01806764990069354
32.485,0.01791517637375506
32.49,0.017693869456103073
32.495,0.01740709769304516
32.5,0.017059045384193894
32.505,0.016654624717233446
32.51,0.016199372971470893
32.515,0.015699337979082628
32.52,0.015160955327001346
32.525,0.014590920945011021
32.53,0.013996062728619307
32.535000000000004,0.013383214716920833
32.54,0.01275909707495515
32.545,0.012130204767178299
32.55,0.011502707347641916
32.555,0.010882361783743022
32.56,0.010274439684355485
32.565,0.009683669759809277
32.57,0.009114195810919767
32.575,0.00856955005850324
32.58,0.00805264119549065
32.585,0.007565756178710359
32.59,0.007110574490129196
32.595,0.006688193387951458
32.6,0.006299162529900926
32.605000000000004,0.00594352628720074
32.61,0.005620872067261473
32.615,0.0053303830153943466
32.62,0.0050708935613190675
32.625,0.004840946411142966
32.63,0.004638849733804129
32.635,0.004462733464704272
32.64,0.004310603817534897
32.645,0.004180395267931125
32.65,0.0040700194355660635
32.655,0.003977410437480344
32.660000000000004,0.003900566422339491
32.665,0.0038375871049742827
32.67,0.003786707217661167
32.675,0.0037463258672485455
32.68,0.0037150318425571704
32.685,0.003691624952708805
32.69,0.003675133496286287
32.695,0.0036648279670599693
32.7,0.003660231094170118
32.705,0.0036611242979906686
32.71,0.003667550616990173
32.715,0.0036798141330642853
32.72,0.0036984758895158842
32.725,0.0037243462647935655
32.730000000000004,0.0037584737383076217
32.735,0.003802129959368461
32.74,0.003856791019015482
32.745,0.0039241148184649965
32.75,0.004005914439120684
32.755,0.004104127443763428
32.76,0.004220781080181979
32.765,0.004357953420226934
32.77,0.004517730547349608
32.775,0.004702160006690548
32.78,0.004913200851618171
32.785000000000004,0.005152670760077527
32.79,0.005422190845784769
32.795,0.005723128957825452
32.8,0.0060565424313558935
32.805,0.006423121425859435
32.81,0.0068231341521372
32.815,0.0072563754345118525
32.82,0.007722120178058844
32.825,0.008219083393175453
32.83,0.008745388465381865
32.835,0.009298545338701558
32.84,0.009875440192246288
32.845,0.010472338030517392
32.85,0.011084899370185752
32.855000000000004,0.011708211897015985
32.86,0.012336837573148074
32.865,0.012964875234374063
32.87,0.013586038204106643
32.875,0.014193745925833667
32.88,0.014781228055991136
32.885,0.015341638934792456
32.89,0.0158681798450786
32.895,0.016354226048193254
32.9,0.016793455241419508
32.905,0.017179973862958775
32.910000000000004,0.017508437576751135
32.915,0.017774162334553978
32.92,0.017973222604602768
32.925,0.018102533723016734
32.93,0.018159915797767212
32.935,0.018144137198596866
32.94,0.01805493635374944
32.945,0.017893021308871937
32.95,0.01766004727101489
32.955,0.017358573097304486
32.96,0.016991998382948736
32.965,0.01656448341368133
32.97,0.016080854745208484
32.975,0.015546499546307047
32.980000000000004,0.01496725207536187
32.985,0.014349275751925461
32.99,0.013698944234288746
32.995,0.01302272474215016
33.0,0.012327066577547896
33.005,0.011618297422341328
33.01,0.010902529555448126
33.015,0.010185577650677402
33.02,0.00947288932586332
33.025,0.008769489124265561
33.03,0.008079936151041522
33.035000000000004,0.007408295166875689
33.04,0.006758120580080629
33.045,0.006132452472931149
33.05,0.005533823564217499
33.055,0.004964275838322152
33.06,0.0044253854639055845
33.065,0.0039182945754436815
33.07,0.003443748493056731
33.075,0.003002136997349858
33.08,0.0025935383579627214
33.085,0.00221776491332637
33.09,0.0018744091241993388
33.095,0.0015628891490813146
33.1,0.0012824931272339413
33.105000000000004,0.001032421481706347
33.11,0.0008118266818826214
33.115,0.0006198500153160591
33.12,0.0004556550212808652
33.125,0.0003184573253662837
33.13,0.00020755068517530617
33.135,0.00012232911684956216
33.14,6.230501789705745e-05
33.145,2.7123230860653935e-05
33.15,1.6571022005704633e-05
33.155,3.058395437890993e-05
33.160000000000004,6.924765433966029e-05
33.165,0.0001327954642286744
33.17,0.00022160198833975908
33.175,0.0003361725357022838
33.18,0.00047712848080738723
33.185,0.0006451885709741756
33.19,0.0008411462407411641
33.195,0.0010658430208851932
33.2,0.0013201381842016247
33.205,0.0016048748224468667
33.21,0.0019208426291434932
33.215,0.002268737750661387
33.22,0.0026491201660778785
33.225,0.003062369179684943
33.230000000000004,0.0035086377257922408
33.235,0.003987806323726417
33.24,0.004499437648942006
33.245,0.005042732821292972
33.25,0.00561649062082914
33.255,0.006219070953685346
33.26,0.006848363952412839
33.265,0.007501766142638644
33.27,0.008176165098056742
33.275,0.008867933946465456
33.28,0.009572936980234203
33.285000000000004,0.0102865474377829
33.29,0.011003678280367524
33.295,0.011718826477931543
33.3,0.0124261309436271
33.305,0.01311944383255792
33.31,0.013792414456407442
33.315,0.014438584573600366
33.32,0.015051493324250487
33.325,0.015624789604817835
33.33,0.016152349243352404
33.335,0.016628393979640776
33.34,0.017047608979392948
33.345,0.017405255453631696
33.35,0.017697274929538764
33.355000000000004,0.01792038182789213
33.36,0.018072141250002005
33.365,0.01815102928092216
33.37,0.01815647361814854
33.375,0.018088872969308056
33.38,0.017949594356622356
33.385,0.01774094821577421
33.39,0.017466141938527358
33.395,0.01712921323767347
33.4,0.016734945394411227
33.405,0.016288767028243
33.410000000000004,0.01579663949890886
33.415,0.015264935380649547
33.42,0.014700311634101126
33.425,0.014109581137699223
33.43,0.013499586128528307
33.435,0.012877076866754322
33.44,0.012248598481725992
33.445,0.01162038851779812
33.45,0.01099828719723206
33.455,0.010387661870485232
33.46,0.009793346586238982
33.465,0.009219597171696847
33.47,0.008670061725048583
33.475,0.008147765974296561
33.480000000000004,0.007655112585098323
33.485,0.007193893194420653
33.49,0.006765311723251344
33.495,0.006370017371249759
33.5,0.006008145619611938
33.505,0.005679365554778215
33.51,0.005382931869648999
33.515,0.0051177399888509
33.52,0.004882382889526582
33.525,0.004675208339012471
33.53,0.004494375437752218
33.535000000000004,0.004337909528082662
33.54,0.004203754699718232
33.545,0.0040898232890915764
33.55,0.003994041920116764
33.555,0.003914393770133806
33.56,0.0038489568624777704
33.565,0.0037959382852652546
33.57,0.0037537043133304415
33.575,0.0037208064689733256
33.58,0.0036960035961282056
33.585,0.003678280046023996
33.59,0.0036668600802323426
33.595,0.0036612185902791094
33.6,0.0036610882197461326
33.605000000000004,0.003666462949215049
33.61,0.00367759817661395
33.615,0.0036950072940786782
33.62,0.003719454729468774
33.625,0.0037519453941625702
33.63,0.0037937104516077014
33.635,0.0038461893084356102
33.64,0.003911007721646875
33.645,0.003989951923927038
33.65,0.0040849386903283325
33.655,0.004197981309106424
33.660000000000004,0.004331151475986061
33.665,0.0044865372088427335
33.67,0.004666196975999348
33.675,0.004872110349028347
33.68,0.005106125624477542
33.685,0.005369905012086562
33.69,0.005664868149100499
33.695,0.005992134872602861
33.7,0.0063524683532332205
33.705,0.006746219862675318
33.71,0.007173276594915734
33.715,0.007633014091300794
33.72,0.00812425490828872
33.725,0.008645235215457348
33.730000000000004,0.009193580997333584
33.735,0.009766295465020391
33.74,0.010359759127837265
33.745,0.010969743765670614
33.75,0.011591441230272892
33.755,0.012219507643877137
33.76,0.012848123114551413
33.765,0.01347106659782682
33.77,0.01408180500549605
33.775,0.014673595107890236
33.78,0.015239596243532105
33.785000000000004,0.015772991337058784
33.79,0.016267113287099733
33.795,0.016715573424420427
33.8,0.01711238849789254
33.805,0.017452102528430657
33.81,0.017729899901837598
33.815,0.017941706246951128
33.82,0.018084273971112452
33.825,0.01815524978849936
33.83,0.018153222152513138
33.835,0.018077747178537606
33.84,0.01792935237504878
33.845,0.017709518257731816
33.85,0.01742063867673238
33.855000000000004,0.01706596138189198
33.86,0.016649510988244742
33.865,0.016175997017306543
33.87,0.01565071009330765
33.875,0.015079409630608609
33.88,0.01446820646734892
33.885,0.01382344387571166
33.89,0.013151580229138204
33.895,0.012459076341912123
33.9,0.011752290133031806
33.905,0.011037380843959
33.910000000000004,0.010320224564349445
33.915,0.009606342326470951
33.92,0.008900841540953053
33.925,0.008208371078588073
33.93,0.007533089876549326
33.935,0.006878648572445911
33.94,0.006248183353477543
33.945,0.005644320964073302
33.95,0.005069193626546564
33.955,0.00452446251542149
33.96,0.004011348362251255
33.965,0.003530667764721329
33.97,0.0030828738032466774
33.975,0.0026680996489005793
33.980000000000004,0.0022862039390121325
33.985,0.0019368168173512501
33.99,0.001619385666131734
33.995,0.0013332196862765322
34.0,0.0010775326185692435
34.005,0.0008514830184584987
34.01,0.00065421161807655
34.015,0.0004848754068107475
34.02,0.00034267815668187485
34.025,0.00022689718869695064
34.03,0.00013690624132667306
34.035000000000004,7.219434810193381e-05
34.04,3.2380664080872146e-05
34.045,1.7225211140441446e-05
34.05,2.6635520892451248e-05
34.055,6.066917032473973e-05
34.06,0.00011953220488192251
34.065,0.00020357345307719932
34.07,0.00031327473722586596
34.075,0.00044923699609644707
34.08,0.0006121623486272654
34.085,0.0008028321496453827
34.09,0.0010220811221279824
34.095,0.0012707676941370316
34.1,0.0015497407259692508
34.105000000000004,0.0018598028855025817
34.11,0.002201671015813922
34.115,0.0025759339382114277
34.12,0.0029830082471082875
34.125,0.0034230927796201627
34.13,0.003896122564276183
34.135,0.004401723199249474
34.14,0.00493916672763639
34.145,0.005507330209225003
34.15,0.006104658285600806
34.155,0.006729131117214848
34.160000000000004,0.007378239118281726
34.165,0.008048965913875605
34.17,0.008737780903945946
34.175000000000004,0.009440642704710456
34.18,0.010153014580186692
34.185,0.010869892736238285
34.19,0.011585848053332626
34.195,0.012295081473141067
34.2,0.012991492837233665
34.205,0.013668762518346256
34.21,0.014320444696309664
34.215,0.014940070642456504
34.22,0.015521259886980943
34.225,0.016057836715926754
34.230000000000004,0.016543949054277363
34.235,0.01697418651194127
34.24,0.017343694184432934
34.245,0.01764827874797703
34.25,0.01788450346960957
34.255,0.018049768985655135
34.26,0.018142377060854642
34.265,0.018161575041489186
34.27,0.01810757931632878
34.275,0.017981576790155884
34.28,0.01778570411551783
34.285000000000004,0.017523005187527474
34.29,0.017197368151471437
34.295,0.01681344385787753
34.300000000000004,0.016376548307469818
34.305,0.01589255211465712
34.31,0.015367760381892026
34.315,0.014808786585170708
34.32,0.014222424136967504
34.325,0.013615519208695304
34.33,0.01299484817944574
34.335,0.012367002744333888
34.34,0.011738285286629235
34.345,0.011114616630919727
34.35,0.010501457748912202
34.355000000000004,0.009903746452330608
34.36,0.009325849561772515
34.365,0.008771530541643813
34.37,0.008243932134345044
34.375,0.007745573141093587
34.38,0.00727835817584932
34.385,0.006843598984403343
34.39,0.006442045751501979
34.395,0.006073926733062507
34.4,0.005738994522596741
34.405,0.005436577298455703
34.410000000000004,0.00516563347664345
34.415,0.004924808316197016
34.42,0.0047124911684894855
34.425000000000004,0.00452687222732262
34.43,0.004365997806862865
34.435,0.004227823348154303
34.44,0.0041102635204604
34.445,0.004011238937342565
34.45,0.003928719148132309
34.455,0.003860761684769898
34.46,0.003805547047722735
34.465,0.0037614095936551184
34.47,0.0037268643520558253
34.475,0.003700629839189784
34.480000000000004,0.003681646963863028
34.485,0.0036690941309951985
34.49,0.0036623986441401656
34.495,0.0036612444956103402
34.5,0.0036655766107688698
34.505,0.00367560158364863
34.51,0.003691784911061702
34.515,0.003714844700577813
34.52,0.003745741796387536
34.525,0.003785666244738195
34.53,0.0038360200002212075
34.535000000000004,0.0038983957681959502
34.54,0.003974551882662158
34.545,0.004066383137423912
34.550000000000004,0.004175887524365152
34.555,0.004305128886322507
34.56,0.004456195565756715
34.565,0.004631155222125649
34.57,0.0048320061062492314
34.575,0.005060625208752612
34.58,0.00531871385152094
34.585,0.005607741449766834
34.59,0.005928888344037375
34.595,0.006282988775069498
34.6,0.006670475241143947
34.605000000000004,0.0070913256326168295
34.61,0.007545014672540873
34.615,0.008030471287369778
34.62,0.008546043591213248
34.625,0.009089473164326733
34.63,0.009657880247893047
34.635,0.010247761344864159
34.64,0.010855000505539891
34.645,0.011474895298817955
34.65,0.012102198102244444
34.655,0.012731172924560497
34.660000000000004,0.013355667483203604
34.665,0.01396919973795363
34.67,0.014565057533502568
34.675000000000004,0.015136409459604039
34.68,0.015676424525302934
34.685,0.016178397782073972
34.69,0.016635878658455283
34.695,0.017042798498245304
34.7,0.017393593655746997
34.705,0.017683320498129262
34.71,0.01790775882195561
34.715,0.018063500480451467
34.72,0.01814802046138908
34.725,0.018159728212772563
34.730000000000004,0.018097997668256482
34.735,0.017963175150946142
34.74,0.017756565089925402
34.745,0.01748039423708292
34.75,0.017137755787480558
34.755,0.016732535451030373
34.76,0.01626932206437104
34.765,0.015753305758504865
34.77,0.01519016697722364
34.775,0.014585959794512604
34.78,0.013946992971991534
34.785000000000004,0.013279712078713146
34.79,0.012590585739946647
34.795,0.011885998746908655
34.800000000000004,0.01117215433799501
34.805,0.010454987493876189
34.81,0.009740090606975116
34.815,0.009032652379715955
34.82,0.00833741034929858
34.825,0.007658616987438194
34.83,0.0070000189481564945
34.835,0.00636484870326548
34.84,0.0057558275499243194
34.845,0.005175178775992606
34.85,0.004624649639099587
34.855000000000004,0.00410554074563052
34.86,0.003618741399035841
34.865,0.0031647695126437725
34.87,0.0027438147539493585
34.875,0.0023557836762098106
34.88,0.002000345713139673
34.885,0.0016769790358885928
34.89,0.0013850154074037668
34.895,0.0011236832999355073
34.9,0.0008921486665189882
34.905,0.0006895528800041628
34.910000000000004,0.000515047451167927
34.915,0.0003678252373990887
34.92,0.000247147925546809
34.925000000000004,0.00015236963870207676
34.93,8.295656637097304e-05
34.935,3.850255302242922e-05
34.94,1.874060928494124e-05
34.945,2.3550324102141612e-05
34.95,5.296116958075636e-05
34.955,0.00010715169495739696
34.96,0.00018644460950212327
34.965,0.00029129776189273926
34.97,0.00042229102595081613
34.975,0.0005801091219910237
34.980000000000004,0.0007655204178536046
34.985,0.0009793517874268076
34.99,0.0012224596463075166
34.995,0.0014956973379165461
35.0,0.0017998791128439606
35.005,0.0021357410297095925
35.01,0.002503899198913473
35.015,0.002904805906666752
35.02,0.0033387042741388484
35.025,0.0038055822367191183
35.03,0.004305126763508582
35.035000000000004,0.004836679364647267
35.04,0.005399194062665202
35.045,0.005991199105958245
35.050000000000004,0.006610763793080565
35.055,0.007255471824329618
35.06,0.007922402613154134
35.065,0.008608121948203262
35.07,0.009308683308795196
35.075,0.010019640975365007
35.08,0.010736075861551342
35.085,0.01145263470163016
35.09,0.012163582882383395
35.095,0.012862870798237225
35.1,0.013544213158859009
35.105000000000004,0.01420118019505523
35.11,0.014827299214637435
35.115,0.015416164477162653
35.12,0.015961552904897758
35.125,0.016457542757805754
35.13,0.016898632091677968
35.135,0.01727985361767992
35.14,0.01759688250135838
35.145,0.017846133698036226
35.15,0.01802484562107054
35.155,0.018131147278964477
35.160000000000004,0.01816410649261968
35.165,0.018123757383712302
35.17,0.018011106010575872
35.175000000000004,0.01782811374666693
35.18,0.01757765877638917
35.185,0.017263476809986855
35.19,0.01689008283689475
35.195,0.01646267635218379
35.2,0.015987033001231055
35.205,0.01546938598119496
35.21,0.014916300768209823
35.215,0.014334546838629336
35.22,0.013730969991268438
35.225,0.013112368687039577
35.230000000000004,0.01248537751085621
35.235,0.01185636044547067
35.24,0.011231316168686334
35.245,0.010615797051503506
35.25,0.010014842991509454
35.255,0.009432930668769046
35.26,0.008873938307520035
35.265,0.008341125555165974
35.27,0.00783712769431233
35.275,0.007363963068545587
35.28,0.006923052351428538
35.285000000000004,0.006515248107771043
35.29,0.00614087299551791
35.295,0.005799764917368222
35.300000000000004,0.005491327458161166
35.305,0.005214584014504808
35.31,0.0049682341384365
35.315,0.004750710758946397
35.32,0.004560237103907738
35.325,0.004394882320454485
35.33,0.004252614959598056
35.335,0.004131353662808479
35.34,0.004029014541856668
35.345,0.003943554887730905
35.35,0.003873012968421463
35.355000000000004,0.0038155437797460223
35.36,0.00376945070059298
35.365,0.003733213067524943
35.37,0.003705509731821488
35.375,0.003685238689259296
35.38,0.003671532887766449
35.385,0.003663772315797894
35.39,0.003661592463109105
35.395,0.003664889225670216
35.4,0.0036738202963864097
35.405,0.0036888030563896335
35.410000000000004,0.0037105089464704033
35.415,0.0037398542693830583
35.42,0.0037779873477039594
35.425000000000004,0.003826271942052095
35.43,0.0038862668252459542
35.435,0.00395970140970725
35.44,0.004048447341118422
35.445,0.004154486004770419
35.45,0.004279871939759872
35.455,0.004426692227518458
35.46,0.004597022008507423
35.465,0.004792876392226475
35.47,0.005016159153358402
35.475,0.005268608750583326
35.480000000000004,0.005551742368888668
35.485,0.0058667988489489176
35.49,0.0062146815460391025
35.495,0.006595902326195002
35.5,0.0070105280686352245
35.505,0.007458131178157856
35.51,0.00793774571843997
35.515,0.00844783084169265
35.52,0.008986243199778698
35.525,0.009550219977221275
35.53,0.010136374062657438
35.535000000000004,0.010740702687254355
35.54,0.011358610583904749
35.545,0.011984948379630822
35.550000000000004,0.012614066514455402
35.555,0.013239884506376143
35.56,0.013855974863950848
35.565,0.014455660401111459
35.57,0.01503212316497482
35.575,0.015578522663840744
35.58,0.016088120613787282
35.585,0.016554409024337247
35.59,0.016971238162845736
35.595,0.017332940759388293
35.6,0.017634448799768165
35.605000000000004,0.017871399364167928
35.61,0.018040226250974456
35.615,0.018138234526055896
35.62,0.018163655687587266
35.625,0.018115681764086844
35.63,0.017994477391169994
35.635,0.017801169651249893
35.64,0.017537816232604087
35.645,0.017207353174811146
35.65,0.016813524138786562
35.655,0.016360793695380238
35.660000000000004,0.015854247579685676
35.665,0.01529948316234453
35.67,0.014702493572173125
35.675000000000004,0.014069548916989305
35.68,0.01340707796357421
35.685,0.012721553392573526
35.69,0.012019383435539766
35.695,0.011306812281691947
35.7,0.01058983119446566
35.705,0.009874101781313982
35.71,0.009164892371941846
35.715,0.008467027982259623
35.72,0.007784853892825794
35.725,0.007122212483823276
35.730000000000004,0.006482432620373402
35.735,0.005868330618367779
35.74,0.005282221605941828
35.745,0.00472593995838011
35.75,0.004200867401229047
35.755,0.0037079673469779806
35.76,0.003247824058863813
35.765,0.0028206852868644106
35.77,0.002426507116430443
35.775,0.002064999881898011
35.78,0.001735674118761743
35.785000000000004,0.0014378856662582429
35.79,0.0011708791590114842
35.795,0.0009338292800045167
35.800000000000004,0.0007258792608237918
35.805,0.0005461762289196148
35.81,0.00039390309159781367
35.815,0.00026830672952715684
35.82,0.0001687223393138093
35.825,9.459381306772818e-05
35.83,4.549008859436321e-05
35.835,2.1117425033839038e-05
35.84,2.1327584520919318e-05
35.845,4.612190622098333e-05
35.85,9.565127025357167e-05
35.855000000000004,0.0001702119505516131
35.86,0.00027023736157183453
35.865,0.0003962857099126804
35.87,0.0005490235733516258
35.875,0.0007292054504546286
35.88,0.0009376493494750449
35.885,0.0011752085292244807
35.89,0.0014427395515035357
35.895,0.0017410668775097449
35.9,0.002070944314777279
35.905,0.002433013722417776
35.910000000000004,0.0028277614855998223
35.915,0.0032554733930076907
35.92,0.003716188678097865
35.925000000000004,0.004209654116991146
35.93,0.004735279209500121
35.935,0.005292093593931568
35.94,0.0058787079579118995
35.945,0.006493279799345331
35.95,0.0071334854455678
35.955,0.007796499766758558
35.96,0.00847898498378541
35.965,0.009177089895828772
35.97,0.009886460704599642
35.975,0.01060226440489842
35.980000000000004,0.011319225438391811
35.985,0.012031675965918254
35.99,0.012733619719639933
35.995,0.013418808949626992
36.0,0.014080833505129675
36.005,0.014713220591882958
36.01,0.01530954326496925
36.015,0.01586353525446782
36.02,0.0163692093200396
36.025,0.01682097600143706
36.03,0.017213759416144114
36.035000000000004,0.01754310664209413
36.04,0.01780528726565933
36.045,0.017997379838611494
36.050000000000004,0.018117342309572848
36.055,0.018164063940915298
36.06,0.01813739678663495
36.065,0.018038165473086565
36.07,0.01786815474260095
36.075,0.017630074983181032
36.08,0.017327506718316954
36.085,0.01696482574457292
36.09,0.01654711124051289
36.095,0.016080039713227023
36.1,0.015569768049857657
36.105000000000004,0.015022809217111188
36.11,0.014445904267361698
36.115,0.013845894280620996
36.12,0.013229595704704167
36.125,0.012603682264874294
36.13,0.011974576216609023
36.135,0.011348351247054467
36.14,0.010730648804329945
36.145,0.010126609091447136
36.15,0.009540817413789426
36.155,0.0089772660516374
36.160000000000004,0.008439331357806168
36.165,0.007929765360934482
36.17,0.007450700814402467
36.175000000000004,0.007003668361116766
36.18,0.006589624290850082
36.185,0.006208987252028564
36.19,0.005861682230335674
36.195,0.0055471901197083895
36.2,0.0052646012774459905
36.205,0.005012671559205373
36.21,0.004789879470507685
36.215,0.004594483226897594
36.22,0.004424576686055559
36.225,0.004278143288395597
36.230000000000004,0.004153107310261639
36.235,0.004047381895341928
36.24,0.003958913472668968
36.245,0.0038857223000778873
36.25,0.003825938979113541
36.255,0.0037778368777119375
36.26,0.0037398604654713674
36.265,0.0037106496168105574
36.27,0.003689059968540964
36.275,0.003674179435351199
36.28,0.003665340986898094
36.285000000000004,0.0036621317824865043
36.29,0.0036643987370361016
36.295,0.003672250568510671
36.300000000000004,0.0036860563450298867
36.305,0.0037064405180823323
36.31,0.0037342743987593963
36.315,0.0037706640045300777
36.32,0.0038169341858949046
36.325,0.0038746089285326413
36.33,0.003945387726886906
36.335,0.004031117938848361
36.34,0.0041337630596816055
36.345,0.004255366899774238
36.35,0.004398013718483362
36.355000000000004,0.004563784449430841
36.36,0.004754709260057055
36.365,0.0049727168132100985
36.37,0.005219580739726837
36.375,0.005496863989447931
36.38,0.005805861895710862
36.385,0.006147544959992146
36.39,0.006522502535750263
36.395,0.006930888750613207
36.4,0.007372372148019224
36.405,0.007846090641351111
36.410000000000004,0.008350613448484978
36.415,0.008883911694141489
36.42,0.009443339332538159
36.425000000000004,0.01002562593875922
36.43,0.01062688273443868
36.435,0.011242622963141713
36.44,0.011867797392564938
36.445,0.012496845325831174
36.45,0.013123761028356995
36.455,0.013742174975817534
36.46,0.014345448778616543
36.465,0.014926782095876945
36.47,0.0154793293201827
36.475,0.01599632333361356
36.480000000000004,0.016471203226352316
36.485,0.016897742555094908
36.49,0.017270174533209115
36.495,0.01758331048583983
36.5,0.01783264799880868
36.505,0.018014465436856142
36.51,0.018125899883479235
36.515,0.018165006085354207
36.52,0.01813079459057576
36.525,0.01802324798838839
36.53,0.01784331489461266
36.535000000000004,0.01759288209520804
36.54,0.017274725986354156
36.545,0.01689244513001853
36.550000000000004,0.01645037632352242
36.555,0.015953497054177035
36.56,0.015407317546131338
36.565,0.014817765806370176
36.57,0.014191069130824019
36.575,0.013533635450908577
36.58,0.0128519376953804
36.585,0.012152404037035325
36.59,0.011441316495069742
36.595,0.010724719920940373
36.6,0.010008342905013734
36.605000000000004,0.009297531649174573
36.61,0.008597197371376097
36.615,0.007911777350976479
36.62,0.007245209324526769
36.625,0.006600918588162585
36.63,0.0059818168783820624
36.635,0.005390311884717391
36.64,0.004828326090116519
36.645,0.004297323546911258
36.65,0.0037983431550916436
36.655,0.0033320370263201227
36.660000000000004,0.002898712569579409
36.665,0.0024983770156792318
36.67,0.0021307832140093907
36.675000000000004,0.0017954756486364687
36.68,0.0014918357617892397
36.685,0.0012191257994649263
36.69,0.000976530525607977
36.695,0.0007631962713809948
36.7,0.0005782669000071738
36.705,0.0004209163574895314
36.71,0.0002903775731107894
36.715,0.00018596753118732545
36.72,0.00010710840057093218
36.725,5.3344642471350734e-05
36.730000000000004,2.4356051871128603e-05
36.735,1.996670678908229e-05
36.74,4.014981211343527e-05
36.745,8.502843334787236e-05
36.75,0.00015487211955700353
36.755,0.00025008941783255523
36.76,0.0003712162911646555
36.765,0.0005189004574452927
36.77,0.0006938816892130273
36.775,0.0008969681377690719
36.78,0.001129008783514962
36.785000000000004,0.0013908621644542762
36.79,0.0016833615982045913
36.795,0.0020072771921526567
36.800000000000004,0.002363275025179412
36.805,0.002751873996856169
36.81,0.0031734009488610937
36.815,0.0036279447998133207
36.82,0.004115310557695651
36.825,0.004634974214479115
36.83,0.005186039649577978
36.835,0.005767198785338934
36.84,0.006376696333157739
36.845,0.007012300532258209
36.85,0.0076712813129624635
36.855000000000004,0.008350397298276135
36.86,0.009045892984293147
36.865,0.009753507312314724
36.87,0.01046849464307087
36.875,0.011185658888983596
36.88,0.011899401226276751
36.885,0.012603781425895022
36.89,0.013292592407879056
36.895,0.013959447143562898
36.9,0.014597876549334643
36.905,0.015201436510686506
36.910000000000004,0.015763821726494598
36.915,0.016278983629668176
36.92,0.016741249316289952
36.925000000000004,0.017145438155420578
36.93,0.017486972639062515
36.935,0.01776198002446705
36.94,0.01796738147984911
36.945,0.01810096571997377
36.95,0.018161444556021422
36.955,0.018148488318942668
36.96,0.01806273976590944
36.965,0.017905805795223273
36.97,0.01768022704737149
36.975,0.017389426226429805
36.980000000000004,0.017037636704415604
36.985,0.016629813615175237
36.99,0.01617153021442519
36.995,0.015668862709578235
37.0,0.015128267058411637
37.005,0.01455645138774031
37.01,0.013960247677339055
37.015,0.013346486212309827
37.02,0.012721876037304014
37.025,0.01209289427041682
37.03,0.011465686669161812
37.035000000000004,0.010845981337219257
37.04,0.010239016900925435
37.045,0.009649485953950432
37.050000000000004,0.009081494032198378
37.055,0.00853853390223236
37.06,0.008023474519646356
37.065,0.007538563654286179
37.07,0.007085442896828553
37.075,0.0066651735542002655
37.08,0.00627827181281404
37.085,0.005924751484633006
37.09,0.0056041726556248506
37.095,0.00531569461282011
37.1,0.005058131523581366
37.105000000000004,0.0048300094743432
37.11,0.00462962363249364
37.115,0.00445509446033121
37.12,0.0043044220865757765
37.125,0.00417553810846627
37.13,0.004066354260038985
37.135,0.0039748075309482545
37.14,0.003898901449788994
37.145,0.003836743360841055
37.15,0.00378657761476342
37.155,0.003746814666327758
37.160000000000004,0.003716056126714218
37.165,0.003693115852752671
37.17,0.0036770371735727614
37.175000000000004,0.003667106360268027
37.18,0.0036628624365358194
37.185,0.003664103408118579
37.19,0.0036708889669753997
37.195,0.0036835396939043363
37.2,0.003702632752477286
37.205,0.00372899403583693
37.21,0.003763686700018809
37.215,0.0038079959945687136
37.22,0.003863410289535185
37.225,0.003931598191848629
37.230000000000004,0.004014381658924648
37.235,0.0041137050392165975
37.24,0.004231600015790704
37.245,0.004370146489877769
37.25,0.004531429523008335
37.255,0.004717492559572989
37.26,0.0049302872714065415
37.265,0.0051716205069780585
37.27,0.005443098981464445
37.275,0.0057460725105134
37.28,0.006081576762891672
37.285000000000004,0.006450276678503286
37.29,0.006852411862817931
37.295,0.007287745412938307
37.300000000000004,0.007755517752386254
37.305,0.008254407129101082
37.31,0.00878249846686785
37.315,0.009337262233341193
37.32,0.00991554489819535
37.325,0.010513572386308567
37.33,0.011126967695574308
37.335,0.01175078352481762
37.34,0.012379550371282022
37.345,0.013007340100973153
37.35,0.013627844491228558
37.355000000000004,0.014234467705090736
37.36,0.014820431114298316
37.365,0.015378888344745434
37.37,0.015903047934962444
37.375,0.016386300563482337
37.38,0.016822347478644417
37.385,0.017205326541443355
37.39,0.017529932219169098
37.395,0.017791525926938334
37.4,0.01798623333599636
37.405,0.01811102562037803
37.410000000000004,0.018163782115770744
37.415,0.018143332460162753
37.42,0.01804947698428805
37.425000000000004,0.017882984856989026
37.43,0.017645570253513654
37.435,0.017339847553742516
37.44,0.01696926726895498
37.445,0.016538034992294115
37.45,0.01605101616732796
37.455,0.015513629829104758
37.46,0.014931734697984922
37.465,0.014311511086564366
37.47,0.013659342026873134
37.475,0.012981696839720058
37.480000000000004,0.012285020076426179
37.485,0.011575628389660864
37.49,0.010859617442346092
37.495,0.010142780486031455
37.5,0.009430539750411526
37.505,0.008727891289797896
37.51,0.008039363486233242
37.515,0.0073689889831918265
37.52,0.006720289471580543
37.525,0.006096272446241002
37.53,0.005499438822784697
37.535000000000004,0.004931800135230091
37.54,0.004394903934024086
37.545,0.0038898659556974025
37.550000000000004,0.00341740764088172
37.555,0.002977897621917691
37.56,0.0025713958848987417
37.565,0.0021976994104031533
37.57,0.0018563882230395734
37.575,0.0015468709080010967
37.58,0.001268428787188025
37.585,0.0010202580759104407
37.59,0.0008015094679816315
37.595,0.0006113247039918335
37.6,0.0004488697833791022
37.605000000000004,0.00031336456327246687
37.61,0.0002041085572288548
37.615,0.00012050281087733206
37.62,6.206776634068434e-05
37.625,2.8457068298366056e-05
37.63,1.9467280447329647e-05
37.635,3.504349902536813e-05
37.64,7.528085669100681e-05
37.645,0.00014042191454888275
37.65,0.00023084994635313993
37.655,0.0003470781219311325
37.660000000000004,0.000489734607927339
37.665,0.0006595436204390737
37.67,0.0008573024866680434
37.675000000000004,0.0010838548113070168
37.68,0.0013400598876969205
37.685,0.001626758556742658
37.69,0.0019447357919899488
37.695,0.002294680377485925
37.7,0.002677142150485423
37.705,0.003092487394857457
37.71,0.0035408530982081743
37.715,0.004022100915470617
37.72,0.004535771815746159
37.725,0.005081042518025214
37.730000000000004,0.005656684939030043
37.735,0.006261029973405385
37.74,0.0068919370021447435
37.745,0.007546770556640325
37.75,0.008222385559090384
37.755,0.008915122501001349
37.76,0.009620813796210825
37.765,0.010334802367882645
37.77,0.01105197327289531
37.775,0.011766798854381477
37.78,0.012473397540613718
37.785000000000004,0.01316560597232197
37.79,0.01383706368311266
37.795,0.01448130905932743
37.800000000000004,0.015091884818772883
37.805,0.015662450772776282
37.81,0.016186901209426452
37.815,0.016659483879845283
37.82,0.01707491730326538
37.825,0.017428502959560888
37.83,0.0177162289127466
37.835,0.017934861536353708
37.84,0.018082022266163733
37.845,0.01815624670867777
37.85,0.018157023960718277
37.855000000000004,0.018084814619548695
37.86,0.01794104667098395
37.865,0.017728089190050866
37.87,0.017449204552249853
37.875,0.017108480577370244
37.88,0.01671074471054368
37.885,0.016261462907181112
37.89,0.01576662636289683
37.895,0.015232629541017673
37.9,0.014666143132682663
37.905,0.014073985604635908
37.910000000000004,0.013462996877827038
37.915,0.012839917428003389
37.92,0.012211275741826455
37.925000000000004,0.011583286618396471
37.93,0.010961762294311228
37.935,0.010352037835552608
37.94,0.009758911685910476
37.945,0.009186601736733024
37.95,0.008638716784048484
37.955,0.008118242806649079
37.96,0.007627543121266456
37.965,0.007168371179156807
37.97,0.006741894542942717
37.975,0.006348728441157192
37.980000000000004,0.0059889772227670335
37.985,0.005662282026777987
37.99,0.005367873026827397
37.995,0.005104624706074645
38.0,0.004871112740046257
38.005,0.004665671221982137
38.01,0.004486449127941938
38.015,0.004331465093533993
38.02,0.0041986597449543694
38.025,0.004085944990233514
38.03,0.003991249827670185
38.035000000000004,0.003912562364381866
38.04,0.0038479678515712656
38.045,0.0037956826430165513
38.050000000000004,0.003754084056968754
38.055,0.003721736180886892
38.06,0.003697411695267605
38.065,0.003680109815840632
38.07,0.0036690704590887357
38.075,0.003663784731107662
38.08,0.0036640018233732793
38.085,0.0036697323736461507
38.09,0.003681248324573505
38.095,0.0036990792763100244
38.1,0.0037240053021677655
38.105000000000004,0.003757046164645228
38.11,0.0037994468475197607
38.115,0.0038526593023813227
38.12,0.003918320305963174
38.125,0.0039982253292696335
38.13,0.004094298344107017
38.135,0.004208557533961432
38.14,0.004343076930869216
38.145,0.004499944082859031
38.15,0.004681213950498808
38.155,0.004888859351980912
38.160000000000004,0.005124718411348539
38.165,0.005390439615153397
38.17,0.0056874252502367995
38.175000000000004,0.006016774164512739
38.18,0.006379224964888408
38.185,0.006775100935113798
38.19,0.007204258102525785
38.195,0.007666038010345488
38.2,0.008159226839467237
38.205,0.008682022567171543
38.21,0.009232011836083132
38.215,0.009806158128053966
38.22,0.01040080268709076
38.225,0.011011679408763797
38.230000000000004,0.011633944609862112
38.235,0.012262222213220042
38.24,0.012890664443418132
38.245,0.013513027626988361
38.25,0.014122762163186309
38.255,0.014713115178114577
38.26,0.01527724384279594
38.265,0.015808336823340596
38.27,0.01629974090231201
38.275,0.01674508945034603
38.28,0.0171384291956187
38.285000000000004,0.0174743416266665
38.29,0.01774805541002422
38.295,0.01795554637987351
38.300000000000004,0.01809362200417297
38.305,0.01815998768876881
38.31,0.018153292878245963
38.315,0.018073155579095612
38.32,0.01792016467381785
38.325,0.017695860150737985
38.33,0.017402692119681262
38.335,0.017043960190257224
38.34,0.016623735401950057
38.345,0.016146767418188546
38.35,0.01561838007995675
38.355000000000004,0.01504435866870324
38.36,0.014430832335225574
38.365,0.013784155120813324
38.37,0.013110788834403309
38.375,0.012417190783956755
38.38,0.011709708985375045
38.385,0.010994487053721969
38.39,0.01027738049410587
38.395,0.009563885628438129
38.4,0.008859081893216825
38.405,0.008167587790001818
38.410000000000004,0.007493530338507526
38.415,0.00684052751365094
38.42,0.006211682839758481
38.425000000000004,0.005609591065363517
38.43,0.005036353670643479
38.435,0.0044936028366748815
38.44,0.003982532456731747
38.445,0.003503934758512628
38.45,0.003058241150860397
38.455,0.0026455659785078467
38.46,0.0022657519714535113
38.465,0.0019184162934351434
38.47,0.0016029962239887396
38.475,0.0013187936410479217
38.480000000000004,0.001065017601286744
38.485,0.0008408244442583701
38.49,0.0006453549538736336
38.495,0.0004777682216310364
38.5,0.00033727193731347693
38.505,0.0002231489116635288
38.51,0.00013477969357456043
38.515,7.166119037044227e-05
38.52,3.342123713659384e-05
38.525,1.9829080175805288e-05
38.53,3.080175993443873e-05
38.535000000000004,6.640638432922619e-05
38.54,0.00012685829113390223
38.545,0.00021251510124298267
38.550000000000004,0.0003238666684757252
38.555,0.0004615209435909762
38.56,0.0006261857811726834
38.565,0.0008186467428497046
38.57,0.0010397409841513827
38.575,0.0012903273553641625
38.58,0.0015712529072624548
38.585,0.0018833160641111846
38.59,0.002227226813348082
38.595,0.002603564363714561
38.6,0.003012732834196008
38.605000000000004,0.003454915664450553
38.61,0.003930029561884041
38.615,0.004437678941545897
38.62,0.00497711193605177
38.625,0.005547179181860429
38.63,0.006146296683835928
38.635,0.006772414142146133
38.64,0.00742299016756931
38.645,0.008094975809168403
38.65,0.008784807773594139
38.655,0.009488412597303153
38.660000000000004,0.010201222873408966
38.665,0.010918206386612894
38.67,0.011633908710642515
38.675000000000004,0.012342509463049822
38.68,0.013037891979205796
38.685,0.01371372572552687
38.69,0.014363560264598618
38.695,0.014980929108975971
38.7,0.015559461308214395
38.705,0.016092998188455
38.71,0.01657571227979915
38.715,0.017002225197078502
38.72,0.017367721050995044
38.725,0.017668051938827034
38.730000000000004,0.017899832139583793
38.735,0.018060517888180527
38.74,0.018148469970192593
38.745,0.018162996882111315
38.75,0.018104376917598586
38.755,0.017973858224785033
38.76,0.017773636633698686
38.765,0.017506811803741584
38.77,0.01717732298640584
38.775,0.016789866381650143
38.78,0.016349796661693006
38.785000000000004,0.015863015722040075
38.79,0.015335852065391009
38.795,0.014774934431436293
38.800000000000004,0.01418706333403108
38.805,0.013579084081570159
38.81,0.012957764625582513
38.815,0.01232968124973155
38.82,0.011701114672604263
38.825,0.01107795864491834
38.83,0.010465642585803181
38.835,0.009869069249226925
38.84,0.009292567882269509
38.845,0.008739862832420897
38.85,0.008214057110095041
38.855000000000004,0.00771763003240622
38.86,0.00725244775668088
38.865,0.006819785283269653
38.87,0.006420358341230781
38.875,0.006054363493781523
38.88,0.005721524769361608
38.885,0.0054211451714749614
38.89,0.005152161497614216
38.895,0.00491320102272752
38.9,0.00470263874911403
38.905,0.004518654089949337
38.910000000000004,0.004359286024982367
38.915,0.004222485939454401
38.92,0.004106167522694548
38.925000000000004,0.004008253256284178
38.93,0.003926717160005033
38.935,0.0038596235831347414
38.94,0.0038051619297005956
38.945,0.0037616772862631986
38.95,0.0037276969817015004
38.955,0.003701953149074233
38.96,0.003683401387312102
38.965,0.003671235625744229
38.97,0.0036648992947056914
38.975,0.0036640928887465276
38.980000000000004,0.0036687779867938947
38.985,0.003679177765142011
38.99,0.0036957740087078528
38.995,0.003719300592957109
39.0,0.00375073337972176
39.005,0.0037912764465246607
39.01,0.0038423445505915144
39.015,0.0039055417218678556
39.02,0.003982635885762864
39.025,0.0040755294349890114
39.03,0.004186225707293545
39.035000000000004,0.00431679138023533
39.04,0.004469314870142682
39.045,0.004645860914454403
39.050000000000004,0.004848421632900113
39.055,0.0050788644955890305
39.06,0.005338877773946038
39.065,0.00562991421525183
39.07,0.005953133850443493
39.075,0.006309347017735334
39.08,0.006698958853165848
39.085,0.007121916653153093
39.09,0.007577661642098832
39.095,0.008065086777307329
39.1,0.008582502273917214
39.105000000000004,0.009127610530558883
39.11,0.009697492070472435
39.115,0.010288603976459143
39.12,0.010896792084675866
39.125,0.011517317914243819
39.13,0.012144900943951598
39.135,0.012773776418256944
39.14,0.013397768373323515
39.145,0.014010377050215794
39.15,0.014604879312319241
39.155,0.015174440142960322
39.160000000000004,0.01571223278725853
39.165,0.016211564647683474
39.17,0.01666600567435239
39.175000000000004,0.017069515730277374
39.18,0.017416567279042283
39.185,0.017702259753406224
39.19,0.017922422121493753
39.195,0.018073700475461862
39.2,0.01815362791315067
39.205,0.018160674546898292
39.21,0.018094276139400733
39.215,0.017954840591571042
39.22,0.017743732262033518
39.225,0.017463234858446697
39.230000000000004,0.01711649434217577
39.235,0.01670744393527812
39.24,0.01624071384782866
39.245,0.015721528762657755
39.25,0.015155596389046622
39.255,0.014548990533334916
39.26,0.013908032129272385
39.265,0.013239171529505711
39.27,0.01254887511569791
39.275,0.011843518927221908
39.28,0.01112929159098286
39.285000000000004,0.010412108371571804
39.29,0.009697537657999078
39.295,0.00899074072463435
39.300000000000004,0.00829642512261941
39.305,0.007618811634149125
39.31,0.006961614332212207
39.315,0.006328032972501063
39.32,0.005720756685329675
39.325,0.005141977740979797
39.33,0.004593414043606359
39.335,0.004076338931083612
39.34,0.003591616855381119
39.345,0.0031397435395383866
39.35,0.0027208892842836008
39.355000000000004,0.0023349441869155996
39.36,0.001981564155002502
39.365,0.0016602167246917432
39.37,0.0013702258247416665
39.375,0.0011108147616232245
39.38,0.0008811468246019416
39.385,0.0006803630296206009
39.39,0.0005076166229240897
39.395,0.00036210405820613634
39.4,0.00024309223627250187
39.405,0.00014994186266470422
39.410000000000004,8.212682104646873e-05
39.415,3.924950458488591e-05
39.42,2.1052066026785738e-05
39.425000000000004,2.742356960416803e-05
39.43,5.84030340592262e-05
39.435,0.00011417836539906467
39.44,0.00019508117841449124
39.445,0.0003015775157043654
39.45,0.00043425447337841483
39.455,0.0005938027657625966
39.46,0.000780995272850582
39.465,0.0009966616512118165
39.47,0.001241659132925399
39.475,0.0015168396856601873
39.480000000000004,0.0018230137869350571
39.485,0.0021609111409253146
39.49,0.0025311387713946587
39.495,0.002934137031464168
39.5,0.003370134194391028
39.505,0.003839100419423147
39.51,0.00434070202107506
39.515,0.004874257096510348
39.52,0.00543869369546357
39.525,0.006032511817917197
39.53,0.0066537506101305155
39.535000000000004,0.007299962180553621
39.54,0.007968193464119366
39.545,0.008654977525182517
39.550000000000004,0.009356335590304354
39.555,0.01006779094282706
39.56,0.010784395588636642
39.565,0.011500770306600572
39.57,0.012211158348314655
39.575,0.012909492638584652
39.58,0.013589475876862878
39.585,0.014244672450956841
39.59,0.014868610589257258
39.595,0.015454892683074206
39.6,0.015997311276215953
39.605000000000004,0.016489967823009266
39.61,0.01692739102066909
39.615,0.017304651321261133
39.62,0.01761746816733023
39.625,0.01786230654899157
39.63,0.018036459702685192
39.635,0.01813811511127028
39.64,0.018166401448105773
39.645,0.018121414705468908
39.65,0.018004222414724325
39.655,0.017816845618824573
39.660000000000004,0.017562219002513757
39.665,0.017244130342440656
39.67,0.01686714113090204
39.675000000000004,0.016436490844959906
39.68,0.015957987839090748
39.685,0.01543789021280162
39.69,0.01488278023824563
39.695,0.014299436013271105
39.7,0.013694703940085873
39.705,0.0130753754303079
39.71,0.012448070913997356
39.715,0.011819133819020777
39.72,0.011194536694372204
39.725,0.010579801124592336
39.730000000000004,0.009979932530825408
39.735,0.00939937041693284
39.74,0.008841954107349892
39.745,0.008310903565366345
39.75,0.00780881448179116
39.755,0.007337666496713524
39.76,0.006898843170995761
39.765,0.006493162146348652
39.77,0.006120913840057085
39.775,0.005781906981518148
39.78,0.005475519330882861
39.785000000000004,0.0052007519918451095
39.79,0.004956285849974762
39.795,0.004740538807691763
39.800000000000004,0.004551722652026413
39.805,0.00438789856188837
39.81,0.0042470304330937125
39.815,0.004127035367721632
39.82,0.004025830830573174
39.825,0.003941378114894256
39.83,0.0038717218860035985
39.835,0.0038150256723268328
39.84,0.0037696032601965968
39.845,0.0037339460106815547
39.85,0.003706746163881558
39.855000000000004,0.0036869162226657037
39.86,0.0036736045207155787
39.865,0.003666207077689717
39.87,0.003664375832266361
39.875,0.003668023322014685
39.88,0.0036773238522757046
39.885,0.003692711164273166
39.89,0.0037148725811122496
39.895,0.0037447395813046125
39.9,0.0037834747214529063
39.905,0.00383245481345984
39.910000000000004,0.0038932502506088262
39.915,0.003967600380883951
39.92,0.004057384841730904
39.925000000000004,0.00416459080583742
39.93,0.0042912761367812635
39.935,0.0044395285253147065
39.94,0.00461142076781762
39.945,0.004808962458964672
39.95,0.005034048499609867
39.955,0.005288404967593863
39.96,0.005573533062115388
39.965,0.005890651994807428
39.97,0.00624064188408191
39.975,0.006623987868167092
39.980000000000004,0.007040726816137877
39.985,0.007490398148711108
39.99,0.007972000385915834
39.995,0.008483955096597384
40.0,0.009024079938349416
40.005,0.009589572417542769
40.01,0.010177005880510848
40.015,0.01078233904712178
40.02,0.01140094012112769
40.025,0.012027626166034366
40.03,0.012656718009655066
40.035000000000004,0.013282110468118447
40.04,0.013897357152007572
40.045,0.014495768579255497
40.050000000000004,0.015070521768429046
40.055,0.015614778968082277
40.06,0.016121812714406047
40.065,0.016585134013972436
40.07,0.01699862017895981
40.075,0.01735663866888615
40.08,0.01765416328940006
40.085,0.01788687922199017
40.09,0.01805127364085024
40.095,0.018144709093292022
40.1,0.018165477366103744
40.105000000000004,0.018112832206384155
40.11,0.017986999980109886
40.115,0.01778916811117881
40.12,0.01752145189575316
40.125,0.017186841009646514
40.13,0.01678912768242924
40.135,0.016332819065368653
40.14,0.015823036764455622
40.145,0.01526540680548294
40.15,0.014665943468582299
40.155,0.014030930441819578
40.160000000000004,0.013366802637573727
40.165,0.01268003177365884
40.17,0.011977018502445702
40.175000000000004,0.011263993445574272
40.18,0.010546929044988218
40.185,0.009831463644040639
40.19,0.00912283871966224
40.195,0.008425849715504086
40.2,0.007744810478943265
40.205,0.007083530916908387
40.21,0.006445307150091395
40.215,0.0058329231766158784
40.22,0.005248662850688035
40.225,0.004694330848190376
40.230000000000004,0.004171281207714372
40.235,0.003680452017265523
40.24,0.0032224048369808855
40.245,0.0027973675126782283
40.25,0.002405279125653692
40.255,0.0020458359369293078
40.26,0.0017185373112500457
40.265,0.001422730737945077
40.27,0.0011576551983170091
40.275,0.0009224822565445656
40.28,0.00071635437177342
40.285000000000004,0.0005384200318292454
40.29,0.00038786541006263775
40.295,0.00026394231698623205
40.300000000000004,0.00016599229433622575
40.305,9.346674000332289e-05
40.31,4.594299961861725e-05
40.315,2.313638352087477e-05
40.32,2.490808613620464e-05
40.325,5.126899981197641e-05
40.33,0.00010237941657900707
40.335,0.00017854462036009933
40.34,0.0002802063723558179
40.345,0.0004079303029433934
40.35,0.0005623892333308511
40.355000000000004,0.0007443424705044777
40.36,0.0009546111480545072
40.365,0.0011940497268416728
40.37,0.0014635138200267406
40.375,0.0017638245789370899
40.38,0.0020957299533428397
40.385,0.0024598632373376006
40.39,0.002856699422875586
40.395,0.00328650999968616
40.4,0.003749316972129435
40.405,0.004244846994161833
40.410000000000004,0.004772486656708708
40.415,0.0053312400863188
40.42,0.00591969012345217
40.425000000000004,0.006535964437730968
40.43,0.007177707995795757
40.435,0.00784206330930104
40.44,0.00852565986919629
40.445,0.009224614076252635
40.45,0.009934540837964079
40.455,0.010650577785636273
40.46,0.01136742278677616
40.465,0.01207938508637696
40.47,0.01278045001129513
40.475,0.013464356722167281
40.480000000000004,0.014124688021322385
40.485,0.014754970729040195
40.49,0.015348784655291325
40.495,0.015899877736210044
40.5,0.016402284510157017
40.505,0.016850444782750884
40.51,0.01723931911909915
40.515,0.01756449770183366
40.52,0.017822299141471376
40.525,0.018009855997249247
40.53,0.01812518410034869
40.535000000000004,0.01816723322118463
40.54,0.018135917198762286
40.545,0.01803212231477147
40.550000000000004,0.017857693422790533
40.555,0.017615398104055657
40.56,0.017308869868891463
40.565,0.01694253213553054
40.57,0.01652150534979313
40.575,0.016051500136079255
40.58,0.015538699775831333
40.585,0.014989635561533987
40.59,0.014411058692740397
40.595,0.013809812332642224
40.6,0.0131927072763105
40.605000000000004,0.012566404375832008
40.61,0.01193730647121427
40.615,0.011311462097435054
40.62,0.010694482716072429
40.625,0.01009147467099325
40.63,0.009506986521689242
40.635,0.008944971899371268
40.64,0.008408767551408403
40.645,0.007901085834770782
40.65,0.007424020577232682
40.655,0.006979064962807868
40.660000000000004,0.006567139907906139
40.665,0.006188631286041968
40.67,0.005843434311005424
40.675000000000004,0.0055310034086897275
40.68,0.005250405972534011
40.685,0.005000378509635084
40.69,0.004779383819712102
40.695,0.0045856680131457495
40.7,0.004417316339979216
40.705,0.004272306979125062
40.71,0.004148562100376729
40.715,0.004043995676693779
40.72,0.003956557662347038
40.725,0.003884274283489475
40.730000000000004,0.0038252842940857956
40.735,0.003777871137992994
40.74,0.0037404910256730872
40.745,0.0037117969836408804
40.75,0.00369065896456805
40.755,0.0036761801218810897
40.76,0.0036677093530463056
40.765,0.0036648502046539473
40.77,0.00366746621412551
40.775,0.0036756827339262665
40.78,0.003689885256146608
40.785000000000004,0.003710714221338063
40.79,0.0037390562659714854
40.795,0.003776031835901028
40.800000000000004,0.0038229790729462643
40.805,0.0038814338700632334
40.81,0.003953105992291039
40.815,0.004039851173050835
40.82,0.004143639127524246
40.825,0.004266517471332776
40.83,0.004410571600171664
40.835,0.004577880674142776
40.84,0.004770469954994638
40.845,0.004990259873592251
40.85,0.005239012346196503
40.855000000000004,0.005518275016907381
40.86,0.0058293242724118954
40.865,0.006173108047137887
40.87,0.006550189607862578
40.875,0.006960693666897555
40.88,0.007404256312838697
40.885,0.00787998035887938
40.89,0.00838639777765593
40.895,0.008921440911972667
40.9,0.009482424106654008
40.905,0.010066037303907649
40.910000000000004,0.010668352950357729
40.915,0.011284847315430113
40.92,0.011910436973547434
40.925000000000004,0.012539530801401355
40.93,0.013166097373026986
40.935,0.013783747115187595
40.94,0.014385828051345584
40.945,0.014965533407337972
40.95,0.015516018831242206
40.955,0.016030526497871733
40.96,0.0165025129659071
40.965,0.016925777349420912
40.97,0.017294586189919414
40.975,0.01760379135929213
40.980000000000004,0.01784893743864302
40.985,0.018026355264034066
40.99,0.018133238726434797
40.995,0.0181677024373883
41.0,0.018128818501828903
41.005,0.018016631344416112
41.01,0.017832150285926218
41.015,0.017577320329301926
41.02,0.017254972338186292
41.025,0.01686875446695879
41.03,0.016423047275523572
41.035000000000004,0.015922865423313226
41.04,0.015373749168457351
41.045,0.014781649086501147
41.050000000000004,0.014152807466615513
41.055,0.013493639758440423
41.06,0.012810619226847564
41.065,0.01211016766023576
41.07,0.011398554579027831
41.075,0.010681806937601124
41.08,0.009965630830226502
41.085,0.00925534621260482
41.09,0.00855583517422076
41.095,0.007871503846203609
41.1,0.007206257627309753
41.105000000000004,0.006563489064765449
41.11,0.005946077448424347
41.115,0.005356398955905561
41.12,0.0047963460401412306
41.125,0.004267354660949962
41.13,0.003770437929295767
41.135,0.0033062247473125694
41.14,0.002875002085958478
41.145,0.002476759625021252
41.15,0.0021112355920527293
41.155,0.001777962761789098
41.160000000000004,0.0014763137069189192
41.165,0.0012055445261500708
41.17,0.000964836403822833
41.175000000000004,0.0007533344747887583
41.18,0.000570183580095307
41.185,0.0004145605930776508
41.19,0.00028570307956898855
41.195,0.00018293412344994042
41.2,0.00010568320121231989
41.205,5.3503032779345094e-05
41.21,2.6082363262869626e-05
41.215,2.3254651633972806e-05
41.22,4.500265282431082e-05
41.225,9.145889066838886e-05
41.230000000000004,0.0001629020189603536
41.235,0.00025974907552128723
41.24,0.0003825436396163173
41.245,0.0005319399130154778
41.25,0.0007086827644740001
41.255,0.0009135838044329603
41.26,0.0011474935929176588
41.265,0.0014112701389099591
41.27,0.0017057439078103087
41.275,0.00203167963887374
41.28,0.0023897353642379215
41.285000000000004,0.0027804191269069634
41.29,0.003204044017918406
41.295,0.0036606822747735634
41.300000000000004,0.004150119319668022
41.305,0.004671808746456563
41.31,0.005224829392817654
41.315,0.005807845747350271
41.32,0.0064190730335873525
41.325,0.007056248379095464
41.33,0.007716609498618965
41.335,0.008396882303486564
41.34,0.009093278773310232
41.345,0.00980150628700116
41.35,0.010516789416474381
41.355000000000004,0.011233904911460257
41.36,0.011947230281968757
41.365,0.012650805986087477
41.37,0.013338410800749045
41.375,0.014003649468474322
41.38,0.014640051231189943
41.385,0.015241177363197522
41.39,0.015800735358016738
41.395,0.016312697009585264
41.4,0.016771417292943624
41.405,0.01717175071297561
41.410000000000004,0.01750916166842842
41.415,0.017779825397624904
41.42,0.01798071622074815
41.425000000000004,0.018109680100209857
41.43,0.01816548896304937
41.435,0.01814787479067803
41.44,0.018057542126904025
41.445,0.017896158376231597
41.45,0.01766632201876206
41.455,0.01737150962552647
41.46,0.01701600327456987
41.465,0.016604800623113647
41.47,0.016143510433767716
41.475,0.015638236786948312
41.480000000000004,0.015095455492573961
41.485,0.014521886353673352
41.49,0.013924364925092192
41.495,0.013309717253900288
41.5,0.012684640816996051
41.505,0.012055594484163379
41.51,0.011428699870069892
41.515,0.010809655925289263
41.52,0.010203668068079708
41.525,0.009615392612296603
41.53,0.009048896728110378
41.535000000000004,0.008507633686914318
41.54,0.007994432721012856
41.545,0.007511502477878906
41.550000000000004,0.0070604467648962554
41.555,0.006642291083489127
41.56,0.006257518324950695
41.565,0.005906111941422765
41.57,0.005587604914309097
41.575,0.005301132899978356
41.58,0.00504549003595578
41.585,0.004819186022187338
41.59,0.004620503252825259
41.595,0.004447552938104948
41.6,0.004298329331823503
41.605000000000004,0.004170761350050789
41.61,0.004062761024045347
41.615,0.003972268382502087
41.62,0.0038972924843512224
41.625,0.0038359484370598107
41.63,0.003786490326575409
41.635,0.0037473400559455694
41.64,0.003717112143050594
41.645,0.003694634560921395
41.65,0.003678965722312466
41.655,0.00366940771448912
41.660000000000004,0.003665515879294501
41.665,0.003667104817628601
41.67,0.0036742508703771493
41.675000000000004,0.003687291098538714
41.68,0.003706818753046237
41.685,0.003733675194208086
41.69,0.003768938192218352
41.695,0.00381390651929725
41.7,0.0038700807308762464
41.705,0.003939140030360999
41.71,0.004022915125160509
41.715,0.004123357007280504
41.72,0.004242501636620766
41.725,0.004382430569270568
41.730000000000004,0.004545227656165274
41.735,0.004732932038153059
41.74,0.00494748779142995
41.745,0.0051906907122027945
41.75,0.005464132888285178
41.755,0.0057691458717794575
41.76,0.00610674343739781
41.765,0.006477565086587589
41.77,0.006881821613969663
41.775,0.0073192442051421835
41.78,0.007789038644517632
41.785000000000004,0.008289846294061931
41.79,0.008819713532847828
41.795,0.009376071316431478
41.800000000000004,0.009955726421420508
41.805,0.010554865767716137
41.81,0.011169074968563564
41.815,0.011793371933613628
41.82,0.012422255954501082
41.825,0.01304977224798165
41.83,0.01366959142032087
41.835,0.014275102781233784
41.84,0.0148595198828545
41.845,0.01541599613506861
41.85,0.01593774784565838
41.855000000000004,0.016418181630591278
41.86,0.016851022797212067
41.865,0.017230441113980532
41.87,0.017551170294495932
41.875,0.017808617609098576
41.88,0.017998960255965812
41.885,0.018119225497407854
41.89,0.0181673520623562
41.895,0.01814223093445122
41.9,0.018043724335001343
41.905,0.01787266245352015
41.910000000000004,0.017630818247106106
41.915,0.01732086135446309
41.92,0.016946292870056112
41.925000000000004,0.016511363304125837
41.93,0.016020976554845134
41.935,0.015480583059080288
41.94,0.014896065518016144
41.945,0.014273620654638108
41.95,0.013619640402559696
41.955,0.012940595732665372
41.96,0.01224292602924848
41.965,0.011532936539254024
41.97,0.010816705981053332
41.975,0.010100005908810772
41.980000000000004,0.00938823294228186
41.985,0.008686354481870495
41.99,0.007998868075468124
41.995,0.00732977419101033
42.0,0.006682561791642172
42.005,0.006060205818736009
42.01,0.005465175457166183
42.015,0.004899451896367424
42.02,0.004364554201533366
42.025,0.003861571865492408
42.03,0.0033912026192091105
42.035000000000004,0.002953794127850351
42.04,0.00254938828028628
42.045,0.002177766886831023
42.050000000000004,0.0018384977213079523
42.055,0.0015309799754374964
42.06,0.001254488324794245
42.065,0.0010082149377517169
42.07,0.0007913088804403223
42.075,0.0006029124809829867
42.08,0.00044219431884018334
42.085,0.00030837858597465573
42.09,0.00020077064087153929
42.095,0.00011877862963155517
42.1,6.193109480950865e-05
42.105000000000004,2.9890521271509762e-05
42.11,2.2462792804617965e-05
42.115,3.960254369518579e-05
42.12,8.14144018537466e-05
42.125,0.00014815011910024323
42.13,0.00024020159469728686
42.135,0.00035808979787987916
42.14,0.0005024496109755638
42.145,0.0006740106249620847
42.15,0.0008735739517145014
42.155,0.0011019851453744067
42.160000000000004,0.0013601033819257147
42.165,0.0016487671005194215
42.17,0.001968756391531379
42.175000000000004,0.002320752504658685
42.18,0.002705294955238635
42.185,0.0031227368230606345
42.19,0.0035731989635454653
42.195,0.0040565239854526425
42.2,0.004572230976130243
42.205,0.005119472091976718
42.21,0.0056969922411092
42.215,0.006303093185843878
42.22,0.006935603463199769
42.225,0.007591855552117721
42.230000000000004,0.008268671707046593
42.235,0.008962359810379184
42.24,0.009668720475069392
42.245,0.01038306643969733
42.25,0.011100255040268792
42.255,0.011814734234253166
42.26,0.01252060225771956
42.265,0.01321168058126787
42.27,0.013881599349716112
42.275,0.014523894004582871
42.28,0.015132111298225226
42.285000000000004,0.01569992243105034
42.29,0.016221240632194878
42.295,0.016690340136914728
42.300000000000004,0.01710197327063412
42.305,0.017451482197934354
42.31,0.017734901888346144
42.315,0.01794905097555244
42.32,0.018091607464057802
42.325,0.0181611666366166
42.33,0.018157279057525955
42.335,0.018080467192277183
42.34,0.017932219878339595
42.345,0.017714964632091323
42.35,0.017432018532133498
42.355000000000004,0.017087519155012387
42.36,0.01668633769500616
42.365,0.01623397698165263
42.37,0.015736457549326843
42.375,0.015200195234282177
42.38,0.014631873935844197
42.385,0.014038317197321959
42.39,0.01342636213353643
42.395,0.01280273898050055
42.4,0.012173959172301352
42.405,0.011546214403889365
42.410000000000004,0.010925288627298357
42.415,0.010316484385242575
42.42,0.009724564342828756
42.425000000000004,0.009153708342594769
42.43,0.008607485826892969
42.435,0.008088843029234738
42.44,0.007600103972890793
42.445,0.007142984023914778
42.45,0.006718614525938804
42.455,0.006327576907075638
42.46,0.005969944580025199
42.465,0.005645330950018845
42.47,0.005352941897871943
42.475,0.005091631197057467
42.480000000000004,0.004859957454707242
42.485,0.0046562413199211505
42.49,0.004478621866666366
42.495,0.004325111236399337
42.5,0.004193646791507355
42.505,0.004082140196741246
42.51,0.003988522994950117
42.515,0.003910788376333407
42.52,0.003847028956880383
42.525,0.003795470475884688
42.53,0.0037545013984698894
42.535000000000004,0.003722698464628804
42.54,0.0036988482627698382
42.545,0.0036819649292260948
42.550000000000004,0.0036713040766071098
42.555,0.0036663730523343934
42.56,0.0036669376077329546
42.565,0.0036730250362820294
42.57,0.0036849238090011505
42.575,0.0037031797039746017
42.58,0.0037285883951174714
42.585,0.003762184436701954
42.59,0.0038052265575234667
42.595,0.0038591791640909534
42.6,0.003925689946463695
42.605000000000004,0.004006563490892567
42.61,0.004103730827162977
42.615,0.004219214878216526
42.62,0.004355091841257597
42.625,0.00451344860798919
42.63,0.004696336430958681
42.635,0.004905721163240173
42.64,0.005143430534578997
42.645,0.005411099080513182
42.65,0.005710111507321258
42.655,0.006041545445182095
42.660000000000004,0.006406114716268618
42.665,0.006804114408200945
42.67,0.007235369192578389
42.675000000000004,0.007699186451578299
42.68,0.00819431585984276
42.685,0.008718917111913527
42.69,0.00927053746276485
42.695,0.00984610067189351
42.7,0.010441908780826736
42.705,0.011053657924378513
42.71,0.011676469069112017
42.715,0.012304934187223893
42.72,0.012933177928349693
42.725,0.013554934356221793
42.730000000000004,0.014163637774281312
42.735,0.014752526124556908
42.74,0.015314754902206573
42.745,0.015843519027495034
42.75,0.01633217968608136
42.755,0.01677439280089743
42.76,0.01716423556813851
42.765,0.01749632739754503
42.77,0.017765941637037486
42.775,0.017969104665063185
42.78,0.018102679273965805
42.785000000000004,0.018164429743855237
42.79,0.018153066604348567
42.795,0.01806826975736442
42.800000000000004,0.01791068937480844
42.805,0.01768192474532526
42.81,0.01738448198929632
42.815,0.017021712254553734
42.82,0.016597732625335482
42.825,0.01611733248035918
42.83,0.015585868417250737
42.835,0.015009151106170293
42.84,0.014393327527120192
42.845,0.01374476201492314
42.85,0.013069919359047333
42.855000000000004,0.012375252936617898
42.86,0.011667100476543624
42.865,0.010951589629325298
42.87,0.010234555030329773
42.875,0.009521468059261906
42.88,0.008817380002628994
42.885,0.00812687887221486
42.89,0.00745405970155133
42.895,0.006802507784941625
42.9,0.006175294008766485
42.905,0.0055749811922947146
42.910000000000004,0.005003640172771995
42.915,0.004462874266629058
42.92,0.003953850678966475
42.925000000000004,0.003477337435660033
42.93,0.003033744452782372
42.935,0.0026231674343906164
42.94,0.002245433390835494
42.945,0.0019001466921801935
42.95,0.0015867346961631057
42.955,0.0013044921303904111
42.96,0.0010526235306764775
42.965,0.0008302831705919722
42.97,0.0006366120234344574
42.975,0.0004707714048972633
42.980000000000004,0.00033197302986687216
42.985,0.00021950528970982042
42.99,0.00013275561826975313
42.995,7.122885545043922e-05
43.0,3.4561557773808704e-05
43.005,2.253222135047157e-05
43.01,3.5067403686535326e-05
43.015,7.224373564290731e-05
43.02,0.00013428582262181576
43.025,0.0002215600364002812
43.03,0.00033456420460142855
43.035000000000004,0.00047391321615242177
43.04,0.000640320570972186
43.045,0.000834575931491166
43.050000000000004,0.0010575187647900997
43.055,0.0013100082078949526
43.06,0.0015928893532786148
43.065,0.0019069562206217583
43.07,0.0022529117714906732
43.075,0.00263132542306721
43.08,0.0030425886356626464
43.085,0.003486869265801218
43.09,0.003964065517388704
43.095,0.004473760445296904
43.1,0.005015178106910767
43.105000000000004,0.0055871425669682395
43.11,0.006188041066929273
43.115,0.006815792749005567
43.12,0.007467824355718022
43.125,0.008141054335233378
43.13,0.008831886719583792
43.135,0.009536216033623646
43.14,0.01024944431997099
43.145,0.010966511115817923
43.15,0.011681936918641611
43.155,0.012389880304493062
43.160000000000004,0.01308420843793101
43.165,0.013758580260361697
43.17,0.014406541137898188
43.175000000000004,0.015021627276279759
43.18,0.015597477716436714
43.185,0.016127951304632404
43.19,0.016607245652988212
43.195,0.017030014836638685
43.2,0.017391482407496994
43.205,0.017687546260759746
43.21,0.01791487200731723
43.215,0.01807097173027472
43.22,0.018154265405378567
43.225,0.018164122764773083
43.230000000000004,0.01810088400149823
43.235,0.01796585841264431
43.24,0.017761300823273984
43.245,0.01749036639201762
43.25,0.017157045137452087
43.255,0.016766078205755264
43.26,0.016322858486915948
43.265,0.015833318665819718
43.27,0.015303810131747753
43.275,0.01474097636584304
43.28,0.014151624468237145
43.285000000000004,0.013542598389541638
43.29,0.012920657191294538
43.295,0.01229236132662237
43.300000000000004,0.011663969479947411
43.305,0.011041348018327568
43.31,0.010429894558047437
43.315,0.009834476608748588
43.32,0.009259385720490343
43.325,0.008708307060594223
43.33,0.008184303901579426
43.335,0.007689816122702808
43.34,0.007226671517413408
43.345,0.006796108472567397
43.35,0.006398808427787728
43.355000000000004,0.006034936444580197
43.36,0.005704188197730886
43.365,0.0054058417399325265
43.37,0.005138812481559896
43.375,0.0049017099468517955
43.38,0.00469289501956105
43.385,0.004510536556632694
43.39,0.004352666417735129
43.395,0.004217232134581472
43.4,0.004102146604672008
43.405,0.004005334350616785
43.410000000000004,0.003924774019051558
43.415,0.0038585369164172434
43.42,0.0038048214735977304
43.425000000000004,0.0037619836136264517
43.43,0.00372856305477709
43.435,0.003703305621701347
43.44,0.003685181661979786
43.445,0.0036734006733718516
43.45,0.0036674222424737356
43.455,0.003666963380976276
43.46,0.0036720023220670056
43.465,0.003682778811086418
43.47,0.0036997908933784074
43.475,0.0037237881702791853
43.480000000000004,0.0037557614644394555
43.485,0.003796928812950462
43.49,0.0038487176879327123
43.495,0.003912743340560798
43.5,0.003990783168045908
43.505,0.004084747025983049
43.51,0.004196643445384396
43.515,0.004328541770243
43.52,0.004482530307214461
43.525,0.0046606706737017944
43.53,0.004864948648720002
43.535000000000004,0.005097221961575471
43.54,0.005359165606421357
43.545,0.00565221543267036
43.550000000000004,0.0059775109322970366
43.555,0.0063358383179092925
43.56,0.00672757515261857
43.565,0.007152637945665674
43.57,0.007610434254527121
43.575,0.008099820929878376
43.58,0.008619070189507028
43.585,0.009165845196001499
43.59,0.009737186751152649
43.595,0.010329512569853705
43.6,0.010938630385631143
43.605000000000004,0.011559765841411718
43.61,0.01218760575394029
43.615,0.012816356900874126
43.62,0.013439819993060098
43.625,0.014051477960677516
43.63,0.014644597138236293
43.635,0.0152123393894108
43.64,0.01574788270529126
43.645,0.01624454735809877
43.65,0.016695924334335643
43.655,0.01709600251057708
43.660000000000004,0.017439290921011263
43.665,0.017720932475455697
43.67,0.017936805664653832
43.675000000000004,0.01808361109894463
43.68,0.01815894018365327
43.685,0.018161323806516805
43.69,0.018090259581157397
43.695,0.017946216916804758
43.7,0.017730619946675574
43.705,0.01744580909760174
43.71,0.017094982789327418
43.715,0.016682121386384807
43.72,0.0162118960526918
43.725,0.015689565568887787
43.730000000000004,0.015120864433065151
43.735,0.01451188570106865
43.74,0.013868961999701668
43.745,0.013198548006251087
43.75,0.012507107428689324
43.755,0.011801007160286758
43.76,0.011086420871976088
43.765,0.010369243814476903
43.77,0.009655020133031655
43.775,0.008948883486581849
43.78,0.008255511310188979
43.785000000000004,0.007579092618090755
43.79,0.00692330887463477
43.795,0.006291327137789793
43.800000000000004,0.005685804428727792
43.805,0.005108902095251722
43.81,0.00456230881060371
43.815,0.004047270791330604
43.82,0.003564627802724374
43.825,0.0031148535549059275
43.83,0.002698099166620338
43.835,0.002314238466758489
43.84,0.0019629140236032683
43.845,0.0016435829203489405
43.85,0.001355561426203522
43.855000000000004,0.0010980678467578109
43.86,0.0008702629600216838
43.865,0.0006712875653334116
43.87,0.000500296769422981
43.875,0.0003564907319943966
43.88,0.00023914166223204525
43.885,0.00014761692550668837
43.89,8.139816150787293e-05
43.895,4.009635665835204e-05
43.9,2.3462834388474248e-05
43.905,3.139614547191874e-05
43.910000000000004,6.394485060876032e-05
43.915,0.00012130619058076109
43.92,0.0002038206478676141
43.925000000000004,0.00031196240382658225
43.93,0.0004463257063564985
43.935,0.0006076071763896351
43.94,0.0007965841026584819
43.945,0.0010140888070582221
43.95,0.001260979204445789
43.955,0.0015381057409822319
43.96,0.001846274961842198
43.965,0.002186210048166437
43.97,0.0025585087600443757
43.975,0.0029635993340706435
43.980000000000004,0.003401695010625261
43.985,0.0038727479895044326
43.99,0.004376403751839675
43.995,0.004911956814730445
44.0,0.005478309103061463
44.005,0.0060739322373422056
44.01,0.0066968351080927135
44.015,0.007344538160076297
44.02,0.00801405581743353
44.025,0.008701888430373117
44.03,0.009404025031141572
44.035000000000004,0.010115958016005067
44.04,0.010832710647559196
44.045,0.01154887796797155
44.050000000000004,0.012258681367434576
44.055,0.012956036627141287
44.06,0.013634634808859403
44.065,0.014288034871949407
44.07,0.01490976641166597
44.075,0.015493440420407012
44.08,0.01603286554345118
44.085,0.01652216690710162
44.09,0.016955904311270587
44.095,0.017329186381104478
44.1,0.017637777223399098
44.105000000000004,0.0178781921943596
44.11,0.018047779617297977
44.115,0.01814478563331079
44.12,0.01816839987149166
44.125,0.018118780204581242
44.13,0.01799705556109643
44.135,0.017805306485499273
44.14,0.017546523913559042
44.145,0.017224547362332032
44.15,0.016843984434188997
44.155,0.01641011414422877
44.160000000000004,0.015928777069326827
44.165,0.015406255700845861
44.17,0.014849148585305727
44.175000000000004,0.014264241924450971
44.18,0.013658382224871701
44.185,0.013038353378838963
44.19,0.01241076123376672
44.195,0.011781928284037235
44.2,0.011157800627749737
44.205,0.010543868801487832
44.21,0.009945103552006174
44.215,0.009365907070993273
44.22,0.008810079709274277
44.225,0.008280801729583231
44.230000000000004,0.007780629267848838
44.235,0.007311503345217574
44.24,0.006874770534825103
44.245,0.006471213715657953
44.25,0.006101091251341728
44.255,0.0057641829060433025
44.26,0.005459840837039209
44.265,0.005187044086067516
44.27,0.004944455105174939
44.275,0.00473047700184992
44.28,0.004543310347925988
44.285000000000004,0.00438100857047008
44.29,0.0042415311148378265
44.295,0.004122793734818053
44.300000000000004,0.004022715423795731
44.305,0.003939261636942248
44.31,0.003870483579936579
44.315,0.0038145534401736736
44.32,0.00376979552104606
44.325,0.003734713301310588
44.33,0.0037080124872548303
44.335,0.003688620150678279
44.34,0.0036757000576805587
44.345,0.003668664291181834
44.35,0.003667181256233172
44.355000000000004,0.003671180135717142
44.36,0.0036808518366411858
44.365,0.0036966464352861106
44.37,0.003719267097971768
44.375,0.0037496604247725385
44.38,0.003789003137357083
44.385,0.0038386850143612428
44.39,0.0039002879692184855
44.395,0.003975561168649389
44.4,0.00406639210905535
44.405,0.004174773601103965
44.410000000000004,0.004302766667432678
44.415,0.0044524594271138085
44.42,0.004625922137486249
44.425000000000004,0.0048251586703065286
44.43,0.005052054834349562
44.435,0.005308324101239492
44.44,0.0055954514536651345
44.445,0.005914636245185179
44.45,0.006266735132754775
44.455,0.006652206312983466
44.46,0.007071056447655266
44.465,0.007522791800386841
44.47,0.008006375203489569
44.475,0.00852019053662545
44.480000000000004,0.009062016399536077
44.485,0.009629010607149269
44.49,0.01021770700498692
44.495,0.010824025901708723
44.5,0.011443299134132445
44.505,0.01207031042657647
44.51,0.012699351281760585
44.515,0.013324292158333861
44.52,0.013938668168069768
44.525,0.014535777977659592
44.53,0.015108794058164676
44.535000000000004,0.015650881904957004
44.54,0.016155325392364972
44.545,0.016615655040901345
44.550000000000004,0.01702577570723207
44.555,0.01738009004759533
44.56,0.017673614110513824
44.565,0.01790208154173456
44.57,0.018062033184598647
44.575,0.018150889280740046
44.58,0.01816700203428212
44.585,0.018109686948051262
44.59,0.017979232066984707
44.595,0.01777688501676522
44.6,0.01750481847975749
44.605000000000004,0.01716607547260196
44.61,0.016764496433939513
44.615,0.016304630685290533
44.62,0.01579163525402194
44.625,0.015231164348151083
44.63,0.014629252915835167
44.635,0.013992197745682944
44.64,0.01332643943080214
44.645,0.012638448290374527
44.65,0.011934616997262282
44.655,0.011221162249032801
44.660000000000004,0.010504037361222629
44.665,0.009788857160572206
44.67,0.009080836074630838
44.675000000000004,0.008384739833967814
44.68,0.007704850764671534
44.685,0.007044946264034735
44.69,0.006408289717914073
44.695,0.005797632858064006
44.7,0.005215228352515311
44.705,0.00466285129597388
44.71,0.004141828183508167
44.715,0.0036530719400484912
44.72,0.0031971215980135526
44.725,0.002774185283059616
44.730000000000004,0.0023841852595980484
44.735,0.0020268039026216655
44.74,0.0017015295891233961
44.745,0.00140770163507975
44.75,0.0011445535348264535
44.755,0.0009112538895483802
44.76,0.0007069445276461916
44.765,0.0005307754259258335
44.77,0.000381936136048866
44.775,0.00025968349588378903
44.78,0.000163365472980459
44.785000000000004,9.244103543554205e-05
44.79,4.6495985186009725e-05
44.795,2.5254714451191512e-05
44.800000000000004,2.8587865184429365e-05
44.805,5.651588060570645e-05
44.81,0.00010920844658274254
44.815,0.0001869798214179652
44.82,0.000290280061667203
44.825,0.0004196821535318307
44.83,0.0005758650775000707
44.835,0.0007595928489543269
44.84,0.0009716896113194373
44.845,0.0012130108971590836
44.85,0.0014844112271288346
44.855000000000004,0.0017867082865841155
44.86,0.0021206439999188476
44.865,0.0024868429205167075
44.87,0.0028857684648846416
44.875,0.00331767763885793
44.88,0.00378257503348145
44.885,0.004280167000931812
44.89,0.004809817053514465
44.895,0.005370503650681258
44.9,0.0059607816500903965
44.905,0.006578748784525246
44.910000000000004,0.007222018581291678
44.915,0.007887701153514115
44.92,0.008572393264206113
44.925000000000004,0.009272178964604194
44.93,0.009982641968544925
44.935,0.010698890697412367
44.94,0.011415596653538529
44.945,0.01212704642968987
44.95,0.012827207263594431
44.955,0.013509805590654622
44.96,0.01416841757354348
44.965,0.014796570088751793
44.97,0.015387850166092676
44.975,0.015936020427005815
44.980000000000004,0.016435137667969002
44.985,0.016879671425797937
44.99,0.01726461915109212
44.995,0.017585614528655924
45.0,0.017839025535600683
45.005,0.018022039015605174
45.01,0.01813272888260542
45.015,0.018170105532867353
45.02,0.018134144619054382
45.025,0.01802579401692128
45.03,0.01784695854151863
45.035000000000004,0.017600462732168864
45.04,0.017289992773449114
45.045,0.01692001932526921
45.050000000000004,0.016495703663792938
45.055,0.016022790052137026
45.06,0.015507487658467767
45.065,0.01495634558034098
45.07,0.014376124645181676
45.075,0.013773669595551041
45.08,0.013155785098078354
45.085,0.012529118694857289
45.09,0.011900053421825874
45.095,0.011274612329085443
45.1,0.010658376618991383
45.105000000000004,0.010056418565209668
45.11,0.009473249834755393
45.115,0.008912785324486805
45.12,0.00837832214928369
45.125,0.007872533021679118
45.13,0.007397472919954851
45.135,0.006954597687286679
45.14,0.006544793020999862
45.145,0.00616841220205977
45.15,0.005825320877054452
45.155,0.005514947223664635
45.160000000000004,0.005236335901162903
45.165,0.004988204300666155
45.17,0.004768999748668179
45.175000000000004,0.004576956477073679
45.18,0.004410151347116198
45.185,0.004266557482818456
45.19,0.004144095141374926
45.195,0.004040679303619843
45.2,0.0039542636115958985
45.205,0.0038828804061110667
45.21,0.0038246767229432876
45.215,0.0037779461945728343
45.22,0.0037411568686438468
45.225,0.0037129750039590625
45.230000000000004,0.0036922849337109875
45.235,0.0036782050998052374
45.24,0.003670100361881097
45.245,0.0036675906745082787
45.25,0.003670556203392142
45.255,0.003679138927632386
45.26,0.003693740741083751
45.265,0.003715018036580142
45.27,0.003743872724929931
45.275,0.0037814396141504503
45.28,0.0038290700556560253
45.285000000000004,0.003888311752480611
45.29,0.003960884626523331
45.295,0.004048652656892582
45.300000000000004,0.004153591632480413
45.305,0.004277752811437274
45.31,0.004423222547971228
45.315,0.004592078035895675
45.32,0.004786339425710828
45.325,0.005007918699893921
45.33,0.005258565835285722
45.335,0.005539812940838829
45.34,0.0058529172265924245
45.345,0.006198803834177369
45.35,0.006578009727247647
45.355000000000004,0.006990630002382758
45.36,0.007436268114965117
45.365,0.007913991628317518
45.37,0.008422295156169213
45.375,0.008959072187195716
45.38,0.00952159743423664
45.385,0.010106521236902921
45.39,0.010709877356053
45.395,0.011327105237491253
45.4,0.011953087474505963
45.405,0.012582202793531394
45.410000000000004,0.013208394410774815
45.415,0.013825253093976642
45.42,0.014426113715899191
45.425000000000004,0.01500416354440759
45.43,0.015552559986019787
45.435,0.01606455502509263
45.44,0.01653362320639218
45.445,0.016953589706155014
45.45,0.01731875486824208
45.455,0.01762401154359594
45.46,0.01786495168348523
45.465,0.018037958902894502
45.47,0.018140284128364215
45.475,0.01817010198124791
45.480000000000004,0.01812654617808107
45.485,0.01800972294353187
45.49,0.01782070218020948
45.495,0.017561486900980583
45.5,0.0172349621546104
45.505,0.016844825339585867
45.51,0.01639550037656079
45.515,0.01589203865389166
45.52,0.015340009994684323
45.525,0.014745387059871717
45.53,0.014114426650735368
45.535000000000004,0.013453551267168962
45.54,0.012769234067420143
45.545,0.012067890048093943
45.550000000000004,0.011355775865791173
45.555,0.010638900262598838
45.56,0.009922946574551617
45.565,0.009213208304071685
45.57,0.008514538260804727
45.575,0.007831311330047441
45.58,0.007167400526443046
45.585,0.0065261656499728815
45.59,0.005910453588050757
45.595,0.0053226090875924115
45.6,0.0047644946845064595
45.605000000000004,0.004237518385105332
45.61,0.0037426676697780437
45.615,0.003280548404507755
45.62,0.0028514273050062044
45.625,0.0024552766865930664
45.63,0.0020918203429918236
45.635,0.0017605795235162702
45.64,0.0014609181090694534
45.645,0.0011920862197634108
45.65,0.0009532616181520126
45.655,0.0007435883873356808
45.660000000000004,0.0005622124770670034
45.665,0.00040831380352779334
45.67,0.00028113466939971854
45.675000000000004,0.00018000434205756033
45.68,0.00010435967303693006
45.685,5.376169226894989e-05
45.69,2.7908129435575205e-05
45.695,2.6641842027893582e-05
45.7,4.99551365475831e-05
45.705,9.798997952450983e-05
45.71,0.00017103409764768207
45.715,0.00026951297080768377
45.72,0.0003939777298491709
45.725,0.000545088978897601
45.730000000000004,0.0007235965861334126
45.735,0.0009303155081861192
45.74,0.001166097757737905
45.745,0.0014318006729885369
45.75,0.0017282517125840613
45.755,0.002056210083105192
45.76,0.0024163255945390816
45.765,0.0028090952531103497
45.77,0.003234818213835311
45.775,0.0036935498488332996
45.78,0.004185055813390903
45.785000000000004,0.004708767131413438
45.79,0.005263737440431626
45.795,0.0058486036555454035
45.800000000000004,0.006461551398343701
45.805,0.007100286600454808
45.81,0.007762014712533016
45.815,0.008443428928945451
45.82,0.009140708751505855
45.825,0.009849530088519742
45.83,0.01056508786553323
45.835,0.01128213186891358
45.84,0.011995016195523789
45.845,0.012697762297477766
45.85,0.013384135164031363
45.855000000000004,0.014047731708568989
45.86,0.014682079934516423
45.865,0.01528074696658166
45.87,0.015837453570377136
45.875,0.016346192380623847
45.88,0.01680134672119138
45.885,0.017197806676307437
45.89,0.017531078958214152
45.895,0.017797387138713816
45.9,0.017993758981397434
45.905,0.018118097910722497
45.910000000000004,0.01816923610352461
45.915,0.018146967237015588
45.92,0.01805205759755779
45.925000000000004,0.017886234962389835
45.93,0.01765215543133536
45.935,0.017353349143732544
45.94,0.01699414651577058
45.945,0.0165795873007184
45.95,0.01611531529581356
45.955,0.01560746195134044
45.96,0.015062522410261181
45.965,0.014487227631448718
45.97,0.013888416236493839
45.975,0.013272909552544121
45.980000000000004,0.012647393044492361
45.985,0.012018306935495104
45.99,0.011391748353172915
45.995,0.010773386811365526
46.0,0.010168394297316752
46.005,0.009581390686800972
46.01,0.009016404687425705
46.015,0.008476850037485661
46.02,0.007965516264007988
46.025,0.007484572959274516
46.03,0.007035586258052007
46.035000000000004,0.0066195460042504095
46.04,0.006236901971657716
46.045,0.005887607453733068
46.050000000000004,0.005571168544769023
46.055,0.005286697498499748
46.06,0.005032968655296344
46.065,0.0048084755613091446
46.07,0.004611488066010416
46.075,0.004440108347205651
46.08,0.004292324993853569
46.085,0.00416606443661216
46.09,0.004059239185608021
46.095,0.003969792474499023
46.1,0.003895739041676727
46.105000000000004,0.0038352018904410645
46.11,0.003786444957759816
46.115,0.003747901694424627
46.12,0.0037181996081480095
46.125,0.0036961808556523756
46.13,0.003680918985928594
46.135,0.0036717319395683026
46.14,0.0036681913995686806
46.145,0.003670128570912791
46.15,0.003677636437917159
46.155,0.003691068522205021
46.160000000000004,0.0037110341283242976
46.165,0.0037383900351851684
46.17,0.0037742285638022732
46.175000000000004,0.0038198619303124737
46.18,0.0038768027812148276
46.185,0.003946740805818472
46.19,0.004031515334779634
46.195,0.004133083860335951
46.2,0.00425348645963286
46.205,0.004394806168874332
46.21,0.004559125437875622
46.215,0.004748478900970632
46.22,0.004964802823947068
46.225,0.005209881727362031
46.230000000000004,0.0054852928429447445
46.235,0.0057923492285691935
46.24,0.0061320425386171
46.245,0.006504986616823416
46.25,0.006911363243693458
46.255,0.007350871509920864
46.26,0.00782268240528694
46.265,0.008325400284661555
46.27,0.008857032902405138
46.275,0.00941497166941474
46.28,0.00999598368932908
46.285000000000004,0.010596216954770199
46.29,0.011211219833356267
46.295,0.011835975646388164
46.300000000000004,0.012464952743652447
46.305,0.013092170016182791
46.31,0.013711277278932954
46.315,0.014315649415969744
46.32,0.014898492629708215
46.325,0.015452960611217037
46.33,0.015972277954261926
46.335,0.016449867729733114
46.34,0.01687947981259441
46.345,0.01725531635982236
46.35,0.017572150772394934
46.355000000000004,0.017825436562525
46.36,0.01801140277674307
46.365,0.018127133008476903
46.37,0.018170625541557683
46.375,0.01814083277659506
46.38,0.01803767880669227
46.385,0.017862054735743982
46.39,0.017615792110525774
46.395,0.01730161555969545
46.4,0.016923076423896788
46.405,0.01648446973821649
46.410000000000004,0.015990737418281498
46.415,0.015447360837796964
46.42,0.014860246197436311
46.425000000000004,0.014235606148044866
46.43,0.013579841052791863
46.435,0.012899423085574568
46.44,0.012200786047785073
46.445,0.01149022340810646
46.45,0.010773796615147546
46.455,0.010057255252963415
46.46,0.009345970114580382
46.465,0.008644879784167614
46.47,0.007958450868464695
46.475,0.007290651603806708
46.480000000000004,0.006644938218853369
46.485,0.006024253138164681
46.49,0.0054310338903054145
46.495,0.004867231428079322
46.5,0.004334336465291244
46.505,0.0038334124069443476
46.51,0.003365133445086599
46.515,0.002929826458933249
46.52,0.0025275154265154143
46.525,0.0021579671758686914
46.53,0.0018207374149943334
46.535000000000004,0.0015152161212617088
46.54,0.0012406714944663833
46.545,0.000996291815812178
46.550000000000004,0.0007812246711607074
46.555,0.0005946131095275753
46.56,0.0004356284087996265
46.565,0.00030349919937355807
46.57,0.00019753677110745382
46.575,0.00011715644157805905
46.58,6.189490784629104e-05
46.585,3.1423532474129934e-05
46.59,2.5557540238912036e-05
46.595,4.4261107928732224e-05
46.6,8.764834638894103e-05
46.605000000000004,0.00015598016921619662
46.61,0.0002496570556212996
46.615,0.00036920771272930253
46.62,0.0005152736599125518
46.625,0.0006885897695230181
46.63,0.0008899608276373705
46.635,0.0011202342136305
46.64,0.0013802688470754276
46.645,0.001670900613369497
46.65,0.0019929045563316095
46.655,0.002346954218595876
46.660000000000004,0.0027335786134159434
46.665,0.003153117431709873
46.67,0.003605675212666526
46.675000000000004,0.004091075336086547
46.68,0.004608814834210051
46.685,0.00515802113921815
46.69,0.005737412007153608
46.695,0.006345259948322024
46.7,0.006979362565390446
46.705,0.00763702023022006
46.71,0.008315022514267412
46.715,0.009009644722205223
46.72,0.009716655747265435
46.725,0.010431338275488145
46.730000000000004,0.01114852211209083
46.735,0.011862631070822971
46.74,0.0125677434924647
46.745,0.013257666025122461
46.75,0.013926019816004498
46.755,0.01456633779210037
46.76,0.01517217119687686
46.765,0.015737203096865215
46.77,0.01625536614143641
46.775,0.016720961522786126
46.78,0.017128775822286002
46.785000000000004,0.01747419230395053
46.79,0.0177532932063329
46.795,0.0179629497266518
46.800000000000004,0.018100896667654354
46.805,0.018165789138237187
46.81,0.018157239232415634
46.815,0.018075831256105346
46.82,0.017923114782014693
46.825,0.017701575563116023
46.83,0.017414585098002533
46.835,0.017066330362183635
46.84,0.01666172588343784
46.845,0.01620631089996749
46.85,0.015706134787023984
46.855000000000004,0.015167634235762506
46.86,0.01459750583310182
46.865,0.01400257768677804
46.87,0.013389683618317605
46.875,0.012765543171639138
46.88,0.012136650320343279
46.885,0.011509173301391229
46.89,0.0108888674859422
46.895,0.010281002660100569
46.9,0.00969030553885375
46.905,0.009120917808200346
46.910000000000004,0.008576369508638493
46.915,0.008059567135550338
46.92,0.0075727954776567685
46.925000000000004,0.007117731918722114
46.93,0.006695471724775359
46.935,0.006306562696206441
46.94,0.005951047506517426
46.945,0.005628512042278544
46.95,0.005338138117792823
46.955,0.005078759029132129
46.96,0.004848916548369608
46.965,0.004646918109227904
46.97,0.004470893106084617
46.975,0.004318847397566827
46.980000000000004,0.00418871528125031
46.985,0.00407840836305029
46.99,0.003985860898915394
46.995,0.003909071314704526
47.0,0.00384613972669956
47.005,0.003795301378759941
47.01,0.003754955985445063
47.015,0.0037236930251596245
47.02,0.0037003130651083738
47.025,0.0036838452169247193
47.03,0.003673560829814418
47.035000000000004,0.0036689835180822514
47.04,0.0036698956045056325
47.045,0.003676341035218897
47.050000000000004,0.0036886247930494886
47.055,0.003707308802654574
47.06,0.0037332042928706066
47.065,0.003767360549069121
47.07,0.0038110499696704103
47.075,0.003865749324346357
47.08,0.003933117108906092
47.085,0.004014966901494166
47.09,0.0041132366494158745
47.095,0.004229953858724933
47.1,0.004367196719432087
47.105000000000004,0.0045270512795703155
47.11,0.004711564882893704
47.115,0.00492269620459318
47.12,0.005162262357973901
47.125,0.0054318836996856135
47.13,0.005732927124915577
47.135,0.006066448818360826
47.14,0.00643313759683295
47.145,0.006833260144601283
47.15,0.007266609590260487
47.155,0.007732458993572777
47.160000000000004,0.008229521395087147
47.165,0.008755918118069417
47.17,0.009309156987981737
47.175000000000004,0.009886122052119362
47.18,0.01048307621587341
47.185,0.011095677980630825
47.19,0.011719013152308833
47.195,0.012347642003785353
47.2,0.012975661923277926
47.205,0.013596785080494556
47.21,0.014204430103230692
47.215,0.014791826211318693
47.22,0.015352127717751074
47.225,0.01587853631000513
47.230000000000004,0.016364428096657946
47.235,0.016803482063018294
47.24,0.01718980636176326
47.245,0.01751805877245971
47.25,0.017783557723021204
47.255,0.017982380469796055
47.26,0.018111445388591108
47.265,0.018168575810243226
47.27,0.018152543438475277
47.275,0.018063090068721976
47.28,0.017900927071451633
47.285000000000004,0.017667712859974927
47.29,0.017366009309391472
47.295,0.016999218781069914
47.300000000000004,0.01657150402076013
47.305,0.016087693693226157
47.31,0.015553176691668114
47.315,0.014973788595920468
47.32,0.014355693731221919
47.325,0.013705266251616166
47.33,0.013028973474099814
47.335,0.012333264423059376
47.34,0.011624466158675517
47.345,0.010908690032948698
47.35,0.010191749528615901
47.355000000000004,0.009479090855247563
47.36,0.008775736977668203
47.365,0.008086245299899986
47.37,0.007414678804821051
47.375,0.006764590089714417
47.38,0.006139017432470695
47.385,0.005540491790359425
47.39,0.004971053460144148
47.395,0.004432277023161291
47.4,0.0039253031483248435
47.405,0.003450875827999411
47.410000000000004,0.00300938366531156
47.415,0.002600903909255159
47.42,0.002225248038828731
47.425000000000004,0.0018820078155448172
47.43,0.0015706008563558527
47.435,0.0012903149106464618
47.44,0.0010403501552977978
47.445,0.0008198589480010732
47.45,0.0006279825871677858
47.455,0.0004638847342119945
47.46,0.00032678123511786783
47.465,0.00021596615201979752
47.47,0.0001308338772931239
47.475,7.089724090486582e-05
47.480000000000004,3.58015613103925e-05
47.485,2.5334608543871014e-05
47.49,3.943246452454974e-05
47.495,7.818127408501518e-05
47.5,0.00014181488424963584
47.505,0.0002307083753101402
47.51,0.00034536749030211755
47.515,0.0004864139805793588
47.52,0.0006545669005297849
47.525,0.0008506199068740727
47.53,0.0010754146556752886
47.535000000000004,0.0013298104346461948
47.54,0.0016146502283662656
47.545,0.0019307234907133264
47.550000000000004,0.0022787259854917252
47.555,0.00265921716026174
47.56,0.0030725756320233444
47.565,0.0035189534899551234
47.57,0.0039982302507830525
47.575,0.004509967434151108
47.58,0.005053364857552367
47.585,0.0056272198666569295
47.59,0.006229890815694361
47.595,0.006859266191929336
47.6,0.007512740807914753
47.605000000000004,0.008187200488361412
47.61,0.008879016612553414
47.615,0.009584051765450852
47.62,0.010297677561752039
47.625,0.0110148054697774
47.63,0.011729931143303673
47.635,0.012437192403837116
47.64,0.013130440583573488
47.645,0.013803324481983736
47.65,0.01444938569264309
47.655,0.01506216356706247
47.660000000000004,0.015635307611102434
47.665,0.016162694671656652
47.67,0.016638547916844715
47.675000000000004,0.017057554338844483
47.68,0.01741497735080344
47.685,0.017706761022409978
47.69,0.0179296226101755
47.695,0.01808113028995706
47.7,0.01815976339336345
47.705,0.018164952966664316
47.71,0.018097101091733236
47.715,0.017957578114568662
47.72,0.017748697666711166
47.725,0.017473670136524788
47.730000000000004,0.01713653596597453
47.735,0.016742080841083862
47.74,0.0162957354128892
47.745,0.015803462662297818
47.75,0.015271636350174589
47.755,0.014706914177352814
47.76,0.01411610931663887
47.765,0.013506063866856266
47.77,0.01288352754029276
47.775,0.01225504454266968
47.78,0.011626851160173146
47.785000000000004,0.0110047860681739
47.79,0.010394214834914095
47.795,0.009799969543344389
47.800000000000004,0.009226303926435975
47.805,0.008676863912050692
47.81,0.008154673032588988
47.815,0.00766213177866959
47.82,0.007201029675206527
47.825,0.006772568630315945
47.83,0.006377395961074228
47.835,0.006015645420966109
47.84,0.0056869845427964805
47.845,0.0053906666535255
47.85,0.0051255860077521476
47.855000000000004,0.004890334612158043
47.86,0.004683259462705536
47.865,0.004502519083310119
47.870000000000005,0.004346138427569812
47.875,0.004212061374708753
47.88,0.004098200218089154
47.885,0.004002481692583881
47.89,0.0039228892275255944
47.895,0.003857501225282167
47.9,0.0038045252655580786
47.905,0.0037623282134182645
47.910000000000004,0.003729462265734673
47.915,0.0037046870120194253
47.92,0.0036869876065950824
47.925000000000004,0.0036755891586092992
47.93,0.0036699674393183227
47.935,0.0036698559915990837
47.94,0.003675249702745298
47.945,0.0036864048728886267
47.95,0.003703835779428122
47.955,0.0037283077064950154
47.96,0.0037608263800033015
47.965,0.0038026237234438653
47.97,0.003855139835570176
47.975,0.003920001084432911
47.980000000000004,0.003998994218107121
47.985,0.00409403641803241
47.99,0.004207141255258229
47.995000000000005,0.004340380570706515
48.0,0.004495842376653236
48.005,0.0046755849721797915
48.01,0.004881587584804947
48.015,0.005115697982624567
48.02,0.005379577655284962
48.025,0.005674645324129202
48.03,0.006002019713358564
48.035000000000004,0.00636246268755869
48.04,0.006756324027186622
48.045,0.007183489262221343
48.050000000000004,0.007643332116593626
48.055,0.008134673200075326
48.06,0.008655746636318185
48.065,0.009204176301203404
48.07,0.009776963274614303
48.075,0.010370485959398934
48.08,0.010980514101799344
48.085,0.011602237646620495
48.09,0.012230310988766036
48.095,0.012858912740629336
48.1,0.013481820646852327
48.105000000000004,0.014092500737426406
48.11,0.014684209273180926
48.115,0.01525010548687078
48.120000000000005,0.015783372625524095
48.125,0.016277344351053102
48.13,0.01672563319922915
48.135,0.017122257553801035
48.14,0.017461763476667613
48.145,0.0177393377638424
48.15,0.017950908775404173
48.155,0.018093231913120178
48.160000000000004,0.018163957082663273
48.165,0.018161676052862674
48.17,0.01808594830311705
48.175000000000004,0.017937304677012378
48.18,0.017717228921341643
48.185,0.01742811794196797
48.19,0.017073222303412905
48.195,0.016656569139737343
48.2,0.01618287014726505
48.205,0.015657417748027314
48.21,0.015085972752302723
48.215,0.014474646981376793
48.22,0.013829784278197366
48.225,0.013157843186952789
48.230000000000004,0.012465284312384028
48.235,0.011758465014064967
48.24,0.011043543661035216
48.245000000000005,0.010326395199388827
48.25,0.009612539291406819
48.255,0.008907081798685823
48.26,0.008214669912238293
48.265,0.007539460803617004
48.27,0.006885103304517415
48.275,0.006254731794935964
48.28,0.005650971249130166
48.285000000000004,0.005075952187459265
48.29,0.004531334177723778
48.295,0.004018336463344596
48.300000000000004,0.0035377742884712404
48.305,0.0030900995283502652
48.31,0.002675444304833796
48.315,0.0022936663660502177
48.32,0.001944395127543963
48.325,0.0016270774012108191
48.33,0.0013410219707123971
48.335,0.001085442304747275
48.34,0.0008594968225281718
48.345,0.0006623262452449818
48.35,0.000493087664464209
48.355000000000004,0.0003509850547028792
48.36,0.00023529602681626738
48.365,0.00014539468269197942
48.370000000000005,8.077047842161567e-05
48.375,4.104303746979565e-05
48.38,2.5972881038786877e-05
48.385,3.5468057246742374e-05
48.39,6.958666214576525e-05
48.395,0.00012853524914180348
48.4,0.00021266312888623684
48.405,0.00032245256595342386
48.410000000000004,0.0004585048876750708
48.415,0.0006215225336487773
48.42,0.00081228709761616
48.425000000000004,0.0010316334470181765
48.43,0.0012804200461649096
48.435,0.0015594956723434805
48.44,0.0018696627792236242
48.445,0.002211637855350723
48.45,0.002586009218955354
48.455,0.0029931928078115178
48.46,0.0034333866438416294
48.465,0.003906524783710452
48.47,0.004412231698294633
48.475,0.00494977815705866
48.480000000000004,0.005518039809684794
48.485,0.006115459768246012
48.49,0.006740016564870999
48.495000000000005,0.007389198912559181
48.5,0.008059988693467801
48.505,0.008748853557513314
48.51,0.009451750404217307
48.515,0.010164140856485204
48.52,0.010881019600414987
48.525,0.011596956164996897
48.53,0.012306150355900769
48.535000000000004,0.013002501138913658
48.54,0.013679688313910532
48.545,0.01433126582867672
48.550000000000004,0.014950765093558971
48.555,0.01553180617191785
48.56,0.016068214290804406
48.565,0.01655413872556366
48.57,0.016984170838437507
48.575,0.017353457856984278
48.58,0.017657808936604624
48.585,0.01789379012716097
48.59,0.01805880509616742
48.595,0.018151158825311597
48.6,0.0181701019926237
48.605000000000004,0.018115854359571415
48.61,0.0179896061666156
48.615,0.017793497288714377
48.620000000000005,0.017530574657250497
48.625,0.017204729199285396
48.63,0.016820614232223363
48.635,0.01638354785962548
48.64,0.015899402394296658
48.645,0.015374484207033134
48.65,0.014815407597019714
48.655,0.01422896635358839
48.660000000000004,0.013622006589560698
48.665,0.013001304211016418
48.67,0.012373450057648228
48.675000000000004,0.011744745314665295
48.68,0.011121109311801547
48.685,0.010508001279845303
48.69,0.009910357096877931
48.695,0.00933254151151175
48.7,0.008778315829623295
48.705,0.008250820601567455
48.71,0.007752572447934369
48.715,0.007285473858072322
48.72,0.006850834545744533
48.725,0.006449402788419434
48.730000000000004,0.006081405085023306
48.735,0.005746592443440335
48.74,0.0054442916410781805
48.745000000000005,0.005173459888254683
48.75,0.004932741436832089
48.755,0.004720524830604589
48.76,0.004534999651214733
48.765,0.004374211789965443
48.77,0.004236116445257565
48.775,0.0041186282126410845
48.78,0.0040196677888677534
48.785000000000004,0.003937204949630679
48.79,0.003869297582891118
48.795,0.0038141266601769974
48.800000000000004,0.003770027110503449
48.805,0.0037355146225714897
48.81,0.0037093084451825242
48.815,0.0036903502797383525
48.82,0.0036778193706490797
48.825,0.0036711438951524573
48.83,0.0036700087414777973
48.835,0.003674359740247893
48.84,0.003684404388643092
48.845,0.0037006090721171114
48.85,0.003723692759902919
48.855000000000004,0.0037546171188584943
48.86,0.0037945729657098415
48.865,0.0038449629602195223
48.870000000000005,0.003907380434497121
48.875,0.003983584256578521
48.88,0.004075469647663255
48.885,0.004185034906114993
48.89,0.004314344046933982
48.895,0.004465485436093708
48.9,0.004640526595613537
48.905,0.0048414654659421075
48.910000000000004,0.005070178544976045
48.915,0.005328366471548662
48.92,0.005617497782399283
48.925000000000004,0.005938751743327586
48.93,0.006292961325893742
48.935,0.00668055757212116
48.94,0.00710151674128312
48.945,0.007555311767585948
48.95,0.008040869654994509
48.955,0.00855653648941157
48.96,0.009100051753186733
48.965,0.009668533559327841
48.97,0.010258476297760666
48.975,0.010865761969952814
48.980000000000004,0.011485686211795354
48.985,0.012112999637029276
48.99,0.01274196471332445
48.995000000000005,0.013366427891192245
49.0,0.013979906184616198
49.005,0.014575686856954206
49.01,0.015146938314426706
49.015,0.015686829807147973
49.02,0.01618865706577921
49.025,0.016645970640986718
49.03,0.01705270343088472
49.035000000000004,0.017403293754966853
49.04,0.017692800322926416
49.045,0.017917005604090264
49.050000000000004,0.018072504398695344
49.055,0.018156774851760815
49.06,0.018168229705970873
49.065,0.018106246252479252
49.07,0.01797117415794247
49.075,0.017764321104365877
49.08,0.017487916934079806
49.085,0.017145057704592404
49.09,0.01673963170057391
49.095,0.016276230000212166
49.1,0.015760044602160406
49.105000000000004,0.015196757421744422
49.11,0.014592423592240777
49.115,0.013953352522911189
49.120000000000005,0.01328599002611952
49.125,0.012596804586909371
49.13,0.011892180500915117
49.135,0.01117832018995557
49.14,0.010461157539999988
49.145,0.009746283612887652
49.15,0.009038885594019774
49.155,0.008343699362868051
49.160000000000004,0.007664975639997351
49.165,0.0070064592791361235
49.17,0.006371380944345972
49.175000000000004,0.005762460154464577
49.18,0.005181918481939718
49.185,0.004631501559565265
49.19,0.004112508483563815
49.195,0.003625827178398211
49.2,0.0031719743252418553
49.205,0.0027511385133527355
49.21,0.0023632253776364465
49.215,0.002007903594359206
49.22,0.0016846507354806306
49.225,0.001392798119221439
49.230000000000004,0.0011315739190229657
49.235,0.0009001439277849244
49.24,0.0006976494842880765
49.245000000000005,0.0005232421812713106
49.25,0.0003761150609569164
49.255,0.0002555300841715624
49.26,0.00016084172451280576
49.265,9.151658352185565e-05
49.27,4.714896625920145e-05
49.275,2.747237735476523e-05
49.28,3.236691971953559e-05
49.285000000000004,6.186258472513917e-05
49.29,0.00011613843207775032
49.295,0.00019551765884445738
49.300000000000004,0.00030045856389815384
49.305,0.0004315414205147139
49.31,0.0005894512830804111
49.315,0.0007749567745003461
49.32,0.0009888849315067283
49.325,0.0012320922274282609
49.33,0.0015054319454357312
49.335,0.0018097181480127844
49.34,0.002145686566150218
49.345,0.0025139528361295405
49.35,0.0029149686171212608
49.355000000000004,0.003348976245716173
49.36,0.0038159627155884834
49.365,0.004315613898087989
49.370000000000005,0.004847270057917186
49.375,0.0054098838330993715
49.38,0.006001981964722347
49.385,0.006621632141564859
49.39,0.00726641637559311
49.395,0.00793341234414413
49.4,0.008619184086185783
49.405,0.009319783356303901
49.410000000000004,0.010030762778022506
49.415,0.010747201720391786
49.42,0.011463745532498848
49.425000000000004,0.012174658422281937
49.43,0.01287388985706528
49.435,0.013555153915149276
49.44,0.014212020528265867
49.445,0.014838017072484888
49.45,0.015426738264451956
49.455,0.015971961890340225
49.46,0.016467767482417628
49.465,0.01690865477353043
49.47,0.017289658535652563
49.475,0.01760645634947622
49.480000000000004,0.017855465897639533
49.485,0.01803392858012387
49.49,0.01813997658945965
49.495000000000005,0.01817268105937586
49.5,0.018132079479428853
49.505,0.018019181252718397
49.51,0.017835950999767647
49.515,0.017585269978383167
49.52,0.017270876729703843
49.525,0.016897288771886565
49.53,0.016469707771271658
49.535000000000004,0.015993911149045914
49.54,0.015476133450604834
49.545,0.014922941058905792
49.550000000000004,0.014341103909448094
49.555,0.013737467822735994
49.56,0.01311883086256671
49.565,0.012491826827819352
49.57,0.011862818565308686
49.575,0.01123780331082358
49.58,0.010622331738517232
49.585,0.010021441845751156
49.59,0.009439608264141697
49.595,0.008880707074144567
49.6,0.008347995735245917
49.605000000000004,0.007844107346091533
49.61,0.007371058114262752
49.615,0.006930266663086826
49.620000000000005,0.006522583626239253
49.625,0.006148329876662473
49.63,0.005807341699489044
49.635,0.005499021244622426
49.64,0.005222390666808963
49.645,0.004976148474876041
49.65,0.004758726753530063
49.655,0.0045683480829845635
49.660000000000004,0.004403081153127708
49.665,0.004260894239553892
49.67,0.004139705879453892
49.675000000000004,0.0040374322391718565
49.68,0.0039520308103200286
49.685,0.003881540193130917
49.69,0.003824115833791941
49.695,0.0037780616649303322
49.7,0.0037418576666714554
49.705,0.003714183409326277
49.71,0.003693937670390557
49.715,0.003680254228581481
49.72,0.0036725139398192767
49.725,0.0036703531857244986
49.730000000000004,0.0036736687658016354
49.735,0.003682619276581922
49.74,0.0036976229906271474
49.745000000000005,0.003719352215694416
49.75,0.0037487240845116565
49.755,0.0037868877002968926
49.76,0.0038352075414402886
49.765,0.003895243022641548
49.77,0.003968724108150745
49.775,0.004057522891734333
49.78,0.00416362108868551
49.785000000000004,0.004289073436268609
49.79,0.00443596706812599
49.795,0.004606377018519403
49.800000000000004,0.004802318120210813
49.805,0.005025693690084765
49.81,0.005278241540818129
49.815,0.005561478016414156
49.82,0.005876640920417842
49.825,0.00622463237626647
49.83,0.0066059628294201644
49.835,0.00702069756095014
49.84,0.007468407216531858
49.845,0.007948123962197684
49.85,0.00845830494099431
49.855000000000004,0.008996804719227924
49.86,0.009560858357509971
49.865,0.010147076627184504
49.870000000000005,0.010751454696414697
49.875,0.011369395341219501
49.88,0.011995747391235767
49.885,0.012624859700537172
49.89,0.013250650466872571
49.895,0.013866691190244751
49.9,0.014466304032740851
49.905,0.015042670781401313
49.910000000000004,0.01558895110491676
49.915,0.01609840731473966
49.92,0.0165645324591992
49.925000000000004,0.01698117827868373
49.93,0.017342679392648108
49.935,0.017643970059260994
49.94,0.01788068997121428
49.945,0.01804927582467286
49.95,0.018147035805775147
49.955,0.018172204683750692
49.96,0.018123977836303595
49.965,0.018002523247162117
49.97,0.0178089712716627
49.975,0.017545382721053215
49.980000000000004,0.017214696541998364
49.985,0.016820659025896134
49.99,0.01636773704813166
49.995000000000005,0.015861018281977834
50.0,0.015306101643908221
50.005,0.014708981398435128
50.01,0.014075928377110358
50.015,0.013413371664213969
50.02,0.012727783870182918
50.025,0.012025572795117512
50.03,0.011312981870140959
50.035000000000004,0.010596001312908498
50.04,0.00988029144272673
50.045,0.00917111910475299
50.050000000000004,0.00847330768127108
50.055,0.007791200717434776
50.06,0.007128638801065179
50.065,0.0064889489890553875
50.07,0.005874945812834653
50.075,0.005288942672477148
50.08,0.004732772301439425
50.085,0.004207814892760453
50.09,0.003715032456151235
50.095,0.00325500799547207
50.1,0.002827988153876859
50.105000000000004,0.002433928069566882
50.11,0.0020725372897452132
50.115,0.0017433257222938536
50.120000000000005,0.0014456487331426793
50.125,0.0011787506324658636
50.13,0.0009418059173169624
50.135,0.0007339577630269822
50.14,0.0005543533580407711
50.145,0.0004021757758057021
50.15,0.0002766721555094165
50.155,0.00017717803012334832
50.160000000000004,0.0001031376934710615
50.165,5.4120534943719045e-05
50.17,2.983330262452087e-05
50.175000000000004,3.012826902978362e-05
50.18,5.5007292433129074e-05
50.185,0.00010462176560360748
50.19,0.00017926845505866762
50.195,0.0002793812333776735
50.2,0.00040551871655769567
50.205,0.0005583478295294597
50.21,0.0007386233414532484
50.215,0.0009471634416859942
50.22,0.0011848214670768797
50.225,0.0014524539426137295
50.230000000000004,0.0017508851657455082
50.235,0.0020808686438815727
50.24,0.002443045790462506
50.245000000000005,0.0028379023929607783
50.25,0.003265723486165939
50.255,0.003726547391556423
50.26,0.004220119818013401
50.265,0.0047458490475893456
50.27,0.0053027633603566215
50.275,0.005889471960156101
50.28,0.006504130753612003
50.285000000000004,0.007144414394193888
50.29,0.0078074960239149505
50.295,0.008490036115368582
50.300000000000004,0.009188181737012968
50.305,0.009897577419135217
50.31,0.01061338858860239
50.315,0.011330338270244766
50.32,0.012042757404834958
50.325,0.012744648747688103
50.33,0.013429763860003163
50.335,0.014091692227250263
50.34,0.014723961052620638
50.345,0.015320143773667638
50.35,0.015873974906639887
50.355000000000004,0.016379468406256592
50.36,0.0168310364133184
50.365,0.017223605033734657
50.370000000000005,0.017552723695665406
50.375,0.017814664654878243
50.38,0.018006509403171833
50.385,0.018126219038443026
50.39,0.018172686113892667
50.395,0.018145766044113998
50.4,0.0180462868071416
50.405,0.01787603641322022
50.410000000000004,0.0176377283586433
50.415,0.0173349460460841
50.42,0.016972067858326056
50.425000000000004,0.01655417521477176
50.43,0.01608694647179476
50.435,0.015576539946266621
50.44,0.015029469593553557
50.445,0.014452477008269682
50.45,0.013852403372936806
50.455,0.013236064814737603
50.46,0.01261013434396574
50.465,0.011981033143236175
50.47,0.011354833512616125
50.475,0.010737175248596742
50.480000000000004,0.010133196690095048
50.485,0.009547481119035695
50.49,0.0089840186880501
50.495000000000005,0.008446183568423749
50.5,0.007936725602849748
50.505,0.007457775398339805
50.51,0.007010861531007606
50.515,0.00659693833660846
50.52,0.0062164226511498555
50.525,0.005869237811369388
50.53,0.005554863242915431
50.535000000000004,0.0052723880252596445
50.54,0.005020566934641479
50.545,0.004797877595899003
50.550000000000004,0.004602577541149344
50.555,0.004432760136213965
50.56,0.0042864085130016605
50.565,0.004161446812498859
50.57,0.004055788204221145
50.575,0.0039673792913061945
50.58,0.0038942406399851137
50.585,0.0038345032807434176
50.59,0.003786441116369943
50.595,0.0037484992436892517
50.6,0.0037193182424513083
50.605000000000004,0.0036977545196579253
50.61,0.0036828968117306182
50.615,0.0036740789492714643
50.620000000000005,0.0036708889787170395
50.625,0.003673174716627859
50.63,0.0036810457845379285
50.635,0.0036948721443818
50.64,0.003715279119290593
50.645,0.003743138857585815
50.65,0.003779558166655983
50.655,0.0038258626270637475
50.660000000000004,0.0038835768808000992
50.665,0.003954400991698748
50.67,0.004040182785790769
50.675000000000004,0.004142886111142552
50.68,0.0042645550019129175
50.685,0.0044072737979785614
50.69,0.004573123357404896
50.695,0.004764133603911702
50.7,0.004982232777678064
50.705,0.005229193899596751
50.71,0.00550657911640684
50.715,0.005815682761911134
50.72,0.00615747414291512
50.725,0.006532541228388311
50.730000000000004,0.006941036581556759
50.735,0.007382627016777832
50.74,0.007856448575768837
50.745000000000005,0.008361068487694467
50.75,0.008894455804881574
50.755,0.009453962363991764
50.76,0.0100363156197254
50.765,0.01063762471887486
50.77,0.011253400926023005
50.775,0.011878593179272201
50.78,0.012507639154083705
50.785000000000004,0.013134531742725386
50.79,0.013752900352024255
50.795,0.014356105871225822
50.800000000000004,0.014937347624179864
50.805,0.015489780082869942
50.81,0.016006636642917016
50.815,0.016481357348780534
50.82,0.016907717149301504
50.825,0.017279951069191668
50.83,0.01759287263500653
50.835,0.01784198198346587
50.84,0.018023560324927246
50.845,0.018134747824007036
50.85,0.018173602473041228
50.855000000000004,0.018139138156797685
50.86,0.018031340816087038
50.865,0.017851162355768224
50.870000000000005,0.0176004927157436
50.875,0.017282111241364362
50.88,0.01689961917853111
50.885,0.0164573556913723
50.89,0.015960300274453942
50.895,0.015413964771152422
50.9,0.01482427840066336
50.905,0.014197469258562023
50.910000000000004,0.013539945668465947
50.915,0.012858180559859989
50.92,0.012158601739574948
50.925000000000004,0.011447490527441317
50.93,0.010730890781069036
50.935,0.010014529845314257
50.94,0.009303752472362703
50.945,0.008603468272056602
50.95,0.007918112805715083
50.955,0.007251622026284821
50.96,0.006607419423477978
50.965,0.005988414943937315
50.97,0.005397014537557254
50.975,0.004835139029109925
50.980000000000004,0.004304250917698482
50.985,0.003805387676232286
50.99,0.003339200130445974
50.995000000000005,0.0029059945544505084
51.0,0.0025057772028667102
51.005,0.002138300108200042
51.01,0.0018031070982225117
51.015,0.001499579113911409
51.02,0.0012269780497633498
51.025,0.000984488458624977
51.03,0.0007712565923321257
51.035000000000004,0.0005864263536468073
51.04,0.0004291718363076402
51.045,0.0002987262110891731
51.050000000000004,0.00019440678527171684
51.055,0.00011563611755416314
51.06,6.195911236737961e-05
51.065,3.305604701882639e-05
51.07,2.8751506553964176e-05
51.075,4.9019213925111105e-05
51.08,9.398274929145467e-05
51.085,0.00016391215816585758
51.09,0.0002592164533528063
51.095,0.0003804320168394604
51.1,0.000528206926187158
51.105000000000004,0.0007032812394440757
51.11,0.0009064633067232819
51.115,0.0011386022065993373
51.120000000000005,0.0014005564626629052
51.125,0.0016931592536790774
51.13,0.0020171804133006788
51.135,0.0023732856030322935
51.14,0.0027619931540465714
51.145,0.0031836291843481135
51.15,0.003638281731120685
51.155,0.004125754764723766
51.160000000000004,0.004645523088187886
51.165,0.005196689249117981
51.17,0.0057779437099458875
51.175000000000004,0.006387529610657694
51.18,0.007023213531338612
51.185,0.0076822636840780945
51.19,0.008361436945726552
51.195,0.009056976077527423
51.2,0.009764618335793784
51.205,0.01047961649261353
51.21,0.011196773012940753
51.215,0.011910487813374004
51.22,0.012614819640827335
51.225,0.013303560668965986
51.230000000000004,0.013970323443587063
51.235,0.014608638807231955
51.24,0.015212062955050953
51.245000000000005,0.01577429129438812
51.25,0.01628927637603894
51.255,0.016751346819976476
51.26,0.017155323911978826
51.265,0.01749663242620869
51.27,0.0177714022314035
51.275,0.017976557386241154
51.28,0.018109889717571548
51.285000000000004,0.018170114303835305
51.29,0.018156904825346487
51.295,0.018070907395902225
51.300000000000004,0.017913732199858146
51.305,0.01768792301843547
51.31,0.01739690548045303
51.315,0.017044915600742172
51.32,0.016636910819258333
51.325,0.016178466316812745
51.33,0.01567565980836605
51.335,0.015134948323193953
51.34,0.014563040613278844
51.345,0.013966768841942923
51.35,0.013352963051293187
51.355000000000004,0.012728331643067747
51.36,0.01209935072658297
51.365,0.01147216472995538
51.370000000000005,0.010852500151461442
51.375,0.01024559379079193
51.38,0.009656136246189106
51.385,0.00908823094289346
51.39,0.008545368474461412
51.395,0.008030415609898256
51.4,0.007545617964119344
51.405,0.007092615044991035
51.410000000000004,0.006672466184143744
51.415,0.006285685728895984
51.42,0.005932285811534044
51.425000000000004,0.005611825016345051
51.43,0.0053234613175643375
51.435,0.00506600776671462
51.44,0.004837989533252873
51.445,0.004637701065076882
51.45,0.004463262297824677
51.455,0.004312673018446844
51.46,0.004183864657343328
51.465,0.004074748945250395
51.47,0.003983263018898953
51.475,0.003907410690931368
51.480000000000004,0.003845299712716521
51.485,0.0037951749505826804
51.49,0.003755447469604767
51.495000000000005,0.00372471957210041
51.5,0.0037018058731725922
51.505,0.0036857505142713354
51.51,0.0036758406203491675
51.515,0.0036716160972973797
51.52,0.0036728758499136177
51.525,0.003679680473408581
51.53,0.0036923514443522043
51.535000000000004,0.0037114668021624997
51.54,0.0037378532838616696
51.545,0.0037725748444317198
51.550000000000004,0.003816917475131909
51.555,0.003872370216443155
51.56,0.0039406022614922875
51.565,0.004023436055387464
51.57,0.004122816321894263
51.575,0.004240774992639196
51.58,0.00437939207719662
51.585,0.004540752591867481
51.59,0.00472689976971985
51.595,0.004939784894693489
51.6,0.005181214241538612
51.605000000000004,0.005452793759330277
51.61,0.005755872302151133
51.615,0.006091484381434142
51.620000000000005,0.006460293588803623
51.625,0.0068625379993445534
51.63,0.007297979012367506
51.635,0.007765855206212535
51.64,0.008264842861599675
51.645,0.008793024844898412
51.65,0.009347869513341323
51.655,0.009926221215359021
51.660000000000004,0.010524303790717227
51.665,0.01113773823828268
51.67,0.011761575396935342
51.675000000000004,0.012390344096004924
51.68,0.013018114778528656
51.685,0.013638578092976417
51.69,0.014245137414224729
51.695,0.014831013704366569
51.7,0.015389360589114887
51.705,0.01591338703778078
51.71,0.016396484600328165
51.715,0.01683235583426068
51.72,0.017215140334315038
51.725,0.01753953469646774
51.730000000000004,0.017800902822870057
51.735,0.017995373176972862
51.74,0.018119919972185983
51.745000000000005,0.018172425761136424
51.75,0.01815172350458738
51.755,0.018057616884391336
51.76,0.017890878372952557
51.765,0.017653225326931477
51.77,0.017347275116186722
51.775,0.016976480986905074
51.78,0.016545050959770435
51.785000000000004,0.01605785255339498
51.79,0.015520306495464098
51.795,0.014938272793557417
51.800000000000004,0.014317932636600972
51.805,0.013665669524137058
51.81,0.012987952848487083
51.815,0.012291226862462423
51.82,0.011581807579201353
51.825,0.010865789720149621
51.83,0.010148965337055671
51.835,0.009436755244831119
51.84,0.008734153918236842
51.845,0.008045688039082677
51.85,0.007375388478372713
51.855000000000004,0.00672677512314479
51.86,0.006102853674278208
51.865,0.0055061232975397445
51.870000000000005,0.00493859385286477
51.875,0.004401811317769955
51.88,0.003896889978301843
51.885,0.003424549962561585
51.89,0.0029851587405804736
51.895,0.0025787752928696506
51.9,0.0022051957542341682
51.905,0.0018639994637563717
51.910000000000004,0.0015545944771648834
51.915,0.001276261737561235
51.92,0.001028197224233196
51.925000000000004,0.0008095515275714504
51.93,0.0006194664062999511
51.935,0.0004571079886079854
51.94,0.000321696355548573
51.945,0.0002125313299085052
51.95,0.00012901433493028858
51.955,7.06662467748892e-05
51.96,3.7141185587973025e-05
51.965,2.823621820298406e-05
51.97,4.3896957513056556e-05
51.975,8.421905179101241e-05
51.980000000000004,0.0001494455630489666
51.985,0.0002399602367061382
51.99,0.0003562766711751042
51.995000000000005,0.0004990234046649
52.0,0.0006689249532005892
52.005,0.0008667788602334525
52.01,0.0010934288481170285
52.015,0.001349734217700238
52.02,0.0016365356954528565
52.025,0.0019546180074518915
52.03,0.0023046695479633783
52.035000000000004,0.0026872396154207223
52.04,0.0031026937998044346
52.045,0.0035511682377915577
52.050000000000004,0.004032523576718461
52.055,0.004546299625140193
52.06,0.0050916717982225634
52.065,0.005667410576029042
52.07,0.0062718453031340715
52.075,0.006902833717237655
52.08,0.007557738641754241
52.085,0.008233413257141109
52.09,0.008926196316192403
52.095,0.009631918537163386
52.1,0.010345921234716116
52.105000000000004,0.011063087989082732
52.11,0.011777889846765532
52.115,0.012484444165274056
52.120000000000005,0.013176586784641842
52.125,0.013847956750481671
52.13,0.014492092307165194
52.135,0.015102536408729605
52.14,0.01567294949832032
52.145,0.016197226904125728
52.15,0.016669617824877747
52.155,0.017084842622690388
52.160000000000004,0.017438204991314876
52.165,0.017725695546083386
52.17,0.017944083499969565
52.175000000000004,0.018090993361475682
52.18,0.018164963977135073
52.185,0.018165487780784417
52.19,0.01809302872759133
52.195,0.017949018105355208
52.2,0.017735828159601397
52.205,0.017456724232964405
52.21,0.01711579684343434
52.215,0.01671787580692552
52.22,0.01626842907564452
52.225,0.01577344943190795
52.230000000000004,0.015239332492065216
52.235,0.0146727496553396
52.24,0.014080519653774104
52.245000000000005,0.013469482243529285
52.25,0.012846377330376413
52.255,0.01221773245889679
52.26,0.01158976115581467
52.265,0.01096827410207979
52.27,0.010358604575891661
52.275,0.009765549054932876
52.28,0.009193323339548698
52.285000000000004,0.008645534062509341
52.29,0.008125165016810598
52.295,0.007634577357286787
52.300000000000004,0.007175522437965043
52.305,0.006749165825535641
52.31,0.0063561208834972405
52.315,0.0059964902517020136
52.32,0.005669913534056548
52.325,0.0053756195570606735
52.33,0.005112481651453393
52.335,0.004879074539628547
52.34,0.004673731559353911
52.345,0.004494601124791053
52.35,0.0043397014963959535
52.355000000000004,0.0042069731016178835
52.36,0.0040943278154896845
52.365,0.003999694756203986
52.370000000000005,0.003921062290099364
52.375,0.0038565160531089937
52.38,0.003804272894843974
52.385,0.00376271072673795
52.39,0.0037303943126425487
52.395,0.003706097079023307
52.4,0.003688819044093433
52.405,0.003677800970442985
52.410000000000004,0.0036725348413493503
52.415,0.0036727707440267227
52.42,0.003678520219013187
52.425000000000004,0.0036900561060413117
52.43,0.0037079088850530684
52.435,0.0037328594793315517
52.44,0.0037659284589968145
52.445,0.003808361560383222
52.45,0.0038616114194547357
52.455,0.0039273154154351175
52.46,0.004007269525806656
52.465,0.0041033981196947344
52.47,0.004217719653598628
52.475,0.004352308295149321
52.480000000000004,0.004509251576701345
52.485,0.004690604279900867
52.49,0.004898338869217866
52.495000000000005,0.0051342929307285345
52.5,0.005400114222034347
52.505,0.005697204106072107
52.51,0.006026660310833876
52.515,0.006389220131541862
52.52,0.006785205356141688
52.525,0.0072144703458913995
52.53,0.0076763548261844505
52.535000000000004,0.008169643033163254
52.54,0.0086925309030228
52.545,0.009242602976794245
52.550000000000004,0.009816820615696997
52.555,0.010411522970244391
52.56,0.011022441918651538
52.565,0.011644731889479232
52.57,0.012273015099314222
52.575,0.01290144230132384
52.58,0.013523768636073186
52.585,0.01413344364776492
52.59,0.014723713980377084
52.595,0.015287736726122603
52.6,0.01581870089967552
52.605000000000004,0.01630995407165159
52.61,0.0167551308393854
52.615,0.01714827958545584
52.620000000000005,0.017483983854148732
52.625,0.017757474732619016
52.63,0.017964730792357386
52.635,0.01810256249605402
52.64,0.01816867843624692
52.645,0.01816173136266741
52.65,0.018081342630367203
52.655,0.017928104437352488
52.660000000000004,0.01770355997793871
52.665,0.017410162390802952
52.67,0.017051214069198295
52.675000000000004,0.01663078853941613
52.68,0.01615363760687316
52.685,0.015625086876092098
52.69,0.015050922992550397
52.695,0.014437276058920645
52.7,0.013790500658963367
52.705,0.013117058746519916
52.71,0.01242340739740655
52.715,0.01171589405003104
52.72,0.01100066143227707
52.725,0.01028356389538132
52.730000000000004,0.009570096384639015
52.735,0.008865336785355282
52.74,0.008173901919811044
52.745000000000005,0.007499917046573046
52.75,0.006846998341675459
52.755,0.0062182475320256
52.76,0.00561625760736284
52.765,0.005043128359083937
52.77,0.004500490375981769
52.775,0.003989536077998679
52.78,0.003511056354767561
52.785000000000004,0.0030654814249846396
52.79,0.0026529245991646633
52.795,0.0022732277322008443
52.800000000000004,0.001926007273317154
52.805,0.0016106999440657077
52.81,0.0013266072163133913
52.815,0.001072937885073344
52.82,0.000848848162131155
52.825,0.0006534788282366311
52.83,0.0004859890831168112
52.835,0.00034558682419538744
52.84,0.0002315551557475759
52.845,0.00014327499216343353
52.85,8.024366498707303e-05
52.855000000000004,4.208947769675925e-05
52.86,2.8582175278636696e-05
52.865,3.963931255586417e-05
52.870000000000005,7.532851407715535e-05
52.875,0.00013586562195189167
52.88,0.00022160873453114238
52.885,0.0003330481432917143
52.89,0.0004707921816555771
52.895,0.0006355490186082946
52.9,0.0008281044482170152
52.905,0.0010492957631433875
52.910000000000004,0.0012999818427967824
52.915,0.0015810096471415847
52.92,0.0018931773787720374
52.925000000000004,0.00223719466335659
52.93,0.002613640199387035
52.935,0.0030229174420819405
52.94,0.0034652090100504296
52.945,0.003940430633628367
52.95,0.004448185596526599
52.955,0.00498772075451015
52.96,0.0055578853327009625
52.965,0.006157093806832492
52.97,0.0067832942510630545
52.975,0.007433943579400193
52.980000000000004,0.008105991105011867
52.985,0.008795871793370935
52.99,0.00949951047624964
52.995000000000005,0.010212338119561792
53.0,0.010929321004759629
53.005,0.011645003373487839
53.01,0.012353563726808403
53.015,0.013048884547398387
53.02,0.013724634751696385
53.025,0.014374363694354741
53.03,0.014991605050685308
53.035000000000004,0.015569988426666015
53.04,0.016103356110654943
53.045,0.01658588200374922
53.050000000000004,0.017012189488475826
53.055,0.01737746482177016
53.06,0.017677562588588103
53.065,0.017909099855422994
53.07,0.018069535888045607
53.075,0.0181572346829455
53.08,0.01817150805836576
53.085,0.018112637663840303
53.09,0.017981874963133748
53.095,0.017781418984249342
53.1,0.017514372393712563
53.105000000000004,0.01718467719396699
53.11,0.01679703201845939
53.115,0.016356793607570808
53.120000000000005,0.01586986552078784
53.125,0.01534257749534973
53.13,0.014781559061450622
53.135,0.014193611080468571
53.14,0.013585578774783613
53.145,0.012964229600243016
53.15,0.01233613896582142
53.155,0.01170758637726621
53.160000000000004,0.011084464080415302
53.165,0.010472199747688649
53.17,0.009875694197745588
53.175000000000004,0.009299274608309815
53.18,0.008746663174893143
53.185,0.00822096072488776
53.19,0.0077246444077516685
53.195,0.007259578270737421
53.2,0.00682703529810702
53.205,0.00642772932985558
53.21,0.006061855190200305
53.215,0.005729135340727609
53.22,0.005428871402738622
53.225,0.005159998985666547
53.230000000000004,0.0049211443749257455
53.235,0.0047106817812201385
53.24,0.0045267900207122125
53.245000000000005,0.0043675076639040356
53.25,0.004230785865161124
53.255,0.004114538251104971
53.26,0.004016687395222984
53.265,0.003935207551303499
53.27,0.0038681634305146595
53.275,0.0038137449126145473
53.28,0.003770297659698052
53.285000000000004,0.0037363496616371616
53.29,0.0037106337850084103
53.295,0.0036921064207102727
53.300000000000004,0.0036799623361630923
53.305,0.003673645833249207
53.31,0.003672858298976525
53.315,0.0036775622135861857
53.32,0.003687981651690153
53.325,0.003704599281347809
53.33,0.003728149833654437
53.335,0.003759609986298651
53.34,0.003800184579965782
53.345,0.0038512890692123936
53.35,0.003914528102359149
53.355000000000004,0.00399167013004087
53.36,0.00408461796320303
53.365,0.0041953752367369646
53.370000000000005,0.004326008790445535
53.375,0.004478607054400285
53.38,0.004655234618555326
53.385,0.004857883282838316
53.39,0.005088420014940809
53.395,0.005348532394350514
53.4,0.005639672281768426
53.405,0.005962998626030114
53.410000000000004,0.006319320490076663
53.415,0.006709041549413541
53.42,0.007132107466444992
53.425000000000004,0.007587957676101098
53.43,0.008075483214582846
53.435,0.008592992273214861
53.44,0.009138185159436318
53.445,0.00970814027809297
53.45,0.01029931261157202
53.455,0.010907545962719922
53.46,0.011528099935798508
53.465,0.012155692267100449
53.47,0.012784556682962744
53.475,0.013408515977722857
53.480000000000004,0.014021069473418635
53.485,0.014615493478725483
53.49,0.015184952820899156
53.495000000000005,0.01572262101245059
53.5,0.01622180616001856
53.505,0.01667607935823412
53.51,0.017079402044302583
53.515,0.017426248662850696
53.52,0.01771172100027485
53.525,0.017931650704284152
53.53,0.01808268681578795
53.535000000000004,0.018162365585261853
53.54,0.018169160411126484
53.545,0.018102510398996685
53.550000000000004,0.017962826774073903
53.555,0.01775147712426417
53.56,0.01747074822088024
53.565,0.017123788857183797
53.57,0.016714534798833114
53.575,0.016247618463321345
53.58,0.01572826636832758
53.585,0.015162187661395876
53.59,0.014555457177664266
53.595,0.013914396468585721
53.6,0.013245456104108655
53.605000000000004,0.012555102303366539
53.61,0.011849710589892481
53.615,0.011135468759967182
53.620000000000005,0.01041829097112057
53.625,0.009703744275533666
53.63,0.008996988426645203
53.635,0.00830272931841236
53.64,0.007625185985652649
53.645,0.006968070707596752
53.65,0.006334581441434395
53.655,0.005727405550208786
53.660000000000004,0.005148733601949118
53.665,0.004600281889956648
53.67,0.004083322256560606
53.675000000000004,0.0035987177903695766
53.68,0.003146962997260694
53.685,0.0027282271147761605
53.69,0.002342399336336065
53.695,0.0019891348253384677
53.7,0.0016679005319728546
53.705,0.0013780199510886604
53.71,0.0011187161014118985
53.715,0.0008891521203584496
53.72,0.000688468998280678
53.725,0.0005158200696426807
53.730000000000004,0.0003704019778995038
53.735,0.00025148190201429443
53.74,0.0001584209004176218
53.745000000000005,9.069327057867338e-05
53.75,4.7901866423574746e-05
53.755,2.9789334280172237e-05
53.76,3.6245250422284325e-05
53.765,6.730915052712005e-05
53.77,0.00012316944763762772
53.775,0.00020415824002983918
53.78,0.0003107420155483709
53.785000000000004,0.00044350826429795376
53.79,0.0006031480285400015
53.795,0.0007904344364679794
53.800000000000004,0.001006197301106404
53.805,0.0012512939041400273
53.81,0.001526576146392955
53.815,0.0018328543088488303
53.82,0.002170857761153222
53.825,0.0025411930457739373
53.83,0.002944299881453283
53.835,0.0033804057511872543
53.84,0.003849479866664396
53.845,0.004351187440731152
53.85,0.004884845321388553
53.855000000000004,0.0054493801726547275
53.86,0.006043290487136588
53.865,0.006664613803110342
53.870000000000005,0.007310900544876375
53.875,0.007979195917684478
53.88,0.008666031244889183
53.885,0.009367426039489146
53.89,0.010078901941909635
53.895,0.01079550942905172
53.9,0.011511867913451823
53.905,0.012222219487387775
53.910000000000004,0.012920496171354046
53.915,0.013600400055757689
53.92,0.014255495254168693
53.925000000000004,0.014879310086076458
53.93,0.015465447423881784
53.935,0.01600770069662616
53.94,0.01650017265181347
53.945,0.0169373936800028
53.95,0.017314436308815573
53.955,0.017627022405235948
53.96,0.017871619692343188
53.965,0.018045524393251355
53.97,0.018146927170406002
53.975,0.01817496000047214
53.980000000000004,0.01812972222806053
53.985,0.01801228471040872
53.99,0.017824671712880047
53.995000000000005,0.017569820965931626
54.0,0.017251523046887485
54.005,0.016874341942596516
54.01,0.016443519268399598
54.015,0.015964865118966998
54.02,0.015444638908586938
54.025,0.01488942378318825
54.03,0.014305998269477982
54.035000000000004,0.013701208764334893
54.04,0.013081846257883
54.045,0.012454530374803596
54.050000000000004,0.011825603390967387
54.055,0.01120103640269221
54.06,0.01058634929085045
54.065,0.009986545574449224
54.07,0.009406062710507257
54.075,0.008848737885244873
54.08,0.008317788883179134
54.085,0.007815809223039594
54.09,0.0073447764231957535
54.095,0.00690607201011062
54.1,0.006500511712161483
54.105000000000004,0.0061283841797035166
54.11,0.00578949654318528
54.115,0.005483225146361903
54.120000000000005,0.005208569869465052
54.125,0.004964210572026673
54.13,0.004748564328634686
54.135,0.004559842293985206
54.14,0.0043961052035861314
54.145,0.004255316690032096
54.15,0.004135393762159545
54.155,0.004034253948536737
54.160000000000004,0.0039498587507424965
54.165,0.0038802531727717415
54.17,0.003823601198140736
54.175000000000004,0.0037782171704050516
54.18,0.0037425930962767806
54.185,0.0037154219358531693
54.19,0.00369561697350429
54.195,0.0036823273725360983
54.2,0.003674950017907283
54.205,0.0036731377368416727
54.21,0.0036768039668520353
54.215,0.003686123912185396
54.22,0.0037015322000302775
54.225,0.003723717014491479
54.230000000000004,0.003753610657479811
54.235,0.003792376458931157
54.24,0.003841391940901051
54.245000000000005,0.003902228130139296
54.25,0.003976624917801264
54.255,0.004066462380347247
54.26,0.0041737280111524555
54.265,0.004300479862107132
54.27,0.004448805666347866
54.275,0.004620778104222012
54.28,0.004818406483895643
54.285000000000004,0.005043585239018711
54.29,0.005298039792348774
54.295,0.0055832704935241395
54.300000000000004,0.005900495510012149
54.305,0.006250593721865982
54.31,0.006634048841927864
54.315,0.007050896137938523
54.32,0.0075006732708509105
54.325,0.007982376863573393
54.33,0.00849442647997023
54.335,0.009034637697975967
54.34,0.009600205909531923
54.345,0.010187702355629824
54.35,0.01079308370816534
54.355000000000004,0.01141171623176973
54.36,0.012038415212888509
54.365,0.012667499916808822
54.370000000000005,0.013292863863373583
54.375,0.013908059681238427
54.38,0.014506397263456705
54.385,0.015081053395803679
54.39,0.015625190513429033
54.395,0.016132081773310603
54.4,0.016595239244438176
54.405,0.017008541731506455
54.410000000000004,0.017366358600185094
54.415,0.017663665940808926
54.42,0.017896151554943174
54.425000000000004,0.018060305516982567
54.43,0.01815349349119799
54.435,0.018174010528099416
54.44,0.01812111370960423
54.445,0.01799503273200287
54.45,0.017796958269130414
54.455,0.01752900871387908
54.46,0.017194176619113932
54.465,0.01679625681375896
54.47,0.016339758720121722
54.475,0.015829805849453038
54.480000000000004,0.015272025739804462
54.485,0.014672433776024008
54.49,0.014037314340193063
54.495000000000005,0.013373102634840706
54.5,0.012686270285122703
54.505,0.011983217491415843
54.51,0.011270174100999952
54.515,0.010553111498850853
54.52,0.009837666731407069
54.525,0.009129079787680183
54.53,0.00843214447726126
54.535000000000004,0.007751172915192228
54.54,0.0070899732218077105
54.545,0.006451839718977226
54.550000000000004,0.005839554630545862
54.555,0.005255400095743212
54.56,0.004701179162143632
54.565,0.0041782443512143885
54.57,0.0036875323627274526
54.575,0.0032296035127945544
54.58,0.002804684555713699
54.585,0.0024127136398446325
54.59,0.002053386252899969
54.595,0.001726201144657935
54.6,0.0014305053433942838
54.605000000000004,0.00116553751581705
54.61,0.0009304690500893109
54.615,0.0007244423567136504
54.620000000000005,0.0005466059913792343
54.625,0.00039614629897699594
54.63,0.00027231535247229655
54.635,0.00017445503320162592
54.64,0.00010201714209623347
54.645,5.4579477481206395e-05
54.65,3.18578375424379e-05
54.655,3.371392612136655e-05
54.660000000000004,6.015915203282096e-05
54.665,0.00011135431681028041
54.67,0.000187605192820961
54.675000000000004,0.0002893539944329726
54.68,0.0004171667562515857
54.685,0.0005717166404211049
54.69,0.0007537632182810228
54.695,0.0009641277973280182
54.7,0.0012036649092621587
54.705,0.001473230122892133
54.71,0.001773644418678444
54.715,0.002105655438272791
54.72,0.002469896023073126
54.725,0.0028668405604479474
54.730000000000004,0.003296759779608749
54.735,0.0037596747677319797
54.74,0.004255311106788895
54.745000000000005,0.004783054166571432
54.75,0.005341906713418609
54.755,0.005930450103599938
54.76,0.006546810417377813
54.765,0.007188630950730968
54.77,0.007853052493555168
54.775,0.008536702796483553
54.78,0.009235696540351057
54.785000000000004,0.009945646974699685
54.79,0.010661690178345395
54.795,0.011378522619750697
54.800000000000004,0.012090452343986868
54.805,0.01279146372278106
54.81,0.01347529525038027
54.815,0.014135529389548651
54.82,0.014765692981850265
54.825,0.01535936624275891
54.83,0.015910297917159255
54.835,0.016412523758965847
54.84,0.016860485192289332
54.845,0.017249144785402848
54.85,0.017574095081727137
54.855000000000004,0.017831657367565867
54.86,0.01801896714322737
54.865,0.018134043385700238
54.870000000000005,0.018175839147481554
54.875,0.01814427161387755
54.88,0.018040230399563484
54.885,0.017865563602896373
54.89,0.0176230418862815
54.895,0.017316301608616413
54.9,0.01694976874232168
54.905,0.01652856593899088
54.910000000000004,0.016058405638982975
54.915,0.015545472518049053
54.92,0.014996298825124654
54.925000000000004,0.014417636271012668
54.93,0.013816328093032126
54.935,0.013199184741839787
54.94,0.012572866333421473
54.945,0.011943774618771386
54.95,0.011317956733780221
54.955,0.010701022481345746
54.96,0.010098076337492046
54.965,0.009513664840198999
54.97,0.008951739497490507
54.975,0.008415634883839118
54.980000000000004,0.007908061181428394
54.985,0.007431110085789783
54.99,0.006986272729619714
54.995000000000005,0.006574468092754415
55.0,0.006196080254291303
55.005,0.005851002797882643
55.01,0.005538688699305183
55.015,0.005258204093015806
55.02,0.00500828442378598
55.025,0.004787391627450788
55.03,0.004593771146367942
55.035000000000004,0.004425507752888969
55.04,0.004280579329832612
55.045,0.004156907923111852
55.050000000000004,0.004052407540833691
55.055,0.003965028319437902
55.06,0.0038927968001316593
55.065,0.003833852170767038
55.07,0.0037864784139152174
55.075,0.0037491323694816003
55.08,0.0037204677704338884
55.085,0.003699355339718491
55.09,0.003684899051610485
55.095,0.0036764486621238546
55.1,0.0036736086024671665
55.105000000000004,0.0036762433076344136
55.11,0.003684479029405663
55.115,0.0036987021482592364
55.120000000000005,0.0037195539707026715
55.125,0.003747921963625389
55.13,0.003784927356011103
55.135,0.0038319090118505983
55.14,0.0038904034724036585
55.145,0.0039621210633993265
55.15,0.004048917977409694
55.155,0.00415276427313227
55.160000000000004,0.00427570778020403
55.165,0.00441983396504142
55.17,0.004587221902364824
55.175000000000004,0.004779896600308753
55.18,0.004999778057710458
55.185,0.005248627571715403
55.19,0.005527991974737745
55.195,0.005839146646334115
55.2,0.006183038319912626
55.205,0.006560228872459106
55.21,0.0069708414484512815
55.215,0.007414510406249519
55.22,0.007890336687822241
55.225,0.008396850280231405
55.230000000000004,0.008931981459820548
55.235,0.00949304246240601
55.24,0.010076721121411225
55.245000000000005,0.010679087822978772
55.25,0.011295616875081294
55.255,0.011921223042087092
55.26,0.012550313595816931
55.265,0.01317685576145422
55.27,0.013794458922802733
55.275,0.014396470409096196
55.28,0.014976083138098062
55.285000000000004,0.01552645286411547
55.29,0.016040822300627866
55.295,0.016512648984559064
55.300000000000004,0.016935733442593914
55.305,0.01730434404498027
55.31,0.017613334878170406
55.315,0.01785825308220268
55.32,0.018035432342919933
55.325,0.018142069629860202
55.33,0.018176282792985887
55.335,0.018137147261889197
55.34,0.018024710794634302
55.345,0.01783998597979064
55.35,0.01758492094798214
55.355000000000004,0.01726234948294092
55.36,0.01687592239200697
55.365,0.01643002256871995
55.370000000000005,0.015929666646520957
55.375,0.015380396469723223
55.38,0.014788163794293041
55.385,0.01415921167889067
55.39,0.01349995593821518
55.395,0.012816869813665477
55.4,0.012116374707165534
55.405,0.01140473942292175
55.410000000000004,0.010687989908618079
55.415,0.009971831004772724
55.42,0.009261581212189895
55.425000000000004,0.00856212101197329
55.43,0.00787785481903569
55.435,0.0072126862543164805
55.44,0.006570006067024181
55.445,0.005952691767536322
55.45,0.005363117806261641
55.455,0.0048031749913093336
55.46,0.00427429774438437
55.465,0.0037774977641902296
55.47,0.0033134026822434492
55.475,0.0028822983498049126
55.480000000000004,0.002484173484686103
55.485,0.0021187655120717963
55.49,0.0017856065630237339
55.495000000000005,0.0014840687209618508
55.5,0.0012134077439118762
55.505,0.0009728046147809977
55.51,0.0007614043970729512
55.515,0.0005783519786572988
55.52,0.0004228243857280489
55.525,0.00029405943057048134
55.53,0.00019138052264155991
55.535000000000004,0.00011421753053603156
55.54,6.212361798677013e-05
55.545,3.478801231450793e-05
55.550000000000004,3.2044678082817496e-05
55.555,5.3876886155185266e-05
55.56,0.00010041767168389448
55.565,0.00017194618158267172
55.57,0.00026887991407720246
55.575,0.00039176286241726643
55.58,0.0005412495819785423
55.585,0.0007180852208419353
55.59,0.0009230815810976623
55.595,0.0011570893140513405
55.6,0.0014209664067190708
55.605000000000004,0.0017155431780278008
55.61,0.0020415840861947032
55.615,0.0023997467384981874
55.620000000000005,0.0027905386025892653
55.625,0.003214272039585353
55.63,0.003671018399348469
55.635,0.0041605620623261785
55.64,0.004682355429091345
55.645,0.0052354760040440596
55.65,0.005818586814539728
55.655,0.006429901514298564
55.660000000000004,0.007067155575249728
55.665,0.007727584998747261
55.67,0.00840791395864926
55.675000000000004,0.00910435270891341
55.68,0.00981260695743913
55.685,0.010527899701898491
55.69,0.01124500626206526
55.695,0.011958302908173124
55.7,0.012661829095542032
55.705,0.013349362877580262
55.71,0.014014508594140551
55.715,0.014650795438310382
55.72,0.015251785016737074
55.725,0.015811185554241547
55.730000000000004,0.0163229699831966
55.735,0.016781494821312748
55.74,0.017181616504750252
55.745000000000005,0.01751880172633946
55.75,0.017789228342401486
55.755,0.017989873566321535
55.76,0.018118586469967113
55.765,0.018174142238947866
55.77,0.018156276191838572
55.775,0.018065696210769033
55.78,0.017904072963766282
55.785000000000004,0.017674008045794665
55.79,0.017378980921762377
55.795,0.01702327628139244
55.800000000000004,0.016611894053916387
55.805,0.016150444891884774
55.81,0.01564503434946829
55.815,0.015102139274592474
55.82,0.014528480064498694
55.825,0.013930892428696495
55.83,0.013316202146395284
55.835,0.01269110602993706
55.84,0.012062061923909795
55.845,0.011435190099607695
55.85,0.01081618789509875
55.855000000000004,0.010210258897625835
55.86,0.009622057426085462
55.865,0.00905564854463492
55.870000000000005,0.008514483358908365
55.875,0.008001388925599429
55.88,0.007518571750971148
55.885,0.007067633574774135
55.89,0.006649597940249663
55.895,0.006264945917404674
55.9,0.005913659297609897
55.905,0.005595269578773099
55.910000000000004,0.0053089111232047514
55.915,0.005053376969897272
55.92,0.004827175918873827
55.925000000000004,0.004628589660419458
55.93,0.0044557288923758875
55.935,0.0043065875398209386
55.94,0.004179094363258251
55.945,0.004071161400491352
55.95,0.00398072883568501
55.955,0.0039058060187255883
55.96,0.0038445084693206066
55.965,0.0037950907930381916
55.97,0.003755975505998821
55.975,0.0037257778184556223
55.980000000000004,0.0037033264618858697
55.985,0.00368768066075445
55.99,0.003678143353945118
55.995000000000005,0.0036742707630590832
56.0,0.0036758783843054837
56.005,0.0036830434575685217
56.01,0.0036961039343881286
56.015,0.003715653935937313
56.02,0.0037425356598232984
56.025,0.0037778276683477774
56.03,0.0038228294677589147
56.035000000000004,0.0038790422758894216
56.04,0.003948145873921671
56.045,0.004031971448029914
56.050000000000004,0.00413247035595532
56.055,0.004251678796845404
56.06,0.004391678425381684
56.065,0.004554553037083409
56.07,0.004742341552075757
56.075,0.004956987648871092
56.08,0.0052002865406990395
56.085,0.005473829540822095
56.09,0.005778947231689813
56.095,0.006116652224434915
56.1,0.006487582666355962
56.105000000000004,0.006891947818415289
56.11,0.00732947716640453
56.115,0.0077993746495401695
56.120000000000005,0.008300279665519383
56.125,0.008830236541268022
56.13,0.009386674130190897
56.135,0.009966397098381208
56.14,0.010565590294525862
56.145,0.011179837350020705
56.15,0.011804154333479033
56.155,0.012433038890947046
56.160000000000004,0.01306053484007208
56.165,0.013680311684183266
56.17,0.01428575797119791
56.175000000000004,0.014870086871148658
56.18,0.015426451820122367
56.185,0.015948069583131996
56.19,0.01642834767067569
56.195,0.016861012721385293
56.2,0.01724023625450144
56.205,0.01756075412719582
56.21,0.017817976105419575
56.215,0.018008082184351792
56.22,0.01812810266451237
56.225,0.01817597948554095
56.230000000000004,0.01815060694234205
56.235,0.018051850590474317
56.24,0.017880543902840884
56.245000000000005,0.01763846299169103
56.25,0.017328280457654444
56.255,0.0169535000992731
56.26,0.016518374821583137
56.265,0.016027810564633427
56.27,0.015487259424318722
56.275,0.014902605357683285
56.28,0.014280045933166008
56.285000000000004,0.013625973523677004
56.29,0.012946859148126322
56.295,0.012249141869702385
56.300000000000004,0.011539126279028977
56.305,0.010822890139788655
56.31,0.010106203796041768
56.315,0.009394462448501173
56.32,0.00869263191543368
56.325,0.008005208047187296
56.33,0.0073361895432597635
56.335,0.006689063571675646
56.34,0.006066803289471068
56.345,0.0054718761438845576
56.35,0.00490626166356023
56.355000000000004,0.004371477355393338
56.36,0.0038686112764434455
56.365,0.00339835986090975
56.370000000000005,0.002961069626327806
56.375,0.0025567814708384873
56.38,0.002185276373226408
56.385,0.0018461214347400556
56.39,0.001538715329755469
56.395,0.0012623323663012442
56.4,0.0010161644862543007
56.405,0.0007993606606624404
56.410000000000004,0.0006110632435143426
56.415,0.0004504409480272642
56.42,0.0003167181958548815
56.425000000000004,0.0002092006569102134
56.43,0.00012729685773132937
56.435,7.053577556634383e-05
56.44,3.858037102971029e-05
56.445,3.123702946463704e-05
56.45,4.84609001021874e-05
56.455,9.035712342628233e-05
56.46,0.00015717794836928034
56.465,0.0002493157413236968
56.47,0.0003672918950660131
56.475,0.0005117416573257039
56.480000000000004,0.0006833949132585282
56.485,0.000883052983400745
56.49,0.001111561533096772
56.495000000000005,0.0013697797383125376
56.5,0.0016585459161664318
56.505,0.0019786399019068313
56.51,0.0023307425485139532
56.515,0.00271539282519484
56.52,0.003132943111109121
56.525,0.0035835134054273965
56.53,0.004066945303454972
56.535000000000004,0.004582756729250903
56.54,0.005130098532076133
56.545,0.005707714182847212
56.550000000000004,0.006313903894326955
56.555,0.00694649456352181
56.56,0.007602816966272741
56.565,0.008279691622650631
56.57,0.008973424686146814
56.575,0.009679815086929722
56.58,0.010394173968695242
56.585,0.011111357208964279
56.59,0.011825811487387483
56.595,0.01253163398999746
56.6,0.013222645409740608
56.605000000000004,0.013892475425954842
56.61,0.014534659363373947
56.615,0.015142744232765182
56.620000000000005,0.015710401890174808
56.625,0.01623154662563664
56.63,0.016700454140597287
56.635,0.017111878619310517
56.64,0.01746116445271184
56.645,0.017744349168751228
56.65,0.01795825424429154
56.655,0.01810056075438382
56.660000000000004,0.018169867215554802
56.665,0.01816572751636869
56.67,0.01808866746350901
56.675000000000004,0.017940179174438242
56.68,0.01772269331068088
56.685,0.01743952988893227
56.69,0.01709482915154581
56.695,0.016693464630300525
56.7,0.016240941116919316
56.705,0.015743280698515605
56.71,0.015206900330230866
56.715,0.014638484588406442
56.72,0.014044857251938936
56.725,0.013432855245742559
56.730000000000004,0.01280920821327669
56.735,0.012180426628816576
56.74,0.011552700901518165
56.745000000000005,0.010931813418469716
56.75,0.010323064930251036
56.755,0.009731216135179466
56.76,0.00916044478861977
56.765,0.008614318176725533
56.77,0.008095780357635363
56.775,0.007607153205537287
56.78,0.007150150004649802
56.785000000000004,0.00672590011899743
56.79,0.006334983129814731
56.795,0.005977470758834258
56.800000000000004,0.005652974895218321
56.805,0.005360700090674797
56.81,0.00509949898430051
56.815,0.004867929247104996
56.82,0.004664310788357717
56.825,0.004486782134983436
56.83,0.004333355066196809
56.835,0.0042019667574972885
56.84,0.004090528850849484
56.845,0.003996973017445171
56.85,0.00391929271379432
56.855000000000004,0.0038555809461993107
56.86,0.0038040639540770638
56.865,0.0037631307986039086
56.870000000000005,0.0037313588975476097
56.875,0.003707535585937005
56.88,0.0036906758017568597
56.885,0.003680036002128184
56.89,0.003675124409036593
56.895,0.0036757076662057887
56.9,0.0036818139654997695
56.905,0.0036937326701617645
56.910000000000004,0.0037120104324525616
56.915,0.0037374437698289853
56.92,0.0037710680374016814
56.925000000000004,0.0038141427091642477
56.93,0.0038681328678475957
56.935,0.003934686797592235
56.94,0.004015609582495472
56.945,0.004112832640142727
56.95,0.004228379157134476
56.955,0.004364325456408302
56.96,0.004522758404295502
56.965,0.004705729064525599
56.97,0.004915202926721207
56.975,0.0051530071735506056
56.980000000000004,0.005420775602834382
56.985,0.005719891988887227
56.99,0.00605143283519638
56.995000000000005,0.006416110646572548
57.0,0.00681421901072099
57.005,0.007245580931034112
57.01,0.0077095019715471835
57.015,0.008204729864598193
57.02,0.008729422268359599
57.025,0.009281124343708314
57.03,0.009856757740212885
57.035000000000004,0.010452622418750224
57.04,0.011064412513572819
57.045,0.011687247121777489
57.050000000000004,0.012315716530682863
57.055,0.01294394394249565
57.06,0.013565662259772182
57.065,0.014174304958437745
57.07,0.01476310952451243
57.075,0.015325231401700279
57.08,0.01585386588494586
57.085,0.016342374972154516
57.09,0.016784415834870003
57.095,0.017174067342175192
57.1,0.017505950973969675
57.105000000000004,0.017775342509615655
57.11,0.01797827106980776
57.115,0.018111602441699404
57.120000000000005,0.018173104086685044
57.125,0.018161489829239486
57.13,0.01807644290396837
57.135,0.0179186167778127
57.14,0.01768961392179591
57.145,0.017391943455962178
57.15,0.017028959282452405
57.155,0.016604780939150743
57.160000000000004,0.01612419991362657
57.165,0.015592574534569081
57.17,0.015015716803024048
57.175000000000004,0.014399774620400763
57.18,0.01375111283557473
57.185,0.01307619635762336
57.19,0.012381478309617222
57.195,0.011673295825055163
57.2,0.010957775652759238
57.205,0.010240751264433356
57.21,0.00952769265642317
57.215,0.008823649562341274
57.22,0.008133208315573626
57.225,0.007460462193225936
57.230000000000004,0.00680899469776719
57.235,0.006181874928090636
57.24,0.005581663956334637
57.245000000000005,0.005010430943983124
57.25,0.004469777629926952
57.255,0.003960869760325281
57.26,0.003484474038522478
57.265,0.0030409992056750212
57.27,0.0026305399461934442
57.275,0.0022529224099470113
57.28,0.0019077502650519662
57.285000000000004,0.0015944503243945363
57.29,0.0013123169202926555
57.295,0.0010605543369575088
57.300000000000004,0.0008383167291059479
57.305,0.0006447450739595073
57.31,0.0004790008019026626
57.315,0.0003402958398663891
57.32,0.00022791887665940536
57.325,0.00014125771380402163
57.33,7.981761682593347e-05
57.335,4.3235610559591575e-05
57.34,3.129068872841211e-05
57.345,4.3909921771813354e-05
57.35,8.117045409877788e-05
57.355000000000004,0.000143297391849595
57.36,0.00023065757991347358
57.365,0.0003437492786405594
57.370000000000005,0.0004831877535809159
57.375,0.0006496868130871913
57.38,0.0008440363452781874
57.385,0.0010670759472484193
57.39,0.0013196647777657944
57.395,0.0016026478311861325
57.4,0.0019168188980644985
57.405,0.0022628805703757138
57.410000000000004,0.0026414017484759356
57.415,0.003052773221785543
57.42,0.003497162020426714
57.425000000000004,0.003974465365152113
57.43,0.0044842651763428165
57.435,0.005025784231207808
57.44,0.005597845182023775
57.445,0.006198833741827059
57.45,0.006826667429089994
57.455,0.007478771294451292
57.46,0.008152062056879572
57.465,0.008842942016777045
57.47,0.009547304006161994
57.475,0.010260548454549934
57.480000000000004,0.010977613412812559
57.485,0.011693018064534044
57.49,0.012400919890755091
57.495000000000005,0.013095185224937467
57.5,0.01376947248222038
57.505,0.01441732684416408
57.51,0.015032284703234922
57.515,0.015607985679604752
57.52,0.01613828960364927
57.525,0.016617395476707486
57.53,0.017039959159379947
57.535000000000004,0.017401206361071786
57.54,0.017697037475038258
57.545,0.01792412090230755
57.550000000000004,0.018079971756442603
57.555,0.0181630132186541
57.56,0.01817261833093653
57.565,0.018109130626463354
57.57,0.017973862697431287
57.575,0.01776907254106419
57.58,0.017497918295212855
57.585,0.017164392697715414
57.59,0.016773239295098108
57.595,0.016329853011121997
57.6,0.015840168160323742
57.605000000000004,0.015310537332197782
57.61,0.014747604767034517
57.615,0.014158177882848122
57.620000000000005,0.013549100517387558
57.625,0.012927131214031107
57.63,0.0122988295324582
57.635,0.011670452930029995
57.64,0.01104786625874965
57.645,0.010436465382888116
57.65,0.009841115875868667
57.655,0.00926610722098431
57.660000000000004,0.008715122440268175
57.665,0.008191222633076478
57.67,0.007696845523170737
57.675000000000004,0.007233816808994931
57.68,0.006803372877781655
57.685,0.006406193297310736
57.69,0.006042441408968813
57.695,0.005711811338885653
57.7,0.0054135797764498506
57.705,0.005146660961743876
57.71,0.004909663446396095
57.715,0.004700947338971417
57.72,0.004518680913946582
57.725,0.004360895635415751
57.730000000000004,0.004225538816115204
57.735,0.004110523301163127
57.74,0.004013773713949842
57.745000000000005,0.003933268942624579
57.75,0.0038670806613008146
57.755,0.0038134077810019207
57.76,0.00377060680339536
57.765,0.0037372181095736146
57.77,0.003711988258247756
57.775,0.0036938883886224183
57.78,0.003682128835107795
57.785000000000004,0.00367617005323821
57.79,0.0036757299440099396
57.795,0.003680787637758226
57.800000000000004,0.003691583773405005
57.805,0.003708617273810111
57.81,0.0037326385898242
57.815,0.0037646393532133615
57.82,0.0038058383567389775
57.825,0.003857663762278696
57.83,0.003921731430802655
57.835,0.003999819276019778
57.84,0.004093837562559877
57.845,0.004205795109182731
57.85,0.004337761412446461
57.855000000000004,0.0044918247828018565
57.86,0.004670046680526063
57.865,0.00487441255500265
57.870000000000005,0.005106779623783808
57.875,0.00536882218031387
57.88,0.00566197517940914
57.885,0.005987377023593865
57.89,0.006345812644537929
57.895,0.0067376581404516855
57.9,0.00716282838380522
57.905,0.007620729142082894
57.910000000000004,0.008110215346949445
57.915,0.008629557196289994
57.92,0.009176415768877177
57.925000000000004,0.009747829757795756
57.93,0.0103402147903644
57.935,0.010949376582342296
57.94,0.011570538880725678
57.945,0.012198386780465142
57.95,0.012827125564481179
57.955,0.01345055472686596
57.96,0.014062156304763818
57.965,0.014655196105593404
57.97,0.015222835863934137
57.975,0.015758253863861427
57.980000000000004,0.01625477110727047
57.985,0.016705979746809874
57.99,0.01710587025279864
57.995000000000005,0.017448953655694766
58.0,0.017730375230371465
58.005,0.017946016153082667
58.01,0.018092579983900237
58.015,0.018167661276805802
58.02,0.01816979419574949
58.025,0.018098479682883806
58.03,0.017954190451632712
58.035000000000004,0.0177383538412883
58.04,0.017453313314909735
58.045,0.017102270094095928
58.050000000000004,0.016689207054714217
58.055,0.01621879753515998
58.06,0.015696302117820693
58.065,0.015127456706224507
58.07,0.01451835535394963
58.075,0.013875331276590686
58.08,0.013204839343700314
58.085,0.012513343076527406
58.09,0.01180720883556674
58.095,0.011092609444606438
58.1,0.010375439037463963
58.105000000000004,0.009661240414963856
58.11,0.008955145712704393
58.115,0.00826183070890707
58.120000000000005,0.007585482674166144
58.125,0.00692978128611621
58.13,0.006297891813291656
58.135,0.005692469521502375
58.14,0.005115674068459697
58.145,0.004569192531270971
58.15,0.00405426964567468
58.155,0.0035717438286528846
58.160000000000004,0.0031220875884212518
58.165,0.002705450995495795
58.17,0.0023217069890604236
58.175000000000004,0.001970497406968086
58.18,0.0016512787586142608
58.185,0.0013633668911459118
58.19,0.0011059798320705028
58.195,0.0008782782171867787
58.2,0.0006794028273024999
58.205,0.0005085088640941482
58.21,0.00036479668167577195
58.215,0.00024753877164407356
58.22,0.0001561028545757348
58.225,8.99709854990105e-05
58.230000000000004,4.875461177243634e-05
58.235,3.220554976401165e-05
58.24,4.022286069007425e-05
58.245000000000005,7.285561919270767e-05
58.25,0.0001303015699313237
58.255,0.00021290167447263197
58.26,0.0003211305547300425
58.265,0.0004555828466874523
58.27,0.0006169554930959276
58.275,0.0008060260248674567
58.28,0.001023626912417086
58.285000000000004,0.0012706161137239214
58.29,0.0015478439999991878
58.295,0.0018561169129682753
58.300000000000004,0.002196157691466638
58.305,0.0025685636071175466
58.31,0.0029737622556345045
58.315,0.0034119660808897834
58.32,0.003883126329554898
58.325,0.004386887377405557
58.33,0.004922542488813519
58.335,0.005488992201419407
58.34,0.006084706629096104
58.345,0.006707693055730601
58.35,0.007355470246967144
58.355000000000004,0.008025050903189168
58.36,0.00871293364278003
58.365,0.009415105795717693
58.370000000000005,0.010127058129150157
58.375,0.010843812392849372
58.38,0.0115599622810727
58.385,0.012269728045396278
58.39,0.01296702458410337
58.395,0.013645542373250663
58.4,0.014298840121426792
58.405,0.014920447539232384
58.410000000000004,0.015503976122793972
58.415,0.01604323542468933
58.42,0.016532351883885354
58.425000000000004,0.016965887010904623
58.43,0.0173389515196547
58.435,0.01764731195087421
58.44,0.017887486398741714
58.445,0.01805682617318638
58.45,0.01815358059047867
58.455,0.01817694257204039
58.46,0.01812707332828012
58.465,0.01800510509303166
58.47,0.017813121609634663
58.475,0.017554116830993394
58.480000000000004,0.01723193304417947
58.485,0.01685118031353028
58.49,0.016417139757542998
58.495000000000005,0.015935653659227
58.5,0.015413005790698264
58.505,0.01485579553962424
58.51,0.014270809507152649
58.515,0.013664894166840469
58.52,0.013044832966446762
58.525,0.012417230928363665
58.53,0.011788409379789755
58.535000000000004,0.011164312955646238
58.54,0.010550430482339834
58.545,0.009951730802615799
58.550000000000004,0.009372614063742901
58.555,0.00881687848391266
58.56,0.008287702156440702
58.565,0.007787639057248441
58.57,0.0073186280997958875
58.575,0.006882013839517143
58.58,0.006478577259157348
58.585,0.0061085749737710415
58.59,0.005771785167029364
58.595,0.005467558598644118
58.6,0.005194873104594322
58.605000000000004,0.004952390128401873
58.61,0.004738511965909353
58.615,0.0045514385717799755
58.620000000000005,0.0043892229433142305
58.625,0.004249824274921821
58.63,0.004131158237746568
58.635,0.004031143898132861
58.64,0.0039477469273307975
58.645,0.00387901887573161
58.65,0.0038231323905377756
58.655,0.0037784123356303656
58.660000000000004,0.003743362837484665
58.665,0.0037166903232820347
58.67,0.0036973226459640074
58.675000000000004,0.00368442439998673
58.68,0.0036774085313036366
58.685,0.003675944330432038
58.69,0.0036799618762598935
58.695,0.0036896529698968172
58.7,0.0037054685682404997
58.705,0.003728112692600871
58.71,0.003758532759716271
58.715,0.0037979062575062006
58.72,0.003847623666857203
58.725,0.003909267526473137
58.730000000000004,0.003984587537521289
58.735,0.004075471626376448
58.74,0.0041839129149998655
58.745000000000005,0.00431197260444538
58.75,0.004461738846814001
58.755,0.004635281773152755
58.76,0.00483460495930732
58.765,0.00506159373733972
58.77,0.00531796091461878
58.775,0.00560519061655107
58.78,0.005924481144775839
58.785000000000004,0.006276687911961787
58.79,0.006662267684495404
58.795,0.007081225520364498
58.800000000000004,0.007533065921737858
58.805,0.008016749825905833
58.81,0.008530659110864036
58.815,0.00907257030360853
58.82,0.009639639113594
58.825,0.010228397293591485
58.83,0.010834763119145663
58.835,0.011454066506292548
58.84,0.012081089422490976
58.845,0.012710121831123189
58.85,0.013335032918945444
58.855000000000004,0.013949356842349658
58.86,0.014546391669629344
58.865,0.015119309666555836
58.870000000000005,0.01566127654130156
58.875,0.016165576814135107
58.88,0.016625742090447204
58.885,0.017035678739325988
58.89,0.01738979133948959
58.895,0.01768309823594194
58.9,0.017911335701818132
58.905,0.018071047482358438
58.910000000000004,0.018159656933306678
58.915,0.018175519513405902
58.92,0.018117954046502405
58.925000000000004,0.017987251889898914
58.93,0.01778466389536959
58.935,0.01751236581587534
58.94,0.017173403515499785
58.945,0.016771620000270104
58.95,0.01631156682979551
58.955,0.01579840290368395
58.96,0.015237783909338276
58.965,0.014635745868162076
58.97,0.01399858623345196
58.975,0.01333274586274058
58.980000000000004,0.012644694958289904
58.985,0.011940825721669768
58.99,0.01122735406127262
58.995000000000005,0.01051023222292713
59.0,0.009795073729762294
59.005,0.009087091517088197
59.01,0.00839104968172677
59.015,0.007711228820522109
59.02,0.0070514045504666
59.025,0.0064148384677267245
59.03,0.005804280540475659
59.035000000000004,0.0052219817349676845
59.04,0.004669715530926766
59.045,0.004148806921236314
59.050000000000004,0.0036601674578431442
59.055,0.0032043349444119684
59.06,0.002781516429818609
59.065,0.002391633260007353
59.07,0.0020343670503661926
59.075,0.001709205575819439
59.08,0.0014154877025802648
59.085,0.0011524466210479645
59.09,0.0009192507654698368
59.095,0.0007150419235131267
59.1,0.0005389701464872942
59.105000000000004,0.00039022516284559217
59.11,0.00026806407692736567
59.115,0.0001718351986743083
59.120000000000005,0.00010099790083928362
59.125,5.513843857783696e-05
59.13,3.3981691466004015e-05
59.135,3.7398809190184595e-05
59.14,6.541074917311429e-05
59.145,0.00011818770320820571
59.15,0.00019604441421594565
59.155,0.0002994313869191245
59.160000000000004,0.00042892200645838763
59.165,0.0005851955881355231
59.17,0.0007690164049409809
59.175000000000004,0.0009812087676328574
59.18,0.001222628272258941
59.185,0.0014941293875718742
59.19,0.0017965296205968428
59.195,0.0021305705803857933
59.2,0.002496876360090994
59.205,0.0028959097650611554
59.21,0.003327927034433742
59.215,0.0037929318362301956
59.22,0.0042906294465954176
59.225,0.004820382153054581
59.230000000000004,0.005381167053320368
59.235,0.005971537520657932
59.24,0.006589589699876441
59.245000000000005,0.007232935451956024
59.25,0.00789868317429665
59.255,0.008583427897736584
59.26,0.009283251964745887
59.265,0.009993737444194295
59.27,0.01070999122127958
59.275,0.011426683416829064
59.28,0.012138099443877337
59.285000000000004,0.012838205606495734
59.29,0.013520727696946011
59.295,0.01417924156177719
59.300000000000004,0.014807274122052405
59.305,0.015398412837445363
59.31,0.015946421159206636
59.315,0.016445357119920345
59.32,0.0168896918919188
59.325,0.017274424944034195
59.33,0.01759519233134199
59.335,0.01784836471281892
59.34,0.018031131874259643
59.345,0.0181415708710162
59.35,0.018178695372789377
59.355000000000004,0.018142484363522726
59.36,0.01803388903378078
59.365,0.017854817419035385
59.370000000000005,0.0176080971129835
59.375,0.01729741711817212
59.38,0.016927250616220135
59.385,0.01650276105485915
59.39,0.016029694478699952
59.395,0.015514261416210928
59.4,0.014963011888781352
59.405,0.01438270720432655
59.410000000000004,0.013780192152342607
59.415,0.01316227103023948
59.42,0.012535590624487725
59.425000000000004,0.011906532865360475
59.43,0.011281119393142802
59.435,0.010664929743640528
59.44,0.01006303432054878
59.445,0.00947994277065689
59.45,0.008919567872656131
59.455,0.008385204577354699
59.46,0.007879523434070279
59.465,0.00740457730252686
59.47,0.006961819990879192
59.475,0.0065521352766158
59.480000000000004,0.006175874664881675
59.485,0.005832902190372025
59.49,0.005522644599356141
59.495000000000005,0.005244145310074444
59.5,0.0049961206690181115
59.505,0.0047770171552397045
59.51,0.0045850683478247944
59.515,0.004418350644244562
59.52,0.004274836885135969
59.525,0.004152447214421429
59.53,0.00404909665787212
59.535000000000004,0.0039627390475081015
59.54,0.0038914070454856287
59.545,0.0038332481265008767
59.550000000000004,0.0037865564652468375
59.555,0.0037498007411400636
59.56,0.003721647920530202
59.565,0.0037009831068055554
59.57,0.00368692556144648
59.575,0.00367884100082852
59.58,0.003676350260829648
59.585,0.0036793344012335666
59.59,0.003687936295722699
59.595,0.00370255872133074
59.6,0.0037238589308957737
59.605000000000004,0.0037527396591608975
59.61,0.0037903364899731784
59.615,0.003838001489491649
59.620000000000005,0.003897283000820373
59.625,0.003969901497867134
59.63,0.004057721409934878
59.635,0.004162718860077241
59.64,0.004286945310814083
59.645,0.004432487177329136
59.65,0.00460142155819554
59.655,0.0047957683407604534
59.660000000000004,0.005017439065708729
59.665,0.005268183081946987
59.67,0.005549531678278541
59.675000000000004,0.005862741050300713
59.68,0.006208735131897569
59.685,0.006588049492394887
59.69,0.007000777656983814
59.695,0.007446521349752544
59.7,0.007924346263351367
59.705,0.008432745029629984
59.71,0.008969609076682872
59.715,0.0095322110172269
59.72,0.010117199093581775
59.725,0.010720605021187879
59.730000000000004,0.011337866301261101
59.735,0.011963863737673108
59.74,0.012592974473879082
59.745000000000005,0.013219140402210172
59.75,0.013835951272948677
59.755,0.014436741291589783
59.76,0.015014697445160152
59.765,0.015562977272601586
59.77,0.01607483332258397
59.775,0.01654374114122703
59.78,0.016963527337537698
59.785000000000004,0.017328494101420233
59.79,0.017633536510665238
59.795,0.017874249084051996
59.800000000000004,0.0180470182885486
59.805,0.01814909812772214
59.81,0.018178666453302128
59.815,0.01813486029376321
59.82,0.01801778918940755
59.825,0.017828526288369062
59.83,0.017569077705203995
59.835,0.01724233137974096
59.84,0.01685198733214932
59.845,0.016402471783486305
59.85,0.015898838063474585
59.855000000000004,0.015346657547954834
59.86,0.014751904046942599
59.865,0.014120835101600449
59.870000000000005,0.013459873549635404
59.875,0.012775492502029806
59.88,0.012074106548823238
59.885,0.011361971613983002
59.89,0.010645095420336759
59.895,0.009929160042133844
59.9,0.009219457522402053
59.905,0.008520839061489482
59.910000000000004,0.007837677831737722
59.915,0.0071738450750036264
59.92,0.006532698802459436
59.925000000000004,0.005917084131949579
59.93,0.005329344096059785
59.935,0.0047713395994914976
59.94,0.00424447712490128
59.945,0.0037497427558097485
59.95,0.0032877411024152536
59.955,0.0028587377760684873
59.96,0.0024627041444897912
59.965,0.002099363212897387
59.97,0.001768235599778123
59.975,0.0014686847086253785
59.980000000000004,0.0011999603295036465
59.985,0.0009612400330585302
59.99,0.0007516678388950204
59.995000000000005,0.0005703897506585953
60.0,0.00041658584288128964
60.005,0.00028949866902061583
60.01,0.00018845782467619143
60.015,0.00011290055579898928
60.02,6.238833650093478e-05
60.025,3.6619378407983655e-05
60.03,3.543704337865758e-05
60.035000000000004,5.8834151361944476e-05
60.04,0.00010695317723399822
60.045,0.00018008233668420637
60.050000000000004,0.0002786475653869802
60.055,0.00040320040281449643
60.06,0.0005544018007521689
60.065,0.0007330019003621846
60.07,0.0009398158430169445
60.075,0.0011756957255188993
60.08,0.0014414988565079057
60.085,0.0017380525410528591
60.09,0.002066115696851334
60.095,0.002426337702134518
60.1,0.002819214980706697
60.105000000000004,0.0032450459511448315
60.11,0.0037038850926265354
60.115,0.004195497013688154
60.120000000000005,0.004719311541800053
60.125,0.005274380978898208
60.13,0.005859340778277655
60.135,0.006472374993533592
60.14,0.00711118790328058
60.145,0.007772983251502552
60.15,0.008454452501915455
60.155,0.009151773442468425
60.160000000000004,0.009860620322001523
60.165,0.010576186507954333
60.17,0.01129322037414937
60.175000000000004,0.012006074797323407
60.18,0.012708770247794376
60.185,0.013395071014471682
60.19,0.014058573631391624
60.195,0.014692806076961773
60.2,0.015291335831420838
60.205,0.01584788441418894
60.21,0.01635644561896399
60.215,0.016811404329889257
60.22,0.01720765257798007
60.225,0.017540699379864577
60.230000000000004,0.017806770932672578
60.235,0.018002897894341174
60.24,0.018126986796367817
60.245000000000005,0.01817787306544716
60.25,0.01815535370294441
60.255,0.018060198315062337
60.26,0.01789413791982497
60.265,0.017659831705657325
60.27,0.017360812675342174
60.275,0.01700141382500675
60.28,0.016586677145873807
60.285000000000004,0.016122248290479035
60.29,0.015614260149295234
60.295,0.015069208869668671
60.300000000000004,0.01449382597392912
60.305,0.013894950210289636
60.31,0.013279402613086688
60.315,0.012653867961699206
60.32,0.01202478543700991
60.325,0.011398250811755162
60.33,0.010779931978532886
60.335,0.010174999090811099
60.34,0.009588070029405316
60.345,0.009023171400841079
60.35,0.008483714785676
60.355000000000004,0.007972487546300755
60.36,0.007491657147099318
60.365,0.007042787671229789
60.370000000000005,0.006626867021005012
60.375,0.0062443431671717065
60.38,0.005895167760730402
60.385,0.005578845431111645
60.39,0.005294487156279004
60.395,0.005040866195683336
60.4,0.004816475212203741
60.405,0.00461958336676993
60.410000000000004,0.004448292339488624
60.415,0.004300590402735338
60.42,0.004174403843265395
60.425000000000004,0.004067645187475044
60.43,0.0039782578324629725
60.435,0.003904256814355911
60.44,0.0038437655538796633
60.445,0.003795048511559651
60.45,0.00375653975359036
60.455,0.0037268674813513147
60.46,0.0037048746102796293
60.465,0.0036896354999166325
60.47,0.003680468940761711
60.475,0.0036769474927952402
60.480000000000004,0.003678903252446384
60.485,0.0036864300986929333
60.49,0.0036998824387094453
60.495000000000005,0.0037198704412214623
60.5,0.003747251716165634
60.505,0.003783119369678234
60.51,0.003828786344203472
60.515,0.0038857659408391143
60.52,0.003955748417919569
60.525,0.004040573575936346
60.53,0.004142199263746704
60.535000000000004,0.004262665788121289
60.54,0.004404056273962453
60.545,0.004568453106054804
60.550000000000004,0.004757890688122046
60.555,0.0049743048788339905
60.56,0.005219479606719091
60.565,0.005494991320205145
60.57,0.00580215210032442
60.575,0.006141952430622766
60.58,0.00651500479622058
60.585,0.0069214894397120474
60.59,0.007361103750717746
60.595,0.007833016874087662
60.6,0.008335831203513777
60.605000000000004,0.008867552446574223
60.61,0.009425569920235688
60.615,0.01000664862888101
60.620000000000005,0.010606934508199828
60.625,0.011221973960410025
60.63,0.011846748485751846
60.635,0.012475724810286692
60.64,0.013102920450027256
60.645,0.013721984142637922
60.65,0.014326290037235623
60.655,0.014909043980729564
60.660000000000004,0.01546339971776689
60.665,0.015982582324109984
60.67,0.016460015789583338
60.675000000000004,0.01688945134078068
60.68,0.017265092903372192
60.685,0.01758171603557912
60.69,0.017834776753652193
60.695,0.018020506905521927
60.7,0.018135993121099148
60.705,0.01817923688835066
60.71,0.018149193907511574
60.715,0.018045791589258897
60.72,0.017869924298679507
60.725,0.01762342671288053
60.730000000000004,0.01730902639410914
60.735,0.01693027735556285
60.74,0.016491476994890064
60.745000000000005,0.015997569236272824
60.75,0.015454037079351224
60.755,0.014866787948896842
60.76,0.01424203531108148
60.765,0.01358617994129574
60.77,0.012905694035861615
60.775,0.012207011055181738
60.78,0.011496423794181254
60.785000000000004,0.010779992733539245
60.79,0.010063466238825924
60.795,0.009352213677896515
60.800000000000004,0.008651172052065448
60.805,0.007964806272401148
60.81,0.007297082812318223
60.815,0.006651456113081267
60.82,0.0060308668250979025
60.825,0.005437750751736914
60.83,0.004874057197998383
60.835,0.004341275334322603
60.84,0.003840467144698323
60.845,0.003372305539860676
60.85,0.0029371162662110706
60.855000000000004,0.0025349223258963605
60.86,0.0021654897290934727
60.865,0.001828373524605631
60.870000000000005,0.0015229631843221014
60.875,0.001248526551329121
60.88,0.0010042516900301557
60.885,0.0007892860996645545
60.89,0.0006027728620709993
60.895,0.00044388339465251114
60.9,0.0003118465618786592
60.905,0.00020597396853194727
60.910000000000004,0.00012568131438128738
60.915,7.050573229121226e-05
60.92,4.011906032351173e-05
60.925000000000004,3.4337023773529755e-05
60.93,5.312431215010599e-05
60.935,9.65955457252754e-05
60.94,0.00016501213162434247
60.945,0.0002587750115898846
60.95,0.0003784133109995258
60.955,0.0005245689088551053
60.96,0.0006979769652020185
60.965,0.0008994424683290703
60.97,0.0011298129013979086
60.975,0.0013899471766647409
60.980000000000004,0.0016806810500487046
60.985,0.0020027893029750388
60.99,0.0023569450737488395
60.995000000000005,0.0027436768225008734
61.0,0.003163323533581952
61.005,0.0036159888833644516
61.01,0.004101495234252184
61.015,0.00461933845066298
61.02,0.0051686446555567755
61.025,0.005748130167221532
61.03,0.006356065947233702
61.035000000000004,0.006990247961176976
61.04,0.007647974883099096
61.045,0.008326034557828876
61.050000000000004,0.00902070057122728
61.055,0.009727740145123676
61.06,0.010442434387272215
61.065,0.011159611660247037
61.07,0.011873694519223932
61.075,0.012578760277062173
61.08,0.013268614825339142
61.085,0.01393687887017947
61.09,0.014577085244962262
61.095,0.015182785475420957
61.1,0.015747663305795356
61.105000000000004,0.016265652467783553
61.11,0.01673105563770605
61.115,0.01713866127161978
61.120000000000005,0.017483854871521487
61.125,0.017762721241794566
61.13,0.017972134425598085
61.135,0.01810983229444929
61.14,0.018174473183314888
61.145,0.018165672498234642
61.15,0.01808401786882996
61.155,0.017931062125910557
61.160000000000004,0.017709294141923237
61.165,0.017422088323762353
61.17,0.017073634281430827
61.175000000000004,0.016668848846357776
61.18,0.01621327318492405
61.185,0.01571295818994045
61.19,0.01517434163936926
61.195,0.014604120764701634
61.2,0.014009123881237429
61.205,0.013396184594846261
61.21,0.012772021835118608
61.215,0.01214312859862332
61.22,0.01151567182301605
61.225,0.010895405306072803
61.230000000000004,0.010287597037390128
61.235,0.009696971765102091
61.24,0.009127669091903101
61.245000000000005,0.00858321690937558
61.25,0.008066519548176387
61.255,0.007579859660946653
61.26,0.007124912564854924
61.265,0.006702771563134036
61.27,0.006313982627144554
61.275,0.005958586757829565
61.28,0.005636168344297587
61.285000000000004,0.0053459078898221435
61.29,0.005086637574260422
61.295,0.004856898249856911
61.300000000000004,0.004654996626785923
61.305,0.004479061566570408
61.31,0.00432709857866076
61.315,0.004197041785174882
61.32,0.004086802779389664
61.325,0.0039943159539919115
61.33,0.003917580008110821
61.335,0.0038546954537783673
61.34,0.003803898039154152
61.345,0.0037635880773292385
61.35,0.0037323557262687324
61.355000000000004,0.0037090022999571315
61.36,0.0036925577110004937
61.365,0.0036822941513677404
61.370000000000005,0.0036777361071983925
61.375,0.003678666790269649
61.38,0.0036851310408587967
61.385,0.0036974347288694642
61.39,0.0037161406474940373
61.395,0.003742060862929386
61.4,0.0037762454543375235
61.405,0.0038199675578654
61.410000000000004,0.003874704611597224
61.415,0.003942115696854209
61.42,0.004024014880803506
61.425000000000004,0.0041223404892876125
61.43,0.004239120282628406
61.435,0.004376432566737698
61.44,0.004536363354597839
61.445,0.004720959791335133
61.45,0.004932180179052281
61.455,0.005171841074892214
61.46,0.005441562089048446
61.465,0.005742709177159355
61.47,0.00607633739019775
61.475,0.006443134222173796
61.480000000000004,0.006843364853736489
61.485,0.007276820742816881
61.49,0.007742773131504066
61.495000000000005,0.008239933120396614
61.5,0.008766420001066422
61.505,0.00931973951319165
61.51,0.009896773604179288
61.515,0.010493783112707433
61.52,0.011106424555748617
61.525,0.011729781888959678
61.53,0.012358413722182604
61.535000000000004,0.01298641601933781
61.54,0.01360749981488496
61.545,0.014215082935056245
61.550000000000004,0.014802394171194777
61.555,0.015362587811342365
61.56,0.015888865943729513
61.565000000000005,0.016374605512801566
61.57,0.01681348677447403
61.575,0.017199619571869107
61.58,0.017527663769762114
61.585,0.017792940236766697
61.59,0.01799152897648071
61.595,0.018120351359399933
61.6,0.01817723389181225
61.605000000000004,0.018160951561192462
61.61,0.01807124948013694
61.615,0.017908842293167027
61.620000000000005,0.01767539157142295
61.625,0.017373462161714315
61.63,0.017006459149172315
61.635,0.01657854770075673
61.64,0.01609455855706088
61.645,0.015559882309243989
61.65,0.01498035583539803
61.655,0.014362144352681128
61.660000000000004,0.013711622500547804
61.665,0.0130352576904329
61.67,0.012339498671281035
61.675000000000004,0.011630671890298316
61.68,0.010914887783826543
61.685,0.010197958660494777
61.690000000000005,0.009485329341941906
61.695,0.00878202123704952
61.7,0.008092590073292882
61.705,0.0074210970818207045
61.71,0.006771093075469636
61.715,0.00614561455458329
61.72,0.0055471907410513666
61.725,0.0049778602692160945
61.730000000000004,0.004439196156914349
61.735,0.003932337629462879
61.74,0.003458027371641137
61.745000000000005,0.00301665282677277
61.75,0.0026082902390536233
61.755,0.0022327502407613053
61.76,0.0018896239052086372
61.765,0.0015783283163068873
61.77,0.001298150839490031
61.775,0.0010482914097571516
61.78,0.0008279022744903664
61.785000000000004,0.0006361247435466844
61.79,0.0004721225987351918
61.795,0.0003351119030148286
61.800000000000004,0.00022438701931715155
61.805,0.00013934271013826827
61.81,7.949223189196442e-05
61.815000000000005,4.448137165805749e-05
61.82,3.409839596782324e-05
61.825,4.8279897726981325e-05
61.83,8.711253237964067e-05
61.835,0.00015083064413612401
61.84,0.00023980978210025317
61.845,0.00035455611656298736
61.85,0.0004956917703637931
61.855000000000004,0.0006639360995617238
61.86,0.0008600829800715637
61.865,0.0010849741908898203
61.870000000000005,0.0013394690342174442
61.875,0.0016244103890477035
61.88,0.0019405874724309768
61.885,0.0022886956718286555
61.89,0.0026692939102472835
61.895,0.0030827601276488537
61.9,0.0035292455808200174
61.905,0.004008628798439773
61.910000000000004,0.004520470161281764
61.915,0.005063968204536806
61.92,0.005637918860045943
61.925000000000004,0.0062406789542261976
61.93,0.006870135353596041
61.935,0.007523681183457143
61.940000000000005,0.008198200545962209
61.945,0.008890063099251222
61.95,0.009595129746422515
61.955,0.010308770504241949
61.96,0.011025895370963212
61.965,0.011740998705626282
61.97,0.012448217255261795
61.975,0.013141401543066422
61.980000000000004,0.013814199865919363
61.985,0.014460153655985408
61.99,0.0150728024755864
61.995000000000005,0.015645796432121273
62.0,0.016173013377809298
62.005,0.016648677889520513
62.01,0.017067478760328214
62.015,0.017424681573828593
62.02,0.017716232905357288
62.025,0.01793885280608265
62.03,0.01809011248094805
62.035000000000004,0.01816849446012725
62.04,0.018173433088463753
62.045,0.018105333772197696
62.050000000000004,0.017965570129945263
62.055,0.01775645894174005
62.06,0.01748121354553689
62.065000000000005,0.017143877071447378
62.07,0.01674923757247626
62.075,0.01630272769919827
62.08,0.015810312027618068
62.085,0.015278365485713152
62.09,0.014713546501564423
62.095,0.014122668536089122
62.1,0.013512573549967044
62.105000000000004,0.01289001071449647
62.11,0.012261523323655155
62.115,0.011633346422375013
62.120000000000005,0.011011317162065382
62.125,0.010400799353551093
62.13,0.009806623142484483
62.135,0.009233040198516562
62.14,0.008683694310960277
62.145,0.008161606848787528
62.15,0.007669176160160163
62.155,0.00720818968935788
62.160000000000004,0.006779847361869429
62.165,0.006384794640290181
62.17,0.006023163576484691
62.175000000000004,0.005694620173107623
62.18,0.005398416412042195
62.185,0.005133445395639313
62.190000000000005,0.004898298175170623
62.195,0.004691320986863978
62.2,0.004510671787277154
62.205,0.0043543751473551495
62.21,0.0042203747396118985
62.215,0.004106582814817461
62.22,0.004010926217837163
62.225,0.0039313886263796505
62.230000000000004,0.0038660488163362317
62.235,0.0038131148518929514
62.24,0.003770954179613817
62.245000000000005,0.0037381196611530054
62.25,0.003713371620333583
62.255,0.00369569600271491
62.26,0.0036843187524878696
62.265,0.0036787165073300723
62.27,0.0036786236961228944
62.275,0.0036840360991561294
62.28,0.0036952109053056403
62.285000000000004,0.003712663263880589
62.29,0.0037371593023609595
62.295,0.003769705548883673
62.300000000000004,0.003811534675426609
62.305,0.0038640874625281985
62.31,0.003928990879646488
62.315000000000005,0.004008032182663435
62.32,0.0041031289529889214
62.325,0.00421629503976817
62.33,0.0043496024268536715
62.335,0.00450513912065631
62.34,0.004684963253291485
62.345,0.004891053713006244
62.35,0.005125257747106815
62.355000000000004,0.005389236135510345
62.36,0.0056844066970498375
62.365,0.006011887059528931
62.370000000000005,0.0063724378010743266
62.375,0.006766407232492
62.38,0.007193679245082407
62.385,0.007653625772483963
62.39,0.008145065506901972
62.395,0.008666230557061283
62.4,0.009214742722036817
62.405,0.009787600983059974
62.410000000000004,0.010381181668698503
62.415,0.01099125252314792
62.42,0.011613001613763885
62.425000000000004,0.0122410816345635
62.43,0.012869669726988775
62.435,0.01349254244358633
62.440000000000005,0.014103164948242153
62.445,0.014694793001055473
62.45,0.015260585732509213
62.455,0.015793726709251388
62.46,0.016287550346653745
62.465,0.016735670369065758
62.47,0.01713210677232979
62.475,0.017471407630274882
62.480000000000004,0.01774876211428733
62.485,0.01796010127542047
62.49,0.018102183466766064
62.495000000000005,0.01817266173705434
62.5,0.018170131121827637
62.505,0.018094154413695662
62.51,0.017945265741118988
62.515,0.0177249520328715
62.52,0.017435613203048206
62.525,0.017080502588800783
62.53,0.016663649802644898
62.535000000000004,0.016189768683091188
62.54,0.015664153419994165
62.545,0.015092566197520085
62.550000000000004,0.014481119803132714
62.555,0.0138361586408422
62.56,0.013164141420521247
62.565000000000005,0.012471528539119703
62.57,0.011764676803636576
62.575,0.011049743722683303
62.58,0.010332603113777594
62.585,0.009618773289094662
62.59,0.008913358583779285
62.595,0.008221004532654064
62.6,0.007545866568399617
62.605000000000004,0.006891591742213876
62.61,0.006261312654801898
62.615,0.00565765253597128
62.620000000000005,0.0050827402293478485
62.625,0.0045382337206838486
62.63,0.004025350787056681
62.635,0.003544905340170601
62.64,0.0030973480679419296
62.645,0.0026828100589950665
62.65,0.002301148186081292
62.655,0.0019519911474041862
62.660000000000004,0.001634785193752819
62.665,0.0013488386979108036
62.67,0.0010933648607398538
62.675000000000004,0.0008675219677796164
62.68,0.0006704507295005602
62.685,0.0005013083382450212
62.690000000000005,0.0003592989685488046
62.695,0.00024370051675459692
62.7,0.00015388744271116472
62.705,8.934961913456552e-05
62.71,4.970713072287303e-05
62.715,3.4720990585754286e-05
62.72,4.42997557284254e-05
62.725,7.850203350909246e-05
62.730000000000004,0.00013753487754114557
62.735,0.00022174807322494772
62.74,0.0003316243209160463
62.745000000000005,0.00046776533035530754
62.75,0.0006308738567986083
62.755,0.0008217317294425541
62.76,0.001041173957504249
62.765,0.0012900590409476997
62.77,0.0015692356747250003
62.775,0.0018795061016572134
62.78,0.0022215864605925617
62.785000000000004,0.0025960645742673094
62.79,0.003003355732781543
62.795,0.0034436571554952167
62.800000000000004,0.003916901941034112
62.805,0.004422713450287219
62.81,0.004960361197628771
62.815000000000005,0.005528719443837815
62.82,0.006126229794380933
62.825,0.006750869177899688
62.83,0.007400124631598004
62.835,0.008070976321466361
62.84,0.008759890174175666
62.845,0.009462821398518173
62.85,0.010175230002062108
62.855000000000004,0.010892109174989173
62.86,0.011608027116242425
62.865,0.012317182513445601
62.870000000000005,0.013013473471495729
62.875,0.013690579227496613
62.88,0.014342053502439
62.885,0.014961427844831121
62.89,0.01554232284573942
62.895,0.01607856465994928
62.9,0.016564303896046795
62.905,0.016994133642487697
62.910000000000004,0.017363203229223245
62.915,0.01766732425485884
62.92,0.017903065511376326
62.925000000000004,0.018067833653013565
62.93,0.01815993683065642
62.935,0.01817862900470857
62.940000000000005,0.018124133258524466
62.945,0.017997643117801942
62.95,0.017801301631791944
62.955,0.01753815872081077
62.96,0.01721210805112605
62.965,0.016827805369175053
62.97,0.01639057084760509
62.975,0.015906278471003787
62.980000000000004,0.015381235857240938
62.985,0.014822058114759784
62.99,0.014235539402353226
62.995000000000005,0.01362852577304352
63.0,0.013007792665234774
63.005,0.012379930074523315
63.01,0.011751238004663378
63.015,0.011127634311108636
63.02,0.01051457650916987
63.025,0.009916998571135593
63.03,0.009339263203294479
63.035000000000004,0.0087851295856467
63.04,0.008257736108046032
63.045,0.0077595972433215366
63.050000000000004,0.007292613387932079
63.055,0.006858092253747117
63.06,0.006456780239634696
63.065000000000005,0.0060889021144170385
63.07,0.005754207323578342
63.075,0.005452021265874407
63.08,0.005181299963508579
63.085,0.00494068667707559
63.09,0.0047285691549872055
63.095,0.004543136376490509
63.1,0.00438243381668002
63.105000000000004,0.004244416435201792
63.11,0.004126998755405786
63.115,0.004028101556151853
63.120000000000005,0.003945694836583247
63.125,0.0038778368353673542
63.13,0.0038227089884537158
63.135,0.0037786467885929653
63.14,0.0037441665740410857
63.145,0.0037179883153905524
63.15,0.003699054494730847
63.155,0.0036865451834254825
63.160000000000004,0.0036798894195025737
63.165,0.0036787729733947674
63.17,0.00368314256772459
63.175000000000004,0.003693206589068132
63.18,0.0037094322981422456
63.185,0.003732539512966482
63.190000000000005,0.0037634907104993065
63.195,0.003803477466281624
63.2,0.0038539031348236996
63.205,0.003916361665075474
63.21,0.003992612450837374
63.215,0.004084551134177605
63.22,0.00419417631543606
63.225,0.004323552178487233
63.230000000000004,0.004474767112326639
63.235,0.004649888503159616
63.24,0.004850913985708694
63.245000000000005,0.005079719571929431
63.25,0.00533800522757133
63.255,0.005627238623942432
63.26,0.005948597967607938
63.265,0.006302914980041763
63.27,0.006690619268555409
63.275,0.007111685485767794
63.28,0.007565584803820968
63.285000000000004,0.00805124233279031
63.29,0.008567002161534276
63.295,0.009110601705913268
63.300000000000004,0.009679156983384729
63.305,0.010269160303042923
63.31,0.010876491649167264
63.315000000000005,0.011496444754424573
63.32,0.012123768496756782
63.325,0.012752723826928047
63.33,0.01337715594897304
63.335,0.013990580947158548
63.34,0.014586285513466635
63.345,0.015157437875856772
63.35,0.015697207522762824
63.355000000000004,0.01619889085674231
63.36,0.016656039534368006
63.365,0.017062587986991673
63.370000000000005,0.017412976471668173
63.375,0.01770226600627467
63.38,0.017926241693871248
63.385,0.0180815012387896
63.39,0.018165525895987855
63.395,0.018176731654058642
63.4,0.018114499111256066
63.405,0.017979181226913
63.410000000000004,0.017772088886921722
63.415,0.017495454976589997
63.42,0.017152378371498855
63.425000000000004,0.016746749892224244
63.43,0.016283162821714825
63.435,0.01576681099784949
63.440000000000005,0.015203377782906813
63.445,0.014598919352270201
63.45,0.013959745750714347
63.455,0.013292303028947572
63.46,0.012603059532249716
63.465,0.011898399066176069
63.47,0.011184523247099065
63.475,0.010467364880835106
63.480000000000004,0.00975251371817265
63.485,0.009045155448742292
63.49,0.00835002431836429
63.495000000000005,0.007671369322071797
63.5,0.0070129335399968795
63.505,0.006377945854946887
63.51,0.005769124033966122
63.515,0.005188687959755356
63.52,0.004638381664941349
63.525,0.004119502757275129
63.53,0.003632937804475489
63.535000000000004,0.00317920227307944
63.54,0.0027584836912240007
63.545,0.002370686789367582
63.550000000000004,0.0020154794976914303
63.555,0.001692338798682691
63.56,0.0014005955724032404
63.565000000000005,0.0011394776987074806
63.57,0.0009081508123900406
63.575,0.0007057562195604827
63.58,0.0005314455937688312
63.585,0.0003844121592131433
63.59,0.0002639181470419638
63.595,0.00016931837609590605
63.6,0.00010007985403379105
63.605000000000004,5.579733951698723e-05
63.61,3.620482398873073e-05
63.615,4.1182916503672284e-05
63.620000000000005,7.076211991141612e-05
63.625,0.00012512199692032988
63.63,0.00020458622448693564
63.635,0.0003096135454592197
63.64,0.0004407846259519843
63.645,0.0005987848495876413
63.65,0.0007843830901146376
63.655,0.000998406544685082
63.660000000000004,0.0012417117428240587
63.665,0.001515151908946244
63.67,0.0018195409188921374
63.675000000000004,0.002155614181611476
63.68,0.0025239868657447317
63.685,0.002925110012489185
63.690000000000005,0.00335922518557652
63.695,0.0038263184505780146
63.7,0.004326074598106189
63.705,0.004857832665029704
63.71,0.005420543926126342
63.715,0.0060127336380570995
63.72,0.00663246790334604
63.725,0.007277327071950168
63.730000000000004,0.007944387111113116
63.735,0.008630210336917798
63.74,0.009330846805887916
63.745000000000005,0.010041847510240842
63.75,0.010758290298316098
63.755,0.011474819156312321
63.76,0.012185697131840811
63.765,0.012884872781022239
63.77,0.013566059560940147
63.775,0.014222827111623815
63.78,0.01484870287681872
63.785000000000004,0.015437282026329768
63.79,0.015982343197407545
63.795,0.01647796717938732
63.800000000000004,0.01691865535704906
63.805,0.01729944453438037
63.81,0.017616014672597657
63.815000000000005,0.01786478614158682
63.82,0.018043003283395365
63.825,0.018148801428679917
63.83,0.018181254973875127
63.835,0.018140404726167958
63.84,0.01802726338308247
63.845,0.017843798762896768
63.85,0.017592895149320498
63.855000000000004,0.0172782938721312
63.86,0.01690451493757905
63.865,0.01647676215002747
63.870000000000005,0.01600081467763914
63.875,0.015482908392577599
63.88,0.014929610568412244
63.885,0.014347691591922285
63.89,0.013743997302466227
63.895,0.013125325371213137
63.9,0.012498308821363935
63.905,0.011869309378663928
63.910000000000004,0.011244322857805855
63.915,0.01062889825963964
63.92,0.010028071709516695
63.925000000000004,0.0094463158202025
63.93,0.00888750455965237
63.935,0.008354893231828697
63.940000000000005,0.007851112784223346
63.945,0.0073781773197723055
63.95,0.006937503442477677
63.955,0.0065299398839329115
63.96,0.0061558057590662685
63.965,0.005814935759632434
63.97,0.005506730622668599
63.975,0.00523021128013923
63.980000000000004,0.004984075213265271
63.985,0.004766753675705893
63.99,0.004576468610238749
63.995000000000005,0.004411288256507717
64.0,0.004269180619364654
64.005,0.004148064133321583
64.01,0.0040458550190729525
64.015,0.003960510965868913
64.02,0.003890070901696241
64.025,0.003832690716417675
64.03,0.0037866748883681467
64.035,0.0037505040315500837
64.04,0.0037228584248468755
64.045,0.0037026376156701346
64.05,0.0036889762012418947
64.055,0.003681255892012583
64.06,0.003679113947920769
64.065,0.0036824480585685854
64.07000000000001,0.0036914177105961676
64.075,0.0037064420545122045
64.08,0.003728194251843231
64.08500000000001,0.0037575922529982098
64.09,0.0037957859297481633
64.095,0.003844140467487156
64.1,0.003904215912855058
64.105,0.003977742773580317
64.11,0.00406659358454986
64.115,0.004172750385885493
64.12,0.004298268109626413
64.125,0.004445233940755244
64.13,0.004615722808469336
64.135,0.004811749272619181
64.14,0.005035216199182457
64.145,0.005287860763687036
64.15,0.00557119848184584
64.155,0.005886466135311963
64.16,0.006234564633727402
64.165,0.006616003023230732
64.17,0.0070308450105791565
64.175,0.007478659509004615
64.18,0.007958476814796
64.185,0.00846875209292719
64.19,0.009007337855141628
64.19500000000001,0.009571467070930595
64.2,0.010157748426387059
64.205,0.010762175058800949
64.21000000000001,0.011380147817543929
64.215,0.01200651376232642
64.22,0.012635620187758434
64.225,0.013261383991316933
64.23,0.013877375681811799
64.235,0.01447691678082208
64.24,0.015053188821404717
64.245,0.015599351630573466
64.25,0.01610866811006062
64.255,0.016574632331767702
64.26,0.01699109748945915
64.265,0.017352400064453377
64.27,0.017653476554833958
64.275,0.017889969227908864
64.28,0.01805831763469712
64.285,0.018155833035415014
64.29,0.018180753421930262
64.295,0.018132277470371605
64.3,0.018010576462316408
64.305,0.017816783976115858
64.31,0.017552963898673113
64.315,0.01722205803832111
64.32000000000001,0.01682781527663124
64.325,0.01637470475684566
64.33,0.01586781606045662
64.33500000000001,0.015312749624065702
64.34,0.014715500829616701
64.345,0.014082341219296524
64.35,0.013419700188450179
64.355,0.012734050276542064
64.36,0.012031798857599085
64.365,0.011319188613740039
64.37,0.010602208731818052
64.375,0.009886518260888266
64.38,0.009177382582652882
64.385,0.008479623469845876
64.39,0.007797582757397947
64.395,0.00713509926658773
64.4,0.006495498273878297
64.405,0.0058815925519937196
64.41,0.005295693799075352
64.415,0.004739633131061183
64.42,0.004214789232133143
64.425,0.00372212273009076
64.43,0.0032622153881156635
64.435,0.0028353127601894457
64.44,0.00244136905106096
64.44500000000001,0.0020800930334097245
64.45,0.001750993996766148
64.455,0.0014534268418628926
64.46000000000001,0.0011866355586716004
64.465,0.0009497944620942
64.47,0.0007420466720224894
64.475,0.0005625394372084092
64.48,0.0004104559950888209
64.485,0.00028504373929216786
64.49,0.0001856385348787959
64.495,0.00011168507081674162
64.5,6.275318209868208e-05
64.505,3.8550097726040844e-05
64.51,3.89285935774291e-05
64.515,6.389103889434256e-05
64.52,0.00011358933144473005
64.525,0.00018832072292873647
64.53,0.00028851953688080467
64.535,0.0004147447927003167
64.54,0.0005676637568676757
64.545,0.0007480314651520104
64.55,0.0009566662848397023
64.555,0.0011944216296417842
64.56,0.0014621539878234557
64.565,0.0017606874956737073
64.57000000000001,0.00209077536432023
64.575,0.002453058568095301
64.58,0.002848022305582454
64.58500000000001,0.003275950868465216
64.59,0.003736881680321602
64.595,0.004230559397987221
64.6,0.00475639110429249
64.605,0.005313403741324052
64.61,0.005900205051435847
64.615,0.0065149493739440345
64.62,0.007155309713711588
64.625,0.007818457511145738
64.63,0.008501051517278313
64.635,0.009199237096058965
64.64,0.00990865713237099
64.645,0.010624475510052633
64.65,0.011341413858790617
64.655,0.012053801919197582
64.66,0.012755641486275948
64.665,0.013440683443132428
64.67,0.014102516919837882
64.675,0.014734669117544286
64.68,0.015330713853181521
64.685,0.015884386418601792
64.69,0.01638970194786893
64.69500000000001,0.01684107415958991
64.7,0.017233431120892817
64.705,0.01756232457541529
64.71000000000001,0.017824029410064668
64.715,0.018015630012911288
64.72,0.01813509058457896
64.725,0.018181306920929785
64.73,0.0181541377452632
64.735,0.018054414338394054
64.74,0.017883927927584864
64.745,0.017645395071170356
64.75,0.017342402005809276
64.755,0.016979329661197085
64.76,0.016561261660932303
64.765,0.016093878183152555
64.77,0.015583338949983983
64.775,0.015036158888946716
64.78,0.014459080127544155
64.785,0.013858943946516433
64.79,0.013242566156087321
64.795,0.012616619060416667
64.8,0.011987522783840632
64.805,0.011361348258844828
64.81,0.010743733653704624
64.815,0.010139815470090241
64.82000000000001,0.009554174996367237
64.825,0.008990800288291467
64.83,0.008453063368211389
64.83500000000001,0.007943711925022967
64.84,0.007464874451731163
64.845,0.007018077488311292
64.85,0.00660427344592307
64.855,0.006223877375630238
64.86,0.00587681099032622
64.865,0.005562552268973064
64.87,0.005280189033651794
64.875,0.005028474997081034
64.88,0.004805886917385038
64.885,0.004610681653692161
64.89,0.004440952087673367
64.895,0.004294681047880999
64.9,0.004169792542156436
64.905,0.0040641997658790174
64.91,0.0039758494938366695
64.915,0.003902762596419862
64.92,0.0038430705265155574
64.925,0.0037950477143708916
64.93,0.0037571398744591367
64.935,0.0037279882814761356
64.94,0.003706450101140235
64.94500000000001,0.003691614879441557
64.95,0.003682817294849948
64.955,0.003679646267878374
64.96000000000001,0.003681950502873215
64.965,0.003689840511732434
64.97,0.0037036871364309887
64.975,0.0037241165587676983
64.98,0.0037520017513950066
64.985,0.003788450299945456
64.99,0.0038347885036416063
64.995,0.0038925416510537936
65.0,0.003963410366420561
65.005,0.004049242936763342
65.01,0.004152003557482686
65.015,0.004273736482785395
65.02,0.0044165261315907145
65.025,0.004582453287281574
65.03,0.004773547633084796
65.035,0.004991736992673523
65.04,0.0052387937859545985
65.045,0.0055162793680416655
65.05,0.005825487088097603
65.055,0.0061673850760008975
65.06,0.0065425599366317755
65.065,0.006951162692200086
65.07000000000001,0.0073928584544162845
65.075,0.00786678142078756
65.08,0.008371496862125127
65.08500000000001,0.008904971790009597
65.09,0.009464555955222664
65.095,0.010046974725174351
65.1,0.010648335203285342
65.105,0.011264146706174927
65.11,0.011889356370698323
65.115,0.012518400270305818
65.12,0.013145269946551963
65.125,0.013763593754717363
65.13,0.014366731875544048
65.135,0.014947883304273546
65.14,0.015500202593194956
65.145,0.016016923645032932
65.15,0.016491487446657516
65.155,0.016917670319138267
65.16,0.017289709073146753
65.165,0.017602419405150727
65.17,0.017851303965287002
65.175,0.018032646767935034
65.18,0.018143591013142668
65.185,0.018182197890290297
65.19,0.018147484571244377
65.19500000000001,0.01803944029710891
65.2,0.01785902021269692
65.205,0.017608117362684084
65.21000000000001,0.017289513997013728
65.215,0.016906814003416315
65.22,0.016464358875598606
65.225,0.01596713008420636
65.23,0.015420641065475138
65.235,0.01483082223069232
65.24,0.014203902461382256
65.245,0.013546290465505706
65.25,0.012864459171794351
65.255,0.012164836024727066
65.26,0.011453701654147608
65.265,0.010737098936850487
65.27,0.010020753990033882
65.275,0.009310010136552194
65.28,0.00860977540187946
65.285,0.007924483654068837
65.29,0.007258069088859287
65.295,0.006613953416392704
65.3,0.005995044819535167
65.305,0.005403747535222436
65.31,0.0048419807541773
65.315,0.004311205446276389
65.32000000000001,0.0038124576787605946
65.325,0.003346387010836338
65.33,0.0029132985991768834
65.33500000000001,0.0025131977367465197
65.34,0.002145835652515693
65.345,0.00181075552723442
65.35,0.0015073378091559064
65.355,0.001234844046205108
65.36,0.0009924585842635558
65.365,0.0007793275967236113
65.37,0.0005945950260630717
65.375,0.0004374351112990116
65.38,0.0003070812614378582
65.385,0.0002028511019336321
65.39,0.0001241675757715499
65.395,7.057602385607264e-05
65.4,4.175719864903116e-05
65.405,3.753618491293123e-05
65.41,5.788721557956067e-05
65.415,0.00010293437754529955
65.42,0.0001729482060356391
65.425,0.0002683381715687938
65.43,0.000389641069111768
65.435,0.0005375053302008048
65.44,0.0007126712942044922
65.44500000000001,0.0009159475067632705
65.45,0.001148183142922754
65.455,0.0014102367116497483
65.46000000000001,0.0017029412550266798
65.465,0.002027066336616201
65.47,0.0023832772065723873
65.475,0.0027720916360314263
65.48,0.003193835029959402
65.485,0.0036485945570010614
65.49,0.004136173165482759
65.495,0.004656044486919697
65.5,0.0052073097576670335
65.505,0.005788658001517177
65.51,0.0063983308108905845
65.515,0.0070340931324626155
65.52,0.007693211485381823
65.525,0.008372441027855615
65.53,0.00906802281189556
65.535,0.0097756924360759
65.54,0.010490701107890743
65.545,0.011207849867638231
65.55,0.01192153739297197
65.555,0.012625821422776795
65.56,0.013314493398041805
65.565,0.013981165445525079
65.57000000000001,0.014619368338692595
65.575,0.015222658577769721
65.58,0.0157847322705571
65.58500000000001,0.016299543070271483
65.59,0.016761421099928953
65.595,0.01716518953426771
65.6,0.017506275397245474
65.605,0.017780811130762686
65.61,0.017985723641601226
65.615,0.018118807822794736
65.62,0.018178781971165847
65.625,0.018165323066398287
65.63,0.018079080528231373
65.635,0.017921667777272887
65.64,0.017695631687715263
65.645,0.017404400767688344
65.65,0.017052213634144664
65.655,0.016644029997692655
65.66,0.01618542693249836
65.665,0.015682483637430522
65.67,0.01514165819494906
65.675,0.014569659971471083
65.68,0.013973321308640152
65.685,0.013359472007888229
65.69,0.01273481983560032
65.69500000000001,0.012105839906897842
65.7,0.011478675337404098
65.705,0.010859051044189272
65.71000000000001,0.010252202026038049
65.715,0.00966281691500015
65.72,0.009094997056848797
65.725,0.00855223090392343
65.73,0.008037383071084037
65.735,0.007552697050694945
65.74,0.0070998102988646394
65.745,0.006679780201741536
65.75,0.0062931192949697845
65.755,0.005939838057217983
65.76,0.005619493593258085
65.765,0.005331242584990292
65.77,0.005073896985008375
65.775,0.004845981059983018
65.78,0.004645788549622054
65.785,0.004471438871081368
65.79,0.004320931474926404
65.795,0.004192197627755689
65.8,0.004083149057155566
65.805,0.0039917230451780306
65.81,0.003915923684473022
65.815,0.0038538591275538714
65.82000000000001,0.0038037747487491558
65.825,0.0037640822146667308
65.83,0.003733384508286197
65.83500000000001,0.0037104969918009267
65.84,0.003694464606977116
65.845,0.0036845753194736652
65.85,0.0036803699045383615
65.855,0.0036816481521779847
65.86,0.003688471547561953
65.865,0.0037011624493377693
65.87,0.0037202997596490484
65.875,0.0037467110464629583
65.88,0.003781461051825641
65.885,0.003825836497128865
65.89,0.0038813270833193414
65.895,0.003949602580660017
65.9,0.004032485914277295
65.905,0.004131922177352365
65.91,0.004249943546310142
65.915,0.004388630137031946
65.92,0.004550066920890217
65.925,0.0047362969227116025
65.93,0.0049492710438237
65.935,0.0051907949936342845
65.94,0.005462473966506565
65.94500000000001,0.0057656558688155
65.95,0.006101374072130739
65.955,0.006470290839581949
65.96000000000001,0.0068726427389513844
65.965,0.0073081894973228145
65.97,0.007776167875267248
65.975,0.008275252216002116
65.98,0.008803523360086274
65.985,0.00935844758615545
65.99,0.009936867154053175
65.995,0.0105350038503218
66.0,0.011148476706114963
66.005,0.01177233472900241
66.01,0.012401105107045396
66.015,0.013028856882758788
66.02,0.013649279594879715
66.025,0.014255775842897833
66.03,0.014841566187477895
66.035,0.01539980425614118
66.04,0.015923699443941786
66.045,0.01640664416111548
66.05,0.01684234225659509
66.055,0.017224935033731015
66.06,0.017549121187364847
66.065,0.017810267069883423
66.07000000000001,0.018004503896413837
66.075,0.018128808874124047
66.08,0.018181067725230093
66.08500000000001,0.018160116683020533
66.09,0.018065762730117285
66.095,0.017898781592336377
66.1,0.017660893758964846
66.105,0.017354719543746455
66.11,0.0169837148858214
66.115,0.016552090194817737
66.12,0.01606471503258433
66.125,0.01552701179080529
66.13,0.014944841744394921
66.135,0.014324386943361134
66.14,0.013672031345148383
66.145,0.012994244411949296
66.15,0.012297470099973395
66.155,0.011588023791077262
66.16,0.01087199927870941
66.165,0.010155187430562762
66.17,0.009443007667996994
66.175,0.008740452907666452
66.18,0.008052048157559
66.185,0.007381822541049132
66.19,0.006733294168711268
66.19500000000001,0.006109466973772015
66.2,0.0055128383985092455
66.205,0.004945416653736601
66.21000000000001,0.004408746167857913
66.215,0.0039039397981923685
66.22,0.003431716380351446
66.225,0.0029924422399343342
66.23,0.0025861753666855947
66.235,0.002212711063393158
66.24,0.0018716279935970803
66.245,0.0015623336921422037
66.25,0.0012841087293979925
66.255,0.0010361488521479778
66.26,0.000817604549196993
66.265,0.0006276175979427201
66.27,0.0004653542524797327
66.275,0.00033003481605908824
66.28,0.00022095941506172778
66.285,0.0001375298452110374
66.29,7.926741029354312e-05
66.295,4.5826698706591396e-05
66.3,3.700527320836815e-05
66.305,5.274925514699852e-05
66.31,9.315480087690453e-05
66.315,0.00015846546568887288
66.32000000000001,0.0002490654595688202
66.325,0.0003654688028703612
66.33,0.0005083043994715819
66.33500000000001,0.0006782970612222439
66.34,0.0008762445435626098
66.345,0.0011029906850046345
66.35,0.0013593947938663753
66.355,0.001646297483096859
66.36,0.0019644832347704977
66.365,0.0023146400596321115
66.37,0.0026973167243458107
66.375,0.003112878135858921
66.38,0.0035614595920474557
66.385,0.004042920747394874
66.39,0.004556800268318284
66.395,0.005102272284332798
66.4,0.005678105861509408
66.405,0.006282628816903113
66.41,0.006913697270633179
66.415,0.00756867236342984
66.42,0.008244405561185886
66.425,0.008937233904276809
66.43,0.00964298644198891
66.435,0.010357002904981982
66.44,0.011074165420563276
66.44500000000001,0.011788943759501791
66.45,0.012495454225227576
66.455,0.013187531871498237
66.46000000000001,0.013858815263780855
66.465,0.014502842509436675
66.47,0.015113156795969473
66.475,0.01568341919116989
66.48,0.01620752604952358
66.485,0.01667972799683426
66.49,0.017094747211949368
66.495,0.01744788957141452
66.5,0.01773514820354194
66.505,0.017953295120122448
66.51,0.01809995785629326
66.515,0.01817367845100648
66.52,0.01817395262460053
66.525,0.018101247639769724
66.53,0.017956998036012806
66.535,0.017743579181590974
66.54,0.01746425934000939
66.545,0.01712313168597035
66.55,0.016725028368888673
66.555,0.01627541930656662
66.56,0.015780298841988838
66.565,0.015246063725800951
66.57000000000001,0.014679386052371513
66.575,0.01408708481344334
66.58,0.013475999601002542
66.58500000000001,0.012852869757470131
66.59,0.01222422189849226
66.595,0.011596268295658518
66.6,0.010974818096553207
66.605,0.010365202817187225
66.61,0.009772216998001682
66.615,0.009200074378739487
66.62,0.008652379461072002
66.625,0.008132113884638414
66.63,0.007641636674478036
66.635,0.0071826971189867805
66.64,0.006756458818848898
66.645,0.0063635333007088235
66.65,0.006004021521109237
66.655,0.0056775615724156125
66.66,0.005383380954173234
66.665,0.005120351862835548
66.67,0.004887048081966938
66.675,0.0046818022057806274
66.68,0.004502762095500046
66.685,0.004347945641974604
66.69,0.0042152930776158115
66.69500000000001,0.004102716245135252
66.7,0.004008144381119738
66.705,0.003929566107488736
66.71000000000001,0.003865067439311698
66.715,0.003812865714847291
66.72,0.0037713394299401237
66.725,0.003739054014624932
66.73,0.003714783630454077
66.735,0.0036975290860359056
66.74,0.0036865319773429772
66.745,0.003681285151700569
66.75,0.00368153957874018
66.755,0.0036873076879620076
66.76,0.0036988632027901147
66.765,0.0037167374695432076
66.77,0.0037417122486309573
66.775,0.003774808905668392
66.78,0.0038172739179851423
66.785,0.0038705605954962863
66.79,0.0039363069104592086
66.795,0.004016309339475388
66.8,0.00411249264231639
66.805,0.0042268755443855
66.81,0.004361532346502273
66.815,0.004518550565500767
66.82000000000001,0.004699984806128654
66.825,0.004907807184311608
66.83,0.0051438547559623515
66.83500000000001,0.005409774560519054
66.84,0.005706967050372214
66.845,0.006036528850399847
66.85,0.006399195963505022
66.855,0.006795288704379843
66.86,0.00722465979302811
66.865,0.00768664716435552
66.87,0.00818003313927207
66.875,0.008703011643873992
66.88,0.009253165149502252
66.885,0.009827452929361158
66.89,0.010422212072203507
66.895,0.011033172470870767
66.9,0.011655486694699846
66.905,0.012283775281147769
66.91,0.012912187535217612
66.915,0.013534477430781067
66.92,0.01414409367220415
66.925,0.01473428242957553
66.93,0.01529820071925414
66.935,0.015829037901827547
66.94,0.016320142324758535
66.94500000000001,0.01676514979689614
66.95,0.017158110330079523
66.955,0.017493609495986107
66.96000000000001,0.01776688076701305
66.965,0.017973905411757585
66.97,0.018111496843360442
66.975,0.018177366793125316
66.98,0.018170171267065882
66.985,0.018089534917841377
66.99,0.017936053208210012
66.995,0.017711272490927854
67.0,0.0174176488849227
67.005,0.017058487525932975
67.01,0.01663786438683701
67.015,0.01616053338146628
67.02,0.015631821850675465
67.025,0.01505751778007891
67.03,0.014443752209171379
67.035,0.01379688025382464
67.04,0.013123364008542637
67.045,0.01242966031961501
67.05,0.011722116054606602
67.055,0.01100687306638548
67.06,0.010289784568058735
67.065,0.009576344148030103
67.07000000000001,0.00887162816281517
67.075,0.0081802517798657
67.08,0.007506338522844658
67.08500000000001,0.0068535027949820915
67.09,0.006224844552916053
67.095,0.005622955053802059
67.1,0.005049932425373882
67.105,0.004507405688450206
67.11,0.0039965658114837765
67.115,0.003518202366645795
67.12,0.0030727444007379034
67.125,0.0026603042055217685
67.13,0.002280722774539612
67.135,0.0019336158531855219
67.14,0.0016184196142567941
67.145,0.0013344351296247225
67.15,0.0010808709367955416
67.155,0.000856883122315022
67.16,0.0006616124636911191
67.165,0.0004942182677152296
67.17,0.00035390863634587877
67.175,0.0002399669631880652
67.18,0.00015177452283399173
67.185,8.882906482368669e-05
67.19,5.075935385895347e-05
67.19500000000001,3.7335626207355414e-05
67.2,4.847594341841205e-05
67.205,8.424843891532974e-05
67.21000000000001,0.00014486945112718308
67.215,0.0002306975492756269
67.22,0.0003422234551887504
67.225,0.0004800558794333387
67.23,0.0006449033002593474
67.235,0.0008375517406276067
67.24,0.0010588386278969075
67.245,0.0013096228701687807
67.25,0.0015907513375337246
67.255,0.0019030220141660337
67.26,0.0022471441691349625
67.265,0.002623695997845843
67.27,0.003033080301706903
67.275,0.0034754788908468726
67.28,0.003950806532127871
67.285,0.004458665395413064
67.29,0.0049983010785421556
67.295,0.005568561416819051
67.3,0.006167859379500484
67.305,0.006794141439652179
67.31,0.007444862840529254
67.315,0.008116971185359034
67.32000000000001,0.008806899725698258
67.325,0.00951057161467972
67.33,0.010223416216639691
67.33500000000001,0.010940398333548984
67.34,0.01165606089527671
67.345,0.012364581305568834
67.35,0.01305984120814685
67.355,0.01373550897961806
67.36,0.01438513377127748
67.365,0.015002249420309255
67.37,0.015580486082789946
67.375,0.016113686996817478
67.38,0.016596027414628622
67.385,0.017022132462631845
67.39,0.017387190511890083
67.395,0.017687058599911154
67.4,0.017918356539340152
67.405,0.018078546581925536
67.41,0.018165995887713393
67.415,0.018180019546164772
67.42,0.018120902513082626
67.425,0.017989899517132812
67.43,0.017789212735095816
67.435,0.017521947795543724
67.44,0.01719204940811636
67.44500000000001,0.016804218602430865
67.45,0.016363814154189527
67.455,0.015876741260175464
67.46000000000001,0.015349330871295308
67.465,0.014788213295389596
67.47,0.014200189733330149
67.475,0.013592105321727388
67.48,0.012970727026011986
67.485,0.01234262939231101
67.49,0.011714090730045257
67.495,0.011091001801769806
67.5,0.010478788557815477
67.505,0.009882349910480315
67.51,0.00930601099780759
67.515,0.008753491895397758
67.52,0.008227891280263577
67.525,0.0077316841661669855
67.53,0.007266732521824082
67.535,0.006834307346410995
67.54,0.006435120618295542
67.545,0.006069365450048991
67.55,0.0057367627596800475
67.555,0.005436612807510954
67.56,0.005167850033387822
67.565,0.004929099748043342
67.57000000000001,0.004718735383159256
67.575,0.00453493516699055
67.58,0.004375737267393376
67.58500000000001,0.004239092612013273
67.59,0.004122914765359642
67.595,0.004025126392243283
67.6,0.003943701977073388
67.605,0.0038767065876204043
67.61,0.0038223305725257894
67.615,0.0037789201607076883
67.62,0.003745003993501639
67.625,0.0037193156597870036
67.63,0.0037008123307891716
67.635,0.0036886895995204283
67.64,0.0036823926261031585
67.645,0.0036816236766015606
67.65,0.003686346119177661
67.655,0.003696784913080814
67.66,0.0037134235962198447
67.665,0.0037369977422406775
67.67,0.0037684848322192543
67.675,0.0038090904585799112
67.68,0.0038602307626711685
67.685,0.003923511001408642
67.69,0.004000700142609226
67.69500000000001,0.0040937014090784984
67.7,0.004204518727934925
67.705,0.004335219098647869
67.71000000000001,0.004487890964459673
67.715,0.004664598769897665
67.72,0.004867333999433399
67.725,0.005097963125624716
67.73,0.005358173046184689
67.735,0.00564941474837255
67.74,0.0059728461146928424
67.745,0.006329274952245001
67.75,0.00671910349731597
67.755,0.007142275803104781
67.76,0.007598229542178814
67.765,0.008085853858318615
67.77,0.00860345495006598
67.775,0.009148731065195648
67.78,0.00971875852282622
67.785,0.010309990237267641
67.79,0.010918268009287857
67.795,0.011538849558579756
67.8,0.012166450905926496
67.805,0.012795304284164644
67.81,0.013419231265668685
67.815,0.014031730268762033
67.82000000000001,0.014626077057961595
67.825,0.015195436308587773
67.83,0.015732981797508927
67.83500000000001,0.016232022327905327
67.84,0.01668613012249409
67.845,0.017089268170693117
67.85,0.017435912870013226
67.855,0.01772116832668047
67.86,0.017940868827849954
67.865,0.01809166632007475
67.87,0.0181711001596625
67.875,0.018177646981193618
67.88,0.01811074918363431
67.885,0.017970821265059556
67.89,0.017759233994077306
67.895,0.017478277158105016
67.9,0.01713110233898618
67.905,0.016721647805571394
67.91,0.016254548148289416
67.915,0.015735031690599754
67.92,0.015168808994786787
67.925,0.014561955906781776
67.93,0.01392079458529949
67.935,0.013251775812875621
67.94,0.01256136564585475
67.94500000000001,0.011855939099230994
67.95,0.011141683148899517
67.955,0.010424510860918446
67.96000000000001,0.009709987969948486
67.965,0.009003272729913192
67.97,0.008309069402368863
67.975,0.007631595299731231
67.98,0.006974560934558838
67.985,0.006341162491837693
67.99,0.005734085594294669
67.995,0.005155519132713948
68.0,0.00460717781424691
68.005,0.004090332007864461
68.01,0.003605843460011471
68.015,0.003154205477424732
68.02,0.002735586251151112
68.025,0.0023498740842740062
68.03,0.0019967234079620866
68.035,0.0016756005950249175
68.04,0.0013858287137824554
68.045,0.001126630499359127
68.05,0.000897168940318327
68.055,0.0006965850015747677
68.06,0.0005240321051442898
68.065,0.0003787070811989146
68.07000000000001,0.0002598773832452883
68.075,0.0001669044170689027
68.08,9.926288804470995e-05
68.08500000000001,5.65561038829987e-05
68.09,3.85271971470385e-05
68.095,4.506624867993761e-05
68.1,7.6213302877437e-05
68.105,0.00013215727224419327
68.11,0.00021323073113055369
68.115,0.0003199006062616361
68.12,0.00045275477516359963
68.125,0.0006124846031572151
68.13,0.0007998634628698653
68.135,0.001015721320754892
68.14,0.001260915507788507
68.145,0.0015362978580002462
68.15,0.0018426784590825918
68.155,0.0021807863507552483
68.16,0.0025512276010637436
68.165,0.0029544413040873962
68.17,0.0033906541636632426
68.175,0.0038598344585363265
68.18,0.004361646316095147
68.185,0.004895405353993354
68.19,0.00546003687101404
68.19500000000001,0.006054037875621532
68.2,0.0066754443221164195
68.205,0.007321804976587742
68.21000000000001,0.007990163341073497
68.215,0.00867704902434241
68.22,0.009378479852873767
68.225,0.01008997584867899
68.23,0.010806585984987294
68.235,0.011522928328520976
68.24,0.012233243832380225
68.245,0.012931463626713935
68.25,0.013611289203836918
68.255,0.014266284409018226
68.26,0.014889977652885023
68.265,0.015475972283983452
68.27,0.016018062604295835
68.275,0.016510352637332915
68.28,0.016947374443109453
68.285,0.01732420259427414
68.29,0.01763656134787084
68.295,0.01788092111936379
68.3,0.018054581074636644
68.305,0.01815573500854839
68.31,0.0181835181514316
68.315,0.018138033149753596
68.32000000000001,0.01802035413625447
68.325,0.01783250854943219
68.33,0.01757743711890214
68.33500000000001,0.017258933178965208
68.34,0.016881563173065217
68.345,0.01645057081975665
68.35000000000001,0.015971767926966862
68.355,0.015451415201848562
68.36,0.014896096648907786
68.365,0.014312591215976056
68.37,0.013707745291938522
68.375,0.01308834945096038
68.38,0.012461022522256116
68.385,0.011832105645968483
68.39,0.01120756848615656
68.395,0.010592929244207738
68.4,0.009993189564738714
68.405,0.009412784888166215
68.41,0.008855550294001091
68.415,0.008324701420182379
68.42,0.007822829646112694
68.425,0.0073519103995138835
68.43,0.0069133232038787185
68.435,0.006507881902686918
68.44,0.006135873406300618
68.44500000000001,0.005797103270401394
68.45,0.005490946444201228
68.455,0.00521640160305914
68.46000000000001,0.004972147596138399
68.465,0.00475660068339856
68.47,0.0045679713967787805
68.47500000000001,0.004404320035532372
68.48,0.004263609973390814
68.485,0.004143758127516328
68.49,0.004042682089828276
68.495,0.0039583435672376766
68.5,0.003888787897438739
68.505,0.0038321795124596214
68.51,0.0037868333049564384
68.515,0.00375124191745857
68.52,0.003724099019611349
68.525,0.003704318665449291
68.53,0.003691050835448642
68.535,0.003683693266867273
68.54,0.0036818996622565757
68.545,0.003685584345250799
68.55,0.003694923405543088
68.555,0.003710352342919443
68.56,0.003732560189355194
68.565,0.003762480057721951
68.57000000000001,0.0038012760395329526
68.575,0.0038503263559270806
68.58,0.003911202657673307
68.58500000000001,0.003985645370627733
68.59,0.004075535003434716
68.595,0.004182859364951774
68.60000000000001,0.004309676692335174
68.605,0.004458074760442798
68.61,0.004630126134755663
68.615,0.0048278398409564716
68.62,0.005053109852347859
68.625,0.005307660945835124
68.63,0.0055929926347442205
68.635,0.005910322057014028
68.64,0.006260526873331784
68.645,0.006644089392191077
68.65,0.007061043304362968
68.655,0.007510924537033503
68.66,0.007992727845106629
68.665,0.008504870817723997
68.67,0.00904516698513902
68.675,0.009610809656649622
68.68,0.010198368000779112
68.685,0.010803796672810506
68.69,0.011422460029187675
68.69500000000001,0.012049171606339115
68.7,0.012678249132225261
68.705,0.01330358485174088
68.71000000000001,0.013918730427519677
68.715,0.014516995139175037
68.72,0.015091555544803015
68.72500000000001,0.01563557426501916
68.73,0.0161423250708026
68.735,0.016605321077825863
68.74,0.01701844256388796
68.745,0.017376060772754442
68.75,0.017673154046264017
68.755,0.01790541276818658
68.76,0.018069329869909723
68.765,0.018162274086286345
68.77,0.018182543682620178
68.775,0.01812939902523425
68.78,0.01800307309045479
68.785,0.01780475975193241
68.79,0.017536580452102157
68.795,0.017201530576663515
68.8,0.016803407512416157
68.805,0.016346722917795375
68.81,0.015836602178314507
68.815,0.015278674320530428
68.82000000000001,0.014678955814698469
68.825,0.014043731724811437
68.83,0.013379437538247885
68.83500000000001,0.012692544785824822
68.84,0.011989453221978863
68.845,0.011276391929953888
68.85000000000001,0.010559331251599247
68.855,0.009843906955996573
68.86,0.009135357564552748
68.865,0.008438475276985713
68.87,0.0077575705015817675
68.875,0.007096449598483545
68.88,0.006458405117228949
68.885,0.005846217534280385
68.89,0.005262167299456166
68.895,0.004708055856573523
68.9,0.004185234232551238
68.905,0.003694637760757402
68.91,0.0032368255316015393
68.915,0.0028120232249877475
68.92,0.002420168070172757
68.925,0.002060954793964065
68.93,0.0017338815407441643
68.935,0.001438294884560154
68.94,0.0011734331829411637
68.94500000000001,0.0009384676508377154
68.95,0.000732540650993041
68.955,0.0005548008064499843
68.96000000000001,0.00040443463099104626
68.965,0.00028069445636336177
68.97,0.000182922498510929
68.97500000000001,0.00011057095534042216
68.98,6.321807122540435e-05
68.985,4.058012492887033e-05
68.99,4.251932213397008e-05
68.995,6.904757999462441e-05
69.0,0.00012032620211202549
69.005,0.00019666144172375555
69.01,0.0002984959596206149
69.015,0.00042639618825002223
69.02,0.0005810356255326887
69.025,0.0007631741026905559
69.03,0.0009736330986189756
69.035,0.0012132672145317436
69.04,0.0014829319752909242
69.045,0.001783448192668402
69.05,0.0021155632048994732
69.055,0.0024799094070253602
69.06,0.002876960590595168
69.065,0.0033069867359554195
69.07000000000001,0.0037700080266400704
69.075,0.004265748988022011
69.08,0.004793593787729478
69.08500000000001,0.005352543852263025
69.09,0.005941179076117464
69.095,0.006557623973870719
69.10000000000001,0.007199520196753184
69.105,0.007864006839145787
69.11,0.008547709937932524
69.115,0.009246742480989667
69.12,0.009956716084733586
69.125,0.010672765301269038
69.13,0.011389585221213139
69.135,0.01210148270920186
69.14,0.012802441197994341
69.145,0.013486198526639015
69.15,0.014146336825557881
69.155,0.014776382957947476
69.16,0.015369917541942613
69.165,0.015920690119386904
69.17,0.016422737643850382
69.175,0.01687050313472227
69.18,0.017258951135488587
69.185,0.017583676515300795
69.19,0.017841003197403893
69.19500000000001,0.018028069579969497
69.2,0.018142897738258057
69.205,0.018184443958624286
69.21000000000001,0.018152628721431086
69.215,0.018048344924608273
69.22,0.01787344386147538
69.22500000000001,0.01763069922812832
69.23,0.01732375018862342
69.235,0.016957025229011435
69.24,0.016535649172411127
69.245,0.016065336245745243
69.25,0.01555227249680513
69.255,0.015002991113988173
69.26,0.014424244310291101
69.265,0.013822875394435385
69.27,0.013205694475246332
69.275,0.012579360942858386
69.28,0.011950275473537886
69.285,0.011324483824562748
69.29,0.010707594163228862
69.295,0.010104709125261735
69.3,0.009520373256631132
69.305,0.008958535973420112
69.31,0.008422529709552151
69.315,0.007915062504938675
69.32000000000001,0.007438223954697065
69.325,0.0069935031711523266
69.33,0.0065818172267047
69.33500000000001,0.006203548433461492
69.34,0.005858588769623196
69.345,0.005546389782843164
69.35000000000001,0.005266016367993842
69.355,0.005016202924050361
69.36,0.004795410536202027
69.365,0.004601883989166389
69.37,0.004433707585222102
69.375,0.004288858916146054
69.38,0.004165259905598795
69.385,0.004060824597185597
69.39,0.003973503306740511
69.395,0.0039013228859903215
69.4,0.003842422950487201
69.405,0.0037950880133663656
69.41,0.003757775534788066
69.415,0.0037291399437114903
69.42,0.0037080527216375447
69.425,0.003693618651344488
69.43,0.003685188334866113
69.435,0.003682367074216561
69.44,0.0036850201887991263
69.44500000000001,0.0036932748158035322
69.45,0.0037075182109828075
69.455,0.0037283925332327605
69.46000000000001,0.0037567860677308884
69.465,0.0037938208142347385
69.47,0.003840836348131038
69.47500000000001,0.003899369848959111
69.48,0.0039711321944775335
69.485,0.004057980029236852
69.49,0.004161883750124495
69.495,0.00428489139710031
69.5,0.004429088506265444
69.505,0.0045965540677164185
69.51,0.004789312839641013
69.515,0.005009284394988711
69.52,0.005258229420746829
69.525,0.005537693949628775
69.53,0.005848952369154503
69.535,0.006192950229404914
69.54,0.006570248038526572
69.545,0.006980967396522431
69.55,0.00742474095782697
69.555,0.007900667821026275
69.56,0.008407276018317589
69.565,0.008942493790833339
69.57000000000001,0.009503631297704374
69.575,0.010087374295864038
69.58,0.010689791143128957
69.58500000000001,0.011306354216372938
69.59,0.0119319764985093
69.595,0.012561063681605589
69.60000000000001,0.013187581664499959
69.605,0.013805138804560357
69.61,0.014407081749343575
69.615,0.014986603114827801
69.62,0.015536858761734607
69.625,0.016051091936169826
69.63,0.016522761139896147
69.635,0.016945668292720484
69.64,0.017314083567519845
69.645,0.01762286323332063
69.65,0.0178675569515363
69.655,0.018044501215634057
69.66,0.018150896027833596
69.665,0.018184862428256565
69.67,0.018145479120732944
69.675,0.018032797146261714
69.68,0.017847832311538525
69.685,0.017592535826167932
69.69,0.017269744349704297
69.69500000000001,0.01688311130022413
69.7,0.01643702186847662
69.705,0.015936494630956588
69.71000000000001,0.015387072991948969
69.715,0.014794709868297673
69.72,0.014165649074943332
69.72500000000001,0.013506306784162092
69.73,0.012823156212419917
69.735,0.012122618379692085
69.74,0.011410961383077733
69.745,0.010694210177529584
69.75,0.009978068367352932
69.755,0.009267853019593986
69.76,0.00856844303002191
69.765,0.00788424112294095
69.77,0.007219149167649874
69.775,0.006576556141975942
69.78,0.005959337803314924
69.785,0.005369866901064668
69.79,0.004810032623264959
69.795,0.004281267876455885
69.8,0.003784582968854977
69.805,0.003320604280434125
69.81,0.002889616560281638
69.815,0.0024916075787855263
69.82000000000001,0.0021263139711926726
69.825,0.0017932672348273115
69.83,0.0014918389716740421
69.83500000000001,0.0012212846041919079
69.84,0.000980784917683497
69.845,0.000769484905120521
69.85000000000001,0.0005865295009839233
69.855,0.00043109588239098606
69.86,0.0003024221040304198
69.865,0.000199831896706526
69.87,0.00012275551494231318
69.875,7.074655997782453e-05
69.88,4.349473363676401e-05
69.885,4.083449906689546e-05
69.89,6.274963493446695e-05
69.895,0.00010937368014418691
69.9,0.00018098626685236763
69.905,0.0002780053470220478
69.91,0.0004009753214453404
69.915,0.0005505510935484015
69.92,0.0007274780862978059
69.925,0.000932568290557878
69.93,0.0011666724471752765
69.935,0.0014306485212549624
69.94,0.0017253266872865325
69.94500000000001,0.002051471126532256
69.95,0.0024097390273141173
69.955,0.0028006372909441524
69.96000000000001,0.003224477558386951
69.965,0.003681330306436692
69.97,0.004170978887847454
69.97500000000001,0.004692874529018454
69.98,0.005246093420575804
69.985,0.005829297150706125
69.99,0.0064406978274220705
69.995,0.007078029291770704
70.0,0.0077385258583362315
70.005,0.00841890998984951
70.01,0.009115390241838384
70.015,0.00982367067638279
70.02,0.010538972742065056
70.025,0.011256070351631564
70.03,0.011969338555175568
70.035,0.012672815821478167
70.04,0.013360279493223715
70.045,0.014025333515249372
70.05,0.01466150703417668
70.055,0.015262361985559636
70.06,0.01582160731641835
70.065,0.016333217082266316
70.07000000000001,0.01679154932114102
70.075,0.01719146237372371
70.08,0.017528425193226838
70.08500000000001,0.01779861821594153
70.09,0.017999021505353596
70.095,0.018127487196366587
70.10000000000001,0.018182793685404874
70.105,0.01816467957714707
70.11,0.018073856041404213
70.115,0.017911996960648935
70.12,0.017681706995993807
70.125,0.017386468462618154
70.13,0.01703056862003649
70.135,0.016619009634766257
70.14,0.01615740401855703
70.145,0.015651858775708405
70.15,0.015108851774261467
70.155,0.014535103995147125
70.16,0.013937451298499326
70.165,0.013322719197351063
70.17,0.012697603848472738
70.175,0.012068562084529333
70.18,0.011441712853322628
70.185,0.010822751902427541
70.19,0.010216881015328028
70.19500000000001,0.009628752544919905
70.2,0.009062429480287904
70.205,0.008521360793764643
70.21000000000001,0.008008371399075287
70.215,0.007525665692597272
70.22,0.007074843378312323
70.22500000000001,0.006656926070405689
70.23,0.00627239304548155
70.235,0.005921224459173757
70.24,0.0056029503488108645
70.245,0.0053167038022259305
70.25,0.005061276777155399
70.255,0.004835177187220374
70.26,0.004636686030176307
70.265,0.004463913499408001
70.27,0.004314853196461854
70.275,0.004187433729151202
70.28,0.004079567141964446
70.285,0.003989193772476973
70.29,0.003914323257206309
70.295,0.0038530715223199508
70.3,0.003803693685317411
70.305,0.0037646128661166234
70.31,0.0037344449571002913
70.315,0.0037120194370099946
70.32000000000001,0.0036963963295751356
70.325,0.0036868794127185994
70.33,0.0036830257743869464
70.33500000000001,0.0036846517926219895
70.34,0.00369183559268281
70.345,0.0037049160032538997
70.35000000000001,0.0037244880023726834
70.355,0.003751394612311998
70.36,0.003786715175477573
70.365,0.00383174992077695
70.37,0.0038880007184998178
70.375,0.003957147918422166
70.38,0.004041023178084302
70.385,0.004141578215467234
70.39,0.004260849464836625
70.395,0.004400918677747612
70.4,0.0045638695950529495
70.405,0.004751740918898406
70.41,0.00496647593591959
70.415,0.005209869284875879
70.42,0.0054835115159477255
70.425,0.005788732256391427
70.43,0.0061265429707475505
70.435,0.0064975804727769315
70.44,0.006902052512497647
70.44500000000001,0.007339686901818965
70.45,0.007809685762584451
70.455,0.008310686558040459
70.46000000000001,0.008840731594116136
70.465,0.009397247654458596
70.47,0.009977037327018934
70.47500000000001,0.010576283421574573
70.48,0.011190567617745728
70.485,0.011814904173025553
70.49,0.012443789113504522
70.495,0.01307126487987631
70.5,0.013690999891515787
70.505,0.014296381947126235
70.51,0.01488062384215283
70.515,0.015436879040798601
70.52,0.01595836475965484
70.525,0.01643848939239234
70.53,0.016870980890097087
70.535,0.017250012498209344
70.54,0.017570322186131193
70.545,0.01782732217917271
70.55,0.01801719522852352
70.555,0.018136974626735025
70.56,0.01818460547715972
70.565,0.01815898533517668
70.57000000000001,0.018059983040906502
70.575,0.01788843529887174
70.58,0.01764612132993193
70.58500000000001,0.0173357166499315
70.59,0.01696072771922985
70.595,0.016525409800340896
70.60000000000001,0.016034670842760335
70.605,0.015493964574272212
70.61,0.014909176187117623
70.615,0.014286504081088225
70.62,0.013632341059643949
70.625,0.012953158186821412
70.63,0.012255394208523285
70.635,0.011545353067180741
70.64,0.010829111585042739
70.645,0.010112438913154165
70.65,0.00940072885306975
70.655,0.008698945664200153
70.66,0.008011583524201171
70.665,0.007342639390831351
70.67,0.00669559866269509
70.675,0.006073432739816198
70.68,0.005478607357856546
70.685,0.00491310040949422
70.69,0.0043784278668610455
70.69500000000001,0.0038756763735534605
70.7,0.003405541086026531
70.705,0.002968367392417015
70.71000000000001,0.0025641952149504377
70.715,0.0021928047137702578
70.72,0.0018537623279906157
70.72500000000001,0.001546466223226517
70.73,0.0012701903450307306
70.735,0.0010241264130192995
70.74,0.0008074233048822599
70.745,0.0006192233998476571
70.75,0.0004586955436187701
70.755,0.00032506438362001067
70.76,0.00021763589742418432
70.765,0.00013581898578468588
70.77,7.914305449359393e-05
70.775,4.7271532365934094e-05
70.78,4.0011299501958126e-05
70.785,5.731801152656507e-05
70.79,9.929731416657983e-05
70.795,0.00016620194569649804
70.8,0.00025842473282955414
70.805,0.00037648748484364614
70.81,0.0005210258096244313
70.815,0.0006927698816749928
70.82000000000001,0.0008925212272830052
70.825,0.001121125620506369
70.83,0.0013794422373267778
70.83500000000001,0.0016683092744820271
70.84,0.0019885063158042726
70.845,0.002340713822984064
70.85000000000001,0.0027254702272152542
70.855,0.0031431272177924185
70.86,0.0035938039494549656
70.865,0.004077341020478187
70.87,0.004593255207710811
70.875,0.005140696073800299
70.88,0.005718405674041804
70.885,0.006324682695190376
70.89,0.006957352418901053
70.895,0.007613743944293816
70.9,0.008290676083561266
70.905,0.008984453288316985
70.91,0.009690872831217945
70.915,0.010405244287241544
70.92,0.011122422097965767
70.925,0.01183685168524562
70.93,0.012542629203068145
70.935,0.013233574579547991
70.94,0.013903317037488705
70.94500000000001,0.014545391787684991
70.95,0.015153346097747544
70.955,0.015720852470916924
70.96000000000001,0.016241826243842183
70.965,0.016710544563760976
70.97,0.017121763446819926
70.97500000000001,0.017470829478668293
70.98,0.017753782707785604
70.985,0.017967447412729598
70.99,0.018109507693168325
70.995,0.018178565250991596
71.0,0.018174177249164813
71.005,0.01809687278453964
71.01,0.01794814720540927
71.015,0.01773043426947396
71.02,0.01744705688631143
71.025,0.017102157922458616
71.03,0.016700613210865356
71.035,0.016247929474403122
71.04,0.015750130326644296
71.045,0.015213633824057382
71.05,0.014645125207291443
71.055,0.014051428485682749
71.06,0.013439380395009692
71.065,0.012815709993738267
71.07000000000001,0.012186926809320653
71.075,0.011559219982864022
71.08,0.010938370358985594
71.08500000000001,0.010329676922182784
71.09,0.009737898432753411
71.095,0.009167210589517083
71.10000000000001,0.008621178554619746
71.105,0.008102744243142723
71.11,0.007614227412535257
71.115,0.007157339296199439
71.12,0.006733207309018496
71.125,0.006342409212956923
71.13,0.005985015064743138
71.135,0.005660635260444025
71.14,0.005368473042961952
71.145,0.005107379934893075
71.15,0.004875912685113448
71.155,0.004672390474961929
71.16,0.004494951292872251
71.165,0.004341606561558464
71.17,0.0042102932728429465
71.175,0.004098923046406355
71.18,0.00400542768031853
71.185,0.00392780089355238
71.19,0.0038641360770621525
71.19500000000001,0.0038126599630354807
71.2,0.0037717621996606887
71.205,0.0037400208725615336
71.21000000000001,0.00371622405219596
71.215,0.0036993874661663817
71.22,0.00368876840335787
71.22500000000001,0.0036838759470565283
71.23,0.0036844776199888834
71.235,0.003690602498826967
71.24,0.0037025408255441095
71.245,0.0037208401130764956
71.25,0.0037462977098252637
71.255,0.0037799497594426246
71.26,0.003823056469640429
71.265,0.0038770835892694144
71.27,0.003943679987037818
71.275,0.004024651237409582
71.28,0.004121929139539127
71.285,0.004237537139561098
71.29,0.0043735516838836475
71.295,0.004532059613723938
71.3,0.004715111806286032
71.305,0.004924673393205126
71.31,0.005162571017754303
71.315,0.005430437751057227
71.32000000000001,0.00572965644939849
71.325,0.006061302506138233
71.33,0.006426087128584612
71.33500000000001,0.006824302426936768
71.34,0.007255769761542297
71.345,0.007719792905966472
71.35000000000001,0.008215117679771566
71.355,0.008739899735530798
71.36,0.009291682172470672
71.365,0.009867384562252113
71.37,0.010463304817729835
71.375,0.01107513510335778
71.38,0.011697992676463542
71.385,0.012326466165973216
71.39,0.012954677349657828
71.395,0.013576357988547727
71.4,0.014184940744534913
71.405,0.01477366265690705
71.41,0.015335679120113355
71.415,0.015864185800023023
71.42,0.016352545496090443
71.425,0.016794416611404017
71.43,0.017183879664138146
71.435,0.01751555817489958
71.44,0.017784730318261666
71.44500000000001,0.017987427917077525
71.45,0.018120519708823224
71.455,0.01818177628818063
71.46000000000001,0.018169914725142178
71.465,0.018084621536395673
71.47,0.01792655343340499
71.47500000000001,0.017697316020857556
71.48,0.017399421372260804
71.485,0.017036226100682228
71.49,0.016611852159748253
71.495,0.016131093112242922
71.5,0.015599308989706628
71.505,0.015022313102200258
71.51,0.01440625425719233
71.515,0.013757497807823427
71.52,0.013082508779138635
71.525,0.012387740042747453
71.53,0.011679528143510254
71.535,0.01096399894163369
71.54,0.010246984760321709
71.545,0.00953395423391612
71.55,0.008829955564280567
71.555,0.008139573431751757
71.56,0.007466899383029357
71.565,0.006815515154894314
71.57000000000001,0.006188488085964394
71.575,0.0055883775271450276
71.58,0.005017250989666877
71.58500000000001,0.004476708658362583
71.59,0.00396791484314285
71.595,0.0034916349446785233
71.60000000000001,0.0030482765472550355
71.605,0.002637933331144815
71.61,0.0022604305991045237
71.615,0.0019153713285779972
71.62,0.0016021817955991224
71.625,0.0013201559438633659
71.63,0.0010684978096198172
71.635,0.0008463614313098944
71.64,0.000652887789944101
71.645,0.00048723842899511816
71.65,0.0003486254847012704
71.655,0.00023633793870170283
71.66,0.00014976395503291107
71.665,8.840921830413628e-05
71.67,5.1911214702729525e-05
71.675,4.0049428292689816e-05
71.68,5.275143422020512e-05
71.685,9.00948831256132e-05
71.69,0.00015230537388188914
71.69500000000001,0.00023975021780187067
71.7,0.0003529281004144291
71.705,0.0004924546591587031
71.71000000000001,0.0006590440051255086
71.715,0.0008534862490363615
71.72,0.0010766211154407124
71.72500000000001,0.0013293077847800205
71.73,0.0016123911540093516
71.735,0.0019266647881401866
71.74,0.0022728309148680736
71.745,0.002651457925027856
71.75,0.00306293594740481
71.755,0.0035074311976455164
71.76,0.003984839928573791
71.765,0.004494742942455332
71.77,0.005036361755971441
71.775,0.005608517630369292
71.78,0.006209594773102012
71.785,0.006837509104034467
71.79,0.007489684007666142
71.795,0.008163034499997224
71.8,0.008853961177273106
71.805,0.009558355204106306
71.81,0.010271615422816183
71.815,0.01098867842138418
71.82000000000001,0.01170406209036301
71.825,0.012411922833610589
71.83,0.013106126167709675
71.83500000000001,0.013780329990808582
71.84,0.014428079304838803
71.845,0.015042910687252942
71.85000000000001,0.015618464330824366
71.855,0.016148601036732657
71.86,0.016627521176758364
71.865,0.017049882370645975
71.87,0.017410912454906224
71.875,0.017706514283325703
71.88,0.017933359007180627
71.885,0.018088964724817913
71.89,0.01817175777468094
71.895,0.018181114459345338
71.9,0.018117381601541638
71.905,0.017981875037513362
71.91,0.017776855888982368
71.915,0.01750548522707618
71.92,0.0171717584658424
71.925,0.016780421514859256
71.93,0.016336871299564848
71.935,0.015847043737046818
71.94,0.015317292598233223
71.94500000000001,0.014754262868397205
71.95,0.01416476227665342
71.955,0.013555634548442441
71.96000000000001,0.012933637714830581
71.965,0.012305330453745711
71.97,0.01167696901292814
71.97500000000001,0.01105441675072072
71.98,0.010443067805002926
71.985,0.009847785840911172
71.99,0.009272858305664045
71.995,0.008721966107735568
72.0,0.00819816820580499
72.005,0.007703900200755953
72.01,0.00724098572689158
72.015,0.006810659202814762
72.02,0.0064135983521342865
72.025,0.006049964822937071
72.03,0.005719451216140925
72.035,0.005421332878340124
72.04,0.0051545228978309154
72.045,0.0049176288687000635
72.05,0.004709010135987235
72.055,0.004526834401389124
72.06,0.004369132739205028
72.065,0.004233852247327974
72.07000000000001,0.004118905719221466
72.075,0.00402221787814705
72.08,0.003941767850074385
72.08500000000001,0.0038756276716340743
72.09,0.003821996726830257
72.095,0.00377923208732156
72.10000000000001,0.003745874787341563
72.105,0.0037206721085234484
72.11,0.0037025959697743194
72.115,0.003690857529593833
72.12,0.0036849180993690674
72.125,0.0036844964558339632
72.13,0.003689572613053374
72.135,0.0037003880898953123
72.14,0.0037174426733950217
72.145,0.0037414876510160067
72.15,0.0037735154511608915
72.155,0.0038147456109598465
72.16,0.003866606971224096
72.165,0.003930715993443634
72.17,0.004008851099737587
72.175,0.004102922957437194
72.18,0.004214940668462397
72.185,0.004346973879242988
72.19,0.004501110903740724
72.19500000000001,0.004679413047240288
72.2,0.004883865434042178
72.205,0.0051163247777452625
72.21000000000001,0.005378464681012218
72.215,0.005671719217291482
72.22,0.005997225716203758
72.22500000000001,0.006355767847489702
72.23,0.0067477202662793445
72.235,0.007172996233181905
72.24,0.0076309997531502916
72.245,0.00812058386712522
72.25,0.00864001678474935
72.255,0.009186957532236306
72.26,0.009758442726898409
72.265,0.010350885940582089
72.27,0.010960090902813135
72.275,0.011581279494141228
72.28,0.012209135114805036
72.285,0.012837861577601473
72.29,0.01346125717904556
72.295,0.014072803079180574
72.3,0.014665764567183714
72.305,0.015233303252500718
72.31,0.01576859771016359
72.315,0.016264969661449413
72.32000000000001,0.01671601241029208
72.325,0.017115717997192803
72.33,0.017458599420955068
72.33500000000001,0.01773980428634303
72.34,0.017955216415941777
72.345,0.018101542275530846
72.35000000000001,0.018176379520603803
72.355,0.01817826554187718
72.36,0.018106704559336606
72.365,0.01796217254087651
72.37,0.01774609998194876
72.375,0.017460833335398718
72.38,0.017109576580772057
72.385,0.01669631506597824
72.39,0.016225724269514075
72.395,0.015703066546166156
72.4,0.015134079182505644
72.405,0.014524857212411035
72.41,0.013881734430185588
72.415,0.013211165891782173
72.42,0.012519614934543455
72.425,0.011813447390981224
72.43,0.01109883525043287
72.435,0.010381671544575255
72.44,0.009667497749717313
72.44500000000001,0.008961444499746563
72.45,0.00826818594040546
72.455,0.007591907624583172
72.46000000000001,0.006936287469738289
72.465,0.006304488981461631
72.47,0.0056991656966776105
72.47500000000001,0.005122475608795085
72.48,0.004576104222630661
72.485,0.004061294815331351
72.49,0.003578884476830524
72.495,0.0031293445313202994
72.5,0.002712824017284454
72.505,0.002329194998145212
72.51,0.0019780985923469885
72.515,0.0016589907448443242
72.52,0.0013711868870127653
72.525,0.0011139047732471319
72.53,0.0008863048990144229
72.535,0.0006875280274609707
72.54,0.0005167294536880807
72.545,0.0003731097239771941
72.55,0.0002559416076560739
72.555,0.0001645931756245056
72.56,9.854689188310006e-05
72.565,5.741465815511243e-05
72.57000000000001,4.094877577089052e-05
72.575,4.90488090957239e-05
72.58,8.176433895942803e-05
72.58500000000001,0.0001392936059909644
72.59,0.00022197804354473494
72.595,0.00033029270735074334
72.60000000000001,0.0004648326156557747
72.605,0.0006262950278859147
72.61,0.0008154577130863316
72.615,0.0010331532879264138
72.62,0.001280239752748713
72.625,0.0015575674046175436
72.63,0.001865942384442043
72.635,0.002206087194132067
72.64,0.0025785986235549174
72.645,0.0029839036373235928
72.65,0.0034222138941650826
72.655,0.0038934797027216916
72.66,0.0043973443490159525
72.665,0.004933099864299351
72.67,0.0054996454197624445
72.675,0.006095449645032502
72.68,0.006718518242756488
72.685,0.007366368324280614
72.69,0.008036010893285095
72.69500000000001,0.008723942862580714
72.7,0.009426149887012514
72.705,0.010138121129383393
72.71000000000001,0.010854876851070117
72.715,0.011571009419593992
72.72,0.012280737966705146
72.72500000000001,0.012977976522357437
72.73,0.013656414987373466
72.735,0.014309611825506607
72.74,0.014931096861502624
72.745,0.015514482090718928
72.75,0.016053577959830534
72.755,0.016542512203169935
72.76,0.01697584801705787
72.765,0.017348698173876187
72.77,0.01765683161334408
72.775,0.01789676912698468
72.78,0.018065864967034884
72.785,0.018162371577005842
72.79,0.01818548512178353
72.795,0.018135370098534054
72.8,0.018013161996357496
72.805,0.017820947707797075
72.81,0.017561724157168612
72.815,0.017239336357839363
72.82000000000001,0.016858396798198783
72.825,0.016424188665830286
72.83,0.01594255592302929
72.83500000000001,0.015419783601274162
72.84,0.014862471915197517
72.845,0.014277407857097302
72.85000000000001,0.01367143786599101
72.855,0.01305134495061111
72.86,0.01242373331881197
72.865,0.011794923147039782
72.87,0.011170857627789132
72.875,0.010557023901998974
72.88,0.009958388936272655
72.885,0.009379350863355285
72.89,0.008823705800800496
72.895,0.008294629704735712
72.9,0.0077946744233017284
72.905,0.007325776794331773
72.91,0.006889279385786651
72.915,0.0064859613128689375
72.92,0.006116077468954373
72.925,0.005779404481433659
72.93,0.005475291733514354
72.935,0.005202715874370156
72.94,0.004960337354289024
72.94500000000001,0.004746557670411988
72.95,0.004559576169664403
72.955,0.004397445426517876
72.96000000000001,0.004258124388664797
72.965,0.004139528645977997
72.97,0.004039577337250577
72.97500000000001,0.0039562363464966666
72.98,0.0038875575639343296
72.985,0.00383171408976013
72.99,0.0037870313401935363
72.995,0.0037520140795122003
73.0,0.003725369445252813
73.005,0.0037060260595348504
73.01,0.003693149332785403
73.015,0.003686153061013518
73.02,0.0036847074067661925
73.025,0.0036887433311778017
73.03,0.003698453516128436
73.035,0.0037142897857010415
73.04,0.0037369570030716392
73.045,0.0037674033893677628
73.05,0.0038068071867431996
73.055,0.0038565595677959585
73.06,0.00391824368667093
73.065,0.003993609770956752
73.07000000000001,0.004084546170060044
73.075,0.004193046312263249
73.08,0.0043211715743520784
73.08500000000001,0.004471010140232323
73.09,0.004644632016828076
73.095,0.004844040487647305
73.10000000000001,0.005071120415466979
73.105,0.005327583952936976
73.11,0.005614914380814184
73.115,0.005934308964649304
73.12,0.006286621891296917
73.125,0.006672308518743009
73.13,0.007091372324849132
73.135,0.007543316077665452
73.14,0.00802709884759878
73.145,0.008541100542053925
73.15,0.009083095646690964
73.155,0.009650237798240369
73.16,0.010239056688497783
73.165,0.010845468592286522
73.17,0.011464801534369684
73.175,0.012091835753373914
73.18,0.012720859697584075
73.185,0.013345741303279368
73.19,0.013960013787087888
73.19500000000001,0.014556974629972075
73.2,0.01512979589676533
73.205,0.01567164350721839
73.21000000000001,0.016175802619880386
73.215,0.016635805909579915
73.22,0.017045561237615914
73.22500000000001,0.017399475076402382
73.23,0.017692568034725298
73.235,0.01792057897368693
73.24,0.018080054498021525
73.245,0.018168421030438253
73.25,0.01818403723535056
73.255,0.018126225207865332
73.26,0.01799527956595881
73.265,0.0177924543391228
73.27,0.017519928302633048
73.275,0.017180750124303756
73.28,0.016778765336916024
73.285,0.01631852770295339
73.29,0.015805197964212425
73.295,0.01524443326316316
73.3,0.014642270676940683
73.305,0.014005008311009703
73.31,0.013339087281597273
73.315,0.012650977674304897
73.32000000000001,0.011947071225634431
73.325,0.011233583063848585
73.33,0.010516464381161938
73.33500000000001,0.009801327415253525
73.34,0.009093383630968788
73.345,0.00839739551489771
73.35000000000001,0.00771764196069924
73.355,0.0070578968314407575
73.36,0.0064214199597554256
73.365,0.005810959577738473
73.37,0.00522876497443292
73.375,0.0046766080398441545
73.38,0.0041558122869087555
73.385,0.003667287916218953
73.39,0.0032115715207492457
73.395,0.002788869089766166
73.4,0.002399101064594511
73.405,0.002041948312915487
73.41,0.00171689801692132
73.415,0.0014232886000660194
73.42,0.0011603529540100688
73.425,0.0009272593485927239
73.43,0.0007231495318840153
73.435,0.0005471736284439199
73.44,0.0003985215412753984
73.44500000000001,0.0002764506372415765
73.45,0.00018030956353792815
73.455,0.00010955809185603238
73.46000000000001,6.378292337003155e-05
73.465,4.270941791101584e-05
73.47,4.62092252800448e-05
73.47500000000001,7.430380906628398e-05
73.48,0.0001271638596229141
73.485,0.0002051045967516596
73.49,0.00030857696682640157
73.495,0.000438154747257391
73.5,0.0005945175833281802
73.505,0.0007784300015631906
73.51,0.000990716476971354
73.515,0.001232232668112676
73.52,0.0015038329928778182
73.525,0.0018063347815635566
73.53,0.002140479332967793
73.535,0.0025068902867255716
73.54,0.0029060298456133893
73.545,0.003338153493832152
73.55,0.0038032639905445365
73.555,0.004301065550867733
73.56,0.0048309192571966975
73.565,0.0053918008655440275
73.57000000000001,0.005982262287229645
73.575,0.00660039810378521
73.58,0.007243818535052071
73.58500000000001,0.007909630288601477
73.59,0.008594426690777368
73.595,0.009294288401100914
73.60000000000001,0.010004795869569705
73.605,0.010721054469211566
73.61,0.01143773296185202
73.615,0.012149115599179083
73.62,0.012849167768159475
73.625,0.013531614627986244
73.63,0.014190031716356799
73.635,0.014817945999801907
73.64,0.015408945362647586
73.645,0.015956794075556502
73.65,0.016455551389899625
73.655,0.016899690091118913
73.66,0.01728421163580407
73.665,0.017604754415962987
73.67,0.017857691732316994
73.675,0.018040216269127995
73.68,0.0181504081768864
73.685,0.018187284348179844
73.69,0.018150827049346674
73.69500000000001,0.01804199073343682
73.7,0.017862686608964395
73.705,0.017615745275335826
73.71000000000001,0.01730485851042829
73.715,0.016934501977040384
73.72,0.016509841261068914
73.72500000000001,0.016036624159152524
73.73,0.015521062538343955
73.735,0.014969707327345816
73.74,0.014389320306030129
73.745,0.01378674630818466
73.75,0.013168789265584735
73.755,0.012542095218854854
73.76,0.011913045008562051
73.765,0.011287658884228335
73.77,0.010671514739936327
73.775,0.010069681136254616
73.78,0.009486665729603772
73.785,0.00892637921214856
73.79,0.008392114402493434
73.795,0.007886539719446972
73.8,0.007411705936288371
73.805,0.006969064856242824
73.81,0.006559498367069594
73.815,0.006183356224369163
73.82000000000001,0.005840500875891053
73.825,0.005530357658237506
73.83,0.00525196876808387
73.83500000000001,0.00500404952318334
73.84,0.004785045568278079
73.845,0.004593189840226941
73.85000000000001,0.004426558279725157
73.855,0.004283123448926673
73.86,0.004160805380449162
73.865,0.004057519144534005
73.87,0.003971218760595807
73.875,0.0038999372074721705
73.88,0.0038418223923883943
73.885,0.003795169024203293
73.89,0.003758446404703575
73.895,0.0037303221971265454
73.9,0.0037096822633894133
73.905,0.0036956466722846693
73.91,0.003687581984065387
73.915,0.0036851099024953204
73.92,0.003688112367846927
73.925,0.00369673313472349
73.93,0.003711375850142362
73.935,0.0037326986135158835
73.94,0.003761604971192045
73.94500000000001,0.003799231271038206
73.95,0.0038469302826884544
73.955,0.003906250979571979
73.96000000000001,0.003978914379203058
73.965,0.004066785353772584
73.97,0.004171840355393641
73.97500000000001,0.0042961310474964876
73.98,0.004441743905200468
73.985,0.004610755932878519
73.99,0.004805186758328972
73.995,0.005026947487053235
74.0,0.005277786849157806
74.005,0.005559235325307554
74.01,0.005872548111820919
74.015,0.006218647953200929
74.02,0.006598069045086419
74.025,0.007010903365189947
74.03,0.0074567509322776004
74.035,0.007934675597098817
74.04,0.008443168039661941
74.045,0.008980117659348252
74.05,0.009542795000513138
74.055,0.010127846241243077
74.06,0.0107313010825969
74.065,0.011348595112782078
74.07000000000001,0.011974607373264945
74.075,0.01260371345080813
74.08,0.013229853934817015
74.08500000000001,0.013846617575275388
74.09,0.01444733792240882
74.095,0.01502520168773458
74.10000000000001,0.015573366543215172
74.105,0.016085085594291115
74.11,0.01655383537572419
74.115,0.016973443908902652
74.12,0.01733821520275569
74.125,0.017643046530629647
74.13,0.01788353493969197
74.135,0.018056069707768074
74.14,0.018157907868392442
74.145,0.018187230455595227
74.15,0.018143177759043283
74.155,0.018025862584728714
74.16,0.01783636127622401
74.165,0.017576683001735205
74.17,0.017249718547603266
74.175,0.016859170513974675
74.18,0.01640946738644189
74.185,0.015905664404705533
74.19,0.015353334472667513
74.19500000000001,0.01475845252957697
74.2,0.014127276843609593
74.205,0.013466230583386363
74.21000000000001,0.012781786811871143
74.215,0.012080359716719613
74.22,0.011368204499056844
74.22500000000001,0.010651327877098993
74.23,0.009935410680515844
74.235,0.00922574351431038
74.24,0.00852717599300945
74.245,0.007844079601138532
74.25,0.007180323834820257
74.255,0.006539264942176715
74.26,0.00592374629885839
74.265,0.005336109248602838
74.27,0.0047782130896063535
74.275,0.004251462804042205
74.28,0.003756843099839813
74.285,0.0032949573508158636
74.29,0.002866070080853156
74.295,0.0024701517246477067
74.3,0.0021069245111320356
74.305,0.001775908437931406
74.31,0.0014764664387318938
74.315,0.001207847978569987
74.32000000000001,0.0009692304393924545
74.325,0.0007597577788747145
74.33,0.0005785760535945705
74.33500000000001,0.00042486549442766197
74.34,0.0002978689014726532
74.345,0.00019691619481920775
74.35000000000001,0.00012144500774699529
74.355,7.101725279783089e-05
74.36,4.533161576160752e-05
74.365,4.423195541203642e-05
74.37,6.77115975152992e-05
74.375,0.00011591351730136368
74.38,0.00018912641202467606
74.385,0.0002877766663029746
74.39,0.00041241622172605297
74.395,0.0005637063725012492
74.4,0.0007423975282032647
74.405,0.0009493050123055014
74.41,0.00118528100389792
74.415,0.001451182782681304
74.42,0.0017478375018198378
74.425,0.0020760037946070398
74.43,0.0024363306135430918
74.435,0.0028293138086636915
74.44,0.00325525107326996
74.44500000000001,0.0037141960068876045
74.45,0.004205912186691307
74.455,0.004729828262087565
74.46000000000001,0.0052849952194709005
74.465,0.005870047072878748
74.47,0.006483166330944812
74.47500000000001,0.007122055645831793
74.48,0.007783917079855485
74.485,0.008465440393919721
74.49,0.009162801687409683
74.495,0.009871673577006135
74.5,0.010587247895916363
74.505,0.011304271628048923
74.51,0.012017096449561393
74.515,0.012719741865453216
74.52,0.01340597147642697
74.525,0.014069381444311801
74.53,0.014703499724870284
74.535,0.01530189414981109
74.54,0.015858286983156944
74.545,0.016366673161293477
74.55,0.016821439106898595
74.555,0.01721747876928248
74.56,0.0175503034366713
74.565,0.01781614189204106
74.57000000000001,0.01801202764563925
74.575,0.018135870288418232
74.58,0.018186508449211658
74.58500000000001,0.018163742402244054
74.59,0.018068345023571908
74.595,0.01790205052247984
74.60000000000001,0.017667521127485486
74.605,0.017368292661835483
74.61,0.017008700659687293
74.615,0.01659378931559985
74.62,0.016129206108047356
74.625,0.015621085342807817
74.63,0.015075924156079168
74.635,0.014500454622147885
74.64,0.013901515612772641
74.645,0.013285927871638847
74.65,0.01266037550150756
74.655,0.012031296655976575
74.66,0.011404785770722015
74.665,0.010786509141617273
74.67,0.010181635114264509
74.675,0.00959477960483568
74.68,0.009029967148933338
74.685,0.008490607202286782
74.69,0.007979484994947939
74.69500000000001,0.007498765895313397
74.7,0.007050011965832326
74.705,0.006634209197029506
74.71000000000001,0.0062518037837993035
74.715,0.005902745760073103
74.72,0.005586538312764233
74.72500000000001,0.005302291163525652
74.73,0.005048776507972974
74.735,0.0048244861391175675
74.74,0.0046276885405038826
74.745,0.004456484901918856
74.75,0.004308863184849798
74.755,0.0041827495344133325
74.76,0.00407605649311904
74.765,0.003986727619600394
74.77,0.003912778243344572
74.775,0.003852332196358388
74.78,0.003803654454896277
74.785,0.003765179691398779
74.79,0.0037355367906105608
74.795,0.003713569415210949
74.8,0.003698352723061682
74.805,0.003689206341729853
74.81,0.0036857036947389532
74.815,0.0036876777566995506
74.82000000000001,0.003695223287593752
74.825,0.0037086955664409893
74.83,0.0037287056132475627
74.83500000000001,0.0037561118561058038
74.84,0.0037920081743054723
74.845,0.003837708225505443
74.85000000000001,0.003894725955184253
74.855,0.0039647521819601295
74.86,0.00404962716882995
74.865,0.004151309115594692
74.87,0.004271838554848806
74.875,0.004413298698638712
74.88,0.004577771867670499
74.885,0.004767292237815468
74.89,0.004983795266809921
74.895,0.005229064299665964
74.9,0.005504675013337845
74.905,0.0058119385262820344
74.91,0.006151844169005827
74.915,0.006525003088269088
74.92,0.006931594012165476
74.925,0.0073713126547119145
74.93,0.007843326344374901
74.935,0.008346235543065461
74.94,0.008878043943305158
74.94500000000001,0.009436138800097638
74.95,0.010017283051585224
74.955,0.010617620607639822
74.96000000000001,0.0112326959365312
74.965,0.011857488745992129
74.97,0.012486464164194189
74.97500000000001,0.0131136383542092
74.98,0.013732658994911162
74.985,0.014336899512624512
74.99,0.014919565406252389
74.995,0.015473810474819771
75.0,0.015992860270763742
75.005,0.016470139690220265
75.01,0.01689940129291756
75.015,0.017274850747888593
75.02,0.017591265738822415
75.025,0.017844104749606515
75.03,0.018029602387706234
75.035,0.018144848274289416
75.04,0.018187847053511064
75.045,0.018157557674335578
75.05,0.018053910815133634
75.055,0.017877804051494195
75.06,0.017631075143775377
75.065,0.017316454540498682
75.07000000000001,0.01693749888703877
75.075,0.01649850790534302
75.08,0.01600442749675679
75.08500000000001,0.015460742259886473
75.09,0.014873360823653314
75.095,0.014248497455216835
75.10000000000001,0.013592553333708679
75.105,0.012912000676802649
75.11,0.012213272606668824
75.115,0.011502661253349089
75.12,0.0107862261434164
75.125,0.010069714440323452
75.13,0.009358494108408166
75.135,0.008657500588391542
75.14,0.007971197120880902
75.145,0.007303548443108099
75.15,0.00665800723480281
75.155,0.006037512399425182
75.16,0.005444498040919399
75.165,0.004880911841928182
75.17,0.0043482414523410284
75.175,0.0038475474573260726
75.18,0.0033795015053339483
75.185,0.0029444282280444156
75.19,0.0025423496664123135
75.19500000000001,0.002173031025488825
75.2,0.0018360267051233947
75.205,0.0015307256798529068
75.21000000000001,0.0012563954415742984
75.215,0.0010122238416796492
75.22,0.0007973582940721258
75.22500000000001,0.0006109419133448757
75.23,0.00045214625447309587
75.235,0.0003202004124983615
75.24,0.00021441630251883836
75.245,0.00013421000109670178
75.25,7.91190700196176e-05
75.255,4.8815815777147886e-05
75.26,4.31164568542408e-05
75.265,6.198618722484672e-05
75.27,0.00010554012938604473
75.275,0.00017404017615352263
75.28,0.0002678877246125033
75.285,0.00038761231204520463
75.29,0.000533856171436975
75.295,0.0007073547461138308
75.3,0.0009089132233541797
75.305,0.0011393791879110715
75.31,0.0013996115452976632
75.315,0.001690445923063777
75.32000000000001,0.0020126568442533355
75.325,0.002366917048650663
75.33,0.002753754451775059
75.33500000000001,0.0031735073414589365
75.34,0.0036262785441447676
75.345,0.004111889420467918
75.35000000000001,0.004629834684264367
75.355,0.005179239169503802
75.36,0.00575881777814935
75.365,0.00636683994684617
75.37,0.007001100029341956
75.375,0.007658895027802259
75.38,0.008337011086990032
75.385,0.009031720100438179
75.39,0.009738787645719782
75.395,0.010453493275846881
75.4,0.011170663934205294
75.405,0.011884720938613924
75.41,0.012589740589103116
75.415,0.013279528035621269
75.42,0.013947703550325485
75.425,0.014587799875926066
75.43,0.015193368818785302
75.435,0.01575809479176371
75.44,0.016275912593748387
75.44500000000001,0.016741126365463543
75.45,0.017148526409314968
75.455,0.01749350043379394
75.46000000000001,0.0177721357709828
75.465,0.017981309267781853
75.47,0.018118761818598728
75.47500000000001,0.018183154935897505
75.48,0.018174107287705965
75.485,0.018092209776483514
75.49,0.017939018442014287
75.495,0.017717025227348415
75.5,0.017429607402853264
75.505,0.017080957172012745
75.51,0.01667599363299388
75.515,0.016220259849667684
75.52,0.015719808208135788
75.525,0.015181077554085931
75.53,0.014610765752625099
75.535,0.014015701321511642
75.54,0.01340271765196377
75.545,0.012778533067443476
75.55,0.012149639600615103
75.555,0.011522202908079038
75.56,0.01090197523691927
75.565,0.010294222806130904
75.57000000000001,0.009703668426510603
75.575,0.0091344496478456
75.58,0.008590092245047032
75.58500000000001,0.008073498416504066
75.59,0.007586948710862629
75.595,0.007132116410140554
75.60000000000001,0.006710092884439689
75.605,0.0063214223039036455
75.61,0.00596614402267015
75.615,0.005643840955091406
75.62,0.005353692314049141
75.625,0.00509452917997244
75.63,0.004864891500065305
75.635,0.0046630852718863025
75.64,0.004487238832663998
75.645,0.004335357348361768
75.65,0.004205374768694092
75.655,0.004095202674508691
75.66,0.004002775593646923
75.665,0.003926092494638489
75.67,0.0038632542794356795
75.675,0.003812497192822839
75.68,0.003772222137741643
75.685,0.003741019941430057
75.69,0.003717692653264826
75.69500000000001,0.0037012709750827155
75.7,0.0036910279285238407
75.705,0.003686488858621901
75.71000000000001,0.0036874378524544317
75.715,0.0036939206308089223
75.72,0.0037062439374419
75.72500000000001,0.0037249714205783713
75.73,0.0037509159708944972
75.735,0.003785128449411701
75.74,0.0038288827186256924
75.745,0.0038836568745899136
75.75,0.003951110575203032
75.755,0.0040330583689378585
75.76,0.004131438954373845
75.765,0.004248280341629496
75.77,0.004385660950934067
75.775,0.004545666760222389
75.78,0.0047303447186806125
75.785,0.004941652760850346
75.79,0.005181406895637508
75.795,0.005451225998273301
75.8,0.00575247509814325
75.805,0.0060862081302008875
75.81,0.006453111285114943
75.815,0.006853448262663875
75.82000000000001,0.007287008875763945
75.825,0.007753062576139058
75.83,0.00825031855410785
75.83500000000001,0.008776894101057309
75.84,0.009330292902234305
75.845,0.009907394838453598
75.85000000000001,0.010504458713310072
75.855,0.011117139090696782
75.86,0.011740518105035846
75.865,0.012369152729274191
75.87,0.012997137526728153
75.875,0.013618182414873559
75.88,0.014225704432433872
75.885,0.014812931950380914
75.89,0.015373019234310448
75.895,0.015899168768104488
75.9,0.01638475832186259
75.905,0.016823469403838942
75.91,0.017209413524163608
75.915,0.01753725260215333
75.92,0.01780230991135312
75.925,0.018000668161768374
75.93,0.018129251673705937
75.935,0.01818589008122018
75.94,0.018169361605778533
75.94500000000001,0.018079414626434698
75.95,0.017916767011705304
75.955,0.01768308344179559
75.96000000000001,0.017380931688862233
75.965,0.017013719519248127
75.97,0.01658561448325102
75.97500000000001,0.01610144936368485
75.98,0.015566616422525215
75.985,0.014986953814535298
75.99,0.014368627633071895
75.995,0.01371801299444897
76.0,0.013041577400947801
76.005,0.012345769329126455
76.01,0.01163691462030414
76.015,0.010921122808042583
76.02,0.01020420504390529
76.025,0.009491604780599516
76.03,0.008788341894515384
76.035,0.008098970461158927
76.04,0.007427549985848714
76.045,0.0067776295237997886
76.05,0.006152243824370629
76.055,0.005553920400307888
76.06,0.004984696248786946
76.065,0.004446142847740475
76.07000000000001,0.003939398001021388
76.075,0.0034652031059128063
76.08,0.003023944463722117
76.08500000000001,0.002615697329274802
76.09,0.0022402715014004926
76.095,0.001897257376042738
76.10000000000001,0.0015860715120235014
76.105,0.0013060008974004056
76.11,0.0010562452289821778
76.115,0.0008359566459512635
76.12,0.0006442764694780667
76.125,0.0004803686002861074
76.13,0.0003434493152233431
76.135,0.00023281327344149005
76.14,0.00014785560207475346
76.145,8.808997784504058e-05
76.15,5.316264903847817e-05
76.155,4.286237152160478e-05
76.16,5.712624112876735e-05
76.165,9.604141642785557e-05
76.17,0.00015984273100178026
76.175,0.00024890619567363714
76.18,0.0003637384013324141
76.185,0.0005049618363499597
76.19,0.0006732961540891758
76.19500000000001,0.0008695354458052584
76.2,0.00109452161172241
76.205,0.0013491139677683783
76.21000000000001,0.0016341552887020327
76.215,0.0019504345585286131
76.22,0.002298646793219561
76.22500000000001,0.0026793503995321544
76.23,0.003092922650289154
76.235,0.0035395139820018073
76.24,0.004019001950505086
76.245,0.00453094581470026
76.25,0.00507454284701403
76.255,0.005648587586804865
76.26,0.006251435356293911
76.265,0.006880971425506033
76.27,0.007534587258888337
76.275,0.008209165262940132
76.28,0.008901073400398474
76.285,0.009606170919617796
76.29,0.010319826264204579
76.295,0.011036947986038825
76.3,0.011752029169787903
76.305,0.012459205505905402
76.31,0.013152326722877916
76.315,0.013825040622865714
76.32000000000001,0.0144708884821938
76.325,0.015083410071355274
76.33,0.015656256092647425
76.33500000000001,0.016183305389823488
76.34,0.016658783928590992
76.345,0.01707738227730715
76.35000000000001,0.017434368158170344
76.355,0.017725690615669976
76.36,0.017948072454267106
76.365,0.01809908786211878
76.37,0.018177222520492364
76.375,0.018181914022882495
76.38,0.018113571048580468
76.385,0.017973570439970388
76.39,0.017764232075876407
76.395,0.01748877219875311
76.4,0.01715123658470219
76.405,0.016756415616214326
76.41,0.016309743911392616
76.415,0.01581718761578088
76.42,0.015285122804520768
76.425,0.01472020862034995
76.43,0.014129258805983369
76.435,0.013519115184394082
76.44,0.012896526392054852
76.44500000000001,0.012268034823787133
76.45,0.0116398743011068
76.455,0.011017880472369512
76.46000000000001,0.010407415416938903
76.465,0.009813307372244395
76.47,0.009239805974385007
76.47500000000001,0.00869055290642251
76.48,0.008168567406386273
76.485,0.007676245712165297
76.49,0.007215373218942389
76.495,0.006787147899480317
76.5,0.0063922133904270595
76.505,0.006030700067872985
76.51,0.005702272427923205
76.515,0.0054061811279186855
76.52,0.0051413181361201765
76.525,0.004906273562811592
76.53,0.004699392896828414
76.535,0.004518833536054423
76.54,0.004362619675124968
76.545,0.004228694783066089
76.55,0.004114971069345774
76.555,0.004019375486942867
76.56,0.003939891958826713
76.565,0.0038745996287485873
76.57000000000001,0.0038217070383377294
76.575,0.0037795822068695806
76.58,0.0037467786507497935
76.58500000000001,0.003722057417258229
76.59,0.0037044052311241416
76.595,0.003693048858861653
76.60000000000001,0.0036874657916406393
76.605,0.003687391330596099
76.61,0.0036928221357614144
76.615,0.00370401627091016
76.62,0.0037214897440938643
76.625,0.0037460095132401117
76.63,0.003778582896368121
76.635,0.0038204433024804363
76.64,0.003873032183333347
76.645,0.003937977100587631
76.65,0.004017065809888365
76.655,0.004112216286295212
76.66,0.004225442652690425
76.665,0.004358817033470075
76.67,0.004514427428857104
76.675,0.004694331806348373
76.68,0.004900508719709151
76.685,0.005134804903009993
76.69,0.00539888043719472
76.69500000000001,0.005694152251706441
76.7,0.006021736894712859
76.705,0.0063823936769935585
76.71000000000001,0.006776469462005608
76.715,0.007203846527154667
76.72,0.007663895043055646
76.72500000000001,0.008155431813726466
76.73,0.008676686963994484
76.735,0.009225280247701306
76.74,0.00979820858038849
76.745,0.010391846247955527
76.75,0.011001959024270036
76.755,0.01162373312879339
76.76,0.012251819581738488
76.765,0.012880394077196655
76.77,0.013503231995361631
76.775,0.014113797648604987
76.78,0.01470534630588105
76.785,0.015271036998438348
76.79,0.015804053609763002
76.795,0.016297731298571705
76.8,0.01674568496168405
76.805,0.017141936184046358
76.81,0.017481035022406388
76.815,0.017758172988131093
76.82000000000001,0.01796928378443141
76.825,0.018111128670071253
76.83,0.018181363790823468
76.83500000000001,0.018178587398665513
76.84,0.01810236554931066
76.845,0.01795323560531159
76.85000000000001,0.017732687628644328
76.855,0.017443124495223117
76.86,0.01708780227061979
76.865,0.01667075300772325
76.87,0.016196692652034272
76.875,0.015670917133654427
76.88,0.015099189987026307
76.885,0.014487624950316302
76.89,0.013842566977611881
76.895,0.01317047494055501
76.9,0.012477809029341813
76.905,0.011770925505981467
76.91,0.011055981029358009
76.915,0.01033884830539833
76.92,0.009625044314653053
76.925,0.008919671888527603
76.93,0.008227374930132925
76.935,0.007552307158995575
76.94,0.006898113872289002
76.94500000000001,0.006267925918228556
76.95,0.00566436480838739
76.955,0.0050895577355447585
76.96000000000001,0.004545161126765507
76.965,0.0040323913158406555
76.97,0.003552060901753862
76.97500000000001,0.0031046194039774377
76.98,0.0026901968934733844
76.985,0.0023086493811623754
76.99,0.0019596048596417504
76.995,0.0016425090267153664
77.0,0.0013566698512339492
77.005,0.0011013002704212127
77.01,0.0008755584385875537
77.015,0.0006785850556345618
77.02,0.0005095374138333053
77.025,0.0003676198841197076
77.03,0.00025211064476859946
77.035,0.00016238450805333704
77.04,9.793175704825297e-05
77.045,5.837293081219219e-05
77.05,4.3469527039711976e-05
77.055,5.313060358023286e-05
77.06,8.74152715427956e-05
77.065,0.0001465310770325523
77.07000000000001,0.00023082827299225617
77.075,0.00034078998860642695
77.08,0.0004770183103641745
77.08500000000001,0.0006402163040670761
77.09,0.0008311660306095092
77.095,0.0010507026384130036
77.10000000000001,0.001299684662937839
77.105,0.001578960717347755
77.11,0.0018893328365603423
77.115,0.0022315168151960663
77.12,0.002606099987348287
77.125,0.003013497005311727
77.13,0.003453904297886723
77.135,0.003927254019959747
77.14,0.004433168439238244
77.145,0.004970915833867551
77.15,0.0055393690971001774
77.155,0.006136968350659799
77.16,0.006761688944056488
77.165,0.0074110162649283495
77.17,0.008081928789135162
77.175,0.008770890746969684
77.18,0.009473855683385324
77.185,0.010186282015332893
77.19,0.010903161461317978
77.19500000000001,0.01161906091128273
77.2,0.01232817795331087
77.205,0.013024409845819207
77.21000000000001,0.013701435273357987
77.215,0.014352807735043882
77.22,0.014972058917329889
77.22500000000001,0.015552809932607659
77.23,0.016088887851442024
77.235,0.016574444595683246
77.24,0.01700407495712497
77.245,0.017372930336144066
77.25,0.017676824739425
77.255,0.017912329660198623
77.26,0.018076854695046052
77.265,0.01816871111620344
77.27,0.01818715611690891
77.275,0.018132416051571454
77.28,0.018005687681466043
77.285,0.017809117180128453
77.29,0.017545757411774332
77.295,0.017219504738292812
77.3,0.016835017296877197
77.305,0.01639761729659739
77.31,0.01591318036631506
77.315,0.015388015350772832
77.32000000000001,0.014828738152914411
77.325,0.014242143294026732
77.33,0.01363507676602893
77.33500000000001,0.013014313545692602
77.34,0.012386442795207842
77.345,0.011757763353337225
77.35000000000001,0.01113419162298257
77.355,0.010521183428149783
77.36,0.00992367086382373
77.365,0.009346014624018295
77.37,0.008791971794760656
77.375,0.00826467863749869
77.38,0.007766647510184299
77.385,0.0072997767473239605
77.39,0.006865372090025801
77.395,0.006464178086696748
77.4,0.006096417802520904
77.405,0.005761839145227654
77.41,0.00545976615525845
77.415,0.005189153685684289
77.42,0.004948644021029125
77.425,0.004736624126860711
77.43,0.004551282389435585
77.435,0.004390663874413114
77.44,0.004252723306489514
77.44500000000001,0.004135375138429431
77.45,0.0040365402301101305
77.455,0.00395418880085785
77.46000000000001,0.0038863794351899905
77.465,0.0038312940264171313
77.47,0.003787268622633455
77.47500000000001,0.003752820202058027
77.48,0.003726669445919928
77.485,0.0037077596053677886
77.49,0.003695271566290473
77.495,0.0036886352142830835
77.5,0.0036875371886687636
77.505,0.003691925090422543
77.51,0.003702008181994454
77.515,0.003718254585862557
77.52,0.003741384956034599
77.525,0.003772362567113552
77.53,0.003812379741772176
77.535,0.003862840518287669
77.54,0.003925339453209276
77.545,0.004001636457890534
77.55,0.004093627588616755
77.555,0.004203311742692506
77.56,0.004332753270283263
77.565,0.004484040582634741
77.57000000000001,0.00465924093214376
77.575,0.004860351651755579
77.58,0.005089248275012892
77.58500000000001,0.0053476301041346375
77.59,0.0056369639582367626
77.595,0.005958427000457789
77.60000000000001,0.00631284972082824
77.605,0.006700660313880391
77.61,0.0071218318495009925
77.615,0.007575833765255169
77.62,0.008061589305892625
77.625,0.008577440593718677
77.63,0.00912112301013579
77.635,0.009689750509398465
77.64,0.010279813352234157
77.645,0.010887189537086783
77.65,0.011507170923550802
77.655,0.012134504681089453
77.66,0.012763450268465704
77.665,0.013387851662905348
77.67,0.014001224035393278
77.675,0.014596853516902542
77.68,0.015167908160861998
77.685,0.015707557693055207
77.69,0.016209099178801978
77.69500000000001,0.016666085365812933
77.7,0.017072452197005816
77.705,0.017422641838592767
77.71000000000001,0.017711717582791664
77.715,0.017935467127877303
77.72,0.018090491038584844
77.72500000000001,0.0181742736328232
77.73,0.01818523409611572
77.735,0.0181227562831765
77.74,0.017987196395964133
77.745,0.01777986847413615
77.75,0.017503008399664566
77.755,0.017159717821577658
77.76,0.016753890056179443
77.765,0.016290120556671894
77.77,0.015773604970128474
77.775,0.01521002808197025
77.78,0.01460544709232181
77.785,0.013966172669938715
77.79,0.013298651098317293
77.795,0.012609350583463907
77.8,0.01190465444685529
77.805,0.01119076351038828
77.81,0.010473609514672688
77.815,0.009758780918016186
77.82000000000001,0.009051461936582683
77.825,0.008356385205953387
77.83,0.007677798022239557
77.83500000000001,0.007019441717430297
77.84,0.006384543420260513
77.845,0.005775819172699315
77.85000000000001,0.005195487192809267
77.855,0.004645289937384334
77.86,0.004126523549169647
77.865,0.003640073258885934
77.87,0.0031864533380652205
77.875,0.002765850269458525
77.88,0.0023781678933794126
77.885,0.0020230734055788346
77.89,0.001700043208246349
77.895,0.0014084077501874681
77.9,0.001147394622540876
77.905,0.0009161693046215724
77.91,0.0007138730706421903
77.915,0.0005396576737271008
77.92,0.0003927165177595171
77.925,0.0002723121001815265
77.93,0.00017779957977681615
77.935,0.00010864636453353227
77.94,6.444765961818172e-05
77.94500000000001,4.49379360935938e-05
77.95,4.999830131890981e-05
77.955,7.96597621335049e-05
77.96000000000001,0.0001341023760597082
77.965,0.00021365029320435935
77.97,0.00031876269287844927
77.97500000000001,0.00045002062851651203
77.98,0.0006081098071937241
77.985,0.0007937993501392349
77.99,0.0010079166117624716
77.995,0.0012513181773434745
78.0,0.0015248572123214288
78.005,0.0018293474093926676
78.01,0.0021655238595235105
78.015,0.0025340012710515225
78.02,0.0029352300759244443
78.025,0.0033694510769191055
78.03,0.0038366494252901617
78.035,0.004336508847060827
78.04,0.004868367170379528
78.045,0.0054311743269916946
78.05,0.006023454111854676
78.055,0.006643271066007372
78.06,0.007288203902344748
78.065,0.007955326904848903
78.07000000000001,0.008641200693318751
78.075,0.009341873652683574
78.08,0.010052895169451403
78.08500000000001,0.010769341595857185
78.09,0.011485855576246706
78.095,0.012196699017721357
78.10000000000001,0.012895819579917145
78.105,0.013576930109763907
78.11,0.014233599961670507
78.115,0.014859356647697552
78.12,0.015447795785689777
78.125,0.015992696853288635
78.13,0.016488141878003404
78.135,0.016928633874286447
78.14,0.01730921164842414
78.145,0.017625557506740108
78.15,0.01787409446677657
78.155,0.01805206976964513
78.16,0.018157621835335647
78.165,0.018189828274934428
78.17,0.01814873316207155
78.175,0.01803535243876553
78.18,0.017851657071489058
78.185,0.017600534323136685
78.19,0.017285728268305434
78.19500000000001,0.01691176136218786
78.2,0.01648383951364707
78.205,0.016007743608675185
78.21000000000001,0.01548971082526407
78.215,0.01493630931148715
78.22,0.014354309896845052
78.22500000000001,0.013750558437852334
78.23,0.013131852216691442
78.235,0.012504823491443773
78.24,0.011875832882441983
78.245,0.011250874803277355
78.25,0.0106354966064508
78.255,0.010034732571710947
78.26,0.009453053323692728
78.265,0.008894330749068757
78.27,0.008361818028806312
78.275,0.007858143991214206
78.28,0.007385320666973172
78.285,0.006944762670935134
78.29,0.006537316862136322
78.295,0.00616330062390702
78.3,0.005822547079565865
78.305,0.0055144555746302615
78.31,0.005238045837279159
78.315,0.004992014337302564
78.32000000000001,0.004774791510289589
78.325,0.004584598671428353
78.33,0.004419503617540066
78.33500000000001,0.004277474086914701
78.34,0.004156428413597091
78.345,0.004054282871818415
78.35000000000001,0.00396899534584616
78.355,0.0038986050866318678
78.36,0.0038412684210387127
78.365,0.0037952903651237158
78.37,0.003759152157177592
78.375,0.0037315347739895754
78.38,0.003711338521270202
78.385,0.0036976988023279256
78.39,0.0036899981691082932
78.395,0.0036878747466490944
78.4,0.0036912271010241873
78.405,0.0037002155953262117
78.41,0.0037152602445698624
78.415,0.003737035051120219
78.42,0.00376645877034143
78.425,0.003804682030883244
78.43,0.003853070714241902
78.435,0.003913185489162974
78.44,0.003986757398288798
78.44500000000001,0.004075659410839538
78.45,0.004181873886508036
78.455,0.004307455949058792
78.46000000000001,0.004454492833497525
78.465,0.0046250593655043915
78.47,0.004821169835783401
78.47500000000001,0.005044726665820676
78.48,0.005297466403709095
78.485,0.005580903749006438
78.49,0.005896274476818064
78.495,0.006244478301404399
78.5,0.006626022890637628
78.505,0.007040970401044788
78.51,0.007488888039226538
78.515,0.007968804261089701
78.52,0.008479172283035297
78.525,0.009017842594655434
78.53,0.009582046106224595
78.535,0.010168389451244764
78.54,0.010772863767531504
78.545,0.011390868008390953
78.55,0.012017247492067895
78.555,0.012646347977899097
78.56,0.013272085084938823
78.565,0.013888028347444958
78.57000000000001,0.014487498657725695
78.575,0.015063677300197753
78.58,0.015609724260926328
78.58500000000001,0.01611890302259056
78.59,0.016584708668347048
78.595,0.01700099582404846
78.60000000000001,0.017362102806437463
78.605,0.017662968320571792
78.61,0.0178992371698925
78.615,0.018067351718435987
78.62,0.01816462625312454
78.625,0.01818930194067292
78.63,0.01814058070456781
78.635,0.018018637074476374
78.64,0.017824607801458114
78.645,0.017560559800188003
78.65,0.017229437696848038
78.655,0.01683499292141022
78.66,0.01638169684965618
78.665,0.015874640939962603
78.67,0.015319427124712348
78.675,0.014722051884021425
78.68,0.014088787458454988
78.685,0.013426063547537836
78.69,0.012740352619996287
78.69500000000001,0.012038061627464458
78.7,0.011325432514034617
78.705,0.010608453449584943
78.71000000000001,0.009892782231215591
78.715,0.009183682798777681
78.72,0.00848597533861195
78.72500000000001,0.0078040000010872745
78.73,0.007141593867586948
78.735,0.006502080460160542
78.74,0.005888270819923491
78.745,0.0053024749687917705
78.75,0.004746522429865507
78.755,0.004221790401215841
78.76,0.0037292381502176397
78.765,0.003269446218450156
78.77,0.0028426590871664104
78.775,0.0024488300428151533
78.78,0.0020876670948659637
78.785,0.001758678924793422
78.79,0.00146121997499149
78.795,0.001194533920994001
78.8,0.0009577948981189799
78.805,0.000750145972033156
78.81,0.0005707344512111412
78.815,0.0004187437345788414
78.82000000000001,0.00029342146675703784
78.825,0.0001941038395633088
78.83,0.00012023593164645074
78.83500000000001,7.138801659117844e-05
78.84,4.726779721669558e-05
78.845,4.772854496951778e-05
78.85000000000001,7.277313228247484e-05
78.855,0.00012255395454657814
78.86,0.00019736874056697218
78.865,0.0002976522584631214
78.87,0.00042396392428289964
78.875,0.0005769713411500899
78.88,0.0007574298067423157
78.885,0.0009661578638389123
78.89,0.0012040090013742955
78.895,0.0014718396713515602
78.9,0.0017704738507458018
78.905,0.0021006644594088186
78.91,0.0024630520384807397
78.915,0.0028581212063425454
78.92,0.003286155523149148
78.925,0.0037471915274345236
78.93,0.004240972840619861
78.935,0.004766905363636553
78.94,0.005324014721876935
78.94500000000001,0.005910907217522521
78.95,0.006525735647366915
78.955,0.007166171392825049
78.96000000000001,0.007829384218965174
78.965,0.008512031181425073
78.97,0.00921025596738545
78.97500000000001,0.009919699841368868
78.98,0.010635525168893878
78.985,0.011352452207013641
78.99,0.012064809515447195
78.995,0.01276659794449131
79.0,0.013451567712035484
79.005,0.014113307598691449
79.01,0.014745344806208038
79.015,0.015341253526329979
79.02,0.015894769816362952
79.025,0.01639990997358609
79.03,0.016851089271920472
79.035,0.01724323771162517
79.04,0.017571909317211976
79.045,0.01783338156844394
79.05,0.01802474170604995
79.055,0.018143956987110244
79.06,0.018189926400530965
79.065,0.018162511928963454
79.07000000000001,0.018062548104225584
79.075,0.0178918293223731
79.08,0.01765307515509562
79.08500000000001,0.017349874629495332
79.09,0.016986611181778244
79.095,0.016568370605398286
79.10000000000001,0.01610083487005909
79.105,0.01559016508009492
79.11,0.015042877119185505
79.115,0.014465713636898414
79.12,0.013865516009772705
79.125,0.01324909973354238
79.13,0.012623136415513159
79.135,0.011994045136404452
79.14,0.011367895480578483
79.145,0.0107503240118767
79.15,0.010146465421183137
79.155,0.009560899033264292
79.16,0.008997610838278547
79.165,0.008459970741423462
79.17,0.007950724310752832
79.175,0.007471997956926657
79.18,0.007025316214692268
79.185,0.006611629600465463
79.19,0.006231351407102181
79.19500000000001,0.005884401748819101
79.2,0.0055702571803220025
79.205,0.005288004285581849
79.21000000000001,0.005036395730453336
79.215,0.004813907419743302
79.22,0.004618795550284105
79.22500000000001,0.004449152527463696
79.23,0.0043029608810893905
79.235,0.004178144488541591
79.24,0.004072616570704124
79.245,0.003984324071769407
79.25,0.003911288161750015
79.255,0.003851640710051285
79.26,0.003803656666046873
79.265,0.003765782352919911
79.27,0.003736659729726921
79.275,0.003715146709361794
79.28,0.0037003336352035288
79.285,0.0036915560207524123
79.29,0.003688403647075667
79.295,0.0036907260931539967
79.3,0.0036986347471770487
79.305,0.0037125013180618893
79.31,0.003732952832850245
79.315,0.0037608630761416517
79.32000000000001,0.0037973403995932298
79.325,0.0038437118102281342
79.33,0.003901503232921044
79.33500000000001,0.003972415843784827
79.34,0.004058298383547765
79.345,0.004161115389455183
79.35000000000001,0.004282911332052386
79.355,0.004425770707898735
79.36,0.00459177422660062
79.365,0.004782951334188823
79.37,0.005001229444046018
79.375,0.005248380383592988
79.38,0.005525964728601451
79.385,0.005835274857897588
79.39,0.0061772777425375125
79.395,0.006552558643805995
79.4,0.0069612670662841936
79.405,0.0074030664446986805
79.41,0.00787708916107377
79.415,0.008381898557448864
79.42,0.008915459636405387
79.425,0.009475120095117973
79.43,0.010057603245709146
79.435,0.010659014180838255
79.44,0.011274860299216982
79.44500000000001,0.011900086965315637
79.45,0.012529128676213475
79.455,0.013155975644906448
79.46000000000001,0.013774255192462448
79.465,0.014377326803550972
79.47,0.01495838915206349
79.47500000000001,0.015510596870370819
79.48,0.016027184362844338
79.485,0.016501593545818594
79.49,0.016927602093474547
79.495,0.017299448576558518
79.5,0.017611950830250578
79.505,0.017860613979998163
79.51,0.018041724803119052
79.515,0.018152429489106225
79.52,0.01819079237617416
79.525,0.018155833872597782
79.53,0.01804754646995832
79.535,0.017866888502524603
79.54,0.01761575607213217
79.545,0.0172969342868754
79.55,0.016914029636019734
79.555,0.016471385905312275
79.56,0.015973986509571603
79.565,0.015427346451769353
79.57000000000001,0.014837397315815792
79.575,0.014210368755097846
79.58,0.013552669854590249
79.58500000000001,0.012870773540161196
79.59,0.0121711068984105
79.595,0.011459949877465903
79.60000000000001,0.010743344387435627
79.605,0.010027015335463574
79.61,0.009316304635696326
79.615,0.008616118752378554
79.62,0.007930889885646053
79.625,0.007264550499918698
79.63,0.0066205205527047895
79.635,0.006001706489923819
79.64,0.00541051086114841
79.645,0.004848851248246078
79.65,0.004318187115046612
79.655,0.003819553144710497
79.66,0.0033535976492942154
79.665,0.0029206246855864038
79.67,0.0025206385994840375
79.675,0.002153389828990271
79.68,0.0018184209184015643
79.685,0.0015151118304297384
79.69,0.001242723772512111
79.69500000000001,0.001000440886664844
79.7,0.0007874092693644918
79.705,0.0006027729024020712
79.71000000000001,0.00044570616796857365
79.715,0.0003154427101277335
79.72,0.00021130046759171295
79.72500000000001,0.0001327027618497345
79.73,7.919536391796933e-05
79.735,5.045949395405397e-05
79.74,4.6320728867816664e-05
79.745,6.675380407733522e-05
79.75,0.00011188330532391211
79.755,0.00018198024970328408
79.76,0.0002774545588315469
79.765,0.000398843434111118
79.77,0.0005467956555058606
79.775,0.0007220518392083708
79.78,0.0009254207230537936
79.785,0.001157751577106847
79.79,0.0014199028959192006
79.795,0.0017127075863232477
79.8,0.0020369349457087793
79.805,0.002393249819300891
79.81,0.0027821694261636054
79.815,0.0032040184689305917
79.82000000000001,0.0036588832609005806
79.825,0.00414656574359995
79.83,0.004666538395055042
79.83500000000001,0.005217901160163407
79.84,0.005799341645868594
79.845,0.006409099921187433
79.85000000000001,0.007044939324085675
79.855,0.007704124707188953
79.86,0.008383409536577346
79.865,0.009079033181897955
79.87,0.009786729609889022
79.875,0.010501748488429996
79.88,0.011218889455744119
79.885,0.011932549970612882
79.89,0.012636786780703346
79.895,0.013325390607008103
79.9,0.013991973165531135
79.905,0.014630065162329231
79.91,0.015233223401395435
79.915,0.015795144680396334
79.92,0.016309783740844352
79.925,0.01677147218715902
79.93,0.01717503505562945
79.935,0.017515901587785265
79.94,0.017790206759833893
79.94500000000001,0.01799488028427021
79.95,0.018127720074616605
79.955,0.018187447597100004
79.96000000000001,0.01817374308072317
79.965,0.018087259200562755
79.97,0.017929612564046238
79.97500000000001,0.01770335308964377
79.98,0.017411912120500972
79.985,0.01705953083457956
79.99,0.016651171176938817
79.995,0.016192412084617303
80.0,0.015689334216595796
80.005,0.015148396690069177
80.01,0.014576309474659155
80.015,0.01397990508635516
80.02,0.013366013087267703
80.025,0.012741340617065333
80.03,0.012112361809396788
80.035,0.01148521848702444
80.04,0.010865634007814151
80.045,0.01025884159676238
80.05,0.00966952794837539
80.055,0.009101792359871297
80.06,0.008559121174915418
80.065,0.00804437688641002
80.07000000000001,0.007559800896217439
80.075,0.007107028640257695
80.08,0.006687115588293935
80.08500000000001,0.00630057249259508
80.09,0.005947408203118343
80.095,0.005627178368357022
80.10000000000001,0.005339038397858431
80.105,0.005081799161969158
80.11,0.004853984039081993
80.115,0.004653886071671387
80.12,0.004479624166693341
80.125,0.004329197443840194
80.13,0.004200537008565597
80.135,0.004091554585899715
80.14,0.0040001876010351545
80.145,0.003924440422618858
80.15,0.0038624215984470744
80.155,0.0038123770034450555
80.16,0.0037727188963256886
80.165,0.003742050930894525
80.17,0.00371918920487585
80.175,0.003703179448169003
80.18,0.003693310454601778
80.185,0.0036891238552694766
80.19,0.003690420312149934
80.19500000000001,0.003697262186501682
80.2,0.0037099727057468557
80.205,0.0037291316213439174
80.21000000000001,0.0037555673196849604
80.215,0.003790345317518984
80.22,0.0038347530552520492
80.22500000000001,0.0038902808839686998
80.23,0.003958599142037222
80.235,0.004041531227392703
80.24,0.004141022596515498
80.245,0.0042591056666614335
80.25,0.004397860658110986
80.255,0.004559372497854319
80.26,0.004745684005131423
80.265,0.004958745704579215
80.27,0.0052003627482779535
80.275,0.0054721395871908385
80.28,0.005775423194368301
80.285,0.006111245818360089
80.29,0.006480268414293278
80.295,0.006882726065207123
80.3,0.007318376851433328
80.305,0.007786455743790555
80.31,0.008285635177855966
80.315,0.008813993999048364
80.32000000000001,0.0093689964401662
80.325,0.009947482704610877
80.33,0.010545672558020414
80.33500000000001,0.011159183094154201
80.34,0.011783061519317073
80.345,0.012411833405497674
80.35000000000001,0.01303956641828563
80.355,0.013659949004498628
80.36,0.014266383002432548
80.365,0.014852088578585665
80.37,0.015410219364067501
80.375,0.01593398517557887
80.38,0.016416779271217763
80.385,0.016852306773969872
80.39,0.017234710670791742
80.395,0.01755869172541935
80.4,0.0178196187035482
80.405,0.018013625531146715
80.41,0.018137692364334157
80.415,0.018189708046847386
80.42,0.018168512034286266
80.425,0.01807391455993468
80.43,0.017906694552387137
80.435,0.017668575585524593
80.44,0.01736218087058461
80.44500000000001,0.016990968997550482
80.45,0.016559152726962623
80.455,0.0160716036308024
80.46000000000001,0.015533745738554927
80.465,0.014951441570591584
80.47,0.014330874023215756
80.47500000000001,0.013678427503162283
80.48,0.013000571539599548
80.485,0.012303749794952523
80.49,0.01159427702848248
80.495,0.01087824611783006
80.5,0.010161446763444104
80.505,0.009449297013617297
80.51,0.008746788250185489
80.515,0.008058443831146178
80.52,0.007388291159045934
80.525,0.006739846594394194
80.53,0.006116112329616286
80.535,0.005519584109396902
80.54,0.004952268520845848
80.545,0.004415708466536827
80.55,0.003911015397299877
80.555,0.0034389068761377928
80.56,0.0029997481015318073
80.565,0.002593596088514616
80.57000000000001,0.0022202453200002026
80.575,0.0018792737951729421
80.58,0.0015700885360150352
80.58500000000001,0.0012919697459441437
80.59,0.0010441129434854979
80.595,0.0008256685173977374
80.60000000000001,0.000635778263684994
80.605,0.000473608560711547
80.61,0.0003383799306342361
80.615,0.00022939279886535768
80.62,0.00014604932830292183
80.625,8.787124360944143e-05
80.63,5.451359483859414e-05
80.635,4.5774432335152866e-05
80.64,6.160037889564596e-05
80.645,0.0001020880909912425
80.65,0.0001674816093035214
80.655,0.00025816560147351453
80.66,0.00037465450331386485
80.665,0.0005175775784025394
80.67,0.0006876599298537567
80.675,0.0008856995219410635
80.68,0.001112540307116383
80.685,0.0013690416005602835
80.69,0.0016560439035986363
80.69500000000001,0.001974331458083789
80.7,0.00232459189583345
80.705,0.0027073734608089595
80.71000000000001,0.003123040386150855
80.715,0.003571727144139558
80.72,0.0040532924116227775
80.72500000000001,0.004567273729060517
80.73,0.005112843961319058
80.735,0.005688770781139496
80.74,0.006293380501896095
80.745,0.0069245276506428866
80.75,0.0075795717119220285
80.755,0.008255362462925575
80.76,0.008948235259463644
80.765,0.009654017506889545
80.77,0.010368047377959044
80.775,0.011085205569660417
80.78,0.011799960597461023
80.785,0.01250642772883026
80.79,0.013198441244373527
80.795,0.01386963923803819
80.8,0.014513559684647959
80.805,0.015123746002483784
80.81,0.015693859876627414
80.815,0.016217798673920925
80.82000000000001,0.016689814426488425
80.825,0.017104631104420065
80.83,0.01745755673485405
80.83500000000001,0.017744586922248118
80.84,0.017962496434947184
80.845,0.018108915789724733
80.85000000000001,0.018182390169357632
80.855,0.018182418531281996
80.86,0.01810947139409791
80.865,0.0179649865002105
80.87,0.017751342290935668
80.875,0.017471809906339786
80.88,0.017130485135268714
80.885,0.01673220242404483
80.89,0.016282433624020598
80.895,0.0157871746141538
80.9,0.01525282325912869
80.905,0.014686052337328448
80.91,0.014093681093207522
80.915,0.013482548956247342
80.92,0.012859394712247507
80.925,0.012230744060055088
80.93,0.01160280803424385
80.935,0.010981394271009748
80.94,0.010371832550344351
80.94500000000001,0.009778915503478203
80.95,0.009206854840922318
80.955,0.008659252964601905
80.96000000000001,0.008139089393729648
80.965,0.007648721055531382
80.97,0.007189895204403385
80.97500000000001,0.006763773504644632
80.98,0.0063709656744048715
80.985,0.006011571012834338
80.99,0.005685226124006348
80.995,0.005391157201039221
81.0,0.005128235323729413
81.005,0.004895033351534295
81.01,0.004689883146806295
81.015,0.004510932026404291
81.02,0.004356197517923377
81.025,0.004223619661717137
81.03,0.0041111102690880585
81.035,0.004016598693512563
81.04,0.003938073808718023
81.045,0.003873622003352839
81.05,0.003821461097115897
81.055,0.0037799701613205894
81.06,0.003747715282492181
81.065,0.003723471345727536
81.07000000000001,0.003706239938246342
81.075,0.0036952634767927484
81.08,0.0036900356593512033
81.08500000000001,0.003690308324641907
81.09,0.0036960947776079472
81.095,0.0037076696116843944
81.10000000000001,0.003725565026345745
81.105,0.0037505636062296066
81.11,0.003783687500123367
81.115,0.0038261839150817156
81.12,0.0038795068243189235
81.125,0.003945294784187592
81.13,0.004025344762312422
81.135,0.004121581903091531
81.14,0.004236025196393101
81.145,0.0043707490739306465
81.15,0.004527841037014646
81.155,0.0047093555160291345
81.16,0.004917264283248457
81.165,0.005153403872252937
81.17,0.005419420614924064
81.175,0.005716714066979378
81.18,0.00604637976671718
81.185,0.006409152444213362
81.19,0.006805350963176693
81.19500000000001,0.007234826427488628
81.2,0.0076969150091699134
81.205,0.008190397143117423
81.21000000000001,0.0087134647762106
81.215,0.00926369834226648
81.22,0.009838055058697392
81.22500000000001,0.010432869985329773
81.23,0.011043871060110177
81.235,0.011666209023012186
81.24,0.012294502758969372
81.245,0.012922900148740979
81.25,0.013545154018519412
81.255,0.014154712247048451
81.26,0.014744820539796422
81.265,0.01530863584039821
81.27,0.015839347850999275
81.275,0.016330305686949487
81.28,0.01677514635002808
81.285,0.017167921460007562
81.29,0.017503218585289915
81.295,0.01777627354846345
81.3,0.017983070274716795
81.305,0.018120425083807845
81.31,0.01818605279833463
81.315,0.018178612629967006
81.32000000000001,0.018097732479816386
81.325,0.0179440110244542
81.33,0.017718997725637564
81.33500000000001,0.01742515163692815
81.34,0.017065780592552926
81.345,0.016644962973924038
81.35000000000001,0.016167454769309586
81.355,0.015638585027090812
81.36,0.015064143051915835
81.365,0.014450260803087644
81.37,0.013803293919089299
81.375,0.01312970463121843
81.38,0.012435949557612958
81.385,0.011728375002775238
81.39,0.011013121956249705
81.395,0.010296042509416736
81.4,0.00958262891318995
81.405,0.008877956017705912
81.41,0.008186637360307003
81.415,0.007512794755495378
81.42,0.0068600408602979
81.425,0.006231473887677197
81.43,0.0056296833887099496
81.435,0.005056765852671674
81.44,0.004514348756391229
81.44500000000001,0.004003621639194321
81.45,0.0035253727761102027
81.455,0.0030800300598397
81.46000000000001,0.002667704779312885
81.465,0.00228823708058723
81.47,0.00194124201582202
81.47500000000001,0.001626155217453018
81.48,0.0013422773644187203
81.485,0.0010888167403781956
81.49,0.0008649293091465005
81.495,0.0006697558451349561
81.5,0.0005024557606772007
81.505,0.0003622373595487671
81.51,0.0002483843201116498
81.515,0.00016027827217307555
81.52,9.741737659202387e-05
81.525,5.94308526744719e-05
81.53,4.608942007119679e-05
81.535,5.731163973953651e-05
81.54,9.316614578275262e-05
81.545,0.0001538697658185484
81.55,0.00023978153224024634
81.555,0.00035139259079464136
81.56,0.0004893120229194636
81.565,0.0006542486118672475
81.57000000000001,0.0008469886053723563
81.575,0.0010683695634727819
81.58,0.0013192504218646484
81.58500000000001,0.0016004779626976884
81.59,0.001912849954261553
81.595,0.002257075314059165
81.60000000000001,0.00263373174252024
81.605,0.0030432213966378185
81.61,0.003485725289854358
81.615,0.003961157240910396
81.62,0.004469118322242949
81.625,0.005008852892981253
81.63,0.0055792074196237
81.635,0.006178593388579401
81.64,0.006804955696036785
81.645,0.007455747940408486
81.65,0.008127916041583916
81.655,0.008817891564270042
81.66,0.009521596008589484
81.665,0.010234457163328159
81.67,0.010951438373940192
81.675,0.01166708128045002
81.68,0.01237556220711511
81.685,0.013070761972404199
81.69,0.013746348423655519
81.69500000000001,0.01439587051288882
81.7,0.01501286223910725
81.705,0.0155909543012136
81.71000000000001,0.016123990874319816
81.715,0.016606148542923194
81.72,0.017032054152117837
81.72500000000001,0.017396898156448515
81.73,0.01769654000957388
81.735,0.017927602229256934
81.74,0.01808755000856621
81.745,0.018174753623419804
81.75,0.01818853138453136
81.755,0.01812917150355986
81.76,0.017997931923474653
81.765,0.017797017921971303
81.77,0.017529538042296622
81.775,0.017199439659620452
81.78,0.016811426161524423
81.785,0.016370858326283155
81.79,0.015883642961355804
81.795,0.015356112211264872
81.8,0.014794897147304198
81.805,0.014206799303259743
81.81,0.013598663729311511
81.815,0.01297725690604068
81.82000000000001,0.012349152529022689
81.825,0.011720627727676458
81.83,0.01109757180246973
81.83500000000001,0.01048540900746886
81.84,0.00988903637625782
81.845,0.009312777037578712
81.85000000000001,0.008760348979389931
81.855,0.008234848759990143
81.86,0.007738749290375324
81.865,0.007273910492191504
81.87,0.006841601409558251
81.875,0.006442532188241756
81.88,0.006076894255063081
81.885,0.005744407008387853
81.89,0.005444369368619917
81.895,0.005175714624236605
81.9,0.004937067126444816
81.905,0.004726799540151205
81.91,0.004543089515162357
81.915,0.004383974823098491
81.92,0.004247406168492063
81.925,0.004131297055300465
81.93,0.004033570238330508
81.935,0.003952200429268249
81.94,0.0038852530475015357
81.94500000000001,0.0038309189033021163
81.95,0.0037875447841142496
81.955,0.0037536599727477915
81.96000000000001,0.003727998769564589
81.965,0.0037095191142736406
81.97,0.003697417412769591
81.97500000000001,0.0036911396704160174
81.98,0.0036903890190955408
81.985,0.0036951297008810946
81.99,0.00370558754646505
81.995,0.0037222469499781363
82.0,0.0037458443148516984
82.005,0.003777357913290036
82.01,0.0038179940775964205
82.015,0.003869169625197566
82.02,0.003932490412355882
82.025,0.004009725915956164
82.03,0.004102779763930364
82.035,0.004213656171245361
82.04,0.004344422294169981
82.045,0.0044971665886723855
82.05,0.004673953355789351
82.055,0.004876773768945242
82.06,0.005107493813172326
82.065,0.005367799714242949
82.07000000000001,0.0056591415991498195
82.075,0.005982676300334333
82.08,0.006339210387602989
82.08500000000001,0.006729144680527099
82.09,0.007152421647118601
82.095,0.007608477224639643
82.10000000000001,0.008096198693849033
82.105,0.008613890290696702
82.11,0.009159248235871331
82.115,0.009729346794546956
82.12,0.01032063684546003
82.125,0.01092895821901152
82.13,0.01154956677974539
82.135,0.012177176860610928
82.14,0.012806019225219956
82.145,0.013429914243765495
82.15,0.014042359446769126
82.155,0.014636630064075007
82.16,0.015205890623111173
82.165,0.015743315163771143
82.17,0.01624221317537433
82.175,0.01669615799433899
82.18,0.01709911413971099
82.185,0.017445559933712218
82.19,0.01773060176721941
82.19500000000001,0.01795007652898306
82.2,0.018100639026322085
82.205,0.018179831674935087
82.21000000000001,0.01818613429618665
82.215,0.018118992531739764
82.22,0.01797882410245677
82.22500000000001,0.017767002908080087
82.23,0.017485821705058413
82.235,0.01713843482011157
82.24,0.016728782985715895
82.245,0.016261502930415617
82.25,0.015741824753813916
82.255,0.015175460409832198
82.26,0.014568486738404829
82.265,0.013927226493994027
82.27,0.01325813066645054
82.275,0.012567665150704954
82.28,0.01186220445926267
82.285,0.011147934758387379
82.29,0.010430768039043414
82.295,0.00971626873598197
82.3,0.00900959362712328
82.305,0.008315445364480922
82.31,0.007638039564728416
82.315,0.006981084999637233
82.32000000000001,0.006347776109105752
82.325,0.0057407968015272814
82.33,0.005162334316576533
82.33500000000001,0.004614101798843251
82.34,0.004097368167247595
82.345,0.0036129938460423006
82.35000000000001,0.0031614709618486003
82.355,0.0027429666751661586
82.36,0.0023573684129267747
82.365,0.002004329885227918
82.37,0.0016833168966829959
82.375,0.0013936520959614285
82.38,0.0011345579391734972
82.385,0.0009051972685227838
82.39,0.0007047110243076915
82.395,0.0005322527145283917
82.4,0.00038701935388296693
82.405,0.00026827866588785554
82.41,0.00017539239900155046
82.415,0.00010783566021035917
82.42,6.521220399775818e-05
82.425,4.726564182956487e-05
82.43,5.388655120733277e-05
82.435,8.51154778244434e-05
82.44,0.00014114182599173075
82.44500000000001,0.00022229863858791443
82.45,0.0003290532741918595
82.455,0.0004619939921970406
82.46000000000001,0.0006218124753885057
82.465,0.0008092823374763469
82.47,0.00102523369522034
82.47500000000001,0.0012705239282162495
82.48,0.0015460048046298525
82.485,0.0018524862213924465
82.49,0.0021906968932556836
82.495,0.002561242420734189
82.5,0.0029645612825177636
82.505,0.0034008794153503885
82.51,0.003870164178627178
82.515,0.00437207863101996
82.52,0.004905937178566688
82.525,0.005470663775810181
82.53,0.006064753969500458
82.535,0.006686242154911426
82.54,0.007332675465150373
82.545,0.008001095725152396
82.55,0.008688030856724538
82.555,0.009389497025310334
82.56,0.010101012661216657
82.565,0.0108176252570793
82.57000000000001,0.011533951556071287
82.575,0.01224423139025177
82.58,0.012942395014594155
82.58500000000001,0.013622143334920622
82.59,0.014277039932224511
82.595,0.01490061331036685
82.60000000000001,0.015486467286887518
82.605,0.016028397026477847
82.61,0.01652050780933223
82.615,0.016957333341945713
82.62,0.017333950212211846
82.625,0.017646085031586267
82.63,0.01789021086761977
82.635,0.01806362978570064
82.64,0.01816453866483414
82.645,0.01819207593994321
82.65,0.018146347508839256
82.655,0.018028430729351896
82.66,0.01784035616413604
82.665,0.01758506749498423
82.67,0.017266360770214817
82.675,0.01688880485041011
82.68,0.01645764552445428
82.685,0.01597869628498927
82.69,0.015458219110879412
82.69500000000001,0.014902798850137344
82.7,0.014319214863601104
82.705,0.013714313530716282
82.71000000000001,0.013094885013401836
82.715,0.012467547357243092
82.72,0.011838640581437687
82.72500000000001,0.01121413293892104
82.73,0.010599540976087951
82.735,0.009999864490865207
82.74,0.00941953693710218
82.745,0.008862391318924523
82.75,0.008331641160406633
82.755,0.007829875733492031
82.76,0.007359068407993163
82.765,0.006920596734111939
82.77,0.006515272699502361
82.775,0.0061433815015004
82.78,0.005804727145262589
82.785,0.0054986832069729985
82.79,0.005224247175682706
82.795,0.004980096906573195
82.8,0.004764647857025572
82.805,0.004576109946603069
82.81,0.004412543045052786
82.815,0.004271910271723911
82.82000000000001,0.004152128453573489
82.825,0.004051115245268466
82.83,0.0039668325561268425
82.83500000000001,0.003897326052809902
82.84,0.003840760609117755
82.845,0.003795451658432647
82.85000000000001,0.0037598924696967684
82.855,0.0037327774112735357
82.86,0.003713021295050023
82.865,0.0036997749063274604
82.87,0.00369243682176661
82.875,0.003690661605725105
82.88,0.003694364454428986
82.885,0.003703722329458814
82.89,0.003719171589708692
82.895,0.00374140210214291
82.9,0.0037713477779433013
82.905,0.0038101734583324554
82.91,0.0038592580530565357
82.915,0.003920173826852391
82.92,0.0039946617320199
82.925,0.004084602702589368
82.93,0.004191984857885522
82.935,0.00431886661722114
82.94,0.00446733579610914
82.94500000000001,0.0046394648468517374
82.95,0.004837262516627305
82.955,0.005062622325091581
82.96000000000001,0.005317268413087106
82.965,0.005602699469779537
82.97,0.005920131619642888
82.97500000000001,0.006270441321911235
82.98,0.00665410950244727
82.985,0.0070711682990420854
82.99,0.007521151931538128
82.995,0.00800305331557638
83.0,0.008515288096191398
83.005,0.009055667787194466
83.01,0.009621383648390491
83.015,0.010209002807442857
83.02,0.010814477935390698
83.025,0.011433171509761308
83.03,0.01205989534593499
83.035,0.012688965658760765
83.04,0.013314273439124946
83.045,0.01392936940053957
83.05,0.01452756221949869
83.055,0.015102028232156783
83.06,0.0156459302432701
83.065,0.016152542630184286
83.07000000000001,0.016615379541050856
83.075,0.01702832270574106
83.08,0.01738574521857572
83.08500000000001,0.017682627640581927
83.09,0.01791466289809307
83.095,0.018078346737212314
83.10000000000001,0.018171050917224818
83.105,0.01819107686839061
83.11,0.01813768819189221
83.115,0.018011121093202576
83.12,0.017812572596561438
83.125,0.01754416714587137
83.13,0.017208902915406554
83.135,0.016810579809387605
83.14,0.016353711686537764
83.145,0.015843425776690623
83.15,0.015285352569453181
83.155,0.01468550960338888
83.16,0.014050182611136108
83.165,0.013385807359135526
83.17,0.012698855283936439
83.175,0.01199572569911922
83.18,0.011282646933864271
83.185,0.01056558830211074
83.19,0.009850184313364707
83.19500000000001,0.00914167204328109
83.2,0.008444842105831185
83.205,0.007764003227162419
83.21000000000001,0.0071029600340697385
83.215,0.006465003330665908
83.22,0.005852911872434419
83.22500000000001,0.0052689644454808615
83.23,0.004714960914210309
83.235,0.004192250834488931
83.24,0.003701768193499433
83.245,0.0032440708755867576
83.25,0.002819383502410844
83.255,0.0024276423990228224
83.26,0.002068541542807445
83.265,0.001741578482342021
83.27,0.0014460993448306425
83.275,0.0011813421836470717
83.28,0.0009464780431573949
83.285,0.0007406492397532549
83.29,0.000563004462528216
83.295,0.00041273039200806494
83.3,0.00028907961502289137
83.305,0.00019139467681217326
83.31,0.00011912816676867832
83.315,7.185876814522207e-05
83.32000000000001,4.930323321974614e-05
83.325,5.132426143261877e-05
83.33,7.793427110225348e-05
83.33500000000001,0.00012929505968350963
83.34,0.00020571335422103765
83.345,0.00030763225474339517
83.35000000000001,0.0004356185854974548
83.355,0.0005903461746132876
83.36,0.000772575109566187
83.365,0.000983127037339937
83.37,0.001222856627581148
83.375,0.0014926193618949313
83.38,0.0017932358851773245
83.385,0.002125453237116659
83.39,0.0024899033729255393
83.395,0.002887059497172828
83.4,0.0033171908524849414
83.405,0.003780316732207467
83.41,0.0042761606222399
83.415,0.004804105504975453
83.42,0.0053631514884866505
83.425,0.0059518770271065335
83.43,0.006568405094951046
83.435,0.007210375723282425
83.44,0.00787492633695308
83.44500000000001,0.00855868128682502
83.45,0.009257751893240851
83.455,0.00996774816649193
83.46000000000001,0.010683803154947213
83.465,0.01140061059466646
83.47,0.012112476188853805
83.47500000000001,0.012813382446854149
83.48,0.013497066564351456
83.485,0.014157110345653479
83.49,0.014787040677820329
83.495,0.015380438575938626
83.5,0.015931054369414
83.505,0.016432926194188013
83.51,0.016880498642358077
83.515,0.017268738203689793
83.52,0.017593242038834944
83.525,0.0178503366687508
83.53,0.018037163345759666
83.535,0.018151747197279633
83.54,0.01819304769348662
83.545,0.01816098856027537
83.55,0.018056465927777765
83.555,0.017881334234665758
83.56,0.017638370164299033
83.565,0.017331215640759012
83.57000000000001,0.016964301625030487
83.575,0.01654275507651448
83.58,0.01607229197954041
83.58500000000001,0.015559099731429882
83.59,0.015009712443969647
83.595,0.014430882822765057
83.60000000000001,0.0138294542450339
83.605,0.01321223648140446
83.61,0.012585888205396856
83.615,0.01195680903400742
83.62,0.011331043365107263
83.625,0.010714197754243315
83.63,0.01011137302450038
83.635,0.00952711175874299
83.64,0.008965361313265419
83.645,0.008429452013171357
83.65,0.007922089788777953
83.655,0.007445362166563996
83.66,0.007000756269498254
83.665,0.006589187291806908
83.67,0.006211035805673504
83.675,0.005866192208348053
83.68,0.005554106642101431
83.685,0.005273842781019056
83.69,0.005024133994716351
83.69500000000001,0.004803440531135905
83.7,0.004610006527897781
83.705,0.004441915824526355
83.71000000000001,0.004297145726493312
83.715,0.004173618037739857
83.72,0.00406924683662746
83.72500000000001,0.003981982616210633
83.73,0.003909852534077274
83.735,0.0038509966270843243
83.74,0.0038036999311681363
83.745,0.0037664205172388554
83.75,0.0037378134996480794
83.755,0.003716751107072147
83.76,0.0037023389184334954
83.765,0.0036939283686799607
83.77,0.0036911256175893295
83.775,0.0036937968551925687
83.78,0.003702070090722265
83.785,0.0037163334414870297
83.79,0.0037372299059176273
83.795,0.003765648574553415
83.8,0.003802712206322667
83.805,0.003849761076746283
83.81,0.003908332993838748
83.815,0.00398013937869246
83.82000000000001,0.004067037320771849
83.825,0.004170997549614697
83.83,0.004294068312335142
83.83500000000001,0.0044383352129999665
83.84,0.004605877158351923
83.845,0.004798718660088852
83.85000000000001,0.005018778871470175
83.855,0.0052678178785949825
83.86,0.005547380926422818
83.865,0.00585874142510967
83.87,0.006202843759538723
83.875,0.006580247089749136
83.88,0.006991071495209056
83.885,0.007434947951839632
83.89,0.007910973743875616
83.895,0.008417674978382195
83.9,0.0089529778928501
83.905,0.009514190601933592
83.91,0.010097996818863919
83.915,0.010700462904704722
83.92,0.011317059335766544
83.925,0.011942697342096409
83.93,0.012571781061527787
83.935,0.013198275087496825
83.94,0.01381578676957318
83.94500000000001,0.014417662084799332
83.95,0.014997093353937174
83.955,0.015547236544168896
83.96000000000001,0.016061335427728807
83.965,0.016532849458528176
83.97,0.016955581929330776
83.97500000000001,0.0173238047896902
83.98,0.01763237645911886
83.985,0.017876849083044988
83.99,0.01805356191987073
83.995,0.018159717959193244
84.0,0.01819344138259993
84.005,0.01815381411753947
84.01,0.018040890438278723
84.015,0.017855689318459156
84.02,0.017600164999983292
84.025,0.01727715697218457
84.03,0.0168903212232685
84.035,0.01644404520409637
84.04,0.015943349402601115
84.045,0.015393778757978538
84.05,0.014801287327905754
84.055,0.014172119670757155
84.06,0.01351269230858776
84.065,0.01282947843230886
84.07000000000001,0.012128898683442912
84.075,0.011417220462018207
84.08,0.01070046774358957
84.08500000000001,0.009984342914549416
84.09,0.009274161628713529
84.095,0.008574801220042616
84.10000000000001,0.007890662747573884
84.105,0.007225646355074389
84.11,0.0065831392757900176
84.115,0.00596601554084053
84.12,0.005376646224329207
84.125,0.004816918919001267
84.13,0.004288265039733119
84.135,0.0037916935254909134
84.14,0.003327829524236492
84.145,0.002896956699772524
84.15,0.00249906188972826
84.155,0.0021338809520674573
84.16,0.001800944760259604
84.165,0.0014996244425118377
84.17,0.0012291750911694876
84.175,0.0009887772968961706
84.18,0.0007775759840313867
84.185,0.0005947161327046757
84.19,0.00043937506889957234
84.19500000000001,0.0003107910863964225
84.2,0.00020828823238849825
84.205,0.0001312971414927644
84.21000000000001,7.937184586082058e-05
84.215,5.220251478894357e-05
84.22,4.9624102155670057e-05
84.22500000000001,7.162088665244037e-05
84.23,0.00011832690322136075
84.235,0.00019002226205561135
84.24,0.00028712536142616596
84.245,0.0004101810033847464
84.25,0.0005598444339480757
84.255,0.0007368613468996532
84.26,0.0009420439184131268
84.265,0.0011762429774333505
84.27,0.0014403164672991409
84.275,0.0017350944202041418
84.28,0.002061340744067941
84.285,0.0024197122148938988
84.29,0.002810715175511902
84.295,0.003234660558545599
84.3,0.0036916179797064075
84.305,0.0041813697807899786
84.31,0.004703366031153067
84.315,0.005256681627837878
84.32000000000001,0.005839976742498365
84.325,0.006451461960439886
84.33,0.007088869517716034
84.33500000000001,0.007749432068152373
84.34,0.008429870389971228
84.345,0.00912639136680582
84.35000000000001,0.009834697441341689
84.355,0.010550008537649092
84.36,0.011267097183402797
84.365,0.011980337229140048
84.37,0.012683766173296362
84.375,0.013371160660575754
84.38,0.014036124248072213
84.385,0.014672186038247048
84.39,0.015272908292583764
84.395,0.015832000670734203
84.4,0.0163434383354506
84.405,0.016801580824324702
84.41,0.017201288353994926
84.415,0.017538032105235857
84.42,0.017807995055576953
84.425,0.018008160076313118
84.43,0.01813638231904946
84.435,0.018191443341905256
84.44,0.018173084985185994
84.44500000000001,0.01808202165697992
84.45,0.01791993040318829
84.455,0.01768941890426845
84.46000000000001,0.01739397228012507
84.465,0.0170378803203306
84.47,0.01662614739240098
84.47500000000001,0.01616438783728924
84.48,0.01565871008543951
84.485,0.015115593008058426
84.49,0.014541758158472362
84.495,0.01394404154320128
84.5,0.013329268412277884
84.505,0.012704134274454049
84.51,0.012075094965226185
84.515,0.011448268126709849
84.52,0.010829347940280343
84.525,0.010223534411586854
84.53,0.009635477956997818
84.535,0.009069239521576122
84.54,0.008528265976558203
84.545,0.008015380124792415
84.55,0.00753278428541293
84.555,0.007082076157562511
84.56,0.006664275455785074
84.565,0.0062798596908919535
84.57000000000001,0.005928807408324133
84.575,0.005610647206960806
84.58,0.005324510920361902
84.58500000000001,0.005069189441666566
84.59,0.004843189812274495
84.595,0.004644792348019067
84.60000000000001,0.004472106746150395
84.605,0.004323126289890844
84.61,0.004195779437017322
84.615,0.0040879782388301145
84.62,0.003997663184250211
84.625,0.0039228441923393476
84.63,0.0038616375896229904
84.635,0.0038122989977864563
84.64,0.0037732521315091416
84.645,0.0037431135550358707
84.65,0.003720713482819493
84.655,0.0037051127258070082
84.66,0.00369561588804785
84.665,0.0036917809106826547
84.67,0.0036934250400018354
84.675,0.0037006272730618767
84.68,0.003713727302162906
84.685,0.0037333209490503227
84.69,0.0037602520479561585
84.69500000000001,0.003795600709209257
84.7,0.003840667873258541
84.705,0.0038969560526469493
84.71000000000001,0.003966146156885397
84.715,0.0040500703074766164
84.72,0.004150680576933574
84.72500000000001,0.0042700136306219605
84.73,0.004410151315396682
84.735,0.004573177318003552
84.74,0.004761130125531032
84.745,0.004975952638634595
84.75,0.005219438930140541
84.755,0.005493178798328557
84.76,0.005798500929946826
84.765,0.0061364156600483
84.77,0.006507558489493803
84.775,0.0069121356801904454
84.78,0.007349873395639861
84.785,0.00781997196860118
84.79,0.008321066957485357
84.795,0.008851198678868855
84.8,0.009407791878111027
84.805,0.009987647098359531
84.81,0.01058694514171421
84.815,0.011201265767823543
84.82000000000001,0.011825621450977764
84.825,0.01245450662361236
84.83,0.013081962372641698
84.83500000000001,0.013701656050670863
84.84,0.014306974721137067
84.845,0.014891130811630404
84.85000000000001,0.015447277816438287
84.855,0.015968633397900334
84.86,0.016448606821462874
84.865,0.01688092733199653
84.87,0.017259769876382336
84.875,0.017579874505365467
84.88,0.01783665586653882
84.885,0.01802629942557843
84.89,0.0181458414228004
84.895,0.018193230076043676
84.9,0.018167366152027853
84.905,0.018068121724233777
84.91,0.01789633667966939
84.915,0.017653793298102016
84.92,0.017343169965343463
84.925,0.01696797576220277
84.93,0.01653246826981558
84.935,0.016041557415547913
84.94,0.015500698532214585
84.94500000000001,0.014915778026594495
84.95,0.014292995115024354
84.955,0.013638743023424382
84.96000000000001,0.012959492858335864
84.965,0.01226168305203501
84.97,0.011551616907123474
84.97500000000001,0.010835370316836901
84.98,0.010118711257046442
84.985,0.00940703215032812
84.99,0.008705295720329076
84.995,0.008017994496665182
85.0,0.007349123721603235
85.005,0.006702167051368946
85.01,0.006080094155173299
85.015,0.005485369083062963
85.02,0.004919968117544471
85.025,0.004385405718965174
85.03,0.0038827671390269103
85.035,0.003412746276740819
85.04,0.002975687408151906
85.045,0.0025716294947777385
85.05,0.0022003518909707864
85.055,0.0018614203842748367
85.06,0.0015542326390063366
85.065,0.0012780622449892753
85.07000000000001,0.0010321007024565176
85.075,0.0008154967976912175
85.08,0.0006273929353781682
85.08500000000001,0.00046695809117225373
85.09,0.0003334171357727289
85.095,0.00022607634892335415
85.10000000000001,0.00014434500072069145
85.105,8.775291864682178e-05
85.11,5.596399275148087e-05
85.115,4.8785590121444306e-05
85.12,6.617386543900095e-05
85.125,0.00010823496138304134
85.13,0.00017522209842973924
85.135,0.00026752855594180946
85.14,0.00038567655396648526
85.145,0.0005303020542908321
85.15,0.0007021355163969734
85.155,0.0009019786687987086
85.16,0.001130677392705337
85.165,0.0013890908638396482
85.17,0.0016780571599124272
85.175,0.001998355617193859
85.18,0.002350666311863314
85.185,0.0027355271451785512
85.19,0.003153289126623271
85.19500000000001,0.0036040705796320793
85.2,0.004087711120124737
85.205,0.00460372639609119
85.21000000000001,0.005151264702446312
85.215,0.005729066700844498
85.22,0.006335429575415219
85.22500000000001,0.006968177018128685
85.23,0.007624636476492697
85.235,0.008301625082076214
85.24,0.008995445610977981
85.245,0.009701893705120312
85.25,0.010416277395005835
85.255,0.011133449709323173
85.26,0.011847854833479943
85.265,0.012553587905795638
85.27,0.013244468102946882
85.275,0.013914124199619238
85.28,0.01455609129637736
85.285,0.015163916915401643
85.29,0.01573127419846898
85.295,0.01625207951486729
85.3,0.016720611437030186
85.305,0.0171316277865472
85.31,0.01748047731115321
85.315,0.017763202542688816
85.32000000000001,0.01797663051921461
85.325,0.018118448319349056
85.33,0.018187260782063674
85.33500000000001,0.018182628294745484
85.34,0.018105083193667326
85.345,0.017956124007852736
85.35000000000001,0.017738187543194783
85.355,0.017454599556579353
85.36,0.017109505498055455
85.365,0.01670778346411339
85.37,0.016254942077701173
85.375,0.015757006454172995
85.38,0.015220395732580272
85.385,0.014651795805374235
85.39,0.014058030907907693
85.395,0.013445937587100332
85.4,0.01282224432428336
85.405,0.012193459712847243
85.41,0.011565771643866185
85.415,0.010944959442102942
85.42,0.010336320351647998
85.425,0.00974461122383019
85.43,0.009174005731619417
85.435,0.008628066945334467
85.44,0.008109734669226043
85.44500000000001,0.007621326576408904
85.45,0.007164551880878278
85.455,0.006740536077892045
85.46000000000001,0.006349855138324756
85.465,0.005992577479632999
85.47,0.005668312027937716
85.47500000000001,0.005376260737849137
85.48,0.005115274032458927
85.485,0.004883907753379546
85.49,0.004680480365458095
85.495,0.004503129327067867
85.5,0.004349865710274514
85.505,0.004218626326462527
85.51,0.004107322773543309
85.515,0.004013886974761682
85.52,0.003936312907979911
85.525,0.0038726943427409566
85.53,0.0038212584968038144
85.535,0.0037803955965785008
85.54,0.0037486843854626084
85.545,0.0037249136579152187
85.55,0.003708099919232488
85.555,0.0036975012773179106
85.56,0.003692627663651332
85.565,0.0036932474665002848
85.57000000000001,0.0036993906335802407
85.575,0.003711348272087661
85.58,0.0037296687425451003
85.58500000000001,0.0037551502112689317
85.59,0.0037888295983732334
85.595,0.0038319678339540086
85.60000000000001,0.003886031322330563
85.605,0.003952669508019202
85.61,0.004033688447810935
85.615,0.004131020316612499
85.62,0.004246688815605637
85.625,0.004382770512851408
85.63,0.004541352224219253
85.635,0.004724484643309879
85.64,0.004934132548621406
85.645,0.005172122052368167
85.65,0.005440085509835768
85.655,0.005739404872660003
85.66,0.0060711544416278684
85.665,0.006436044145486264
85.67,0.0068343646403850045
85.675,0.007265935668005596
85.68,0.007730059239467124
85.685,0.008225479290778992
85.69,0.00875034950018616
85.69500000000001,0.009302210937260469
85.7,0.009877981128294522
85.705,0.01047395597019829
85.71000000000001,0.011085825688848416
85.715,0.011708705730772095
85.72,0.012337183093602988
85.72500000000001,0.01296537815388632
85.73,0.013587021549916756
85.735,0.014195545143675048
85.74,0.014784185536178995
85.745,0.015346098075617931
85.75,0.015874478794167146
85.755,0.016362691282722608
85.76,0.016804395158601437
85.765,0.01719367256493598
85.77,0.01752514903336788
85.775,0.017794105098289492
85.78,0.017996575243614643
85.785,0.018129431113052874
85.79,0.018190446387059467
85.795,0.018178341330781222
85.8,0.018092805692830893
85.805,0.017934499379137492
85.81,0.017705031078598665
85.815,0.017406915772298248
85.82000000000001,0.017043512741501843
85.825,0.01661894631684646
85.83,0.01613801210277188
85.83500000000001,0.015606071806143262
85.84,0.015028940024020443
85.845,0.014412766454519499
85.85000000000001,0.013763916945347177
85.855,0.01308885663391024
85.86,0.012394038142453212
85.865,0.011685797435408318
85.87,0.010970259495870494
85.875,0.010253255515717541
85.88,0.009540252786120362
85.885,0.00883629800075525
85.89,0.008145974211029028
85.895,0.007473371259113293
85.9,0.0068220691429434765
85.905,0.006195133467596037
85.91,0.0055951218887138054
85.915,0.005024100293050893
85.92,0.004483667334724828
85.925,0.003974985909678708
85.93,0.0034988201360803828
85.935,0.003055576459273901
85.94,0.002645347571311518
85.94500000000001,0.00226795794076029
85.95,0.0019230098654041683
85.955,0.0016099290928064391
85.96000000000001,0.0013280091845095932
85.965,0.0010764539328578238
85.97,0.0008544172615980727
85.97500000000001,0.0006610401562610058
85.98,0.000495484271484381
85.985,0.00035696195030199274
85.99,0.00024476246212734587
85.995,0.0001582743286026589
86.0,9.70036467337343e-05
86.005,6.0588357311472385e-05
86.01,4.880842701189141e-05
86.015,6.159192831259319e-05
86.02,9.90170097549814e-05
86.025,0.00016130975574152329
86.03,0.000248837936562496
86.035,0.00036210065680819525
86.04,0.0005017139189220643
86.045,0.0006683921330723486
86.05,0.0008629256280796582
86.055,0.0010861542546241054
86.06,0.0013389372135361732
86.065,0.0016221193061802808
86.07000000000001,0.001936493874776346
86.075,0.0022827627886083945
86.08,0.0026614939362294976
86.08500000000001,0.0030730767959221694
86.09,0.0035176767811027077
86.095,0.0039951891913201365
86.10000000000001,0.0045051937277111875
86.105,0.005046910665994275
86.11,0.0056191598975274815
86.115,0.006220324147570011
86.12,0.006848317761949829
86.125,0.007500562484921147
86.13,0.008173971656329826
86.135,0.008864944194574065
86.14,0.009569369623640966
86.145,0.010282645223746556
86.15,0.010999706143010712
86.155,0.011715069000747036
86.16,0.01242288914065881
86.165,0.013117031277303681
86.17,0.01379115280069243
86.175,0.014438798537725006
86.18,0.015053505249454702
86.185,0.015628913694797575
86.19,0.016158885631710973
86.19500000000001,0.01663762278307246
86.2,0.017059784503150155
86.205,0.01742060072349716
86.21000000000001,0.017715976722314508
86.215,0.017942586359595225
86.22,0.01809795067379838
86.22500000000001,0.018180499112602888
86.23,0.018189611188589083
86.235,0.018125636964278158
86.24,0.017989895469760597
86.245,0.01778465090239223
86.25,0.017513067220370715
86.255,0.017179142472144804
86.26,0.016787624892735664
86.265,0.016343913376161368
86.27,0.015853945417358517
86.275,0.015324075947095395
86.28,0.014760950683584184
86.285,0.014171377659771167
86.29,0.013562200489381837
86.295,0.012940176696560002
86.3,0.012311864090300162
86.305,0.011683517725185055
86.31,0.011060999488059053
86.315,0.010449701815112178
86.32000000000001,0.009854486492514525
86.325,0.00927963896098305
86.33,0.008728838048103427
86.33500000000001,0.008205140603564587
86.34,0.007710980138039503
86.345,0.0072481782533042605
86.35000000000001,0.006817967429130434
86.355,0.006421023574157303
86.36,0.0060575066682417855
86.365,0.005727107811422272
86.37,0.005429101028333605
86.375,0.005162398273316882
86.38,0.004925606197936361
86.385,0.0047170833959935266
86.39,0.0045349970051269395
86.395,0.004377377716565434
86.4,0.004242172416738299
86.405,0.004127293848640967
86.41,0.004030666834015761
86.415,0.003950270733311889
86.42,0.003884177940251199
86.425,0.003830588304900795
86.43,0.003787859460185228
86.435,0.0037545330835389024
86.44,0.00372935716847278
86.44500000000001,0.003711304401944643
86.45,0.00369958675366297
86.455,0.0036936663778708786
86.46000000000001,0.0036932629135821545
86.465,0.0036983572450515756
86.47,0.003709191757399727
86.47500000000001,0.0037262670886704097
86.48,0.0037503353499064307
86.485,0.0037823897538928897
86.49,0.003823650570435655
86.495,0.0038755473088150083
86.5,0.003939697021579036
86.505,0.0040178786314815085
86.51,0.0041120032018930885
86.515,0.004224080113333528
86.52,0.004356179159706208
86.525,0.004510388658133024
86.53,0.00468876976092325
86.535,0.004893307272102021
86.54,0.005125857408627255
86.545,0.005388093092813406
86.55,0.005681447530172079
86.555,0.006007056993478699
86.56,0.006365703909910536
86.565,0.006757761513442873
86.57000000000001,0.00718314147766641
86.575,0.00764124607169947
86.58,0.008130926475715228
86.58500000000001,0.008650448941260436
86.59,0.009197470474230585
86.595,0.00976902564842419
86.60000000000001,0.010361526012616196
86.605,0.010970773341501427
86.61,0.011591987678702509
86.615,0.012219850757453798
86.62,0.012848564943553242
86.625,0.013471927356597746
86.63,0.014083418294024597
86.635,0.014676302536823727
86.64,0.015243741572827929
86.645,0.01577891426485678
86.65,0.01627514304527722
86.655,0.016726022351818415
86.66,0.017125545774106854
86.665,0.01746822824945582
86.67,0.017749219678286465
86.675,0.017964406489902274
86.68,0.018110498011630227
86.685,0.018185094953565795
86.69,0.01818673788356051
86.69500000000001,0.01811493424937538
86.7,0.01797016322213807
86.705,0.017753858405463063
86.71000000000001,0.01746836919380712
86.715,0.01711690228213314
86.72,0.01670344545054192
86.72500000000001,0.016232676283049585
86.73,0.015709858878498295
86.735,0.01514073188298326
86.74,0.014531391294259066
86.745,0.013888171474324196
86.75,0.013217527661474548
86.755,0.01252592300966171
86.76,0.011819722830725965
86.765,0.011105098290205007
86.77,0.01038794133387455
86.775,0.009673792132524284
86.78,0.008967779840464374
86.785,0.008274576995376037
86.79,0.0075983674581543426
86.795,0.0069428274123310985
86.8,0.006311118628000045
86.805,0.005705892938781432
86.81,0.005129306699714675
86.815,0.004583043867272707
86.82000000000001,0.004068346282874558
86.825,0.003586049729292995
86.83,0.003136624365570384
86.83500000000001,0.002720218214237846
86.84,0.0023367024763221167
86.845,0.0019857175626869505
86.85000000000001,0.0016667188621060092
86.855,0.0013790213975006793
86.86,0.0011218426542840554
86.865,0.0008943429900050148
86.87,0.0006956631508068245
86.875,0.0005249585238376042
86.88,0.0003814298447739617
86.885,0.00026435015665682293
86.89,0.00017308787536879366
86.895,0.00010712586780387001
86.9,6.607648280670952e-05
86.905,4.9692499777560426e-05
86.91,5.7873978123311465e-05
86.915,9.067099712932458e-05
86.92,0.0001482822858310806
86.925,0.00023104974204901652
86.93,0.0003394488485862768
86.935,0.00047407499966367617
86.94,0.0006356257667854415
86.94500000000001,0.0008248791529084087
86.95,0.001042667919047613
86.955,0.0012898501063696166
86.96000000000001,0.0015672759393474678
86.965,0.001875751360595146
86.97,0.002215998539929487
86.97500000000001,0.0025886137930761777
86.98,0.0029940234625929207
86.985,0.0034324384343964454
86.99,0.0039038080927547014
86.995,0.0044077746510993165
87.0,0.004943628926056931
87.005,0.005510268743657676
87.01,0.006106161272137811
87.015,0.006729310657142662
87.02,0.007377232381632126
87.025,0.008046935778999398
87.03,0.00873491608355792
87.035,0.009437157300940413
87.04,0.010149147015152238
87.045,0.010865904023582118
87.05,0.011582019387898157
87.055,0.01229171113880767
87.06,0.01298889245278545
87.065,0.013667252665719332
87.07000000000001,0.014320350001295168
87.075,0.014941714399824946
87.08,0.015524958347988616
87.08500000000001,0.016063893176117006
87.09,0.016552647894677364
87.095,0.01698578736206713
87.10000000000001,0.01735842637860685
87.105,0.01766633624757219
87.11,0.017906040416910685
87.115,0.018074896037539645
87.12,0.018171158632341644
87.125,0.01819402755980093
87.13,0.01814367055381183
87.135,0.01802122630827796
87.14,0.01782878481590444
87.145,0.017569345925750213
87.15,0.017246757334959284
87.155,0.016865633916296474
87.16,0.016431260894485433
87.165,0.01594948388282802
87.17,0.015426589151402936
87.175,0.014869177726836824
87.18,0.014284036985159787
87.185,0.013678013329997185
87.19,0.013057889335183148
87.19500000000001,0.012430268405640987
87.2,0.01180146958320094
87.205,0.011177434638593553
87.21000000000001,0.010563649052194535
87.215,0.009965077942219125
87.22,0.009386117457150789
87.22500000000001,0.008830561645460477
87.23,0.008301584358502367
87.235,0.007801735349165284
87.24,0.007332949411051004
87.245,0.006896567155408206
87.25,0.0064933658585868415
87.255,0.006123598718911438
87.26,0.005787040831373602
87.265,0.005483040224492086
87.27,0.005210572378839373
87.275,0.004968296767176028
87.28,0.004754614100677124
87.285,0.004567723127923529
87.29,0.00440567600757813
87.295,0.004266431444682972
87.3,0.004147904949405756
87.305,0.004048015732032617
87.31,0.003964729886333451
87.315,0.0038960996375263512
87.32000000000001,0.003840298531782249
87.325,0.0037956525294462473
87.33,0.0037606670229937134
87.33500000000001,0.003734049849238197
87.34,0.0037147303880561977
87.345,0.0037018748531856133
87.35000000000001,0.0036948978775675073
87.355,0.0036934704825274537
87.36,0.003697524497808788
87.365,0.003707253472548744
87.37,0.003723110084558723
87.375,0.0037458000258668855
87.38,0.003776272309521822
87.385,0.0038157059203240973
87.39,0.003865492711572216
87.395,0.003927216443514681
87.4,0.004002627861678931
87.405,0.004093615731809663
87.41,0.004202173783606433
87.415,0.004330363566679374
87.42,0.0044802732960551594
87.425,0.004653972855901856
87.43,0.004853465241951405
87.435,0.0050806348543552815
87.44,0.005337193200961821
87.44500000000001,0.005624622730712403
87.45,0.005944119688578553
87.455,0.006296537054414131
87.46000000000001,0.006682328799223924
87.465,0.007101496845121957
87.47,0.007553542252523471
87.47500000000001,0.00803742225388504
87.48,0.008551514816563355
87.485,0.009093592416760998
87.49,0.009660806650622078
87.495,0.01024968518172642
87.5,0.010856142315333273
87.505,0.011475504215265886
87.51,0.012102549419054753
87.515,0.012731564884447266
87.52,0.013356417317989866
87.525,0.01397063901226403
87.53,0.014567526872010461
87.535,0.015140252765828421
87.54,0.015681982823249285
87.545,0.016186002833478597
87.55,0.016645846525570107
87.555,0.01705542323170306
87.56,0.017409141290897878
87.565,0.017702023541311007
87.57000000000001,0.01792981139394101
87.575,0.018089054269353255
87.58,0.018177181610909088
87.58500000000001,0.01819255523944463
87.59,0.018134500470722514
87.595,0.018003315133455544
87.60000000000001,0.017800256384731483
87.605,0.017527505975337476
87.61,0.017188115332260168
87.615,0.01678593247462956
87.62,0.01632551333305088
87.625,0.015812020460689524
87.63,0.015251112431819536
87.635,0.014648827360506544
87.64,0.014011463993018225
87.645,0.013345463698932747
87.65,0.012657296446789701
87.655,0.011953353513582954
87.66,0.01123984925845889
87.665,0.010522733834520182
87.67,0.009807618213088176
87.675,0.009099712409430083
87.68,0.008403777324840433
87.685,0.007724090174338727
87.69,0.007064423094169214
87.69500000000001,0.006428034180109066
87.7,0.005817669954366167
87.705,0.0052355780545418895
87.71000000000001,0.004683528805605519
87.715,0.004162844263307264
87.72,0.0036744332974283367
87.72500000000001,0.0032188313092991194
87.73,0.0027962432450774344
87.735,0.0024065886557353977
87.74,0.0020495476728914497
87.745,0.001724606895301406
87.75,0.0014311043112105182
87.755,0.0011682725178117082
87.76,0.0009352796236119509
87.765,0.0007312673377588563
87.77,0.000555385857301971
87.775,0.00040682525734059283
87.78,0.0002848431630838588
87.785,0.00018878855431680996
87.79,0.0001181215953206527
87.795,7.242942663240881e-05
87.8,5.1437881091620334e-05
87.805,5.5019100833223616e-05
87.81,8.31950476631732e-05
87.815,0.00013613690315095184
87.82000000000001,0.00021416035619881146
87.825,0.0003177167880914489
87.83,0.0004473803625377748
87.83500000000001,0.0006038310492999521
87.84,0.0007878336245137341
87.845,0.001000212724784344
87.85000000000001,0.0012418240701679295
87.855,0.0015135220274689054
87.86,0.0018161237538940611
87.865,0.0021503702417309256
87.87,0.0025168846839811465
87.875,0.002916128690396036
87.88,0.0033483570009575914
87.885,0.0038135714798954723
87.89,0.004311475298313994
87.895,0.0048414283507245415
87.9,0.005402405072826966
87.905,0.005992955936575228
87.91,0.006611173984088836
87.915,0.0072546678195131165
87.92,0.007920542487720894
87.925,0.008605389636279881
87.93,0.009305288269203515
87.935,0.010015817242720715
87.94,0.010732080442370062
87.94500000000001,0.011448745292312879
87.95,0.012160094902821328
87.955,0.012860093758423119
87.96000000000001,0.013542466397449715
87.965,0.01420078805423941
87.97,0.014828585742165501
87.97500000000001,0.015419447765331995
87.98,0.015967139202700764
87.985,0.016465720507682136
87.99,0.016909666054900185
87.995,0.01729397926104781
88.0,0.01761430081860027
88.005,0.017867006631789195
88.01,0.018049292239162185
88.015,0.018159240839004553
88.02,0.018195872498445453
88.025,0.01815917271440526
88.03,0.01805009915395317
88.035,0.01787056614692517
88.04,0.017623407253474
88.045,0.017312316981616505
88.05,0.016941773436983
88.055,0.016516944308243353
88.06,0.01604357911611487
88.065,0.015527891043834785
88.07000000000001,0.014976431911374988
88.075,0.014395963962130054
88.08,0.013793332070910935
88.08500000000001,0.013175339808590536
88.09,0.012548632479450816
88.095,0.011919589849259893
88.10000000000001,0.011294230797567195
88.105,0.010678131600030838
88.11,0.010076359002209045
88.115,0.009493418699307199
88.12,0.008933219328653763
88.125,0.008399051609139008
88.13,0.007893581861324606
88.135,0.007418858803728057
88.14,0.006976332265807628
88.145,0.006566882274203323
88.15,0.006190856862382077
88.155,0.005848116915766255
88.16,0.005538086383085172
88.165,0.005259806258459676
88.17,0.005011990847224368
88.175,0.004793084972998685
88.18,0.004601320940352593
88.185,0.004434774240783312
88.19,0.004291417162567868
88.19500000000001,0.0041691696289438696
88.2,0.00406594675418992
88.205,0.003979702742488378
88.21000000000001,0.003908470884847137
88.215,0.003850399514355507
88.22,0.0038037838661015844
88.22500000000001,0.003767093854651793
88.23,0.0037389978296562543
88.235,0.0037183823999680232
88.24,0.0037043684293744106
88.245,0.003696323308792479
88.25,0.003693869596712573
88.255,0.003696890100378103
88.26,0.0037055294417716877
88.265,0.0037201921242823177
88.27,0.00374153708090863
88.275,0.003770468657021353
88.28,0.003808123952517173
88.285,0.0038558564296680142
88.29,0.003915215682471995
88.295,0.003987923263185866
88.3,0.004075844480202484
88.305,0.004180956109221867
88.31,0.004305310011313068
88.315,0.0044509927203382205
88.32000000000001,0.00462008114773127
88.325,0.004814594665246474
88.33,0.005036443949869351
88.33500000000001,0.0052873771218671095
88.34,0.005568923866348996
88.345,0.005882338395158726
88.35000000000001,0.006228542281682792
88.355,0.00660806836883765
88.36,0.007021007110784794
88.365,0.007466956846933215
88.37,0.007944979614840975
88.375,0.008453564172612005
88.38,0.008990597922657884
88.385,0.009553349373526032
88.39,0.010138462671037018
88.395,0.010741965534421638
88.4,0.011359291668146199
88.405,0.011985318380823173
88.41,0.012614419726755699
88.415,0.013240535014251265
88.42,0.013857252010264887
88.425,0.014457903620691326
88.43,0.015035676288505329
88.435,0.01558372781726547
88.44,0.016095311863853823
88.44500000000001,0.0165639059362519
88.45,0.016983339449375023
88.455,0.017347918204556834
88.46000000000001,0.017652541637509955
88.465,0.017892809286728095
88.47,0.01806511319793458
88.47500000000001,0.018166713388573896
88.48,0.018195794026787837
88.485,0.01815149861271692
88.49,0.01803394316774387
88.495,0.017844207180587546
88.5,0.017584302826108456
88.505,0.01725712369122334
88.51,0.01686637491599896
88.515,0.01641648721388478
88.52,0.01591251770342339
88.525,0.015360040791065899
88.53,0.014765032526529609
88.535,0.014133751892096313
88.54,0.013472622380593435
88.545,0.012788117005470667
88.55,0.01208664955712635
88.555,0.011374474523496048
88.56,0.010657597631979598
88.565,0.009941698485885553
88.57000000000001,0.009232066273302308
88.575,0.008533549046582323
88.58,0.007850516627698312
88.58500000000001,0.007186836793421136
88.59,0.006545864055308215
88.595,0.005930440073553811
88.60000000000001,0.0053429045288773125
88.605,0.004785115137728724
88.61,0.0042584754050079
88.615,0.0037639686840567066
88.62,0.003302197131869633
88.625,0.0028734242014163414
88.63,0.0024776194093334425
88.635,0.002114504220436686
88.64,0.0017835980210128
88.645,0.001484263282691689
88.65,0.001215749150704326
88.655,0.0009772328216568482
88.66,0.0007678581919976502
88.665,0.000586771371124728
88.67,0.00043315274375599344
88.675,0.00030624535322731905
88.68,0.0002053794388185426
88.685,0.0001299930157852569
88.69,7.964842821155116e-05
88.69500000000001,5.4044828597823655e-05
88.7,5.30265655208674e-05
88.705,7.658746218665302e-05
88.71000000000001,0.00012487098681193687
88.715,0.0001981663106487841
88.72,0.00029690026021544913
88.72500000000001,0.00042162517307309244
88.73,0.0005730026801364918
88.735,0.0007517834554957581
88.74,0.0009587830013946252
88.745,0.0011948535780068603
88.75,0.0014608524359971398
88.755,0.0017576065791553575
88.76,0.002085874360279405
88.765,0.002446304312344161
88.77,0.0028393917207925057
88.775,0.0032654335638397924
88.78,0.003724482575199417
88.785,0.004216301316491311
88.79,0.0047403172769158175
88.795,0.005295580147516077
88.8,0.005880722525393622
88.805,0.00649392539839333
88.81,0.007132889816880095
88.815,0.007794816188358311
88.82000000000001,0.008476392597291493
88.825,0.009173793481600967
88.83,0.009882689851053783
88.83500000000001,0.01059827202966801
88.84,0.011315285633465066
88.845,0.012028081158469206
88.85000000000001,0.012730677159890291
88.855,0.013416836562754497
88.86,0.01408015516365424
88.865,0.014714160897607798
88.87,0.015312421944734922
88.875,0.015868661303024112
88.88,0.016376875036378635
88.885,0.016831451083614724
88.89,0.017227285284207028
88.895,0.017559891164346197
88.9,0.017825500054229337
88.905,0.018021148273312804
88.91,0.01814474842564806
88.915,0.01819514229341479
88.92,0.018172133373226984
88.925,0.018076497760468158
88.93,0.017909972806101848
88.935,0.01767522373113195
88.94,0.017375789134668196
88.94500000000001,0.017016007048809456
88.95,0.01660092383642109
88.955,0.016136188770950355
88.96000000000001,0.015627937551734306
88.965,0.015082668285142375
88.97,0.0145071135883299
88.97500000000001,0.013908112452181598
88.98,0.01329248533295413
88.985,0.012666915665594303
88.99,0.0120378405901711
88.995,0.011411353225415866
89.0,0.010793118292824033
89.005,0.01018830235790702
89.01,0.009601519400664671
89.015,0.009036791917729659
89.02,0.008497527271792649
89.025,0.007986508593052832
89.03,0.007505899186110554
89.035,0.007057259123799398
89.04,0.006641572513881755
89.045,0.006259283803329296
89.05,0.005910341433652988
89.055,0.0055942471719721
89.06,0.005310109503341209
89.065,0.0050566995759435684
89.07000000000001,0.004832508326793494
89.075,0.004635803572917041
89.08,0.004464686021456998
89.08500000000001,0.004317143328174566
89.09,0.004191101499063876
89.095,0.004084473092790031
89.10000000000001,0.003995201827340811
89.105,0.003921303320976399
89.11,0.0038609018111788185
89.115,0.0038122627819561217
89.12,0.0037738215029156086
89.125,0.003744207531661381
89.13,0.0037222652666823453
89.135,0.003707070652052641
89.14,0.0036979441394293933
89.145,0.003694460002647711
89.15,0.003696452080930529
89.155,0.003704016001592758
89.16,0.00371750790227543
89.165,0.003737539640789267
89.17,0.0037649704509593596
89.175,0.003800894972956659
89.18,0.0038466275687885076
89.185,0.003903682817927301
89.19,0.003973752090695726
89.19500000000001,0.004058676105182624
89.2,0.0041604134065860165
89.205,0.004281004749516981
89.21000000000001,0.00442253343175647
89.215,0.004587081710247354
89.22,0.004776683536828585
89.22500000000001,0.004993273973703083
89.23,0.005238635791254609
89.235,0.0055143439066505096
89.24,0.005821708490319821
89.245,0.006161717737416694
89.25,0.0065349814764257275
89.255,0.006941676944556718
89.26,0.0073814982059765555
89.265,0.00785361080070146
89.27,0.008356613289041803
89.275,0.008888507379595012
89.28,0.00944667829795165
89.285,0.010027886947838738
89.29,0.01062827524619081
89.295,0.01124338575730377
89.3,0.01186819642549608
89.305,0.012497170806827995
89.31,0.013124323733862298
89.315,0.01374330184391681
89.32000000000001,0.01434747785395274
89.325,0.014930056921546253
89.33,0.015484192901261906
89.33500000000001,0.016003111816182525
89.34,0.01648023945701027
89.345,0.016909329697519127
89.35000000000001,0.017284589924443594
89.355,0.017600799915570065
89.36,0.017853420586078528
89.365,0.018038689260663432
89.37,0.018153698506523597
89.375,0.018196456075600054
89.38,0.018165924115898235
89.385,0.018062036522174196
89.39,0.01788569403174023
89.395,0.01763873743825428
89.4,0.017323900032771178
89.405,0.01694474104952448
89.41,0.01650556249846602
89.415,0.016011312225405305
89.42,0.015467476402282188
89.425,0.014879964840908144
89.43,0.014254992596189453
89.435,0.013598961242689
89.44,0.012918343017265244
89.44500000000001,0.01221957070786317
89.45,0.011508935788338448
89.455,0.010792496844064914
89.46000000000001,0.010075999854315398
89.465,0.00936481139984835
89.47,0.008663865384711755
89.47500000000001,0.007977623403576217
89.48,0.007310048483581966
89.485,0.006664591570197942
89.49,0.006044189846166503
89.495,0.005451275741894079
89.5,0.004887795342879642
89.505,0.004355234801884933
89.51,0.003854653326710533
89.515,0.0033867213236131732
89.52,0.0029517623263997095
89.525,0.0025497974299639736
89.53,0.0021805910474110846
89.535,0.0018436969392627844
89.54,0.001538503590960083
89.545,0.0012642781489047294
89.55,0.0010202082547561275
89.555,0.0008054412390712251
89.56,0.0006191202483334379
89.565,0.0004604169736535102
89.57000000000001,0.00032856073706322153
89.575,0.00022286375941749093
89.58,0.00014274248820383972
89.58500000000001,8.773490789805438e-05
89.59,5.751378589210002e-05
89.595,5.189582643321325e-05
89.60000000000001,7.084672040328505e-05
89.605,0.00011448208446870889
89.61,0.00018306428946557318
89.615,0.00027699518132839884
89.62,0.0003968047021090104
89.625,0.0005431354337770422
89.63,0.0007167230980344996
89.635,0.0009183730778343779
89.64,0.001148933058391144
89.645,0.0014092619373378135
89.65,0.0017001952166362244
89.655,0.002022507164030962
89.66,0.0023768701271391635
89.665,0.0027638114845878192
89.67,0.0031836688385284972
89.675,0.00363654417865078
89.68,0.004122257878412583
89.685,0.004640303519449773
89.69,0.005189804665993947
89.69500000000001,0.005769474825882526
89.7,0.006377581934348342
89.705,0.007011918758406566
89.71000000000001,0.007669780654314451
89.715,0.008347952093739508
89.72,0.009042703304544375
89.72500000000001,0.009749798245575647
89.73,0.010464514940455416
89.735,0.011181678936825534
89.74,0.011895710333913456
89.745,0.012600684437693133
89.75,0.013290405667735428
89.755,0.01395849387134973
89.76,0.014598481703878008
89.765,0.015203921248996721
89.77,0.015768497579564666
89.775,0.01628614654776328
89.78,0.01675117373645918
89.785,0.01715837126885944
89.79,0.017503129026003705
89.795,0.017781536830746347
89.8,0.017990474291174507
89.805,0.01812768527874198
89.81,0.01819183443464567
89.815,0.018182543639177595
89.82000000000001,0.018100407017129783
89.825,0.017946983766670144
89.83,0.017724768853938144
89.83500000000001,0.017437142367882075
89.84,0.01708829906331033
89.845,0.0166831602698565
89.85000000000001,0.01622727091768894
89.855,0.015726684861377294
89.86,0.015187841996397111
89.865,0.014617440809658433
89.87,0.014022310016482464
89.875,0.013409282795173283
89.88,0.012785076870855505
89.885,0.012156183325117809
89.89,0.011528766552277858
89.895,0.010908577271145248
89.9,0.010300879956986364
89.905,0.00971039551126296
89.91,0.009141259462246865
89.915,0.008596995500415261
89.92,0.008080503723931542
89.925,0.007594062610131402
89.93,0.007139343436532997
89.935,0.006717435670383409
89.94,0.006328881708215661
89.94500000000001,0.005973719282851064
89.95,0.005651529857178872
89.955,0.00536149137347941
89.96000000000001,0.005102433830119324
89.965,0.004872896283552919
89.97,0.004671184030137887
89.97500000000001,0.004495424891102218
89.98,0.004343623694415655
89.985,0.004213714220640874
89.99,0.004103608038467321
89.995,0.00401123980920115
90.0,0.003934608766531955
90.005,0.0038718161967625786
90.01,0.0038210988338855945
90.015,0.0037808581616463055
90.02,0.003749685666185276
90.025,0.0037263841213650006
90.03,0.0037099850057639994
90.035,0.003699762158341738
90.04,0.003695241769402352
90.045,0.003696208788189794
90.05,0.003702709802297352
90.055,0.0037150524155533104
90.06,0.0037338011182733166
90.065,0.003759769612782793
90.07000000000001,0.0037940095297614995
90.075,0.0038377954466437547
90.08,0.0038926061072483975
90.08500000000001,0.0039601017369665925
90.09,0.004042097358079033
90.095,0.0041405320355822894
90.10000000000001,0.004257434025892515
90.105,0.004394881861015776
90.11,0.004554961484295461
90.115,0.004739719651847274
90.12,0.004951113935964813
90.125,0.005190959805553064
90.13,0.005460875411650079
90.135,0.0057622248719191305
90.14,0.006096061021869659
90.145,0.006463068769068769
90.15,0.006863510355044511
90.155,0.007297173973032756
90.16,0.007763327312080293
90.165,0.008260677681807493
90.17,0.008787340404623478
90.175,0.009340817143748126
90.18,0.00991798574527536
90.185,0.010515103010391158
90.19,0.01112782158050507
90.19500000000001,0.011751221798135703
90.2,0.012379859026125928
90.205,0.013007826449463522
90.21000000000001,0.013628832888002762
90.215,0.01423629460668252
90.22,0.014823439563620866
90.22500000000001,0.015383422004305203
90.23,0.01590944480462042
90.235,0.01639488654847554
90.24,0.016833429979143943
90.245,0.01721918824943458
90.25,0.017546825302829916
90.255,0.017811666781959445
90.26,0.01800979806239411
90.265,0.018138146369295782
90.27,0.01819454441688606
90.275,0.018177773610638326
90.28,0.018087585545778495
90.285,0.01792470126417811
90.29,0.017690788506492083
90.295,0.017388417924827593
90.3,0.01702099992296624
90.305,0.016592704397137226
90.31,0.01610836613949118
90.315,0.01557337905447298
90.32000000000001,0.014993582553067597
90.325,0.014375143588850392
90.33,0.013724437746301277
90.33500000000001,0.01304793261540027
90.34,0.012352076402788015
90.345,0.011643194351513841
90.35000000000001,0.010927395105611026
90.355,0.01021048867550789
90.36,0.009497917165557368
90.365,0.008794698941912316
90.37,0.008105386453159724
90.375,0.007434037504967961
90.38,0.006784199421026926
90.385,0.006158905226877565
90.39,0.005560680752008551
90.395,0.004991561381839205
90.4,0.004453117078055513
90.405,0.003946484245096471
90.41,0.003472403012727554
90.415,0.003031258557958161
90.42,0.0026231251618895612
90.425,0.0022478118031017402
90.43,0.0019049082104585224
90.435,0.0015938304265539216
90.44,0.0013138650678787833
90.44500000000001,0.0010642115969456967
90.45,0.0008440220469005943
90.455,0.0006524377499703693
90.46000000000001,0.0004886227243556807
90.465,0.00035179345766256365
90.47,0.00024124490051413705
90.47500000000001,0.00015637253982192512
90.48,9.669046548638205e-05
90.485,6.18453805145136e-05
90.49,5.1626522288532176e-05
90.495,6.59714819120985e-05
90.5,0.00010496791327219146
90.505,0.0001688511316275676
90.51,0.00025799760259159754
90.515,0.0003729143308639493
90.52,0.0005142241645821333
90.525,0.0006826470497753867
90.53,0.0008789772895059222
90.535,0.0011040569029088232
90.54,0.0013587452197305616
90.545,0.0016438849116298115
90.55,0.0019602647327392475
90.555,0.0023085793333867954
90.56,0.002689386611551825
90.565,0.0031030631830928357
90.57000000000001,0.0035497586769110967
90.575,0.0040293496906151915
90.58,0.004541394378577479
90.58500000000001,0.005085088769664736
90.59,0.005659226032793896
90.595,0.0062621600085019935
90.60000000000001,0.006891774395933581
90.605,0.007545459024193235
90.61,0.008220094630619457
90.615,0.008912047509888055
90.62,0.009617175281380952
90.625,0.01033084484060609
90.63,0.011047963316539011
90.635,0.011763022540602464
90.64,0.012470157164052864
90.645,0.013163216133662559
90.65,0.013835846767623394
90.655,0.014481590189067362
90.66,0.015093986375646296
90.665,0.015666686617088033
90.67,0.016193570734930773
90.675,0.01666886606404816
90.68,0.01708726492187651
90.685,0.017444037138538704
90.69,0.017735134189607038
90.69500000000001,0.017957281591868934
90.7,0.01810805647165381
90.705,0.018185947613098108
90.71000000000001,0.01819039580793458
90.715,0.01812181295892401
90.72,0.017981579080995402
90.72500000000001,0.017772017103808935
90.73,0.017496346128979212
90.735,0.01715861453564571
90.74,0.01676361499929868
90.745,0.016316784073517
90.75,0.0158240894471966
90.755,0.015291908323604275
90.76,0.014726900547003652
90.765,0.014135880136020518
90.77,0.013525688776010014
90.775,0.012903074575596918
90.78,0.012274579042578893
90.785,0.011646434792293547
90.79,0.011024475992176264
90.795,0.010414063016071395
90.8,0.009820022220903724
90.805,0.009246601240526786
90.81,0.008697439683427177
90.815,0.0081755546890534
90.82000000000001,0.007683340417354856
90.825,0.0072225802457754895
90.83,0.0067944702248059485
90.83500000000001,0.006399652192961014
90.84,0.006038254876660432
90.845,0.005709941289209652
90.85000000000001,0.00541396078390477
90.855,0.005149204212443692
90.86,0.004914260759516509
90.865,0.0047074751778950485
90.87,0.004527004316085659
90.875,0.004370871998348846
90.88,0.0042370214937408335
90.885,0.004123364971208687
90.89,0.004027829490767854
90.895,0.003948399216677334
90.9,0.0038831536554506663
90.905,0.003830301818667836
90.91,0.0037882122897834325
90.915,0.003755439229888635
90.92,0.0037307443987689703
90.925,0.0037131152882065033
90.93,0.003701779474529307
90.935,0.003696215289120952
90.94,0.003696158892091706
90.94500000000001,0.0037016078094109783
90.95,0.003712820966377539
90.955,0.0037303152164596676
90.96000000000001,0.0037548583350376363
90.965,0.003787458417854328
90.97,0.003829349599309806
90.97500000000001,0.0038819739918964924
90.98,0.003946959740261935
90.985,0.004026095091867354
90.99,0.004121298409045071
90.995,0.004234584084226611
91.0,0.004368024379624025
91.005,0.004523707289346923
91.01,0.004703690618288903
91.015,0.0049099525909284125
91.02,0.005144339435654288
91.025,0.005408510544736345
91.03,0.005703881972069169
91.035,0.006031569202423981
91.04,0.006392330298446325
91.045,0.006786510699086534
91.05,0.007213991092179128
91.055,0.007674139912758449
91.06,0.00816577210601821
91.065,0.008687115843493132
91.07000000000001,0.009235788866270411
91.075,0.009808786056130003
91.08,0.010402479689130217
91.08500000000001,0.011012633599612798
91.09,0.011634432188838417
91.095,0.01226252483030521
91.10000000000001,0.012891085794645818
91.105,0.01351388930881825
91.11,0.014124398848760933
91.115,0.014715869201214815
91.12,0.015281459302062927
91.125,0.015814353347529675
91.13,0.016307887230674112
91.135,0.016755677004177016
91.14,0.01715174581904222
91.145,0.01749064568538472
91.15,0.01776757042025423
91.155,0.017978456338283877
91.16,0.0181200675605524
91.165,0.018190063281821267
91.17,0.018187044921546658
91.175,0.018110581747571075
91.18,0.01796121430670894
91.185,0.01774043574458517
91.19,0.017450651852378485
91.19500000000001,0.017095121380815925
91.2,0.016677878784072675
91.205,0.016203642080608205
91.21000000000001,0.015677708912274824
91.215,0.015105844141267255
91.22,0.014494162439795844
91.22500000000001,0.013849009302077775
91.23,0.0131768437568347
91.235,0.012484125789935518
91.24,0.01177721112425445
91.245,0.011062255581425262
91.25,0.01034513077143373
91.255,0.00963135236275292
91.26,0.008926021705285336
91.265,0.008233781094943993
91.27,0.007558782563165778
91.275,0.0069046696813082065
91.28,0.006274571570312304
91.285,0.00567110805061688
91.29,0.005096404689005851
91.295,0.004552116378542692
91.3,0.0040394580316167605
91.305,0.0035592409551501447
91.31,0.003111913518035969
91.315,0.0026976047901321465
91.32000000000001,0.0023161699336364805
91.325,0.0019672362465739113
91.33,0.0016502488829805984
91.33500000000001,0.001364515413990297
91.34,0.0011092485178352263
91.345,0.0008836062192725258
91.35000000000001,0.0006867292086156773
91.355,0.000517774876088728
91.36,0.0003759477871687622
91.365,0.00026052639674079003
91.37,0.0001708858650579237
91.375,0.00010651687876583882
91.38,6.704042460217025e-05
91.385,5.221847719402939e-05
91.39,6.19605877610202e-05
91.395,9.632636319198418e-05
91.4,0.00015552383441130857
91.405,0.00023990371472837335
91.41,0.0003499495554651899
91.415,0.0004862638136537978
91.42,0.0006495498610823436
91.425,0.0008405899862382604
91.43,0.0010602194749198546
91.435,0.0013092968965606744
91.44,0.001588670784349766
91.44500000000001,0.0018991429679893201
91.45,0.0022414289026011502
91.455,0.0026161154415937915
91.46000000000001,0.0030236166087780347
91.465,0.003464128054334381
91.47,0.003937581003988555
91.47500000000001,0.0044435966490077305
91.48,0.004981442050342011
91.485,0.005549988754763646
91.49,0.006147675423486376
91.495,0.006772475851203552
91.5,0.007421873801796153
91.505,0.008092846087649264
91.51,0.008781855269372585
91.515,0.00948485325428905
91.52,0.010197296894670416
91.525,0.010914176460346425
91.53,0.011630057553986717
91.535,0.012339136682683716
91.54,0.013035310272336176
91.545,0.01371225646542129
91.55,0.01436352854364742
91.555,0.014982658331835097
91.56,0.015563267456286667
91.565,0.01609918389146614
91.57000000000001,0.01658456085412041
91.575,0.0170139948139294
91.58,0.017382639211795947
91.58500000000001,0.017686310426171303
91.59,0.01792158261105925
91.595,0.018085868260421023
91.60000000000001,0.018177481720385913
91.605,0.018195683367572713
91.61,0.018140702776477724
91.615,0.018013739893781633
91.62,0.01781694396878919
91.625,0.017553370762826148
91.63,0.017226919291118747
91.635,0.016842250042884643
91.64,0.016404687230846093
91.645,0.015920108101354913
91.65,0.01539482270484882
91.655,0.014835447725467077
91.66,0.014248778038670196
91.665,0.013641659575338139
91.67,0.013020866855445234
91.675,0.012392988219453116
91.68,0.011764321357578211
91.685,0.011140781241028463
91.69,0.01052782202801339
91.69500000000001,0.009930373963623396
91.7,0.009352795760555921
91.705,0.008798842441979815
91.71000000000001,0.008271648173884927
91.715,0.007773723231107255
91.72,0.007306963918438214
91.72500000000001,0.006872674036090487
91.73,0.0064715963110622
91.735,0.006103952131171653
91.74,0.005769487890283642
91.745,0.005467526291759839
91.75,0.005197021038043204
91.755,0.00495661345287246
91.76,0.004744689731248641
91.765,0.00455943767617395
91.77,0.004398901950271039
91.775,0.004261037047528227
91.78,0.004143757351128485
91.785,0.004044983801214652
91.79,0.003962686834175777
91.795,0.0038949253749986923
91.8,0.0038398817676026376
91.805,0.003795892607113993
91.81,0.0037614755016385226
91.815,0.003735351832532763
91.82000000000001,0.0037164656080954095
91.825,0.003703998515936391
91.83,0.0036973812764394404
91.83500000000001,0.0036963013843516433
91.84,0.0037007073052658587
91.845,0.0037108091641370744
91.85000000000001,0.0037270759318893676
91.855,0.003750229085239587
91.86,0.0037812326841728527
91.865,0.00382127978681579
91.87,0.0038717751046510873
91.875,0.003934313792057775
91.88,0.004010656270047264
91.885,0.00410269900219884
91.89,0.004212441178143678
91.895,0.004341947311512051
91.9,0.004493305835238992
91.905,0.004668583869569254
91.91,0.0048697784502884645
91.915,0.00509876463944714
91.92,0.005357241085977904
91.925,0.00564667376933059
91.93,0.0059682388255062335
91.935,0.0063227655316584475
91.94,0.006710680691355719
91.94500000000001,0.00713195581641024
91.95,0.007586058636036341
91.955,0.008071910559273476
91.96000000000001,0.008587851772155375
91.965,0.009131615653636516
91.97,0.00970031412701644
91.97500000000001,0.010290435436981937
91.98,0.010897855627799657
91.985,0.011517864715809623
91.99,0.012145208189863865
91.995,0.012774144040378133
92.0,0.013398515039359182
92.005,0.01401183545909035
92.01,0.014607390879941562
92.015,0.01517834918612948
92.02,0.01571788033802335
92.025,0.016219282055185857
92.03,0.016676108161902903
92.035,0.017082296090151772
92.04,0.017432289887473473
92.045,0.01772115508698846
92.05,0.017944681942260843
92.055,0.018099473835192725
92.06,0.01818301810043721
92.065,0.018193737070191673
92.07000000000001,0.018131017806432226
92.075,0.017995219702342524
92.08,0.01778765990250264
92.08500000000001,0.017510577237828784
92.09,0.017167076087378774
92.095,0.01676105222244928
92.10000000000001,0.016297103232432164
92.105,0.015780426543159365
92.11,0.015216708340282992
92.115,0.014612006830329705
92.12,0.013972633294891068
92.125,0.013305034245320257
92.13,0.012615677748303966
92.135,0.011910946647468279
92.14,0.01119704098108798
92.145,0.010479891439523215
92.15,0.009765085208133684
92.155,0.009057805050304069
92.16,0.008362782016856585
92.165,0.007684261728954311
92.17,0.007025983798527591
92.175,0.006391173626031588
92.18,0.005782545554970042
92.185,0.005202316164401921
92.19,0.004652226359873168
92.19500000000001,0.004133570841426959
92.2,0.0036472335239015052
92.205,0.003193727502130983
92.21000000000001,0.0027732382301071112
92.215,0.0023856686719518905
92.22,0.002030685300592694
92.22500000000001,0.0017077639471221318
92.23,0.0014162346360477862
92.235,0.0011553246744639978
92.24,0.0009241993889426148
92.245,0.0007220000223648881
92.25,0.0005478784066696996
92.255,0.000401028122449576
92.26,0.00028071192980627657
92.265,0.00018628532219922
92.27,0.0001172161018486717
92.275,7.309991363056711e-05
92.28,5.367170085765092e-05
92.285,5.8813061627173424e-05
92.29,8.855549858283185e-05
92.295,0.00014307955684095264
92.3,0.00022270985190020465
92.305,0.00032790599296073086
92.31,0.0004592494144473047
92.315,0.000617426142023314
92.32000000000001,0.0008032055400724047
92.325,0.0010174151181319147
92.33,0.001260911515528207
92.33500000000001,0.0015345478401096457
92.34,0.0018391376036603901
92.345,0.002175415583815621
92.35000000000001,0.002543996035548446
92.355,0.002945328790949553
92.36,0.0033796539031900608
92.365,0.0038469556233859947
92.37,0.004346916629206277
92.375,0.004878873558540775
92.38,0.005441775021065354
92.385,0.0060341433727355565
92.39,0.006654041617194295
92.395,0.007299046855973046
92.4,0.0079662317163951
92.405,0.00865215514846085
92.41,0.009352863892189589
92.415,0.01006390575378191
92.42,0.010780355613558612
92.425,0.011496854796401834
92.43,0.01220766408688334
92.435,0.012906730263601673
92.44,0.013587765574996524
92.44500000000001,0.01424433909516054
92.45,0.014869978405503304
92.455,0.015458279565908839
92.46000000000001,0.016003022883914753
92.465,0.016498291607440763
92.47,0.016938590357195693
92.47500000000001,0.017318959911619913
92.48,0.0176350848878144
92.485,0.017883390910903074
92.49,0.018061128076723776
92.495,0.01816643784810168
92.5,0.018198401001221498
92.505,0.018157064825359726
92.51,0.018043448456900535
92.515,0.01785952596075191
92.52,0.017608187533276976
92.525,0.017293179949021464
92.53,0.01691902807422707
92.535,0.01649093988722683
92.54,0.016014697964489955
92.545,0.01549654076684348
92.55,0.014943037303080331
92.555,0.014360958835588633
92.56,0.013757151236262644
92.565,0.013138411403279093
92.57000000000001,0.012511370838929281
92.575,0.011882389074457933
92.58,0.011257459142246518
92.58500000000001,0.01064212677064802
92.59,0.010041424422048806
92.595,0.009459820762085513
92.60000000000001,0.008901185628136687
92.605,0.00836877011031234
92.61,0.007865200950366358
92.615,0.0073924881380911245
92.62,0.006952044330640561
92.625,0.00654471454258676
92.63,0.006170814453136941
92.635,0.005830175641262869
92.64,0.0055221960830671435
92.645,0.005245894321578959
92.65,0.00499996583127249
92.655,0.004782840242373965
92.66,0.004592738252719997
92.665,0.0044277272234714005
92.67,0.004285774630714556
92.675,0.004164798709866524
92.68,0.0040627157881663045
92.685,0.003977483942117388
92.69,0.003907142740706249
92.69500000000001,0.003849848941490208
92.7,0.0038039080897849242
92.705,0.003767802038926682
92.71000000000001,0.003740212452807201
92.715,0.0037200403837449603
92.72,0.003706422028741607
92.72500000000001,0.003698740768338097
92.73,0.00369663557919046
92.735,0.00370000589033459
92.74,0.003709012927797739
92.745,0.003724077557562322
92.75,0.0037458746098418816
92.755,0.003775323632491112
92.76,0.003813575999034313
92.765,0.003861998276212475
92.77,0.003922151745103797
92.775,0.0039957679750890485
92.78,0.004084720362304672
92.785,0.004190991581406678
92.79,0.004316636944169616
92.795,0.004463743734993031
92.8,0.00463438667718119
92.805,0.004830579796220924
92.81,0.0050542250757938945
92.815,0.005307058445815471
92.82000000000001,0.005590593802262234
92.825,0.005906065929027093
92.83,0.006254373363141497
92.83500000000001,0.006636022415325016
92.84,0.007051073715892642
92.845,0.007499092791572792
92.85000000000001,0.007979106285795012
92.855,0.008489565497573182
92.86,0.0090283189254734
92.865,0.009592595452737385
92.87,0.010178999693142288
92.875,0.010783520816509906
92.88,0.011401555910452998
92.885,0.01202794857969991
92.89,0.012657043073424745
92.895,0.013282753753657062
92.9,0.013898649196399049
92.905,0.01449804967619528
92.91,0.015074136234531466
92.915,0.015620069015163551
92.92,0.01612911207541501
92.925,0.016594761495213106
92.93,0.017010873311775754
92.935,0.017371787650439785
92.94,0.01767244539050239
92.94500000000001,0.017908493833303396
92.95,0.018076378112795055
92.955,0.018173415497230394
92.96000000000001,0.018197850278376393
92.965,0.018148887577574158
92.97,0.018026705121357622
92.97500000000001,0.017832442784218472
92.98,0.017568170461117916
92.985,0.017236835550392016
92.99,0.016842191990967592
92.995,0.01638871335423886
93.0,0.015881492945577946
93.005,0.015326134167516159
93.01,0.014728634580208677
93.015,0.01409526710953557
93.02,0.013432461753449587
93.025,0.012746690908514324
93.03,0.012044361109751378
93.035,0.011331713572740654
93.04,0.010614735464972824
93.045,0.009899083349846904
93.05,0.009190019746434075
93.055,0.008492363278730153
93.06,0.007810452437578164
93.065,0.007148122591138062
93.07000000000001,0.006508695533717912
93.075,0.0058949806013579575
93.08,0.0053092861653869505
93.08500000000001,0.004753440180911284
93.09,0.004228818382697952
93.095,0.003736378698784293
93.10000000000001,0.0032767004685023693
93.105,0.0028500271171960634
93.11,0.0024563110269752997
93.115,0.002095259456776688
93.12,0.001766380489383046
93.125,0.0014690281161899854
93.13,0.0012024457033970037
93.135,0.0009658072098628345
93.14,0.0007582556480838498
93.145,0.0005789383853844754
93.15,0.0004270389801634966
93.155,0.00030180532403689675
93.16,0.00020257393074718522
93.165,0.00012879026285203543
93.17,8.002502547446722e-05
93.175,5.598638822807388e-05
93.18,5.65281104342643e-05
93.185,8.165356006502311e-05
93.19,0.00013151562183455479
93.19500000000001,0.00020641249508246418
93.2,0.0003067793846395217
93.205,0.00043317609783999345
93.21000000000001,0.0005862705682455616
93.215,0.0007668183520257443
93.22,0.000975638164056214
93.22500000000001,0.0012135835671975848
93.23,0.0014815109777126523
93.235,0.0017802442154746245
93.24,0.0021105359130455525
93.245,0.002473026185264793
93.25,0.002868199079012257
93.255,0.0032963374336869578
93.26,0.0037574769167925126
93.265,0.0042513601296434445
93.27,0.0047773918102702595
93.275,0.0053345962869002506
93.28,0.0059215784447772535
93.285,0.006536489561275616
93.29,0.007176999420327235
93.295,0.007840276137617508
93.3,0.00852297510081712
93.305,0.009221238345858751
93.31,0.009930705543627738
93.315,0.010646537565254022
93.32000000000001,0.011363453317748906
93.325,0.012075780199193531
93.33,0.012777518131880328
93.33500000000001,0.013462416679210776
93.34,0.014124064280082393
93.345,0.014755988137928
93.35000000000001,0.015351762815427605
93.355,0.01590512512551001
93.36,0.016410092511591756
93.365,0.016861081781591736
93.37,0.01725302483880853
93.375,0.01758147795643339
93.38,0.017842721166637432
93.385,0.018033844520310538
93.39,0.01815281828432802
93.395,0.01819854459116499
93.4,0.01817088863298011
93.405,0.0180706881414352
93.41,0.017899740632792316
93.415,0.017660768643580127
93.42,0.017357363948178772
93.425,0.0169939124486973
93.43,0.016575502073493453
93.435,0.01610781655437421
93.44,0.015597018355411052
93.44500000000001,0.015049624299276587
93.45,0.014472377547903648
93.455,0.01387211957029777
93.46000000000001,0.013255665551401563
93.465,0.012629686410228658
93.47,0.012000600198664557
93.47500000000001,0.011374475172601706
93.48,0.010756946314863569
93.485,0.010153146532978496
93.49,0.009567653217221306
93.495,0.009004450323253366
93.5,0.008466905672161573
93.505,0.007957762742783814
93.51,0.007479145895967321
93.515,0.007032577691981956
93.52,0.006619006781413361
93.525,0.006238844727029402
93.53,0.0058920100684627386
93.535,0.0055779779591880185
93.54,0.005295833763900859
93.545,0.0050443291183874805
93.55,0.004821939087527483
93.555,0.004626919216666359
93.56,0.004457361442197438
93.565,0.00431124800049254
93.57000000000001,0.004186502640592948
93.575,0.004081038608730214
93.58,0.0039928030161622274
93.58500000000001,0.0039198173282581905
93.59,0.0038602138244052675
93.595,0.0038122679654610803
93.60000000000001,0.0037744266738560794
93.605,0.003745332582600458
93.61,0.003723844340395688
93.615,0.003709053075532376
93.62,0.003700295123678324
93.625,0.0036971611133561613
93.63,0.0036995014842550397
93.635,0.0037074284876174035
93.64,0.0037213146856719392
93.645,0.0037417879377033003
93.65,0.003769722827383637
93.655,0.0038062284606037444
93.66,0.003852632540996659
93.665,0.003910461619831107
93.67,0.003981417416326849
93.675,0.00406734911769302
93.68,0.004170221597473045
93.685,0.004292079539102822
93.69,0.004435007515356304
93.69500000000001,0.004601086162658419
93.7,0.004792344693656858
93.705,0.0050107101170571156
93.71000000000001,0.005257953677361371
93.715,0.005535635181974641
93.72,0.00584504605503966
93.72500000000001,0.006187152125749051
93.73,0.006562537332982288
93.735,0.006971349686919481
93.74,0.00741325097145662
93.745,0.007887371780935126
93.75,0.008392273559362451
93.755,0.008925919330959431
93.76,0.009485654772149132
93.765,0.010068201172131808
93.77,0.010669661644371331
93.775,0.011285541700733148
93.78,0.011910784961592924
93.785,0.012539824373426711
93.79,0.013166648842510398
93.795,0.013784884673402331
93.8,0.014387890667205028
93.805,0.014968865182517277
93.81,0.015520962932932036
93.815,0.016037418818168447
93.82000000000001,0.016511675671210924
93.825,0.01693751250024178
93.83,0.017309169610491892
93.83500000000001,0.017621466943246844
93.84,0.0178699120627428
93.845,0.018050794467235676
93.85000000000001,0.018161263289506735
93.855,0.018199385968244997
93.86,0.018164186098871937
93.865,0.01805565937204534
93.87,0.01787476726158843
93.875,0.01762340887837155
93.88,0.017304372144216984
93.885,0.016921266107015498
93.89,0.016478436808341712
93.895,0.015980869575379586
93.9,0.015434080952029916
93.905,0.014844003674795658
93.91,0.014216868155227047
93.915,0.013559083847596298
93.92,0.012877123673511903
93.925,0.012177414365481809
93.93,0.011466235199364405
93.935,0.010749627131929174
93.94,0.010033313877862327
93.94500000000001,0.009322635963179948
93.95,0.008622498314675653
93.955,0.007937331489248578
93.96000000000001,0.007271066246758551
93.965,0.0066271208181643
93.97,0.006008399939625875
93.97500000000001,0.00541730449891098
93.98,0.004855750494090927
93.985,0.004325195906215384
93.99,0.0038266740560146673
93.995,0.0033608320277505044
94.0,0.0029279727954705237
94.005,0.002528099773140724
94.01,0.0021609626200644882
94.015,0.001826103254297884
94.02,0.0015229011608446363
94.025,0.001250617212174454
94.03,0.0010084353496919718
94.035,0.0007955015947782584
94.04,0.0006109599675110378
94.045,0.00045398499180637764
94.05,0.00032381054290975264
94.055,0.00021975486841163683
94.06,0.00014124166225948365
94.065,8.781711909849887e-05
94.07000000000001,5.916291973272203e-05
94.075,5.510512554060716e-05
94.08,7.561896630257914e-05
94.08500000000001,0.0001208295193778075
94.09,0.00019100827608004023
94.095,0.00028656560181172797
94.10000000000001,0.0004080390982792448
94.105,0.0005560778880482342
94.11,0.0007314228600188155
94.115,0.0009348829408510895
94.12,0.0011673074941196404
94.125,0.001429554999919258
94.13,0.0017224582315185089
94.135,0.002046786224617847
94.14,0.0024032034247492007
94.145,0.0027922265078439423
94.15,0.0032141794846909377
94.155,0.003669147826309782
94.16,0.004156932482981546
94.165,0.004677004796880269
94.17,0.005228463441371289
94.175,0.005809994628970472
94.18,0.006419836928492018
94.185,0.007055752094579759
94.19,0.007715003339530568
94.19500000000001,0.008394342463862614
94.2,0.009090007181988824
94.205,0.00979772985407834
94.21000000000001,0.010512758633467456
94.215,0.011229891779468204
94.22,0.011943525551448175
94.22500000000001,0.012647715723410613
94.23,0.01333625230783042
94.235,0.014002746618455575
94.24,0.01464072929720217
94.245,0.0152437574470774
94.25,0.01580552854880679
94.255,0.016319998415561088
94.26,0.01678150011190027
94.265,0.017184860509431132
94.27,0.017525511032374652
94.275,0.017799589154613216
94.28,0.018004027351757657
94.285,0.018136626510965925
94.29,0.01819611121968734
94.295,0.018182164906392018
94.3,0.0180954434501146
94.305,0.017937566595534804
94.31,0.01771108725806414
94.315,0.01741943957025427
94.32000000000001,0.017066867230866478
94.325,0.01665833438277531
94.33,0.016199421796198266
94.33500000000001,0.015696211564968365
94.34,0.015155163824328355
94.345,0.014582989135003999
94.35000000000001,0.01398652018357538
94.355,0.013372586294654099
94.36,0.012747893988692027
94.365,0.012118916432587667
94.37,0.011491794173942083
94.375,0.010872249035053017
94.38,0.010265512492921403
94.385,0.009676269333940724
94.39,0.009108616838091166
94.395,0.008566039271816095
94.4,0.008051397039142927
94.405,0.007566929483125762
94.41,0.0071142700507529355
94.415,0.006694472325383671
94.42,0.006308045303203613
94.425,0.005954996231160692
94.43,0.00563487932405593
94.435,0.0053468487388386166
94.44,0.005089714281368174
94.44500000000001,0.0048619984550812845
94.45,0.004661993616757343
94.455,0.004487818171152291
94.46000000000001,0.004337470912825658
94.465,0.0042088827887072355
94.47,0.004099965521378035
94.47500000000001,0.004008656677418454
94.48,0.003932960897538251
94.485,0.003870987118585578
94.49,0.0038209817085537168
94.495,0.0037813575095213547
94.5,0.0037507188353457233
94.505,0.003727882508370195
94.51,0.0037118950343878743
94.515,0.0037020460224887614
94.52,0.0036978779464258834
94.525,0.0036991923267386193
94.53,0.0037060523871004225
94.535,0.0037187822101195644
94.54,0.0037379623835472886
94.545,0.0037644220991788213
94.55,0.003799227636605451
94.555,0.003843667143922591
94.56,0.003899231612007892
94.565,0.003967591938528248
94.57000000000001,0.004050571986548679
94.575,0.004150117570163481
94.58,0.004268261343328028
94.58500000000001,0.004407083629096142
94.59,0.004568669310345719
94.595,0.004755061003820948
94.60000000000001,0.0049682088626550325
94.605,0.005209917490477167
94.61,0.005481790605694314
94.615,0.005785174262484816
94.62,0.0061210996035452325
94.625,0.0064902262959734
94.63,0.006892787961399804
94.635,0.0073285410584560395
94.64,0.007796718796281965
94.645,0.00829599173245299
94.65,0.00882443674866451
94.655,0.009379516063873439
94.66,0.009958067857276376
94.665,0.010556309905982886
94.67,0.011169857397621996
94.675,0.011793755765282299
94.68,0.01242252899230678
94.685,0.013050243389209015
94.69,0.013670586329592282
94.69500000000001,0.014276958903984394
94.7,0.014862580892266664
94.705,0.015420605931311115
94.71000000000001,0.015944244253820017
94.715,0.016426889955297952
94.72,0.01686224941390435
94.72500000000001,0.017244467276142927
94.73,0.017568246343302008
94.735,0.01782895775851756
94.74,0.018022738117750237
94.745,0.018146570480197965
94.75,0.018198346763711015
94.755,0.01817690959645546
94.76,0.01808207241128912
94.765,0.01791461728991095
94.77,0.017676270841917585
94.775,0.017369659130253012
94.78,0.016998243353150144
94.785,0.016566238584839965
94.79,0.016078518374129658
94.795,0.015540508361294059
94.8,0.014958072291481272
94.805,0.014337393892123629
94.81,0.013684858010801548
94.815,0.013006934240657131
94.82000000000001,0.01231006595357087
94.825,0.011600567294145492
94.83,0.010884530236918266
94.83500000000001,0.010167743332697654
94.84,0.009455623276046765
94.845,0.008753159937445076
94.85000000000001,0.00806487504945963
94.855,0.007394794320145337
94.86,0.006746432386504964
94.865,0.006122789726680011
94.87,0.0055263604141782
94.875,0.0049591494371750144
94.88,0.004422698196512087
94.885,0.003918116757867907
94.89,0.003446121431990079
94.895,0.003007076307462775
94.9,0.0026010374403169223
94.905,0.0022277985064098615
94.91,0.0018869368511174045
94.915,0.001577858991810288
94.92,0.0012998447709318128
94.925,0.0010520894822341198
94.93,0.0008337434167517976
94.935,0.0006439483883933228
94.94,0.0004818708987883724
94.94500000000001,0.000346731684994106
94.95,0.00023783146757816453
94.955,0.0001545727707608635
94.96000000000001,9.647773369829415e-05
94.965,6.320186066228681e-05
94.97,5.454368283178655e-05
94.97500000000001,7.045031595565021e-05
94.98,0.00011101890899384292
94.985,0.00017649398085511914
94.99,0.00026726064922344417
94.995,0.00038383375884809556
95.0,0.0005268429276521491
95.005,0.0006970135450474757
95.01,0.000895143780661467
95.015,0.0011220776993043913
95.02,0.0013786746222361757
95.025,0.0016657749413608869
95.03,0.001984162660779276
95.035,0.0023345250403838946
95.04,0.002717409808061788
95.045,0.003133180534138802
95.05,0.003581970877670315
95.055,0.004063638552741722
95.06,0.004577719991928575
95.065,0.00512338681394553
95.07000000000001,0.005699405320497064
95.075,0.006304100344674879
95.08,0.006935324845228408
95.08500000000001,0.007590436676593981
95.09,0.008266283954302622
95.095,0.00895920037519815
95.10000000000001,0.009665011728195338
95.105,0.010379054652148056
95.11,0.011096208437720634
95.115,0.011810940365464262
95.12,0.012517364684061505
95.125,0.01320931491412125
95.13,0.013880428688125335
95.135,0.014524243850260632
95.14,0.015134304049183811
95.145,0.015704271578766082
95.15,0.016228044803714425
95.155,0.01669987714360488
95.16,0.017114494332435726
95.165,0.017467206516087685
95.17,0.017754011738141173
95.175,0.01797168748164779
95.18,0.01811786719955677
95.185,0.018191099170387304
95.19,0.018190885538260204
95.19500000000001,0.018117700027900696
95.2,0.017972983533262266
95.205,0.01775911752176995
95.21000000000001,0.017479375963738164
95.215,0.017137857220483
95.22,0.016739397998570382
95.22500000000001,0.01628947205143305
95.23,0.015794076767985388
95.235,0.015259611108511706
95.24,0.014692748522659116
95.245,0.014100308502360548
95.25,0.01348913031478105
95.255,0.012865952196534636
95.26,0.012237298942093133
95.265,0.01160938036719017
95.27,0.01098800261827293
95.275,0.010378493765497154
95.28,0.009785644559617168
95.285,0.009213664712035552
95.29,0.008666154557865013
95.295,0.00814609152730128
95.3,0.007655830482899972
95.305,0.007197116675696336
95.31,0.0067711098641662915
95.315,0.006378417986004692
95.32000000000001,0.0060191387084138626
95.325,0.005692907170832484
95.33,0.005398948280284088
95.33500000000001,0.00513613201747809
95.34,0.004903030332679137
95.345,0.004697974367632085
95.35000000000001,0.0045191109039857125
95.355,0.0043644571116683295
95.36,0.004231952842553177
95.365,0.004119509877176242
95.37,0.00402505768414585
95.375,0.00394658538561643
95.38,0.003882179738073699
95.385,0.0038300590353661512
95.39,0.0037886029155800305
95.395,0.0037563781114162698
95.4,0.003732160220673131
95.405,0.0037149515971018066
95.41,0.0037039954653725476
95.415,0.0036987863612490124
95.42,0.003699076978833104
95.425,0.00370488148480376
95.43,0.0037164753293527364
95.435,0.00373439155171873
95.44,0.0037594135479300794
95.44500000000001,0.003792564237666607
95.45,0.0038350915462770363
95.455,0.0038884500999101235
95.46000000000001,0.003954279029619645
95.465,0.004034375786356126
95.47,0.00413066589299893
95.47500000000001,0.004245168599570803
95.48,0.004379958466398826
95.485,0.0045371229791832945
95.49,0.004718716396594047
95.495,0.0049267101519827605
95.5,0.005162940264741067
95.505,0.00542905236979685
95.51,0.005726445139817571
95.515,0.006056213043125425
95.52,0.006419089556802149
95.525,0.006815392115903762
95.53,0.007244970233090342
95.535,0.0077071583449424
95.54,0.008200735029941342
95.545,0.008723890286351121
95.55,0.009274202543021914
95.555,0.009848626993811394
95.56,0.010443496701668664
95.565,0.01105453768093767
95.57000000000001,0.011676898871705532
95.575,0.01230519753329773
95.58,0.01293358014533652
95.58500000000001,0.013555798405839425
95.59,0.014165299382678853
95.595,0.014755328324739025
95.60000000000001,0.015319042106579417
95.605,0.015849630767984735
95.61,0.01634044418170788
95.61500000000001,0.01678512052630765
95.62,0.0171777130051467
95.625,0.017512811154183794
95.63,0.017785653111211275
95.635,0.017992225417444274
95.64,0.01812934725464288
95.645,0.01819473648927783
95.65,0.018187055489704562
95.655,0.018105935353766256
95.66,0.017951977922571416
95.665,0.017726735717410236
95.67,0.01743267068023613
95.675,0.01707309330049611
95.68,0.01665208432956078
95.685,0.016174401796479998
95.69,0.01564537642862973
95.69500000000001,0.015070798827718335
95.7,0.014456801856869816
95.705,0.013809741667557773
95.71000000000001,0.013136080623706192
95.715,0.01244227511764251
95.72,0.011734670897613597
95.72500000000001,0.01101940810223212
95.73,0.010302337716488807
95.735,0.009588950674647378
95.74000000000001,0.008884320342165353
95.745,0.008193058651173146
95.75,0.007519285732279002
95.755,0.006866612523705129
95.76,0.006238135521320132
95.765,0.005636442595854163
95.77,0.005063628623970473
95.775,0.004521319562337922
95.78,0.004010703543285032
95.785,0.0035325675649442445
95.79,0.0030873383840299695
95.795,0.0026751263027753325
95.8,0.0022957706323936122
95.805,0.0019488857435012719
95.81,0.0016339067366901716
95.815,0.0013501339041090965
95.82000000000001,0.001096775279856299
95.825,0.0008729867070749187
95.83,0.0006779089573896169
95.83500000000001,0.0005107015475092069
95.84,0.0003705729795360213
95.845,0.0002568072128432686
95.85000000000001,0.00016878622665200682
95.855,0.0001060085870684957
95.86,6.810396088477444e-05
95.86500000000001,5.4843543820278106e-05
95.87,6.614638842340065e-05
95.875,0.00010208162182484548
95.88,0.00016286655287245377
95.885,0.00024886066997975576
95.89,0.0003605555363509483
95.895,0.000498560598445108
95.9,0.0006635849391338766
95.905,0.0008564150278225213
95.91,0.0010778885546485206
95.915,0.0013288644828950424
95.92,0.0016101895067794914
95.925,0.0019226611827676265
95.93,0.002266988081911059
95.935,0.0026437474168288233
95.94,0.0030533407101165366
95.94500000000001,0.0034959481907073098
95.95,0.003971482743688526
95.955,0.004479544360959764
95.96000000000001,0.005019376182358926
95.965,0.0055898233267015485
95.97,0.0061892958204534665
95.97500000000001,0.00681573700801863
95.98,0.007466598868443697
95.985,0.00813882566500368
95.99000000000001,0.008828847302158493
95.995,0.009532583653744098
96.0,0.010245460957897023
96.005,0.010962441127315259
96.01,0.01167806453321063
96.015,0.012386506438524236
96.02,0.013081646850789497
96.025,0.013757153097635921
96.03,0.014406573936685874
96.035,0.015023443527386604
96.04,0.015601393105328043
96.045,0.01613426776936322
96.05,0.016616245417832687
96.055,0.017041954588684405
96.06,0.01740658778939519
96.065,0.01770600685298973
96.07000000000001,0.017936836962114455
96.075,0.018096546206031405
96.08,0.018183507928064557
96.08500000000001,0.018197043611657193
96.09,0.018137444672397862
96.095,0.01800597221861011
96.10000000000001,0.017804834578996065
96.105,0.017537143166201474
96.11,0.017206847978279427
96.11500000000001,0.01681865472259858
96.12,0.01637792614763356
96.125,0.015890570644835122
96.13,0.015362921532091178
96.135,0.014801610630318152
96.14,0.01421343979982126
96.145,0.013605254003394407
96.15,0.012983819243451933
96.155,0.012355708375121566
96.16,0.011727197366376174
96.165,0.011104174076027817
96.17,0.010492061087536086
96.175,0.009895753583410993
96.18,0.009319572714296953
96.185,0.008767234411465097
96.19,0.00824183314765392
96.19500000000001,0.007745839762915097
96.2,0.007281112163575187
96.205,0.006848917469161719
96.21000000000001,0.006449964021010501
96.215,0.00608444158671162
96.22,0.005752068068675342
96.22500000000001,0.005452141068522209
96.23,0.005183592741172305
96.235,0.004945046494151839
96.24000000000001,0.004734874237252384
96.245,0.004551253051256587
96.25,0.004392220318056417
96.255,0.004255726522872649
96.26,0.004139685110335023
96.265,0.0040420189238696835
96.27,0.003960702899497903
96.275,0.0038938028026267446
96.28,0.003839509898424298
96.285,0.003796171524184988
96.29,0.003762317594434128
96.295,0.0037366831100020814
96.3,0.003718226767251087
96.305,0.0037061457723939345
96.31,0.003699886963010438
96.315,0.0036991543230177875
96.32000000000001,0.0037039129554151673
96.325,0.0037143895483147116
96.33,0.0037310693388618588
96.33500000000001,0.003754689547400325
96.34,0.003786229224719051
96.345,0.0038268954313953607
96.35000000000001,0.0038781056505003964
96.355,0.003941466328111876
96.36,0.004018747441970838
96.36500000000001,0.004111853018825329
96.37,0.004222787556743768
96.375,0.004353618365930956
96.38,0.004506433914890806
96.385,0.004683298362992971
96.39,0.0048862025773885875
96.395,0.005117012062635595
96.4,0.005377412382827629
96.405,0.005668852817869663
96.41,0.005992489166146697
96.415,0.00634912677938182
96.42,0.006739165081997456
96.425,0.0071625449818615294
96.43,0.007618700707467951
96.435,0.008106517705897431
96.44,0.008624298281308285
96.44500000000001,0.009169736658705574
96.45,0.00973990508242295
96.455,0.010331252427548065
96.46000000000001,0.010939616585531553
96.465,0.011560251595671645
96.47,0.012187870130851763
96.47500000000001,0.012816701508580053
96.48,0.013440564918010267
96.485,0.014052957016538414
96.49000000000001,0.01464715250981996
96.495,0.015216315781064083
96.5,0.015753621130755846
96.505,0.01625237872566032
96.51,0.016706163000151264
96.515,0.017108939980460036
96.52,0.017455189885176026
96.525,0.01774002135600483
96.53,0.017959273842848233
96.535,0.01810960497127212
96.54,0.018188560168333368
96.545,0.018194622393835402
96.55,0.018127240480694695
96.555,0.017986835322972183
96.56,0.01777478390179965
96.565,0.017493381895874904
96.57000000000001,0.017145786332324775
96.575,0.016735940368661772
96.58,0.016268482836078846
96.58500000000001,0.015748645581627585
96.59,0.015182141927070347
96.595,0.014575049689728559
96.60000000000001,0.013933692208059512
96.605,0.013264520675161151
96.61,0.012574000824976395
96.61500000000001,0.011868506673472723
96.62,0.01115422358939
96.625,0.010437062502983707
96.63,0.0097225865692252
96.635,0.00901595111082898
96.64,0.00832185719536227
96.645,0.007644518769044595
96.65,0.0069876428895110365
96.655,0.006354422278475269
96.66,0.005747539156304882
96.665,0.005169179136618851
96.67,0.004621053826532773
96.675,0.004104430716830976
96.68,0.0036201689304196094
96.685,0.003168759432386814
96.69,0.0027503683688161473
96.69500000000001,0.0023648823043629363
96.7,0.0020119542395082846
96.705,0.001691049419815016
96.71000000000001,0.0014014900809251607
96.715,0.0011424984048362674
96.72,0.0009132370893190078
96.72500000000001,0.0007128470511779117
96.73,0.000540481883027466
96.735,0.0003953387815638365
96.74000000000001,0.00027668573618977454
96.745,0.00018388483274373035
96.75,0.00011641157367164867
96.755,7.38701535370756e-05
96.76,5.600465515007949e-05
96.765,6.270614516304049e-05
96.77,9.40156626414862e-05
96.775,0.0001501230956915678
96.78,0.00023136194900763574
96.785,0.0003382000058407275
96.79,0.0004712259014003628
96.795,0.0006311316311553572
96.8,0.0008186910454477392
96.805,0.0010347344095680278
96.81,0.0012801191501337073
96.815,0.0015556969706098656
96.82000000000001,0.0018622775798462499
96.825,0.00220058937223655
96.83,0.002571237488218081
96.83500000000001,0.0029746598001807456
96.84,0.003411081489453238
96.845,0.0038804690104914386
96.85000000000001,0.004382484369543249
96.855,0.0049164407797217535
96.86,0.005481260872333138
96.86500000000001,0.006075438755507534
96.87,0.006697007288952506
96.875,0.0073435119995046705
96.88,0.008011993060968337
96.885,0.008698976734798691
96.89,0.009400477552450326
96.895,0.010112012377394564
96.9,0.010828627245885514
96.905,0.01154493759957731
96.91,0.012255182167649536
96.915,0.01295329034542192
96.92,0.013632962461770148
96.925,0.014287761840865443
96.93,0.014911217078054761
96.935,0.015496932455686618
96.94,0.016038703988545677
96.94500000000001,0.016530638196659453
96.95,0.016967270407942436
96.955,0.017343679195903405
96.96000000000001,0.017655593491532784
96.965,0.017899488974272515
96.97,0.01807267056393158
96.97500000000001,0.01817333817725597
96.98,0.018200633403900213
96.985,0.01815466534276311
96.99000000000001,0.018036514525910263
96.995,0.01784821459166608
97.0,0.01759271212679181
97.005,0.01727380585070648
97.01,0.01689606700214341
97.015,0.016464743406935156
97.02,0.015985650214162206
97.025,0.015465050653212131
97.03,0.014909530401205018
97.035,0.01432586922284429
97.04,0.013720913486984898
97.045,0.013101452948799164
97.05,0.012474104879323988
97.055,0.011845208194195322
97.06,0.011220729754882086
97.065,0.010606184477900626
97.07000000000001,0.010006570342042664
97.075,0.009426318844177217
97.08,0.008869260945331803
97.08500000000001,0.008338608087605337
97.09,0.007836947468366162
97.095,0.007366250430493437
97.10000000000001,0.00692789258216564
97.105,0.006522684084069752
97.11,0.006150908446828751
97.11500000000001,0.0058123681496145
97.12,0.005506435416933186
97.125,0.005232106570666417
97.13,0.004988058487002789
97.135,0.004772705834390045
97.14,0.004584257929295177
97.145,0.004420774219112467
97.15,0.00428021757296726
97.155,0.0041605047294961395
97.16,0.004059553405127758
97.165,0.003975325708877264
97.17,0.0039058676313969976
97.175,0.003849344481443362
97.18,0.0038040722250545222
97.185,0.0037685447479292034
97.19,0.0037414571062643898
97.19500000000001,0.0037217248583130136
97.2,0.0037084995817085326
97.205,0.0037011806793805224
97.21000000000001,0.0036994235640672654
97.215,0.0037031442912097423
97.22,0.003712520680584086
97.22500000000001,0.003727989936861964
97.23,0.003750242748739141
97.235,0.003780213813436961
97.24000000000001,0.0038190687101864462
97.245,0.003868187026240477
97.25,0.0039291416307492
97.255,0.00400367399421464
97.26,0.004093665469052432
97.265,0.004201104480093143
97.27,0.004328049625803132
97.275,0.00447658876140089
97.28,0.0046487942275970084
97.285,0.00484667449693621
97.29,0.005072122642575394
97.295,0.005326862178598901
97.3,0.005612390982660642
97.305,0.005929924181321766
97.31,0.0062803370509065815
97.315,0.0066641091559933585
97.32000000000001,0.0070812711053171995
97.325,0.007531355438263887
97.33,0.00801335325979835
97.33500000000001,0.008525678301072759
97.34,0.009066140091505304
97.345,0.009631927873680723
97.35000000000001,0.010219606766820988
97.355,0.010825127489052733
97.36,0.01144385066978515
97.36500000000001,0.01207058643058545
97.37,0.01269964949857183
97.375,0.01332492963107157
97.38,0.013939976609048443
97.385,0.014538098516744924
97.39,0.015112471473692324
97.395,0.015656258467537043
97.4,0.016162734474082896
97.405,0.016625414660047966
97.41,0.01703818218564379
97.415,0.017395411969204133
97.42,0.01769208675683842
97.425,0.01792390197988425
97.43,0.018087356155660927
97.435,0.018179824021210322
97.44,0.01819961012321869
97.44500000000001,0.018145981247378984
97.45,0.01801917677743603
97.455,0.01782039683872938
97.46000000000001,0.01755176882949172
97.465,0.017216293667360105
97.47,0.01681777373462623
97.47500000000001,0.016360725053448988
97.48,0.01585027666838812
97.485,0.015292060507718475
97.49000000000001,0.014692095159350771
97.495,0.01405666701337438
97.5,0.013392212108467305
97.505,0.012705201787078124
97.51,0.012002034926968719
97.515,0.011288939114152186
97.52,0.010571882648552133
97.525,0.009856498799130975
97.53,0.009148023217115053
97.535,0.008451244954024162
97.54,0.007770471080455366
97.545,0.007109504515609544
97.55,0.006471634344810795
97.555,0.005859637629420433
97.56,0.005275791516936579
97.565,0.004721894317730957
97.57000000000001,0.004199294138757637
97.575,0.003708923642694373
97.58,0.003251339526215702
97.58500000000001,0.002826765369764672
97.59,0.0024351366082919768
97.595,0.002076146481517327
97.60000000000001,0.0017492919520289973
97.605,0.00145391870720335
97.61,0.0011892645013453773
97.61500000000001,0.0009545002110975531
97.62,0.0007487681073248265
97.625,0.0005712169444558324
97.63,0.000421033567487461
97.635,0.0002974708140949245
97.64,0.00019987155428913272
97.645,0.00012768876264243612
97.65,8.05015547492155e-05
97.655,5.802714881982755e-05
97.66,6.012873081188454e-05
97.665,8.68192120220268e-05
97.67,0.00013826087638574291
97.675,0.00021476091680483478
97.68,0.0003167628661777666
97.685,0.0004448339338078977
97.69,0.0005996482735948216
97.69500000000001,0.0007819662240944325
97.7,0.0009926095983998628
97.705,0.0012324331331128313
97.71000000000001,0.001502292266669869
97.715,0.0018030074801593798
97.72,0.002135325518599629
97.72500000000001,0.0024998779040794616
97.73,0.002897137263261129
97.735,0.0033273721123201483
97.74000000000001,0.0037906008682746517
97.745,0.004286545992904678
97.75,0.004814589302666761
97.755,0.005373729606803934
97.76,0.005962543943052623
97.765,0.006579153767736656
97.77,0.007221197518784805
97.775,0.00788581097756591
97.78,0.008569616835252702
97.785,0.00926872477175067
97.79,0.009978743216656483
97.795,0.010694803739266234
97.8,0.011411598742977702
97.805,0.012123432788744282
97.81,0.012824287478537144
97.815,0.013507899375809984
97.82000000000001,0.01416784996582976
97.825,0.014797666160173861
97.83,0.015390929367111283
97.83500000000001,0.015941390692557178
97.84,0.016443089438105574
97.845,0.016890471745860225
97.85000000000001,0.017278506022734064
97.855,0.017602791686996966
97.86,0.017859657817723473
97.86500000000001,0.01804624847801506
97.87,0.018160591800430836
97.875,0.018201650390260227
97.88,0.018169351167699688
97.885,0.018064593445181742
97.89,0.01788923475751858
97.895,0.0176460547272157
97.9,0.01733869799561205
97.905,0.016971597957926576
97.91,0.016549883675459398
97.915,0.016079272861681204
97.92,0.015565954239722402
97.925,0.015016462829589017
97.93,0.014437551819238337
97.935,0.01383606465208942
97.94,0.013218810764119127
97.94500000000001,0.012592448121711897
97.95,0.011963375297256107
97.955,0.01133763534943455
97.96000000000001,0.010720833246004702
97.965,0.010118068024006277
97.97,0.009533880333780331
97.97500000000001,0.008972215502229375
97.98,0.008436401778528335
97.985,0.007929143015580564
97.99000000000001,0.007452524703417396
97.995,0.007008032006096343
98.0,0.006596578269263631
98.005,0.0062185423518990035
98.01,0.00587381309575008
98.015,0.005561839259014434
98.02,0.005281683314802166
98.025,0.005032077619295805
98.03,0.004811481596837197
98.035,0.004618138748064382
98.04,0.004450132457293421
98.045,0.004305439748652162
98.05,0.004181982308194776
98.055,0.004077674249018504
98.06,0.003990466238711576
98.065,0.003918385736399799
98.07000000000001,0.003859573193626842
98.075,0.003812314161219632
98.08,0.003775067311434288
98.08500000000001,0.00374648843354497
98.09,0.00372545049185552
98.095,0.003711059849031889
98.10000000000001,0.0037026687600856117
98.105,0.0036998842292035898
98.11,0.003702573303428963
98.11500000000001,0.00371086485055358
98.12,0.003725147835956566
98.125,0.003746066084438615
98.13,0.0037745094793844025
98.135,0.0038116015268685466
98.14,0.0038586831915905506
98.145,0.003917292900112557
98.15,0.003989142608207263
98.155,0.0040760898431715376
98.16,0.004180105661808042
98.165,0.004303238514873797
98.17,0.004447574073244809
98.175,0.004615191161269294
98.18,0.004808114047753165
98.185,0.005028261472441287
98.19,0.005277392929819769
98.19500000000001,0.005557052888695679
98.2,0.005868513797459229
98.205,0.006212718893365832
98.21000000000001,0.006590226009263844
98.215,0.007001153727445697
98.22,0.007445131371955682
98.22500000000001,0.007921254440496739
98.23,0.008428047145525142
98.235,0.008963433752398942
98.24000000000001,0.009524720363614847
98.245,0.010108588680786568
98.25,0.010711103100330632
98.255,0.011327732228661347
98.26,0.011953385570883768
98.265,0.012582465736475257
98.27,0.013208936035486118
98.275,0.01382640282576375
98.28,0.014428211426732673
98.285,0.01500755387020547
98.29,0.015557586229672182
98.295,0.016071552797107813
98.3,0.016542913965231776
98.305,0.016965474380363332
98.31,0.017333507741859933
98.315,0.01764187458847033
98.32000000000001,0.017886129510998217
98.325,0.018062614491554996
98.33,0.01816853546082342
98.33500000000001,0.018202019693035254
98.34,0.018162152289633582
98.345,0.018048990706986956
98.35000000000001,0.017863557036363886
98.355,0.017607808503591116
98.36,0.017284587382931704
98.36500000000001,0.016897552191107224
98.37,0.016451092602753903
98.375,0.01595023098591497
98.38,0.015400513788950576
98.385,0.014807896191420866
98.39,0.014178623481008401
98.395,0.013519112523130872
98.4,0.012835836481173146
98.405,0.012135215623271023
98.41,0.011423516661196231
98.415,0.010706762605686038
98.42,0.009990654642209051
98.425,0.009280507032801921
98.43,0.008581195572961775
98.435,0.007897119681821607
98.44,0.007232177803611961
98.44500000000001,0.006589755454072588
98.45,0.005972724964316001
98.455,0.005383455759325528
98.46000000000001,0.004823833861303584
98.465,0.00429528921637079
98.47,0.003798829416112426
98.47500000000001,0.0033350783954197993
98.48,0.0029043187497901357
98.485,0.0025065363994745127
98.49000000000001,0.0021414664368863967
98.495,0.0018086391218696818
98.5,0.0015074251163493813
98.505,0.0012370791882010401
98.51,0.0009967817364722187
98.515,0.0007856776181252023
98.52,0.0006029118586401427
98.525,0.00044766193067213855
98.53,0.0003191663634609654
98.535,0.0002167495156976118
98.54,0.00013984239660944087
98.545,8.799946224141708e-05
98.55,6.091134252476753e-05
98.555,5.841347400471937e-05
98.56,8.049062810226715e-05
98.565,0.0001272773277989081
98.57000000000001,0.00019905415360904621
98.575,0.00029623994349525784
98.58,0.00041937989427265343
98.58500000000001,0.0005691295891083747
98.59,0.0007462349879026053
98.595,0.000951508449596794
98.60000000000001,0.001185800889306421
98.605,0.0014499702290122762
98.61,0.0017448463603697562
98.61500000000001,0.002071192922279863
98.62,0.002429666284227139
98.625,0.0028207722396320634
98.63,0.0032448210228270824
98.635,0.0037018814024971647
98.64,0.004191734724422247
98.645,0.004713829919257506
98.65,0.005267240610525192
98.655,0.005850625575250845
98.66,0.006462193900143021
98.665,0.0070996762412889325
98.67,0.007760303618091768
98.675,0.008440795150750802
98.68,0.009137356078099401
98.685,0.009845687248766666
98.69,0.010561007087460439
98.69500000000001,0.011278086759300976
98.7,0.011991298935100758
98.705,0.012694680159491156
98.71000000000001,0.013382006391204015
98.715,0.014046880807235596
98.72,0.014682832468583484
98.72500000000001,0.015283423959061793
98.73,0.015842365641255185
98.735,0.016353633770275877
98.74000000000001,0.01681158936075633
98.745,0.01721109447780833
98.75,0.017547622496600468
98.755,0.017817358897197266
98.76,0.018017289316098584
98.765,0.018145271875241065
98.77,0.018200091245574868
98.775,0.018181492453614112
98.78,0.018090193093520668
98.785,0.01792787332650647
98.79,0.017697143803410142
98.795,0.017401492405340946
98.8,0.017045211410504635
98.805,0.016633307351888504
98.81,0.016171396370079805
98.815,0.01566558829745901
98.82000000000001,0.01512236299098646
98.825,0.01454844256564769
98.83,0.013950663170859912
98.83500000000001,0.01333584979534308
98.84,0.012710697308744301
98.845,0.012081660563382002
98.85000000000001,0.011454855914525552
98.855,0.010835976000517888
98.86,0.010230219075815228
98.86500000000001,0.009642233649611143
98.87,0.009076078653812658
98.875,0.008535198891134854
98.88,0.008022415085687129
98.885,0.007539927511569289
98.89,0.0070893318939546646
98.895,0.00667164607762416
98.9,0.006287345835048086
98.905,0.00593640812632934
98.91,0.005618360135201783
98.915,0.0053323324601777244
98.92,0.005077114946818284
98.925,0.0048512137782728
98.93,0.004652908599345196
98.935,0.004480308619063678
98.94,0.004331406807706273
98.94500000000001,0.004204131475572304
98.95,0.004096394680980886
98.955,0.004006137061972392
98.96000000000001,0.00393136881612044
98.965,0.0038702066640545763
98.97,0.0038209067242089834
98.97500000000001,0.003781893296731287
98.98,0.003751783607377601
98.985,0.003729408595003869
98.99000000000001,0.0037138298455290097
98.995,0.0037043527764318712
99.0,0.0037005361685897085
99.005,0.0037021981231183734
99.01,0.003709418495253275
99.015,0.003722537827412442
99.02,0.003742152771922802
99.025,0.0037691079621426926
99.03,0.003804484264328334
99.035,0.003849583319219141
99.04,0.0039059082715504623
99.045,0.003975140581772951
99.05,0.004059112827717648
99.055,0.0041597774306110225
99.06,0.004279171283673833
99.065,0.004419376326730173
99.07000000000001,0.004582476193160545
99.075,0.004770509158435132
99.08,0.004985417742508602
99.08500000000001,0.005228995461008523
99.09,0.005502831372020012
99.095,0.005808253235651151
99.10000000000001,0.006146270275507959
99.105,0.006517516699389603
99.11,0.006922197304406907
99.11500000000001,0.007360036631272493
99.12,0.007830233251635121
99.125,0.008331420848968207
99.13,0.008861637781642173
99.135,0.009418306789399367
99.14,0.009998226402341714
99.145,0.010597575447473417
99.15,0.011211931794878893
99.155,0.01183630616480258
99.16,0.012465191422123212
99.165,0.013092627322073724
99.17,0.013712280168874713
99.175,0.014317536303721567
99.18,0.01490160779378158
99.185,0.015457648164431959
99.19,0.01597887551877264
99.19500000000001,0.016458699982102587
99.2,0.016890852074467944
99.205,0.017269508419119006
99.21000000000001,0.017589411116887277
99.215,0.017845977201453422
99.22,0.01803539481132077
99.22500000000001,0.018154703089273028
99.23,0.0182018533196171
99.235,0.018175749430298538
99.24000000000001,0.018076266677631736
99.245,0.01790424808073965
99.25,0.01766147893057024
99.255,0.01735064043675294
99.26,0.01697524425793162
99.265,0.01653955025780718
99.27,0.01604847030776213
99.275,0.015507461319916871
99.28,0.014922410894644855
99.285,0.014299519050030796
99.29,0.013645179426799103
99.295,0.01296586317143067
99.3,0.01226800840550979
99.305,0.011557917800491424
99.31,0.010841666334112432
99.315,0.010125020823839037
99.32000000000001,0.009413372333803238
99.325,0.008711682074888927
99.33,0.008024440953583678
99.33500000000001,0.007355642522703931
99.34,0.006708768723155956
99.345,0.0060867875196919385
99.35000000000001,0.005492161303232379
99.355,0.004926864770123274
99.36,0.0043924108935478046
99.36500000000001,0.0038898835545619903
99.37,0.0034199754148094286
99.375,0.002983029655278635
99.38,0.0025790842921153967
99.385,0.0022079178869045535
99.39,0.001869095585748326
99.395,0.001562014559971736
99.4,0.0012859480492322106
99.405,0.0010400873382412357
99.41,0.0008235811235546286
99.415,0.0006355718346933159
99.42,0.0004752285760554198
99.425,0.00034177643769628396
99.43,0.00023452199740969792
99.435,0.00015287488875026511
99.44,9.636535448209749e-05
99.44500000000001,6.465773886121795e-05
99.45,5.755988821592919e-05
99.455,7.502844839752526e-05
99.46000000000001,0.00011717005172567907
99.465,0.00018423839294018363
99.47,0.0002766271972435286
99.47500000000001,0.00039485908840031225
99.48,0.0005395703770112448
99.485,0.0007114918027175676
99.49000000000001,0.0009114252930535471
99.495,0.001140216834227381
99.5,0.001398725601937656
99.505,0.0016877895562528167
99.51,0.002008187789464877
99.515,0.002360599998397106
99.52,0.002745563561910913
99.525,0.0031634288204918093
99.53,0.0036143132790265042
99.535,0.004098055586005955
99.54,0.004614170278044227
99.545,0.005161804402209924
99.55,0.005739697248456466
99.555,0.0063461445217996015
99.56,0.006978968348645864
99.565,0.0076354945522503215
99.57000000000001,0.00831253860957304
99.575,0.00900640164791966
99.58,0.009712877704131984
99.58500000000001,0.010427273290300576
99.59,0.011144440044759563
99.595,0.01185882093649937
99.60000000000001,0.012564510105743665
99.605,0.013255325990584765
99.61,0.013924896926749142
99.61500000000001,0.014566757906958827
99.62,0.015174456706269268
99.625,0.01574166709676561
99.63,0.016262306465716136
99.635,0.01673065479006297
99.64,0.017141471670345965
99.645,0.017490107983924474
99.65,0.01777260870922248
99.655,0.01798580360006241
99.66,0.018127382670463987
99.665,0.018195953846351642
99.67,0.018191080690193928
99.675,0.018113298727321592
99.68,0.017964109616585233
99.685,0.017745953165288597
99.69,0.0174621579313623
99.69500000000001,0.01711687190693567
99.7,0.016714975415638378
99.705,0.016261978949401623
99.71000000000001,0.01576390910052794
99.715,0.015227186071193444
99.72,0.014658496395064446
99.72500000000001,0.014064664526991066
99.73,0.013452526827119726
99.735,0.012828811206684776
99.74000000000001,0.012200025337655518
99.745,0.011572355879835072
99.75,0.010951580660158555
99.755,0.010342995208574735
99.76,0.009751354496160047
99.765,0.009180830200953949
99.77,0.00863498333307433
99.775,0.008116751619031248
99.78,0.007628450679405319
99.785,0.007171787740018587
99.79,0.006747886406710535
99.795,0.006357320886991147
99.8,0.006000157984948018
99.805,0.005676005179632071
99.81,0.005384063157675811
99.815,0.0051231812602452464
99.82000000000001,0.004891914436088385
99.825,0.0046885804449372515
99.83,0.004511316223672068
99.83500000000001,0.004358132499752365
99.84,0.004226965906747537
99.845,0.00411572802190463
99.85000000000001,0.004022350891565107
99.855,0.0039448287485894795
99.86,0.0038812557358751665
99.86500000000001,0.0038298595490138254
99.87,0.0037890309838439773
99.875,0.0037573494312352906
99.88,0.003733604398575896
99.885,0.0037168131569443597
99.89,0.0037062346204339985
99.895,0.0037013795553992763
99.9,0.0037020172022372427
99.905,0.003708178366178927
99.91,0.0037201550061081723
99.915,0.00373849631679396
99.92,0.0037640012697207625
99.925,0.003797707549167084
99.93,0.0038408767962911927
99.935,0.003894976060510036
99.94,0.0039616553529824294
99.94500000000001,0.0040427212053266715
99.95,0.004140106161858004
99.955,0.004255834174864859
99.96000000000001,0.004391981931775035
99.965,0.004550636223211946
99.97,0.004733847561989357
99.97500000000001,0.004943580378634849
99.98,0.005181660262190135
99.985,0.005449718863063779
99.99000000000001,0.0057491372424358644
99.995,0.006080988624701078
100.0,0.006445981680617052
