0.0,0.0
0.0025,-2.1219648260739632e-10
0.005,-4.941398401570041e-10
0.0075,-8.342624369106488e-10
0.01,-1.2124132808821741e-09
0.0125,-1.6030128335842164e-09
0.015,-1.976957264560042e-09
0.0175,-2.304005874975701e-09
0.02,-2.555168521212181e-09
0.0225,-2.7071678232459817e-09
0.025,-2.744684479694115e-09
0.0275,-2.664279463715502e-09
0.03,-2.4749340354901506e-09
0.0325,-2.2000108401698526e-09
0.035,-1.876856003946159e-09
0.0375,-1.5542127584922127e-09
0.04,-1.2902887647214811e-09
0.0425,-1.1461054327810416e-09
0.045,-1.1822578471765155e-09
0.0475,-1.449478759241174e-09
0.05,-1.9861943201249233e-09
0.0525,-2.8106512672820827e-09
0.055,-3.919581104128156e-09
0.0575,-5.285414772515651e-09
0.06,-6.857106882307562e-09
0.0625,-8.561642061977182e-09
0.065,-1.031116880767513e-08
0.0675,-1.200439214699145e-08
0.07,-1.3536435972127947e-08
0.0725,-1.480361788708251e-08
0.075,-1.570910512782575e-08
0.0775,-1.616842837393051e-08
0.08,-1.611556399438996e-08
0.0825,-1.5503957229157095e-08
0.085,-1.4309620155472658e-08
0.08750000000000001,-1.2533035942396964e-08
0.09,-1.0199386224485352e-08
0.0925,-7.360057452387991e-09
0.095,-4.088633431820199e-09
0.0975,-4.844196155318059e-10
0.1,3.332814912937465e-09
0.10250000000000001,7.222297426778823e-09
0.105,1.102662849916669e-08
0.1075,1.4574055740013137e-08
0.11,1.7685465536487754e-08
0.1125,2.01782484055002e-08
0.115,2.187442760259728e-08
0.11750000000000001,2.261108988932392e-08
0.12,2.224672357442614e-08
0.1225,2.0675400946856826e-08
0.125,1.783425318535592e-08
0.1275,1.3715265367864049e-08
0.13,8.371301873921766e-09
0.1325,1.9228423298045527e-09
0.135,-5.441165740194265e-09
0.1375,-1.346555222880852e-08
0.14,-2.183648462050769e-08
0.14250000000000002,-3.0193547218004824e-08
0.145,-3.8143127767398255e-08
0.1475,-4.5279989535629284e-08
0.15,-5.1204864348619594e-08
0.1525,-5.5545569921378046e-08
0.155,-5.79784398269112e-08
0.1575,-5.824171012136503e-08
0.16,-5.615208920062287e-08
0.1625,-5.161419380783627e-08
0.165,-4.462540914573765e-08
0.1675,-3.5278446830488974e-08
0.17,-2.376043539698003e-08
0.17250000000000001,-1.0348998102926998e-08
0.17500000000000002,4.596330427375506e-09
0.1775,2.0640072762034833e-08
0.18,3.7282688936102204e-08
0.1825,5.397012614594132e-08
0.185,7.010734748291725e-08
0.1875,8.507157644999097e-08
0.19,9.823011737353227e-08
0.1925,1.0895792001974769e-07
0.195,1.1665855481624021e-07
0.1975,1.2079178191015671e-07
0.2,1.2089859069419617e-07
0.2025,1.1663055943245126e-07
0.20500000000000002,1.0778248338283447e-07
0.20750000000000002,9.431786907043715e-08
0.21,7.63949685733678e-08
0.2125,5.438144512481813e-08
0.215,2.8860341672043432e-08
0.2175,6.222649062692653e-10
0.22,-2.935755105681892e-08
0.2225,-5.995875085318403e-08
0.225,-8.996738642963464e-08
0.2275,-1.1813736477961356e-07
0.23,-1.4325752317745355e-07
0.2325,-1.6421827808699163e-07
0.23500000000000001,-1.8007156654675782e-07
0.23750000000000002,-1.9007657670044864e-07
0.24,-1.937333991008927e-07
0.2425,-1.907987723370752e-07
0.245,-1.8128250189874962e-07
0.2475,-1.654355514801864e-07
0.25,-1.4371966017279192e-07
0.2525,-1.1677349220917677e-07
0.255,-8.537872986380535e-08
0.2575,-5.0419004082868923e-08
0.26,-1.2849881159127108e-08
0.2625,2.6333424330005073e-08
0.265,6.611568892367359e-08
0.2675,1.0548191653469985e-07
0.27,1.4342847975967743e-07
0.2725,1.7897244219966524e-07
0.275,2.111565038376284e-07
0.2775,2.390558222487016e-07
0.28,2.6178474854532396e-07
0.28250000000000003,2.785078265787888e-07
0.28500000000000003,2.8845144584010995e-07
0.28750000000000003,2.9092959152876574e-07
0.29,2.8536825880109973e-07
0.2925,2.7134373681292345e-07
0.295,2.486244738975074e-07
0.2975,2.172217818952049e-07
0.3,1.7743423086358234e-07
0.3025,1.2989582387490373e-07
0.305,7.560612402812694e-08
0.3075,1.5941338915581582e-08
0.31,-4.7366540911752963e-08
0.3125,-1.1228618745917629e-07
0.315,-1.765836259437492e-07
0.3175,-2.379503314386966e-07
0.32,-2.941609693607461e-07
0.3225,-3.43226190580026e-07
0.325,-3.835386337414093e-07
0.3275,-4.139763518651307e-07
0.33,-4.339578367762442e-07
0.3325,-4.434416780441097e-07
0.335,-4.428701174674643e-07
0.3375,-4.3307670694048284e-07
0.34,-4.151648624883819e-07
0.3425,-3.903814160821639e-07
0.34500000000000003,-3.6000130876345793e-07
0.34750000000000003,-3.252269493714266e-07
0.35000000000000003,-2.871154549666244e-07
0.3525,-2.4653795094309316e-07
0.355,-2.0415953372321383e-07
0.3575,-1.6044441508711316e-07
0.36,-1.156838322913245e-07
0.3625,-7.003319524301332e-08
0.365,-2.3559863393529668e-08
0.3675,2.3701630880168523e-08
0.37,7.169589366640139e-08
0.3725,1.2029971685478813e-07
0.375,1.692769160399621e-07
0.3775,2.1825118778906472e-07
0.38,2.666916429916455e-07
0.3825,3.1391468269248435e-07
0.385,3.5910119322579703e-07
0.3875,4.013282932646689e-07
0.39,4.396048609578429e-07
0.3925,4.729160423266876e-07
0.395,5.002550267363404e-07
0.3975,5.206568118865107e-07
0.4,5.332144894509838e-07
0.4025,5.370895905798534e-07
0.405,5.315179123499547e-07
0.40750000000000003,5.15809801981959e-07
0.41000000000000003,4.893632876701304e-07
0.41250000000000003,4.516788578712294e-07
0.41500000000000004,4.023985411549802e-07
0.4175,3.4135510418309423e-07
0.42,2.686439017907105e-07
0.4225,1.847147927946935e-07
0.425,9.047889193425362e-08
0.4275,-1.2567085150294588e-08
0.43,-1.222104231146659e-07
0.4325,-2.354035757434758e-07
0.435,-3.4819086636161956e-07
0.4375,-4.557257113901869e-07
0.44,-5.524463801975799e-07
0.4425,-6.324519574718579e-07
0.445,-6.900989433233917e-07
0.4475,-7.207598571312701e-07
0.45,-7.216131052700803e-07
0.4525,-6.922729482994328e-07
0.455,-6.350685737288586e-07
0.4575,-5.548566264224064e-07
0.46,-4.5837367679268937e-07
0.4625,-3.5327067848811566e-07
0.465,-2.4706804424567963e-07
0.4675,-1.4626064626099833e-07
0.47000000000000003,-5.5741054438840365e-08
0.47250000000000003,2.140868105016125e-08
0.47500000000000003,8.380703775401344e-08
0.47750000000000004,1.3146447486178658e-07
0.48,1.6538476188543427e-07
0.4825,1.871905226380477e-07
0.485,1.988169344713242e-07
0.4875,2.0229546748851135e-07
0.49,1.9961916564170679e-07
0.4925,1.9266829553998832e-07
0.495,1.8317655303690117e-07
0.4975,1.7271318597522622e-07
0.5,1.6266361058114853e-07
0.5025000000000001,1.541990570785856e-07
0.505,1.4821924310126633e-07
0.5075000000000001,1.45265147466489e-07
0.51,1.4539853054884588e-07
0.5125,1.4805780779170163e-07
0.515,1.5191031366157404e-07
0.5175,1.547449812733248e-07
0.52,1.5345554515988624e-07
0.5225,1.4418858995668415e-07
0.525,1.22695126947292e-07
0.5275,8.491892344864027e-08
0.53,2.775422558443097e-08
0.5325,-5.014925363866496e-08
0.535,-1.4773848988625105e-07
0.5375,-2.6126880925403384e-07
0.54,-3.845203764285543e-07
0.5425,-5.095300252833113e-07
0.545,-6.276906390212389e-07
0.5475,-7.309714646908105e-07
0.55,-8.129674995416281e-07
0.5525,-8.695798499047669e-07
0.555,-8.992269329155533e-07
0.5575,-9.026450982219103e-07
0.56,-8.823924702028307e-07
0.5625,-8.422313158007455e-07
0.5650000000000001,-7.865167788168037e-07
0.5675,-7.196910587481398e-07
0.5700000000000001,-6.45919925545968e-07
0.5725,-5.688776525403227e-07
0.5750000000000001,-4.916508373753459e-07
0.5775,-4.1673368400552135e-07
0.58,-3.460746142991411e-07
0.5825,-2.8115641725889873e-07
0.585,-2.2308233837975422e-07
0.5875,-1.7265963947465934e-07
0.59,-1.3047431934865017e-07
0.5925,-9.695216363070358e-08
0.595,-7.240558375087858e-08
0.5975,-5.706530714633118e-08
0.6,-5.10954976107314e-08
0.6025,-5.45903446891316e-08
0.605,-6.754973469469405e-08
0.6075,-8.983099064607813e-08
0.61,-1.2108498026464076e-07
0.6125,-1.6067050978563202e-07
0.615,-2.0758366758855118e-07
0.6175,-2.6039870704153145e-07
0.62,-3.1726605698167987e-07
0.6225,-3.7597615687445796e-07
0.625,-4.340943746683479e-07
0.6275000000000001,-4.891602998213784e-07
0.63,-5.389186128468282e-07
0.6325000000000001,-5.815363124384021e-07
0.635,-6.157704319775803e-07
0.6375000000000001,-6.410538446743885e-07
0.64,-6.574859412467049e-07
0.6425,-6.657461710801726e-07
0.645,-6.669457945918111e-07
0.6475,-6.624553634537733e-07
0.65,-6.537384535931778e-07
0.6525,-6.422040144116181e-07
0.655,-6.291013221471076e-07
0.6575,-6.154498350952053e-07
0.66,-6.020077591983863e-07
0.6625,-5.892699448395433e-07
0.665,-5.774863041096978e-07
0.6675,-5.666949220994866e-07
0.67,-5.567635241732205e-07
0.6725,-5.474360307289317e-07
0.675,-5.383814141168841e-07
0.6775,-5.29240253399621e-07
0.68,-5.196694985443173e-07
0.6825,-5.093838524317107e-07
0.685,-4.98190416919897e-07
0.6875,-4.860121691763197e-07
0.6900000000000001,-4.7290185989368183e-07
0.6925,-4.590426385675528e-07
0.6950000000000001,-4.447323362910538e-07
0.6975,-4.303595915189362e-07
0.7000000000000001,-4.1636545233814104e-07
0.7025,-4.0320261973647575e-07
0.705,-3.912943213890685e-07
0.7075,-3.8099753396636515e-07
0.71,-3.72578398355472e-07
0.7125,-3.66195394008173e-07
0.715,-3.6189882735016e-07
0.7175,-3.5963964251095604e-07
0.72,-3.592878385916265e-07
0.7225,-3.606515122100973e-07
0.725,-3.6350533605400415e-07
0.7275,-3.6760829402737727e-07
0.73,-3.7272408803801227e-07
0.7325,-3.7863583202124573e-07
0.735,-3.851553742606484e-07
0.7375,-3.9212841329572257e-07
0.74,-3.9943518004292855e-07
0.7425,-4.0699089254303544e-07
0.745,-4.147415495481255e-07
0.7475,-4.2266043465133407e-07
0.75,-4.307415508719714e-07
0.7525000000000001,-4.3899493107346643e-07
0.755,-4.474399020182318e-07
0.7575000000000001,-4.5610011056851363e-07
0.76,-4.6499542349920375e-07
0.7625000000000001,-4.7413516313099535e-07
0.765,-4.835117692891799e-07
0.7675000000000001,-4.930905106448336e-07
0.77,-5.02802038226946e-07
0.7725,-5.125312725340336e-07
0.775,-5.221093033469515e-07
0.7775,-5.313036979259778e-07
0.78,-5.398141240675614e-07
0.7825,-5.472699911024392e-07
0.785,-5.532374416361563e-07
0.7875,-5.572376551299385e-07
0.79,-5.587774296600401e-07
0.7925,-5.573976977757411e-07
0.795,-5.527333257759892e-07
0.7975,-5.44590477602469e-07
0.8,-5.330187491381366e-07
0.8025,-5.183729001601023e-07
0.805,-5.013442887502606e-07
0.8075,-4.829442445952736e-07
0.81,-4.6442735879281827e-07
0.8125,-4.4715989133692347e-07
0.8150000000000001,-4.324492408613878e-07
0.8175,-4.21363438363187e-07
0.8200000000000001,-4.1458287114437553e-07
0.8225,-4.1231356817661435e-07
0.8250000000000001,-4.14284556882194e-07
0.8275,-4.1982050902333867e-07
0.8300000000000001,-4.279760048575554e-07
0.8325,-4.3769210833488614e-07
0.835,-4.4794444420404034e-07
0.8375,-4.578583343572973e-07
0.84,-4.6677499199176964e-07
0.8425,-4.7427474214600807e-07
0.845,-4.801611055427202e-07
0.8475,-4.844225713895867e-07
0.85,-4.87184109942973e-07
0.8525,-4.886596798314713e-07
0.855,-4.891075207069662e-07
0.8575,-4.887990883162274e-07
0.86,-4.879960329162714e-07
0.8625,-4.869353631420381e-07
0.865,-4.858238753513433e-07
0.8675,-4.848349419717124e-07
0.87,-4.841091083562787e-07
0.8725,-4.837577307625907e-07
0.875,-4.83866642753128e-07
0.8775000000000001,-4.844979173412867e-07
0.88,-4.856919133544579e-07
0.8825000000000001,-4.874695207490731e-07
0.885,-4.898313932244491e-07
0.8875000000000001,-4.927556176426151e-07
0.89,-4.961940760495054e-07
0.8925000000000001,-5.000698024559824e-07
0.895,-5.042685700118454e-07
0.8975,-5.086346277494158e-07
0.9,-5.129663804837037e-07
0.9025,-5.170134329546272e-07
0.905,-5.204801993841102e-07
0.9075,-5.230390911492577e-07
0.91,-5.243545047051157e-07
0.9125,-5.241166149971832e-07
0.915,-5.220960872520664e-07
0.9175,-5.182008067095012e-07
0.92,-5.125402822159231e-07
0.9225,-5.054696998740837e-07
0.925,-4.976086813712755e-07
0.9275,-4.898089400739991e-07
0.93,-4.830644968478737e-07
0.9325,-4.78374715839891e-07
0.935,-4.7657451318627864e-07
0.9375,-4.781765312600328e-07
0.9400000000000001,-4.832621982586716e-07
0.9425,-4.91453334916514e-07
0.9450000000000001,-5.019805655592791e-07
0.9475,-5.138156211614842e-07
0.9500000000000001,-5.258503108507284e-07
0.9525,-5.370649205360678e-07
0.9550000000000001,-5.466568211431877e-07
0.9575,-5.541095049466094e-07
0.96,-5.592040395185904e-07
0.9625,-5.619785667931865e-07
0.965,-5.626664005831117e-07
0.9675,-5.616205669412011e-07
0.97,-5.592477521076944e-07
0.9725,-5.559540454669332e-07
0.975,-5.521056323232187e-07
0.9775,-5.480112292843842e-07
0.98,-5.439118524463993e-07
0.9825,-5.399846827458532e-07
0.985,-5.363494324228668e-07
0.9875,-5.330838632744417e-07
0.99,-5.302362069414812e-07
0.9925,-5.278395747154718e-07
0.995,-5.259233262222551e-07
0.9975,-5.245256318175961e-07
1.0,-5.236953768417152e-07
1.0025,-5.234932132225367e-07
1.0050000000000001,-5.239892288955161e-07
1.0075,-5.252495896002074e-07
1.01,-5.273221859170008e-07
1.0125,-5.302218539782189e-07
1.0150000000000001,-5.339092012945912e-07
1.0175,-5.382778738294292e-07
1.02,-5.43145631581865e-07
1.0225,-5.482527853928332e-07
1.025,-5.53270837144737e-07
1.0275,-5.578216075718956e-07
1.03,-5.615034694983478e-07
1.0325,-5.639236917431845e-07
1.035,-5.6473126619494e-07
1.0375,-5.636497348859848e-07
1.04,-5.605059811841784e-07
1.0425,-5.552476238790405e-07
1.045,-5.47957199614757e-07
1.0475,-5.388560850860813e-07
1.05,-5.283004895773047e-07
1.0525,-5.167703704955784e-07
1.055,-5.048585762779112e-07
1.0575,-4.932483932407195e-07
1.06,-4.826955262160482e-07
1.0625,-4.740021779525705e-07
1.065,-4.6799013375675713e-07
1.0675000000000001,-4.654673659842956e-07
1.07,-4.671892668284272e-07
1.0725,-4.7381098511323216e-07
1.075,-4.858347040226363e-07
1.0775000000000001,-5.035451522417134e-07
1.08,-5.269483267511532e-07
1.0825,-5.55712745153869e-07
1.085,-5.89127751027263e-07
1.0875000000000001,-6.260952147840726e-07
1.09,-6.651642081578757e-07
1.0925,-7.046172356695024e-07
1.095,-7.426045840475126e-07
1.0975,-7.773012669076707e-07
1.1,-8.070565797879681e-07
1.1025,-8.304933487579547e-07
1.105,-8.465341352348332e-07
1.1075,-8.543618434941891e-07
1.11,-8.53351963314708e-07
1.1125,-8.430344280441204e-07
1.115,-8.231383503698453e-07
1.1175,-7.937147472603101e-07
1.12,-7.553028353868285e-07
1.1225,-7.090633573625382e-07
1.125,-6.56823488043301e-07
1.1275,-6.009914841342834e-07
1.1300000000000001,-5.443715451747266e-07
1.1325,-4.899224563814641e-07
1.135,-4.405105755722616e-07
1.1375,-3.987130128280114e-07
1.1400000000000001,-3.66684645314308e-07
1.1425,-3.460894788531732e-07
1.145,-3.380863518032129e-07
1.1475,-3.433396784657816e-07
1.1500000000000001,-3.6204284015184385e-07
1.1525,-3.9392423900608264e-07
1.155,-4.3823840201184794e-07
1.1575,-4.937280664307764e-07
1.16,-5.585671658536739e-07
1.1625,-6.302950339431845e-07
1.165,-7.057642790186947e-07
1.1675,-7.811347586539341e-07
1.17,-8.519501477621816e-07
1.1725,-9.133368337188585e-07
1.175,-9.603542707736779e-07
1.1775,-9.885022507205576e-07
1.18,-9.943318275418278e-07
1.1825,-9.760827879290446e-07
1.185,-9.341895008674328e-07
1.1875,-8.715097408185102e-07
1.19,-7.93157141742995e-07
1.1925000000000001,-7.059043980461865e-07
1.195,-6.172656128455856e-07
1.1975,-5.344524822703534e-07
1.2,-4.6346011117748276e-07
1.2025000000000001,-4.084750173660723e-07
1.205,-3.717017307280912e-07
1.2075,-3.53561915744649e-07
1.21,-3.5312913837515225e-07
1.2125000000000001,-3.6864057051388954e-07
1.215,-3.979436655754398e-07
1.2175,-4.3880928046746703e-07
1.22,-4.890900697773759e-07
1.2225,-5.467630046496197e-07
1.225,-6.098921971897653e-07
1.2275,-6.765645252926333e-07
1.23,-7.448337271398486e-07
1.2325,-8.126886541504064e-07
1.235,-8.780592679613619e-07
1.2375,-9.38851911769234e-07
1.24,-9.93012662320325e-07
1.2425,-1.0386043527432776e-06
1.245,-1.0738880291683017e-06
1.2475,-1.0973990924867394e-06
1.25,-1.108017556816776e-06
1.2525,-1.1050209991481097e-06
1.2550000000000001,-1.0881300909204583e-06
1.2575,-1.0575384123967524e-06
1.26,-1.0139307846657175e-06
1.2625,-9.584885845015378e-07
1.2650000000000001,-8.928790009576915e-07
1.2675,-8.192230609438411e-07
1.27,-7.400448396310821e-07
1.2725,-6.582014577816153e-07
1.2750000000000001,-5.767958839442144e-07
1.2775,-4.990814375105401e-07
1.28,-4.283659507109405e-07
1.2825,-3.679141684642673e-07
1.285,-3.2085316092889116e-07
1.2875,-2.9007975399508723e-07
1.29,-2.7814851932816964e-07
1.2925,-2.8713429855997674e-07
1.295,-3.1844587056184537e-07
1.2975,-3.725771478002571e-07
1.3,-4.487959017751564e-07
1.3025,-5.447872695185652e-07
1.305,-6.563313093010947e-07
1.3075,-7.771276671064697e-07
1.31,-8.989631794520392e-07
1.3125,-1.0124047093995614e-06
1.315,-1.1081450281835714e-06
1.3175000000000001,-1.1788845597493491e-06
1.32,-1.2212897217978025e-06
1.3225,-1.2372323681120179e-06
1.325,-1.2334940322489274e-06
1.3275000000000001,-1.2196073271297792e-06
1.33,-1.204432948043177e-06
1.3325,-1.192930852766949e-06
1.335,-1.1846603058529581e-06
1.3375000000000001,-1.174689884919644e-06
1.34,-1.1562860606773029e-06
1.3425,-1.123949999737306e-06
1.345,-1.07545042737911e-06
1.3475,-1.0123020501850988e-06
1.35,-9.389599711084884e-07
1.3525,-8.614043167654017e-07
1.355,-7.857647119635658e-07
1.3575,-7.173516678449232e-07
1.36,-6.601675295314635e-07
1.3625,-6.168152424379514e-07
1.365,-5.886384144559997e-07
1.3675,-5.759615078204661e-07
1.37,-5.783307415185845e-07
1.3725,-5.947097747593943e-07
1.375,-6.236079173049802e-07
1.3775,-6.631572375681571e-07
1.3800000000000001,-7.111554225502914e-07
1.3825,-7.651012481346697e-07
1.385,-8.222602900787024e-07
1.3875,-8.797978523489292e-07
1.3900000000000001,-9.349955121251696e-07
1.3925,-9.855549762960436e-07
1.395,-1.0299475547981274e-06
1.3975,-1.0677297268557595e-06
1.4000000000000001,-1.0996901096405054e-06
1.4025,-1.1277208784576942e-06
1.405,-1.1543383777734562e-06
1.4075,-1.1819223004749801e-06
1.41,-1.211874035789151e-06
1.4125,-1.2439749070836115e-06
1.415,-1.2762033350099955e-06
1.4175,-1.3051097198513162e-06
1.42,-1.326625408637483e-06
1.4225,-1.337038469273466e-06
1.425,-1.3338233486592799e-06
1.4275,-1.3161070171463507e-06
1.43,-1.2847227708334685e-06
1.4325,-1.2419228596627363e-06
1.435,-1.1909114050467906e-06
1.4375,-1.1353461957241961e-06
1.44,-1.0789172790737211e-06
1.4425000000000001,-1.0250456625726656e-06
1.445,-9.767124993231846e-07
1.4475,-9.363768924686156e-07
1.45,-9.059595811322652e-07
1.4525000000000001,-8.868462089139939e-07
1.455,-8.798952819688566e-07
1.4575,-8.854297846028203e-07
1.46,-9.032222294536041e-07
1.4625000000000001,-9.324760128492926e-07
1.465,-9.718205546960235e-07
1.4675,-1.019342647623489e-06
1.47,-1.072658477596633e-06
1.4725,-1.1290450459000567e-06
1.475,-1.1856145363253745e-06
1.4775,-1.2395201736126182e-06
1.48,-1.288167510438143e-06
1.4825,-1.3294018401666108e-06
1.485,-1.3616470937449776e-06
1.4875,-1.3839799066772684e-06
1.49,-1.3961356728486862e-06
1.4925,-1.3984540316869243e-06
1.495,-1.3917752710312925e-06
1.4975,-1.3773148737072916e-06
1.5,-1.3565264964654489e-06
1.5025,-1.3309780229064927e-06
1.5050000000000001,-1.3022424525388487e-06
1.5075,-1.2718153357127449e-06
1.51,-1.2410556848863052e-06
1.5125,-1.2111470653053402e-06
1.5150000000000001,-1.183081138833586e-06
1.5175,-1.1576486258491059e-06
1.52,-1.1354446769473725e-06
1.5225,-1.1168807816375192e-06
1.5250000000000001,-1.1022011676686816e-06
1.5275,-1.0915079258211335e-06
1.53,-1.0847925580037554e-06
1.5325,-1.0819721012467198e-06
1.5350000000000001,-1.0829299412762339e-06
1.5375,-1.0875544091959455e-06
1.54,-1.0957668621358607e-06
1.5425,-1.10752836235406e-06
1.545,-1.1228142966501764e-06
1.5475,-1.1415571350426035e-06
1.55,-1.1635599150849885e-06
1.5525,-1.1884002617534861e-06
1.555,-1.215360867945492e-06
1.5575,-1.2434042560016678e-06
1.56,-1.2712251589164225e-06
1.5625,-1.2973702325780323e-06
1.565,-1.3204105755448836e-06
1.5675000000000001,-1.3391250206495897e-06
1.57,-1.3526492352866626e-06
1.5725,-1.3605676940642297e-06
1.575,-1.362926155934474e-06
1.5775000000000001,-1.3601758155346033e-06
1.58,-1.3530697913211043e-06
1.5825,-1.3425431006908184e-06
1.585,-1.3295893666054326e-06
1.5875000000000001,-1.315167224902325e-06
1.59,-1.3001276784052607e-06
1.5925,-1.2851770918587135e-06
1.595,-1.2708611620837473e-06
1.5975000000000001,-1.2575728192132374e-06
1.6,-1.245564533292054e-06
1.6025,-1.2349750022622175e-06
1.605,-1.2258500987627485e-06
1.6075,-1.2181661190879822e-06
1.61,-1.211851042626222e-06
1.6125,-1.2067984869190695e-06
1.615,-1.2028830269628088e-06
1.6175,-1.1999665900930268e-06
1.62,-1.1979081762092392e-06
1.6225,-1.1965688884174597e-06
1.625,-1.1958125583078072e-06
1.6275,-1.1955124534779316e-06
1.6300000000000001,-1.1955488901094213e-06
1.6325,-1.1958144341406296e-06
1.635,-1.1962119685904327e-06
1.6375,-1.196659439983705e-06
1.6400000000000001,-1.1970880962053343e-06
1.6425,-1.197445129719199e-06
1.645,-1.1976941038938094e-06
1.6475,-1.197817169895643e-06
1.6500000000000001,-1.1978129350609379e-06
1.6525,-1.1976986513673182e-06
1.655,-1.197506804828663e-06
1.6575,-1.197284660747755e-06
1.6600000000000001,-1.1970900857249944e-06
1.6625,-1.1969869433414715e-06
1.665,-1.1970419961926382e-06
1.6675,-1.1973166351708642e-06
1.67,-1.197862331991928e-06
1.6725,-1.1987160917215078e-06
1.675,-1.1998935462997906e-06
1.6775,-1.2013876471428375e-06
1.68,-1.2031662492972828e-06
1.6825,-1.2051730209350353e-06
1.685,-1.2073298023551615e-06
1.6875,-1.2095408408185904e-06
1.69,-1.2116996686017956e-06
1.6925000000000001,-1.2136949578689382e-06
1.695,-1.2154193314017903e-06
1.6975,-1.2167753027370054e-06
1.7,-1.2176817563158693e-06
1.7025000000000001,-1.218081052911657e-06
1.705,-1.217939598063822e-06
1.7075,-1.2172523611297947e-06
1.71,-1.2160429889718216e-06
1.7125000000000001,-1.214361759593885e-06
1.715,-1.2122843315864884e-06
1.7175,-1.2099084187866538e-06
1.72,-1.2073492143827025e-06
1.7225000000000001,-1.2047351560795505e-06
1.725,-1.202202810191011e-06
1.7275,-1.1998912157196173e-06
1.73,-1.197936825292345e-06
1.7325,-1.1964668544806045e-06
1.735,-1.1955958427734004e-06
1.7375,-1.1954192586927093e-06
1.74,-1.19600801440356e-06
1.7425,-1.1974071298936906e-06
1.745,-1.1996296507277293e-06
1.7475,-1.2026566480471956e-06
1.75,-1.2064364227626356e-06
1.7525,-1.2108851024095202e-06
1.7550000000000001,-1.2158889717284183e-06
1.7575,-1.221309759102951e-06
1.76,-1.2269887577076588e-06
1.7625,-1.2327544425261294e-06
1.7650000000000001,-1.2384293768263888e-06
1.7675,-1.2438383691915078e-06
1.77,-1.248815038934481e-06
1.7725,-1.2532091773209686e-06
1.7750000000000001,-1.2568931140322093e-06
1.7775,-1.259765355143827e-06
1.78,-1.2617534537184838e-06
1.7825,-1.2628159424821206e-06
1.7850000000000001,-1.2629418790766067e-06
1.7875,-1.2621487428532419e-06
1.79,-1.26048124116096e-06
1.7925,-1.2580057955347002e-06
1.795,-1.2548096037789946e-06
1.7975,-1.2509934492754837e-06
1.8,-1.2466706493796664e-06
1.8025,-1.2419621668868785e-06
1.805,-1.236993853126478e-06
1.8075,-1.2318946573941503e-06
1.81,-1.2267945805888303e-06
1.8125,-1.2218238225614186e-06
1.815,-1.2171106220648653e-06
1.8175000000000001,-1.2127826209962222e-06
1.82,-1.2089660970104887e-06
1.8225,-1.205784684543687e-06
1.825,-1.2033578684622626e-06
1.8275000000000001,-1.2018005861591519e-06
1.83,-1.2012177137421531e-06
1.8325,-1.2016983532703307e-06
1.835,-1.2033090683871706e-06
1.8375000000000001,-1.206079531357318e-06
1.84,-1.2099897332973342e-06
1.8425,-1.2149483836765285e-06
1.845,-1.2207754309656593e-06
1.8475000000000001,-1.2271831622001628e-06
1.85,-1.2337654595739878e-06
1.8525,-1.2400064690609724e-06
1.855,-1.2453181739147112e-06
1.8575,-1.2491197480812843e-06
1.86,-1.2509709677033243e-06
1.8625,-1.2507547637596872e-06
1.865,-1.2488808636135218e-06
1.8675,-1.2464661551803147e-06
1.87,-1.2453967030978674e-06
1.8725,-1.2481958151511208e-06
1.875,-1.2576376491324481e-06
1.8775,-1.2761283301188087e-06
1.8800000000000001,-1.3049984772806056e-06
1.8825,-1.3439224915146042e-06
1.885,-1.3906913807204546e-06
1.8875,-1.4414740974189044e-06
1.8900000000000001,-1.4915096642198478e-06
1.8925,-1.536027212978297e-06
1.895,-1.5711092373749125e-06
1.8975,-1.5942667630497454e-06
1.9000000000000001,-1.6046297730554215e-06
1.9025,-1.6027866820422787e-06
1.905,-1.5904014105672104e-06
1.9075,-1.5697540902692708e-06
1.9100000000000001,-1.5433271300935303e-06
1.9125,-1.5134897068946884e-06
1.915,-1.482307311562181e-06
1.9175,-1.4514572796997527e-06
1.92,-1.4222177640021982e-06
1.9225,-1.3955084057215572e-06
1.925,-1.3719456148919562e-06
1.9275,-1.3519074570922385e-06
1.93,-1.335591974793715e-06
1.9325,-1.3230602462499519e-06
1.935,-1.314273248453901e-06
1.9375,-1.3091102175621927e-06
1.94,-1.3073828029064316e-06
1.9425000000000001,-1.3088374828384985e-06
1.945,-1.3131529215115734e-06
1.9475,-1.3199377804085088e-06
1.95,-1.3287261424466124e-06
1.9525000000000001,-1.338982144716283e-06
1.955,-1.3501079934030713e-06
1.9575,-1.3614661327210342e-06
1.96,-1.3724098550937924e-06
1.9625000000000001,-1.3823248252720077e-06
1.965,-1.3906684728226537e-06
1.9675,-1.397008844605807e-06
1.97,-1.4010423399213323e-06
1.9725000000000001,-1.402598030608715e-06
1.975,-1.401614838414389e-06
1.9775,-1.3981118627270916e-06
1.98,-1.3921616357492894e-06
1.9825000000000002,-1.3838856602887972e-06
1.985,-1.3734789661157265e-06
1.9875,-1.361267152333312e-06
1.99,-1.347781960703287e-06
1.9925,-1.3338264182038984e-06
1.995,-1.320511245239686e-06
1.9975,-1.3092463007069455e-06
2.0,-1.3016748710015236e-06
2.0025,-1.2995675149340968e-06
2.005,-1.3046738445154915e-06
2.0075,-1.3185598959353229e-06
2.0100000000000002,-1.3424327676148096e-06
2.0125,-1.376964917199075e-06
2.015,-1.4221258197721909e-06
2.0175,-1.477026302154627e-06
2.02,-1.539796755878342e-06
2.0225,-1.6075250925950968e-06
2.025,-1.6762914469836687e-06
2.0275,-1.7413458124337922e-06
2.0300000000000002,-1.7974640798001928e-06
2.0325,-1.8394792107301328e-06
2.035,-1.862947584641006e-06
2.0375,-1.8648333366400038e-06
2.04,-1.8440516953432962e-06
2.0425,-1.801711590587729e-06
2.045,-1.7409574013527163e-06
2.0475,-1.6664322970427747e-06
2.05,-1.583514404046582e-06
2.0525,-1.4975447584220092e-06
2.055,-1.4132456556126272e-06
2.0575,-1.3344379965474218e-06
2.06,-1.26403398326147e-06
2.0625,-1.2042029879921756e-06
2.065,-1.1565913666800043e-06
2.0675,-1.122504698969351e-06
2.07,-1.1030160749214701e-06
2.0725000000000002,-1.0990064822635759e-06
2.075,-1.1111556830201152e-06
2.0775,-1.1399018831070862e-06
2.08,-1.1853762771352194e-06
2.0825,-1.2473083472741564e-06
2.085,-1.324879320918626e-06
2.0875,-1.4165197796955908e-06
2.09,-1.5196302172171272e-06
2.0925000000000002,-1.6302505230214592e-06
2.095,-1.7427189504815033e-06
2.0975,-1.8494432652005344e-06
2.1,-1.940960544288828e-06
2.1025,-2.0065572243765928e-06
2.105,-2.035728385862967e-06
2.1075,-2.020631654886529e-06
2.11,-1.9593281308516453e-06
2.1125,-1.8590138779472909e-06
2.115,-1.7377645633587235e-06
2.1175,-1.6231120696375e-06
2.12,-1.546500556059982e-06
2.1225,-1.5345295878432808e-06
2.125,-1.6000405480554036e-06
2.1275,-1.7370269347338763e-06
2.13,-1.921987859532237e-06
2.1325,-2.1211957914601953e-06
2.1350000000000002,-2.3005459581781906e-06
2.1375,-2.433892205999655e-06
2.14,-2.5072795892810973e-06
2.1425,-2.5188337531290017e-06
2.145,-2.4757608514391904e-06
2.1475,-2.3903689907456283e-06
2.15,-2.2765396181512187e-06
2.1525,-2.1473132107985293e-06
2.1550000000000002,-2.0136293414907414e-06
2.1575,-1.8839466520148562e-06
2.16,-1.7644034642216866e-06
2.1625,-1.659215030258565e-06
2.165,-1.5711302978616004e-06
2.1675,-1.5018292458535143e-06
2.17,-1.4522242111070227e-06
2.1725,-1.4226534972294758e-06
2.1750000000000003,-1.4129901728665573e-06
2.1775,-1.4226810094442044e-06
2.18,-1.4507566561405838e-06
2.1825,-1.4958431506784109e-06
2.185,-1.5561955706289154e-06
2.1875,-1.6297633465001127e-06
2.19,-1.714261173901832e-06
2.1925,-1.80719632680848e-06
2.195,-1.9057932547639211e-06
2.1975000000000002,-2.0068049195742788e-06
2.2,-2.106277207758467e-06
2.2025,-2.199433396299355e-06
2.205,-2.280869409787556e-06
2.2075,-2.345167246176061e-06
2.21,-2.387842357620684e-06
2.2125,-2.406346396810477e-06
2.215,-2.4007795502711815e-06
2.2175000000000002,-2.374046005115815e-06
2.22,-2.331417192635854e-06
2.2225,-2.2796493226451275e-06
2.225,-2.22592251475362e-06
2.2275,-2.176856895630408e-06
2.23,-2.1377638290687173e-06
2.2325,-2.1121942381796543e-06
2.235,-2.1017626465891226e-06
2.2375000000000003,-2.10619222684727e-06
2.24,-2.123526087416394e-06
2.2425,-2.1504666563032515e-06
2.245,-2.1828155922776205e-06
2.2475,-2.2159902357543615e-06
2.25,-2.245575785764231e-06
2.2525,-2.267847861503469e-06
2.255,-2.280186492953362e-06
2.2575,-2.2813003113242303e-06
2.2600000000000002,-2.2712235079325183e-06
2.2625,-2.2510953954224533e-06
2.265,-2.2228072111829533e-06
2.2675,-2.1886091587930423e-06
2.27,-2.150785377352804e-06
2.2725,-2.111442796604024e-06
2.275,-2.072417146337102e-06
2.2775,-2.035265879385406e-06
2.2800000000000002,-2.0012945469716215e-06
2.2825,-1.9715950543286453e-06
2.285,-1.947069193874995e-06
2.2875,-1.928448256194315e-06
2.29,-1.9163083493367594e-06
2.2925,-1.91109248248722e-06
2.295,-1.9131374244807375e-06
2.2975,-1.9227050245262944e-06
2.3000000000000003,-1.9400110886635957e-06
2.3025,-1.965248486612836e-06
2.305,-1.9985915571396617e-06
2.3075,-2.0401794813551533e-06
2.31,-2.090072626970141e-06
2.3125,-2.1481641567788756e-06
2.315,-2.2140507951462496e-06
2.3175,-2.286844136278887e-06
2.32,-2.3649349998322577e-06
2.3225000000000002,-2.445717228738431e-06
2.325,-2.525327857938464e-06
2.3275,-2.598479653670438e-06
2.33,-2.658538392097398e-06
2.3325,-2.6979982692409976e-06
2.335,-2.7095253756215243e-06
2.3375,-2.6875839012063807e-06
2.34,-2.6304176401481527e-06
2.3425000000000002,-2.541801194411164e-06
2.345,-2.431715955708569e-06
2.3475,-2.315191267143746e-06
2.35,-2.2091752214237204e-06
2.3525,-2.1282532145505684e-06
2.355,-2.0808358272006444e-06
2.3575,-2.0673814162819326e-06
2.36,-2.0813060075397516e-06
2.3625000000000003,-2.1119331279351172e-06
2.365,-2.148037339111397e-06
2.3675,-2.180612312940866e-06
2.37,-2.204182834475432e-06
2.3725,-2.2167656368310418e-06
2.375,-2.219004500148003e-06
2.3775,-2.213061549127815e-06
2.38,-2.2016533876012545e-06
2.3825,-2.1873962623431e-06
2.3850000000000002,-2.172462075122894e-06
2.3875,-2.1584636726856843e-06
2.39,-2.146482671605554e-06
2.3925,-2.1371618856846908e-06
2.395,-2.1308146642695647e-06
2.3975,-2.127528915707444e-06
2.4,-2.1272465744459623e-06
2.4025,-2.129826071950447e-06
2.4050000000000002,-2.1350792565044685e-06
2.4075,-2.1427999854495283e-06
2.41,-2.152770775865065e-06
2.4125,-2.164767749945895e-06
2.415,-2.1785542969610106e-06
2.4175,-2.1938703582691232e-06
2.42,-2.210416113257452e-06
2.4225,-2.2278355231719615e-06
2.4250000000000003,-2.2456971748852084e-06
2.4275,-2.263477597352903e-06
2.43,-2.2805525361491163e-06
2.4325,-2.296196782936022e-06
2.435,-2.309603786443404e-06
2.4375,-2.319927233429553e-06
2.44,-2.326350141856892e-06
2.4425,-2.328180897848142e-06
2.445,-2.324966231981307e-06
2.4475000000000002,-2.316604366114916e-06
2.45,-2.3034347975681158e-06
2.4525,-2.2862709272430948e-06
2.455,-2.2663552385893126e-06
2.4575,-2.245227761932256e-06
2.46,-2.224523512950327e-06
2.4625,-2.20574025888709e-06
2.465,-2.190026577864046e-06
2.4675000000000002,-2.178047452616738e-06
2.47,-2.1699481465020654e-06
2.4725,-2.165422216648949e-06
2.475,-2.1638489045017195e-06
2.4775,-2.164456532227632e-06
2.48,-2.1664741041149682e-06
2.4825,-2.1692374048143392e-06
2.485,-2.172242830056348e-06
2.4875000000000003,-2.175157078454504e-06
2.49,-2.1777929930522077e-06
2.4925,-2.180070964641345e-06
2.495,-2.1819791413690837e-06
2.4975,-2.183540487976643e-06
2.5,-2.1847901052751695e-06
2.5025,-2.1857623551113647e-06
2.505,-2.1864889276912436e-06
2.5075,-2.1870000921353494e-06
2.5100000000000002,-2.187327936553629e-06
2.5125,-2.187510972362361e-06
2.515,-2.1875949585137278e-06
2.5175,-2.1876323330616287e-06
2.52,-2.1876753635297064e-06
2.5225,-2.187772281558864e-06
2.525,-2.1879571363569994e-06
2.5275,-2.188246355672163e-06
2.5300000000000002,-2.188631782473749e-06
2.5325,-2.189082465520187e-06
2.535,-2.189545767805612e-06
2.5375,-2.1899525108892703e-06
2.54,-2.1902257572037342e-06
2.5425,-2.190288000747387e-06
2.545,-2.1900695230669953e-06
2.5475,-2.189514333394982e-06
2.5500000000000003,-2.188584517170966e-06
2.5525,-2.187262225561426e-06
2.555,-2.1855488512301235e-06
2.5575,-2.183464545169045e-06
2.56,-2.181043583959763e-06
2.5625,-2.1783332897484797e-06
2.565,-2.175388004843626e-06
2.5675,-2.1722675853652618e-06
2.57,-2.16903478644781e-06
2.5725000000000002,-2.1657509137185116e-06
2.575,-2.162477244382899e-06
2.5775,-2.159271986101885e-06
2.58,-2.15618953802732e-06
2.5825,-2.1532825655867782e-06
2.585,-2.1505983909264614e-06
2.5875,-2.148182659311715e-06
2.59,-2.1460770369685633e-06
2.5925000000000002,-2.144319836361319e-06
2.595,-2.1429460730360006e-06
2.5975,-2.1419875793071697e-06
2.6,-2.1414708442080155e-06
2.6025,-2.1414165018995845e-06
2.605,-2.1418374842596677e-06
2.6075,-2.142736377663823e-06
2.61,-2.1441025523927237e-06
2.6125000000000003,-2.1459092636177957e-06
2.615,-2.14810805232446e-06
2.6175,-2.1506276368654653e-06
2.62,-2.153369592861054e-06
2.6225,-2.156211337478453e-06
2.625,-2.1590076073607634e-06
2.6275,-2.1616024525883404e-06
2.63,-2.1638458065353916e-06
2.6325,-2.165620315963679e-06
2.6350000000000002,-2.166873002806824e-06
2.6375,-2.1676535766346205e-06
2.64,-2.168147489101102e-06
2.6425,-2.1686956017674675e-06
2.645,-2.1697879049042967e-06
2.6475,-2.172020430180055e-06
2.65,-2.1760108097623743e-06
2.6525,-2.182278961981865e-06
2.6550000000000002,-2.19111416299711e-06
2.6575,-2.2024575514478784e-06
2.66,-2.2158385490911314e-06
2.6625,-2.2303872242446232e-06
2.665,-2.244929902417425e-06
2.6675,-2.258154722767358e-06
2.67,-2.2688063552323e-06
2.6725,-2.275869775303363e-06
2.6750000000000003,-2.2787035049987026e-06
2.6775,-2.277101003755888e-06
2.68,-2.2712822271842015e-06
2.6825,-2.261824590732431e-06
2.685,-2.2495616747164604e-06
2.6875,-2.2354722659656545e-06
2.69,-2.220579034428738e-06
2.6925,-2.205868838700553e-06
2.695,-2.1922365931459353e-06
2.6975000000000002,-2.180454487188399e-06
2.7,-2.1711596502882458e-06
2.7025,-2.1648535550866654e-06
2.705,-2.161909691267283e-06
2.7075,-2.1625855879392475e-06
2.71,-2.167027986388348e-06
2.7125,-2.175280457095141e-06
2.715,-2.187283286048114e-06
2.7175000000000002,-2.202869723078038e-06
2.72,-2.221756830067534e-06
2.7225,-2.2435355901961884e-06
2.725,-2.267660846655417e-06
2.7275,-2.293441070833069e-06
2.73,-2.320040351833086e-06
2.7325,-2.3464848197818355e-06
2.735,-2.3716874579804426e-06
2.7375000000000003,-2.3944865006342297e-06
2.74,-2.413701906789356e-06
2.7425,-2.428203430326903e-06
2.745,-2.436988069121071e-06
2.7475,-2.4392572584019945e-06
2.75,-2.434481984892045e-06
2.7525,-2.4224470109857066e-06
2.755,-2.4032695193909603e-06
2.7575,-2.377383594875937e-06
2.7600000000000002,-2.3455004338757135e-06
2.7625,-2.3085462714789173e-06
2.765,-2.2675929756132973e-06
2.7675,-2.223789266508902e-06
2.77,-2.178302082711525e-06
2.7725,-2.1322764780506986e-06
2.775,-2.0868122021511226e-06
2.7775,-2.0429558560408623e-06
2.7800000000000002,-2.001707429144517e-06
2.7825,-1.9640320658709243e-06
2.785,-1.9308772323256562e-06
2.7875,-1.9031880640341114e-06
2.79,-1.8819208946752042e-06
2.7925,-1.8680476898680354e-06
2.795,-1.862554483977874e-06
2.7975,-1.8664279366475967e-06
2.8000000000000003,-1.8806263426540681e-06
2.8025,-1.9060371414525434e-06
2.805,-1.943416265248743e-06
2.8075,-1.9933093255986023e-06
2.81,-2.055962085023566e-06
2.8125,-2.131217172518518e-06
2.815,-2.2184120496149262e-06
2.8175,-2.3162785964814248e-06
2.82,-2.4228589836639003e-06
2.8225000000000002,-2.535445730700303e-06
2.825,-2.6505636867568683e-06
2.8275,-2.764012066336363e-06
2.83,-2.8710034882806212e-06
2.8325,-2.9664247449545655e-06
2.835,-3.0452248438450624e-06
2.8375,-3.1029122737891157e-06
2.84,-3.1360740706531942e-06
2.8425000000000002,-3.1428193096871837e-06
2.845,-3.12303043870088e-06
2.8475,-3.0783658928612567e-06
2.85,-3.012007908864689e-06
2.8525,-2.928231737087117e-06
2.855,-2.831886348531043e-06
2.8575,-2.7279085372811096e-06
2.86,-2.6209274608390842e-06
2.8625000000000003,-2.5150138185381365e-06
2.865,-2.4135612193276756e-06
2.8675,-2.31928319749386e-06
2.87,-2.234288217550784e-06
2.8725,-2.160198135925384e-06
2.875,-2.098285591500826e-06
2.8775,-2.049602045417487e-06
2.88,-2.015096356444701e-06
2.8825,-1.995697601842039e-06
2.8850000000000002,-1.9923661511711543e-06
2.8875,-2.0060962810930505e-06
2.89,-2.03785290864289e-06
2.8925,-2.0884226614725776e-06
2.895,-2.1581477653853653e-06
2.8975,-2.246516970672019e-06
2.9,-2.3515955831499014e-06
2.9025,-2.4693233058314945e-06
2.9050000000000002,-2.5927722333562997e-06
2.9075,-2.7115967213831027e-06
2.91,-2.8120395256792108e-06
2.9125,-2.8779740830486844e-06
2.915,-2.8933941109698935e-06
2.9175,-2.8463739738526783e-06
2.92,-2.7337346750755387e-06
2.9225,-2.5647309200849122e-06
2.9250000000000003,-2.3616144630977942e-06
2.9275,-2.1556566309755e-06
2.93,-1.9792533407780866e-06
2.9325,-1.8570254667338304e-06
2.935,-1.79974605885036e-06
2.9375,-1.8035272546512715e-06
2.94,-1.853919485483857e-06
2.9425,-1.9323286437611387e-06
2.945,-2.0217810856593132e-06
2.9475000000000002,-2.110269349486771e-06
2.95,-2.1914954118074093e-06
2.9525,-2.2638573966560216e-06
2.955,-2.3287141459604754e-06
2.9575,-2.388693474131287e-06
2.96,-2.4463846841626946e-06
2.9625,-2.5034698012404988e-06
2.965,-2.5601936215480237e-06
2.9675000000000002,-2.6150545124892233e-06
2.97,-2.664644426886298e-06
2.9725,-2.703629093048221e-06
2.975,-2.724951002619491e-06
2.9775,-2.7203927004393336e-06
2.98,-2.6816682634489553e-06
2.9825,-2.6021662904440745e-06
2.985,-2.4792821591290704e-06
2.9875000000000003,-2.3169729388428095e-06
2.99,-2.1277705002376024e-06
2.9925,-1.9332004228544974e-06
2.995,-1.7616697221001232e-06
2.9975,-1.643572460352516e-06
3.0,-1.6045418647081533e-06
3.0025,-1.6588958544616617e-06
3.005,-1.8056466899452062e-06
3.0075000000000003,-2.028606900239538e-06
3.0100000000000002,-2.3004646720892197e-06
3.0125,-2.5891554287227336e-06
3.015,-2.864228804355662e-06
3.0175,-3.1013787804567983e-06
3.02,-3.2843843200680567e-06
3.0225,-3.4047394308345247e-06
3.025,-3.4598298555010842e-06
3.0275,-3.4506026906910847e-06
3.0300000000000002,-3.3794812281939812e-06
3.0325,-3.2490188175415824e-06
3.035,-3.061606832943653e-06
3.0375,-2.820463492980707e-06
3.04,-2.5320402698980615e-06
3.0425,-2.2097345606653107e-06
3.045,-1.878220416529075e-06
3.0475,-1.5767334389238385e-06
3.0500000000000003,-1.3586309819402231e-06
3.0525,-1.2844027139635728e-06
3.055,-1.4071165139739605e-06
3.0575,-1.7534496521420806e-06
3.06,-2.3080301048139518e-06
3.0625,-3.010023505112258e-06
3.065,-3.7661602050320653e-06
3.0675,-4.47569627226585e-06
3.0700000000000003,-5.056329314356844e-06
3.0725000000000002,-5.46054039318733e-06
3.075,-5.678211294934954e-06
3.0775,-5.728387577619287e-06
3.08,-5.646470128795045e-06
3.0825,-5.472396111372291e-06
3.085,-5.242638422942036e-06
3.0875,-4.986339490642422e-06
3.09,-4.724537973288534e-06
3.0925000000000002,-4.471145217621597e-06
3.095,-4.23460502929629e-06
3.0975,-4.019587436232541e-06
3.1,-3.828408495110125e-06
3.1025,-3.66209616231572e-06
3.105,-3.5211169233662076e-06
3.1075,-3.4058244580137398e-06
3.11,-3.3166806758799794e-06
3.1125000000000003,-3.2542912435928883e-06
3.115,-3.219280415578396e-06
3.1175,-3.212033931276892e-06
3.12,-3.2323771677056357e-06
3.1225,-3.2793288085031236e-06
3.125,-3.351170846599416e-06
3.1275,-3.4461359348370024e-06
3.13,-3.563905153214364e-06
3.1325000000000003,-3.7076294177040836e-06
3.1350000000000002,-3.885337918063669e-06
3.1375,-4.1088143518663856e-06
3.14,-4.388334446048248e-06
3.1425,-4.723958795693761e-06
3.145,-5.097604258708088e-06
3.1475,-5.47186522226184e-06
3.15,-5.7986674164567376e-06
3.1525,-6.034473187810363e-06
3.1550000000000002,-6.154115538947735e-06
3.1575,-6.156532265322312e-06
3.16,-6.061170921611847e-06
3.1625,-5.898852919017372e-06
3.165,-5.70220095141849e-06
3.1675,-5.4989773445868195e-06
3.17,-5.309142949272427e-06
3.1725,-5.144789639643932e-06
3.1750000000000003,-5.0116086640628055e-06
3.1775,-4.910808769409414e-06
3.18,-4.840844354703222e-06
3.1825,-4.798709369424614e-06
3.185,-4.780775583412833e-06
3.1875,-4.7832595271302125e-06
3.19,-4.802424228955715e-06
3.1925,-4.834612894910606e-06
3.1950000000000003,-4.876192321034978e-06
3.1975000000000002,-4.923460835470905e-06
3.2,-4.97257471465673e-06
3.2025,-5.019524991212165e-06
3.205,-5.060207030282982e-06
3.2075,-5.090609619173847e-06
3.21,-5.107132039938733e-06
3.2125,-5.107015596195197e-06
3.215,-5.0888362181922275e-06
3.2175000000000002,-5.052958158557885e-06
3.22,-5.001822302119763e-06
3.2225,-4.939939316273012e-06
3.225,-4.873502604141322e-06
3.2275,-4.809628109114783e-06
3.23,-4.755336391326637e-06
3.2325,-4.716494572676311e-06
3.235,-4.696958882277613e-06
3.2375000000000003,-4.6981161574422e-06
3.24,-4.718909281109518e-06
3.2425,-4.756294401886407e-06
3.245,-4.80597321939058e-06
3.2475,-4.863201297666819e-06
3.25,-4.923501052189749e-06
3.2525,-4.983167713135117e-06
3.255,-5.039533903072879e-06
3.2575000000000003,-5.091021790804007e-06
3.2600000000000002,-5.137034776225846e-06
3.2625,-5.177761607910725e-06
3.265,-5.2139420176899876e-06
3.2675,-5.246635168987268e-06
3.27,-5.277008057191779e-06
3.2725,-5.306142810468373e-06
3.275,-5.3348598783031775e-06
3.2775,-5.363538235769738e-06
3.2800000000000002,-5.3919205527108716e-06
3.2825,-5.4189013098948635e-06
3.285,-5.44231312460397e-06
3.2875,-5.458758124632368e-06
3.29,-5.463592202659129e-06
3.2925,-5.451209005968849e-06
3.295,-5.415818037590725e-06
3.2975,-5.352858039486819e-06
3.3000000000000003,-5.261004247358869e-06
3.3025,-5.144360329722986e-06
3.305,-5.013960560518171e-06
3.3075,-4.887443310508388e-06
3.31,-4.786064977224669e-06
3.3125,-4.729327429231489e-06
3.315,-4.728975511625322e-06
3.3175,-4.784978187899469e-06
3.3200000000000003,-4.885488550598893e-06
3.3225000000000002,-5.010819904782693e-06
3.325,-5.139495186767817e-06
3.3275,-5.253718711628608e-06
3.33,-5.342444609368613e-06
3.3325,-5.401722404485554e-06
3.335,-5.43314988021848e-06
3.3375,-5.441614717938137e-06
3.34,-5.433229802065398e-06
3.3425000000000002,-5.413899629047592e-06
3.345,-5.388553404372942e-06
3.3475,-5.360895443118352e-06
3.35,-5.333467242962797e-06
3.3525,-5.307852092073517e-06
3.355,-5.284922565351735e-06
3.3575,-5.265059797920912e-06
3.36,-5.248333650342829e-06
3.3625000000000003,-5.23463361901122e-06
3.365,-5.22376032563443e-06
3.3675,-5.215486197585051e-06
3.37,-5.209593126664913e-06
3.3725,-5.20589634334101e-06
3.375,-5.204257320201577e-06
3.3775,-5.204594089036618e-06
3.38,-5.206886669384403e-06
3.3825000000000003,-5.211182156017458e-06
3.3850000000000002,-5.217601483309409e-06
3.3875,-5.226340960007292e-06
3.39,-5.237677584091216e-06
3.3925,-5.251964040553503e-06
3.395,-5.26961409264004e-06
3.3975,-5.2910677368345205e-06
3.4,-5.3167204043802485e-06
3.4025,-5.346795120431125e-06
3.4050000000000002,-5.38113317816169e-06
3.4075,-5.418877321972104e-06
3.41,-5.45803050044924e-06
3.4125,-5.494925915172644e-06
3.415,-5.523721284816929e-06
3.4175,-5.5361953741339676e-06
3.42,-5.522308441641144e-06
3.4225,-5.4721113542655075e-06
3.4250000000000003,-5.379394593774123e-06
3.4275,-5.246663761226955e-06
3.43,-5.089579474315542e-06
3.4325,-4.937607144483991e-06
3.435,-4.827929387829499e-06
3.4375,-4.792954058530086e-06
3.44,-4.846750783826792e-06
3.4425,-4.978295180535497e-06
3.4450000000000003,-5.155992283789601e-06
3.4475000000000002,-5.340700937495058e-06
3.45,-5.499510876916247e-06
3.4525,-5.613673749849113e-06
3.455,-5.679102031308503e-06
3.4575,-5.702036645516273e-06
3.46,-5.6935198244900675e-06
3.4625,-5.665076287186821e-06
3.465,-5.626327947538812e-06
3.4675000000000002,-5.584212033227232e-06
3.47,-5.543147096886969e-06
3.4725,-5.505592241661361e-06
3.475,-5.472658557437171e-06
3.4775,-5.444621962169549e-06
3.48,-5.421290723006678e-06
3.4825,-5.402249428243522e-06
3.485,-5.387003795931378e-06
3.4875000000000003,-5.375058634626839e-06
3.49,-5.365956468494915e-06
3.4925,-5.359290128126304e-06
3.495,-5.354703034754493e-06
3.4975,-5.351882606419167e-06
3.5,-5.350552328309277e-06
3.5025,-5.350465272613292e-06
3.505,-5.351396026753719e-06
3.5075000000000003,-5.35313688487804e-06
3.5100000000000002,-5.355496142556149e-06
3.5125,-5.3582973578159e-06
3.515,-5.361380630120038e-06
3.5175,-5.364605129898337e-06
3.52,-5.367849922777168e-06
3.5225,-5.371018943378658e-06
3.525,-5.374037215233329e-06
3.5275,-5.376850822358392e-06
3.5300000000000002,-5.37942017331261e-06
3.5325,-5.381711304153214e-06
3.535,-5.383685902415891e-06
3.5375,-5.385289398418536e-06
3.54,-5.386444485111497e-06
3.5425,-5.387050691751938e-06
3.545,-5.386993933598205e-06
3.5475,-5.3861681124089955e-06
3.5500000000000003,-5.384505953998087e-06
3.5525,-5.382013824828391e-06
3.555,-5.37879694206822e-06
3.5575,-5.375063693691118e-06
3.56,-5.371099575768312e-06
3.5625,-5.367207108974981e-06
3.565,-5.363621880860592e-06
3.5675,-5.360434727208485e-06
3.5700000000000003,-5.357541226658213e-06
3.5725000000000002,-5.354650369326919e-06
3.575,-5.351352456273162e-06
3.5775,-5.347241284425763e-06
3.58,-5.34205153712719e-06
3.5825,-5.335784123872145e-06
3.585,-5.328784055791402e-06
3.5875,-5.321763211441066e-06
3.59,-5.315774473046986e-06
3.5925000000000002,-5.3121449070658855e-06
3.595,-5.31239467704836e-06
3.5975,-5.318146719446304e-06
3.6,-5.331032923550083e-06
3.6025,-5.352589624862958e-06
3.605,-5.384121465112912e-06
3.6075,-5.426516224815714e-06
3.61,-5.479995706991758e-06
3.6125000000000003,-5.543802956253785e-06
3.615,-5.615867024744148e-06
3.6175,-5.69253870708053e-06
3.62,-5.7685572585342015e-06
3.6225,-5.837450487433671e-06
3.625,-5.892524654882436e-06
3.6275,-5.928421330736455e-06
3.63,-5.942861832863855e-06
3.6325000000000003,-5.937827069146806e-06
3.6350000000000002,-5.919324621572741e-06
3.6375,-5.895359805663247e-06
3.64,-5.872715320265343e-06
3.6425,-5.854071019939511e-06
3.645,-5.837046444412408e-06
3.6475,-5.815693299382474e-06
3.65,-5.783525324432048e-06
3.6525,-5.736415317869614e-06
3.6550000000000002,-5.67406397067316e-06
3.6575,-5.599773004405506e-06
3.66,-5.519105997109364e-06
3.6625,-5.438285626269135e-06
3.665,-5.362945472597858e-06
3.6675,-5.297469016340983e-06
3.67,-5.244847926633156e-06
3.6725,-5.2068805018734565e-06
3.6750000000000003,-5.184518272471905e-06
3.6775,-5.178231702984704e-06
3.68,-5.188327037330964e-06
3.6825,-5.215189759155692e-06
3.685,-5.2594461124044756e-06
3.6875,-5.322052487599649e-06
3.69,-5.404304033618246e-06
3.6925,-5.5077434808481485e-06
3.6950000000000003,-5.633930356907513e-06
3.6975000000000002,-5.7840141209908325e-06
3.7,-5.958020977914202e-06
3.7025,-6.153788035589969e-06
3.705,-6.365513996797745e-06
3.7075,-6.5820426016216516e-06
3.71,-6.785282153032313e-06
3.7125,-6.9495797561103245e-06
3.715,-7.0433186181162455e-06
3.7175000000000002,-7.034099638758562e-06
3.72,-6.898062991922416e-06
3.7225,-6.631677536006464e-06
3.725,-6.261241907168369e-06
3.7275,-5.843443233288781e-06
3.73,-5.452608746736587e-06
3.7325,-5.157448924819619e-06
3.735,-4.997880438395441e-06
3.7375000000000003,-4.974072396635165e-06
3.74,-5.052621276036007e-06
3.7425,-5.18439429697537e-06
3.745,-5.323337887830348e-06
3.7475,-5.438116602363152e-06
3.75,-5.514724193744769e-06
3.7525,-5.5529177984681155e-06
3.755,-5.560497243095597e-06
3.7575000000000003,-5.5482497884895565e-06
3.7600000000000002,-5.526663073851523e-06
3.7625,-5.504345210738393e-06
3.765,-5.48761406093945e-06
3.7675,-5.480712445660174e-06
3.77,-5.4862483125361905e-06
3.7725,-5.505639393277306e-06
3.775,-5.539451308322896e-06
3.7775,-5.587604363199716e-06
3.7800000000000002,-5.649439515309496e-06
3.7825,-5.723666816948025e-06
3.785,-5.808215462366206e-06
3.7875,-5.900020681792739e-06
3.79,-5.994802705799884e-06
3.7925,-6.086908911129285e-06
3.795,-6.1693182544786396e-06
3.7975,-6.23390474174812e-06
3.8000000000000003,-6.272028201692592e-06
3.8025,-6.275439631053814e-06
3.805,-6.237383587404111e-06
3.8075,-6.153656840979238e-06
3.81,-6.023355354045634e-06
3.8125,-5.849108788424928e-06
3.815,-5.636767980377044e-06
3.8175,-5.394698717964275e-06
3.8200000000000003,-5.132930851914352e-06
3.8225000000000002,-4.86238144503659e-06
3.825,-4.59427343457719e-06
3.8275,-4.339755861337835e-06
3.83,-4.109714240030371e-06
3.8325,-3.91475325045576e-06
3.835,-3.765344928297054e-06
3.8375,-3.672116122288571e-06
3.84,-3.646149906444407e-06
3.8425000000000002,-3.6990412866089173e-06
3.845,-3.842243671670076e-06
3.8475,-4.085022709432451e-06
3.85,-4.430186180570672e-06
3.8525,-4.867049113954636e-06
3.855,-5.3624981433131325e-06
3.8575,-5.854347307376884e-06
3.86,-6.256192222053869e-06
3.8625000000000003,-6.485567723757413e-06
3.865,-6.517758947666152e-06
3.8675,-6.438516663820337e-06
3.87,-6.4378766069239646e-06
3.8725,-6.706558338009927e-06
3.875,-7.290190126241214e-06
3.8775,-8.032689862602638e-06
3.88,-8.673320536445317e-06
3.8825000000000003,-9.008961200152044e-06
3.8850000000000002,-8.985435897557181e-06
3.8875,-8.677226077224987e-06
3.89,-8.21214399593373e-06
3.8925,-7.707041902449419e-06
3.895,-7.239412838089265e-06
3.8975,-6.847004982546423e-06
3.9,-6.539431439023247e-06
3.9025000000000003,-6.310789643748649e-06
3.9050000000000002,-6.1489206473197555e-06
3.9075,-6.040872506218875e-06
3.91,-5.975558650561652e-06
3.9125,-5.944752075492943e-06
3.915,-5.9432330488107254e-06
3.9175,-5.968573191239557e-06
3.92,-6.020777789217391e-06
3.9225,-6.101799442603806e-06
3.9250000000000003,-6.2148041877208016e-06
3.9275,-6.362948028026949e-06
3.93,-6.54736604133177e-06
3.9325,-6.7641878729318705e-06
3.935,-7.000943895718592e-06
3.9375,-7.233956665686492e-06
3.94,-7.430282153109147e-06
3.9425,-7.559230397191641e-06
3.9450000000000003,-7.6161276751918194e-06
3.9475000000000002,-7.650613298437747e-06
3.95,-7.775463870984822e-06
3.9525,-8.127138102054232e-06
3.955,-8.779437081329888e-06
3.9575,-9.6664979309935e-06
3.96,-1.0588020160184897e-05
3.9625,-1.1306166300073528e-05
3.9650000000000003,-1.1660889839504307e-05
3.9675000000000002,-1.1623219819512087e-05
3.97,-1.1271178294691708e-05
3.9725,-1.0729178228530145e-05
3.975,-1.011549576901416e-05
3.9775,-9.516142029042385e-06
3.98,-8.981210527281291e-06
3.9825,-8.532602890909402e-06
3.985,-8.174360971224814e-06
3.9875000000000003,-7.901281776412361e-06
3.99,-7.704700010435772e-06
3.9925,-7.575782348112625e-06
3.995,-7.507089463842931e-06
3.9975,-7.493063520769283e-06
4.0,-7.529905104775025e-06
4.0025,-7.615106994762755e-06
4.005,-7.746799241203917e-06
4.0075,-7.922995877152061e-06
4.01,-8.14082170563779e-06
4.0125,-8.395803689609238e-06
4.015,-8.681343132366237e-06
4.0175,-8.988472671944692e-06
4.0200000000000005,-9.30599628645723e-06
4.0225,-9.62104186896795e-06
4.025,-9.919977685513004e-06
4.0275,-1.0189551488792858e-05
4.03,-1.0418061293648861e-05
4.0325,-1.0596345788371764e-05
4.035,-1.0718439284573833e-05
4.0375,-1.0781807162629775e-05
4.04,-1.0787183668981015e-05
4.0425,-1.0738104833762918e-05
4.045,-1.0640265827532858e-05
4.0475,-1.0500834264348669e-05
4.05,-1.0327825549438785e-05
4.0525,-1.0129599274932843e-05
4.055,-9.91450210108269e-06
4.0575,-9.690644219517708e-06
4.0600000000000005,-9.465784387430176e-06
4.0625,-9.247290108760353e-06
4.065,-9.042131694059208e-06
4.0675,-8.856887490082954e-06
4.07,-8.697725832007563e-06
4.0725,-8.570349535830246e-06
4.075,-8.479879483047625e-06
4.0775,-8.430667236325462e-06
4.08,-8.426024209029492e-06
4.0825000000000005,-8.467871879247468e-06
4.085,-8.556320665320527e-06
4.0875,-8.68922188601573e-06
4.09,-8.86175976688719e-06
4.0925,-9.066191296369652e-06
4.095,-9.29187567066947e-06
4.0975,-9.525738761340108e-06
4.1,-9.753256364319896e-06
4.1025,-9.959926131841712e-06
4.105,-1.0133015166502446e-05
4.1075,-1.0263217973260907e-05
4.11,-1.0345816349399684e-05
4.1125,-1.038103204109575e-05
4.115,-1.0373505574534647e-05
4.1175,-1.0331086684800539e-05
4.12,-1.0263295763479618e-05
4.1225000000000005,-1.0179838540125274e-05
4.125,-1.008945446301368e-05
4.1275,-9.999222015721898e-06
4.13,-9.914306104974457e-06
4.1325,-9.838039517262587e-06
4.135,-9.772205459057659e-06
4.1375,-9.717404310549682e-06
4.14,-9.673415917177408e-06
4.1425,-9.639511802106426e-06
4.1450000000000005,-9.614700928750608e-06
4.1475,-9.597900429980655e-06
4.15,-9.58805028972165e-06
4.1525,-9.584178911836716e-06
4.155,-9.585437311443457e-06
4.1575,-9.59110758458337e-06
4.16,-9.600600805015347e-06
4.1625,-9.613443268108313e-06
4.165,-9.629261683130608e-06
4.1675,-9.647763846487578e-06
4.17,-9.668719116007196e-06
4.1725,-9.691936696754055e-06
4.175,-9.717245688989351e-06
4.1775,-9.744466865413415e-06
4.18,-9.77338746110945e-06
4.1825,-9.803725731671875e-06
4.1850000000000005,-9.83509389129722e-06
4.1875,-9.866954911785797e-06
4.19,-9.898575001443533e-06
4.1925,-9.928982592555258e-06
4.195,-9.956933553212366e-06
4.1975,-9.98090834514187e-06
4.2,-9.999151671991058e-06
4.2025,-1.0009784517706066e-05
4.205,-1.0011009266008841e-05
4.2075000000000005,-1.0001416143268216e-05
4.21,-9.980379729768174e-06
4.2125,-9.948484205324348e-06
4.215,-9.907875835324376e-06
4.2175,-9.862398513860171e-06
4.22,-9.817371847020695e-06
4.2225,-9.778937425153345e-06
4.225,-9.753034504456082e-06
4.2275,-9.744217805973676e-06
4.23,-9.754647010140616e-06
4.2325,-9.783575080746232e-06
4.235,-9.827508279158792e-06
4.2375,-9.880994468858262e-06
4.24,-9.937779196889096e-06
4.2425,-9.991981499979374e-06
4.245,-1.0038990410521365e-05
4.2475000000000005,-1.0075927860953016e-05
4.25,-1.0101680658181067e-05
4.2525,-1.0116617659150506e-05
4.255,-1.0122153582869942e-05
4.2575,-1.0120287328163613e-05
4.26,-1.0113215267892883e-05
4.2625,-1.010304768556125e-05
4.265,-1.0091639865095203e-05
4.2675,-1.0080508047849435e-05
4.2700000000000005,-1.0070811896412124e-05
4.2725,-1.006337529929624e-05
4.275,-1.0058722040184875e-05
4.2775,-1.00571220684742e-05
4.28,-1.0058630834919313e-05
4.2825,-1.0063127064086075e-05
4.285,-1.0070344330870284e-05
4.2875000000000005,-1.0079897862169673e-05
4.29,-1.0091311082760512e-05
4.2925,-1.010404164958345e-05
4.295,-1.011750862289773e-05
4.2975,-1.0131124156487203e-05
4.3,-1.0144323937311128e-05
4.3025,-1.0156599046240444e-05
4.305,-1.0167525005044808e-05
4.3075,-1.0176781927384582e-05
4.3100000000000005,-1.0184167223314944e-05
4.3125,-1.0189597190901623e-05
4.315,-1.019309567595883e-05
4.3175,-1.0194777928518306e-05
4.32,-1.0194825023290832e-05
4.3225,-1.0193460838081592e-05
4.325,-1.0190927781650316e-05
4.3275,-1.0187470337541527e-05
4.33,-1.01833226153758e-05
4.3325000000000005,-1.0178702495977632e-05
4.335,-1.0173809670277478e-05
4.3375,-1.0168824957190736e-05
4.34,-1.0163915760585951e-05
4.3425,-1.0159236609297295e-05
4.345,-1.0154934557249362e-05
4.3475,-1.0151153219339903e-05
4.3500000000000005,-1.0148036466262056e-05
4.3525,-1.014573450675016e-05
4.355,-1.0144409060330872e-05
4.3575,-1.0144240917497882e-05
4.36,-1.0145438409381313e-05
4.3625,-1.0148244911079018e-05
4.365,-1.0152949585062743e-05
4.3675,-1.0159893804484454e-05
4.37,-1.0169478827037892e-05
4.3725000000000005,-1.0182162611727108e-05
4.375,-1.0198447085940643e-05
4.3775,-1.0218841111964139e-05
4.38,-1.024378408942539e-05
4.3825,-1.0273512117464634e-05
4.385,-1.0307830820011077e-05
4.3875,-1.034577158520733e-05
4.39,-1.0385104900478836e-05
4.3925,-1.0421739403909669e-05
4.3950000000000005,-1.0449120935618339e-05
4.3975,-1.0457927004381418e-05
4.4,-1.043659398192176e-05
4.4025,-1.0373422554721401e-05
4.405,-1.0260910670467638e-05
4.4075,-1.0102130687528188e-05
4.41,-9.917156859273746e-06
4.4125000000000005,-9.745339582423185e-06
4.415,-9.638678079681995e-06
4.4175,-9.645077994946405e-06
4.42,-9.787575777409074e-06
4.4225,-1.0051277570255479e-05
4.425,-1.0387145636059358e-05
4.4275,-1.0731071455438723e-05
4.43,-1.1026872925867792e-05
4.4325,-1.1241270158279804e-05
4.4350000000000005,-1.1366343784402488e-05
4.4375,-1.141284414529764e-05
4.44,-1.1400589841059627e-05
4.4425,-1.1350582070690507e-05
4.445,-1.1280495499477183e-05
4.4475,-1.12031227956777e-05
4.45,-1.1126625366841836e-05
4.4525,-1.1055550828587002e-05
4.455,-1.0991968423468279e-05
4.4575000000000005,-1.0936420750340403e-05
4.46,-1.0888611569725981e-05
4.4625,-1.084785839111646e-05
4.465,-1.0813359352823682e-05
4.4675,-1.0784344027570114e-05
4.47,-1.0760142828303287e-05
4.4725,-1.074021690783411e-05
4.4750000000000005,-1.0724166287445769e-05
4.4775,-1.0711725877854406e-05
4.48,-1.0702766843451172e-05
4.4825,-1.0697294300143767e-05
4.485,-1.0695456836629091e-05
4.4875,-1.069756214633344e-05
4.49,-1.0704094421498667e-05
4.4925,-1.07157399895641e-05
4.495,-1.0733403172480394e-05
4.4975000000000005,-1.0758198044413803e-05
4.5,-1.079138436921312e-05
4.5025,-1.0834191755293432e-05
4.505,-1.0887441902696082e-05
4.5075,-1.0950849713253774e-05
4.51,-1.1021875394590097e-05
4.5125,-1.109406323962503e-05
4.515,-1.1155087292991084e-05
4.5175,-1.118533714361547e-05
4.5200000000000005,-1.1158923001630683e-05
4.5225,-1.1050017889147057e-05
4.525,-1.0847114680245795e-05
4.5275,-1.0573591197271526e-05
4.53,-1.0303929713018078e-05
4.5325,-1.0156439003594642e-05
4.535,-1.0249092156300321e-05
4.5375000000000005,-1.0633280311367344e-05
4.54,-1.1250895539660632e-05
4.5425,-1.1953644559525856e-05
4.545,-1.2574405985787962e-05
4.5475,-1.2998804237440709e-05
4.55,-1.3194110863423703e-05
4.5525,-1.3193480725703921e-05
4.555,-1.3061017199333946e-05
4.5575,-1.2861800058772133e-05
4.5600000000000005,-1.2646206727140452e-05
4.5625,-1.2446442298141847e-05
4.565,-1.2279552834115748e-05
4.5675,-1.2152313502156176e-05
4.57,-1.2065576157738178e-05
4.5725,-1.201731222977287e-05
4.575,-1.2004392374365125e-05
4.5775,-1.202341027806142e-05
4.58,-1.2070864130464543e-05
4.5825000000000005,-1.2142927658942426e-05
4.585,-1.223498335889417e-05
4.5875,-1.234105602065938e-05
4.59,-1.2453290906933034e-05
4.5925,-1.2561656291154577e-05
4.595,-1.2654078972218485e-05
4.5975,-1.271721473017351e-05
4.6000000000000005,-1.2737953369423849e-05
4.6025,-1.2705554695457977e-05
4.605,-1.2614027781410186e-05
4.6075,-1.2464116565524819e-05
4.61,-1.2264195731859218e-05
4.6125,-1.2029623320586325e-05
4.615,-1.178058602135934e-05
4.6175,-1.1538998052174065e-05
4.62,-1.1325294337893865e-05
4.6225000000000005,-1.1155901944448487e-05
4.625,-1.1041802309819104e-05
4.6275,-1.098821005030004e-05
4.63,-1.099511345614701e-05
4.6325,-1.105834220993529e-05
4.635,-1.117087569468822e-05
4.6375,-1.1324194957751388e-05
4.64,-1.1509541110399368e-05
4.6425,-1.1718981369313042e-05
4.6450000000000005,-1.1946204608648259e-05
4.6475,-1.2186968376681762e-05
4.65,-1.2439152129672948e-05
4.6525,-1.2702366745998006e-05
4.655,-1.297705111369396e-05
4.6575,-1.3262952478498846e-05
4.66,-1.3556820988469553e-05
4.6625000000000005,-1.3849164957946414e-05
4.665,-1.4120132533435026e-05
4.6675,-1.433524366234451e-05
4.67,-1.4443084836557318e-05
4.6725,-1.4379089236626896e-05
4.675,-1.4081081019412522e-05
4.6775,-1.3520293975943787e-05
4.68,-1.2742019748657185e-05
4.6825,-1.1893079886249325e-05
4.6850000000000005,-1.1201914475122976e-05
4.6875,-1.0894687278550919e-05
4.69,-1.1082454307143053e-05
4.6925,-1.1696743456468539e-05
4.695,-1.2526045281902043e-05
4.6975,-1.3325417995702082e-05
4.7,-1.3919275119178565e-05
4.7025,-1.4241357717992287e-05
4.705,-1.431464278311978e-05
4.7075000000000005,-1.4206896764790145e-05
4.71,-1.3992544410257324e-05
4.7125,-1.373203954813107e-05
4.715,-1.3466113472304642e-05
4.7175,-1.3218142782989162e-05
4.72,-1.2999210952102658e-05
4.7225,-1.2812969430342491e-05
4.7250000000000005,-1.265930805516291e-05
4.7275,-1.25367994314729e-05
4.73,-1.2444218413065755e-05
4.7325,-1.2381487948687209e-05
4.735,-1.2350293786766997e-05
4.7375,-1.235451753700545e-05
4.74,-1.2400479988627922e-05
4.7425,-1.2496832766828447e-05
4.745,-1.2653686127350738e-05
4.7475000000000005,-1.2880264023351629e-05
4.75,-1.3180137187873697e-05
4.7525,-1.3543251014880298e-05
4.755,-1.393539636751484e-05
4.7575,-1.4289540729350847e-05
4.76,-1.4509603033729945e-05
4.7625,-1.4501310346304308e-05
4.765,-1.4234932280032808e-05
4.7675,-1.381028658897776e-05
4.7700000000000005,-1.3455185580824036e-05
4.7725,-1.3408575199491679e-05
4.775,-1.3750789861433077e-05
4.7775,-1.4334047676811679e-05
4.78,-1.488705629526521e-05
4.7825,-1.5191780192935767e-05
4.785,-1.5181794367435941e-05
4.7875000000000005,-1.4921694287295395e-05
4.79,-1.453047514132777e-05
4.7925,-1.4117445459760347e-05
4.795,-1.3754501566154431e-05
4.7975,-1.3475836567522492e-05
4.8,-1.3289033034880049e-05
4.8025,-1.318696556040777e-05
4.805,-1.3156442122408407e-05
4.8075,-1.3183223302348779e-05
4.8100000000000005,-1.3254364205295133e-05
4.8125,-1.335892460474497e-05
4.815,-1.348780770626945e-05
4.8175,-1.3633191940698453e-05
4.82,-1.37878010662007e-05
4.8225,-1.3944166369128652e-05
4.825,-1.409397631846332e-05
4.8275,-1.4227657828769225e-05
4.83,-1.4334361736700885e-05
4.8325000000000005,-1.4402571196114877e-05
4.835,-1.4421539702880182e-05
4.8375,-1.4383581429910919e-05
4.84,-1.4286925477335899e-05
4.8425,-1.4138353179760088e-05
4.845,-1.3954448291997323e-05
4.8475,-1.3760305307641829e-05
4.8500000000000005,-1.3585260262516385e-05
4.8525,-1.3456488005658684e-05
4.855,-1.339257482868561e-05
4.8575,-1.339949471912405e-05
4.86,-1.3470473049892462e-05
4.8625,-1.3589471819841492e-05
4.865,-1.3736564739019741e-05
4.8675,-1.3893074708448694e-05
4.87,-1.4044984112615566e-05
4.8725000000000005,-1.4184213597445705e-05
4.875,-1.4308198160506436e-05
4.8775,-1.441852896277851e-05
4.88,-1.451932089935326e-05
4.8825,-1.4615697836006802e-05
4.885,-1.4712477337752716e-05
4.8875,-1.4812947739528681e-05
4.89,-1.4917545655634967e-05
4.8925,-1.5022267717768045e-05
4.8950000000000005,-1.511682918931001e-05
4.8975,-1.5182988391870822e-05
4.9,-1.5194084454606127e-05
4.9025,-1.5117594500679843e-05
4.905,-1.4922831297781158e-05
4.9075,-1.4594671000622839e-05
4.91,-1.4150383179867276e-05
4.9125000000000005,-1.3650926405261998e-05
4.915,-1.319489291518039e-05
4.9175,-1.2889148109707094e-05
4.92,-1.2806058407477394e-05
4.9225,-1.295150335067774e-05
4.925,-1.3264587579442377e-05
4.9275,-1.3648373453634122e-05
4.93,-1.4010452701995746e-05
4.9325,-1.4290597050603537e-05
4.9350000000000005,-1.4467001818729841e-05
4.9375,-1.4546996936815049e-05
4.94,-1.455282196616281e-05
4.9425,-1.4509938978335413e-05
4.945,-1.4440352458677808e-05
4.9475,-1.4360213356212626e-05
4.95,-1.4279968041819302e-05
4.9525,-1.4205575240566759e-05
4.955,-1.4139898354414981e-05
4.9575000000000005,-1.4083876806125772e-05
4.96,-1.403737493888002e-05
4.9625,-1.399973885440886e-05
4.965,-1.397013389237145e-05
4.9675,-1.3947738040087643e-05
4.97,-1.3931840072700652e-05
4.9725,-1.3921888069035049e-05
4.9750000000000005,-1.3917509619432167e-05
4.9775,-1.391851841958669e-05
4.98,-1.3924920239105631e-05
4.9825,-1.393691226780902e-05
4.985,-1.3954885986322552e-05
4.9875,-1.3979421254362023e-05
4.99,-1.4011265903945969e-05
4.9925,-1.4051285774030475e-05
4.995,-1.4100360345992158e-05
4.9975000000000005,-1.4159191948692751e-05
5.0,-1.42279868668993e-05
5.0025,-1.4305965663652387e-05
5.005,-1.4390677932851759e-05
5.0075,-1.4477160988235482e-05
5.01,-1.455709974607089e-05
5.0125,-1.4618359330142994e-05
5.015,-1.4645484867514824e-05
5.0175,-1.4621916193391371e-05
5.0200000000000005,-1.4534371274521618e-05
5.0225,-1.4378904836576112e-05
5.025,-1.4166537397386492e-05
5.0275,-1.3924974865631157e-05
5.03,-1.3693419276705754e-05
5.0325,-1.3510777165492982e-05
5.035,-1.34022076281326e-05
5.0375000000000005,-1.3371113851690097e-05
5.04,-1.3400748827052666e-05
5.0425,-1.3463605853303307e-05
5.045,-1.3532627292534016e-05
5.0475,-1.3588805046538255e-05
5.05,-1.3623329493839265e-05
5.0525,-1.3635684780410884e-05
5.055,-1.3630185833335418e-05
5.0575,-1.3612844838917226e-05
5.0600000000000005,-1.3589350260190258e-05
5.0625,-1.356413818598412e-05
5.065,-1.3540208897211414e-05
5.0675,-1.3519320560817505e-05
5.07,-1.3502309997193152e-05
5.0725,-1.3489400515709349e-05
5.075,-1.3480448330938088e-05
5.0775,-1.3475112382366206e-05
5.08,-1.3472966941208142e-05
5.0825000000000005,-1.3473564109744984e-05
5.085,-1.3476468012640908e-05
5.0875,-1.3481271651016868e-05
5.09,-1.348759812458411e-05
5.0925,-1.3495100915861258e-05
5.095,-1.3503457978458755e-05
5.0975,-1.3512367587509289e-05
5.1000000000000005,-1.352154279743445e-05
5.1025,-1.3530710219811226e-05
5.105,-1.3539606499080037e-05
5.1075,-1.354797873887037e-05
5.11,-1.3555587287328308e-05
5.1125,-1.3562209261408498e-05
5.115,-1.356764406068578e-05
5.1175,-1.357172024540887e-05
5.12,-1.3574305029351308e-05
5.1225000000000005,-1.3575314113722925e-05
5.125,-1.3574720725273437e-05
5.1275,-1.3572565705999295e-05
5.13,-1.3568964732257882e-05
5.1325,-1.356411229380683e-05
5.135,-1.3558282233816499e-05
5.1375,-1.3551819250778863e-05
5.14,-1.3545127927727663e-05
5.1425,-1.3538649994870866e-05
5.1450000000000005,-1.35328382100397e-05
5.1475,-1.3528124355843829e-05
5.15,-1.3524885474680559e-05
5.1525,-1.3523414708060955e-05
5.155,-1.3523897308687083e-05
5.1575,-1.3526397680152513e-05
5.16,-1.3530860940136336e-05
5.1625000000000005,-1.3537126051232917e-05
5.165,-1.3544951741550904e-05
5.1675,-1.3554050440234278e-05
5.17,-1.3564123690912311e-05
5.1725,-1.3574898133583702e-05
5.175,-1.3586153158939851e-05
5.1775,-1.3597742736237706e-05
5.18,-1.3609603200848142e-05
5.1825,-1.3621758114368276e-05
5.1850000000000005,-1.3634310164434282e-05
5.1875,-1.3647432155039496e-05
5.19,-1.3661352198823806e-05
5.1925,-1.3676338824097911e-05
5.195,-1.3692685143951167e-05
5.1975,-1.371068771049977e-05
5.2,-1.3730626676533575e-05
5.2025,-1.3752734872696237e-05
5.205,-1.3777156738115082e-05
5.2075000000000005,-1.3803893949670965e-05
5.21,-1.3832731013962984e-05
5.2125,-1.3863145341019845e-05
5.215,-1.3894206347231375e-05
5.2175,-1.3924488399652546e-05
5.22,-1.3952035601505486e-05
5.2225,-1.397444162876127e-05
5.2250000000000005,-1.3989119963753183e-05
5.2275,-1.3993833249514864e-05
5.23,-1.3987481992216999e-05
5.2325,-1.3971024003467392e-05
5.235,-1.3948208135161622e-05
5.2375,-1.39256687816669e-05
5.24,-1.3911953743672711e-05
5.2425,-1.3915429974531435e-05
5.245,-1.3941600144562472e-05
5.2475000000000005,-1.399090146492199e-05
5.25,-1.4058072309808267e-05
5.2525,-1.4133510688907336e-05
5.255,-1.4206073757350168e-05
5.2575,-1.4266100549775729e-05
5.26,-1.430749591690983e-05
5.2625,-1.4328350630421482e-05
5.265,-1.4330296494335926e-05
5.2675,-1.4317201220137576e-05
5.2700000000000005,-1.4293808135334984e-05
5.2725,-1.4264707061784065e-05
5.275,-1.4233741694624769e-05
5.2775,-1.4203801924850268e-05
5.28,-1.4176869512994017e-05
5.2825,-1.4154189500459324e-05
5.285,-1.4136481041759907e-05
5.2875000000000005,-1.4124136981763513e-05
5.29,-1.4117384552037038e-05
5.2925,-1.4116410483211439e-05
5.295,-1.4121449737558578e-05
5.2975,-1.4132843261904782e-05
5.3,-1.415107357161105e-05
5.3025,-1.4176773419194433e-05
5.305,-1.4210702346417747e-05
5.3075,-1.4253681769105242e-05
5.3100000000000005,-1.4306462560398359e-05
5.3125,-1.4369501712963029e-05
5.315,-1.4442614570953083e-05
5.3175,-1.4524479780675392e-05
5.32,-1.4612003269576235e-05
5.3225,-1.4699615206836825e-05
5.325,-1.4778693042671875e-05
5.3275,-1.4837450265758889e-05
5.33,-1.4861787406061922e-05
5.3325000000000005,-1.4837586576277317e-05
5.335,-1.4754589443555233e-05
5.3375,-1.4611212378667915e-05
5.34,-1.4418551046446737e-05
5.3425,-1.4201134831637319e-05
5.345,-1.3992590737643695e-05
5.3475,-1.382665814730899e-05
5.3500000000000005,-1.3726904427358022e-05
5.3525,-1.3699852132731394e-05
5.355,-1.3734666993059363e-05
5.3575,-1.3808943577942046e-05
5.36,-1.3897158879672133e-05
5.3625,-1.3977878296600466e-05
5.365,-1.4037497294339119e-05
5.3675,-1.4070515959474506e-05
5.37,-1.4077658306632657e-05
5.3725000000000005,-1.40633219132269e-05
5.375,-1.4033359121867761e-05
5.3775,-1.3993581745808115e-05
5.38,-1.394897765294445e-05
5.3825,-1.390344917240327e-05
5.385,-1.3859857460829517e-05
5.3875,-1.382021179097137e-05
5.39,-1.3785897095885957e-05
5.3925,-1.375788818336332e-05
5.3950000000000005,-1.3736928195839937e-05
5.3975,-1.3723662874554066e-05
5.4,-1.371873824496106e-05
5.4025,-1.3722857175935133e-05
5.405,-1.3736801378172458e-05
5.4075,-1.376141150899457e-05
5.41,-1.379752271191137e-05
5.4125000000000005,-1.3845846325466482e-05
5.415,-1.390679838664255e-05
5.4175,-1.3980272314029207e-05
5.42,-1.406537271009256e-05
5.4225,-1.4160145809682945e-05
5.425,-1.4261351566347003e-05
5.4275,-1.436435169921424e-05
5.43,-1.4463176739809569e-05
5.4325,-1.4550829831705414e-05
5.4350000000000005,-1.461983353578944e-05
5.4375,-1.4662978401247528e-05
5.44,-1.4674157057470438e-05
5.4425,-1.464914507209869e-05
5.445,-1.4586169498898016e-05
5.4475,-1.4486166065807993e-05
5.45,-1.4352683734841776e-05
5.4525,-1.4191487679227066e-05
5.455,-1.4009969532935429e-05
5.4575000000000005,-1.3816500626262496e-05
5.46,-1.361984735126498e-05
5.4625,-1.342874742249478e-05
5.465,-1.3251669230385232e-05
5.4675,-1.3096754798880283e-05
5.47,-1.2971886576451652e-05
5.4725,-1.2884796518619623e-05
5.4750000000000005,-1.2843103235127273e-05
5.4775,-1.2854151748342701e-05
5.48,-1.2924522820867423e-05
5.4825,-1.3059147050853426e-05
5.485,-1.3260092913469634e-05
5.4875,-1.3525375862855071e-05
5.49,-1.3848432729446358e-05
5.4925,-1.4218969653256863e-05
5.495,-1.4625267965584499e-05
5.4975000000000005,-1.5056540320301792e-05
5.5,-1.5502511530485208e-05
5.5025,-1.5948230299045463e-05
5.505,-1.6366473431617123e-05
5.5075,-1.6715037446601855e-05
5.51,-1.6945311386962203e-05
5.5125,-1.7019952622376877e-05
5.515,-1.69288850599969e-05
5.5175,-1.6693436521109106e-05
5.5200000000000005,-1.6357365097974252e-05
5.5225,-1.597169998035497e-05
5.525,-1.5581581067181105e-05
5.5275,-1.5219295988799786e-05
5.53,-1.4903291514656303e-05
5.5325,-1.4640768540630233e-05
5.535,-1.44314579983984e-05
5.5375000000000005,-1.4271086456574267e-05
5.54,-1.4153949081219253e-05
5.5425,-1.4074571112132617e-05
5.545,-1.4028682187472441e-05
5.5475,-1.4013759937370196e-05
5.55,-1.4029361182110733e-05
5.5525,-1.4077374856924507e-05
5.555,-1.416224321815207e-05
5.5575,-1.429109892114866e-05
5.5600000000000005,-1.4473597161668295e-05
5.5625,-1.4720992936645416e-05
5.565,-1.5043655338331519e-05
5.5675,-1.5445870332086997e-05
5.57,-1.5916738590249224e-05
5.5725,-1.6417179324434983e-05
5.575,-1.6866940001136754e-05
5.5775,-1.7143092492233336e-05
5.58,-1.7109474299559224e-05
5.5825000000000005,-1.6691608408336833e-05
5.585,-1.5974680508179517e-05
5.5875,-1.5241269551324876e-05
5.59,-1.485666095391025e-05
5.5925,-1.503406386405004e-05
5.595,-1.5675856246843978e-05
5.5975,-1.6450392251954327e-05
5.6000000000000005,-1.7023831844653614e-05
5.6025,-1.7232819743639993e-05
5.605,-1.709761872348281e-05
5.6075,-1.6736687626917046e-05
5.61,-1.6279511640959754e-05
5.6125,-1.5821526091031046e-05
5.615,-1.541620488865192e-05
5.6175,-1.5084812417853755e-05
5.62,-1.4829464475951681e-05
5.6225000000000005,-1.4643374981915258e-05
5.625,-1.4517212463260876e-05
5.6275,-1.4442438384776324e-05
5.63,-1.4412768564397993e-05
5.6325,-1.4424624652065177e-05
5.635,-1.4477073392527018e-05
5.6375,-1.4571483148984044e-05
5.64,-1.4710937477957486e-05
5.6425,-1.4899356074238312e-05
5.6450000000000005,-1.5140248223133312e-05
5.6475,-1.5435085856552178e-05
5.65,-1.5781428231775863e-05
5.6525,-1.6171120591934596e-05
5.655,-1.6589074959938443e-05
5.6575,-1.7013188909231758e-05
5.66,-1.741580135217191e-05
5.6625000000000005,-1.7766689381915057e-05
5.665,-1.8037106400470293e-05
5.6675,-1.820397793039774e-05
5.67,-1.8253262965117756e-05
5.6725,-1.818174393974914e-05
5.675,-1.7996985661739018e-05
5.6775,-1.7715687192776386e-05
5.68,-1.736099335403196e-05
5.6825,-1.6959427540541583e-05
5.6850000000000005,-1.653802743817323e-05
5.6875,-1.6122069382618065e-05
5.69,-1.5733561468778134e-05
5.6925,-1.5390496002964937e-05
5.695,-1.5106727772717932e-05
5.6975,-1.489226016815337e-05
5.7,-1.4753698167169205e-05
5.7025,-1.4694646040425141e-05
5.705,-1.4715881860638547e-05
5.7075000000000005,-1.4815246942134763e-05
5.71,-1.498732586924234e-05
5.7125,-1.5223167423528139e-05
5.715,-1.5510415863673188e-05
5.7175,-1.583419307848999e-05
5.72,-1.617872283077304e-05
5.7225,-1.6529092420114466e-05
5.7250000000000005,-1.687204422751165e-05
5.7275,-1.719498220609239e-05
5.73,-1.7483758398384452e-05
5.7325,-1.7721387223446072e-05
5.735,-1.7889920087554856e-05
5.7375,-1.797552883431308e-05
5.74,-1.7974085750438462e-05
5.7425,-1.7893759377329843e-05
5.745,-1.775312804852547e-05
5.7475000000000005,-1.7576083052972535e-05
5.75,-1.738618149715876e-05
5.7525,-1.7202591436671355e-05
5.755,-1.7038365257349142e-05
5.7575,-1.6900638655670264e-05
5.76,-1.679189259107261e-05
5.7625,-1.671151343884958e-05
5.765,-1.6657181191703785e-05
5.7675,-1.6625897558242286e-05
5.7700000000000005,-1.661464943936153e-05
5.7725,-1.662077627884173e-05
5.775,-1.664213365870637e-05
5.7775,-1.6677124364150586e-05
5.78,-1.6724650237165406e-05
5.7825,-1.6784013013193544e-05
5.785,-1.685477113255729e-05
5.7875000000000005,-1.6936546074930448e-05
5.79,-1.70287570142591e-05
5.7925,-1.7130260886233373e-05
5.795,-1.7238879394199103e-05
5.7975,-1.735081025344698e-05
5.8,-1.7459993244983707e-05
5.8025,-1.7557591405648054e-05
5.805,-1.7631918439064975e-05
5.8075,-1.766930134294853e-05
5.8100000000000005,-1.7656435460366993e-05
5.8125,-1.7584525295433195e-05
5.815,-1.7454703737485033e-05
5.8175,-1.7282885892200284e-05
5.82,-1.7100984621265525e-05
5.8225,-1.6951590879443756e-05
5.825,-1.6875874678135006e-05
5.8275,-1.689887349698438e-05
5.83,-1.7019424348063694e-05
5.8325000000000005,-1.7210468257644607e-05
5.835,-1.7429623909492875e-05
5.8375,-1.763413112598755e-05
5.84,-1.7792855487641646e-05
5.8425,-1.7891246528733973e-05
5.845,-1.7929679273720467e-05
5.8475,-1.7918237716685326e-05
5.8500000000000005,-1.7871101675837053e-05
5.8525,-1.7802371701236552e-05
5.855,-1.772378695363841e-05
5.8575,-1.7643971204961417e-05
5.86,-1.7568606779150286e-05
5.8625,-1.7501019073051793e-05
5.865,-1.7442840771764168e-05
5.8675,-1.7394592674691012e-05
5.87,-1.7356118746647553e-05
5.8725000000000005,-1.732688207312094e-05
5.875,-1.7306143860196244e-05
5.8775,-1.7293056515654825e-05
5.88,-1.728669585077114e-05
5.8825,-1.7286064178279048e-05
5.885,-1.7290080592147206e-05
5.8875,-1.7297586367703843e-05
5.89,-1.7307387338405533e-05
5.8925,-1.7318341974714713e-05
5.8950000000000005,-1.7329506533769745e-05
5.8975,-1.7340308062330223e-05
5.9,-1.735069747610396e-05
5.9025,-1.736120941586705e-05
5.905,-1.7372851942809575e-05
5.9075,-1.7386799925134255e-05
5.91,-1.7403942450755494e-05
5.9125000000000005,-1.7424423447209847e-05
5.915,-1.744735445186052e-05
5.9175,-1.747083899772406e-05
5.92,-1.7492325667944897e-05
5.9225,-1.750917161302823e-05
5.925,-1.751922260950778e-05
5.9275,-1.752121889353475e-05
5.93,-1.75149448295997e-05
5.9325,-1.7501120765928135e-05
5.9350000000000005,-1.748113842836574e-05
5.9375,-1.7456736344456658e-05
5.94,-1.74297104820198e-05
5.9425,-1.7401707395947597e-05
5.945,-1.7374104828604686e-05
5.9475,-1.734797302788138e-05
5.95,-1.732408887278325e-05
5.9525,-1.7302979102851168e-05
5.955,-1.728497281305863e-05
5.9575000000000005,-1.7270250793899322e-05
5.96,-1.7258882934356734e-05
5.9625,-1.725084956660794e-05
5.965,-1.7246042148144625e-05
5.9675,-1.724424603821717e-05
5.97,-1.7245100707441452e-05
5.9725,-1.7248041160655703e-05
5.9750000000000005,-1.725222281834249e-05
5.9775,-1.7256442362167945e-05
5.98,-1.7259073842978978e-05
5.9825,-1.725805327623675e-05
5.985,-1.7250966436677118e-05
5.9875,-1.7235287515404707e-05
5.99,-1.7208825624948076e-05
5.9925,-1.717037147841438e-05
5.995,-1.7120457329156125e-05
5.9975000000000005,-1.7062012318547204e-05
6.0,-1.7000590787574765e-05
6.0025,-1.694386693884553e-05
6.005,-1.6900261215369028e-05
6.0075,-1.6876958653710972e-05
6.01,-1.687793624682854e-05
6.0125,-1.6902769630178227e-05
6.015000000000001,-1.6946728834454916e-05
6.0175,-1.7002127151499735e-05
6.0200000000000005,-1.7060348568520567e-05
6.0225,-1.711379013613623e-05
6.025,-1.7157121021682542e-05
6.0275,-1.7187674473007064e-05
6.03,-1.720512855740708e-05
6.0325,-1.7210809801326832e-05
6.035,-1.720693086326719e-05
6.0375000000000005,-1.7195964488792015e-05
6.04,-1.718022792829288e-05
6.0425,-1.71616663635632e-05
6.045,-1.7141784809382443e-05
6.0475,-1.712167264145137e-05
6.05,-1.710206859684149e-05
6.0525,-1.708344262851824e-05
6.055,-1.706606977336378e-05
6.0575,-1.705009341890218e-05
6.0600000000000005,-1.7035573165458118e-05
6.0625,-1.7022519898546307e-05
6.065,-1.701092091366263e-05
6.0675,-1.700075571875459e-05
6.07,-1.6992007914495844e-05
6.0725,-1.698467156074912e-05
6.075,-1.6978757315655457e-05
6.077500000000001,-1.6974295192540012e-05
6.08,-1.6971338226312582e-05
6.0825000000000005,-1.696996662303718e-05
6.085,-1.6970290118933917e-05
6.0875,-1.6972452783647896e-05
6.09,-1.6976637397192462e-05
6.0925,-1.698306792263793e-05
6.095,-1.6992011239835847e-05
6.0975,-1.7003772228463276e-05
6.1000000000000005,-1.7018683223568587e-05
6.1025,-1.7037072325365443e-05
6.105,-1.7059210108527623e-05
6.1075,-1.7085211794665156e-05
6.11,-1.7114882354007932e-05
6.1125,-1.7147482651580503e-05
6.115,-1.718140796924672e-05
6.1175,-1.7213791949188817e-05
6.12,-1.7240114402738982e-05
6.1225000000000005,-1.7253994371912995e-05
6.125,-1.7247489836336172e-05
6.1275,-1.721237262586328e-05
6.13,-1.7142796139069105e-05
6.1325,-1.703935876662399e-05
6.135,-1.691354589183902e-05
6.1375,-1.679016665434574e-05
6.140000000000001,-1.6704689016933116e-05
6.1425,-1.669378707447322e-05
6.1450000000000005,-1.678141100569519e-05
6.1475,-1.6967039272230977e-05
6.15,-1.7223340933014697e-05
6.1525,-1.7505412557738964e-05
6.155,-1.7766599029300778e-05
6.1575,-1.7972509880337384e-05
6.16,-1.8107442400605578e-05
6.1625000000000005,-1.8172851838471615e-05
6.165,-1.818127296360217e-05
6.1675,-1.814963249557877e-05
6.17,-1.8094326748041567e-05
6.1725,-1.8028648440804318e-05
6.175,-1.796207592974497e-05
6.1775,-1.7900645815416283e-05
6.18,-1.7847752445732112e-05
6.1825,-1.7804984821623293e-05
6.1850000000000005,-1.7772819944639195e-05
6.1875,-1.7751118463138482e-05
6.19,-1.773944535443661e-05
6.1925,-1.7737250516347558e-05
6.195,-1.774394573317295e-05
6.1975,-1.7758907887355235e-05
6.2,-1.7781430273089427e-05
6.202500000000001,-1.7810635057458057e-05
6.205,-1.7845359678858586e-05
6.2075000000000005,-1.7884030796722072e-05
6.21,-1.7924544863490155e-05
6.2125,-1.7964184365837355e-05
6.215,-1.799960566017944e-05
6.2175,-1.802694927732773e-05
6.22,-1.8042110070837225e-05
6.2225,-1.804119668236126e-05
6.2250000000000005,-1.802116221938377e-05
6.2275,-1.7980524887661886e-05
6.23,-1.792003084233329e-05
6.2325,-1.7843062295241907e-05
6.235,-1.775559493921719e-05
6.2375,-1.7665603451177958e-05
6.24,-1.7581963390966848e-05
6.2425,-1.7513066723040538e-05
6.245,-1.7465500121716104e-05
6.2475000000000005,-1.7443117229731797e-05
6.25,-1.7446725991021594e-05
6.2525,-1.747441555721707e-05
6.255,-1.752235371554889e-05
6.2575,-1.7585797621677557e-05
6.26,-1.766004922387765e-05
6.2625,-1.7741172115393056e-05
6.265000000000001,-1.782639779435158e-05
6.2675,-1.7914234376803506e-05
6.2700000000000005,-1.800435495624697e-05
6.2725,-1.8097353205348554e-05
6.275,-1.819443596673409e-05
6.2775,-1.829709921707945e-05
6.28,-1.8406796186809515e-05
6.2825,-1.8524580099210652e-05
6.285,-1.8650691231414385e-05
6.2875000000000005,-1.878405146271689e-05
6.29,-1.892164274863717e-05
6.2925,-1.905779893718318e-05
6.295,-1.9183524017307718e-05
6.2975,-1.9286088701164772e-05
6.3,-1.9349327288864515e-05
6.3025,-1.9355185969516242e-05
6.305,-1.9286998764300733e-05
6.3075,-1.913450856250165e-05
6.3100000000000005,-1.889966105750318e-05
6.3125,-1.8600971685600598e-05
6.315,-1.8273537961022157e-05
6.3175,-1.7962670824545057e-05
6.32,-1.7712016358473193e-05
6.3225,-1.7550556663081807e-05
6.325,-1.748445751559302e-05
6.327500000000001,-1.749754326851871e-05
6.33,-1.755953465476523e-05
6.3325000000000005,-1.763736057114329e-05
6.335,-1.7704396867657124e-05
6.3375,-1.7744873957781238e-05
6.34,-1.7753665218833703e-05
6.3425,-1.7733381042717156e-05
6.345,-1.7690817458060337e-05
6.3475,-1.7634049896742e-05
6.3500000000000005,-1.757062091201078e-05
6.3525,-1.750672001321618e-05
6.355,-1.744704761108551e-05
6.3575,-1.7395056516988916e-05
6.36,-1.735335254693382e-05
6.3625,-1.732412823685081e-05
6.365,-1.7309576918478342e-05
6.3675,-1.7312263167923447e-05
6.37,-1.7335448859512326e-05
6.3725000000000005,-1.7383347966415386e-05
6.375,-1.746126108059798e-05
6.3775,-1.7575464340779945e-05
6.38,-1.7732648473156587e-05
6.3825,-1.7938578110943126e-05
6.385,-1.8195583010083283e-05
6.3875,-1.849854837132625e-05
6.390000000000001,-1.8829568773526262e-05
6.3925,-1.9152600543748122e-05
6.3950000000000005,-1.9411433015648072e-05
6.3975,-1.9536279722842664e-05
6.4,-1.9463811213427107e-05
6.4025,-1.916899114462467e-05
6.405,-1.8694322449164247e-05
6.4075,-1.8152129626969327e-05
6.41,-1.7684596258504826e-05
6.4125000000000005,-1.73979777855493e-05
6.415,-1.7314950667923767e-05
6.4175,-1.7378293193814898e-05
6.42,-1.7496797084959326e-05
6.4225,-1.7594979908608366e-05
6.425,-1.763709320812268e-05
6.4275,-1.7623412730927157e-05
6.43,-1.7573593538600107e-05
6.4325,-1.7511102811340606e-05
6.4350000000000005,-1.745449182521952e-05
6.4375,-1.741490780204913e-05
6.44,-1.739707312253813e-05
6.4425,-1.7401365170144345e-05
6.445,-1.742571311069696e-05
6.4475,-1.7466877153538007e-05
6.45,-1.7521113790053278e-05
6.452500000000001,-1.7584383101620915e-05
6.455,-1.765226713246193e-05
6.4575000000000005,-1.7719727907206106e-05
6.46,-1.7780821480073428e-05
6.4625,-1.7828477098191797e-05
6.465,-1.78544777895695e-05
6.4675,-1.7849813474413168e-05
6.47,-1.7805590886155187e-05
6.4725,-1.7714636499022163e-05
6.4750000000000005,-1.757374852218163e-05
6.4775,-1.7386258519991316e-05
6.48,-1.7164154627380412e-05
6.4825,-1.6928747299971292e-05
6.485,-1.670894022254288e-05
6.4875,-1.653684930147392e-05
6.49,-1.644161551439538e-05
6.4925,-1.644328304450937e-05
6.495,-1.654887833524299e-05
6.4975000000000005,-1.675200405770738e-05
6.5,-1.7035778967056103e-05
6.5025,-1.7377640034510478e-05
6.505,-1.7754043454942803e-05
6.5075,-1.8143554257221695e-05
6.51,-1.8527723540273655e-05
6.5125,-1.8890021209472252e-05
6.515000000000001,-1.9213645003901547e-05
6.5175,-1.947930181245283e-05
6.5200000000000005,-1.9664172413058623e-05
6.5225,-1.9743272105188225e-05
6.525,-1.9694057669994436e-05
6.5275,-1.9504095092770513e-05
6.53,-1.9179742793085097e-05
6.5325,-1.8751818004147935e-05
6.535,-1.8273711617666777e-05
6.5375000000000005,-1.781001319045572e-05
6.54,-1.7418956559822618e-05
6.5425,-1.7136487571178805e-05
6.545,-1.6969486040352422e-05
6.5475,-1.6900318854595753e-05
6.55,-1.6898565746714667e-05
6.5525,-1.6933156729237453e-05
6.555,-1.698012533779547e-05
6.5575,-1.7024966524559204e-05
6.5600000000000005,-1.706126798239893e-05
6.5625,-1.7087908958046683e-05
6.565,-1.710643269348111e-05
6.5675,-1.7119254238195936e-05
6.57,-1.712871463155352e-05
6.5725,-1.7136727677780073e-05
6.575,-1.71447584307316e-05
6.577500000000001,-1.7153928780544447e-05
6.58,-1.7165155071552363e-05
6.5825000000000005,-1.7179259202748653e-05
6.585,-1.7197053665540807e-05
6.5875,-1.7219391992284727e-05
6.59,-1.724720345919195e-05
6.5925,-1.7281512015188127e-05
6.595,-1.732344625793303e-05
6.5975,-1.737423744430089e-05
6.6000000000000005,-1.7435203005788935e-05
6.6025,-1.750769959585341e-05
6.605,-1.759303310677751e-05
6.6075,-1.7692292999527126e-05
6.61,-1.7806081956450726e-05
6.6125,-1.7934108370809554e-05
6.615,-1.807460242275738e-05
6.6175,-1.822357344849479e-05
6.62,-1.837395799952901e-05
6.6225000000000005,-1.8514857487161862e-05
6.625,-1.8631189647067004e-05
6.6275,-1.8704261236734965e-05
6.63,-1.8713795924441e-05
6.6325,-1.8641725631596273e-05
6.635,-1.847738661808762e-05
6.6375,-1.8222756210661828e-05
6.640000000000001,-1.789549042996441e-05
6.6425,-1.752758296902357e-05
6.6450000000000005,-1.7158975680331423e-05
6.6475,-1.6827964657295524e-05
6.65,-1.6562173215106668e-05
6.6525,-1.637369328477689e-05
6.655,-1.6259735957646626e-05
6.6575,-1.620739175223207e-05
6.66,-1.6199670625383078e-05
6.6625000000000005,-1.6220395337995797e-05
6.665,-1.6256879320053486e-05
6.6675,-1.630058721957539e-05
6.67,-1.634656084092967e-05
6.6725,-1.639238166717405e-05
6.675,-1.643717362753705e-05
6.6775,-1.6480850121070034e-05
6.68,-1.6523637697218874e-05
6.6825,-1.6565810568636152e-05
6.6850000000000005,-1.6607573087412675e-05
6.6875,-1.6649014270342377e-05
6.69,-1.669011018634592e-05
6.6925,-1.6730733705117018e-05
6.695,-1.677067101013563e-05
6.6975,-1.680963430317206e-05
6.7,-1.6847269222353134e-05
6.702500000000001,-1.6883161862324414e-05
6.705,-1.691684164484286e-05
6.7075000000000005,-1.694778492833393e-05
6.71,-1.6975424330212263e-05
6.7125,-1.6999159100805628e-05
6.715,-1.7018376496480414e-05
6.7175,-1.7032481991918758e-05
6.72,-1.704094154320046e-05
6.7225,-1.704333718066664e-05
6.7250000000000005,-1.7039433487298083e-05
6.7275,-1.7029250699351905e-05
6.73,-1.7013139142818545e-05
6.7325,-1.6991840823266102e-05
6.735,-1.696652722671388e-05
6.7375,-1.6938795710075283e-05
6.74,-1.6910613254594864e-05
6.7425,-1.6884204597999997e-05
6.745,-1.6861880766327886e-05
6.7475000000000005,-1.6845835972389978e-05
6.75,-1.6837928654922507e-05
6.7525,-1.6839488210962372e-05
6.755,-1.6851176525278788e-05
6.7575,-1.687292598262502e-05
6.76,-1.690396757680901e-05
6.7625,-1.6942933740438093e-05
6.765000000000001,-1.6988020377084467e-05
6.7675,-1.7037173421385887e-05
6.7700000000000005,-1.7088272699083973e-05
6.7725,-1.713928958224642e-05
6.775,-1.7188407326784727e-05
6.7775,-1.7234100511132056e-05
6.78,-1.727517832250669e-05
6.7825,-1.7310806271098045e-05
6.785,-1.7340513153385473e-05
6.7875000000000005,-1.736419392273092e-05
6.79,-1.7382113412622857e-05
6.7925,-1.7394904404000044e-05
6.795,-1.7403557819761772e-05
6.7975,-1.7409385691280477e-05
6.8,-1.7413950871514317e-05
6.8025,-1.7418947322767053e-05
6.805,-1.7426036265533185e-05
6.8075,-1.7436647453905607e-05
6.8100000000000005,-1.74517808204655e-05
6.8125,-1.7471841658789344e-05
6.815,-1.7496556608875835e-05
6.8175,-1.7524992983908305e-05
6.82,-1.7555689282744424e-05
6.8225,-1.7586876651876082e-05
6.825,-1.7616736585068793e-05
6.827500000000001,-1.764365174494742e-05
6.83,-1.766639468314679e-05
6.8325000000000005,-1.768422885106702e-05
6.835,-1.7696919513809917e-05
6.8375,-1.7704671734009025e-05
6.84,-1.7708022028273263e-05
6.8425,-1.770771285691808e-05
6.845,-1.7704577970789614e-05
6.8475,-1.7699448676467e-05
6.8500000000000005,-1.7693090057946392e-05
6.8525,-1.768616687058966e-05
6.855,-1.7679228278666415e-05
6.8575,-1.7672713994443257e-05
6.86,-1.7666966328988565e-05
6.8625,-1.76622476715238e-05
6.865,-1.7658757087701815e-05
6.8675,-1.7656645411534555e-05
6.87,-1.7656022350820422e-05
6.8725000000000005,-1.7656959215628376e-05
6.875,-1.7659481471810068e-05
6.8775,-1.7663553165903068e-05
6.88,-1.766904938449443e-05
6.8825,-1.767572115340954e-05
6.885,-1.768314658079362e-05
6.8875,-1.769067858958806e-05
6.890000000000001,-1.7697396060611936e-05
6.8925,-1.77020658895799e-05
6.8950000000000005,-1.7703144408187654e-05
6.8975,-1.7698835733881424e-05
6.9,-1.768723706163655e-05
6.9025,-1.7666585733877582e-05
6.905,-1.7635607264310238e-05
6.9075,-1.7593917050362506e-05
6.91,-1.7542395568170832e-05
6.9125000000000005,-1.7483408328189398e-05
6.915,-1.7420742580043225e-05
6.9175,-1.7359187268084497e-05
6.92,-1.7303779770827532e-05
6.9225,-1.7258875999459633e-05
6.925,-1.7227296012833904e-05
6.9275,-1.720979142305623e-05
6.93,-1.72049932984919e-05
6.9325,-1.7209828598652166e-05
6.9350000000000005,-1.72202490489326e-05
6.9375,-1.723204303516468e-05
6.94,-1.7241515735122448e-05
6.9425,-1.724592067375852e-05
6.945,-1.724361126775875e-05
6.9475,-1.7233971874475174e-05
6.95,-1.7217211222941842e-05
6.952500000000001,-1.7194105396356463e-05
6.955,-1.716575454224767e-05
6.9575000000000005,-1.7133380964651224e-05
6.96,-1.7098192955700142e-05
6.9625,-1.706129540934853e-05
6.965,-1.7023648126723856e-05
6.9675,-1.6986054390599747e-05
6.97,-1.694916574024319e-05
6.9725,-1.6913500758164446e-05
6.9750000000000005,-1.6879465249530767e-05
6.9775,-1.6847372052097853e-05
6.98,-1.6817461954587998e-05
6.9825,-1.6789917367532325e-05
6.985,-1.676487588042619e-05
6.9875,-1.674243870297687e-05
6.99,-1.672267850949538e-05
6.9925,-1.6705641542102967e-05
6.995,-1.6691351760300677e-05
6.9975000000000005,-1.6679810443065435e-05
7.0,-1.6670995478307304e-05
7.0025,-1.666486082285701e-05
7.005,-1.666133388766866e-05
7.0075,-1.666031360514353e-05
7.01,-1.666166727432028e-05
7.0125,-1.666522902610268e-05
7.015000000000001,-1.6670796270545907e-05
7.0175,-1.6678129412639464e-05
7.0200000000000005,-1.6686948498545462e-05
7.0225,-1.6696934295623578e-05
7.025,-1.6707727411358064e-05
7.0275,-1.671892923127416e-05
7.03,-1.6730104619000485e-05
7.0325,-1.6740783934210413e-05
7.035,-1.6750468631698823e-05
7.0375000000000005,-1.675863509831288e-05
7.04,-1.6764741985753062e-05
7.0425,-1.6768238566555738e-05
7.045,-1.6768572976388896e-05
7.0475,-1.6765204435387204e-05
7.05,-1.6757615441065354e-05
7.0525,-1.6745327116041153e-05
7.055,-1.6727921064330076e-05
7.0575,-1.670506304662922e-05
7.0600000000000005,-1.6676534272619392e-05
7.0625,-1.6642275994627198e-05
7.065,-1.6602443110969034e-05
7.0675,-1.655747371387406e-05
7.07,-1.6508179385255062e-05
7.0725,-1.6455849646490606e-05
7.075,-1.6402370334844818e-05
7.077500000000001,-1.635034553260084e-05
7.08,-1.6303195735645204e-05
7.0825000000000005,-1.626520406716736e-05
7.085,-1.6241455227827828e-05
7.0875,-1.623761644964361e-05
7.09,-1.6259507987115285e-05
7.0925,-1.6312437168153338e-05
7.095,-1.640033241301353e-05
7.0975,-1.6524783660543108e-05
7.1000000000000005,-1.6684183975712585e-05
7.1025,-1.6873210654466675e-05
7.105,-1.7082873256413222e-05
7.1075,-1.7301236880484794e-05
7.11,-1.751475915057199e-05
7.1125,-1.770999563177611e-05
7.115,-1.7875300557079754e-05
7.1175,-1.8002159237084925e-05
7.12,-1.8085903462861097e-05
7.1225000000000005,-1.8125740695040804e-05
7.125,-1.8124213823966784e-05
7.1275,-1.8086299377273463e-05
7.13,-1.8018399401853458e-05
7.1325,-1.7927412471863136e-05
7.135,-1.782001129413402e-05
7.1375,-1.770216815089043e-05
7.140000000000001,-1.7578909762505646e-05
7.1425,-1.7454253026016886e-05
7.1450000000000005,-1.7331271777720758e-05
7.1475,-1.7212231313123993e-05
7.15,-1.709875991195986e-05
7.1525,-1.699202562122082e-05
7.155,-1.689290567696844e-05
7.1575,-1.680214060684193e-05
7.16,-1.672047412171196e-05
7.1625000000000005,-1.6648775414296324e-05
7.165,-1.6588150401730672e-05
7.1675,-1.6540037108825345e-05
7.17,-1.650627731919485e-05
7.1725,-1.648915733198919e-05
7.175,-1.649139520054632e-05
7.1775,-1.65160498397654e-05
7.18,-1.6566340235613097e-05
7.1825,-1.6645360489064842e-05
7.1850000000000005,-1.6755731365947213e-05
7.1875,-1.689926219228255e-05
7.19,-1.7076749799116442e-05
7.1925,-1.7288008734794857e-05
7.195,-1.7532096620698212e-05
7.1975,-1.780744088364372e-05
7.2,-1.8111336686388313e-05
7.202500000000001,-1.8438420539723666e-05
7.205,-1.877839346775545e-05
7.2075000000000005,-1.9114301636591335e-05
7.21,-1.9423140486196644e-05
7.2125,-1.9679694986507457e-05
7.215,-1.9862569729411916e-05
7.2175,-1.9959771265121162e-05
7.22,-1.997131181497025e-05
7.2225,-1.9907999046608893e-05
7.2250000000000005,-1.978747903308431e-05
7.2275,-1.9629515065844316e-05
7.23,-1.9452158511512607e-05
7.2325,-1.92695560770062e-05
7.235,-1.909132691935156e-05
7.2375,-1.8923008127558205e-05
7.24,-1.8767029871469276e-05
7.2425,-1.862380838701938e-05
7.245,-1.8492725160967893e-05
7.2475000000000005,-1.837290025719085e-05
7.25,-1.8263730254375332e-05
7.2525,-1.816521179875963e-05
7.255,-1.807805932685369e-05
7.2575,-1.8003639098651547e-05
7.26,-1.794373690700013e-05
7.2625,-1.7900198969300618e-05
7.265000000000001,-1.7874508529303057e-05
7.2675,-1.786737496445312e-05
7.2700000000000005,-1.787843336842343e-05
7.2725,-1.7906122138811043e-05
7.275,-1.7947784016314472e-05
7.2775,-1.79999714191581e-05
7.28,-1.8058892919725622e-05
7.2825,-1.81209128129467e-05
7.285,-1.8182999156124424e-05
7.2875000000000005,-1.8243050845967446e-05
7.29,-1.8300054932751664e-05
7.2925,-1.8354059989178495e-05
7.295,-1.840596661395466e-05
7.2975,-1.845714160708667e-05
7.3,-1.8508851582055286e-05
7.3025,-1.8561519055992903e-05
7.305,-1.8613832594382984e-05
7.3075,-1.866182722665144e-05
7.3100000000000005,-1.869821781497194e-05
7.3125,-1.8712487474203954e-05
7.315,-1.8692402022679744e-05
7.3175,-1.862754024273272e-05
7.32,-1.8514765685040402e-05
7.3225,-1.8364173257623406e-05
7.325,-1.8202392340072038e-05
7.327500000000001,-1.8069554982957925e-05
7.33,-1.8008427360882706e-05
7.3325000000000005,-1.8049272028974883e-05
7.335,-1.819875760133982e-05
7.3375,-1.8440509393258253e-05
7.34,-1.874689334613322e-05
7.3425,-1.909211525230603e-05
7.345,-1.945554038229602e-05
7.3475,-1.9814264959450156e-05
7.3500000000000005,-2.013568629877227e-05
7.3525,-2.0381080190645662e-05
7.355,-2.051957875437438e-05
7.3575,-2.0541584888178477e-05
7.36,-2.0461921963033092e-05
7.3625,-2.0312189832338845e-05
7.365,-2.01287379866244e-05
7.3675,-1.9942867339750592e-05
7.37,-1.977611628944942e-05
7.3725000000000005,-1.9640015693767054e-05
7.375,-1.9538293997811707e-05
7.3775,-1.9469725629051027e-05
7.38,-1.9430588139357496e-05
7.3825,-1.9416380297343494e-05
7.385,-1.9422830064286245e-05
7.3875,-1.9446382083287972e-05
7.390000000000001,-1.9484340327835525e-05
7.3925,-1.9534820040689738e-05
7.3950000000000005,-1.9596580386860296e-05
7.3975,-1.9668788382887215e-05
7.4,-1.975070665594103e-05
7.4025,-1.9841287695498977e-05
7.405,-1.9938646317996245e-05
7.4075,-2.0039395423054884e-05
7.41,-2.013788440535791e-05
7.4125000000000005,-2.0225510155569282e-05
7.415,-2.0290477607431967e-05
7.4175,-2.0318670436836328e-05
7.42,-2.029651759016815e-05
7.4225,-2.0216580253418215e-05
7.425,-2.0085556940330207e-05
7.4275,-1.9932223779051128e-05
7.43,-1.981014870011677e-05
7.4325,-1.97891730806532e-05
7.4350000000000005,-1.993360990582005e-05
7.4375,-2.027403564852648e-05
7.44,-2.0787611163086694e-05
7.4425,-2.1400405159965885e-05
7.445,-2.2012424381046003e-05
7.4475,-2.2531643168122173e-05
7.45,-2.289944310973624e-05
7.452500000000001,-2.3098183504544068e-05
7.455,-2.3143303053529962e-05
7.4575000000000005,-2.3068571579187847e-05
7.46,-2.2912348953241235e-05
7.4625,-2.2708652892333703e-05
7.465,-2.248325424147879e-05
7.4675,-2.2253284981843535e-05
7.47,-2.2028646270655372e-05
7.4725,-2.1813982954199673e-05
7.4750000000000005,-2.161055581950677e-05
7.4775,-2.141775553354819e-05
7.48,-2.1234224817590075e-05
7.4825,-2.105864550117076e-05
7.485,-2.0890263186856828e-05
7.4875,-2.072920628393149e-05
7.49,-2.057664212884447e-05
7.4925,-2.0434789888668092e-05
7.495,-2.0306823870441804e-05
7.4975000000000005,-2.019667920194479e-05
7.5,-2.0108792000428366e-05
7.5025,-2.00477775536001e-05
7.505,-2.0018043386471618e-05
7.5075,-2.0023303164862227e-05
7.51,-2.0065965571802735e-05
7.5125,-2.0146401027432148e-05
7.515000000000001,-2.0262191384290418e-05
7.5175,-2.0407578944059424e-05
7.5200000000000005,-2.0573399382328716e-05
7.5225,-2.074775031246645e-05
7.525,-2.091741711751638e-05
7.5275,-2.1069803494810913e-05
7.53,-2.1194862767970335e-05
7.5325,-2.1286494103378573e-05
7.535,-2.1343059302125766e-05
7.5375000000000005,-2.136699376364959e-05
7.54,-2.1363758094139484e-05
7.5425,-2.134051686653038e-05
7.545,-2.1304896478113733e-05
7.5475,-2.1264038849722056e-05
7.55,-2.1224024123966956e-05
7.5525,-2.1189620412087606e-05
7.555,-2.1164259266015506e-05
7.5575,-2.115012293302243e-05
7.5600000000000005,-2.1148247611790794e-05
7.5625,-2.11585706324513e-05
7.565,-2.117987915539743e-05
7.5675,-2.120965174867706e-05
7.57,-2.1243821805683183e-05
7.5725,-2.1276546902981863e-05
7.575,-2.130013629653149e-05
7.577500000000001,-2.130535969513403e-05
7.58,-2.128239017906708e-05
7.5825000000000005,-2.1222559269062913e-05
7.585,-2.11208382836503e-05
7.5875,-2.097850580184968e-05
7.59,-2.080497191059294e-05
7.5925,-2.0617542389800292e-05
7.595,-2.043840558485499e-05
7.5975,-2.028934275699612e-05
7.6000000000000005,-2.0185999375144092e-05
7.6025,-2.013408860079835e-05
7.605,-2.0129037579863507e-05
7.6075,-2.015887886841483e-05
7.61,-2.020873205310636e-05
7.6125,-2.026490230377931e-05
7.615,-2.0317355762244915e-05
7.6175,-2.036037616903741e-05
7.62,-2.0391940950048593e-05
7.6225000000000005,-2.0412542880876572e-05
7.625,-2.0424017321829524e-05
7.6275,-2.0428654806892155e-05
7.63,-2.042865710905062e-05
7.6325,-2.0425872321538918e-05
7.635,-2.0421723007757464e-05
7.6375,-2.0417232036606947e-05
7.640000000000001,-2.041309485889542e-05
7.6425,-2.040975959971547e-05
7.6450000000000005,-2.040749834009148e-05
7.6475,-2.0406467115208216e-05
7.65,-2.0406746614298754e-05
7.6525,-2.0408374808766894e-05
7.655,-2.041136792740872e-05
7.6575,-2.041573347355552e-05
7.66,-2.042148122427534e-05
7.6625000000000005,-2.0428630705282558e-05
7.665,-2.0437214317325925e-05
7.6675,-2.0447283617386347e-05
7.67,-2.0458912331378087e-05
7.6725,-2.047220345957612e-05
7.675,-2.048729263037785e-05
7.6775,-2.050435679734619e-05
7.68,-2.052361944038239e-05
7.6825,-2.0545359632251348e-05
7.6850000000000005,-2.056991738186298e-05
7.6875,-2.0597692724777517e-05
7.69,-2.062914080624978e-05
7.6925,-2.066474445427957e-05
7.695,-2.070495989414667e-05
7.6975,-2.075011650504166e-05
7.7,-2.080024498241073e-05
7.702500000000001,-2.0854808269632485e-05
7.705,-2.0912321133437217e-05
7.7075000000000005,-2.0969848748109143e-05
7.71,-2.1022460742869953e-05
7.7125,-2.1062793138071356e-05
7.715,-2.108106059495185e-05
7.7175,-2.1065980575940557e-05
7.72,-2.100712922015191e-05
7.7225,-2.0898886106124337e-05
7.7250000000000005,-2.0745251305243073e-05
7.7275,-2.0563537162843204e-05
7.73,-2.038406660176406e-05
7.7325,-2.0243822433485548e-05
7.735,-2.0175070090999725e-05
7.7375,-2.0193749264763028e-05
7.74,-2.0293763839163148e-05
7.742500000000001,-2.04502873657475e-05
7.745,-2.0629866696708632e-05
7.7475000000000005,-2.080164279050223e-05
7.75,-2.094470971769624e-05
7.7525,-2.1049976936637904e-05
7.755,-2.111793332915113e-05
7.7575,-2.115477937536525e-05
7.76,-2.1168860854459126e-05
7.7625,-2.116826831866092e-05
7.765000000000001,-2.1159637640266737e-05
7.7675,-2.1147819779798738e-05
7.7700000000000005,-2.113603417797094e-05
7.7725,-2.112621126570957e-05
7.775,-2.111936231585787e-05
7.7775,-2.1115891797762742e-05
7.78,-2.1115833675366957e-05
7.7825,-2.111901605417188e-05
7.785,-2.112516690999655e-05
7.7875000000000005,-2.1133978265197584e-05
7.79,-2.11451421705533e-05
7.7925,-2.115836610983024e-05
7.795,-2.117337893992044e-05
7.7975,-2.1189927934983643e-05
7.8,-2.1207771965237043e-05
7.8025,-2.1226672856755613e-05
7.805000000000001,-2.1246384420692266e-05
7.8075,-2.126664182355853e-05
7.8100000000000005,-2.128715095750522e-05
7.8125,-2.1307578379037295e-05
7.815,-2.1327542469862237e-05
7.8175,-2.1346610111550035e-05
7.82,-2.1364293019132674e-05
7.8225,-2.138005552865252e-05
7.825,-2.1393325795315832e-05
7.827500000000001,-2.1403520378271423e-05
7.83,-2.141007868772249e-05
7.8325000000000005,-2.14125096817952e-05
7.835,-2.1410450500525258e-05
7.8375,-2.140373013048702e-05
7.84,-2.1392433438904845e-05
7.8425,-2.1376955118057595e-05
7.845,-2.13580294428084e-05
7.8475,-2.133672410309373e-05
7.8500000000000005,-2.1314391489113405e-05
7.8525,-2.129257126171069e-05
7.855,-2.1272861289389766e-05
7.8575,-2.125676553532685e-05
7.86,-2.124555291516117e-05
7.8625,-2.124014599758084e-05
7.865,-2.124106165979356e-05
7.867500000000001,-2.124840713690901e-05
7.87,-2.126192302398522e-05
7.8725000000000005,-2.1281052454469318e-05
7.875,-2.1305013689243424e-05
7.8775,-2.1332851758870675e-05
7.88,-2.1363453726053194e-05
7.8825,-2.139552643143361e-05
7.885,-2.1427540303875503e-05
7.8875,-2.145766384842318e-05
7.890000000000001,-2.1483712060899052e-05
7.8925,-2.1503156148128255e-05
7.8950000000000005,-2.151323238308578e-05
7.8975,-2.151119795712475e-05
7.9,-2.149475403712131e-05
7.9025,-2.146261718394271e-05
7.905,-2.1415152161807782e-05
7.9075,-2.1354902116854646e-05
7.91,-2.1286788467023143e-05
7.9125000000000005,-2.1217769841541667e-05
7.915,-2.1155864885713527e-05
7.9175,-2.1108654237878e-05
7.92,-2.1081633178710035e-05
7.9225,-2.107691111064014e-05
7.925,-2.1092705935643608e-05
7.9275,-2.1123809943901506e-05
7.930000000000001,-2.116285290298947e-05
7.9325,-2.1201924880642764e-05
7.9350000000000005,-2.1234063495967348e-05
7.9375,-2.125424359178396e-05
7.94,-2.1259751605384736e-05
7.9425,-2.1250030016517485e-05
7.945,-2.1226190227707775e-05
7.9475,-2.119041309356362e-05
7.95,-2.1145390263654917e-05
7.952500000000001,-2.1093896691581904e-05
7.955,-2.103851264223522e-05
7.9575000000000005,-2.098148459594995e-05
7.96,-2.0924683354905937e-05
7.9625,-2.086963272063258e-05
7.965,-2.0817571879661045e-05
7.9675,-2.0769537911746738e-05
7.97,-2.0726449150743065e-05
7.9725,-2.0689187437028522e-05
7.9750000000000005,-2.0658671530782158e-05
7.9775,-2.0635924641965175e-05
7.98,-2.06221285736774e-05
7.9825,-2.0618664024141253e-05
7.985,-2.0627125678629454e-05
7.9875,-2.0649302740594067e-05
7.99,-2.0687102932015478e-05
7.992500000000001,-2.074239930038857e-05
7.995,-2.0816768000031516e-05
7.9975000000000005,-2.0911099653631027e-05
8.0,-2.1025075227498746e-05
8.0025,-2.1156538565492156e-05
8.005,-2.130085988483188e-05
8.0075,-2.1450460195637788e-05
8.01,-2.1594743486730295e-05
8.0125,-2.1720689034054885e-05
8.015,-2.1814278426290912e-05
8.0175,-2.18626655623666e-05
8.02,-2.1856680575638165e-05
8.0225,-2.1792952480836902e-05
8.025,-2.1674929627124584e-05
8.0275,-2.1512390190991937e-05
8.03,-2.1319620941540052e-05
8.0325,-2.111291649953273e-05
8.035,-2.0908193761215443e-05
8.0375,-2.0719267382673934e-05
8.040000000000001,-2.0556929115400635e-05
8.0425,-2.042868999296843e-05
8.045,-2.0338943301112522e-05
8.0475,-2.0289354125679893e-05
8.05,-2.027936119475271e-05
8.0525,-2.030671581110255e-05
8.055,-2.0368012627614007e-05
8.057500000000001,-2.045915215376226e-05
8.06,-2.0575705349301643e-05
8.0625,-2.071316200158435e-05
8.065,-2.0867049300932194e-05
8.0675,-2.103294787048071e-05
8.07,-2.120641786973465e-05
8.0725,-2.1382862115615353e-05
8.075,-2.155735913333956e-05
8.0775,-2.1724494786212745e-05
8.08,-2.187823122312693e-05
8.0825,-2.2011854014181154e-05
8.085,-2.211804664398187e-05
8.0875,-2.21891359331039e-05
8.09,-2.2217543090619074e-05
8.0925,-2.2196447218902904e-05
8.095,-2.2120619718180023e-05
8.0975,-2.1987337532891615e-05
8.1,-2.1797225116415575e-05
8.102500000000001,-2.155484131094454e-05
8.105,-2.1268849508260246e-05
8.1075,-2.0951669739588397e-05
8.11,-2.0618638046698834e-05
8.1125,-2.0286819051307248e-05
8.115,-1.9973716206322933e-05
8.1175,-1.969614913832629e-05
8.120000000000001,-1.9469508771408073e-05
8.1225,-1.9307461940343273e-05
8.125,-1.92220296639789e-05
8.1275,-1.9223798233269918e-05
8.13,-1.932187859665646e-05
8.1325,-1.9523143095057094e-05
8.135,-1.9830230769457557e-05
8.1375,-2.0237979668991102e-05
8.14,-2.0728512055256942e-05
8.1425,-2.126645418343287e-05
8.145,-2.179769936105913e-05
8.1475,-2.2256762889583115e-05
8.15,-2.258646924246932e-05
8.1525,-2.2766273531260595e-05
8.155,-2.283302333694337e-05
8.1575,-2.28716340018309e-05
8.16,-2.296862169259839e-05
8.1625,-2.3155448673151113e-05
8.165000000000001,-2.3386753980503272e-05
8.1675,-2.3572056619514115e-05
8.17,-2.3632699992504058e-05
8.1725,-2.3540087454421155e-05
8.175,-2.331683751322089e-05
8.1775,-2.30137319476853e-05
8.18,-2.2684298443209627e-05
8.182500000000001,-2.2369504989683264e-05
8.185,-2.2093574443715625e-05
8.1875,-2.1866517982971345e-05
8.19,-2.1688926892693416e-05
8.1925,-2.155639961642919e-05
8.195,-2.1462698413188264e-05
8.1975,-2.1401634597850716e-05
8.2,-2.136802760333012e-05
8.2025,-2.1358100525503687e-05
8.205,-2.1369586050923317e-05
8.2075,-2.1401713638624642e-05
8.21,-2.1455176721474345e-05
8.2125,-2.1532109002464495e-05
8.215,-2.1636067884855947e-05
8.2175,-2.17719610873246e-05
8.22,-2.194581560388542e-05
8.2225,-2.216419736100761e-05
8.225,-2.243302390070312e-05
8.227500000000001,-2.275542900065375e-05
8.23,-2.312837759177455e-05
8.2325,-2.3538008605328287e-05
8.235,-2.395443428326871e-05
8.2375,-2.432809554875348e-05
8.24,-2.459145187572176e-05
8.2425,-2.4670498504519855e-05
8.245000000000001,-2.4508004116796656e-05
8.2475,-2.4092745718462538e-05
8.25,-2.347922250578449e-05
8.2525,-2.2779831169827958e-05
8.255,-2.2125309072862365e-05
8.2575,-2.1613399979969472e-05
8.26,-2.1277608482250798e-05
8.2625,-2.109269533434599e-05
8.265,-2.1005646431149216e-05
8.2675,-2.0967293977491863e-05
8.27,-2.0948293780520544e-05
8.2725,-2.093904728894813e-05
8.275,-2.0941754513614796e-05
8.2775,-2.0962192394335943e-05
8.28,-2.1004603013352607e-05
8.2825,-2.1069775556270542e-05
8.285,-2.1155134049877233e-05
8.2875,-2.1255675562770193e-05
8.290000000000001,-2.1365054777788828e-05
8.2925,-2.1476518980989567e-05
8.295,-2.1583626335086592e-05
8.2975,-2.1680767190446204e-05
8.3,-2.1763528849305658e-05
8.3025,-2.1828924445799203e-05
8.305,-2.1875491626133226e-05
8.307500000000001,-2.190325957940331e-05
8.31,-2.1913590245503656e-05
8.3125,-2.1908913367951754e-05
8.315,-2.1892390577704646e-05
8.3175,-2.1867554977461623e-05
8.32,-2.18379710759109e-05
8.3225,-2.1806952219094455e-05
8.325,-2.1777364850095182e-05
8.3275,-2.1751517692791822e-05
8.33,-2.1731137053393468e-05
8.3325,-2.1717400699117206e-05
8.335,-2.1711014767333836e-05
8.3375,-2.1712307557208987e-05
8.34,-2.172132005284766e-05
8.3425,-2.173788070081173e-05
8.345,-2.1761654778629236e-05
8.3475,-2.1792162073097643e-05
8.35,-2.1828757297726042e-05
8.352500000000001,-2.187057751257271e-05
8.355,-2.1916453562198512e-05
8.3575,-2.196479741201074e-05
8.36,-2.2013475245330483e-05
8.3625,-2.2059703695731514e-05
8.365,-2.210001599678435e-05
8.3675,-2.2130385815444242e-05
8.370000000000001,-2.21466058576425e-05
8.3725,-2.2145030783349284e-05
8.375,-2.2123731326928464e-05
8.3775,-2.2083960089958055e-05
8.38,-2.203158231850466e-05
8.3825,-2.197783774704476e-05
8.385,-2.1938638468554927e-05
8.3875,-2.1931839938815756e-05
8.39,-2.19726643138074e-05
8.3925,-2.206855927511242e-05
8.395,-2.2215556015225957e-05
8.3975,-2.239801546011222e-05
8.4,-2.2592248740238574e-05
8.4025,-2.2772681461447064e-05
8.405,-2.2918085193168736e-05
8.4075,-2.301564953199886e-05
8.41,-2.3061975269911272e-05
8.4125,-2.3061472262497773e-05
8.415000000000001,-2.3023427417001585e-05
8.4175,-2.295900384297056e-05
8.42,-2.2878952592009227e-05
8.4225,-2.2792282322825486e-05
8.425,-2.2705765218233864e-05
8.4275,-2.262400511199303e-05
8.43,-2.2549797336068877e-05
8.432500000000001,-2.24845839795762e-05
8.435,-2.2428881635505604e-05
8.4375,-2.238263229514814e-05
8.44,-2.2345460962469588e-05
8.4425,-2.2316852721360192e-05
8.445,-2.2296255536957688e-05
8.4475,-2.2283131585254523e-05
8.45,-2.2276967598600095e-05
8.4525,-2.2277249428270807e-05
8.455,-2.2283413301238397e-05
8.4575,-2.2294774595366107e-05
8.46,-2.231044595646381e-05
8.4625,-2.2329255074282628e-05
8.465,-2.2349686361167187e-05
8.4675,-2.236987498349663e-05
8.47,-2.238768900042487e-05
8.4725,-2.240093201066884e-05
8.475,-2.240767216221684e-05
8.477500000000001,-2.2406661514651205e-05
8.48,-2.239774542545092e-05
8.4825,-2.2382109250429494e-05
8.485,-2.236220913687248e-05
8.4875,-2.2341306475937017e-05
8.49,-2.232267490853701e-05
8.4925,-2.2308716637553516e-05
8.495000000000001,-2.230030563055152e-05
8.4975,-2.2296603532367953e-05
8.5,-2.2295407745787088e-05
8.5025,-2.2293864049061085e-05
8.505,-2.2289260954266865e-05
8.5075,-2.2279634634969625e-05
8.51,-2.226405024430278e-05
8.5125,-2.2242561982466214e-05
8.515,-2.2215960200355767e-05
8.5175,-2.218543988874444e-05
8.52,-2.215229068269764e-05
8.5225,-2.2117672273225253e-05
8.525,-2.208249031809828e-05
8.5275,-2.2047359863108795e-05
8.53,-2.2012633365875445e-05
8.5325,-2.1978473711214974e-05
8.535,-2.19449439384789e-05
8.5375,-2.1912106916488483e-05
8.540000000000001,-2.1880105066429678e-05
8.5425,-2.1849222264336277e-05
8.545,-2.1819902315201034e-05
8.5475,-2.1792724169245048e-05
8.55,-2.1768331549765207e-05
8.5525,-2.1747329753907252e-05
8.555,-2.1730170089995227e-05
8.557500000000001,-2.1717050401548477e-05
8.56,-2.1707857769115435e-05
8.5625,-2.1702169334503196e-05
8.565,-2.1699310650546977e-05
8.5675,-2.1698456862395687e-05
8.57,-2.1698749293364017e-05
8.5725,-2.1699405635899893e-05
8.575000000000001,-2.1699797684959776e-05
8.5775,-2.16994921515834e-05
8.58,-2.1698254954571894e-05
8.5825,-2.169602663570913e-05
8.585,-2.169288021036664e-05
8.5875,-2.1688977199119108e-05
8.59,-2.1684525108867092e-05
8.5925,-2.1679743213098845e-05
8.595,-2.167483998505304e-05
8.5975,-2.1669997806839092e-05
8.6,-2.16653673703604e-05
8.602500000000001,-2.1661065744638108e-05
8.605,-2.1657180269585297e-05
8.6075,-2.165377262031143e-05
8.61,-2.1650883695656375e-05
8.6125,-2.1648540212027e-05
8.615,-2.1646758710858194e-05
8.6175,-2.1645549963977828e-05
8.620000000000001,-2.1644922838959246e-05
8.6225,-2.1644886999183655e-05
8.625,-2.164545557548081e-05
8.6275,-2.1646647326178936e-05
8.63,-2.1648488086611906e-05
8.6325,-2.1651012900747446e-05
8.635,-2.1654267243320646e-05
8.637500000000001,-2.1658309520944385e-05
8.64,-2.166321172580865e-05
8.6425,-2.1669063983154047e-05
8.645,-2.16759742670547e-05
8.6475,-2.1684072805783217e-05
8.65,-2.1693512934461978e-05
8.6525,-2.1704473539330138e-05
8.655,-2.1717157835610124e-05
8.6575,-2.1731789388468314e-05
8.66,-2.1748604382310077e-05
8.6625,-2.1767830276075983e-05
8.665000000000001,-2.1789653970927247e-05
8.6675,-2.181416823532345e-05
8.67,-2.1841287093593564e-05
8.6725,-2.187063026326541e-05
8.675,-2.1901363766119175e-05
8.6775,-2.193201544287149e-05
8.68,-2.1960289814160205e-05
8.682500000000001,-2.1982954962140866e-05
8.685,-2.1995917876438398e-05
8.6875,-2.1994655668322594e-05
8.69,-2.1975169858023946e-05
8.6925,-2.1935525580829562e-05
8.695,-2.1877767636624412e-05
8.6975,-2.1809575315501206e-05
8.700000000000001,-2.174463782012026e-05
8.7025,-2.1700749641695438e-05
8.705,-2.16954135225933e-05
8.7075,-2.174014744582564e-05
8.71,-2.1835911496737026e-05
8.7125,-2.1972012348214776e-05
8.715,-2.2129226493916576e-05
8.7175,-2.228566401640819e-05
8.72,-2.242268357122157e-05
8.7225,-2.2528602386273633e-05
8.725,-2.259946865024176e-05
8.727500000000001,-2.2637578013018356e-05
8.73,-2.2649000584351597e-05
8.7325,-2.264121482653536e-05
8.735,-2.2621413506840327e-05
8.7375,-2.259558809214468e-05
8.74,-2.256822804724834e-05
8.7425,-2.2542399136682434e-05
8.745000000000001,-2.251999967484153e-05
8.7475,-2.2502061938212137e-05
8.75,-2.248902242740769e-05
8.7525,-2.2480939179558845e-05
8.755,-2.247764814455877e-05
8.7575,-2.2478869482256414e-05
8.76,-2.248427111339879e-05
8.762500000000001,-2.2493508481602476e-05
8.765,-2.2506239389485927e-05
8.7675,-2.2522127380852908e-05
8.77,-2.2540835715290086e-05
8.7725,-2.25620142941807e-05
8.775,-2.2585278941278375e-05
8.7775,-2.2610190427485577e-05
8.78,-2.2636220450067412e-05
8.7825,-2.266271937401143e-05
8.785,-2.268887050149715e-05
8.7875,-2.2713645421390538e-05
8.790000000000001,-2.2735755436542604e-05
8.7925,-2.275361316605995e-05
8.795,-2.2765322938766985e-05
8.7975,-2.276872567108512e-05
8.8,-2.276154336300351e-05
8.8025,-2.274167300697627e-05
8.805,-2.270767251388861e-05
8.807500000000001,-2.265944903001582e-05
8.81,-2.2599080665486326e-05
8.8125,-2.253158098142194e-05
8.815,-2.246528146088167e-05
8.8175,-2.241143801029466e-05
8.82,-2.238277701849256e-05
8.8225,-2.239103477563731e-05
8.825000000000001,-2.2444042997449287e-05
8.8275,-2.2543325286505933e-05
8.83,-2.2683181924776363e-05
8.8325,-2.2851733206152858e-05
8.835,-2.3033584824361242e-05
8.8375,-2.3213123569121308e-05
8.84,-2.337731481816263e-05
8.8425,-2.3517254618354855e-05
8.845,-2.3628347975090946e-05
8.8475,-2.3709466120180878e-05
8.85,-2.376165579676126e-05
8.852500000000001,-2.378689083570862e-05
8.855,-2.3787193327962086e-05
8.8575,-2.376423802274985e-05
8.86,-2.371943466528137e-05
8.8625,-2.3654385870486294e-05
8.865,-2.3571557989043868e-05
8.8675,-2.347495473031813e-05
8.870000000000001,-2.3370538940525876e-05
8.8725,-2.3266152339829205e-05
8.875,-2.3170776358938383e-05
8.8775,-2.3093169744470288e-05
8.88,-2.3040172237642764e-05
8.8825,-2.3015165908191193e-05
8.885,-2.3017218467202838e-05
8.887500000000001,-2.3041243167654102e-05
8.89,-2.3079141612925014e-05
8.8925,-2.312155817207895e-05
8.895,-2.3159696468155744e-05
8.8975,-2.318671340617584e-05
8.9,-2.3198431222226645e-05
8.9025,-2.319337374956376e-05
8.905,-2.317231891879601e-05
8.9075,-2.313761532946046e-05
8.91,-2.309249043719319e-05
8.9125,-2.3040482147962393e-05
8.915000000000001,-2.2985052936519423e-05
8.9175,-2.292938432901792e-05
8.92,-2.287631983222127e-05
8.9225,-2.2828407566066744e-05
8.925,-2.2788013552599296e-05
8.9275,-2.2757466666689652e-05
8.93,-2.273921563755721e-05
8.932500000000001,-2.2735983833399587e-05
8.935,-2.275088678516113e-05
8.9375,-2.2787490138398425e-05
8.94,-2.2849740361152726e-05
8.9425,-2.2941685330124528e-05
8.945,-2.3066862269160993e-05
8.9475,-2.32272081177598e-05
8.950000000000001,-2.3421376681653783e-05
8.9525,-2.3642490504016678e-05
8.955,-2.3875699895370417e-05
8.9575,-2.409649593460017e-05
8.96,-2.4271431783517983e-05
8.9625,-2.4363218642520224e-05
8.965,-2.434124067463017e-05
8.9675,-2.4195568670393186e-05
8.97,-2.394828490537293e-05
8.9725,-2.365355024380733e-05
8.975,-2.3381634292718445e-05
8.977500000000001,-2.3192273687300258e-05
8.98,-2.311188336534542e-05
8.9825,-2.3127948935552922e-05
8.985,-2.3202037340297466e-05
8.9875,-2.3290903129691287e-05
8.99,-2.3362974388874136e-05
8.9925,-2.3404263885140608e-05
8.995000000000001,-2.3415518427327697e-05
8.9975,-2.3405734935977307e-05
9.0,-2.3386204901498786e-05
9.0025,-2.336682226200537e-05
9.005,-2.3354586460300197e-05
9.0075,-2.335351948090647e-05
9.01,-2.3365216492265972e-05
9.012500000000001,-2.338953436265001e-05
9.015,-2.3425166432389233e-05
9.0175,-2.3470030583894186e-05
9.02,-2.3521483569766133e-05
9.0225,-2.357639792194277e-05
9.025,-2.3631150781966426e-05
9.0275,-2.368157691989836e-05
9.03,-2.3722934230363535e-05
9.0325,-2.3749945142981232e-05
9.035,-2.375696948320183e-05
9.0375,-2.3738381685234344e-05
9.040000000000001,-2.368919192008434e-05
9.0425,-2.360591906835907e-05
9.045,-2.3487641982455898e-05
9.0475,-2.3337065329087636e-05
9.05,-2.316132827218098e-05
9.0525,-2.2972260353526508e-05
9.055,-2.278581789028067e-05
9.057500000000001,-2.2620638787884673e-05
9.06,-2.2495884763884533e-05
9.0625,-2.2428797819884494e-05
9.065,-2.2432484172441036e-05
9.0675,-2.251433619449017e-05
9.07,-2.267522438614833e-05
9.0725,-2.2909252635372468e-05
9.075000000000001,-2.3203694411222386e-05
9.0775,-2.35387807947518e-05
9.08,-2.3887412424983268e-05
9.0825,-2.4215507806957248e-05
9.085,-2.4484380986677934e-05
9.0875,-2.4656714344928332e-05
9.09,-2.4706626248871544e-05
9.0925,-2.463150241283074e-05
9.095,-2.4459587223191193e-05
9.0975,-2.42459709340892e-05
9.1,-2.4054216652302784e-05
9.102500000000001,-2.3930780912451155e-05
9.105,-2.3886869200850924e-05
9.1075,-2.3898914605524624e-05
9.11,-2.3925882487674244e-05
9.1125,-2.3930779946113034e-05
9.115,-2.3894044375083467e-05
9.1175,-2.381502923753942e-05
9.120000000000001,-2.3705611567947926e-05
9.1225,-2.3582045770353943e-05
9.125,-2.345902629485863e-05
9.1275,-2.3346950570157787e-05
9.13,-2.3251618387121198e-05
9.1325,-2.3175178256451545e-05
9.135,-2.3117403486594412e-05
9.137500000000001,-2.3076819758216516e-05
9.14,-2.3051518923011827e-05
9.1425,-2.303966644490174e-05
9.145,-2.3039780842282198e-05
9.1475,-2.3050862978379882e-05
9.15,-2.3072435709536876e-05
9.1525,-2.310454632947767e-05
9.155,-2.3147740705553588e-05
9.1575,-2.32030341180689e-05
9.16,-2.327186135175907e-05
9.1625,-2.335599899083718e-05
9.165000000000001,-2.3457426749473598e-05
9.1675,-2.357808358510738e-05
9.17,-2.3719462404869773e-05
9.1725,-2.3881969042349738e-05
9.175,-2.406399033816342e-05
9.1775,-2.4260648189056155e-05
9.18,-2.446235470188185e-05
9.182500000000001,-2.4653489333559264e-05
9.185,-2.4811857201711973e-05
9.1875,-2.4909888253432655e-05
9.19,-2.491860675490898e-05
9.1925,-2.4814759143509946e-05
9.195,-2.458991255593901e-05
9.1975,-2.4258172373947673e-05
9.200000000000001,-2.3857856405129496e-05
9.2025,-2.3443915523557735e-05
9.205,-2.3072542120416983e-05
9.2075,-2.278458288174079e-05
9.21,-2.2595774538558544e-05
9.2125,-2.2497724728509638e-05
9.215,-2.2467167724471437e-05
9.2175,-2.2477317997982027e-05
9.22,-2.2506060190607968e-05
9.2225,-2.2539185664527395e-05
9.225,-2.2569784533743587e-05
9.227500000000001,-2.259590590369953e-05
9.23,-2.2618137251129156e-05
9.2325,-2.2637875957798315e-05
9.235,-2.2656392047792906e-05
9.2375,-2.2674476468864668e-05
9.24,-2.2692423016223984e-05
9.2425,-2.2710153672278466e-05
9.245000000000001,-2.2727368190089692e-05
9.2475,-2.2743675572201028e-05
9.25,-2.275868371270917e-05
9.2525,-2.27720574059731e-05
9.255,-2.2783544096682817e-05
9.2575,-2.2792986897002265e-05
9.26,-2.280031972645702e-05
9.262500000000001,-2.2805562053918038e-05
9.265,-2.2808805681506783e-05
9.2675,-2.2810204740153495e-05
9.27,-2.280996292824966e-05
9.2725,-2.2808324189327323e-05
9.275,-2.2805563247629834e-05
9.2775,-2.280197830373254e-05
9.28,-2.2797883815428577e-05
9.2825,-2.2793606802906652e-05
9.285,-2.2789481477047957e-05
9.2875,-2.2785846169881552e-05
9.290000000000001,-2.2783041146112737e-05
9.2925,-2.2781404510396897e-05
9.295,-2.2781269734650778e-05
9.2975,-2.278296162216975e-05
9.3,-2.2786790196960283e-05
9.3025,-2.279304354146916e-05
9.305,-2.2801976967912196e-05
9.307500000000001,-2.2813799233745158e-05
9.31,-2.2828655033890755e-05
9.3125,-2.2846602405479643e-05
9.315,-2.2867589024144763e-05
9.3175,-2.2891424094950708e-05
9.32,-2.2917752346529596e-05
9.3225,-2.2946033595871995e-05
9.325000000000001,-2.297553149332998e-05
9.3275,-2.3005320855418177e-05
9.33,-2.3034318559211897e-05
9.3325,-2.3061351356545856e-05
9.335,-2.308525787952931e-05
9.3375,-2.3105036575543636e-05
9.34,-2.312002430926441e-05
9.3425,-2.3130092927203805e-05
9.345,-2.31358303608431e-05
9.3475,-2.3138655564025612e-05
9.35,-2.3140818399269847e-05
9.352500000000001,-2.3145232063370713e-05
9.355,-2.3155115769668555e-05
9.3575,-2.3173477671889486e-05
9.36,-2.3202523891541205e-05
9.3625,-2.324312859514066e-05
9.365,-2.3294517859540065e-05
9.3675,-2.3354279193199545e-05
9.370000000000001,-2.341871368116699e-05
9.3725,-2.3483458278406033e-05
9.375,-2.3544210108639163e-05
9.3775,-2.3597376440420703e-05
9.38,-2.36405089708569e-05
9.3825,-2.3672463015600442e-05
9.385,-2.36933044845955e-05
9.387500000000001,-2.3704045702288568e-05
9.39,-2.3706303664994266e-05
9.3925,-2.3701970150113993e-05
9.395,-2.369294176673975e-05
9.3975,-2.3680938483039427e-05
9.4,-2.3667402132332427e-05
9.4025,-2.365346438182314e-05
9.405,-2.3639959806587285e-05
9.4075,-2.362746462836185e-05
9.41,-2.3616345714572162e-05
9.4125,-2.3606813527976556e-05
9.415000000000001,-2.3598965526616666e-05
9.4175,-2.3592821804641062e-05
9.42,-2.3588353684544927e-05
9.4225,-2.358549929226683e-05
9.425,-2.3584173931112673e-05
9.4275,-2.358426982596029e-05
9.43,-2.3585651746316216e-05
9.432500000000001,-2.358814299441292e-05
9.435,-2.359151011432914e-05
9.4375,-2.3595439216705927e-05
9.44,-2.359951477615141e-05
9.4425,-2.360319876970607e-05
9.445,-2.3605816181770933e-05
9.4475,-2.3606557505218007e-05
9.450000000000001,-2.3604501421914392e-05
9.4525,-2.3598667183932776e-05
9.455,-2.358810462510519e-05
9.4575,-2.3572012793238173e-05
9.46,-2.3549882314455317e-05
9.4625,-2.3521635057477397e-05
9.465,-2.3487728299187438e-05
9.4675,-2.3449188802260323e-05
9.47,-2.3407547928400163e-05
9.4725,-2.3364671449144225e-05
9.475,-2.3322503295730712e-05
9.477500000000001,-2.328277457763761e-05
9.48,-2.3246740937565846e-05
9.4825,-2.321500915059005e-05
9.485,-2.3187488238818332e-05
9.4875,-2.3163471553289128e-05
9.49,-2.3141814551763673e-05
9.4925,-2.3121166265127613e-05
9.495000000000001,-2.3100198887959777e-05
9.4975,-2.3077796697634767e-05
9.5,-2.3053182758303592e-05
9.5025,-2.3025981334967582e-05
9.505,-2.2996216983983686e-05
9.5075,-2.2964271266801006e-05
9.51,-2.2930804789211834e-05
9.512500000000001,-2.289666173282967e-05
9.515,-2.2862764296860405e-05
9.5175,-2.2830009385188532e-05
9.52,-2.2799176832677404e-05
9.5225,-2.277085692981018e-05
9.525,-2.2745405573232347e-05
9.5275,-2.2722930054897006e-05
9.53,-2.2703309042526598e-05
9.5325,-2.2686234217417223e-05
9.535,-2.2671273598007247e-05
9.5375,-2.2657936852965577e-05
9.540000000000001,-2.2645737288939927e-05
9.5425,-2.26342421285608e-05
9.545,-2.2623104143804085e-05
9.5475,-2.261207487208594e-05
9.55,-2.2601005838396304e-05
9.5525,-2.258983579395135e-05
9.555,-2.2578571048370577e-05
9.557500000000001,-2.256726855875968e-05
9.56,-2.2556013419716692e-05
9.5625,-2.254490476616411e-05
9.565,-2.253404241514545e-05
9.5675,-2.2523518140360466e-05
9.57,-2.2513410982583082e-05
9.5725,-2.250378420853849e-05
9.575000000000001,-2.2494685964602468e-05
9.5775,-2.2486148992584276e-05
9.58,-2.2478192363450944e-05
9.5825,-2.2470824490028463e-05
9.585,-2.246404503125632e-05
9.5875,-2.245784614274271e-05
9.59,-2.2452216285273607e-05
9.5925,-2.2447140679560107e-05
9.595,-2.2442603892613988e-05
9.5975,-2.2438592225171305e-05
9.6,-2.2435094336969996e-05
9.602500000000001,-2.243210471419843e-05
9.605,-2.2429623157904643e-05
9.6075,-2.2427659644108644e-05
9.61,-2.242623330062088e-05
9.6125,-2.2425374396561892e-05
9.615,-2.242512505290506e-05
9.6175,-2.2425536911896415e-05
9.620000000000001,-2.2426667669606104e-05
9.6225,-2.242856996303999e-05
9.625,-2.2431277756140844e-05
9.6275,-2.243477734964472e-05
9.63,-2.2438969097038353e-05
9.6325,-2.2443610959044236e-05
9.635,-2.2448244465067546e-05
9.637500000000001,-2.245211587137419e-05
9.64,-2.245410536261261e-05
9.6425,-2.245271659262471e-05
9.645,-2.2446197618819497e-05
9.6475,-2.243290964543121e-05
9.65,-2.2412060019405544e-05
9.6525,-2.238486922578886e-05
9.655,-2.235605327882695e-05
9.6575,-2.2335178954335788e-05
9.66,-2.2337046857501264e-05
9.6625,-2.2380074199190858e-05
9.665000000000001,-2.2482075479501873e-05
9.6675,-2.265407104573569e-05
9.67,-2.289434746671759e-05
9.6725,-2.318580985161134e-05
9.675,-2.349864990947026e-05
9.6775,-2.3797747957132742e-05
9.68,-2.4051722135709497e-05
9.682500000000001,-2.4239887579824426e-05
9.685,-2.4354897192324643e-05
9.6875,-2.4401177597610513e-05
9.69,-2.4390898005322015e-05
9.6925,-2.4339499589132174e-05
9.695,-2.4262168523137007e-05
9.6975,-2.4171736498601604e-05
9.700000000000001,-2.4077869255734186e-05
9.7025,-2.398712209128462e-05
9.705,-2.3903446191297917e-05
9.7075,-2.3828832894423613e-05
9.71,-2.3763922087027822e-05
9.7125,-2.3708495803020924e-05
9.715,-2.366184477864408e-05
9.7175,-2.3623019529850353e-05
9.72,-2.359099207183135e-05
9.7225,-2.3564759601413243e-05
9.725,-2.3543401283632193e-05
9.727500000000001,-2.3526113636762602e-05
9.73,-2.351222815377696e-05
9.7325,-2.3501225740574228e-05
9.735,-2.3492743252973014e-05
9.7375,-2.3486581909537563e-05
9.74,-2.348270945162767e-05
9.7425,-2.3481259319169112e-05
9.745000000000001,-2.3482516667172604e-05
9.7475,-2.34868903419283e-05
9.75,-2.3494860357686775e-05
9.7525,-2.3506905421299962e-05
9.755,-2.352341570599492e-05
9.7575,-2.3544630579408476e-05
9.76,-2.357066415470399e-05
9.762500000000001,-2.360172379667347e-05
9.765,-2.363863868026783e-05
9.7675,-2.368375052697047e-05
9.77,-2.3742034727547434e-05
9.7725,-2.3821973201165747e-05
9.775,-2.3935364168892193e-05
9.7775,-2.4095189928630134e-05
9.78,-2.431128450552933e-05
9.7825,-2.4584843686170643e-05
9.785,-2.4904157498895074e-05
9.7875,-2.5244148417868928e-05
9.790000000000001,-2.5570765160409792e-05
9.7925,-2.5848735475619833e-05
9.795,-2.6049435604136306e-05
9.7975,-2.6155879567113516e-05
9.8,-2.6163665353351462e-05
9.8025,-2.6078732730638876e-05
9.805,-2.5913792541132352e-05
9.807500000000001,-2.5685096971983512e-05
9.81,-2.5410420647631327e-05
9.8125,-2.5108264395612423e-05
9.815,-2.4797752359972947e-05
9.8175,-2.4498514136439553e-05
9.82,-2.4229968346389796e-05
9.8225,-2.4009760835497218e-05
9.825000000000001,-2.3851573729416486e-05
9.8275,-2.3762913940572616e-05
9.83,-2.3743688188915257e-05
9.8325,-2.3786175518125674e-05
9.835,-2.3876565279579154e-05
9.8375,-2.399764349547695e-05
9.84,-2.4131855070663732e-05
9.8425,-2.4263929589096733e-05
9.845,-2.4382537702649643e-05
9.8475,-2.4480844757590603e-05
9.85,-2.4556167119271777e-05
9.852500000000001,-2.4609095163441452e-05
9.855,-2.4642448835265895e-05
9.8575,-2.466032364623061e-05
9.86,-2.466736668793601e-05
9.8625,-2.466829931790926e-05
9.865,-2.466766102315887e-05
9.8675,-2.4669701730317684e-05
9.870000000000001,-2.4678358045093773e-05
9.8725,-2.4697239979332153e-05
9.875,-2.4729577233983946e-05
9.8775,-2.4778053585805537e-05
9.88,-2.4844468612172932e-05
9.8825,-2.4929146036356542e-05
9.885,-2.5029997658521097e-05
9.887500000000001,-2.514119617558208e-05
9.89,-2.5251538858128697e-05
9.8925,-2.534296186240681e-05
9.895,-2.539037004112288e-05
9.8975,-2.5364943525119088e-05
9.9,-2.5243631512239517e-05
9.9025,-2.5026019955021184e-05
9.905,-2.4754078253863554e-05
9.9075,-2.4521238742636342e-05
9.91,-2.4452672732877545e-05
9.9125,-2.465111535343567e-05
9.915000000000001,-2.513301049589245e-05
9.9175,-2.580179258870885e-05
9.92,-2.6486022420613153e-05
9.9225,-2.7019001976213985e-05
9.925,-2.7305307412461843e-05
9.9275,-2.7338429674728104e-05
9.93,-2.717535321039577e-05
9.932500000000001,-2.6896723312574977e-05
9.935,-2.6576096104236058e-05
9.9375,-2.626575820841026e-05
9.94,-2.5995470537054644e-05
9.9425,-2.5777521358349986e-05
9.945,-2.5613110977928955e-05
9.9475,-2.5497644372762807e-05
9.950000000000001,-2.5424289532338662e-05
9.9525,-2.5386016972106518e-05
9.955,-2.5376569936952365e-05
9.9575,-2.539078204222278e-05
9.96,-2.5424528985240613e-05
9.9625,-2.5474497618915848e-05
9.965,-2.553785657255503e-05
9.9675,-2.561188122740532e-05
9.97,-2.569354936099444e-05
9.9725,-2.5779131277658962e-05
9.975,-2.586382569802481e-05
9.977500000000001,-2.5941539320228912e-05
9.98,-2.600496134164132e-05
9.9825,-2.6046150907177434e-05
9.985,-2.605783831199915e-05
9.9875,-2.6035513116084985e-05
9.99,-2.598006068410541e-05
9.9925,-2.5900209720930434e-05
9.995000000000001,-2.581360385534026e-05
9.9975,-2.5745227929974135e-05
10.0,-2.57226327846638e-05
