0.0,22.98625981247975,0.0,22.98625981247975
0.005,22.96564746474819,0.020612346066232426,22.986259810814424
0.01,22.90391758334724,0.08234222475321795,22.98625980810046
0.015,22.80139100296718,0.18486880158990954,22.98625980455709
0.02,22.65860025017607,0.3276595503689889,22.98625980054506
0.025,22.47628607228058,0.5099737242604223,22.986259796541002
0.03,22.25539224620988,0.7308675468856455,22.986259793095524
0.035,21.9970583762518,0.9892014145191168,22.986259790770916
0.04,21.702610364841426,1.283649425215853,22.98625979005728
0.045,21.373548260197882,1.612711531073182,22.986259791271063
0.05,21.011531256181588,1.9747285382665436,22.98625979444813
0.055,20.61835974694674,2.367900052303469,22.98625979925021
0.06,20.195954518931956,2.790305285979555,22.986259804911512
0.065,19.746333384029498,3.239926426221235,22.986259810250733
0.07,19.27158579957243,3.7146740141957313,22.986259813768164
0.075,18.773846254025365,4.212413559803457,22.986259813828823
0.08,18.255267388405084,4.7309924205073415,22.986259808912425
0.085,17.717993940307636,5.268265857580455,22.986259797888092
0.09,17.164138616116087,5.8221211641428,22.986259780258887
0.095,16.5957609080173,6.39049884830666,22.98625975632396
0.1,16.014849683987368,6.971410043235539,22.986259727222908
0.105,15.423310115781003,7.562949579072061,22.986259694853064
0.11,14.82295520884114,8.16330445283957,22.986259661680712
0.115,14.21550189971846,8.770757730768633,22.98625963048709
0.12,13.602571427873267,9.383688176222847,22.986259604096112
0.125,12.985693496107565,10.000566089019982,22.98625958512755
0.13,12.36631362027503,10.619945955528687,22.986259575803714
0.135,11.745803033940982,11.240456543878732,22.986259577819716
0.14,11.12547054636193,11.860789045912119,22.98625959227405
0.145,10.50657583511178,12.479683784533936,22.986259619645715
0.15,9.890343768135748,13.095915891664664,22.98625965980041
0.155,9.277979475019535,13.708280236988937,22.986259712008472
0.16,8.670684007603834,14.315575767358514,22.98625977496235
0.165,8.0696705328713,14.91658931391446,22.98625984678576
0.17,7.476181076392984,15.51007884863832,22.986259925031305
0.17500000000000002,6.891503874658194,16.094756132012407,22.9862600066706
0.18,6.316991392166684,16.66926869591708,22.986260088083764
0.185,5.754079006546283,17.232181158516553,22.986260165062838
0.19,5.204304252829179,17.781955980020246,22.986260232849425
0.195,4.6693263347643725,18.316933951470496,22.986260286234867
0.2,4.150945342939027,18.835314976823444,22.986260319762472
0.20500000000000002,3.6511202523008084,19.335140075774582,22.98626032807539
0.21,3.1719842947628893,19.81427601169411,22.986260306456998
0.215,2.7158557166757817,20.270404534911112,22.986260251586895
0.22,2.2852412615030198,20.701018900981232,22.986260162484253
0.225,1.8828290346446495,21.10343100685546,22.98626004150011
0.23,1.511466848092228,21.474793046976785,22.98625989506901
0.23500000000000001,1.174121935741127,21.812137798026253,22.98625973376738
0.24,0.8738183969250048,22.11244117426511,22.986259571190118
0.245,0.6135502360893703,22.372709185315763,22.986259421405133
0.25,0.3961707176122817,22.590088577815447,22.98625929542773
0.255,0.22426296101262172,22.761996237062345,22.986259198074965
0.26,0.10000174909767152,22.886257378006697,22.98625912710437
0.265,0.025021230380288098,22.96123784548623,22.98625907586652
0.27,0.00030589614285876925,22.985953142493965,22.986259038636824
0.275,0.026121335422817086,22.96013768015497,22.986259015577787
0.28,0.10199620131141174,22.884262812639413,22.986259013950825
0.28500000000000003,0.22675849327216333,22.759500551251683,22.986259044523848
0.29,0.3986200017426101,22.587639113665162,22.986259115407773
0.295,0.615295323621193,22.37096390346073,22.986259227081923
0.3,0.8741381751897335,22.112121195937227,22.986259371126962
0.305,1.1722781883000009,21.81398134431703,22.98625953261703
0.31,1.506744948902497,21.479514745407844,22.98625969431034
0.315,1.8745710325803417,21.111688807992216,22.986259840572558
0.32,2.2728706573715973,20.713389302467544,22.986259959839142
0.325,2.6988943534365237,20.287365692002027,22.98626004543855
0.33,3.150062430028461,19.83619766518225,22.98626009521071
0.335,3.623981139854454,19.36227897065418,22.986260110508635
0.34,4.11844564031934,18.867814454733185,22.986260095052526
0.34500000000000003,4.631433493303375,18.354826560609283,22.98626005391266
0.35000000000000003,5.161091822070039,17.82516817065689,22.98625999272693
0.355,5.705720552060688,17.280539365102523,22.98625991716321
0.36,6.263753514103541,16.722506318479425,22.986259832582967
0.365,6.833738636355358,16.152521107499506,22.986259743854866
0.37,7.414318010560962,15.571941644704454,22.986259655265414
0.375,8.004208284984793,14.982051285505484,22.986259570490276
0.38,8.60218159842755,14.384077894166671,22.986259492594222
0.385,9.207047113138817,13.779212310902954,22.98625942404177
0.39,9.817633116463785,13.16862625023988,22.986259366703663
0.395,10.43276963131714,12.553489690536182,22.98625932185332
0.4,11.051271495669617,11.934987794481843,22.98625929015146
0.405,11.671921933883324,11.31433733774028,22.986259271623602
0.41000000000000003,12.293456740417822,10.692802525221612,22.986259265639433
0.41500000000000004,12.914549319943458,10.071709950968486,22.986259270911944
0.42,13.533796964988117,9.452462320544686,22.986259285532803
0.425,14.14970888681841,8.836550420246958,22.986259307065367
0.43,14.760696627386606,8.225562705319344,22.98625933270595
0.435,15.36506754756822,7.621191811945538,22.98625935951376
0.44,15.96102208781199,7.02523729687913,22.98625938469112
0.445,16.54665541487448,6.439603991002073,22.986259405876552
0.45,17.119963895513266,5.866295525885759,22.986259421399026
0.455,17.67885658193392,5.3074028485085885,22.98625943044251
0.46,18.221171577416243,4.765087855664779,22.986259433081024
0.465,18.74469681100722,4.241562619167633,22.986259430174854
0.47000000000000003,19.24719443284689,3.7390649903024586,22.98625942314935
0.47500000000000003,19.726427791481317,3.2598316222256685,22.986259413706986
0.48,20.18018980631406,2.8060695972195044,22.986259403533566
0.485,20.606331519744362,2.3799278743116643,22.986259394056027
0.49,21.002789701722286,1.9834696845653184,22.986259386287603
0.495,21.367612563177182,1.6186468175940676,22.98625938077125
0.5,21.698982880347515,1.2872764972603452,22.98625937760786
0.505,21.995238101243544,0.9910212753000439,22.986259376543586
0.51,22.254887263032174,0.7313721140529318,22.986259377085105
0.515,22.476624767997887,0.5096346106186411,22.986259378616527
0.52,22.659341229419862,0.32691815108140754,22.98625938050127
0.525,22.802131701007347,0.1841276811526416,22.98625938215999
0.53,22.904301646489152,0.08195773663539577,22.986259383124548
0.535,22.965370997052165,0.02088838601853793,22.986259383070703
0.54,22.985076593909106,0.0011827879272015966,22.98625938183631
0.545,22.96337323252134,0.022886146906651972,22.986259379427995
0.55,22.900433424802294,0.08582595121810951,22.986259376020403
0.555,22.79664588616688,0.1896134857806546,22.986259371947533
0.56,22.652612645272296,0.3336467224114187,22.986259367683715
0.5650000000000001,22.46914457536453,0.5171147884446379,22.986259363809168
0.5700000000000001,22.247255067374397,0.7390042935816391,22.986259360956037
0.5750000000000001,21.988151516922816,0.9981078428071088,22.986259359729925
0.58,21.693224290980467,1.2930350696283308,22.9862593606088
0.585,21.364032884805102,1.622226479020747,22.986259363825848
0.59,21.002289082668305,1.9839702865861348,22.98625936925444
0.595,20.609837097886782,2.376422278432833,22.986259376319616
0.6,20.188630881703013,2.7976285022641307,22.986259383967145
0.605,19.740709039492156,3.24555035122449,22.986259390716647
0.61,19.268168049470855,3.7180913453411293,22.986259394811984
0.615,18.773134708992007,4.2131246854687925,22.9862593944608
0.62,18.25773890002563,4.728520488102584,22.98625938812821
0.625,17.72408783724481,5.262171537583951,22.986259374828762
0.63,17.1742429207362,5.812016433619927,22.98625935435613
0.635,16.610200160356747,6.376059167041937,22.986259327398685
0.64,16.03387488924693,6.952384406270292,22.986259295517222
0.645,15.447091174996608,7.539168085996833,22.986259260993442
0.65,14.851576011990812,8.134683214593446,22.98625922658426
0.655,14.248958080502451,8.737301114732597,22.98625919523505
0.66,13.640770621339668,9.345488548461873,22.986259169801542
0.665,13.028457819623684,9.957801333196292,22.986259152819976
0.67,12.413384022715578,10.572875123629085,22.986259146344665
0.675,11.796845127565382,11.18941402428901,22.98625915185439
0.68,11.180081545124734,11.806177625091529,22.986259170216265
0.685,10.564292263139755,12.421966938548202,22.986259201687957
0.6900000000000001,9.950649662737,13.035609583202271,22.986259245939273
0.6950000000000001,9.340314880413043,13.64594442166327,22.986259302076313
0.7000000000000001,8.73445363077931,14.251805737878055,22.986259368657365
0.705,8.134252505848933,14.85200693784573,22.986259443694664
0.71,7.540935835773843,15.445323688867443,22.986259524641287
0.715,6.955783227267536,16.030476381101508,22.986259608369043
0.72,6.380147883069245,16.606111808075436,22.98625969114468
0.725,5.815475741018459,17.17078402760347,22.98625976862193
0.73,5.263325344442662,17.722934491428102,22.986259835870765
0.735,4.7253881533406865,18.26087173413519,22.986259887475875
0.74,4.203508712018274,18.782751205729994,22.986259917748267
0.745,3.6997036859164156,19.286556235185735,22.98625992110215
0.75,3.216178254109499,19.77008163854068,22.98625989265018
0.755,2.755337692171092,20.23092213687747,22.986259829048564
0.76,2.3197912280249655,20.66646850153426,22.986259729559226
0.765,1.9123444766322062,21.07391512053636,22.986259597168566
0.77,1.5359761132083918,21.450283326206808,22.9862594394152
0.775,1.193794191290036,21.792465077092984,22.98625926838302
0.78,0.888968025570102,22.097291073702518,22.98625909927262
0.785,0.6246332750643444,22.36162567222657,22.986258947290914
0.79,0.4037711293358688,22.58248769412279,22.98625882345866
0.795,0.2290673279533601,22.75719140313349,22.98625873108685
0.8,0.10276250114658425,22.883496164121546,22.98625866526813
0.805,0.026510582533638367,22.9597480341872,22.98625861672084
0.81,0.0012648298262666392,22.98499374877408,22.986258578600346
0.8150000000000001,0.02720951248154175,22.95904903975633,22.98625855223787
0.8200000000000001,0.10374902737871325,22.88250952039233,22.986258547771044
0.8250000000000001,0.22955640778228573,22.75670217116279,22.986258578945076
0.8300000000000001,0.40267278321659605,22.583585872186273,22.986258655402867
0.835,0.6206415017952608,22.365617275349383,22.986258777144645
0.84,0.8806573411039876,22.105601592674674,22.98625893377866
0.845,1.1797126125285842,21.8065464954137,22.98625910794228
0.85,1.5147265589938324,21.471532721385895,22.986259280379727
0.855,1.8826502339055309,21.103609200383897,22.986259434289426
0.86,2.280544341368366,20.70571521641207,22.986259557780436
0.865,2.705631392302145,20.28062825215441,22.986259644456556
0.87,3.155325792760389,19.830933899988228,22.986259692748618
0.875,3.627246387928294,19.359013316760855,22.98625970468915
0.88,4.119215964920624,18.867043719707347,22.98625968462797
0.885,4.629251676997733,18.35700796115359,22.986259638151324
0.89,5.1555495966106815,17.83070997467772,22.9862595712884
0.895,5.696465827267544,17.28979366272013,22.986259489987674
0.9,6.250495906325106,16.735763493481244,22.98625939980635
0.905,6.816253653494957,16.170005652254805,22.986259305749762
0.91,7.392450169283915,15.593809042922395,22.98625921220631
0.915,7.977873353174536,15.008385769761412,22.986259122935948
0.92,8.57136807677622,14.414890964307395,22.986259041083613
0.925,9.171816996251556,13.81444197294467,22.986258969196225
0.93,9.77812190753262,13.208137001698457,22.986258909231076
0.935,10.389185526868477,12.59707333567866,22.98625886254714
0.9400000000000001,11.003893610402137,11.982365219477504,22.98625882987964
0.9450000000000001,11.621097403418087,11.365161407882297,22.986258811300385
0.9500000000000001,12.239596526027363,10.746662280150723,22.986258806178085
0.9550000000000001,12.858122548613782,10.12813626454258,22.98625881315636
0.96,13.475323674776282,9.51093515539742,22.986258830173703
0.965,14.089751114079409,8.896507740471659,22.986258854551068
0.97,14.699847868700731,8.286411014463383,22.986258883164112
0.975,15.303940750251538,7.682318162452706,22.986258912704244
0.98,15.900236458486457,7.086022481521659,22.986258940008117
0.985,16.486822470213543,6.499436492195887,22.98625896240943
0.99,17.061673293850685,5.924585684199366,22.986258978050053
0.995,17.622662349345614,5.363596636736689,22.986258986082305
1.0,18.167579361286453,4.818679625425824,22.98625898671228
1.0050000000000001,18.694152749880587,4.292106231188917,22.986258981069504
1.01,19.200076125972696,3.786182844959427,22.986258970932123
1.0150000000000001,19.683037698053873,3.3032212603169127,22.986258958370787
1.02,20.140751224466566,2.845507720925384,22.98625894539195
1.025,20.570987113981545,2.4152718196692424,22.986258933650788
1.03,20.971602388179207,2.014656536097646,22.986258924276854
1.035,21.34056844228,1.6456904755430495,22.986258917823047
1.04,21.675995835003455,1.3102630793130476,22.9862589143165
1.045,21.97615565581768,1.010103257558913,22.986258913376595
1.05,22.239497317375637,0.7467615969844604,22.986258914360096
1.055,22.46466287081031,0.5215960456922717,22.98625891650258
1.06,22.65049812402514,0.33576079501062156,22.986258919035762
1.065,22.796060952808677,0.1901979684651371,22.986258921273816
1.07,22.90062723568628,0.08563168698307966,22.98625892266936
1.075,22.963694825973946,0.02256409687145473,22.9862589228454
1.08,22.98498591122668,0.0012730103843848607,22.986258921611064
1.085,22.96444801419121,0.021810904776164305,22.986258918967373
1.09,22.90225377256467,0.08400514254112862,22.9862589151058
1.095,22.798799508207182,0.18745940219476134,22.986258910401943
1.1,22.654702470015803,0.33155643538261276,22.986258905398415
1.105,22.470796518468276,0.5154623823047868,22.986258900773063
1.11,22.248125924561606,0.7381329727224206,22.986258897284028
1.115,21.987936893283255,0.9983220024023389,22.986258895685594
1.12,21.691666404414846,1.2945924921984955,22.986258896613343
1.125,21.360928003505744,1.6253308969391886,22.986258900444934
1.1300000000000001,20.997494282675436,1.9887646244795254,22.986258907154962
1.135,20.603275968026573,2.382982948167541,22.986258916194114
1.1400000000000001,20.180297772033896,2.8059611543961305,22.986258926430025
1.145,19.73067145738013,3.2555874788073558,22.986258936187486
1.1500000000000001,19.256566862598525,3.729692080810782,22.986258943409307
1.155,18.760181918573277,4.22607702735932,22.986258945932597
1.16,18.243712893428064,4.7425460484133275,22.986258941841392
1.165,17.70932620165928,5.276932728168658,22.98625892982794
1.17,17.159133076446526,5.827125833036787,22.98625890948331
1.175,16.59516822905763,6.391090652393206,22.986258881450837
1.18,16.01937332788846,6.966885519520269,22.986258847408727
1.185,15.433585764256005,7.5526730456347115,22.986258809890717
1.19,14.839532786202636,8.146725985788173,22.98625877199081
1.195,14.23883072843932,8.747428008578986,22.986258737018304
1.2,13.632988788309444,9.35326991985803,22.986258708167476
1.205,13.023416618830172,9.962842069420843,22.986258688251013
1.21,12.411434935878509,10.574823743641407,22.986258679519914
1.215,11.798288356699839,11.187970326869504,22.986258683569343
1.22,11.185159779801316,11.801098921512908,22.986258701314224
1.225,10.573185756164724,12.413072976845607,22.98625873301033
1.23,9.96347246339741,13.022786314898045,22.986258778295458
1.235,9.357112056594362,13.629146779636642,22.986258836231002
1.24,8.755199316088694,14.231059589242458,22.98625890533115
1.245,8.158848631607915,14.827410351963474,22.98625898357139
1.25,7.569211447020337,15.417047621357467,22.986259068377805
1.2550000000000001,6.9874943342588525,15.998764822341016,22.986259156599868
1.26,6.414977863845051,16.571281380632595,22.986259244477644
1.2650000000000001,5.853036385980961,17.133222941636056,22.986259327617017
1.27,5.303158720916892,17.6831006800787,22.986259400995593
1.2750000000000001,4.7669695668891325,18.21928989214204,22.986259459031174
1.28,4.246251150886366,18.74000834487028,22.986259495756645
1.285,3.7429642513121526,19.243295253847553,22.986259505159705
1.29,3.2592671921984744,19.72699228955285,22.986259481751325
1.295,2.797530734264716,20.18872868714997,22.986259421414683
1.3,2.3603459799612025,20.62591334257448,22.986259322535684
1.305,1.950521525291469,21.03573766199627,22.986259187287736
1.31,1.5710652676306214,21.415193755112952,22.986259022743575
1.315,1.2251457684495808,21.761113072782734,22.986258841232313
1.32,0.9160282624361467,22.07023039677356,22.986258659209707
1.325,0.6469817975454014,22.339276696583685,22.986258494129086
1.33,0.4211570603010418,22.565101299355472,22.986258359656514
1.335,0.24143937739985724,22.744818883575377,22.986258260975234
1.34,0.11028773090520551,22.875970462125313,22.98625819303052
1.345,0.02957699594294643,22.95668114802727,22.986258143970215
1.35,0.0004648057316515908,22.98579329733295,22.986258103064603
1.355,0.023304189606206206,22.962953879077507,22.986258068683714
1.36,0.09761727259244307,22.888640778259248,22.986258050851692
1.365,0.22213486215314104,22.764123204120423,22.986258066273564
1.37,0.3948947460704294,22.59136338298286,22.98625812905329
1.375,0.6133817929182804,22.372876450059884,22.986258242978163
1.3800000000000001,0.8746882071834144,22.11157019216789,22.986258399351303
1.385,1.1756730719380113,21.810585508336576,22.986258580274587
1.3900000000000001,1.513105142594637,21.47315362190459,22.986258764499226
1.395,1.8837793823344442,21.102479550436847,22.986258932771293
1.4000000000000001,2.2846038769597503,20.70165519407079,22.98625907103054
1.405,2.712658343217861,20.273600828121406,22.986259171339267
1.41,3.165228150861989,19.821031080384962,22.98625923124695
1.415,3.639818889813234,19.346440362617393,22.986259252430628
1.42,4.134156527346777,18.852102711885916,22.986259239232695
1.425,4.646177598905044,18.340081598518093,22.986259197423138
1.43,5.174013022394759,17.81224611089916,22.98625913329392
1.435,5.715968246601421,17.27029080646462,22.98625905306604
1.44,6.270501657896328,16.71575730464848,22.98625896254481
1.445,6.836202521786588,16.15005634515951,22.9862588669461
1.45,7.411769232266701,15.57448953856627,22.986258770832972
1.455,7.995988268290111,14.99027040982357,22.98625867811368
1.46,8.587713992735075,14.398544599333876,22.98625859206895
1.465,9.185849255313892,13.80040926007068,22.98625851538457
1.47,9.789326660838153,13.196931789337574,22.986258450175725
1.475,10.397090326153895,12.589168071838891,22.986258397992785
1.48,11.00807796461887,11.978180395185884,22.986258359804754
1.485,11.621203200332031,11.365055135629886,22.986258335961917
1.49,12.23533812034138,10.75092020580539,22.986258326146768
1.495,12.849296215484816,10.136962113843435,22.98625832932825
1.5,13.461816029928983,9.524442313815147,22.98625834374413
1.5050000000000001,14.071546021442412,8.9147123454955,22.98625836693791
1.51,14.677031308512012,8.309227087366285,22.986258395878295
1.5150000000000001,15.276703120339235,7.709555306836689,22.986258427175926
1.52,15.868871841853247,7.1173866155391226,22.98625845739237
1.5250000000000001,16.451724529653468,6.534533953757035,22.986258483410502
1.53,17.023327645543368,5.962930857260544,22.986258502803913
1.5350000000000001,17.581635506396722,5.404623007735965,22.986258514132686
1.54,18.12450459748102,4.86175391961172,22.986258517092743
1.545,18.6497134782332,4.336545034244954,22.98625851247815
1.55,19.154987579828862,3.8312709221308703,22.986258501959732
1.555,19.638027815469666,3.3482306722611876,22.986258487730854
1.56,20.09654165413399,2.889716817969807,22.986258472103795
1.565,20.52827518492147,2.4579832722224753,22.986258457143943
1.57,20.93104473350484,2.055213710905069,22.98625844440991
1.575,21.302766768058056,1.6834916667716668,22.986258434829722
1.58,21.641485110897953,1.344773317808267,22.986258428706222
1.585,21.945394804070077,1.0408636217480456,22.98625842581812
1.59,22.21286231232059,0.7733961132519149,22.986258425572505
1.595,22.44244204443632,0.5438163827311879,22.986258427167506
1.6,22.632889406855657,0.35336902288140937,22.986258429737067
1.605,22.783170759453988,0.20308767300789393,22.98625843246188
1.61,22.892470722481654,0.09378771216389081,22.986258434645546
1.615,22.96019729415607,0.026061141603367796,22.98625843575944
1.62,22.98598519320052,0.00027324226569295785,22.986258435466212
1.625,22.969697753734764,0.016560679894941616,22.986258433629704
1.6300000000000001,22.911427584730163,0.0748308455872024,22.986258430317363
1.635,22.811496074637265,0.1747623511611383,22.986258425798404
1.6400000000000001,22.670451684359552,0.3158067361756532,22.986258420535204
1.645,22.4890668385128,0.4971915766513326,22.986258415164134
1.6500000000000001,22.268333106290576,0.7179253041658274,22.986258410456404
1.655,22.009454270896562,0.9768041363551012,22.986258407251665
1.6600000000000001,21.71383683351725,1.27242157283901,22.98625840635626
1.665,21.38307749822318,1.6031809101842158,22.986258408407394
1.67,21.018947251152106,1.9673111625608835,22.98625841371299
1.675,20.623371790179174,2.3628866319130126,22.986258422092188
1.68,20.1984082816232,2.787850151131633,22.98625843275483
1.685,19.746218708295746,3.2400397359688182,22.986258444264564
1.69,19.269040403888518,3.717218050736238,22.986258454624757
1.695,18.76915470354487,4.217103757958736,22.986258461503606
1.7,18.248854930626962,4.7374035319542855,22.986258462581247
1.705,17.71041513465865,5.275843321300216,22.986258455958865
1.71,17.156061054231486,5.8301973863145875,22.986258440546074
1.715,16.58794468072929,6.398313735606701,22.986258416335993
1.72,16.008123550847166,6.9781348336552975,22.986258384502463
1.725,15.418545532344496,7.567712814956092,22.986258347300588
1.73,14.821039442919002,8.165218864880664,22.986258307799666
1.735,14.217311419135365,8.76894685037864,22.986258269514003
1.74,13.60894658789853,9.37731164811369,22.98625823601222
1.745,12.997415327409218,9.988842883163137,22.986258210572355
1.75,12.384083256448443,10.6021749394796,22.986258195928045
1.7550000000000001,11.77022405757893,11.216034136537857,22.986258194116786
1.76,11.15703430275845,11.82922390366374,22.986258206422193
1.7650000000000001,10.545649581282143,12.44060865210052,22.986258233382664
1.77,9.937161400152508,13.04909687468567,22.98625827483818
1.7750000000000001,9.332634508989202,13.653623820998856,22.986258329988058
1.78,8.7331244740592,14.253133923381542,22.986258397440743
1.7850000000000001,8.139695473652537,14.846563001591196,22.986258475243734
1.79,7.553438399784399,15.432820161106434,22.986258560890832
1.795,6.975489422484024,16.010769228823747,22.98625865130777
1.8,6.407049197649866,16.579209545176095,22.98625874282596
1.805,5.84940287203698,17.136855959118783,22.986258831155762
1.81,5.303940951680635,17.68231795969893,22.986258911379565
1.815,4.772180941712348,18.214078036281272,22.98625897799362
1.82,4.255789420643185,18.730469604393793,22.98625902503698
1.825,3.7566038614698325,19.22965518489238,22.986259046362214
1.83,3.2766530345615856,19.709606001549744,22.98625903611133
1.835,2.8181742067341835,20.16808478272487,22.986258989459053
1.84,2.383624586669201,20.60263431698146,22.98625890365066
1.845,1.9756835941844075,21.010575185085937,22.986258779270344
1.85,1.5972416505353115,21.38901697096299,22.986258621498305
1.855,1.2513705018033754,21.734887939065747,22.986258440869122
1.86,0.9412699337448717,22.044988319075852,22.986258252820722
1.865,0.6701865810582017,22.31607149429415,22.986258075352353
1.87,0.4413028911823245,22.544955033515244,22.98625792469757
1.875,0.25759852352484686,22.728659286649467,22.986257810174315
1.8800000000000001,0.12169239849826628,22.864565332284354,22.98625773078262
1.885,0.035680255359924716,22.95057742103249,22.986257676392416
1.8900000000000001,0.0009879928614027144,22.985269641417442,22.986257634278846
1.895,0.01826285094089021,22.967994746989596,22.986257597930486
1.9000000000000001,0.08732087384980991,22.89893669862604,22.98625757247585
1.905,0.2071601421802816,22.779097430535483,22.986257572715765
1.9100000000000001,0.37603732708385557,22.61022028781545,22.98625761489931
1.915,0.5915939710431116,22.394663736599767,22.986257707642878
1.92,0.8510119219392025,22.135245925318184,22.986257847257388
1.925,1.1511760068235088,21.83508201223925,22.98625801906276
1.93,1.4888255434874853,21.49743265912145,22.986258202608937
1.935,1.8606824726319806,21.125575904876268,22.98625837750825
1.94,2.2635504338780548,20.722708093692503,22.98625852757056
1.945,2.694384420676248,20.291874221892847,22.986258642569094
1.95,3.1503341042103976,19.835924613903273,22.98625871811367
1.955,3.628765610305554,19.357493144176647,22.9862587544822
1.96,4.127266916817485,18.858991838326276,22.98625875514376
1.965,4.643641624339572,18.342617101070438,22.98625872541001
1.97,5.175895058982111,17.810363612417795,22.986258671399906
1.975,5.722215772730166,17.26404282660382,22.986258599333986
1.98,6.280954671901477,16.7053038432039,22.986258515105376
1.985,6.850603297787829,16.135655126264375,22.986258424052203
1.99,7.429772223503623,15.556486107357694,22.986258330861318
1.995,8.017170108423485,14.969088131127897,22.986258239551383
2.0,8.61158364687138,14.374674506625398,22.986258153496777
2.005,9.2118584399154,13.77439963555057,22.98625807546597
2.0100000000000002,9.816880689904751,13.16937731775314,22.98625800765789
2.015,10.425559552555052,12.560698399169643,22.986257951724696
2.02,11.036809970757103,11.949447938018379,22.98625790877548
2.025,11.649535850743465,11.336722028615592,22.98625787935906
2.0300000000000002,12.262613519413101,10.723644344018059,22.98625786343116
2.035,12.87487551616281,10.111382344152908,22.986257860315717
2.04,13.4850949164696,9.501162952208567,22.986257868678166
2.045,14.091970547189263,8.894287339344515,22.986257886533778
2.05,14.69411361972502,8.292144291590018,22.986257911315036
2.055,15.290036456184982,7.696221483833844,22.986257940018824
2.06,15.878144090311356,7.108113879128593,22.986257969439947
2.065,16.456729562758905,6.529528433717792,22.9862579964767
2.07,17.023973675998665,5.96228434247182,22.986258018470487
2.075,17.577949814012015,5.408308219506672,22.986258033518688
2.08,18.11663416783971,4.869623872855216,22.986258040694928
2.085,18.63792136103317,4.348336679087971,22.986258040121143
2.09,19.139645078973818,3.846612953895181,22.986258032869
2.095,19.619602925718286,3.3666550949910454,22.986258020709332
2.1,20.07558441711026,2.9106735886568815,22.98625800576714
2.105,20.50540081567363,2.4808571744846213,22.986257990158254
2.11,20.90691544799044,2.0793425276933926,22.98625797568383
2.115,21.278073220711963,1.7081847429193406,22.986257963631303
2.12,21.61692824524637,1.3693297094518893,22.98625795469826
2.125,21.92166875482112,1.0645891942049652,22.986257949026086
2.13,22.190638805292473,0.795619141015919,22.986257946308392
2.1350000000000002,22.422356549637637,0.5639013962974572,22.986257945935094
2.14,22.615529131989298,0.3707288151491196,22.98625794713842
2.145,22.769064439723127,0.2171935093952293,22.986257949118357
2.15,22.882080073535043,0.10417787760196934,22.986257951137013
2.1550000000000002,22.953909947836333,0.032348004746008574,22.986257952582342
2.16,22.984108925954864,0.0021490270509008005,22.986257953005765
2.165,22.972455838634783,0.013802113507362965,22.986257952142147
2.17,22.918955142973857,0.06730280694425618,22.986257949918112
2.1750000000000003,22.82383736433616,0.16242058211776156,22.98625794645392
2.18,22.687558336879498,0.29869960517995636,22.986257942059453
2.185,22.51079712926775,0.4754608079538994,22.98625793722165
2.19,22.294452420911366,0.6918055116668325,22.986257932578198
2.195,22.039636991401046,0.9466209374678816,22.986257928868927
2.2,21.747669913603865,1.2385880132550904,22.986257926858954
2.205,21.42006601221465,1.5661919150143755,22.986257927229026
2.21,21.058522177540738,1.927735752897045,22.986257930437784
2.215,20.664900220023192,2.321357716548514,22.986257936571707
2.22,20.24120612033198,2.745051824878585,22.986257945210568
2.225,19.789565769763257,3.196692185584282,22.98625795534754
2.23,19.312197590854005,3.674060374549522,22.986257965403528
2.235,18.811382749672006,4.174875223692126,22.986257973364133
2.24,18.289433978159856,4.696823998881432,22.986257977041287
2.245,17.748664269790247,5.237593704637809,22.986257974428057
2.25,17.191356849787578,5.794901114291186,22.986257964078764
2.255,16.61973782059165,6.366520124842718,22.986257945434367
2.2600000000000002,16.035952734385013,6.9503051846301656,22.98625791901518
2.265,15.442048063873486,7.54420982256277,22.986257886436256
2.27,14.839958170237075,8.146299680008914,22.98625785024599
2.275,14.231497958374417,8.754759855253987,22.986257813628406
2.2800000000000002,13.618361022117009,9.367896757920622,22.986257780037633
2.285,13.002122764607956,9.984134988228515,22.986257752836472
2.29,12.384247762570364,10.60200997242421,22.986257734994574
2.295,11.766100538232156,11.22015719064566,22.986257728877817
2.3000000000000003,11.148958901298881,11.837298834833375,22.986257736132256
2.305,10.534029104746304,12.452228652902058,22.98625775764836
2.31,9.922462195185572,13.063795598393533,22.986257793579107
2.315,9.315371103503477,13.670886739882318,22.986257843385793
2.32,8.713848190205116,14.272409715683303,22.98625790588842
2.325,8.118983113497348,14.867274865808481,22.98625797930583
2.33,7.531881013108029,15.454377048169373,22.986258061277404
2.335,6.953681089851602,16.032577059014525,22.986258148866128
2.34,6.385575703256973,16.60068253529104,22.98625823854801
2.345,5.828830101062085,17.157428225137597,22.986258326199682
2.35,5.284802827855581,17.701455579245067,22.98625840710065
2.355,4.75496672595894,18.231291750017366,22.986258475976307
2.36,4.240930226864709,18.74532830025137,22.986258527116078
2.365,3.744458320193239,19.241800234420108,22.986258554613347
2.37,3.267492162081479,19.71876639070043,22.98625855278191
2.375,2.8121657328622534,20.174092783940807,22.986258516803062
2.38,2.3808172750097203,20.605441168621635,22.986258443631357
2.3850000000000002,1.9759924667788427,21.010265866331537,22.986258333110378
2.39,1.6004354994044219,21.385822689710373,22.986258189114796
2.395,1.2570635956689058,21.72919442465965,22.986258020328556
2.4,0.9489203162861599,22.03733752379125,22.98625784007741
2.4050000000000002,0.6791036414406109,22.30715402317636,22.98625766461697
2.41,0.45066673220378045,22.535590777476415,22.986257509680197
2.415,0.2664928016449658,22.71976458440123,22.986257386046194
2.42,0.129150603759615,22.85710669231746,22.986257296077074
2.4250000000000003,0.040742939161729434,22.94551429449077,22.9862572336525
2.43,0.0027657285280103974,22.983491460110457,22.98625718863847
2.435,0.015997565702288573,22.97025958837632,22.986257154078608
2.44,0.08043751421150108,22.90581961753134,22.98625713174284
2.445,0.19530191519563525,22.79095521692804,22.986257132123676
2.45,0.35908074006899976,22.62717642860195,22.98625716867095
2.455,0.5696436243370616,22.416613625691845,22.986257250028906
2.46,0.8243783123708553,22.161879062578176,22.98625737494903
2.465,1.1203416136814426,21.86591591844735,22.986257532128793
2.47,1.4544049558023193,21.531852748182757,22.986257703985075
2.475,1.8233815885047229,21.16287628322631,22.986257871731034
2.48,2.2241283864665475,20.762129633014148,22.986258019480694
2.485,2.65362039290398,20.332637743496107,22.98625813640009
2.49,3.108999927983238,19.877258289068543,22.98625821705178
2.495,3.5876041451536755,19.39865411544183,22.986258260595505
2.5,4.086975663099331,18.899282606424332,22.986258269523663
2.505,4.604860772666896,18.381397475730047,22.986258248396943
2.5100000000000002,5.139199118896429,17.84705908391332,22.986258202809747
2.515,5.688107980392408,17.29815015825491,22.986258138647315
2.52,6.249863490728436,16.7363945708792,22.986258061607636
2.525,6.822880460531502,16.163377516395467,22.98625797692697
2.5300000000000002,7.405691898236335,15.580565991010324,22.98625788924666
2.535,7.996928894041473,14.989328908526506,22.98625780256798
2.54,8.595301212259974,14.390956507997316,22.986257720257292
2.545,9.19957871430044,13.786678930772691,22.98625764507313
2.5500000000000003,9.8085735908739,13.177683988323603,22.986257579197503
2.555,10.421123303489196,12.56513422077115,22.986257524260346
2.56,11.036074110961646,11.950183370387922,22.98625748134957
2.565,11.652265078352881,11.333992372653382,22.986257451006264
2.57,12.268512526967235,10.717744906240558,22.986257433207793
2.575,12.883594978554045,10.102662448793605,22.986257427347653
2.58,13.496238767321197,9.49001866490517,22.986257432226367
2.585,14.105104629791168,8.881152816279375,22.986257446070542
2.59,14.70877572133341,8.277481745267186,22.9862574666006
2.595,15.305747631811512,7.680509859349338,22.98625749116085
2.6,15.89442106048687,7.091836456430852,22.98625751691772
2.605,16.47309784053858,6.513159700576421,22.986257541115
2.61,17.039980957624717,5.946276603730578,22.986257561355295
2.615,17.593179073805345,5.393078502056819,22.986257575862165
2.62,18.130715849101406,4.855541734569018,22.986257583670422
2.625,18.650544064398698,4.335713520302059,22.98625758470076
2.63,19.150564222683677,3.835693357013772,22.986257579697448
2.6350000000000002,19.628646982826623,3.357610587213789,22.98625757004041
2.64,20.08265850647173,2.903599051000154,22.986257557471884
2.645,20.51048761294945,2.475769930848126,22.986257543797578
2.65,20.91007356379187,2.0761839668296425,22.98625753062151
2.6550000000000002,21.279433342322363,1.7068241768370356,22.9862575191594
2.66,21.616687440465064,1.3695700696843298,22.986257510149393
2.665,21.920083385161764,1.066174118693709,22.986257503855473
2.67,22.188016493920156,0.7982410062190026,22.986257500139157
2.6750000000000003,22.419047606693187,0.5672098918774582,22.986257498570644
2.68,22.611917769571374,0.37433972897797607,22.98625749854935
2.685,22.765560024583678,0.22069747483093372,22.986257499414613
2.69,22.87910857959018,0.10714892094352979,22.98625750053371
2.695,22.951905692127173,0.03435180923846092,22.986257501365635
2.7,22.983506606805165,0.0027508946966834837,22.986257501501846
2.705,22.973682846829114,0.012574653861088695,22.986257500690204
2.71,22.92242408721486,0.06383341163140242,22.986257498846264
2.715,22.829938741184826,0.15631875487170355,22.98625749605653
2.72,22.696653282330676,0.2896042102433407,22.986257492574016
2.725,22.52321021320941,0.46304727559498954,22.986257488804398
2.73,22.31046448576432,0.6757929995149504,22.98625748527927
2.735,22.05947809042278,0.9267793921872753,22.986257482610053
2.74,21.771512469741594,1.2147450116767466,22.986257481418342
2.745,21.44801839039038,1.5382390918511013,22.98625748224148
2.75,21.090622935028634,1.8956345503883183,22.986257485416953
2.755,20.701113361996832,2.2851441289639793,22.98625749096081
2.7600000000000002,20.281417729699655,2.704839768762979,22.986257498462635
2.765,19.83358239050147,3.152675116526069,22.98625750702754
2.77,19.359746712212054,3.626510803084795,22.98625751529685
2.775,18.862115659172318,4.124141862394785,22.986257521567104
2.7800000000000002,18.34293112551205,4.643326398496301,22.98625752400835
2.785,17.804443121454373,5.181814399500771,22.986257520955142
2.79,17.248882033035887,5.737375478182709,22.986257511218597
2.795,16.678433180307028,6.3078243140472265,22.986257494354255
2.8000000000000003,16.095214780500758,6.891042690325282,22.98625747082604
2.805,15.501260193161386,7.484997248867413,22.986257442028798
2.81,14.898505015268164,8.087752394898208,22.986257410166374
2.815,14.288779250010961,8.69747812800329,22.98625737801425
2.82,13.673804440308855,9.312452908310092,22.98625734861895
2.825,13.055195378330719,9.93106194666035,22.98625732499107
2.83,12.43446580284354,10.551791506994281,22.98625730983782
2.835,11.813037388614543,11.173219916750734,22.986257305365278
2.84,11.192251312534022,11.79400600062255,22.98625731315657
2.845,10.573381734499367,12.412875599617921,22.98625733411729
2.85,9.957650635985598,13.028606732485187,22.986257368470785
2.855,9.346243592633053,13.640013823147346,22.9862574157804
2.86,8.740326197999813,14.245931276981914,22.986257474981727
2.865,8.14106098642257,14.845196557987167,22.98625754440974
2.87,7.549624810383161,15.436632811431966,22.986257621815128
2.875,6.9672267019483565,16.01903100241925,22.986257704367606
2.88,6.3951262809549005,16.59113150769633,22.98625778865123
2.8850000000000002,5.8346527574944345,17.15160511316862,22.986257870663056
2.89,5.287224504987594,17.699033440843674,22.98625794583127
2.895,4.754369042930235,18.231888966146983,22.98625800907722
2.9,4.237743053085986,18.748515001869038,22.986258054955023
2.9050000000000002,3.7391517455427903,19.247106332367707,22.9862580779105
2.91,3.2605664783084927,19.725691594399592,22.986258072708086
2.915,2.804139008615002,20.182119026450348,22.98625803506535
2.92,2.3722101242936353,20.614047838212006,22.98625796250564
2.9250000000000003,1.9673097095609888,21.01894814580079,22.986257855361778
2.93,1.592144635109304,21.39411308262644,22.986257717735743
2.935,1.2495703999506915,21.736687158097443,22.986257558048134
2.94,0.9425424604575946,22.043714928221213,22.98625738867881
2.945,0.6740440133277907,22.312213210918603,22.986257224246394
2.95,0.4469890195815927,22.53926805891964,22.986257078501232
2.955,0.26410268583419877,22.722154274801532,22.986256960635732
2.96,0.12778629265663347,22.85847058005956,22.986256872716194
2.965,0.03997840029413241,22.946278409809143,22.986256810103274
2.97,0.0020286382635298253,22.984228127181574,22.986256765445102
2.975,0.014601754460929761,22.97165497996916,22.98625673443009
2.98,0.07762705103213194,22.90862966870912,22.986256719741252
2.985,0.19030172131723785,22.795955009085677,22.986256730402914
2.99,0.35114749517671756,22.635109281600375,22.986256776777093
2.995,0.5581110730434307,22.428145791351284,22.986256864394715
3.0,0.8086926738892009,22.177564316340668,22.98625699022987
3.005,1.100085014360629,21.886172128621354,22.986257142981984
3.0100000000000002,1.4293069341291769,21.55695037229942,22.986257306428595
3.015,1.7933202724367183,21.192937191274584,22.986257463711304
3.02,2.1891237457641917,20.797133854986573,22.986257600750765
3.025,2.6138221189301563,20.372435589092966,22.98625770802312
3.0300000000000002,3.0646722101692347,19.92158557065586,22.986257780825095
3.035,3.5391091232398706,19.4471486953323,22.98625781857217
3.04,4.03475680627115,18.951501017422185,22.986257823693336
3.045,4.549426968615316,18.436830831899307,22.986257800514622
3.0500000000000003,5.0811098878175756,17.90514786651586,22.986257754333437
3.055,5.627959964846181,17.358297725895348,22.986257690741528
3.06,6.188278198039687,16.79797941714042,22.986257615180108
3.065,6.760493130274693,16.225764402401264,22.986257532675957
3.0700000000000003,7.34314131445271,15.64311613325259,22.9862574477053
3.075,7.9348479449936775,15.05140941914604,22.986257364139718
3.08,8.534308008708345,14.451949276529719,22.986257285238064
3.085,9.140268103151913,13.84598911050929,22.986257213661204
3.09,9.751508940043257,13.23474821144677,22.986257151490026
3.095,10.366828483218981,12.61942861702047,22.98625710023945
3.1,10.985025654887929,12.001231405973096,22.986257060861025
3.105,11.604884572629327,11.38137246110588,22.986257033735207
3.11,12.225159345497126,10.76109767316137,22.986257018658495
3.115,12.844559553301819,10.14169746153338,22.986257014835196
3.12,13.461736649552122,9.52452037133652,22.986257020888644
3.125,14.075271653832422,8.910985381076312,22.986257034908732
3.13,14.68366461842932,8.302592436121408,22.986257054550727
3.1350000000000002,15.285326448623222,7.700930628570791,22.98625707719401
3.14,15.878573706484074,7.107683393674633,22.986257100158706
3.145,16.461627015741076,6.524630105217556,22.986257120958633
3.15,17.03261359695733,5.953643540600242,22.986257137557573
3.1550000000000002,17.58957429375721,5.396682854825174,22.986257148582382
3.16,18.130475210860702,4.855781942589586,22.98625715345029
3.165,18.65322379558175,4.333033356797439,22.98625715237919
3.17,19.155688890364225,3.8305682559127465,22.98625714627697
3.1750000000000003,19.63572400517702,3.350533131355564,22.986257136532586
3.18,20.09119284394902,2.8950642808052196,22.98625712475424
3.185,20.519995997873497,2.466261114635219,22.986257112508717
3.19,20.920097703948763,2.0661593971613206,22.986257101110084
3.1950000000000003,21.28955165535364,1.696705436133683,22.986257091487325
3.2,21.626525021250398,1.3597320628882044,22.986257084138604
3.205,21.929320057058803,1.0569370221014356,22.98625707916024
3.21,22.196392928354758,0.7898641479713888,22.986257076326147
3.215,22.42636960140194,0.5598874737901791,22.98625707519212
3.22,22.61805884733079,0.3681982278704527,22.98625707520124
3.225,22.770462550830153,0.21579452494608714,22.98625707577624
3.23,22.88278360257702,0.10347347381376654,22.98625707639079
3.235,22.95443168939167,0.03182538722804626,22.986257076619715
3.24,22.985027283988025,0.0012297921823275287,22.986257076170354
3.245,22.974404086507594,0.011852988392381577,22.986257074899974
3.25,22.92261009297055,0.0636469798522184,22.98625707282277
3.255,22.829907371452215,0.15634969865630344,22.98625707010852
3.2600000000000002,22.696770524868395,0.28948654220415887,22.986257067072554
3.265,22.523883719123212,0.46237334503162686,22.986257064154838
3.27,22.312136066508508,0.6741209953747394,22.986257061883247
3.275,22.06261508651448,0.9236419743034399,22.98625706081792
3.2800000000000002,21.776597929853857,1.2096591316197118,22.98625706147357
3.285,21.455540056582798,1.5307170076394274,22.986257064222226
3.29,21.101061114324423,1.885195954861549,22.98625706918597
3.295,20.7149278729687,2.271329203167406,22.986257076136106
3.3000000000000003,20.299034237257683,2.687222847166302,22.986257084423986
3.305,19.855378569738043,3.1308785232320595,22.986257092970103
3.31,19.386038795690748,3.6002183046427847,22.986257100333532
3.315,18.893146001964926,4.093111102904707,22.986257104869633
3.3200000000000003,18.378857450328926,4.607399654634763,22.98625710496369
3.325,17.84533006954101,5.140927029762998,22.98625709930401
3.33,17.29469554155106,5.691561545591526,22.986257087142587
3.335,16.729038041537038,6.257219026951347,22.986257068488385
3.34,16.150375531401142,6.8358815127897925,22.986257044190936
3.345,15.560645261997543,7.425611753898204,22.986257015895745
3.35,14.961693844603419,8.024563141281783,22.986256985885202
3.355,14.355271947532287,8.630985009306663,22.98625695683895
3.36,13.743033398340593,9.243223533221528,22.98625693156212
3.365,13.126538256096183,9.859718656631017,22.9862569127272
3.37,12.507259278995509,10.478997623666332,22.986256902661843
3.375,11.886591153775683,11.099665749424414,22.986256903200097
3.38,11.265861866724812,11.720395048871287,22.9862569155961
3.3850000000000002,10.646345665710777,12.339911274778421,22.9862569404892
3.39,10.029277168990252,12.956979808913422,22.986256977903672
3.395,9.415866300068966,13.570390727196223,22.98625702726519
3.4,8.807313851289418,14.178943236130632,22.98625708742005
3.4050000000000002,8.204827588132101,14.781429568515447,22.986257156647547
3.41,7.609638890633542,15.376618342028019,22.98625723266156
3.415,7.0230199794074855,15.96323733319515,22.986257312602635
3.42,6.4463017842132615,16.539955608813983,22.986257393027245
3.4250000000000003,5.880892475398132,17.105364994508474,22.986257469906604
3.43,5.328296584072591,17.657960954579774,22.986257538652367
3.435,4.790134474675052,18.196123119522536,22.98625759419759
3.44,4.268161690526787,18.718095940640467,22.986257631167256
3.4450000000000003,3.7642873549105142,19.221970289271336,22.98625764418185
3.45,3.2805903651532327,19.705667263187916,22.98625762834115
3.455,2.8193315620574033,20.166926017862323,22.986257579919727
3.46,2.3829594091860664,20.603298088077405,22.986257497263473
3.465,1.9741060315290073,21.01215135025539,22.986257381784398
3.47,1.5955698578836595,21.39068738092504,22.9862572388087
3.475,1.2502807874515849,21.73597629041691,22.986257077868494
3.48,0.9412440546721782,22.04501285726739,22.98625691193957
3.485,0.6714601591796149,22.314796596107254,22.986256755286867
3.49,0.44382069007190794,22.542435930060282,22.986256620132192
3.495,0.260983717426987,22.725272795825017,22.986256513252005
3.5,0.12523729938058678,22.861019134949657,22.986256434330244
3.505,0.038364565763797896,22.94789181184673,22.986256377610527
3.5100000000000002,0.001527222686117208,22.984729113978847,22.986256336664965
3.515,0.015184518437219758,22.971071791322466,22.986256309759685
3.52,0.07906077706755306,22.907195525230247,22.9862563022978
3.525,0.19216703129558846,22.794089293177638,22.986256324473228
3.5300000000000002,0.35287307162173154,22.633383313904016,22.98625638552575
3.535,0.5590181101331916,22.42723837804117,22.986256488174362
3.54,0.8080434769236882,22.178213149346025,22.986256626269714
3.545,1.0971301485421914,21.88912663776793,22.986256786310122
3.5500000000000003,1.4233267596589236,21.562930191665853,22.986256951324776
3.555,1.7836584893569087,21.202598615636607,22.986257104993516
3.56,2.1752122025745275,20.811045031963047,22.986257234537575
3.565,2.5951973341548915,20.391059997800788,22.98625733195568
3.5700000000000003,3.040984754162726,19.94527263975357,22.986257393916294
3.575,3.5101272855036174,19.47613013537826,22.986257420881877
3.58,4.000365961638479,18.985891454338706,22.986257415977185
3.585,4.509625879719465,18.476631504207766,22.98625738392723
3.59,5.036004936701323,17.950252393510514,22.986257330211835
3.595,5.577758054144072,17.408499206322865,22.986257260466935
3.6,6.133278834309966,16.85297834579012,22.986257180100086
3.605,6.701080012126466,16.285177081942585,22.986257094069053
3.61,7.279773598393561,15.706483408377968,22.98625700677153
3.615,7.8680512494546875,15.118205672548301,22.986256922002987
3.62,8.46466513685625,14.521591706095807,22.98625684295206
3.625,9.068409413508116,13.917847358702195,22.98625677221031
3.63,9.678102267387917,13.308154444393825,22.986256711781742
3.6350000000000002,10.292568508858025,12.693688154225429,22.986256663083452
3.64,10.910622644293063,12.075633982641818,22.986256626934882
3.645,11.531052439437175,11.455204164100245,22.98625660353742
3.65,12.152603063377814,10.833653529076518,22.986256592454332
3.6550000000000002,12.773962019620477,10.21229457298282,22.986256592603297
3.66,13.393745203255055,9.59251139902623,22.986256602281287
3.665,14.010484557766027,8.975772061472975,22.986256619239
3.67,14.622617923011408,8.363638717810003,22.98625664082141
3.6750000000000003,15.228481745787208,7.757774918388456,22.986256664175663
3.68,15.826307344403714,7.159949342111358,22.986256686515073
3.685,16.41422136057976,6.572035344826926,22.986256705406685
3.69,16.990250885842087,5.996005833193648,22.986256719035737
3.6950000000000003,17.552333518425034,5.433923207969225,22.98625672639426
3.7,18.09833230872381,4.887924418628389,22.9862567273522
3.705,18.626055219647,4.360201502944757,22.986256722591758
3.71,19.1332784057398,3.8529783076785415,22.986256713418342
3.715,19.6177723467415,3.3684843547486087,22.98625670149011
3.72,20.077329695056815,2.9089269934686195,22.986256688525433
3.725,20.509793634933406,2.4764630411125084,22.986256676045915
3.73,20.913085606841513,2.0731710583564356,22.98625666519795
3.735,21.28523140749127,1.7010252491785103,22.98625665666978
3.74,21.62438490381826,1.3618717468790547,22.986256650697314
3.745,21.928848861127072,1.0574077860090871,22.98625664713616
3.75,22.197092645346142,0.7891640002235404,22.986256645569682
3.755,22.42776678778021,0.5584898576455838,22.986256645425794
3.7600000000000002,22.619714578567798,0.3665420675148582,22.986256646082655
3.765,22.77198097334872,0.21427567360444222,22.986256646953166
3.77,22.883819156278935,0.10243749126580193,22.98625664754474
3.775,22.954695107548435,0.03156153994958855,22.986256647498024
3.7800000000000002,22.984290484514336,0.0019661620940801938,22.986256646608417
3.785,22.97250405337709,0.013752591458855715,22.986256644835947
3.79,22.919451813896675,0.06680482840986052,22.986256642306536
3.795,22.825465853274924,0.1607907860306887,22.986256639305612
3.8000000000000003,22.69109185675874,0.2951647795032052,22.986256636261945
3.805,22.517085101321534,0.46917153239674114,22.986256633718277
3.81,22.304404674820603,0.6818519574620568,22.98625663228266
3.815,22.05420560671711,0.9320510258406289,22.98625663255774
3.8200000000000003,21.767828578461177,1.218428056584729,22.986256635045905
3.825,21.446786912008466,1.539469728028696,22.986256640037162
3.83,21.092750621220596,1.8935060262725294,22.986256647493125
3.835,20.70752745586976,2.278729201080875,22.986256656950633
3.84,20.293041066920253,2.6932156005534575,22.98625666747371
3.845,19.85130666049838,3.1349500171839058,22.986256677682285
3.85,19.384404762231114,3.6018519236436646,22.98625668587478
3.855,18.89445395097166,4.091802739270954,22.986256690242612
3.86,18.383583605247374,4.602673083901834,22.986256689149208
3.865,17.85390780416522,5.132348877258286,22.986256681423505
3.87,17.307501514783976,5.678755151823953,22.98625666660793
3.875,16.74638007461539,6.239876570491023,22.986256645106415
3.88,16.17248275464213,6.813773863558458,22.986256618200585
3.8850000000000002,15.587660895741934,7.398595692191375,22.98625658793331
3.89,14.993670791018673,7.992585765870626,22.9862565568893
3.895,14.39217118149624,8.594085346422473,22.986256527918712
3.9,13.784724979597264,9.201531524260947,22.98625650385821
3.9050000000000002,13.17280465786554,9.813451829422865,22.986256487288404
3.91,12.557800648715958,10.428455831638644,22.9862564803546
3.915,11.941032090146368,11.045224394509836,22.986256484656202
3.92,11.323759307936687,11.662497193259322,22.98625650119601
3.9250000000000003,10.70719752714966,12.279059003223228,22.986256530372888
3.93,10.092531433871503,12.893725138127554,22.986256571999057
3.935,9.480930343118791,13.505326282204102,22.986256625322895
3.94,8.87356385518925,14.11269283385814,22.98625668904739
3.9450000000000003,8.271617988645623,14.714638772689339,22.986256761334964
3.95,7.676311854889526,15.309944984908508,22.986256839798035
3.955,7.088914980036286,15.897341941442583,22.98625692147887
3.96,6.510765378145293,16.475491624680306,22.9862570028256
3.9650000000000003,5.943288428460632,17.042968651219585,22.986257079680218
3.97,5.388016498693732,17.598240648603312,22.986257147297046
3.975,4.846609074149887,18.139648126272693,22.98625720042258
3.98,4.320872883267775,18.665384350208953,22.986257233476728
3.985,3.8127811368349187,19.173476104049538,22.986257240884456
3.99,3.3244905056938543,19.661766711918684,22.98625721761254
3.995,2.8583538447181964,20.127903315230487,22.986257159948682
4.0,2.416925946909785,20.569331119598854,22.98625706650864
4.005,2.0029588423446727,20.983298097003683,22.986256939348355
4.01,1.6193824757501296,21.366874309132733,22.986256784882862
4.015,1.2692662369236354,21.716990377195554,22.98625661411919
4.0200000000000005,0.9557571248990291,22.03049931671549,22.98625644161452
4.025,0.6819917215651753,22.304264561225786,22.98625628279096
4.03,0.4509820119670033,22.5352741379941,22.986256149961104
4.035,0.26547952448417644,22.720776524039287,22.986256048523465
4.04,0.1278278184556839,22.8584281571306,22.986255975586285
4.045,0.039818795242247844,22.946437127476216,22.986255922718463
4.05,0.002571784549878195,22.983684097631084,22.986255882180963
4.055,0.016453980964372856,22.96980187220114,22.98625585316551
4.0600000000000005,0.08105566872299809,22.905200175075326,22.986255843798325
4.065,0.19522462955133854,22.791031237701365,22.9862558672527
4.07,0.3571537327558709,22.62910220164191,22.986255934397782
4.075,0.5645071413039578,22.421748906249316,22.986256047553276
4.08,0.8145661697653711,22.171690028827722,22.986256198593093
4.085,1.1043761557197271,21.881880215788645,22.98625637150837
4.09,1.4308796304815488,21.55537691675505,22.9862565472366
4.095,1.7910266580205165,21.19523005023449,22.986256708255006
4.1,2.1818586568473863,20.804398184632202,22.986256841479587
4.105,2.6005662261227953,20.385690713124983,22.986256939247777
4.11,3.044524114340366,19.941732884559865,22.98625699890023
4.115,3.5113076656700364,19.474949355986677,22.986257021656712
4.12,3.9986952535085414,18.987561757825134,22.986257011333674
4.125,4.504660778535139,18.481596194680012,22.986256973215152
4.13,5.02735959807573,17.958897315121508,22.986256913197238
4.135,5.565110481218512,17.421146355988782,22.986256837207293
4.14,6.116375470357051,16.86988128049273,22.986256750849783
4.1450000000000005,6.67973892807151,16.30651773114271,22.98625665921422
4.15,7.253886571771771,15.732369995018992,22.986256566790765
4.155,7.83758494014013,15.148671537307871,22.986256477448002
4.16,8.429661480016373,14.55659491442522,22.986256394441593
4.165,9.028985273768294,13.957271046662427,22.98625632043072
4.17,9.634448331343107,13.351807926146405,22.98625625748951
4.175,10.244947337116194,12.741308869986355,22.98625620710255
4.18,10.859365761117328,12.126890409026188,22.986256170143516
4.1850000000000005,11.476556310585982,11.509699836253361,22.986256146839345
4.19,12.095323804552837,10.890932332178439,22.986256136731278
4.195,12.71440869300516,10.271847445643305,22.986256138648464
4.2,13.332471601484897,9.65378454923425,22.986256150719147
4.205,13.94807944519258,9.03817672524948,22.98625617044206
4.21,14.559693802153259,8.426562392685891,22.98625619483915
4.215,15.16566233691097,7.82059388378441,22.98625622069538
4.22,15.764214097626398,7.2220421472447605,22.986256244871157
4.225,16.35345944725635,6.632796817391245,22.986256264647594
4.23,16.931395220625426,6.054861057419221,22.986256278044646
4.235,17.49591542651081,5.490340857534627,22.986256284045435
4.24,18.0448274596302,4.941428823042622,22.98625628267282
4.245,18.575873392531804,4.410382882363482,22.986256274895286
4.25,19.086755535271468,3.899500727111078,22.986256262382547
4.255,19.575165137023944,3.41109111014283,22.986256247166775
4.26,20.038812904160462,2.947443327125671,22.986256231286134
4.265,20.475459949640886,2.510796266843239,22.986256216484126
4.2700000000000005,20.882947869710577,2.103308334302162,22.98625620401274
4.275,21.259226843285745,1.7270293512711534,22.986256194556898
4.28,21.602380927921654,1.383875260343241,22.986256188264896
4.285,21.910650038031324,1.0756061468219351,22.98625618485326
4.29,22.182448392998246,0.803807790747916,22.986256183746164
4.295,22.416379481674948,0.5698767025422145,22.98625618421716
4.3,22.611247785017238,0.37500840049406814,22.986256185511305
4.305,22.76606762246147,0.22018856447537158,22.986256186936842
4.3100000000000005,22.880069542393336,0.10618664553395647,22.986256187927292
4.315,22.952704671555605,0.033551516522258795,22.986256188077864
4.32,22.983647384652258,0.0026088025119881276,22.986256187164248
4.325,22.97279656661843,0.013459618531572336,22.986256185150005
4.33,22.92027562824878,0.06598055393820228,22.986256182186985
4.335,22.826431312153385,0.15982486645611407,22.986256178609498
4.34,22.69183120049348,0.2944249744262687,22.986256174919745
4.345,22.51725971857099,0.4689964531881463,22.986256171759138
4.3500000000000005,22.303712329558184,0.6825438403000892,22.986256169858272
4.355,22.052387546895794,0.9338686230637889,22.98625616995958
4.36,21.764676364442046,1.2215798082671838,22.98625617270923
4.365,21.442148732439932,1.5441074460839377,22.98625617852387
4.37,21.086536799682026,1.899719387765227,22.986256187447253
4.375,20.699714803620953,2.2865413954033604,22.986256199024314
4.38,20.283675716756406,2.70258049547307,22.986256212229478
4.385,19.84050503413231,3.145751191352701,22.98625622548501
4.39,19.37235238533002,3.613903851465892,22.986256236795914
4.3950000000000005,18.881401936315108,4.104854307685938,22.986256244001044
4.4,18.36984276794678,4.616413477161464,22.986256245108244
4.405,17.839840538086634,5.146415700566656,22.98625623865329
4.41,17.29351172499434,5.692744499009897,22.986256224004237
4.415,16.732901603694305,6.253354597848812,22.986256201543117
4.42,16.159966840866915,6.826289331817012,22.986256172683927
4.425,15.576563245550131,7.409692894177711,22.986256139727843
4.43,14.984438833640098,8.001817271952952,22.98625610559305
4.4350000000000005,14.385232006882813,8.601024066599733,22.986256073482544
4.44,13.780474355876105,9.205781690677918,22.986256046554026
4.445,13.171597399426757,9.814658628216113,22.98625602764287
4.45,12.559942478542009,10.42631354052536,22.98625601906737
4.455,11.946773024823605,11.039482997695341,22.986256022518944
4.46,11.333288500934708,11.652967538090671,22.986256039025378
4.465,10.720639440358884,12.265616628603926,22.98625606896281
4.47,10.109943169767899,12.876312942324454,22.986256112092352
4.4750000000000005,9.502299958045464,13.483956209556323,22.986256167601788
4.48,8.89880948431218,14.08744674982303,22.98625623413521
4.485,8.300587641023526,14.6856686687822,22.986256309805725
4.49,7.708783779094037,15.277472613092606,22.986256392186643
4.495,7.124598554138586,15.861657924148401,22.98625647828699
4.5,6.549302540979125,16.4369540235391,22.986256564518225
4.505,5.984255741173509,17.002000905492736,22.986256646666245
4.51,5.430928006576582,17.55532871331227,22.986256719888853
4.515,4.890920228339084,18.095336550429487,22.98625677876857
4.5200000000000005,4.365985878710313,18.62027093875152,22.986256817461832
4.525,3.858052122620274,19.12820470737909,22.986256829999366
4.53,3.3692392169526446,19.617017593848797,22.986256810801443
4.535,2.9018762737623,20.08438048170192,22.986256755464222
4.54,2.45851068487528,20.52774597695516,22.98625666183044
4.545,2.041907635613677,20.944348895637066,22.986256531250742
4.55,1.6550352928290388,21.33122107692704,22.986256369756077
4.555,1.3010306627726036,21.685225525840316,22.98625618861292
4.5600000000000005,0.9831411371893448,22.003114866360818,22.986256003550164
4.565,0.7046378590631801,22.281617973004135,22.986255832067314
4.57,0.46869973348130317,22.517555955461287,22.986255688942588
4.575,0.27827145286405586,22.70798412851176,22.98625558137582
4.58,0.13590499894330244,22.850350507503023,22.986255506446327
4.585,0.04360054481178348,22.94265490859891,22.986255453410696
4.59,0.002667454777092121,22.983587956086417,22.98625541086351
4.595,0.013626842616679319,22.972628532420632,22.986255375037313
4.6000000000000005,0.07617244890301786,22.910082904808768,22.986255353711787
4.605,0.18919695679059625,22.79705840591241,22.986255362703005
4.61,0.3508789739717033,22.635376443149532,22.986255417121235
4.615,0.5588155305757189,22.427439992445983,22.9862555230217
4.62,0.8101791163492247,22.176076557691296,22.98625567404052
4.625,1.101877996829503,21.88437785690082,22.986255853730324
4.63,1.430702687028368,21.555553354077293,22.986256041105662
4.635,1.793447771451645,21.19280844477473,22.986256216226376
4.64,2.1870045597525003,20.79925180410281,22.98625636385531
4.6450000000000005,2.608424980261168,20.377831494542885,22.986256474804055
4.65,3.054960178168534,19.931296367385038,22.986256545553573
4.655,3.5240786841625065,19.462177892834056,22.986256576996563
4.66,4.013469222277735,18.97278735069462,22.986256572972355
4.665,4.521032725690917,18.465223813285796,22.98625653897671
4.67,5.044867313578298,17.941389167613213,22.98625648119151
4.675,5.583249102883983,17.403007302950517,22.9862564058345
4.68,6.134610923173661,16.85164539559653,22.98625631877019
4.6850000000000005,6.697520328936277,16.288735896370287,22.986256225306565
4.69,7.270657773664379,15.71559835644862,22.986256130113
4.695,7.852795412787745,15.133460624420236,22.98625603720798
4.7,8.442776718711151,14.543479231270837,22.986255949981988
4.705,9.039496900957257,13.94675897027259,22.986255871229847
4.71,9.64188401097593,13.3443717922007,22.986255803176633
4.715,10.24888056188716,12.737375185600012,22.98625574748717
4.72,10.859425499386623,12.126830205866474,22.986255705253097
4.7250000000000005,11.472436415020393,11.513819261937954,22.986255676958347
4.73,12.086791991843011,10.899463670588247,22.986255662431258
4.735,12.701314809099017,10.28494085169739,22.98625566079641
4.74,13.314754798166724,9.671500872283122,22.986255670449847
4.745,13.925773822997211,9.060481866087692,22.986255689084903
4.75,14.532932035160705,8.453323678635238,22.98625571379594
4.755,15.134676800928249,7.8515789403494365,22.986255741277684
4.76,15.72933508615405,7.256920681966182,22.98625576812023
4.765,16.31511018495995,6.671145606211438,22.986255791171388
4.7700000000000005,16.890083567906885,6.096172240003891,22.986255807910776
4.775,17.452222395927297,5.53403342083449,22.986255816761787
4.78,17.999392909220532,4.986862908047804,22.986255817268336
4.785,18.52937948930693,4.456876320781611,22.98625581008854
4.79,19.039908760179927,3.946347036620896,22.986255796800823
4.795,19.52867770337182,3.457578076194796,22.986255779566616
4.8,19.99338447064529,2.9928712900834977,22.98625576072879
4.805,20.43176042902525,2.5544953134095567,22.986255742434807
4.8100000000000005,20.841601982060013,2.1446537442967015,22.986255726356713
4.815,21.220800866321106,1.765454847223735,22.986255713544843
4.82,21.56737188767726,1.4188838167368802,22.98625570441414
4.825,21.879477388978437,1.1067783098540511,22.986255698832487
4.83,22.15544807884337,0.8308076174247572,22.986255696268127
4.835,22.393800157433514,0.5924555385193568,22.98625569595287
4.84,22.593248920042306,0.39300677698885367,22.98625569703116
4.845,22.75271918842525,0.2335365102522694,22.986255698677518
4.8500000000000005,22.87135301126783,0.11490268890984652,22.986255700177676
4.855,22.94851509632839,0.03774060465011202,22.9862557009785
4.86,22.983796399928078,0.002459300786467526,22.986255700714544
4.865,22.9770162186258,0.009239480593386983,22.986255699219186
4.87,22.92822301668452,0.05803267984397967,22.9862556965285
4.875,22.83769409345334,0.1485615994263009,22.98625569287964
4.88,22.70593405783373,0.28032163086991646,22.986255688703647
4.885,22.533671942611946,0.4525837419960223,22.98625568460797
4.89,22.321856669913004,0.6643990114285308,22.986255681341536
4.8950000000000005,22.07165048173697,0.914605197995397,22.986255679732366
4.9,21.78441988933698,1.2018357912553421,22.986255680592322
4.905,21.4617236859816,1.5245319986045374,22.986255684586137
4.91,21.10529762282305,1.8809580692508097,22.986255692073858
4.915,20.71703547728759,2.2692202256617318,22.98625570294932
4.92,20.298966450707958,2.6872892658023675,22.986255716510325
4.925,19.853229108875443,3.133026622529633,22.986255731405077
4.93,19.382042403790454,3.604213341905063,22.986255745695516
4.9350000000000005,18.887674650651025,4.09858110640855,22.986255757059574
4.94,18.372411633557327,4.61384412956209,22.986255763119416
4.945,17.838525225828818,5.147730536016067,22.986255761844884
4.95,17.288243993148516,5.698011758800666,22.98625575194918
4.955,16.72372717564395,6.262528557543082,22.986255733187033
4.96,16.147043220651334,6.839212485833204,22.98625570648454
4.965,15.560153691311056,7.426101982561375,22.98625567387243
4.97,14.964902959153655,8.021352679091693,22.986255638245346
4.9750000000000005,14.363013663404892,8.623241939602403,22.986255603007294
4.98,13.756087544258492,9.23016802742428,22.986255571682772
4.985,13.145610975193541,9.840644572370248,22.98625554756379
4.99,12.532964352655013,10.45329118078645,22.986255533441465
4.995,11.91943445063645,11.066821080803608,22.986255531440058
5.0,11.306228896475268,11.680026646470445,22.986255542945713
5.005,10.694492045975451,12.291763522631207,22.98625556860666
5.01,10.085321701153559,12.900933907222132,22.986255608375693
5.015,9.479786294991987,13.506469366575141,22.986255661567128
5.0200000000000005,8.878942342333183,14.107313384575065,22.986255726908247
5.025,8.283852108307924,14.702403694264241,22.986255802572167
5.03,7.695601564716735,15.290654321470903,22.98625588618764
5.035,7.115318783606609,15.870937191220087,22.986255974826697
5.04,6.54419295075872,16.442063114219486,22.986256064978207
5.045,5.983494164609577,17.002761987907732,22.98625615251731
5.05,5.434594111067805,17.551662121623774,22.98625623269158
5.055,4.898987561210793,18.087268738936988,22.98625630014778
5.0600000000000005,4.3783144122545625,18.607941936783966,22.986256349038527
5.065,3.874381663649969,19.11187470960846,22.98625637325843
5.07,3.3891842685983944,19.597072098275028,22.986256366873423
5.075,2.9249232083484538,20.0613331164593,22.98625632480775
5.08,2.4840183970055536,20.50223784682216,22.986256243827714
5.085,2.069113164046203,20.91714295973606,22.986256123782265
5.09,1.683066165051871,21.30318980384896,22.986255968900828
5.095,1.3289258182670525,21.657329970443882,22.986255788710935
5.1000000000000005,1.009882064909611,21.97637353298403,22.986255597893642
5.105,0.7291908513810174,22.25706456296581,22.986255414346825
5.11,0.49006875270798805,22.496186502475968,22.986255255183956
5.115,0.29555901055056893,22.690696120992808,22.986255131543377
5.12,0.14837592837897037,22.837879116179362,22.986255044558334
5.125,0.05074123663067439,22.935513748837874,22.98625498546855
5.13,0.004231930713217236,22.98202301054668,22.986254941259897
5.135,0.009661796510210655,22.97659310700887,22.986254903519082
5.14,0.06701635333748042,22.91923852169138,22.98625487502886
5.1450000000000005,0.175452886404784,22.810801982940795,22.98625486934558
5.15,0.33336554900726767,22.65288935437945,22.98625490338672
5.155,0.5385038306327071,22.44775115730114,22.986254987933847
5.16,0.7881246486041932,22.198130473169748,22.98625512177394
5.165,1.079155857692313,21.907099434229085,22.9862552919214
5.17,1.4083516989734128,21.57790377940915,22.986255478382564
5.175,1.772426604155274,21.213829056002265,22.98625566015754
5.18,2.1681604380342336,20.81809538181402,22.986255819848257
5.1850000000000005,2.5924739227374456,20.3937820231546,22.986255945892047
5.19,3.042476832605237,19.943779200133275,22.98625603273851
5.195,3.5154935628546586,19.470762516955542,22.9862560798102
5.2,4.00907127119051,18.977184818839476,22.986256090029986
5.205,4.520975490128879,18.46528057828901,22.98625606841789
5.21,5.049177354972512,17.937078666009764,22.986256020982275
5.215,5.591835696935338,17.394420257014495,22.986255953949833
5.22,6.147276392221134,16.83897948106593,22.986255873287064
5.2250000000000005,6.713970620330183,16.27228516410852,22.986255784438704
5.23,7.2905130940247975,15.695742598186458,22.986255692211255
5.235,7.875600873692797,15.110654727052413,22.98625560074521
5.24,8.46801305175344,14.518242461780543,22.986255513533983
5.245,9.06659136693227,13.919664066530164,22.986255433462432
5.25,9.670221664569851,13.316033698275062,22.986255362844915
5.255,10.27781604257378,12.708439260877904,22.986255303451685
5.26,10.888295502264148,12.097959754252168,22.986255256516316
5.265,11.500572951646824,11.485682271074747,22.98625522272157
5.2700000000000005,12.113536480044132,10.872718722123142,22.986255202167275
5.275,12.726032932385202,10.26022226194446,22.98625519432966
5.28,13.336851952270024,9.649403245758377,22.986255198028402
5.285,13.944710825408329,9.041544386015612,22.98625521142394
5.29,14.548240624693289,8.438014607377024,22.986255232070313
5.295,15.145974315026344,7.840280942019404,22.986255257045748
5.3,15.736337595245445,7.249917687926121,22.986255283171566
5.305,16.317643308993965,6.668611998315848,22.98625530730981
5.3100000000000005,16.88809022124056,6.098165105464343,22.986255326704903
5.315,17.445766815981397,5.540488523330594,22.98625533931199
5.32,17.98866052174538,4.99759482229773,22.98625534404311
5.325,18.514672432439426,4.471582908432351,22.98625534087178
5.33,19.021637199054283,3.9646181317099662,22.986255330764248
5.335,19.507347374874474,3.4789079405750596,22.986255315449533
5.34,19.96958116022158,3.016674136858004,22.986255297079584
5.345,20.406132262324512,2.580123015532421,22.986255277856934
5.3500000000000005,20.814840493192083,2.1714147665164356,22.986255259708518
5.355,21.19362178000785,1.7926334640535133,22.98625524406136
5.36,21.54049644034248,1.4457587914017724,22.986255231744252
5.365,21.853614841338526,1.1326403816662187,22.986255223004743
5.37,22.131279871868042,0.8549753457420926,22.986255217610136
5.375,22.37196596444034,0.614289250550619,22.98625521499096
5.38,22.57433467313834,0.41192054125335487,22.986255214391694
5.385,22.737247021724873,0.24900819327821083,22.986255215003084
5.39,22.85977297212874,0.12648224393519858,22.98625521606394
5.3950000000000005,22.9411984285244,0.04505678840629802,22.9862552169307
5.4,22.98103019425951,0.005225022860000331,22.98625521711951
5.405,22.978999249896493,0.007255966431856716,22.98625521632835
5.41,22.935062633635145,0.051192580812283284,22.98625521444743
5.415,22.849404092802715,0.13685111875885034,22.986255211561566
5.42,22.722433548188725,0.2638216597588524,22.98625520794758
5.425,22.55478528201821,0.4314699220456556,22.986255204063863
5.43,22.347314635293387,0.6389405652340422,22.986255200527427
5.4350000000000005,22.101092891634334,0.8851623064354835,22.986255198069816
5.44,21.81739994436649,1.168855253099422,22.986255197465912
5.445,21.497714304429852,1.488540894999317,22.98625519942917
5.45,21.14370002216612,1.8425551823103672,22.986255204476485
5.455,20.75719017809119,2.2290650346845027,22.986255212775692
5.46,20.340166753767477,2.6460884702345266,22.986255224002004
5.465,19.89473692295509,3.0915183142861262,22.986255237241217
5.47,19.423106092625225,3.563149158355384,22.98625525098061
5.4750000000000005,18.92754834660668,4.058706916614777,22.98625526322146
5.48,18.410375262133087,4.5758800095874435,22.98625527172053
5.485,17.87390433386381,5.112350940471617,22.986255274335427
5.49,17.320428404126382,5.665826865286983,22.986255269413366
5.495,16.752187526484892,6.234067729654609,22.9862552561395
5.5,16.171344567529076,6.814910667235922,22.986255234764997
5.505,15.579965590558704,7.4062896161014224,22.986255206660125
5.51,14.98000570131552,8.006249472868529,22.98625517418405
5.515,14.37330062411757,8.612954516287825,22.986255140405397
5.5200000000000005,13.761563875985058,9.224691232755163,22.98625510874022
5.525,13.14638906859394,9.83986601398698,22.986255082580918
5.53,12.529256628433512,10.456998436543977,22.986255064977488
5.535,11.91154409885198,11.07471095955577,22.98625505840775
5.54,11.29453916875319,11.691715895891729,22.98625506464492
5.545,10.679454642251994,12.306800442457792,22.986255084709786
5.55,10.067444694690897,12.918810424192419,22.986255118883314
5.555,9.45962192473311,13.526633242017876,22.986255166750986
5.5600000000000005,8.85707488444464,14.129180342811036,22.986255227255675
5.565,8.260885929250273,14.725369369490958,22.98625529874123
5.57,7.672149362878419,15.314106016099911,22.98625537897833
5.575,7.091989948979584,15.894265516190499,22.986255465170082
5.58,6.521581914033906,16.464673639907993,22.9862555539419
5.585,5.962168569497921,17.02408707182767,22.98625564132559
5.59,5.415082628144482,17.571173094609644,22.986255722754127
5.595,4.881767171204038,18.104488621885533,22.98625579308957
5.6000000000000005,4.363797026947625,18.62245881977049,22.986255846718116
5.605,3.8629000321138283,19.123355845641818,22.986255877755646
5.61,3.3809772474994957,19.605278632919337,22.98625588041883
5.615,2.92012067267866,20.066135176939703,22.986255849618363
5.62,2.4826263473677335,20.503629434445475,22.98625578181321
5.625,2.0709999590927093,20.915255717009646,22.986255676102356
5.63,1.6879512677002853,21.298304267706275,22.98625553540656
5.635,1.336372954673688,21.649882412723116,22.986255367396804
5.64,1.0192991655302153,21.966956019084023,22.986255184614237
5.6450000000000005,0.739839412234748,22.246415590907063,22.98625500314181
5.65,0.5010850909753298,22.485169748501203,22.986254839476533
5.655,0.3059890372766936,22.6802656688255,22.98625470610219
5.66,0.15722335571703558,22.82903125177436,22.986254607491396
5.665,0.05702666247204022,22.929227876573677,22.986254539045717
5.67,0.007057473281985822,22.97919701736162,22.986254490643606
5.675,0.008273726269034604,22.977980727442297,22.986254453711332
5.68,0.06085741726302739,22.925397010480793,22.98625442774382
5.6850000000000005,0.1641972877014087,22.82205713409666,22.98625442179807
5.69,0.31693262209551837,22.669321827605316,22.986254449700834
5.695,0.5170503800022901,22.469204142094483,22.986254522096772
5.7,0.7620194498182309,22.224235190465023,22.986254640283253
5.705,1.0489419995022455,21.937312795386443,22.986254794888687
5.71,1.3747029823395724,21.611551986699755,22.98625496903933
5.715,1.7361034205314736,21.250151722956073,22.986255143487547
5.72,2.129969037794331,20.856286263362495,22.986255301156827
5.7250000000000005,2.553231342584383,20.433024087208047,22.98625542979243
5.73,3.0029823616824136,19.983273160982538,22.98625552266495
5.735,3.476506647517745,19.50974893042801,22.986255577945755
5.74,3.9712951823258837,19.014960415148078,22.986255597473964
5.745,4.4850458189145375,18.50120976653016,22.986255585444695
5.75,5.01565435893711,17.97060118836216,22.98625554729927
5.755,5.561199598108791,17.425055890801556,22.986255488910345
5.76,6.119924868163862,16.86633054788216,22.98625541604602
5.765,6.690217885917265,16.29603744813808,22.986255334055343
5.7700000000000005,7.2705901243643485,15.7156651233459,22.986255247710247
5.775,7.859656455892945,15.126598705253222,22.98625516114617
5.78,8.45611547192418,14.530139605937137,22.986255077861315
5.785,9.058730638840537,13.927524361902028,22.986255000742567
5.79,9.66631228907988,13.31994264301946,22.98625493209934
5.795,10.277700353616936,12.708554520074202,22.986254873691138
5.8,10.891747706011719,12.094507120730704,22.986254826742424
5.805,11.507304000058609,11.478950791882268,22.986254791940876
5.8100000000000005,12.123199936130455,10.863054833291672,22.986254769422125
5.815,12.738231979546798,10.248022779200689,22.986254758747485
5.82,13.351147670869562,9.635107088018442,22.986254758888002
5.825,13.960631803802697,9.025622964429974,22.98625476823267
5.83,14.565293888700143,8.42096089593935,22.986254784639492
5.835,15.163657451832858,7.822597353715298,22.986254805548157
5.84,15.754151822156622,7.232103006004783,22.986254828161407
5.845,16.335107106287428,6.651147743402534,22.986254849689963
5.8500000000000005,16.904753028398677,6.081501839235891,22.986254867634567
5.855,17.461222200929605,5.525032679132419,22.986254880062024
5.86,18.00255819180251,4.983696694019696,22.986254885822206
5.865,18.526728476749117,4.459526407907435,22.986254884656553
5.87,19.031642039549716,3.954612837620865,22.98625487717058
5.875,19.515171049217344,3.4710838154534494,22.986254864670794
5.88,19.975175747621908,3.0110791012809237,22.98625484890283
5.885,20.409531466016322,2.5767233657302406,22.986254831746564
5.89,20.816156583717227,2.170098231214901,22.986254814932128
5.8950000000000005,21.193040257074884,1.7932145427522248,22.98625479982711
5.9,21.53826887184212,1.4479859154789803,22.9862547873211
5.905,21.850050380462186,1.1362043973462994,22.986254777808487
5.91,22.12673594135245,0.8595188298954735,22.986254771247925
5.915,22.366838542126263,0.6194162251434505,22.986254767269713
5.92,22.569048530292164,0.41720623500694043,22.986254765299105
5.925,22.732246170233857,0.2540085944394975,22.986254764673355
5.93,22.85551148187481,0.13074328286286968,22.98625476473768
5.9350000000000005,22.938131691706182,0.04812307320977938,22.986254764915962
5.94,22.979606645308706,0.0066481194486570794,22.986254764757362
5.945,22.97965250100388,0.0066022629600526826,22.98625476396393
5.95,22.938203957628666,0.04805080477626448,22.98625476240493
5.955,22.8554151767224,0.13083958339935559,22.986254760121756
5.96,22.731659451199693,0.25459530612574044,22.986254757325433
5.965,22.56752755879086,0.4187271955953872,22.98625475438625
5.97,22.363824628848885,0.6224301229614608,22.986254751810346
5.9750000000000005,22.12156525555326,0.8646894946463001,22.98625475019956
5.98,21.84196651979419,1.1442882303933661,22.986254750187555
5.985,21.52643854753013,1.459816204820382,22.98625475235051
5.99,21.176572245572814,1.8096825115212927,22.986254757094105
5.995,20.79412392637588,2.192130838152681,22.986254764528564
6.0,20.380996667253186,2.605258107100126,22.986254774353313
6.005,19.93921844534679,3.0470363404336553,22.986254785780446
6.01,19.470917336736335,3.5153374607934653,22.9862547975298
6.015000000000001,18.97829434426812,4.007960463653331,22.98625480792145
6.0200000000000005,18.463594691533242,4.522660123538436,22.98625481507168
6.025,17.929078650930933,5.057176166243405,22.986254817174338
6.03,17.376993123062455,5.609261689757441,22.986254812819897
6.035,16.809545222510845,6.176709578777413,22.986254801288258
6.04,16.22887903734739,6.757375745402394,22.986254782749782
6.045,15.637056523362553,7.3491982349665665,22.986254758329117
6.05,15.036043196508293,7.95021153351029,22.986254730018583
6.055,14.427698940891265,8.558555759571606,22.986254700462872
6.0600000000000005,13.813773903324304,9.172480769340455,22.986254672664757
6.065,13.195909143284926,9.790345506384275,22.9862546496692
6.07,12.575641481397465,10.410613152881352,22.986254634278815
6.075,11.954411856202231,11.03184277263178,22.98625462883401
6.08,11.333576457771507,11.65267817730033,22.986254635071838
6.085,10.714419944630036,12.271834709426892,22.98625465405693
6.09,10.09817014665337,12.888084539514226,22.986254686167598
6.095,9.486013787657601,13.500240943458087,22.986254731115686
6.1000000000000005,8.879112904996877,14.107141882983274,22.98625478798015
6.105,8.278621780899742,14.707633074337938,22.986254855237682
6.11,7.685704316997548,15.300550613785628,22.986254930783176
6.115,7.101551868774003,15.884703143162485,22.986255011936485
6.12,6.527401602331723,16.458853493106613,22.986255095438338
6.125,5.964555434820171,17.021699742625913,22.986255177446083
6.13,5.4143995645575975,17.571855688985398,22.986255253542996
6.135,4.878424478118146,18.107830840666324,22.98625531878447
6.140000000000001,4.358245127861243,18.62801023995074,22.98625536781198
6.1450000000000005,3.8556206908247628,19.130634704250447,22.98625539507521
6.15,3.372472934482434,19.61378246072762,22.986255395210055
6.155,2.9109017165447693,20.07535364707299,22.986255363617758
6.16,2.4731955373252776,20.513059759942273,22.98625529726755
6.165,2.0618343735731957,20.92442082210882,22.986255195682016
6.17,1.6794813290036945,21.306773732945413,22.98625506194911
6.175,1.328959088690837,21.65729581474736,22.986254903438198
6.18,1.0132070059366953,21.973047725802946,22.986254731739642
6.1850000000000005,0.7352152187700113,22.25103934255488,22.98625456132489
6.19,0.49793386797003747,22.48832053876605,22.986254406736087
6.195,0.3041585548415983,22.68209572402011,22.98625427886171
6.2,0.15639760235024844,22.829856579465638,22.986254181815887
6.205,0.056731867135407114,22.929522245269652,22.98625411240506
6.21,0.0066825083210608795,22.979571554964,22.98625406328506
6.215,0.007104511749287773,22.9791495169026,22.986254028651885
6.22,0.058122359814389186,22.928131649313187,22.986254009127578
6.2250000000000005,0.15911856824489978,22.82713544423742,22.98625401248232
6.23,0.30877704547493107,22.677477004029974,22.986254049504904
6.235,0.5051738780275511,22.481080249626242,22.986254127653794
6.24,0.7459009842518823,22.240353262090984,22.986254246342867
6.245,1.0282049059876381,21.958049490162136,22.986254396149775
6.25,1.3491239962774657,21.637130565305206,22.986254561582673
6.255,1.7056112125233576,21.280643512861516,22.986254725384875
6.26,2.094634881415246,20.89161999092834,22.986254872343586
6.265000000000001,2.5132546434053085,20.47300034813072,22.98625499153603
6.2700000000000005,2.9586734316790375,20.027581645271145,22.986255076950183
6.275,3.428268557457453,19.557986569511407,22.98625512696886
6.28,3.9196059470875295,19.066649196224184,22.986255143311713
6.285,4.4304416692510165,18.555813460633892,22.98625512988491
6.29,4.958714467335579,18.027540624451298,22.986255091786877
6.295,5.502532356556743,17.48372267800601,22.986255034562753
6.3,6.060155643668342,16.926099320032396,22.986254963700738
6.305,6.6299780822530625,16.356276802073815,22.986254884326875
6.3100000000000005,7.210507334254374,15.775747466787074,22.986254801041447
6.315,7.800345479707065,15.185909238141889,22.986254717848954
6.32,8.398169994936579,14.58808464320657,22.986254638143148
6.325,9.002715391200192,13.983539173518935,22.986254564719125
6.33,9.612755556078938,13.373498943715111,22.98625449979405
6.335,10.227086755770099,12.759167689254348,22.986254445024446
6.34,10.844511227105528,12.141743174407486,22.986254401513015
6.345,11.463821305136388,11.5224330646683,22.98625436980469
6.3500000000000005,12.083784088258023,10.90247026161624,22.986254349874265
6.355,12.703126730964344,10.283127610150753,22.9862543411151
6.36,13.320522566024309,9.665731776317955,22.986254342342264
6.365,13.934578382340659,9.05167596948537,22.986254351826027
6.37,14.543823307931909,8.442431059440665,22.986254367372574
6.375,15.14669985205768,7.839554534405598,22.986254386463276
6.38,15.7415577269986,7.244696679454525,22.986254406453124
6.385,16.326651079134514,6.659603345679981,22.986254424814497
6.390000000000001,16.90013969529269,6.086114744103023,22.986254439395715
6.3950000000000005,17.46009460647315,5.52615984217835,22.9862544486515
6.4,18.00450829143719,4.981746160362006,22.986254451799198
6.405,18.53130940548793,4.454945043377853,22.986254448865786
6.41,19.038381656030317,3.947872784581964,22.98625444061228
6.415,19.523586155375153,3.4626682729743847,22.986254428349536
6.42,19.984786342946467,3.0014680707397483,22.986254413686215
6.425,20.419874416523015,2.5663799817383524,22.986254398261366
6.43,20.82679816426755,2.1594562192458358,22.986254383513387
6.4350000000000005,21.203587147339476,1.7826672231821952,22.98625437052167
6.44,21.548377331298195,1.4378770286367124,22.986254359934907
6.445,21.85943347544018,1.126820876539927,22.986254351980108
6.45,22.13516882916574,0.8510855173642204,22.98625434652996
6.455,22.374161921028577,0.6120924221743577,22.986254343202933
6.46,22.575170433082864,0.411083908388152,22.986254341471017
6.465,22.73714231327961,0.2491120274780359,22.986254340757643
6.47,22.859224384022735,0.127029956493452,22.986254340516187
6.4750000000000005,22.940768755497853,0.04548558478909442,22.986254340286948
6.48,22.98133735353747,0.004916986196214588,22.986254339733684
6.485,22.980704832330495,0.00554950633477001,22.986254338665265
6.49,22.938860072281443,0.04739426476412578,22.98625433704557
6.495,22.856006372980087,0.13024796201466476,22.98625433499475
6.5,22.73256035035899,0.253693982423039,22.98625433278203
6.505,22.569149445148717,0.4171048856597378,22.986254330808457
6.51,22.3666078561059,0.6196464734698002,22.9862543295757
6.515000000000001,22.125970635938472,0.8602836936978933,22.986254329636367
6.5200000000000005,21.848465640579377,1.1377886909434418,22.98625433152282
6.525,21.53550301373185,1.450751321922971,22.986254335654824
6.53,21.188661927721846,1.7975924145114406,22.986254342233288
6.535,20.809674395198368,2.176579955936229,22.986254351134598
6.54,20.400406115629647,2.5858482461980365,22.986254361827683
6.545,19.962834519920474,3.0234198534215295,22.986254373342003
6.55,19.499024410722356,3.487229973587802,22.986254384310158
6.555,19.011101840703574,3.975152552395499,22.986254393099074
6.5600000000000005,18.501227094562992,4.48502730346079,22.98625439802378
6.565,17.9715678087493,5.0146865888651835,22.98625439761448
6.57,17.424273345529155,5.561981045359746,22.986254390888902
6.575,16.86145151599954,6.12480286157334,22.98625437757288
6.58,16.285148616832313,6.70110574138957,22.986254358221885
6.585,15.697333522924362,7.288920811292043,22.986254334216405
6.59,15.099886293139713,7.886368014495119,22.98625430763483
6.595,14.494591438586063,8.49166284244713,22.986254281033194
6.6000000000000005,13.88313571297969,9.10311854419767,22.98625425717736
6.605,13.267110046445637,9.719144192330003,22.98625423877564
6.61,12.64801507929508,10.338239148954909,22.98625422824999
6.615,12.027269668637288,10.958984558929501,22.98625422756679
6.62,11.406221733178306,11.580032504954469,22.986254238132773
6.625,10.786160856116688,12.200093404630163,22.98625426074685
6.63,10.168332163681121,12.817922131910706,22.986254295591827
6.635,9.55395111756007,13.432303224688189,22.98625434224826
6.640000000000001,8.944218984980647,14.042035414733979,22.986254399714625
6.6450000000000005,8.340338865367919,14.645915601055219,22.986254466423137
6.65,7.743532245556683,15.242722294688303,22.986254540244985
6.655,7.155056117331506,15.831198501153875,22.986254618485383
6.66,6.576220714080415,16.410033983792736,22.98625469787315
6.665,6.0084079002588355,16.977846874296777,22.98625477455561
6.67,5.4530901698785135,17.533164674236893,22.986254844115408
6.675,4.911850068156409,18.074404833477224,22.986254901633632
6.68,4.386399631330999,18.599855310500846,22.986254941831845
6.6850000000000005,3.878599129529901,19.10765582980526,22.986254959335163
6.69,3.3904739835791413,19.595780965523144,22.986254949102285
6.695,2.9242282025818067,20.062026704478686,22.98625490706049
6.7,2.4822520655046945,20.504002765445914,22.98625483095061
6.705,2.0671210901097696,20.919133631198324,22.986254721308093
6.71,1.681582694055595,21.304671888324776,22.986254582380372
6.715,1.3285265320037682,21.65772789060972,22.986254422613488
6.72,1.0109345588311325,21.97531969539223,22.98625425422336
6.7250000000000005,0.7318077706401609,22.254446320796344,22.986254091436503
6.73,0.4940686627372792,22.492185284687974,22.986253947425254
6.735,0.3004419086663264,22.685811922116475,22.9862538307828
6.74,0.15332040549977483,22.832933337717186,22.98625374321696
6.745,0.05462883967085486,22.931624840539456,22.98625368021031
6.75,0.005700873398310872,22.98055276165495,22.98625363505326
6.755,0.007187242316451676,22.979066362027336,22.986253604343787
6.76,0.0590092780340862,22.927244313465696,22.986253591499782
6.765000000000001,0.160365682268881,22.82588792347357,22.98625360574245
6.7700000000000005,0.30979140242232295,22.67646225460853,22.986253657030854
6.775,0.5052588243857393,22.480994925751187,22.986253750136925
6.78,0.7443056842474254,22.241948197026847,22.986253881274273
6.785,1.0241723585066522,21.962081680128204,22.986254038634858
6.79,1.3419332105718829,21.644320995236388,22.986254205808272
6.795,1.6946110387264008,21.291643327264943,22.986254365991343
6.8,2.0792687024051046,20.906985802871247,22.986254505276353
6.805,2.4930764048434733,20.493178209478433,22.986254614321908
6.8100000000000005,2.9333562350871776,20.052898453473755,22.986254688560933
6.815,3.397607339832856,19.588647387651413,22.98625472748427
6.82,3.8835157562623266,19.102738977283735,22.986254733546062
6.825,4.388952852458482,18.59730185860846,22.98625471106694
6.83,4.91196582516076,18.07428884016654,22.986254665327298
6.835,5.450763041998235,17.535491559906696,22.986254601904932
6.84,6.003696341768097,16.98255818447041,22.986254526238508
6.845,6.569241803869196,16.417012639498623,22.98625444336782
6.8500000000000005,7.145980000091736,15.84027435770645,22.986254357798188
6.855,7.732576353912751,15.253677919531395,22.986254273444146
6.86,8.327761945841806,14.658492247775863,22.98625419361767
6.865,8.930314904897848,14.055939216138743,22.98625412103659
6.87,9.53904240248193,13.447211655354089,22.98625405783602
6.875,10.152763204079282,12.833490801494106,22.986254005573386
6.88,10.770290726915084,12.215963238306697,22.98625396522178
6.885,11.390416590087085,11.595837347066444,22.986253937153528
6.890000000000001,12.011894720511814,10.974359200607934,22.986253921119747
6.8950000000000005,12.633426185141403,10.35282773109829,22.986253916239693
6.9,13.253645047001314,9.732608874013414,22.98625392101473
6.905,13.871105676047874,9.115148257339602,22.986253933387474
6.91,14.48427206824762,8.501981882613437,22.986253950861055
6.915,15.091509817128014,7.8947441535574505,22.986253970685464
6.92,15.691081419698268,7.295172570405163,22.98625399010343
6.925,16.28114556381766,6.705108442812121,22.986254006629782
6.93,16.859760924409226,6.126493093912019,22.986254018321244
6.9350000000000005,17.42489479045322,5.561359233533489,22.98625402398671
6.94,17.97443656714733,5.011817456144009,22.986254023291337
6.945,18.506215876630513,4.480038140099163,22.986254016729674
6.95,19.018024656304803,3.968229349165685,22.98625400547049
6.955,19.50764237056581,3.4786116205428437,22.986253991108654
6.96,19.97286324960689,3.013390725770491,22.98625397537738
6.965,20.411524374843054,2.574729585037409,22.986253959880464
6.97,20.821533452913464,2.1647204929783683,22.986253945891832
6.9750000000000005,21.200895248396538,1.7853586858494177,22.986253934245955
6.98,21.547735852952727,1.4385180723671809,22.986253925319907
6.985,21.860324220415045,1.1259296986728853,22.98625391908793
6.99,22.137090657021844,0.8491632581981938,22.986253915220036
6.995,22.376642192397014,0.6096117207999234,22.986253913196936
7.0,22.5777749480311,0.4084789643880335,22.986253912419134
7.005,22.739483754191582,0.24677015810538966,22.98625391229697
7.01,22.860969340895362,0.12528457142184768,22.98625391231721
7.015000000000001,22.94164344819559,0.0446104638916912,22.98625391208728
7.0200000000000005,22.981132174173702,0.005121737187658378,22.98625391136136
7.025,22.979277816207166,0.006976093846112512,22.98625391005328
7.03,22.936139373159182,0.050114535081050404,22.986253908240233
7.035,22.851991773507706,0.13426213265099812,22.986253906158705
7.04,22.72732378691272,0.25893011727838156,22.986253904191102
7.045,22.56283447384593,0.4234194289944803,22.98625390284041
7.05,22.359427939373965,0.6268259633137712,22.986253902687736
7.055,22.118206093182273,0.8680478111455315,22.986253904327803
7.0600000000000005,21.84045908901844,1.1457948192632754,22.986253908281718
7.065,21.527653133114256,1.4586007817754303,22.986253914889687
7.07,21.181415421138695,1.8048385030572307,22.986253924195925
7.075,20.803516091050007,2.1827378447958226,22.98625393584583
7.08,20.395847262407834,2.590406686615571,22.986253949023403
7.085,19.96039945990421,3.025854502552261,22.98625396245647
7.09,19.499235968776993,3.487018005735214,22.98625397451221
7.095,19.01446591224888,3.97178807113605,22.98625398338493
7.1000000000000005,18.508217041052262,4.478036946305376,22.98625398735764
7.105,17.98260934846118,5.003644636631529,22.98625398509271
7.11,17.439730645624106,5.546523330270228,22.986253975894336
7.115,16.881615140991364,6.104638818894776,22.98625395988614
7.12,16.310225872493955,6.676028065571225,22.986253938065182
7.125,15.727441567859067,7.258812344363769,22.986253912222836
7.13,15.135048195573054,7.851205689180244,22.986253884753296
7.135,14.534735159441365,8.451518698951753,22.98625385839312
7.140000000000001,13.928095822095647,9.058158013847015,22.986253835942662
7.1450000000000005,13.316631844804096,9.66962197520981,22.986253820013907
7.15,12.701760715842997,10.284493096991623,22.98625381283462
7.155,12.084825806714347,10.901428009405857,22.986253816120204
7.16,11.467108332882884,11.519145498124544,22.986253831007428
7.165,10.849840685100698,12.13641317293598,22.986253858036676
7.17,10.234220718178916,12.752033178983625,22.98625389716254
7.175,9.621426716772415,13.364827231003414,22.98625394777583
7.18,9.012632885926111,13.973621122796956,22.986254008723066
7.1850000000000005,8.40902532503062,14.57722875328415,22.986254078314772
7.19,7.811818527932127,15.174435626387563,22.98625415431969
7.195,7.22227250190509,15.763981732041788,22.98625423394688
7.2,6.6417106075308565,16.34454370629188,22.986254313822737
7.205,6.071538183177252,16.91471620679804,22.986254389975294
7.21,5.513261922890468,17.472992534953452,22.98625445784392
7.215,4.968509813545263,18.017744698797536,22.9862545123428
7.22,4.439051191540374,18.547203356473066,22.98625454801344
7.2250000000000005,3.9268161346424195,19.05943842467294,22.98625455931536
7.23,3.4339129451977115,19.552341595909045,22.986254541106756
7.235,2.9626418987750682,20.023612590583134,22.986254489358203
7.24,2.5155027385926365,20.470751663507865,22.986254402100503
7.245,2.095192640155319,20.891061640360405,22.986254280515723
7.25,1.7045906656797831,21.28166346424154,22.986254129921324
7.255,1.3467242796887275,21.63952968051776,22.98625396020649
7.26,1.0247136205244307,21.961540164622615,22.986253785147046
7.265000000000001,0.7416903208997919,22.244563299251194,22.986253620150986
7.2700000000000005,0.5006901400292519,22.48556333854402,22.98625347857327
7.275,0.3045226997016367,22.681730668062706,22.98625336776434
7.28,0.15562690916843977,22.830626377785226,22.986253286953666
7.285,0.05592619586406797,22.930327033047647,22.986253228911714
7.29,0.006701710436757708,22.97955147498498,22.986253185421738
7.295,0.00850232593093676,22.97775082781824,22.98625315374918
7.3,0.061106300727121525,22.92514683914175,22.98625313986887
7.305,0.16354131716556825,22.822711838821345,22.986253155986912
7.3100000000000005,0.31415941050254553,22.672093803310048,22.986253213812592
7.315,0.5107541697581534,22.47549914806809,22.986253317826243
7.32,0.7507021338873852,22.235551328388524,22.98625346227591
7.325,1.0311095273675466,21.955144105401356,22.986253632768904
7.33,1.3489486229976586,21.637305187707415,22.986253810705072
7.335,1.701173288608579,21.285080689412034,22.986253978020613
7.34,2.084808801923866,20.90144531858382,22.986254120507688
7.345,2.497015529027197,20.489238700193294,22.986254229220492
7.3500000000000005,2.9351290401521464,20.051125260193952,22.986254300346097
7.355,3.3966807445842244,19.58957358963083,22.986254334215054
7.36,3.8794035203479815,19.106850813692713,22.986254334040694
7.365,4.381226510732613,18.605027794017452,22.986254304750066
7.37,4.900262607925511,18.085991644142165,22.986254252067678
7.375,5.434791384909763,17.551462796965737,22.986254181875502
7.38,5.983239511074006,17.00301458873653,22.986254099810537
7.385,6.544160062035945,16.442093949003006,22.98625401103895
7.390000000000001,7.116211631574467,15.870042288574743,22.98625392014921
7.3950000000000005,7.698137770364568,15.288116060752454,22.986253831117022
7.4,8.288746998958176,14.697506748349666,22.986253747307842
7.405,8.886893455201037,14.099360216291753,22.98625367149279
7.41,9.491458124531093,13.49479548133026,22.986253605861354
7.415,10.101330553747886,12.884922998273428,22.986253552021314
7.42,10.715390956048592,12.270862554933537,22.98625351098213
7.425,11.332492670426365,11.653760812696607,22.986253483122972
7.43,11.951445035375675,11.034808432779192,22.986253468154867
7.4350000000000005,12.570996867404785,10.415256597687302,22.986253465092087
7.44,13.189820888256516,9.796432583997769,22.986253472254283
7.445,13.806499605674528,9.179753881649273,22.9862534873238
7.45,14.419513300639238,8.5667402068394,22.986253507478636
7.455,15.027230884510391,7.959022645100582,22.986253529610973
7.46,15.62790443592625,7.358349114694551,22.986253550620802
7.465,16.219668185796994,6.7665853819547195,22.986253567751714
7.47,16.80054257403632,6.18571100487692,22.986253578913242
7.4750000000000005,17.368443753081973,5.6178098298422325,22.986253582924206
7.48,17.921198578621294,5.065055000999672,22.986253579620964
7.485,18.456564743866476,4.529688825933945,22.98625356980042
7.49,18.972255330718312,4.013998224289885,22.986253555008197
7.495,19.46596672419312,3.5202868130277563,22.986253537220875
7.5,19.935408613348926,3.0508449051448148,22.98625351849374
7.505,20.3783347127116,2.6079187879373986,22.986253500649
7.51,20.792572889114915,2.193680595942584,22.9862534850575
7.515000000000001,21.17605355241797,1.8101999201204424,22.98625347253841
7.5200000000000005,21.526835429204176,1.4594180341634555,22.986253463367632
7.525,21.843128141970688,1.1431253153965177,22.986253457367205
7.53,22.12331131895189,0.8629421350855829,22.986253454037474
7.535,22.365950226337954,0.6203032263597767,22.98625345269773
7.54,22.569808122202716,0.4164453304093444,22.98625345261206
7.545,22.73385566956532,0.2523977835218718,22.98625345308719
7.55,22.85727781489406,0.12897563864589903,22.98625345353996
7.555,22.939478545517336,0.04677490802147412,22.98625345353881
7.5600000000000005,22.980083896261462,0.006169556564887109,22.98625345282635
7.565,22.97894349486901,0.007309956459753993,22.986253451328764
7.57,22.93613082964409,0.050122619513473424,22.986253449157562
7.575,22.85194230252564,0.1343111440795564,22.986253446605197
7.58,22.72689500666392,0.25935843746828213,22.986253444132203
7.585,22.561723049458045,0.4245303928836575,22.986253442341702
7.59,22.357372140142505,0.6288813017918473,22.986253441934352
7.595,22.114992086510636,0.8712613571265364,22.98625344363717
7.6000000000000005,21.835926810222766,1.1503266378798755,22.98625344810264
7.605,21.521701506412953,1.464551949368816,22.986253455781767
7.61,21.17400665127432,1.8122468155091371,22.986253466783456
7.615,20.794678706780026,2.1915747739651796,22.986253480745205
7.62,20.385677582721485,2.6005759140283047,22.98625349674979
7.625,19.94906118010616,3.0371923332173774,22.986253513323536
7.63,19.486957631680717,3.4992958968646244,22.98625352854534
7.635,19.00153613884704,3.9847174014240636,22.986253540271104
7.640000000000001,18.494977536968882,4.491276009481117,22.98625354645
7.6450000000000005,17.9694458617481,5.01680768372872,22.98625354547682
7.65,17.42706220735503,5.559191329152045,22.986253536507075
7.655,16.869882050586142,6.11637146907867,22.986253519664814
7.66,16.299876975987637,6.686376520107961,22.9862534960956
7.665,15.718921407974026,7.267332059882751,22.986253467856777
7.67,15.12878458563296,7.857468852043123,22.986253437676083
7.675,14.531127656521438,8.455125752112963,22.9862534086344
7.68,13.927505463066833,9.05874792077135,22.986253383838182
7.6850000000000005,13.319372380210355,9.66688098592401,22.986253366134363
7.69,12.708091448531752,10.278161909369183,22.986253357900935
7.695,12.094946029110137,10.891307331811435,22.986253360921573
7.7,11.481153268105436,11.505100108229364,22.9862533763348
7.705,10.867878777017891,12.118374627618534,22.986253404636425
7.71,10.256252083951708,12.730001361759378,22.986253445711085
7.715,9.647382569600687,13.33887092927116,22.986253498871847
7.72,9.0423757512077,13.943877811684303,22.986253562892003
7.7250000000000005,8.442349905404265,14.543903730615682,22.986253636019946
7.73,7.8484531176532455,15.137800598320524,22.98625371597377
7.735,7.261880905662496,15.72437289425675,22.986253799919247
7.74,6.68389458120638,16.302359303230354,22.986253884436735
7.745,6.115840483175299,16.870413482315833,22.98625396549113
7.75,5.559170126030821,17.427083912391385,22.986254038422206
7.755,5.015461150495262,17.970792947487745,22.986254097983007
7.76,4.486438721582023,18.49981541688379,22.986254138465814
7.765000000000001,3.9739966737882386,19.01225748017786,22.986254153966097
7.7700000000000005,3.4802172341115702,19.506036904735303,22.986254138846874
7.775,3.0073875449162286,19.978866543546513,22.98625408846274
7.78,2.5580104611455723,20.428243539021977,22.98625400016755
7.785,2.134806246187132,20.85144762835422,22.98625387454135
7.79,1.7407009384758727,21.245552778124065,22.986253716599936
7.795,1.3787965069736121,21.607457029543365,22.986253536516976
7.8,1.0523177872341412,21.933935561943553,22.986253349177694
7.805000000000001,0.7645320446252074,22.221721127297396,22.986253171922602
7.8100000000000005,0.5186393429973267,22.467613677409354,22.98625302040668
7.815,0.31763603757834025,22.668616866123465,22.986252903701804
7.82,0.1641595015631104,22.82209331953237,22.98625282109548
7.825,0.06032865521680011,22.92592410805459,22.98625276327139
7.83,0.007600110764411547,22.978652607792146,22.986252718556557
7.835,0.006661456583233519,22.979591224698186,22.98625268128142
7.84,0.0573796747153853,22.92887298215766,22.986252656873045
7.845,0.15881398335818145,22.827438676521876,22.98625265988006
7.8500000000000005,0.30929079023720146,22.676961915787754,22.986252706024956
7.855,0.506527570178974,22.479725233270955,22.98625280344993
7.86,0.7477856251762376,22.23846732303376,22.986252948209998
7.865,1.0300302937442543,21.956222831811896,22.98625312555615
7.87,1.3500805206466526,21.63617279438238,22.986253315029032
7.875,1.7047356864429823,21.28151780973954,22.986253496182524
7.88,2.0908739797045017,20.895379672972176,22.986253652676677
7.885,2.5055218169104525,20.480731957150937,22.98625377406139
7.890000000000001,2.945897242359528,20.040356613334247,22.986253855693775
7.8950000000000005,3.409431947372882,19.57682195023978,22.986253897612663
7.9,3.8937769632787558,19.092476939811483,22.98625390309024
7.905,4.39679670283784,18.58945717446008,22.98625387729792
7.91,4.916555260260717,18.0696985660112,22.98625382627192
7.915,5.451298008264513,17.534955747939065,22.986253756203578
7.92,5.999430709426436,16.986822963576373,22.986253673002807
7.925,6.559497660356913,16.42675592170511,22.98625358206202
7.930000000000001,7.130159830683796,15.856093657469032,22.986253488152826
7.9350000000000005,7.710173537314735,15.276079858087265,22.986253395402
7.94,8.298369889909825,14.687883417398638,22.986253307308463
7.945,8.893635036130764,14.092618190643691,22.986253226774455
7.95,9.49489110771142,13.491362048421927,22.986253156133344
7.955,10.101077707345626,12.885175389816155,22.98625309716178
7.96,10.71113377229062,12.27511927878011,22.98625305107073
7.965,11.323979696762052,11.662273321712856,22.98625301847491
7.97,11.938499686323409,11.047753313022293,22.9862529993457
7.9750000000000005,12.553524447730123,10.43272854523182,22.986252992961944
7.98,13.167814478743928,9.818438519135618,22.986252997879546
7.985,13.780044401545524,9.206208610400884,22.98625301194641
7.99,14.388788962004924,8.597464070386076,22.986253032390998
7.995,14.992511470659672,7.993741585345137,22.98625305600481
8.0,15.589555560830803,7.396697518590126,22.98625307942093
8.005,16.17814115537625,6.808111944090721,22.98625309946697
8.01,16.75636544216329,6.229887671377214,22.986253113540503
8.015,17.322209448212337,5.664043671722508,22.986253119934844
8.02,17.873550481526983,5.112702636514321,22.986253118041304
8.025,18.40818030799332,4.578072800380847,22.986253108374164
8.03,18.923828498389998,4.062424594016444,22.986253092406443
8.035,19.41818997899675,3.5680630932554243,22.986253072252175
8.040000000000001,19.888955508807136,3.097297541463535,22.986253050270673
8.045,20.333843632450993,2.6524093962302038,22.986253028681197
8.05,20.75063264126343,2.235620368000607,22.986253009264036
8.055,21.137191207779438,1.8490617854126912,22.986252993192128
8.06,21.491506609064423,1.4947463719323506,22.986252980996774
8.065,21.81170977439227,1.1745431982495553,22.986252972641825
8.07,22.096096731890356,0.8901562357735373,22.986252967663894
8.075,22.34314634236075,0.6431066229746667,22.986252965335417
8.08,22.551534464800717,0.4347185000165171,22.986252964817233
8.085,22.720144880216147,0.2661080850654556,22.9862529652816
8.09,22.84807740445724,0.13817556154217764,22.986252965999416
8.095,22.934653653053292,0.05159931334157805,22.986252966394872
8.1,22.979420893102212,0.006832072972993326,22.986252966075206
8.105,22.98215434308827,0.00409862175574465,22.986252964844013
8.11,22.942858174788523,0.04339478791747117,22.986252962705993
8.115,22.861765344584754,0.1244876152812878,22.986252959866043
8.120000000000001,22.739336245493416,0.24691671122960668,22.98625295672302
8.125,22.576256036163777,0.4099969176906028,22.98625295385438
8.13,22.373430379148633,0.6128225728353236,22.986252951983957
8.135,22.131979219051317,0.8542737328735979,22.986252951924914
8.14,21.853228164259058,1.1330247902309636,22.98625295449002
8.145,21.53869701761463,1.4475559427514295,22.98625296036606
8.15,21.190085045098247,1.7961679248619862,22.986252969960233
8.155,20.809252688175533,2.1770002950619203,22.986252983237453
8.16,20.398199619355175,2.5880533802278496,22.986252999583023
8.165000000000001,19.95903930574713,3.0272137119866915,22.986253017733823
8.17,19.493970562479223,3.492282473340979,22.9862530358202
8.175,19.00524691263836,3.981006138905631,22.98625305154399
8.18,18.49514487713228,4.491108185354957,22.986253062487236
8.185,17.96593254601352,5.020320520492107,22.986253066505625
8.19,17.41983988762102,5.566413174508762,22.986253062129784
8.195,16.859032205582245,6.127220843301096,22.98625304888334
8.2,16.285587953926168,6.700665073517611,22.98625302744378
8.205,15.701481792833185,7.284771206775993,22.986252999609178
8.21,15.108573360530368,7.8776796075553595,22.98625296808573
8.215,14.508601811310024,8.477651124840888,22.986252936150912
8.22,13.903185785018966,9.08306712224979,22.986252907268756
8.225,13.293828175698973,9.69242470903214,22.986252884731115
8.23,12.681924881921358,10.304327989454881,22.986252871376237
8.235,12.068776652640413,10.917476216767117,22.98625286940753
8.24,11.455603176137314,11.530649704171871,22.986252880309188
8.245000000000001,10.843558670688727,12.142694234147935,22.98625290483666
8.25,10.2337483946529,12.752504548400871,22.98625294305377
8.255,9.627245672830236,13.359007321558025,22.98625299438826
8.26,9.025109212178066,13.961143845506397,22.986253057684465
8.265,8.428400636216342,14.557852495022416,22.986253131238758
8.27,7.838202292285946,15.148050920526398,22.986253212812343
8.275,7.25563547179792,15.730617827822876,22.986253299620795
8.28,6.681879225466148,16.304374162841892,22.98625338830804
8.285,6.118189948116887,16.868063526796654,22.98625347491354
8.290000000000001,5.565921844279622,17.420331710572082,22.986253554851704
8.295,5.026548256510467,17.95970536641573,22.986253622926196
8.3,4.501683629338281,18.484570044077515,22.986253673415796
8.305,3.9931055746266497,18.99314812565244,22.98625370027909
8.31,3.5027760779407395,19.48347761959874,22.986253697539482
8.315,3.0328603204832825,19.953393339433866,22.98625365991715
8.32,2.5857408780164484,20.400512705739267,22.986253583755715
8.325,2.164024214428519,20.82222925379641,22.98625346822493
8.33,1.7705354835451155,21.21571783309462,22.986253316639733
8.335,1.408296846657123,21.57795629084972,22.986253137506843
8.34,1.0804840877087054,21.905768856946658,22.986252944655362
8.345,0.7903566863893708,22.195896069307377,22.986252755696746
8.35,0.5411582107542454,22.44509437763853,22.986252588392773
8.355,0.3359873737713641,22.650265081759738,22.9862524555311
8.36,0.17764546236962456,22.80860689802998,22.986252360399604
8.365,0.068472459792546,22.91777983608408,22.986252295876625
8.370000000000001,0.010190438377728128,22.97606181068372,22.986252249061447
8.375,0.0037763513238311844,22.982475858600314,22.986252209924146
8.38,0.0493849897749963,22.93686718908746,22.986252178862458
8.385,0.1463358030948703,22.8399163647468,22.98625216784167
8.39,0.29316599889709494,22.693086195129382,22.986252194026477
8.395,0.4877402832032278,22.498511986918096,22.986252270121323
8.4,0.7273985838737719,22.258853813547553,22.986252397421325
8.405,1.0091194924136073,21.9771330724477,22.986252564861307
8.41,1.329679008542672,21.65657374463137,22.986252753174043
8.415000000000001,1.6857896707236195,21.300463270224974,22.986252940948592
8.42,2.0742118710179356,20.912041238656407,22.986253109674344
8.425,2.491835128200706,20.494418118257663,22.986253246458368
8.43,2.9357313279586816,20.050522016585926,22.986253344544608
8.435,3.4031842911399703,19.58306911129612,22.98625340243609
8.44,3.8917008615150714,19.094552560933668,22.98625342244874
8.445,4.399008535078309,18.587244874183487,22.986253409261796
8.45,4.923043954420307,18.063209414318287,22.986253368738595
8.455,5.461935701798062,17.524317605291216,22.986253307089278
8.46,6.01398394596809,16.97226928437175,22.98625323033984
8.465,6.577638730604568,16.40861441342915,22.986253144033718
8.47,7.151478070564449,15.834774982528643,22.986253053093094
8.475,7.7341865449967635,15.252066416780995,22.98625296177776
8.48,8.324534726140023,14.661718147558735,22.98625287369876
8.485,8.921359538172446,14.064893253682857,22.986252791855303
8.49,9.52354548186041,13.462707236814438,22.986252718674848
8.495000000000001,10.13000657207414,12.856246083968513,22.98625265604265
8.5,10.739668804866342,12.246583800446306,22.98625260531265
8.505,11.351452990673854,11.634799576622962,22.986252567296816
8.51,11.964257854558124,11.0219946876765,22.986252542234624
8.515,12.576943408230884,10.409309121520021,22.986252529750907
8.52,13.188314735806632,9.797937793011165,22.986252528817797
8.525,13.797106496720483,9.18914604102179,22.986252537742274
8.53,14.401968621393191,8.584283932811992,22.986252554205183
8.535,15.0014538388088,7.984798736566853,22.98625257537565
8.540000000000001,15.5940078057678,7.392244792346942,22.986252598114742
8.545,16.177962677710738,6.808289941552122,22.98625261926286
8.55,16.751534944444757,6.2347176915371385,22.986252635981895
8.555,17.312828231916235,5.673424414179058,22.986252646095295
8.56,17.859841538346057,5.126411110012359,22.986252648358416
8.565,18.39048304356649,4.595769599027452,22.986252642593943
8.57,18.902589238676306,4.0836633909783036,22.986252629654608
8.575000000000001,19.39394872002177,3.592303891193298,22.986252611215065
8.58,19.862329635177236,3.1239229542638896,22.986252589441126
8.585,20.30550951213152,2.6807430544792847,22.9862525666108
8.59,20.72130608245315,2.2649464623162525,22.986252544769403
8.595,21.107607736289403,1.878644789191744,22.986252525481145
8.6,21.462402407263678,1.5238501024437219,22.9862525097074
8.605,21.783803943659073,1.2024485541472552,22.98625249780633
8.61,22.070075332612525,0.9161771570122812,22.986252489624807
8.615,22.31964845969975,0.6666040249400549,22.986252484639806
8.620000000000001,22.53114036849871,0.4551121136147648,22.986252482113475
8.625,22.703366207384573,0.2828862738471291,22.986252481231702
8.63,22.835349201491688,0.15090327972165535,22.986252481213345
8.635,22.926328065617163,0.05992441576856048,22.986252481385723
8.64,22.975762286124016,0.010490195107357443,22.986252481231375
8.645,22.983335658339353,0.0029168220737710955,22.986252480413125
8.65,22.94895838372075,0.0372940950649055,22.986252478785655
8.655,22.872767920935164,0.11348455546408678,22.98625247639925
8.66,22.75512865850753,0.23112381499051543,22.986252473498045
8.665000000000001,22.59663034428722,0.3896221262242007,22.98625247051142
8.67,22.398085078636008,0.5881673893978364,22.986252468033843
8.675,22.160522564367255,0.8257299024184725,22.98625246678573
8.68,21.885183218610265,1.1010692489366738,22.98625246754694
8.685,21.573508702837987,1.4127437682196822,22.986252471057668
8.69,21.227129430898046,1.759123046988325,22.98625247788637
8.695,20.84784868363814,2.138403804638464,22.986252488276605
8.700000000000001,20.437623101321133,2.548629400674693,22.986252501995825
8.705,19.998539542589153,2.98771297563464,22.986252518223793
8.71,19.532788580992396,3.453463954529584,22.98625253552198
8.715,19.042635232948413,3.9436173189723407,22.986252551920753
8.72,18.530387836728416,4.455864728411328,22.986252565139743
8.725,17.99836628349999,4.98788628942154,22.98625257292153
8.73,17.448870990059035,5.537381583364526,22.986252573423563
8.735,16.88415405942087,6.102098506166479,22.98625256558735
8.74,16.306393980310908,6.679858569087351,22.98625254939826
8.745000000000001,15.717674976387357,7.268577549589304,22.98625252597666
8.75,15.119971763625053,7.866280733855047,22.9862524974801
8.755,14.515140062127147,8.471112404717793,22.986252466844938
8.76,13.904912796896774,9.081339640534184,22.986252437430956
8.765,13.290901565747117,9.695350846896261,22.986252412643378
8.77,12.674602690890644,10.31164970470801,22.986252395598655
8.775,12.057407022326714,10.928845366549469,22.98625238887618
8.78,11.440612624067477,11.545639770301094,22.98625239436857
8.785,10.825439530989074,12.160812882233005,22.98625241322208
8.790000000000001,10.213045888214891,12.773206557626784,22.986252445841675
8.795,9.604544947592249,13.381707544341571,22.98625249193382
8.8,9.001022570601332,13.985229979959666,22.986252550560998
8.805,8.403555052649235,14.582697567539455,22.98625262018869
8.81,7.813227224611173,15.173025474104003,22.986252698715177
8.815,7.231150893085791,15.755101890394275,22.986252783480065
8.82,6.6584837438689135,16.327769127386123,22.986252871255036
8.825000000000001,6.096448847750584,16.88980411047534,22.986252958225922
8.83,5.546354867568778,17.43989817241158,22.986253039980358
8.835,5.009616962110861,17.97663614941237,22.986253111523233
8.84,4.487778204330425,18.498474963020378,22.986253167350803
8.845,3.9825310632698914,19.003722138354895,22.986253201624788
8.85,3.495738123285653,19.490515085214774,22.98625320850043
8.855,3.0294507136525564,19.95680246901512,22.986253182667674
8.86,2.585923487436537,20.400329632714932,22.98625312015147
8.865,2.1676222331551407,20.818630786214335,22.986253019369475
8.870000000000001,1.7772213814527034,21.209031500880634,22.98625288233334
8.875,1.4175869092463727,21.568665806450905,22.98625271569728
8.88,1.0917398771457267,21.894512653987018,22.986252531132745
8.885,0.802796016582994,22.183456327788658,22.986252344371653
8.89,0.5538780610824247,22.43237411135762,22.986252172440047
8.895,0.34800032271860665,22.63825170661815,22.986252029336757
8.9,0.1879295289435492,22.79832239269023,22.98625192163378
8.905,0.07603176335340543,22.910220083139627,22.986251846493033
8.91,0.014121278228699314,22.97213051597393,22.98625179420263
8.915000000000001,0.0033310015176321347,22.982920753369438,22.98625175488707
8.92,0.04402466050827619,22.942227065264635,22.986251725772913
8.925,0.1357654476710776,22.850486266487287,22.986251714158364
8.93,0.2773467901777535,22.70890494362789,22.98625173380564
8.935,0.4668796932265064,22.51937210384509,22.986251797071596
8.94,0.7019217605567623,22.284330147237487,22.986251907794248
8.945,0.979627993380494,22.00662406537206,22.98625205875255
8.950000000000001,1.2969035611355497,21.689348672935527,22.986252234071078
8.955,1.650542784118167,21.3357096301524,22.986252414270567
8.96,2.0373444848367708,20.948908096364157,22.98625258120093
8.965,2.4541996877187864,20.532053033483717,22.986252721202504
8.97,2.8981521577164826,20.08810066849226,22.98625282620874
8.975,3.366435074018343,19.619817819315898,22.986252893334242
8.98,3.8564884138774316,19.129764509820678,22.98625292369811
8.985,4.365961804247026,18.620291116829417,22.986252921076442
8.99,4.892707135108548,18.093545755611373,22.98625289071992
8.995000000000001,5.434764471974062,17.551488366490283,22.986252838464345
9.0,5.990343987453167,16.995908782680587,22.986252770133753
9.005,6.557805880281332,16.428446810901345,22.986252691182678
9.01,7.1356396198622525,15.850612986647334,22.986252606509588
9.015,7.722443357365606,15.263809163016797,22.9862525203824
9.02,8.316903971354405,14.669348465075153,22.98625243642956
9.025,8.917777949188984,14.068474408475666,22.98625235766465
9.03,9.523873126537094,13.462379159984305,22.9862522865214
9.035,10.134031200142353,12.852221024742803,22.986252224885156
9.040000000000001,10.747110880983264,12.239141293128363,22.986252174111627
9.045,11.361971556781512,11.624280578247753,22.986252135029265
9.05,11.977457377510806,11.008794730414866,22.986252107925672
9.055,12.59238175918275,10.393870333341678,22.986252092524428
9.06,13.205512413351855,9.780739674612258,22.98625208796411
9.065,13.8155571441086,9.170694948687242,22.986252092795844
9.07,14.421150799106178,8.565101305913892,22.98625210502007
9.075000000000001,15.020843900522237,7.965408221659079,22.986252122181316
9.08,15.613093595923559,7.373158545609211,22.98625214153277
9.085,16.19625763543057,6.789994524838027,22.9862521602686
9.09,16.768592078703577,6.217660097100553,22.98625217580413
9.095,17.32825334664512,5.65799883941716,22.98625218606228
9.1,17.87330505224391,5.112947137470191,22.9862521897141
9.105,18.401729781167802,4.584522405152863,22.986252186320666
9.11,18.911445670341205,4.074806505998471,22.986252176339676
9.115,19.400327290703324,3.5859248702874336,22.98625216099076
9.120000000000001,19.86623002528619,3.120022116721529,22.986252142007718
9.125,20.307016890842853,2.679235230488808,22.98625212133166
9.13,20.720586614516556,2.265665486293843,22.986252100810397
9.135,21.10490176212552,1.8813503198349946,22.986252081960515
9.14,21.45801581626028,1.5282362495649526,22.98625206582523
9.145,21.778098296903146,1.2081537560318563,22.986252052935
9.15,22.063457269236643,0.922794774116567,22.98625204335321
9.155,22.31255885373272,0.6736931830450839,22.986252036777806
9.16,22.52404360747093,0.46220842519579175,22.98625203266672
9.165000000000001,22.696739856870757,0.2895121734896315,22.986252030360387
9.17,22.829674215544536,0.15657781364134873,22.986252029185884
9.175,22.922079611975594,0.06417241655908248,22.986252028534675
9.18,22.97340118339253,0.012850844522896978,22.986252027915427
9.185,22.983300372808444,0.0029516541774757964,22.98625202698592
9.19,22.95165750645728,0.03459451911270626,22.986252025569986
9.195,22.878573040072126,0.10767898359232478,22.986252023664452
9.200000000000001,22.764367555440405,0.22188446599828643,22.98625202143869
9.205,22.609580473569153,0.3766715456573956,22.986252019226548
9.21,22.414967337341245,0.5712846801654753,22.98625201750672
9.215,22.18149541466222,0.8047566022054957,22.986252016867716
9.22,21.910337293381048,1.0759147245687601,22.98625201794981
9.225,21.60286209315249,1.38338992820854,22.98625202136103
9.23,21.26062391861794,1.7256281089498318,22.986252027567772
9.235,20.88534723349148,2.100904803276944,22.986252036768423
9.24,20.478908953682936,2.5073430950864983,22.986252048769433
9.245000000000001,20.04331724054416,2.9429348223482275,22.986252062892387
9.25,19.58068721454937,3.405564863395981,22.986252077945352
9.255,19.093214085844977,3.8930380064432586,22.986252092288236
9.26,18.58314448059212,4.4031076234128905,22.98625210400501
9.265,18.052746992234503,4.933505118936868,22.98625211117137
9.27,17.504283164177796,5.481968947999018,22.986252112176814
9.275,16.939980180708258,6.046271925329352,22.98625210603761
9.28,16.36200648696109,6.62424560567192,22.98625209263301
9.285,15.7724513776568,7.2138006951530205,22.98625207280982
9.290000000000001,15.173309311176524,7.812942737156667,22.986252048333192
9.295,14.566469360704055,8.419782660993103,22.986252021697158
9.3,13.95370985666981,9.032542139170117,22.98625199583993
9.305,13.336697951942957,9.64955402187999,22.986251973822945
9.31,12.716993589800527,10.269258368729082,22.986251958529607
9.315,12.096057195258645,10.89019475716648,22.986251952425125
9.32,11.475260346464632,11.510991610929738,22.98625195739437
9.325000000000001,10.855898703914843,12.130353270742056,22.9862519746569
9.33,10.239206561405165,12.747045443338521,22.986252004743687
9.335,9.626372510057598,13.359879537455345,22.98625204751294
9.34,9.01855585218178,13.967696250001959,22.98625210218374
9.345,8.416903545040846,14.569348622329976,22.98625216737082
9.35,7.822567580045322,15.163684661063764,22.986252241109085
9.355,7.23672279884834,15.749529522015253,22.986252320863592
9.36,6.660585205603395,16.325667197924282,22.98625240352768
9.365,6.095430847116398,16.89082163829974,22.986252485416138
9.370000000000001,5.542615292563111,17.443637269704585,22.986252562267694
9.375,5.003593643213231,17.982658986064255,22.986252629277487
9.38,4.47994082924745,18.506311851940435,22.986252681187885
9.385,3.9733716918950113,19.012881020581933,22.986252712476944
9.39,3.4857599902181766,19.50049272747273,22.986252717690906
9.395,3.019155000848791,19.96709769111973,22.98625269196852
9.4,2.5757937935249076,20.410458838266365,22.986252631791274
9.405,2.1581065854856103,20.82814595045291,22.98625253593852
9.41,1.7687118654555158,21.217540541074236,22.98625240652975
9.415000000000001,1.410397361384275,21.575854888489843,22.98625224987412
9.42,1.0860826245209978,21.900169452154625,22.986252076675623
9.425,0.7987593342263618,22.187492566837584,22.986251901063945
9.43,0.5514067759069751,22.43484496221767,22.986251738124647
9.435,0.3468826439751371,22.639368956273834,22.98625160024897
9.44,0.18779345499998876,22.79845803859758,22.986251493597567
9.445,0.07635399288440319,22.90989742379268,22.98625141667708
9.450000000000001,0.01425022891145055,22.97200113364963,22.98625136256108
9.455,0.002523375326943542,22.983727948944985,22.98625132427193
9.46,0.04149244153462718,22.944758858837506,22.986251300372132
9.465,0.13072802926184393,22.85552326778411,22.986251297045953
9.47,0.2690818573316199,22.717169467728322,22.986251325059943
9.475,0.45476691434290617,22.531484479162906,22.98625139350581
9.48,0.6854750772779119,22.300776426955373,22.986251504233284
9.485,0.9585146887087082,22.027736961218057,22.986251649926764
9.49,1.2709505695280026,21.715301246602948,22.986251816130952
9.495000000000001,1.6197323349674193,21.366519650469797,22.986251985437217
9.5,2.001801954523371,20.984450187103956,22.986252141627325
9.505,2.414176588585148,20.572075683813225,22.986252272398374
9.51,2.854006774780679,20.132245595598686,22.986252370379365
9.515,3.318612637259015,19.66763979558408,22.986252432843095
9.52,3.8055020595422957,19.180750401181413,22.98625246072371
9.525,4.312375039946748,18.67387741749834,22.986252457445087
9.53,4.837118118510448,18.149134309352824,22.98625242786327
9.535,5.377792137815077,17.608460239633494,22.986252377448572
9.540000000000001,5.932615889367442,17.053636422352778,22.98625231172022
9.545,6.499947525131464,16.486304710763953,22.986252235895417
9.55,7.078265038377635,15.907987116317376,22.98625215469501
9.555,7.666146657044013,15.320105415211238,22.98625207225525
9.56,8.262251642584188,14.724000349519553,22.98625199210374
9.565,8.865301734913972,14.120950182254653,22.986251917168623
9.57,9.474063314445157,13.512188535355559,22.986251849800716
9.575000000000001,10.08733025142598,12.898921540367693,22.986251791793674
9.58,10.703907369473114,12.282344374922875,22.98625174439599
9.585,11.322594455234885,11.663657253075275,22.98625170831016
9.59,11.942170792167921,11.044080891514326,22.986251683682248
9.595,12.561380276482138,10.42487139360675,22.98625167008889
9.6,13.17891727961881,9.807334386914563,22.986251666533374
9.605,13.793413544261176,9.192838127206285,22.98625167146746
9.61,14.403426526847632,8.582825156007143,22.986251682854775
9.615,15.007429712508447,7.978821985782229,22.986251698290676
9.620000000000001,15.603805509231245,7.382446205951123,22.98625171518237
9.625,16.190841357162142,6.795410373818196,22.98625173098034
9.63,16.7667296491403,6.219522094296066,22.986251743436362
9.635,17.32957193946748,5.6566798113787415,22.986251750846222
9.64,17.877387719994196,5.108864032238773,22.98625175223297
9.645,18.408127779803458,4.5781239676251575,22.986251747428614
9.65,18.919691864550263,4.066559872484536,22.9862517370348
9.655,19.409950051322873,3.5763016709436233,22.986251722266495
9.66,19.876766995665626,3.1094847090486377,22.986251704714263
9.665000000000001,20.318028025289696,2.6682236607841627,22.986251686073857
9.67,20.731665973854508,2.254585694043922,22.98625166789843
9.675,21.11568767481921,1.8705639765958497,22.98625165141506
9.68,21.468199158966748,1.5180524784599565,22.986251637426705
9.685,21.787428794956007,1.198822831342704,22.98625162629871
9.69,22.071747847512412,0.9145037704999861,22.9862516180124
9.695,22.319688169109767,0.6665634431490859,22.986251612258854
9.700000000000001,22.529956959641584,0.45629464890591465,22.986251608547498
9.705,22.701448704472085,0.2848029018371602,22.986251606309246
9.71,22.833254523692407,0.15299708128973616,22.986251604982144
9.715,22.924669232143813,0.061582371931206914,22.98625160407502
9.72,22.975196424903636,0.011055178306470756,22.986251603210107
9.725,22.984551874480434,0.001699727668745915,22.98625160214918
9.73,22.952665463784655,0.033586137021725554,22.98625160080638
9.735,22.87968179329982,0.1065698059524259,22.986251599252245
9.74,22.76595950172743,0.22029209598179636,22.986251597709227
9.745000000000001,22.61206923627092,0.3741823602670656,22.986251596537986
9.75,22.41879011105722,0.567461485153563,22.98625159621078
9.755,22.18710440961887,0.7991471876488038,22.98625159726767
9.76,21.91819022998832,1.0680613702637343,22.986251600252054
9.765,21.613411749174453,1.3728398564492768,22.98625160562373
9.77,21.274306807431927,1.711944806222994,22.98625161365492
9.775,20.902571589498315,2.0836800348228888,22.986251624321206
9.78,20.50004231325705,2.486209323950978,22.986251637208028
9.785,20.06867402269788,2.9175776287611868,22.986251651459067
9.790000000000001,19.610516809381075,3.3757348564121896,22.986251665793265
9.795,19.127690033068895,3.8585616455397673,22.98625167860866
9.8,18.622355347757747,4.363896340416126,22.986251688173873
9.805,18.096689529728476,4.889562163156492,22.986251692884967
9.81,17.552858216986998,5.433393474557065,22.986251691544062
9.815,16.992991681082252,5.993260002521599,22.98625168360385
9.82,16.419163654252074,6.567088015072802,22.986251669324876
9.825000000000001,15.833374036706124,7.152877613105237,22.98625164981136
9.83,15.237536037015941,7.748715589903346,22.986251626919287
9.835,14.633467991004654,8.35278361205439,22.986251603059046
9.84,14.022889802784121,8.96336177815169,22.98625158093581
9.845,13.40742369261853,9.57882787065759,22.98625156327612
9.85,12.788598746126908,10.197652806456066,22.986251552582974
9.855,12.167858650060225,10.818392900887178,22.9862515509474
9.86,11.546571970094721,11.439679589830194,22.986251559924916
9.865,10.92604436389322,12.060207216579421,22.98625158047264
9.870000000000001,10.307532209960824,12.678719402970803,22.986251612931625
9.875,9.692257249329998,13.293994407706792,22.98625165703679
9.88,9.081421963666596,13.904829748270911,22.986251711937506
9.885,8.476225533697976,14.510026242518336,22.986251776216314
9.89,7.87788032304737,15.10837152485058,22.98625184789795
9.895,7.28762890472921,15.698623019718568,22.986251924447778
9.9,6.706761682778506,16.27949031998396,22.986252002762466
9.905,6.136635152482436,16.84961692668002,22.986252079162455
9.91,5.578690781549428,17.4075613678516,22.986252149401025
9.915000000000001,5.034474371721676,17.951777836990242,22.986252208711917
9.92,4.505655564038913,18.480596687887253,22.986252251926167
9.925,3.9940468675989766,18.992205406098773,22.98625227369775
9.93,3.501621207800724,19.484631061082347,22.98625226888307
9.935,3.0305264970465116,19.95572573607051,22.98625223311702
9.94,2.583095133529143,20.403157030073075,22.986252163602217
9.945,2.1618456644934527,20.824406395570573,22.986252060064025
9.950000000000001,1.7694731896225095,21.216778736089402,22.986251925711912
9.955,1.4088245801821053,21.577427187703922,22.986251767886028
9.96,1.082854493397547,21.903397104529436,22.986251597926984
9.965,0.7945587989183327,22.191692630889488,22.986251429807822
9.97,0.5468837652935044,22.439367512097007,22.98625127739051
9.975,0.3426124332196913,22.643638717680275,22.986251150899967
9.98,0.18423395887244243,22.80201709522561,22.986251054098055
9.985,0.07380671804438006,22.912444265954072,22.986250983998453
9.99,0.012830346801700827,22.97342058723412,22.98625093403582
9.995000000000001,0.00214398396411139,22.98410691547465,22.98625089943876
10.0,0.04186635365153161,22.944384527952668,22.9862508816042
