0.0,78.47999999999999,0.0,78.47999999999999
0.005,78.4387574372732,0.04124256048440269,78.4799999977576
0.01,78.3150301785275,0.16496981250656748,78.47999999103406
0.015,78.10882208831504,0.3711778915577898,78.47999997987283
0.02,77.8201481903477,0.6598517741094357,78.47999996445714
0.025,77.44904751116809,1.0309524341069989,78.47999994527508
0.03,76.99560094994858,1.484398973383535,78.47999992333212
0.035,76.45995394746915,2.020045952902147,78.4799999003713
0.04,75.84234350409888,2.6376563749239295,78.47999987902281
0.045,75.14312877223338,3.336871090534343,78.47999986276773
0.05,74.36282403044011,4.117175825133938,78.47999985557405
0.055,73.50213237040907,4.977867490682646,78.47999986109171
0.06,72.56197796563042,5.918021915772688,78.4799998814031
0.065,71.54353444997906,6.936465465545638,78.4799999155247
0.07,70.44824684284956,8.031753115248948,78.4799999580985
0.075,69.27784473010556,9.202155268756918,78.47999999886247
0.08,68.03434510309592,10.445654920317557,78.48000002341347
0.085,66.72004432604756,11.759955689349136,78.4800000153967
0.09,65.33749998227896,13.142499977411543,78.4799999596905
0.095,63.889504589566585,14.590495256116183,78.47999984568277
0.1,62.37905410458085,16.1009455650492,78.47999966963005
0.105,60.809314556244146,17.670684879201385,78.47999943544554
0.11,59.183589995025734,19.296409158848185,78.47999915387392
0.115,57.50529430538188,20.97470453518856,78.47999884057045
0.12,55.77792849401497,22.702070019834174,78.47999851384915
0.125,54.00506406355538,24.474934129223033,78.47999819277841
0.13,52.19033220184835,26.289665694152795,78.47999789600115
0.135,50.33741788063312,28.142579760701892,78.47999764133502
0.14,48.450057605839014,30.029939840138297,78.47999744597732
0.145,46.532039478383155,31.94795784865449,78.47999732703764
0.15,44.587204361807835,33.89279294031197,78.47999730211981
0.155,42.619447257214915,35.86055013251287,78.47999738972779
0.16,40.632718410999125,37.847279198336196,78.47999760933533
0.165,38.63102419553424,39.84897378549162,78.47999798102586
0.17,36.618428389888045,41.8615701347687,78.47999852465674
0.17500000000000002,34.59905513996492,43.88094411858204,78.47999925854697
0.18,32.57709559449775,45.9029046032112,78.48000019770895
0.185,30.556820997175993,47.92318035447524,78.48000135165124
0.19,28.54260586858903,49.937396853144,78.48000272173303
0.195,26.53896583595075,51.941038461976795,78.48000429792755
0.2,24.55061565938494,53.92939039521518,78.48000605460012
0.20500000000000002,22.582554037915997,55.89745390657003,78.48000794448603
0.21,20.640182780839567,57.8398271086386,78.48000988947817
0.215,18.7294686939913,59.75054307233831,78.48001176632961
0.22,16.857156547288877,61.622856838494016,78.4800133857829
0.225,15.031039609802075,63.448974857503444,78.48001446730552
0.23,13.260288044507762,65.21972657934614,78.4800146238539
0.23500000000000001,11.555820267586059,66.92419313288364,78.4800134004697
0.24,9.930670151512011,68.54934030727073,78.48001045878274
0.245,8.400242674768604,70.07976334119122,78.48000601595983
0.25,6.98225535790387,71.49774607508965,78.48000143299352
0.255,5.696053751019371,72.78394537783451,78.47999912885389
0.26,4.560961856002276,73.91903856292387,78.48000041892615
0.265,3.5935741557129073,74.8864281463398,78.4800023020527
0.27,2.80454919885334,75.67545008337584,78.47999928222917
0.275,2.1962135394637277,76.28377782841324,78.47999136787696
0.28,1.7622975324601242,76.71768800089637,78.4799855333565
0.28500000000000003,1.490005566371163,76.98998136745638,78.47998693382755
0.29,1.3632972239970653,77.11669696910025,78.47999419309731
0.295,1.365929384821165,77.11407366770932,78.48000305253049
0.3,1.4834571623912889,76.99655326006987,78.48001042246116
0.305,1.7041538693087566,76.77586134089213,78.48001521020089
0.31,2.0191768717521255,76.46084065161232,78.48001752336444
0.315,2.422329761484864,76.05768811210532,78.48001787359019
0.32,2.9096643179723554,75.57035246371984,78.4800167816922
0.325,3.4790577395726285,75.00095692028438,78.480014659857
0.33,4.129828744917201,74.35018306513135,78.48001181004855
0.335,4.862416579684,73.6175918721907,78.4800084518747
0.34,5.6781274233391335,72.80187732497541,78.48000474831454
0.34500000000000003,6.57894334854244,71.90105747509686,78.4800008236393
0.35000000000000003,7.567383840856188,70.9126129367763,78.4799967776325
0.355,8.646405608144324,69.83358709548757,78.4799927036319
0.36,9.819321133217102,68.66066758608237,78.47998871929947
0.365,11.089709058365138,67.39027596003658,78.47998501840172
0.37,12.46127965495732,66.01870228929447,78.47998194425179
0.375,13.937647400713804,64.54233265841937,78.47998005913317
0.38,15.521954413953955,62.95802571178437,78.47998012573832
0.385,17.21629348235474,61.263689362259925,78.47998284461467
0.39,19.02091516800823,59.45907306039045,78.47998822839868
0.395,20.93328800688147,57.54670685786694,78.4799948647484
0.4,22.947209996708644,55.532789954098256,78.4799999508069
0.405,25.052284867386977,53.42771600553172,78.4800008729187
0.41000000000000003,27.23406786992313,51.24592947810529,78.47999734802842
0.41500000000000004,29.47498031000324,49.005011418021304,78.47999172802454
0.42,31.75577395109545,46.7242130137913,78.47998696488675
0.425,34.05711044827702,44.42287412546904,78.47998457374607
0.43,36.36084903161526,42.119135340473775,78.47998437208904
0.435,38.65084317836936,39.829142222088656,78.47998540045802
0.44,40.91326307317999,37.56672369172131,78.4799867649013
0.445,43.13657713393508,35.34341081255843,78.47998794649351
0.45,45.311342117294615,33.1686466402176,78.47998875751222
0.455,47.42991598748173,31.050073212919855,78.47998920040158
0.46,49.486162829482595,28.993826524509785,78.47998935399238
0.465,51.47518396681594,27.004805343428995,78.47998931024493
0.47000000000000003,53.393087584374115,25.08690156343343,78.47998914780754
0.47500000000000003,55.23679765122787,23.24319127400591,78.47998892523378
0.48,57.00389790403978,21.476090778463295,78.47998868250308
0.485,58.692505119377074,19.787483325645173,78.47998844502224
0.49,60.30116603046315,18.178822197188403,78.47998822765155
0.495,61.828773023311314,16.651215014653065,78.47998803796438
0.5,63.27449468281406,15.20549319583139,78.47998787864545
0.505,64.63771813643432,13.842269612729655,78.47998774916397
0.51,65.91800088929213,12.561986757606203,78.47998764689834
0.515,67.11503045374923,11.364957114114686,78.47998756786392
0.52,68.2285905707828,10.25139693637551,78.47998750715831
0.525,69.2585332301305,9.2214542290815,78.479987459212
0.53,70.20475605224082,8.275231365681924,78.47998741792274
0.535,71.0671849242377,7.412802452531703,78.4799873767694
0.54,71.84576210356494,6.634225225480079,78.47998732904502
0.545,72.5404403232024,5.939546945228148,78.47998726843055
0.55,73.15118373640776,5.328803453821881,78.47998719022964
0.555,73.67797677675162,4.802010316893196,78.47998709364482
0.56,74.12084207755383,4.359144907793525,78.47998698534735
0.5650000000000001,74.4798683216641,4.000118562337999,78.4799868840021
0.5700000000000001,74.75524804176536,3.7247387823062814,78.47998682407163
0.5750000000000001,74.947323721952,3.5326631332884597,78.47998685524047
0.58,75.05663797260522,3.4233490598576233,78.47998703246284
0.585,75.08398038267873,3.3960070111562857,78.47998739383502
0.59,75.0304208863124,3.449567045493248,78.47998793180565
0.595,74.897318746168,3.5826698285333896,78.47998857470138
0.6,74.686299171692,3.7936900267598803,78.47998919845188
0.605,74.39919650874083,4.080793163080401,78.47998967182123
0.61,74.03797193062333,4.442017980396738,78.47998991102007
0.615,73.60462088184362,4.875369026920282,78.4799899087639
0.62,73.10108777447175,5.37890194820711,78.47998972267887
0.625,72.52920184992911,5.950787588226811,78.47998943815593
0.63,71.89064094040201,6.589348192024051,78.47998913242606
0.635,71.18692256969871,7.293066286216872,78.47998885591558
0.64,70.41941694959736,8.06057168123358,78.47998863083095
0.645,69.58937461214721,8.890613846711238,78.47998845885844
0.65,68.69796193002222,9.782026400376617,78.47998833039884
0.655,67.7462994335186,10.733688798016935,78.47998823153554
0.66,66.7354996826038,11.74448846541793,78.47998814802173
0.665,65.66670298115068,12.813285085838622,78.4799880669893
0.67,64.54111026896,13.938877708378048,78.47998797733804
0.675,63.36001313236577,15.119974737178307,78.47998786954408
0.68,62.124821143425244,16.35516659190765,78.4799877353329
0.685,60.83708677971673,17.642900787730287,78.47998756744701
0.6900000000000001,59.49852807590523,18.98145928370572,78.47998735961094
0.6950000000000001,58.11104897136534,20.36893813536869,78.47998710673403
0.7000000000000001,56.676757080953124,21.80322972441255,78.47998680536567
0.705,55.19797835122954,23.28200810317274,78.47998645440228
0.71,53.67726778929251,24.802718266740463,78.47998605603297
0.715,52.11741518347169,26.36257043341788,78.47998561688956
0.72,50.52144449678188,27.958540652550667,78.47998514933255
0.725,48.89260543503405,29.587379237728253,78.4799846727623
0.73,47.234355610300256,31.245628604488015,78.47998421478827
0.735,45.55033178308766,32.92965202894604,78.4799838120337
0.74,43.84430892303948,34.63567458726673,78.4799835103062
0.745,42.12014632515438,36.3598370386888,78.47998336384319
0.75,40.38172079005626,38.098262643309965,78.47998343336621
0.755,38.632847930488985,39.84713585228278,78.47998378277177
0.76,36.87719397059467,41.60279050386445,78.47998447445912
0.765,35.11818187890114,43.36180368466041,78.47998556356154
0.77,33.35889718698909,45.12108990469059,78.47998709167967
0.775,31.60200021627291,46.87798886480964,78.47998908108255
0.78,29.84965246736794,48.63033906329404,78.47999153066198
0.785,28.10346544014524,50.37652897496127,78.4799944151065
0.79,26.364480035017188,52.11551765368467,78.47999768870186
0.795,24.633183943786044,53.846817351015815,78.48000129480187
0.8,22.909573241837688,55.57043193952563,78.48000518136332
0.805,21.19326310518677,57.28674621693072,78.4800093221175
0.81,19.48365176294051,58.99636197919396,78.48001374213447
0.8150000000000001,17.78014223892587,60.69987630685368,78.48001854577956
0.8200000000000001,16.082429169544067,62.39759477433456,78.48002394387862
0.8250000000000001,14.390864423261176,64.0891658500087,78.48003027326988
0.8300000000000001,12.706927490709955,65.77311049912005,78.48003798983001
0.835,11.033848053691669,67.4461995255411,78.48004757923277
0.84,9.37746448993024,69.10259473605508,78.48005922598531
0.845,7.747462706885902,70.73260910523655,78.48007181212245
0.85,6.159237693099053,72.32084253181922,78.48008022491828
0.855,4.636762353505996,73.84330695011268,78.48006930361868
0.86,3.216977952760599,75.26302849129084,78.48000644405144
0.865,1.955979251339392,76.5238876709051,78.47986692224448
0.87,0.935265480438213,77.5445528777168,78.47981835815501
0.875,0.25942952419107496,78.22094701053771,78.48037653472879
0.88,0.026880518175445865,78.45401828335282,78.48089880152827
0.885,0.2727700953158463,78.20722261731117,78.47999271262702
0.89,0.9416081961847629,77.5377129429161,78.47932113910086
0.895,1.928260099411141,76.55108249948522,78.47934259889637
0.9,3.1317998348292857,75.34765481135874,78.47945464618802
0.905,4.476939440453524,74.00255504870381,78.47949448915733
0.91,5.9128588584436175,72.56663178321045,78.47949064165407
0.915,7.406452919130117,71.07302075684399,78.4794736759741
0.92,8.936471701094119,69.5429845282574,78.47945622935153
0.925,10.489501907465035,67.98993985229446,78.4794417597595
0.93,12.057363334192793,66.42206712607863,78.47943046027143
0.935,13.635414828839673,64.84400682148694,78.47942165032661
0.9400000000000001,15.2214161383344,63.25799843789398,78.47941457622838
0.9450000000000001,16.81472785512744,61.66468077804506,78.4794086331725
0.9500000000000001,18.415721373858165,60.06368202543826,78.47940339929643
0.9550000000000001,20.025325590081916,58.45407302503344,78.47939861511536
0.96,21.644669796251637,56.83472435358162,78.47939414983325
0.965,23.274801401956758,55.20458856429533,78.47938996625209
0.97,24.916467824051463,53.56291826362386,78.47938608767532
0.975,26.569957196016354,51.90942537248399,78.47938256850034
0.98,28.234994368968003,50.24438510100066,78.47937946996866
0.985,29.910688380008327,48.56868846220969,78.47937684221802
0.99,31.595526182077933,46.88384853102573,78.47937471310365
0.995,33.28740575963947,45.19196732378913,78.4793730834286
1.0,34.983700368761816,43.49567155873915,78.47937192750096
1.0050000000000001,36.6813448848486,41.79802631264293,78.47937119749153
1.01,38.37693524902414,40.1024355809234,78.47937082994754
1.0150000000000001,40.06683273040814,38.412538022565734,78.47937075297386
1.02,41.7472659995727,36.73210489335652,78.47937089292921
1.025,43.4144256117948,35.0649455680965,78.4793711798913
1.03,45.064547196414274,33.41482435512368,78.47937155153795
1.035,46.69398124581874,31.78539070959198,78.47937195541073
1.04,48.299248756948025,30.180123592801266,78.4793723497493
1.045,49.87708302418293,28.60228967902639,78.47937270320932
1.05,51.42445859302916,27.05491440078561,78.47937299381476
1.055,52.93860877555223,25.540764431930818,78.47937320748305
1.06,54.41703323894626,24.062340097472294,78.47937333641855
1.065,55.85749705196041,22.621876325671987,78.4793733776324
1.07,57.258022248579636,21.22135108325529,78.47937333183492
1.075,58.6168724700136,19.862500732984437,78.47937320299803
1.08,59.932530585925335,18.5468424130805,78.47937299900583
1.085,61.20366837714639,17.275704356871906,78.4793727340183
1.09,62.429106400080585,16.050266033277737,78.47937243335832
1.095,63.607761119966604,14.871611021610063,78.47937214157666
1.1,64.73857551362511,13.74079641935306,78.47937193297817
1.105,65.82042911294981,12.658942806689517,78.47937191963933
1.11,66.85202488560728,11.62734735741508,78.47937224302235
1.115,67.83175502101489,10.647618002828269,78.47937302384315
1.12,68.75755742427377,9.721816822458127,78.4793742467319
1.125,69.62679001127186,8.852585595310792,78.47937560658266
1.1300000000000001,70.43616677289938,8.043209684188167,78.47937645708755
1.135,71.18180665846228,7.29756940534693,78.47937606380921
1.1400000000000001,71.8594279001664,6.619946238220573,78.47937413838697
1.145,72.46467074223375,6.014700448397971,78.47937119063172
1.1500000000000001,72.99347150479274,5.485896735635687,78.47936824042843
1.155,73.44238137933769,5.036984748319796,78.47936612765749
1.16,73.80874879900568,4.670616298373608,78.47936509737929
1.165,74.09074594279804,4.388618965775162,78.4793649085732
1.17,74.28727523430075,4.192089931224137,78.47936516552488
1.175,74.3978139414243,4.081551609061677,78.47936555048598
1.18,74.42224739656373,4.057118490967027,78.47936588753076
1.185,74.36072139407584,4.118644718100993,78.47936611217683
1.19,74.21352594330894,4.265840278205095,78.47936622151403
1.195,73.9810109669199,4.498355270347288,78.47936623726719
1.2,73.6635292074111,4.815836978536496,78.4793661859476
1.205,73.26140022225654,5.21796586850714,78.47936609076368
1.21,72.77488986905806,5.704476100602128,78.47936596966018
1.215,72.20420085218505,6.275164983708889,78.47936583589394
1.22,71.5494711082627,6.929894591070416,78.47936569933312
1.225,70.81077781751455,7.6685877502109845,78.47936556772554
1.23,69.98814559457941,8.491219853118782,78.47936544769819
1.235,69.08155796309225,9.397807382371896,78.47936534546415
1.24,68.09097160030123,10.38839366698151,78.47936526728274
1.245,67.01633309699102,11.46303212273931,78.47936521973033
1.25,65.8575981516846,12.621767058145862,78.47936520983046
1.2550000000000001,64.61475323614049,13.864612008941554,78.47936524508204
1.26,63.287839855375296,15.19152547803899,78.47936533341428
1.2650000000000001,61.87698160065124,16.602383882439497,78.47936548309073
1.27,60.3824142787216,18.09695142385689,78.47936570257849
1.2750000000000001,58.80451951838998,19.674846481997445,78.47936600038743
1.28,57.14386243497988,21.335503949884675,78.47936638486456
1.285,55.401234212604855,23.078132651278743,78.4793668638836
1.29,53.577700894886206,24.901666549400993,78.47936744428719
1.295,51.674660328841,26.804707801936274,78.47936813077727
1.3,49.69391018539552,28.785458738257944,78.47936892365345
1.305,47.63773142745836,30.84163838680727,78.47936981426562
1.31,45.50899371746089,32.97037705864896,78.47937077610985
1.315,43.31129233644533,35.16807941150568,78.479371747951
1.32,41.049130604069894,37.430241999012324,78.47937260308223
1.325,38.728167977479785,39.7512051190445,78.47937309652428
1.33,36.35556226376961,42.12381051970097,78.47937278347058
1.335,33.940444223264535,44.53892669832047,78.479370921585
1.34,31.49457121016424,46.98479523710185,78.47936644726609
1.345,29.033203308089305,49.44615503046699,78.4793583385563
1.35,26.576204148096288,51.90314296344562,78.4793471115419
1.355,24.149232069503274,54.33010626387791,78.47933833338118
1.36,21.78456757571283,56.69477862068696,78.47934619639979
1.365,19.52059359089057,58.95879220861747,78.47938579950804
1.37,17.39855266374088,61.080890084095316,78.4794427478362
1.375,15.4559722764994,63.02348900141487,78.47946127791427
1.3800000000000001,13.718783561160247,64.76062884379537,78.47941240495562
1.385,12.196536326639134,66.28280413180993,78.47934045844906
1.3900000000000001,10.883504669055824,67.59579060265592,78.47929527171175
1.395,9.764017129178537,68.7152658095383,78.47928293871684
1.4000000000000001,8.81826499275742,69.66102277495114,78.47928776770856
1.405,8.026302670291718,70.45299435951178,78.47929702980349
1.41,7.370010553167551,71.1092948726197,78.47930542578725
1.415,6.833686746653645,71.645625139614,78.47931188626764
1.42,6.403942028515166,72.07537477378115,78.47931680229631
1.425,6.069326311636594,72.40999448005061,78.4793207916872
1.43,5.819906380634306,72.65941794477877,78.47932432541307
1.435,5.646892470272648,72.83243520789317,78.47932767816582
1.44,5.5423507537389085,72.93698021494973,78.47933096868863
1.445,5.499011936965095,72.98032227544344,78.47933421240853
1.45,5.510175407097918,72.96916195984005,78.47933736693797
1.455,5.569704928873464,72.90963543812686,78.47934036700032
1.46,5.672111931502026,72.80723121526594,78.47934314676797
1.465,5.8127247693825925,72.66662087505564,78.47934564443824
1.47,5.987946977909123,72.49140080061522,78.47934777852434
1.475,6.195614937391485,72.28373444017014,78.47934937756162
1.48,6.435475764059813,72.04387427222201,78.47935003628183
1.485,6.709818558545869,71.76953031882384,78.47934887736972
1.49,7.024300864712794,71.45504342220136,78.47934428691416
1.495,7.388999747840833,71.09033432393778,78.47933407177861
1.5,7.8196366977251675,70.65968081278338,78.47931751050855
1.5050000000000001,8.338676963285232,70.14062479758066,78.4793017608659
1.51,8.97544689738029,69.5038624644101,78.4793093617904
1.5150000000000001,9.763617826349872,68.715742696285,78.47936052263488
1.52,10.734371208631464,67.745043970805,78.47941517943646
1.5250000000000001,11.90631052367294,66.5730868555767,78.47939737924965
1.53,13.278015958184058,65.20131421689318,78.47933017507724
1.5350000000000001,14.829180285185613,63.65010946377324,78.47928974895885
1.54,16.528880480878716,61.95040700830666,78.47928748918538
1.545,18.34438927390926,60.13490896582726,78.47929823973652
1.55,20.24641806826662,58.23288848796797,78.47930655623459
1.555,22.21086964353871,56.2684399965009,78.47930964003962
1.56,24.21867242523015,54.260636690168866,78.47930911539902
1.565,26.254924343377155,52.224382497550316,78.47930684092748
1.57,28.30795042849993,50.171353548942335,78.47930397744227
1.575,30.368490482493694,48.11081061921756,78.47930110171126
1.58,32.42906030060743,46.05023815375407,78.4792984543615
1.585,34.483469260827704,43.995826851342656,78.47929611217036
1.59,36.526462905039494,41.95283117649874,78.47929408153823
1.595,38.55346095567791,39.92583138745449,78.4792923431324
1.6,40.56036703670769,37.91892383428319,78.47929087099088
1.605,42.54343210553886,35.93585753396338,78.47928963950224
1.61,44.49915818517425,33.98013043996906,78.47928862514331
1.615,46.42423237576226,32.05505543051065,78.47928780627291
1.62,48.31548356399846,30.163803598457587,78.47928716245605
1.625,50.16985600256499,28.309430671340788,78.47928667390578
1.6300000000000001,51.98439521464566,26.494891106566897,78.47928632121256
1.635,53.7562426450244,24.723043440323455,78.47928608534785
1.6400000000000001,55.482636233278036,22.99664971458262,78.47928594786066
1.645,57.16091469248573,21.31837119868798,78.47928589117372
1.6500000000000001,58.78852377923451,19.690762119663894,78.47928589889841
1.655,60.363023261369264,18.11626269474214,78.4792859561114
1.6600000000000001,61.88209364275898,16.597192406799106,78.47928604955808
1.665,63.343541997742506,15.135744170026005,78.4792861677685
1.67,64.7453065077602,13.733979793326622,78.47928630108683
1.675,66.08545948403983,12.393826957584935,78.47928644162477
1.68,67.36220880816839,11.117077774986164,78.47928658315456
1.685,68.57389783232435,9.905388888635033,78.47928672095938
1.69,69.71900385847694,8.76028299318052,78.47928685165746
1.695,70.79613536662818,7.683151606385689,78.47928697301387
1.7,71.80402819159673,6.675258892155405,78.47928708375213
1.705,72.74154086088954,5.737746322483442,78.47928718337299
1.71,73.60764930724413,4.871637964741804,78.47928727198594
1.715,74.40144116211422,4.077846188042785,78.47928735015701
1.72,75.12210982366656,3.3571775951068634,78.47928741877342
1.725,75.76894847703171,2.7103390018940603,78.47928747892577
1.73,76.34134422727412,2.1379433045325267,78.47928753180665
1.735,76.83877248798272,1.6405150906416328,78.47928757862435
1.74,77.26079175129718,1.218495869233686,78.47928762053087
1.745,77.60703884903836,0.872248809523598,78.47928765856196
1.75,77.87722479966506,0.6020628939235627,78.47928769358862
1.7550000000000001,78.07113132214664,0.4081564041317655,78.4792877262784
1.76,78.18860808555769,0.2906796715077041,78.47928775706539
1.7650000000000001,78.22957075224383,0.24971703388395944,78.47928778612778
1.77,78.19399986271198,0.28528795066050355,78.47928781337248
1.7750000000000001,78.0819406018489,0.3973472365760683,78.47928783842497
1.78,77.89350347849414,0.5857843821303699,78.47928786062451
1.7850000000000001,77.62886594351234,0.8504219355109486,78.47928787902329
1.79,77.28827496493925,1.1910129274499812,78.47928789238922
1.795,76.87205057197134,1.6072373272411773,78.47928789921252
1.8,76.38059037181304,2.0986975259026295,78.47928789771566
1.805,75.81437503377838,2.664912852090154,78.47928788586853
1.81,75.17397472245011,3.305313138960038,78.47928786141014
1.815,74.46005644482518,4.019231377055035,78.47928782188022
1.82,73.67339225375432,4.8058955109102115,78.47928776466452
1.825,72.81486822004153,5.6644194670184635,78.47928768706
1.83,71.8854940467244,6.5937935396420935,78.4792875863665
1.835,70.88641314985449,7.592874310158976,78.47928746001347
1.84,69.81891296942574,8.660374336305344,78.47928730573108
1.845,68.68443520144709,9.794851920327915,78.479287121775
1.85,67.48458555799138,10.9947013492222,78.47928690721358
1.855,66.22114256824314,12.258144094040988,78.47928666228412
1.86,64.89606483389286,13.583221554926752,78.47928638881962
1.865,63.51149605290566,14.9677900378353,78.47928609074097
1.87,62.06976703586115,16.409518738737994,78.47928577459913
1.875,60.5733938711013,17.9058915790373,78.4792854501386
1.8800000000000001,59.025071364461986,19.454213766374373,78.47928513083636
1.885,57.42766090480509,21.051623929548636,78.47928483435372
1.8900000000000001,55.78417200791127,22.695112574908013,78.47928458281929
1.895,54.09773698812811,24.381547414720057,78.47928440284817
1.9000000000000001,52.37157851577165,26.10770580942573,78.47928432519738
1.905,50.6089702479464,27.870314136020585,78.47928438396698
1.9100000000000001,48.81319126946513,29.66609334582379,78.47928461528892
1.915,46.98747573250357,31.49180932300237,78.47928505550594
1.92,45.13495980508948,33.344325933844786,78.47928573893427
1.925,43.258628779337414,35.2206579160889,78.47928669542631
1.93,41.36126788765265,37.11802006043672,78.47928794808936
1.935,39.44542096213122,39.033868549522545,78.47928951165377
1.94,37.513361491826814,40.96592990026612,78.47929139209293
1.945,35.56708085435416,42.91221273378555,78.47929358813971
1.95,33.608298539687475,44.87099755561555,78.47929609530303
1.955,31.638499130398152,46.840799782456095,78.47929891285425
1.96,29.659000828282867,48.820301225761504,78.47930205404437
1.965,27.671060708121612,50.80824485142517,78.47930555954679
1.97,25.67602306385265,52.80328644987372,78.47930951372636
1.975,23.675519818394687,54.80379424406289,78.47931406245758
1.98,21.67173693095692,56.807582497695485,78.4793194286524
1.985,19.667769504879086,58.81155640916312,78.4793259140422
1.99,17.668103210050027,60.81123064400786,78.47933385405788
1.995,15.679284503856504,62.80005892993912,78.47934343379562
2.0,13.710882995322912,64.76847112752722,78.47935412285014
2.005,11.77691433931056,66.70244880902528,78.47936314833585
2.0100000000000002,9.897986220985405,68.58137570371738,78.47936192470279
2.015,8.104525642950675,70.37480462452719,78.47933026747786
2.02,6.441363436157903,72.03787712501308,78.47924056117098
2.025,4.972979933727945,73.50615591412217,78.47913584785012
2.0300000000000002,3.7849543218947295,74.69437808108717,78.4793324029819
2.035,2.969417838134617,75.51054101953532,78.47995885766994
2.04,2.5836894351179467,75.89604934435313,78.47973877947108
2.045,2.6091689475812525,75.86971595738738,78.47888490496864
2.05,2.962674719278515,75.51598630463769,78.4786610239162
2.055,3.5459583151700613,74.93279744634229,78.47875576151236
2.06,4.27884450500133,74.19998256060695,78.47882706560829
2.065,5.105479722423447,73.37336319831172,78.47884292073518
2.07,5.989449585179588,72.48938433184937,78.47883391702895
2.075,6.907791199557958,71.5710277585432,78.47881895810116
2.08,7.846526883743103,70.63227809804943,78.47880498179254
2.085,8.797709354558354,69.68108425067832,78.47879360523667
2.09,9.757503829706852,68.72128080648548,78.47878463619233
2.095,10.724912175501732,67.75386526255588,78.4787774380576
2.1,11.700882752838826,66.7778886360853,78.47877138892412
2.105,12.687652662804998,65.79111334952385,78.47876601232885
2.11,13.688234915530336,64.79052608209994,78.47876099763027
2.115,14.706003367687307,63.77275281620306,78.47875618389037
2.12,15.744352482867917,62.73439904761483,78.47875153048275
2.125,16.806422878284607,61.672324203872655,78.47874708215727
2.13,17.894890678287823,60.58385225445217,78.47874293273999
2.1350000000000002,19.01182109206435,59.46691809919192,78.47873919125627
2.14,20.158585975741932,58.3201499782057,78.47873595394763
2.145,21.335842758195742,57.14289052645124,78.47873328464698
2.15,22.54356914000103,55.93516206444287,78.4787312044439
2.1550000000000002,23.781145321956448,54.697584367995624,78.47872968995208
2.16,25.047473800194012,53.43125487798746,78.47872867818148
2.165,26.341126277075926,52.13760179813985,78.47872807521577
2.17,27.66050798211505,50.81821978347345,78.4787277655885
2.1750000000000003,29.00403144555583,49.474696173704444,78.47872761926027
2.18,30.37029414030088,48.10843335284094,78.47872749314182
2.185,31.75825693664512,46.7204702873036,78.47872722394872
2.19,33.16742243225288,45.31130417664836,78.47872660890124
2.195,34.59801313292469,43.88071223879779,78.47872537172248
2.2,36.05114780483861,42.42757531390773,78.47872311874633
2.205,37.5290074643409,40.94971185546628,78.47871931980718
2.21,39.03496528639109,39.443748155464746,78.47871344185583
2.215,40.57361796230811,37.90508762775411,78.47870559006222
2.22,42.15058645867057,36.32811187546557,78.47869833413614
2.225,43.77184501400379,34.706854906840505,78.47869992084429
2.23,45.44223315993827,33.03649139944387,78.47872455938213
2.235,47.162903834846816,31.315872446057902,78.47877628090473
2.24,48.928144309596846,29.55067404422376,78.4788183538206
2.245,50.723306945590906,27.755489806046214,78.47879675163712
2.25,52.526079822155886,25.952647050128228,78.47872687228411
2.255,54.31119099943619,24.16748280348454,78.47867380292072
2.2600000000000002,56.055650681082795,22.423009413331165,78.47866009441395
2.265,57.74169398931791,20.736973729971293,78.4786677192892
2.27,59.35710204751254,19.121576705389856,78.4786787529024
2.275,60.89414333032785,17.584543222250055,78.4786865525779
2.2800000000000002,62.34825220282663,16.130438503578688,78.47869070640532
2.285,63.71693892288264,14.761753506182211,78.47869242906485
2.29,64.99902160990423,13.47967122580852,78.47869283571275
2.295,66.19412263746057,12.284569992214236,78.4786926296748
2.3000000000000003,67.30234886831582,11.176343322027268,78.47869219034308
2.305,68.32409093901356,10.154600763127322,78.47869170214088
2.31,69.25989727697544,9.218793968111957,78.47869124508739
2.315,70.11039448624886,8.368296360992089,78.47869084724096
2.32,70.87623645254479,7.602454059956722,78.47869051250152
2.325,71.55807129500957,6.920618939566461,78.47869023457604
2.33,72.15651947473248,6.322170528946814,78.47869000367929
2.335,72.67215893289361,5.80653087667956,78.47868980957317
2.34,73.10551470544549,5.373174937377034,78.47868964282252
2.345,73.45705143583899,5.021638059379158,78.47868949521815
2.35,73.72716781871438,4.751521541123138,78.47868935983752
2.355,73.91619239818021,4.562496832790447,78.47868923097066
2.36,74.02438040048844,4.454308703528801,78.47868910401723
2.365,74.05191145498921,4.426777520412249,78.47868897540145
2.37,73.99888818121104,4.479800661310623,78.47868884252166
2.375,73.86533571324514,4.613352990492483,78.47868870373763
2.38,73.65120230692105,4.82748625146966,78.47868855839072
2.3850000000000002,73.35636123699082,5.122327169857405,78.47868840684822
2.39,72.98061424355022,5.498074007009546,78.47868825055977
2.395,72.5236968294058,5.95499126270607,78.47868809211187
2.4,71.98528574109295,6.493402194171343,78.47868793526429
2.4050000000000002,71.36500898204056,7.11367880291097,78.47868778495153
2.41,70.66245870178523,7.816228945445654,78.47868764723088
2.415,69.8772072739696,8.601480255192808,78.47868752916241
2.42,69.00882681147152,9.469860627136992,78.47868743860852
2.4250000000000003,68.05691226319347,10.421775120753358,78.47868738394682
2.43,67.02110808915528,11.457579284544856,78.47868737370013
2.435,65.90113831694796,12.577549099148543,78.4786874160965
2.44,64.69683954636326,13.781847972222664,78.47868751858593
2.445,63.40819619946536,15.070491487885963,78.47868768735133
2.45,62.03537702758937,16.443310899274184,78.47868792686356
2.455,60.57877161025057,17.899916629288242,78.47868823953881
2.46,59.03902534734293,19.439663278220195,78.47868862556312
2.465,57.41707129518214,21.061617787767148,78.47868908294929
2.47,55.714157171555186,22.764532436336136,78.47868960789133
2.475,53.93186599523514,24.54682420023763,78.47869019547278
2.48,52.07212916311608,26.406561677659887,78.47869084077597
2.485,50.13723132016628,28.341460220259027,78.4786915404253
2.49,48.12980714144765,30.348885153138085,78.47869229458573
2.495,46.052831098855435,32.42586201057931,78.47869310943474
2.5,43.90960238961947,34.569091610524104,78.47869400014358
2.505,41.70372841669138,36.77496657776684,78.47869499445822
2.5100000000000002,39.4391115070121,39.0395846300622,78.47869613707431
2.515,37.11994495243769,41.35875254271838,78.47869749515607
2.52,34.75072606678047,43.72797309873013,78.4786991655106
2.525,32.33629602188699,46.14240526206082,78.4787012839478
2.5300000000000002,29.881919237084766,48.59678479969686,78.47870403678164
2.535,27.39341990621316,51.08528776580396,78.47870767201712
2.54,24.87740135169694,53.601311148342404,78.47871250003934
2.545,22.341587939466798,56.137130911400426,78.47871885086722
2.5500000000000003,19.795354044067825,58.683372845945875,78.4787268900137
2.555,17.250548794918885,61.22818721736448,78.47873601228336
2.56,14.722805192855738,63.75593784210833,78.47874303496407
2.565,12.233665888020367,66.24507129104846,78.47873717906883
2.57,9.814105561360856,68.66458217728173,78.47868773864259
2.575,7.510386773945504,70.96813734579686,78.47852411974236
2.58,5.393327787157951,73.084842454301,78.47817024145894
2.585,3.5700738004663615,74.90788900866269,78.47796280912905
2.59,2.1871184278996996,76.29214241873922,78.47926084663892
2.595,1.3923244038956173,77.08813478540841,78.48045918930403
2.6,1.2453036531047381,77.23283217199155,78.47813582509629
2.605,1.6733632765824464,76.80351281127489,78.47687608785733
2.61,2.5378081143172664,75.93923872636236,78.47704684067963
2.615,3.71083865939193,74.76645418555196,78.47729284494389
2.62,5.099640513333557,73.37774842424301,78.47738893757656
2.625,6.641527675298377,71.83587940466408,78.47740707996246
2.63,8.29434727843149,70.18305248573404,78.47739976416553
2.6350000000000002,10.029103774841733,68.44828365023831,78.47738742508004
2.64,11.825164317499476,66.65221193569164,78.47737625319111
2.645,13.667243666397656,64.81012384629295,78.4773675126906
2.65,15.543488494709989,62.933872532193064,78.47736102690305
2.6550000000000002,17.444230337532993,61.03312598294451,78.4773563204775
2.66,19.361153964567414,59.11619898081964,78.47735294538705
2.665,21.286734910073623,57.19061563533412,78.47735054540775
2.67,23.213861317961584,55.263487529223184,78.47734884718477
2.6750000000000003,25.135589819934015,53.34175781835726,78.47734763829128
2.68,27.04500407370943,51.43234267585134,78.47734674956077
2.685,28.935154333494232,49.54219171126906,78.4773460447633
2.69,30.79906087552198,47.67828454076288,78.47734541628486
2.695,32.62976571593089,45.8475790684651,78.477344784396
2.7,34.420417485199565,44.05692661260276,78.47734409780233
2.705,36.16437466598707,42.31296866770155,78.47734333368862
2.71,37.85531332243258,40.622029173683956,78.47734249611653
2.715,39.487327226879614,38.990014385407484,78.47734161228709
2.72,41.05501088185126,37.42232984492103,78.4773407267723
2.725,42.553519068783174,35.92382082552699,78.47733989431016
2.73,43.97859984059923,34.498739331495806,78.47733917209504
2.735,45.326600915742674,33.1507376968856,78.47733861262827
2.74,46.594451910812815,31.882886347291624,78.47733825810444
2.745,47.77962658372604,30.697711553291164,78.4773381370172
2.75,48.88009020942698,29.597248053830103,78.47733826325708
2.755,49.894237459488195,28.58310117805047,78.47733863753867
2.7600000000000002,50.82082587498336,27.656513375644213,78.47733925062758
2.765,51.658909422846634,26.818430664711105,78.47734008755774
2.77,52.4077759366994,26.069565195078088,78.4773411317775
2.775,53.06689169135103,25.410450676369752,78.47734236772078
2.7800000000000002,53.63585618656866,24.841487592659675,78.47734377922833
2.785,54.114370720747914,24.362974617874723,78.47734533862264
2.79,54.502225975555476,23.975120999641245,78.47734697519672
2.795,54.799317400044615,23.67803109871162,78.47734849875624
2.8000000000000003,55.00570412060377,23.47164530718742,78.47734942779118
2.805,55.12174002868326,23.355608601512774,78.47734863019603
2.81,55.14832906914897,23.329014596540365,78.47734366568933
2.815,55.08739681968639,23.38993315653094,78.47732997621733
2.82,54.942730240633054,23.53457138774595,78.477301628379
2.825,54.721391184702604,23.75586929613552,78.47726048083813
2.83,54.43581704885838,24.041428297513,78.47724534637138
2.835,54.10607604692154,24.371270800660785,78.47734684758233
2.84,53.76009116806579,24.71745598989215,78.47754715795794
2.845,53.428427742584574,25.0491428007387,78.47757054332328
2.85,53.13412965103299,25.34324938795575,78.47737903898874
2.855,52.88543926009493,25.591804622084496,78.47724388217942
2.86,52.67723409971901,25.799992959912252,78.47722705963126
2.865,52.497430445616104,25.979822324576766,78.47725277019288
2.87,52.33243094077672,26.144846207114263,78.47727714789099
2.875,52.16985207849354,26.307440046311175,78.47729212480472
2.88,51.9993692566282,26.477931033163834,78.47730028979203
2.8850000000000002,51.81270885228622,26.664595951237793,78.47730480352402
2.89,51.603363968175685,26.873943632725197,78.47730760090089
2.895,51.36627482621545,27.111034829522655,78.47730965573811
2.9,51.09755387915974,27.379757530600134,78.47731140975988
2.9050000000000002,50.79427224434553,27.68304080045613,78.47731304480166
2.91,50.45430290971699,28.023011714349735,78.47731462406674
2.915,50.07621116738126,28.4011049921571,78.47731615953836
2.92,49.65918318627753,28.81813445630803,78.47731764258556
2.9250000000000003,49.20298551238815,29.27433354483985,78.477319057228
2.93,48.70795018539961,29.76937020014317,78.47732038554278
2.935,48.174981661042956,30.302339948662663,78.47732160970563
2.94,47.605582731802095,30.871739980989698,78.47732271279179
2.945,47.00189713495027,31.475426544419815,78.47732367937009
2.95,46.36676651972946,32.11055797667571,78.47732449640517
2.955,45.70379889451415,32.77352626018598,78.47732515470014
2.96,45.01744456740799,33.459881083462854,78.47732565087085
2.965,44.31307393711092,34.16425205245386,78.47732598956478
2.97,43.597049369971174,34.88027681533252,78.4773261853037
2.975,42.876781033512486,35.60054522951673,78.47732626302923
2.98,42.16075435003975,36.31657190631687,78.47732625635662
2.985,41.45851528591577,37.018810917012686,78.47732620292845
2.99,40.78059973579413,37.69672640144146,78.4773261372356
2.995,40.138395497054105,38.338930585565876,78.47732608261998
3.0,39.54393016763519,38.93339587762628,78.47732604526146
3.005,39.00958558187074,39.46774043105998,78.47732601293072
3.0100000000000002,38.54774823207105,39.929577727678044,78.4773259597491
3.015,38.17041396492378,40.30691189071578,78.47732585563956
3.02,37.88877226885326,40.588553408100225,78.47732567695348
3.025,37.712799137691505,40.76452627655542,78.47732541424693
3.0300000000000002,37.650887051986956,40.82643802266932,78.47732507465628
3.035,37.70953632198823,40.76778835684683,78.47732467883506
3.04,37.893125010904924,40.58419924360793,78.47732425451285
3.045,38.20376646257699,40.27355736690059,78.47732382947758
3.0500000000000003,38.641255590688424,39.83606783551882,78.47732342620725
3.055,39.20309862039498,39.27422443875279,78.47732305914778
3.06,39.88461642439094,38.5927063101141,78.47732273450504
3.065,40.67910898967405,37.798213462100364,78.47732245177441
3.0700000000000003,41.57806759403721,36.89925461206474,78.47732220610195
3.075,42.571421529808376,35.90590046094355,78.47732199075193
3.08,43.64780725138671,34.829514547861834,78.47732179924854
3.085,44.79484927883561,33.682472348166925,78.47732162700254
3.09,45.99944379226992,32.47787768011213,78.47732147238204
3.095,47.24803741701041,31.22928392022907,78.47732133723947
3.1,48.526895109793074,29.950426117103103,78.47732122689618
3.105,49.82235224168976,28.654968907867122,78.47732114955687
3.11,51.12104689966352,27.356274215450878,78.47732111511439
3.115,52.41012909374151,26.06719203960786,78.47732113334936
3.12,53.677443992569756,24.799877219079683,78.47732121164944
3.125,54.91168658623163,23.56563476632635,78.47732135255798
3.13,56.102525398942205,22.37479615273676,78.47732155167897
3.1350000000000002,57.240693181343154,21.236628615264184,78.47732179660734
3.14,58.31804304480906,20.159279022705476,78.47732206751454
3.145,59.327569372310826,19.14975296738681,78.47732233969764
3.15,60.263394096861276,18.213928490958068,78.47732258781934
3.1550000000000002,61.120720521840724,17.35660226905372,78.47732279089445
3.16,61.89575859748059,16.581564339135692,78.47732293661628
3.165,62.58562720683543,15.891695816808282,78.47732302364372
3.17,63.18824026697334,15.289082794093302,78.47732306106664
3.1750000000000003,63.70218408048592,14.77513898473517,78.47732306522109
3.18,64.12659325989961,14.350729795019866,78.47732305491948
3.185,64.46103172474926,14.01629132185343,78.47732304660269
3.19,64.70538390607568,13.77193914468797,78.47732305076366
3.1950000000000003,64.85975963769928,13.617563432683927,78.4773230703832
3.2,64.92441453392078,13.552908567465888,78.47732310138667
3.205,64.89968616918344,13.577636965389294,78.47732313457273
3.21,64.78594522524705,13.691377932988186,78.47732315823524
3.215,64.58356000683966,13.893763153927722,78.47732316076738
3.22,64.29287232776348,14.184450805023618,78.47732313278709
3.225,63.91418267192666,14.56314039667988,78.47732306860654
3.23,63.44774265626604,15.029580310837972,78.47732296710402
3.235,62.8937530868601,15.58356974533872,78.47732283219882
3.24,62.25236624356789,16.224956429625102,78.47732267319299
3.245,61.52369141190751,16.953631093346043,78.47732250525355
3.25,60.707803086612216,17.769519263685662,78.47732235029788
3.255,59.80475170612422,18.672570532405533,78.47732223852975
3.2600000000000002,58.81457727390756,19.662744936948027,78.47732221085559
3.265,57.73732684681474,20.739995475532034,78.47732232234677
3.27,56.573077739029515,21.904244907647893,78.47732264667741
3.275,55.32196960378521,23.15535367692644,78.47732328071166
3.2800000000000002,53.98425066970778,24.49307367651989,78.47732434622768
3.285,52.560346969087796,25.916979010669035,78.47732597975683
3.29,51.05096960338932,27.426358682020158,78.47732828540947
3.295,49.45728624187819,29.020044941112822,78.47733118299101
3.3000000000000003,47.781203607124006,30.69613036622765,78.47733397335165
3.305,46.02584640534701,32.45148776537147,78.47733417071848
3.31,44.196391734162354,34.280932841743606,78.47732457590595
3.315,42.30155538197414,36.17573159877581,78.47728698074995
3.3200000000000003,40.356260176327226,38.12092450077476,78.47718467710199
3.325,38.38628677335599,40.09070140980492,78.47698818316091
3.33,36.43538884978846,42.041480430547,78.47686928033545
3.335,34.57197920365735,43.905458212600855,78.4774374162582
3.34,32.882934948225284,45.59529690136493,78.47823184959022
3.345,31.44018339535421,47.037244338264024,78.47742773361824
3.35,30.26287543446216,48.213656974623824,78.47653240908599
3.355,29.31993198440725,49.15652029679849,78.47645228120574
3.36,28.561378909004443,49.915210748169535,78.47658965717397
3.365,27.940949029457567,50.53573108342532,78.47668011288289
3.37,27.422903700639964,51.05381380712842,78.47671750776838
3.375,26.98148846217662,51.495240937708864,78.47672939988549
3.38,26.598693210919347,51.87803858708776,78.47673179800711
3.3850000000000002,26.262201729576677,52.21452959786943,78.4767313274461
3.39,25.96387187727186,52.512858422044076,78.47673029931593
3.395,25.698672087604045,52.778057267207885,78.47672935481194
3.4,25.463939231403312,53.01278933251185,78.47672856391516
3.4050000000000002,25.25884559286058,53.217882249921765,78.47672784278234
3.41,25.083994113250068,53.392732988794094,78.47672710204417
3.415,24.941085699840254,53.53564059377618,78.47672629361644
3.42,24.83261984966005,53.644105570196075,78.47672541985612
3.4250000000000003,24.76160250826692,53.71512201998959,78.47672452825651
3.43,24.731245224798883,53.74547847501967,78.47672369981855
3.435,24.74464878319774,53.732074251063075,78.47672303426081
3.44,24.80447330080593,53.67224933325936,78.47672263406528
3.4450000000000003,24.912605269571213,53.564117319738415,78.47672258930963
3.45,25.069839529412466,53.40688343565089,78.47672296506336
3.455,25.27559965019575,53.20112414225508,78.47672379245083
3.46,25.527722502302698,52.94900256124019,78.47672506354289
3.465,25.822331044773698,52.654395684855174,78.47672672962887
3.47,26.15381331827812,52.32291538432571,78.47672870260384
3.475,26.514915899903247,51.96181496019872,78.47673086010197
3.48,26.896948077405256,51.57978497847628,78.47673305588154
3.485,27.290080717152986,51.18665441968083,78.47673513683381
3.49,27.683713367717473,50.79302359853298,78.47673696625046
3.495,28.066876378210303,50.40986207181809,78.47673845002839
3.5,28.428632820443102,50.04810673928111,78.47673955972421
3.505,28.758447946972666,49.71829239858419,78.47674034555686
3.5100000000000002,29.046501011263135,49.43023992340605,78.47674093466918
3.515,29.283924030509397,49.192817484201065,78.47674151471045
3.52,29.462962687791606,49.013779620375146,78.47674230816675
3.525,29.577064398223005,48.89967914827609,78.4767435464991
3.5300000000000002,29.620906484247975,48.8558389693765,78.47674545362447
3.535,29.590383051235456,48.88636519446906,78.47674824570451
3.54,29.482572966382758,48.99417918325032,78.47675214963307
3.545,29.295714541367285,49.181042894877415,78.4767574362447
3.5500000000000003,29.02921715152315,49.44754730073214,78.47676445225528
3.555,28.68374934130949,49.793024260879726,78.47677360218921
3.56,28.261462494977152,50.21532263635085,78.476785131328
3.565,27.766449188054732,50.71034906798533,78.47679825604006
3.5700000000000003,27.20561610401882,51.27119220197064,78.47680830598946
3.575,26.590312126691618,51.88648620549099,78.47679833218261
3.58,25.939357971803666,52.537360878975925,78.47671885077959
3.585,25.284608736468577,53.1918595205223,78.47646825699087
3.59,24.680379210022956,53.795684076607095,78.47606328663005
3.595,24.214916121895662,54.26157681021467,78.47649293211033
3.6,24.00732649948494,54.47106576805312,78.47839226753806
3.605,24.1578378658497,54.31935307329779,78.47719093914749
3.61,24.67832586379007,53.79701534472064,78.47534120851071
3.615,25.498226890000282,52.977086033262935,78.47531292326322
3.62,26.526539900496193,51.94903758663479,78.47557748713098
3.625,27.688628402941625,50.787061500789825,78.47568990373145
3.63,28.931342263371775,49.54436946022845,78.47571172360023
3.6350000000000002,30.217948279249,48.257756729897416,78.47570500914642
3.64,31.5227407409397,46.95295281382539,78.47569355476509
3.645,32.82722447838482,45.648459470571936,78.47568394895676
3.65,34.117647996895116,44.358029170046144,78.47567716694127
3.6550000000000002,35.38342802591379,43.092244693511965,78.47567271942575
3.66,36.61612613519641,41.85954377963797,78.47566991483438
3.665,37.808763750844975,40.66690442690126,78.47566817774623
3.67,38.9553458577311,39.52032123140429,78.47566708913538
3.6750000000000003,40.05051429903033,38.425152058733154,78.47566635776349
3.68,41.08928138365774,37.38638439982453,78.47566578348227
3.685,42.066812141917616,36.408853085335366,78.47566522725299
3.69,42.978234264619296,35.497430324955936,78.47566458957523
3.6950000000000003,43.81846166189752,34.65720213426036,78.47566379615787
3.7,44.58202271817546,33.89364007183423,78.4756627900097
3.705,45.26288926228017,33.212772268337986,78.47566153061815
3.71,45.85430851325173,32.621351489565704,78.47566000281743
3.715,46.34864943136028,32.12700880780469,78.47565823916497
3.72,46.73728861410522,31.73836774260975,78.47565635671496
3.725,47.01057984925661,31.46507474563625,78.47565459489286
3.73,47.15797329032265,31.317680018952824,78.47565330927547
3.735,47.168365703810764,31.30728713860255,78.47565284241331
3.74,47.0307528711198,31.444900360018035,78.47565323113784
3.745,46.735193163362176,31.740460751400725,78.4756539147629
3.75,46.27396636450872,32.20168748976397,78.4756538542727
3.755,45.64266271529009,32.8329895421824,78.47565225747249
3.7600000000000002,44.84086305675167,33.63478625025456,78.47564930700622
3.765,43.87216591028679,34.60348011415367,78.47564602444046
3.77,42.74356089421532,35.732082515520986,78.4756434097363
3.775,41.464389665557974,37.01125215828359,78.47564182384156
3.7800000000000002,40.0452281416558,38.430412913943876,78.47564105559968
3.785,38.496950924801446,39.97868978186767,78.47564070666911
3.79,36.83009444247846,41.645546026566734,78.4756404690452
3.795,35.05451507131596,43.42112513208894,78.47564020340491
3.8000000000000003,33.17927889544666,45.29636101819731,78.47563991364396
3.805,31.212709853605045,47.26292985538619,78.47563970899124
3.81,29.162538508340283,49.31310128339888,78.47563979173916
3.815,27.036116501442667,51.43952397607386,78.47564047751652
3.8200000000000003,24.8406838602064,53.63495838828785,78.47564224849425
3.825,22.58369663855698,55.891949205042096,78.47564584359907
3.83,20.27324394054117,58.202408450541554,78.47565239108272
3.835,17.91861240591073,60.55705116116483,78.47566356707556
3.84,15.531103910791757,62.944577738151075,78.47568164894284
3.845,13.125300301165636,65.35040855622286,78.4757088573885
3.85,10.721143150392626,67.75460037400184,78.47574352439446
3.855,8.347556553852646,70.1282070067154,78.47576356056804
3.86,6.0490987473067195,72.42656431833797,78.47566306564468
3.865,3.898638090429588,74.57641678183663,78.47505487226621
3.87,2.0210674285975765,76.45207371117147,78.47314113976904
3.875,0.6281689589713207,77.84432594246721,78.47249490143852
3.88,0.014239905194184492,78.46791053358783,78.48215043878201
3.8850000000000002,0.37288940217756145,78.09915878760154,78.4720481897791
3.89,1.5779585548904285,76.88826199979242,78.46622055468285
3.895,3.3350632874529986,75.1327580942748,78.4678213817278
3.9,5.4088550720513435,73.0596948021078,78.46854987415914
3.9050000000000002,7.6570816695658035,70.81155472629372,78.46863639585952
3.91,9.997014985758339,68.47156712689106,78.4685821126494
3.915,12.378629786107746,66.08989500906192,78.46852479516967
3.92,14.76987088827891,63.69861540902694,78.46848629730584
3.9250000000000003,17.148929911207105,61.31953399695364,78.46846390816074
3.93,19.50007621630247,58.96837598202823,78.4684521983307
3.935,21.811290614268955,56.65715640351351,78.46844701778247
3.94,24.07284429517398,54.39560136928028,78.46844566445426
3.9450000000000003,26.276392559319465,52.192053898490826,78.46844645781029
3.95,28.414358478700485,50.054089883694154,78.46844836239464
3.955,30.47948446453301,47.98896627238404,78.46845073691705
3.96,32.46448441300727,46.00396876821468,78.46845318122195
3.9650000000000003,34.361761333027644,44.10669411676809,78.46845544979573
3.97,36.16317806776714,42.30527934520428,78.46845741297142
3.975,37.859889021465975,40.6085700355202,78.46845905698618
3.98,39.442262444059246,39.02619806930637,78.46846051336561
3.985,40.899945871764345,37.5685162149052,78.46846208666955
3.99,42.22214559082298,36.24631861502563,78.46846420584862
3.995,43.39818880140826,35.070278402951324,78.46846720435958
4.0,44.41839069888604,34.050080255588455,78.4684709544745
4.005,45.27514153594685,33.19333313936453,78.46847467531138
4.01,45.96398410697773,32.50449322749395,78.46847733447169
4.015,46.48435432951969,31.9841241513287,78.46847848084839
4.0200000000000005,46.839709374368205,31.628769261157522,78.46847863552573
4.025,47.03698418792719,31.431494594551378,78.46847878247857
4.03,47.08557399971645,31.382905593932854,78.4684795936493
4.035,46.99617444040439,31.472306706951816,78.4684811473562
4.04,46.77976893204882,31.68871421124159,78.4684831432904
4.045,46.44691166045287,32.02157355051821,78.46848521097108
4.05,46.00731953468826,32.46116754076999,78.46848707545826
4.055,45.469710949653006,32.998777634611926,78.46848858426493
4.0600000000000005,44.84180972869973,33.62667994576519,78.46848967446492
4.065,44.13044437298422,34.33804596104109,78.46849033402532
4.07,43.3416941576945,35.12679641829905,78.46849057599354
4.075,42.48105344525962,35.98743698092778,78.4684904261874
4.08,41.55360032663878,36.91488959372199,78.46848992036077
4.085,40.56416563713158,37.9043234703258,78.46848910745737
4.09,39.51750503913655,38.950983018063646,78.4684880572002
4.095,38.41848185755515,40.05000501377121,78.46848687132636
4.1,37.27227318485336,41.196212512629494,78.46848569748286
4.105,36.084617921980524,42.38386681943866,78.46848474141919
4.11,34.86213470286445,43.60634955844639,78.46848426131083
4.115,33.61275276117934,44.855731730737155,78.46848449191648
4.12,32.34632416250578,46.122161177066225,78.468485339572
4.125,31.0755287699769,47.392956611701734,78.46848538167863
4.13,29.817254830109228,48.651224037896235,78.46847886800546
4.135,28.59474821872647,49.87369932315889,78.46844754188535
4.14,27.44094716039949,51.02739585984763,78.46834302024712
4.1450000000000005,26.40333078040343,52.064749864657855,78.46808064506129
4.15,25.549251155520956,52.91849268727611,78.46774384279706
4.155,24.96485865916359,53.50347488589311,78.46833354505671
4.16,24.728817782703295,53.741081671988056,78.46989945469136
4.165,24.853537008847212,53.614659523656144,78.46819653250336
4.17,25.258154452700797,53.20836658034051,78.4665210330413
4.175,25.82430130681815,52.64231079384174,78.46661210065989
4.18,26.456322467085897,52.01055839662332,78.4668808637092
4.1850000000000005,27.09346028294481,51.37351785280686,78.46697813575167
4.19,27.69990236479299,50.76708551970331,78.46698788449629
4.195,28.254591316206437,50.21238131925008,78.46697263545651
4.2,28.744902362797497,49.72205209341521,78.4669544562127
4.205,29.163157074377057,49.30378181213962,78.46693888651667
4.21,29.504746978734005,48.96217947754688,78.46692645628089
4.215,29.767126242992404,48.699790316416454,78.46691655940886
4.22,29.949278514861597,48.517630031465345,78.46690854632695
4.225,30.051450329282336,48.41545162031958,78.46690194960192
4.23,30.07503842245587,48.39185804748436,78.46689646994022
4.235,30.022565546298807,48.44432636640038,78.4668919126992
4.24,29.897702542479156,48.56918558664251,78.46688812912167
4.245,29.70530549239635,48.76157948421833,78.46688497661468
4.25,29.451442016410198,49.01544028435177,78.46688230076197
4.255,29.143383872476424,49.32349606463046,78.46687993710688
4.26,28.789546173090386,49.67733155418199,78.46687772727238
4.265,28.399358230216123,50.06751731104157,78.46687554125769
4.2700000000000005,27.983057944584658,50.48381535235383,78.46687329693849
4.275,27.551410701081416,50.91546026864394,78.46687096972536
4.28,27.115364069164453,51.35150452035444,78.4668685895189
4.285,26.685659767239546,51.781206459561105,78.46686622680065
4.29,26.272432559934416,52.19443141295871,78.46686397289312
4.295,25.884830373534523,52.58203154646289,78.46686191999741
4.3,25.53068985399711,52.93617029089901,78.46686014489612
4.305,25.216296637351885,53.25056206025033,78.46685869760222
4.3100000000000005,24.946250499910917,53.520607094356784,78.46685759426771
4.315,24.723443874093984,53.74341293904113,78.46685681313511
4.32,24.549150006714846,53.91770628629011,78.46685629300495
4.325,24.423206382969255,54.043649551738206,78.46685593470747
4.33,24.344271605805567,54.122584000698154,78.46685560650371
4.335,24.310130629710777,54.15672452411667,78.46685515382745
4.34,24.318024171849363,54.148830240764724,78.46685441261408
4.345,24.364982610270197,54.10187061401459,78.46685322428479
4.3500000000000005,24.448151664643163,54.018699785082035,78.4668514497252
4.355,24.565105551440077,53.90174342771133,78.46684897915141
4.36,24.714152356193328,53.75269337733732,78.46684573353065
4.365,24.89464590654572,53.57219574218169,78.46684164872741
4.37,25.107329054166613,53.35950756612011,78.46683662028673
4.375,25.354746434935322,53.11208391679391,78.46683035172923
4.38,25.641782814318873,52.82503914708419,78.46682196140307
4.385,25.97640885961777,52.4904001359761,78.46680899559388
4.39,26.370750475287753,52.096034605027924,78.46678508031567
4.3950000000000005,26.84262903541474,51.62410605459678,78.46673509001153
4.4,27.417684134353493,51.04894556977672,78.46662970413021
4.405,28.131841697831852,50.3346037251606,78.46644542299245
4.41,29.032482186718635,49.43383585088006,78.4663180375987
4.415,30.17289409821484,48.29390001051824,78.46679410873308
4.42,31.590693660317648,46.87695335675448,78.46764701707212
4.425,33.2739061228428,45.192976955468644,78.46688307831144
4.43,35.15263515048039,43.313175534354954,78.46581068483535
4.4350000000000005,37.136050795984765,41.32966541032762,78.46571620631238
4.44,39.150241027069704,39.315656766648644,78.46589779371834
4.445,41.14724930790103,37.3187607098326,78.46601001773362
4.45,43.098639419782906,35.367412630815856,78.46605205059876
4.455,44.98788285527891,33.47818023522901,78.46606309050793
4.46,46.80527790133192,31.66078610599231,78.46606400732423
4.465,48.54501926869041,29.92104347055398,78.46606273924439
4.47,50.203564850630045,28.262496903728042,78.4660617543581
4.4750000000000005,51.77871941543985,26.687342162346432,78.46606157778629
4.48,53.269109065925775,25.196953072775983,78.46606213870176
4.485,54.67387143272707,23.792191801291644,78.46606323401872
4.49,55.9924676650142,22.473597005437895,78.4660646704521
4.495,57.22456490100882,21.241501396197226,78.46606629720604
4.5,58.369960495308106,20.09610750963805,78.46606800494615
4.505,59.4285315089211,19.037538207821118,78.46606971674221
4.51,60.40019975974894,18.065871619257283,78.46607137900622
4.515,61.28490661388571,17.181166340553116,78.46607295443883
4.5200000000000005,62.08259399199679,16.383480425101286,78.46607441709807
4.525,62.79318947686353,15.67288627234552,78.46607574920905
4.53,63.41659432684848,15.049482612430676,78.46607693927916
4.535,63.9526738457959,14.513404135342945,78.46607798113885
4.54,64.40125006059182,14.064828812990157,78.46607887358198
4.545,64.7620970877148,13.703982532593624,78.46607962030843
4.55,65.03493997001007,13.431140259865368,78.46608022987544
4.555,65.21945814960264,13.24662256576743,78.46608071537007
4.5600000000000005,65.3152951046339,13.150785988912384,78.4660810935463
4.565,65.32207598608852,13.144005397178978,78.4660813832675
4.57,65.23943529370823,13.226646309569624,78.46608160327784
4.575,65.06705665506672,13.399025114517233,78.46608176958395
4.58,64.80472653756274,13.661355355446297,78.46608189300903
4.585,64.45240315482779,14.01367882283425,78.46608197766204
4.59,64.01030088423747,14.455781136780097,78.46608202101757
4.595,63.47898920808926,14.987092807849368,78.46608201593862
4.6000000000000005,62.859503626717654,15.60657832762675,78.4660819543444
4.605,62.153464352872675,16.312617478675836,78.46608183154851
4.61,61.36319713205972,17.102884517828283,78.466081649888
4.615,60.4918495041868,17.97423191619246,78.46608142037925
4.62,59.543495432553115,18.922585729235504,78.46608116178862
4.625,58.52322156361337,19.942859333808887,78.46608089742226
4.63,57.437189383202565,21.028891267505838,78.4660806507084
4.635,56.29266900710075,22.173411433843185,78.46608044094393
4.64,55.098042014932055,23.368038265407407,78.46608028033947
4.6450000000000005,53.8627723356795,24.60330783723443,78.46608017291393
4.65,52.59734551755979,25.868734597600266,78.46608011516005
4.655,51.31317766668064,27.15290243128107,78.46608009796171
4.66,50.02249592579555,28.443584183290863,78.46608010908642
4.665,48.738192673271314,29.727887462380682,78.46608013565199
4.67,47.47365577851924,30.992424387650242,78.46608016616948
4.675,46.24257737982868,32.223502812155374,78.46608019198405
4.68,45.058743853996326,33.40733635411161,78.46608020810794
4.6850000000000005,43.93580998550097,34.53027022803796,78.46608021353893
4.69,42.887060836956785,35.57901937423283,78.46608021118962
4.695,41.925165458851154,36.54091474868832,78.46608020753948
4.7,41.06192731762664,37.404152894454754,78.4660802120814
4.705,40.308037115506316,38.15804312107905,78.46608023658536
4.71,39.672834465741815,38.79324582841985,78.46608029416166
4.715,39.16408561456846,39.30199478351622,78.46608039808467
4.72,38.78778500625148,39.67829555410139,78.46608056035288
4.7250000000000005,38.54798890441033,39.91809188560758,78.46608079001791
4.73,38.446689430911384,40.01939166051815,78.46608109142954
4.735,38.48373715811531,39.98234430457564,78.46608146269095
4.74,38.65681965591458,39.80926223884742,78.466081894762
4.745,38.961501992163285,39.50458037954174,78.46608237170503
4.75,39.391332956242714,39.074749916191,78.46608287243372
4.755,39.93801761803731,38.52806575590267,78.46608337393997
4.76,40.59165277681155,37.874431078565266,78.46608385537681
4.765,41.34101713592169,37.125067165859406,78.4660843017811
4.7700000000000005,42.1739031599276,36.2921815460498,78.4660847059774
4.775,43.0774732656522,35.38861180195238,78.46608506760458
4.78,44.03862010973209,34.427465279518465,78.46608538925057
4.785,45.04430999010722,33.42177568084311,78.46608567095033
4.79,46.08189014620131,32.384195758920335,78.46608590512164
4.795,47.13934486238028,31.326741211514143,78.46608607389442
4.8,48.20549105928615,30.26059509047833,78.46608614976448
4.805,49.270110453535466,29.195975645607597,78.46608609914307
4.8100000000000005,50.32402127941302,28.142064607959355,78.46608588737237
4.815,51.35909713671187,27.106988346821822,78.46608548353369
4.82,52.36824331468973,26.09784154913105,78.46608486382078
4.825,53.34534193925814,25.120742073739514,78.46608401299765
4.83,54.285176824113435,24.18090610001722,78.46608292413066
4.835,55.183347463780315,23.28273413337544,78.46608159715575
4.84,56.03617968229166,22.42990035462084,78.4660800369125
4.845,56.84063844672834,21.62543980442211,78.46607825115045
4.8500000000000005,57.59424653732109,20.87182971149281,78.4660762488139
4.855,58.29501127402804,20.171062764705674,78.46607403873372
4.86,58.941360373581354,19.524711255144016,78.46607162872537
4.865,59.532087228494646,18.93398179653135,78.466069025026
4.87,60.06630540657281,18.39976082540475,78.46606623197756
4.875,60.54341190296091,17.922651348901123,78.46606325186204
4.88,60.9630585775519,17.503001507251607,78.4660600848035
4.885,61.3251312296145,17.140925499043604,78.4660567286581
4.89,61.62973586142669,16.836317317381237,78.46605317880793
4.8950000000000005,61.87719183643798,16.588857591313896,78.46604942775187
4.9,62.06803182508987,16.398013639241636,78.4660454643315
4.905,62.20300863512429,16.263032637207615,78.4660412723319
4.91,62.2831092195226,16.182927608510486,78.46603682803308
4.915,62.3095763013033,16.156455794748222,78.46603209605152
4.92,62.28393806267952,16.182088959873536,78.46602702255305
4.925,62.20804603586153,16.25797548906466,78.46602152492619
4.93,62.084120338880886,16.381895139404705,78.46601547828558
4.9350000000000005,61.91479900642807,16.55120969824551,78.46600870467358
4.94,61.703183031992495,16.762817955903607,78.46600098789611
4.945,61.45285854123489,17.013133638194425,78.46599217942932
4.95,61.1678588457289,17.298123691244527,78.46598253697343
4.955,60.85249896572939,17.613474500744186,78.46597346647357
4.96,60.51097776412179,17.95499063738713,78.46596840150892
4.965,60.14662774985381,18.319344089607213,78.46597183946102
4.97,59.76077987765108,18.705203070014775,78.46598294766585
4.9750000000000005,59.35150215494721,19.114485556650397,78.4659877115976
4.98,58.91288896280153,19.5530804189465,78.46596938174804
4.985,58.43563304051177,20.030300848240373,78.46593388875215
4.99,57.90885896025309,20.557045175597693,78.46590413585079
4.995,57.32223728468244,21.143653706862086,78.46589099154453
5.0,56.667351265831556,21.798538096739478,78.46588936257103
5.005,55.93806419756243,22.52782718260798,78.4658913801704
5.01,55.13024777856016,23.33564513394006,78.46589291250022
5.015,54.24130131423057,24.22459163007546,78.46589294430603
5.0200000000000005,53.269706306010704,25.196185420009957,78.46589172602066
5.025,52.2146958493296,26.25119390379413,78.46588975312373
5.03,51.07603774129498,27.389849692238776,78.46588743353377
5.035,49.85390583585926,28.61197920685439,78.46588504271365
5.04,48.54881349923327,29.91706925664947,78.46588275588275
5.045,47.16158888972506,31.304291794962094,78.46588068468715
5.05,45.69337779491793,32.7725011072786,78.46587890219652
5.055,44.14566427549893,34.3202131814961,78.46587745699503
5.0600000000000005,42.520302412905245,35.9455739673141,78.46587638021934
5.065,40.81955446774457,37.64632122107887,78.46587568882344
5.07,39.046132164688736,39.41974322256641,78.46587538725515
5.075,37.203238979643224,41.262636489192076,78.46587546883529
5.08,35.29461248616742,43.171263431299955,78.46587591746737
5.085,33.32456722969677,45.141309480085255,78.46587670978202
5.09,31.29804041360829,47.167837403721464,78.46587781732975
5.095,29.220645066181163,49.24523414167213,78.46587920785329
5.1000000000000005,27.09873850859831,51.367142335186614,78.46588084378493
5.105,24.93951814843477,53.52636452602493,78.46588267445969
5.11,22.75116234867238,55.71472226647084,78.46588461514321
5.115,20.543042145608585,57.9228443532576,78.46588649886618
5.12,18.32604114640665,60.13984682626323,78.46588797266988
5.125,16.11303781282397,62.352850470584535,78.4658882834085
5.13,13.919628542445745,64.54625731905927,78.46588586150501
5.135,11.765201813783385,66.70067580150072,78.46587761528411
5.14,9.674504595326502,68.79135357508753,78.46585817041402
5.1450000000000005,7.67983192688711,70.78598903062726,78.46582095751437
5.15,5.823785485973486,72.64198283591666,78.46576832189015
5.155,4.161841358420379,74.30390208062752,78.4657434390479
5.16,2.7621770143770195,75.70367869824179,78.4658557126188
5.165,1.697630020489906,76.76849092192526,78.46612094241517
5.17,1.025821257517947,77.4403759550624,78.46619721258034
5.175,0.7655255421825343,77.70038539985069,78.46591094203322
5.18,0.8896259535250385,77.57601862303116,78.4656445765562
5.1850000000000005,1.3413685884609077,77.12421342226189,78.4655820107228
5.19,2.057035546226064,76.40858095341792,78.46561649964399
5.195,2.979762521954968,75.4858956417585,78.46565816371347
5.2,4.063619400530809,74.40206466999703,78.46568407052784
5.205,5.2727855141858635,73.19291115266837,78.46569666685424
5.21,6.579338703490359,71.88636296861401,78.46570167210437
5.215,7.961119683318966,70.5045833060586,78.46570298937758
5.22,9.400058974453481,69.06564374481705,78.46570271927054
5.2250000000000005,10.880968745949426,67.58473313931569,78.46570188526512
5.23,12.390706179701505,66.07499477626448,78.46570095596599
5.235,13.917612688032857,64.5480874453269,78.46570013335976
5.24,15.45115265363728,63.01454684604323,78.46569949968051
5.245,16.98169471437104,61.48400437661425,78.4656990909853
5.25,18.50039345505234,59.965305478795294,78.46569893384763
5.255,19.99914010274798,58.46655895970023,78.46569906244821
5.26,21.470558828185673,56.99514069570358,78.46569952388926
5.265,22.908031746478446,55.557668628854294,78.46570037533274
5.2700000000000005,24.30574152187043,54.15996015269237,78.46570167456281
5.275,25.65872614938371,52.806977314492485,78.4657034638762
5.28,26.962946403934886,51.502759340456045,78.46570574439093
5.285,28.21537303738463,50.25033539521279,78.46570843259741
5.29,29.41410866513292,49.051602617156234,78.46571128228916
5.295,30.558569228708812,47.90714451660488,78.46571374531369
5.3,31.64976263608365,46.81595211703705,78.4657147531207
5.305,32.69071668833491,45.774995821118104,78.46571250945301
5.3100000000000005,33.68711704664311,44.778587795353275,78.46570484199638
5.315,34.64819098240178,43.81750089679659,78.46569187919837
5.32,35.58773902074693,42.877944805512925,78.46568382625986
5.325,36.52483544702317,41.94087321572633,78.4657086627495
5.33,37.483034263337615,40.98275181562336,78.46578607896097
5.335,38.486554663930654,39.97930427635184,78.46585894028249
5.34,39.5535562459409,38.912285718900264,78.46584196484116
5.345,40.69025779495096,37.77551558664511,78.46577338159608
5.3500000000000005,41.890359328675416,36.57537622391736,78.46573555259278
5.355,43.13946053359923,35.326276268111926,78.46573680171116
5.36,44.42042015883061,34.04533175985698,78.46575191868759
5.365,45.716870208421966,32.748895814258624,78.46576602268058
5.37,47.01468439866928,31.451091448964878,78.46577584763416
5.375,48.30222407348839,30.163558191832404,78.4657822653208
5.38,49.57007118639542,28.895715432714383,78.46578661910979
5.385,50.810625858944064,27.655163973297096,78.46578983224116
5.39,52.01772251268484,26.448069904165333,78.46579241685018
5.3950000000000005,53.186310914597975,25.279483715766204,78.46579463036417
5.4,54.31220572634403,24.153590869057194,78.46579659540123
5.405,55.39189447608554,23.073903892830693,78.46579836891624
5.41,56.42239153107191,22.043408446659623,78.46579997773154
5.415,57.401127067758836,21.064674367858412,78.46580143561725
5.42,58.325862295489245,20.13994045557676,78.46580275106601
5.425,59.19462429545591,19.271179635154574,78.46580393061049
5.43,60.00565553260534,18.460149447492174,78.46580498009752
5.4350000000000005,60.75737438505995,17.70843152001597,78.46580590507591
5.44,61.44834398676634,17.017462724066604,78.46580671083294
5.445,62.077247374804884,16.388560027512554,78.46580740231744
5.45,62.642867440988034,15.822940543059515,78.46580798404754
5.455,63.14407056024419,15.321737899794659,78.46580846003884
5.46,63.57979304442955,14.88601578933078,78.46580883376033
5.465,63.94902977779451,14.516779330322008,78.46580910811652
5.47,64.25082454996921,14.214984735480323,78.46580928544954
5.4750000000000005,64.48426172945126,13.981547638104134,78.4658093675554
5.48,64.64845902719158,13.81735032851755,78.46580935570913
5.485,64.7425611959604,13.723248054733414,78.46580925069382
5.49,64.76573460570323,13.700074447126257,78.46580905282948
5.495,64.71716273678625,13.748646025210492,78.46580876199674
5.5,64.5960427508144,13.869765626833553,78.46580837764796
5.505,64.40158344173425,14.064224457063002,78.46580789879725
5.51,64.13300504681085,14.332802277163871,78.46580732397473
5.515,63.78954161375283,14.676265037373966,78.4658066511268
5.5200000000000005,63.37044687573073,15.095359001710495,78.46580587744123
5.525,62.875004864665975,15.590800134412294,78.46580499907827
5.53,62.302546752896845,16.16325725791198,78.46580401080882
5.535,61.65247557004858,16.81332733555767,78.46580290560625
5.54,60.924300354208526,17.541501320110587,78.46580167431911
5.545,60.11768076161526,18.348119544040927,78.46580030565619
5.55,59.23248194121802,19.23331684556271,78.46579878678074
5.555,58.26883739852599,20.196959706199017,78.465797104725
5.5600000000000005,57.22721466409239,21.238580584386035,78.46579524847843
5.565,56.10847530694371,22.357317904077945,78.46579321102166
5.57,54.913918203889736,23.55187278624433,78.46579099013407
5.575,53.64529440143502,24.820494185615438,78.46578858705045
5.58,52.30478462495262,26.16100137819441,78.46578600314703
5.585,50.89493672491378,27.57084651117371,78.46578323608749
5.59,49.418568735468284,29.047211541688775,78.46578027715705
5.595,47.878651076593265,30.587126034001454,78.46577711059471
5.6000000000000005,46.27818597625528,32.18758773828792,78.46577371454319
5.605,44.62010197305497,33.84566808972578,78.46577006278075
5.61,42.907176930167935,35.55858919651644,78.46576612668437
5.615,41.141996399560696,37.32376547772824,78.46576187728894
5.62,39.326947800697894,39.138809486793704,78.4657572874916
5.625,37.4642464016383,41.001505932898546,78.46575233453684
5.63,35.555987117532624,42.90975988556867,78.46574700310128
5.635,33.60421641815796,44.86152487147041,78.46574128962837
5.64,31.6110205204867,46.85471468851339,78.46573520900009
5.6450000000000005,29.578628926859736,48.887099878344955,78.46572880520469
5.65,27.50953593397265,50.956186234504344,78.46572216847699
5.655,25.406647066268015,53.05906839633415,78.46571546260216
5.66,23.273463048396657,55.19224591926119,78.46570896765785
5.665,21.11432214987292,57.35138099474969,78.46570314462261
5.67,18.93473481029634,59.53096391488912,78.46569872518546
5.675,16.7418667038415,61.72383010416385,78.46569680800535
5.68,14.545266219559931,63.92043262796213,78.46569884752206
5.6850000000000005,12.358006664748363,66.10769939176905,78.4657060565174
5.69,10.198557635537716,68.26715875676818,78.4657163923059
5.695,8.093988273958022,70.37172413124988,78.4657124052079
5.7,6.08568695178116,72.37992996535104,78.4656169171322
5.705,4.239883300323578,74.22527487482562,78.4651581751492
5.71,2.6666385327433386,75.79709351599274,78.46373204873608
5.715,1.5476299395441846,76.9148505230728,78.46248046261698
5.72,1.1389858513869033,77.33047265441132,78.46945850579823
5.7250000000000005,1.639011233757659,76.82692853154862,78.46593976530627
5.73,2.9748036044888724,75.48294094752197,78.45774455201084
5.735,4.87715316008581,73.58151277840447,78.45866593849028
5.74,7.1058925149459355,71.35371701118224,78.45960952612818
5.745,9.511358691353452,68.94846540740679,78.45982409876024
5.75,12.00705203256066,66.45276884789432,78.45982088045498
5.755,14.541730736177723,63.91805591949597,78.4597866556737
5.76,17.083425431472378,61.37633636401507,78.45976179548745
5.765,19.61105528808672,58.848694187733614,78.45974947582033
5.7700000000000005,22.10996517057596,56.349780998824684,78.45974616940065
5.775,24.5694470100454,53.8903013996528,78.4597484096982
5.78,26.981294853083114,51.47845893967415,78.45975379275725
5.785,29.338920918196454,49.12083988716357,78.45976080536002
5.79,31.636789043339597,46.8229794862476,78.4597685295872
5.795,33.87003484354745,44.58974157531526,78.4597764188627
5.8,36.03419992672671,42.42558422616262,78.45978415288933
5.805,38.12503882079716,40.33475272781679,78.45979154861395
5.8100000000000005,40.138375206666396,38.32142330044638,78.45979850711277
5.815,42.06999522410743,36.3898097591374,78.45980498324482
5.82,43.91557340057764,34.5442375697489,78.45981097032654
5.825,45.670632854365216,32.78918364076425,78.45981649512947
5.83,47.33054647841106,31.129275140518004,78.45982161892906
5.835,48.89058949730471,29.569236940610825,78.45982643791554
5.84,50.346054751136265,28.11377632119453,78.45983107233079
5.845,51.69243801402052,26.767397619667857,78.45983563368837
5.8500000000000005,52.92568924676742,25.534150925603722,78.45984017237114
5.855,54.04250655095173,24.41733808404838,78.45984463500011
5.86,55.04062713538272,23.4192217429161,78.45984887829883
5.865,55.91905401874849,22.54079873686793,78.45985275561642
5.87,56.678160451802114,21.78169576936905,78.45985622117117
5.875,57.31964101737977,21.140218347615424,78.4598593649952
5.88,57.84632000642671,20.613542345758475,78.45986235218518
5.885,58.261864748611444,20.19800057782704,78.45986532643849
5.89,58.570467790386324,19.88940056151469,78.45986835190101
5.8950000000000005,58.776554293346194,19.68331712075223,78.45987141409842
5.9,58.8845492589073,19.575325194769864,78.45987445367716
5.905,58.89871585918601,19.56116154171967,78.45987740090568
5.91,58.82305942687053,19.63682076920337,78.4598801960739
5.915,58.66128345185254,19.798599344247766,78.4598827961003
5.92,58.41678230318345,20.04310286996324,78.45988517314669
5.925,58.092657393661355,20.367229916699042,78.4598873103604
5.93,57.69174679206438,20.76814240549487,78.45988919755925
5.9350000000000005,57.216661523469654,21.24322930441866,78.45989082788832
5.94,56.669824427927864,21.790067767631346,78.4598921955592
5.945,56.053509374881344,22.40638391957624,78.45989329445759
5.95,55.36987996050816,23.090014156858185,78.45989411736635
5.955,54.62102771103841,23.838866944574644,78.45989465561306
5.96,53.80901043382366,24.650884465205205,78.45989489902887
5.965,52.935891830354294,25.52400300581837,78.45989483617267
5.97,52.00378391834454,26.45611053647812,78.45989445482266
5.9750000000000005,51.01489429712193,27.444999445641038,78.45989374276297
5.98,49.97158092700967,28.488311761866182,78.45989268887585
5.985,48.87641799357453,29.583473290864323,78.45989128443885
5.99,47.73227774821106,30.727611775964313,78.45988952417537
5.995,46.54243518881788,31.91745221684804,78.45988740566592
6.0,45.31070542111286,33.149179502225905,78.45988492333876
6.005,44.04162806298638,34.418253984372434,78.45988204735882
6.01,42.74071992878994,35.71915873469617,78.45987866348611
6.015000000000001,41.414827571165844,37.04504684548981,78.45987441665565
6.0200000000000005,40.07262625661938,38.38724207193998,78.45986832855937
6.025,38.72533156897836,39.7345263619972,78.45985793097556
6.03,37.387707713406265,41.07212987578465,78.45983758919091
6.035,36.07944288180638,42.38035377180191,78.4597966536083
6.04,34.826812379182044,43.63291208462945,78.4597244638115
6.045,33.66396863713821,44.79568091887604,78.45964955601426
6.05,32.631625028452376,45.828102616463354,78.45972764491573
6.055,31.76852899170691,46.69154271282269,78.4600717045296
6.0600000000000005,31.09301190359077,47.367089064156765,78.46010096774754
6.065,30.586212956925944,47.87334961861102,78.45956257553696
6.07,30.19793811894613,48.26131552925754,78.45925364820367
6.075,29.870895492199125,48.58837018256564,78.45926567476477
6.08,29.55857361961701,48.90075837159961,78.45933199121662
6.085,29.22901655104,49.23034869946848,78.45936525050848
6.09,28.861869861879793,49.59750166009198,78.45937152197178
6.095,28.44465094101386,50.01471493304458,78.45936587405845
6.1000000000000005,27.97001428840717,50.48934228872231,78.45935657712948
6.105,27.434031964310883,51.02531505076455,78.45934701507542
6.11,26.835169489045626,51.62416885756894,78.45933834661457
6.115,26.173686666950154,52.28564420535268,78.45933087230284
6.12,25.45128656433276,53.0080380287321,78.45932459306486
6.125,24.670904132779746,53.78841527849142,78.45931941127117
6.13,23.83656782351779,54.62274737174126,78.45931519525905
6.135,22.953292368822055,55.506019430215055,78.45931179903711
6.140000000000001,22.026976254045188,56.43233281766736,78.45930907171254
6.1450000000000005,21.064287918873774,57.39501894852796,78.45930686740174
6.15,20.07253295780244,58.386772098858884,78.45930505666132
6.155,19.059501726442235,59.39980181040305,78.45930353684528
6.16,18.03330313053425,60.42599910760584,78.45930223814008
6.165,17.00219580169151,61.45710532132121,78.45930112301272
6.17,15.974431963227929,62.484868215338764,78.45930017856669
6.175,14.95813173667349,63.501167666459125,78.45929940313262
6.18,13.961206395868402,64.49809239381922,78.45929878968762
6.1850000000000005,12.991348538177158,65.46794977067435,78.45929830885152
6.19,12.056106203550499,66.4031916890765,78.45929789262699
6.195,11.163058003286904,67.2962394123626,78.4592974156495
6.2,10.320109140590157,68.13918752025171,78.45929666084187
6.205,9.535936117580544,68.92335911682407,78.45929523440462
6.21,8.820623875182529,69.63866846990672,78.45929234508925
6.215,8.186566854191538,70.27271939671786,78.4592862509094
6.22,7.649748897887183,70.809524056235,78.45927295412218
6.2250000000000005,7.23157528427524,71.2276681792258,78.45924346350104
6.23,6.961477048311343,71.49770271334141,78.45917976165275
6.235,6.880414579040684,71.57864337010022,78.45905794914091
6.24,7.0447134070721456,71.4141896587727,78.45890306584485
6.245,7.527153336314334,70.93181902980824,78.45897236612257
6.25,8.406678606907569,70.05297029068942,78.45964889759699
6.255,9.736144613548628,68.72386595950087,78.4600105730495
6.26,11.501601705482322,66.95749661925807,78.45909832474038
6.265000000000001,13.62007019251101,64.83838944943837,78.45845964194937
6.2700000000000005,15.983521795298971,62.47494816269903,78.458469957998
6.275,18.498621563019526,59.959986473383864,78.45860803640339
6.28,21.098039767473495,57.360650226531035,78.45868999400453
6.285,23.736214016392488,54.72250835572103,78.45872237211353
6.29,26.38247548914798,52.07625607075454,78.45873155990252
6.295,29.0157344355529,49.44299776966227,78.45873220521517
6.3,31.62101503418025,46.837715331456806,78.45873036563705
6.305,34.18730238598407,44.271425794769854,78.45872818075392
6.3100000000000005,36.706211753621126,41.75251451555895,78.45872626918008
6.315,39.171157149469956,39.28756757363213,78.45872472310208
6.32,41.57682379465143,36.88189968823407,78.4587234828855
6.325,43.91882821738306,34.53989424900578,78.45872246638885
6.33,46.19349630033124,32.26522530668592,78.45872160701717
6.335,48.397716648061106,30.061004211973163,78.45872086003428
6.34,50.52884253998671,27.92987765921521,78.45872019920192
6.345,52.58462526396784,25.874094347531987,78.45871961149982
6.3500000000000005,54.5631674993959,23.89555159297256,78.45871909236845
6.355,56.46288916044878,21.99582948158643,78.45871864203521
6.36,58.282500582659694,20.176217680220045,78.45871826287974
6.365,60.02097963054938,18.437738327093435,78.45871795764282
6.37,61.677550502821305,16.78116722546119,78.4587177282825
6.375,63.251662877708384,15.207054697606692,78.45871757531508
6.38,64.74297067062346,13.715746826891264,78.45871749751473
6.385,66.15131012816848,12.307407363704169,78.45871749187265
6.390000000000001,67.47667729553537,10.982040258203462,78.45871755373884
6.3950000000000005,68.71920509658348,9.739512580498904,78.45871767708238
6.4,69.87914038017843,8.579577474641493,78.45871785481992
6.405,70.95682133246038,7.501896746710432,78.45871807917081
6.41,71.95265565019072,6.5060626918175615,78.45871834200828
6.415,72.86709983080922,5.591618804373509,78.45871863518273
6.42,73.70063987376459,4.758079077037856,78.45871895080245
6.425,74.45377361613625,4.004945665326601,78.45871928146285
6.43,75.12699485219066,3.3317247682309885,78.45871962042165
6.4350000000000005,75.7207793175861,2.737940644134902,78.45871996172102
6.44,76.23557255858576,2.2231477416760295,78.45872030026179
6.445,76.67177965715038,1.786940974685944,78.45872063183633
6.45,77.02975674498651,1.4289642081411527,78.45872095312767
6.455,77.30980421325413,1.1489170484294244,78.45872126168355
6.46,77.5121615086756,0.9465600471967675,78.45872155587237
6.465,77.63700339977933,0.8217184350492481,78.45872183482858
6.47,77.68443759729112,0.7742845011017006,78.45872209839283
6.4750000000000005,77.65450361857964,0.8042187284721614,78.4587223470518
6.48,77.5471727959983,0.9115497858828303,78.45872258188113
6.485,77.3623493415842,1.0963734629090198,78.45872280449322
6.49,77.0998723947724,1.3588506222191148,78.45872301699151
6.495,76.75951899475967,1.6992042271720167,78.45872322193169
6.5,76.34100793443876,2.117715487849901,78.45872342228867
6.505,75.84400446833546,2.6147191530945477,78.45872362143001
6.51,75.26812586305111,3.190597960042548,78.45872382309366
6.515000000000001,74.61294779622143,3.845776235148561,78.45872403137
6.5200000000000005,73.87801163048496,4.580712620202561,78.45872425068752
6.525,73.06283261486415,5.395891870937875,78.45872448580202
6.53,72.16690910100729,6.291815640781989,78.45872474178928
6.535,71.18973291144216,7.2689921125982835,78.45872502404045
6.54,70.13080106955123,8.327924268704546,78.45872533825577
6.545,68.98962920862411,9.469096481799188,78.4587256904233
6.55,67.76576713850964,10.692958948238587,78.45872608674823
6.555,66.45881729121345,11.999909242238237,78.45872653345168
6.5600000000000005,65.06845713483503,13.390269901422847,78.45872703625787
6.565,63.59446720695034,14.864260392232314,78.45872759918265
6.57,62.03676728291614,16.4219609388925,78.45872822180864
6.575,60.39546453725434,18.063264356111148,78.45872889336549
6.58,58.67091966269004,19.787809917503118,78.45872958019316
6.585,56.86384024642538,21.594889953350346,78.45873019977573
6.59,54.975416017415476,23.483314550883847,78.45873056829933
6.595,53.007519048106246,25.45121125060769,78.45873029871393
6.6000000000000005,50.9630053258792,27.495723290459303,78.4587286163385
6.605,48.84617429346807,29.612549782396265,78.45872407586432
6.61,46.66347056062091,31.795243756735882,78.4587143173568
6.615,44.42453964690931,34.034156975176735,78.45869662208605
6.62,42.143742478623764,36.31492918831988,78.45867166694364
6.625,39.84208432390261,38.61656988474397,78.45865420864658
6.63,37.548994731147765,40.90968878905275,78.45868352020051
6.635,35.30231716315218,43.15646947306035,78.45878663621252
6.640000000000001,33.14396346495371,45.31491668587666,78.45888015083037
6.6450000000000005,31.11052625386577,47.348310893278494,78.45883714714427
6.65,29.223598463960844,49.235114074320826,78.45871253828167
6.655,27.486839851276326,50.971795838253186,78.45863568952952
6.66,25.89071955866079,52.567906927036745,78.45862648569754
6.665,24.41971255446598,54.03893435427118,78.45864690873717
6.67,23.05760295685282,55.40106752405174,78.45867048090456
6.675,21.79008210368237,56.668606735726,78.45868883940837
6.68,20.605533618614864,57.85316791773691,78.45870153635178
6.6850000000000005,19.49494222319524,58.96376777758617,78.45871000078141
6.69,18.45147727325329,60.00723833490841,78.4587156081617
6.695,17.470003876176573,60.98871547793112,78.4587193541077
6.7,16.54661843949157,61.912103492468596,78.45872193196017
6.705,15.678238016514113,62.780485828740666,78.45872384525478
6.71,14.862248312288092,63.596477168203236,78.45872548049132
6.715,14.096208995245263,64.36251814737972,78.45872714262498
6.72,13.377615490470852,65.08111357774887,78.45872906821972
6.7250000000000005,12.703718649856182,65.75501277919503,78.45873142905121
6.73,12.071405474753846,66.38732886023081,78.45873433498465
6.735,11.47714462792649,66.98159321353455,78.45873784146104
6.74,10.916999744614932,67.54174221926048,78.45874196387541
6.745,10.38671193585216,68.07203476250302,78.45874669835518
6.75,9.8818511248585,68.57690092114312,78.45875204600162
6.755,9.398034997209258,69.06072303841972,78.45875803562899
6.76,8.931215614109144,69.52754912385745,78.4587647379666
6.765000000000001,8.47803857756784,69.98073368268074,78.45877226024858
6.7700000000000005,8.036289824510353,70.42249087437476,78.4587806988851
6.775,7.605463108325259,70.85332688914824,78.45878999747349
6.78,7.18751060380175,71.27128897986036,78.45879958366211
6.785,6.7878847567490475,71.67092275257386,78.45880750932291
6.79,6.417045205823609,72.04176344486109,78.4588086506847
6.795,6.0926788062099275,72.36611327662335,78.45879208283328
6.8,5.842881540763848,72.61586130009206,78.4587428408559
6.805,5.71015390782427,72.7485185298332,78.45867243765747
6.8100000000000005,5.754361523574288,72.70434722998303,78.45870875355732
6.815,6.048672697442348,72.41035325974205,78.4590259571844
6.82,6.659416469080874,71.79980737732441,78.45922384640528
6.825,7.613636825390256,70.845225893298,78.45886271868825
6.83,8.883964329145924,69.57459256887532,78.45855689802124
6.835,10.408160851232733,68.05038015633981,78.45854100757255
6.84,12.118981370563025,66.33961957009394,78.45860094065696
6.845,13.960416831137493,64.4982198412886,78.4586366724261
6.8500000000000005,15.89069222799593,62.56795404558352,78.45864627357945
6.855,17.879912155738808,60.57873117946315,78.45864333520196
6.86,19.906880147001818,58.5517560730001,78.45863622000192
6.865,21.95649025987312,56.50213819760179,78.4586284574749
6.87,24.017849633978287,54.44077159560581,78.4586212295841
6.875,26.082977686627668,52.37563711583286,78.45861480246053
6.88,28.145907427042758,50.31270171799574,78.45860914503851
6.885,30.202057340749185,48.25654682034408,78.45860416109326
6.890000000000001,32.24778526170424,46.210814502165206,78.45859976386944
6.8950000000000005,34.28006685670141,44.17852903561066,78.45859589231208
6.9,36.296261907640314,42.162330600319265,78.45859250795958
6.905,38.29394460099796,40.164644986014956,78.45858958701291
6.91,40.27078211835256,38.18780499426746,78.45858711262002
6.915,42.22445076552426,36.23413430337743,78.4585850689017
6.92,44.15258185868181,34.3060015783041,78.45858343698592
6.925,46.05273136560777,32.405850827269326,78.45858219287709
6.93,47.92236837247406,30.53621293435704,78.45858130683109
6.9350000000000005,49.75887812898469,28.699702614872887,78.45858074385758
6.94,51.55957591799297,26.89900454697882,78.45858046497179
6.945,53.32172841889193,25.13685200995591,78.45858042884784
6.95,55.042579649835034,23.416000943748287,78.45858059358332
6.955,56.7193790062682,21.73920191208445,78.45858091835265
6.96,58.349409361937845,20.109172002861918,78.45858136479976
6.965,59.9300136495207,18.528568248571204,78.45858189809191
6.97,61.45861877206032,16.999963715549338,78.45858248760966
6.9750000000000005,62.932756094780615,15.525827012514208,78.45858310729483
6.98,64.35007811486358,14.108505620838743,78.45858373570232
6.985,65.70837119536732,12.750213160451427,78.45858435581874
6.99,67.00556447536636,11.45302047934539,78.45858495471174
6.995,68.23973523343484,10.21885028963789,78.45858552307273
7.0,69.40911109137387,9.049474963330088,78.45858605470396
7.005,70.51206950763776,7.946517038355676,78.45858654599344
7.01,71.54713503436798,6.9114519610398535,78.45858699540784
7.015000000000001,72.51297480750473,5.945612595519682,78.45858740302441
7.0200000000000005,73.40839271462214,5.050195055492644,78.45858777011478
7.025,74.2323226472826,4.226265451502406,78.458588098785
7.03,74.98382119982878,3.474767191844642,78.45858839167343
7.035,75.66206012922464,2.79652852247753,78.45858865170217
7.04,76.26631884414226,2.1922700377357174,78.45858888187797
7.045,76.79597714816298,1.6626119369717909,78.45858908513476
7.05,77.2505084230244,1.2080808411881359,78.45858926421253
7.055,77.62947340389093,0.8291160176736913,78.45858942156462
7.0600000000000005,77.93251466976014,0.5260748895281111,78.45858955928824
7.065,78.1593519480845,0.2992377309879212,78.45858967907243
7.07,78.3097783130293,0.14881146912970805,78.45858978215901
7.075,78.38365734090942,0.07493252840324229,78.45858986931266
7.08,78.3809212736021,0.07766866719588761,78.45858994079799
7.085,78.30157023042611,0.15701976593413713,78.45858999636025
7.09,78.14567250041301,0.3129175347971105,78.45859003521012
7.095,77.91336593932024,0.5452241166907856,78.45859005601103
7.1000000000000005,77.6048604883655,0.8537295685044248,78.45859005686992
7.105,77.22044182361537,1.2381482117179972,78.45859003533337
7.11,76.76047613525112,1.698113853139837,78.45858998839095
7.115,76.22541602343524,2.2331738890549984,78.45858991249024
7.12,75.61580748092818,2.8427823226396347,78.45858980356782
7.125,74.93229791052106,3.5262917465823005,78.45858965710336
7.13,74.17564509619288,4.282944372011781,78.45858946820466
7.135,73.3467270090461,5.1118622226867565,78.45858923173286
7.140000000000001,72.44655228095394,6.012036661524989,78.45858894247893
7.1450000000000005,71.47627111912415,6.98231747627939,78.45858859540354
7.15,70.43718636258983,8.021401823362872,78.45858818595269
7.155,69.33076429693915,9.127823413521707,78.45858771046086
7.16,68.15864474760086,10.299942419051057,78.45858716665191
7.165,66.92264986766426,11.53593668657974,78.45858655424401
7.17,65.62479092878982,12.833794946868023,78.45858587565785
7.175,64.2672723213463,14.191312815472738,78.45858513681904
7.18,62.85249188383943,15.60609246419122,78.45858434803066
7.1850000000000005,61.38303662674761,17.075546898129524,78.45858352487713
7.19,59.86167290997961,18.596909779118562,78.45858268909817
7.195,58.29133019652767,20.16725167282248,78.45858186935016
7.2,56.6750776582682,21.783503443479518,78.45858110174771
7.205,55.01609317197923,23.442487258081357,78.45858043006058
7.21,53.31762462761477,25.140955277811607,78.45857990542638
7.215,51.58294398010898,26.875635605338385,78.45857958544737
7.22,49.815295099914,28.643284432651495,78.4585795325655
7.2250000000000005,48.01783718820956,30.440742623459748,78.45857981166931
7.23,46.19358627358828,32.26499421339492,78.45858048698321
7.235,44.34535803438587,34.113223584032426,78.4585816184183
7.24,42.47571582023202,35.98286743748752,78.45858325771954
7.245,40.58692820347441,37.87165724142112,78.45858544489553
7.25,38.68094061697989,39.77764758855864,78.45858820553852
7.255,36.759365604288135,41.699225945401764,78.4585915496899
7.26,34.82349594866174,43.63509952419932,78.45859547286105
7.265000000000001,32.874344556248154,45.584255403429516,78.45859995967767
7.2700000000000005,30.912714625493248,47.54589036492422,78.45860499041747
7.275,28.939303615319478,49.519306935196674,78.45861055051616
7.28,26.954845215679406,51.50377142727753,78.45861664295694
7.285,24.960295462022145,53.498327841179794,78.45862330320193
7.29,22.957073087427247,55.50155752790748,78.45863061533473
7.295,20.947371343182812,57.51126738118766,78.45863872437047
7.3,18.934570745250806,59.52407708233311,78.45864782758392
7.305,16.923802757521194,61.534855334072155,78.45865809159335
7.3100000000000005,14.922748857429198,63.535920482700675,78.45866934012987
7.315,12.942816898335435,65.5158631892815,78.45868008761694
7.32,11.000930048061095,67.45775482129243,78.45868486935352
7.325,9.122300355503446,69.33636760483647,78.45866796033991
7.33,7.344688027514064,71.113906380718,78.45859440823207
7.335,5.724431636565267,72.73399868151421,78.45843031807948
7.34,4.342626614693704,74.11570575553753,78.45833237023123
7.345,3.3030011451866326,75.15589007247695,78.45889121766358
7.3500000000000005,2.702604199601061,75.75692380911475,78.45952800871581
7.355,2.5731053445156014,75.88539853022363,78.45850387473922
7.36,2.852510635039881,75.60519662790864,78.45770726294852
7.365,3.4296045657826193,75.02813594229079,78.45774050807341
7.37,4.200847517158924,74.25703065446191,78.45787817162083
7.375,5.09126829169135,73.3666599836088,78.45792827530015
7.38,6.051737122047808,72.4061889329872,78.45792605503502
7.385,7.051258582797511,71.40664869641529,78.4579072792128
7.390000000000001,8.070745212521102,70.38714140286342,78.45788661538452
7.3950000000000005,9.098921492168731,69.35894681620245,78.45786830837118
7.4,10.129750549789772,68.32810239708503,78.45785294687481
7.405,11.16079660750926,67.29704349982384,78.4578401073331
7.41,12.192136537047505,66.26569268044142,78.45782921748892
7.415,13.225589915019883,65.23222988079355,78.45781979581344
7.42,14.26413521665979,64.1936762796754,78.4578114963352
7.425,15.311438890704478,63.14636520874752,78.45780409945199
7.43,16.37145962419301,62.08633786488309,78.4577974890761
7.4350000000000005,17.448111511254396,61.009680114233944,78.45779162548834
7.44,18.54498222225531,59.91280429369105,78.45778651594637
7.445,19.6651084601861,58.79267372471691,78.45778218490301
7.45,20.8108127470781,57.64696589962282,78.45777864670092
7.455,21.9836042535692,56.474171630307886,78.45777588387709
7.46,23.18414319361918,55.27363063980437,78.45777383342354
7.465,24.412264398574145,54.04550798332645,78.4577723819006
7.47,25.667052048951103,52.790719319772464,78.45777136872357
7.4750000000000005,26.94695490546583,51.51081569023228,78.45777059569811
7.48,28.24993013882565,50.20783970135184,78.45776984017749
7.485,29.573604073026747,48.884164796057306,78.45776886908405
7.49,30.915439620785854,47.54232783055505,78.45776745134091
7.495,32.27290252495509,46.184862841821236,78.45776536677633
7.5,33.643621287069365,44.81414112298424,78.4577624100536
7.505,35.02553844195427,43.43221994646051,78.45775838841479
7.51,36.417053249931996,42.04069986193511,78.4577531118671
7.515000000000001,37.81715755382227,40.64058882018759,78.45774637400986
7.5200000000000005,39.22556697952058,39.23217094245653,78.4577379219771
7.525,40.6428479134689,37.81487950517918,78.45772741864808
7.53,42.070534864647556,36.38717955622063,78.45771442086819
7.535,43.51121910793595,34.94647935638998,78.45769846432593
7.54,44.968560949248534,33.48911856881706,78.45767951806559
7.545,46.44712416163523,32.010535205246164,78.45765936688139
7.55,47.95184488606482,30.505799501103144,78.45764438716796
7.555,49.486854845375134,28.97079249660615,78.45764734198129
7.5600000000000005,51.05341625369996,27.404261403036344,78.45767765673631
7.565,52.647198313124235,25.81051502456489,78.45771333768913
7.57,54.25618688267734,24.20151516786029,78.45770205053763
7.575,55.861233801962555,22.59640324223114,78.45763704419369
7.58,57.43985416701172,21.017721533974704,78.45757570098642
7.585,58.97108308064105,19.48646965448169,78.45755273512275
7.59,60.43856859756143,18.01898788166315,78.45755647922458
7.595,61.83115761645093,16.62640976729644,78.45756738374737
7.6000000000000005,63.1419901755372,15.315586133546912,78.45757630908412
7.605,64.36723147324778,14.090350180245007,78.4575816534928
7.61,65.50499694046225,12.952587360480042,78.45758430094229
7.615,66.55459315609374,11.902992191450725,78.45758534754447
7.62,67.51602544349892,10.941560105375483,78.4575855488744
7.625,68.38969118370787,10.067894152570377,78.45758533627824
7.63,69.17619224727345,9.28139268537681,78.45758493265026
7.635,69.8762210182584,8.581363426342461,78.45758444460087
7.640000000000001,70.4904911580541,7.967092760403519,78.45758391845762
7.6450000000000005,71.01969542254977,7.437887948270375,78.45758337082015
7.65,71.46447983900124,6.99310296532746,78.45758280432871
7.655,71.82542780871698,6.63215440680763,78.45758221552461
7.66,72.10305027454123,6.354531324131574,78.4575815986728
7.665,72.29777964980082,6.1598012977900956,78.45758094759091
7.67,72.40996615793378,6.047614098596485,78.45758025653026
7.675,72.43987582455154,6.017703696079192,78.45757952063073
7.68,72.38768974171244,6.069888994491765,78.4575787362042
7.6850000000000005,72.253504473956,6.204073427009761,78.45757790096576
7.69,72.0373336481559,6.420243366106498,78.4575770142624
7.695,71.73911089423669,6.7184651830769795,78.45757607731366
7.7,71.35869439786576,7.098880695591549,78.45757509345731
7.705,70.89587339752566,7.561700670855966,78.45757406838163
7.71,70.3503770092845,8.10719600103238,78.45757301031688
7.715,69.72188579138984,8.735686138763953,78.45757193015379
7.72,69.01004646273508,9.447524378717615,78.45757084145269
7.7250000000000005,68.21449015738202,10.24307960292707,78.45756976030908
7.73,67.33485452359393,11.122714181450247,78.45756870504418
7.735,66.3708098522631,12.08675784343583,78.45756769569893
7.74,65.3220892399138,13.135477513409809,78.4575667533236
7.745,64.18852255303197,14.269043346040375,78.45756589907235
7.75,62.97007366669802,15.487491486433383,78.4575651531314
7.755,61.66688011306958,16.790684420461105,78.45756453353069
7.76,60.27929391612089,18.178270138784228,78.45756405490512
7.765000000000001,58.80792204143568,19.64964168584991,78.45756372728559
7.7700000000000005,57.25366459777443,21.20389895723124,78.45756355500566
7.775,55.61774874272368,22.839814793087527,78.4575635358112
7.78,53.90175622313893,24.555807437112847,78.45756366025178
7.785,52.107642673127046,26.349921238293035,78.45756391142008
7.79,50.23774723557058,28.21981702951577,78.45756426508635
7.795,48.29479178329623,30.162772906953343,78.45756469024957
7.8,46.281869980204014,32.17569516989959,78.4575651501036
7.805000000000001,44.20242759858438,34.25513800481252,78.4575656033969
7.8100000000000005,42.06023683062807,36.3973291755388,78.45756600616687
7.815,39.85936872623674,38.59819758763397,78.4575663138707
7.82,37.60416930027027,40.85339718376019,78.45756648403045
7.825,35.29924627889317,43.158320200771655,78.45756647966482
7.83,32.94947499518705,45.50809127876938,78.45756627395643
7.835,30.560033856534822,47.8975320001195,78.45756585665433
7.84,28.13648259244868,50.32108264976907,78.45756524221775
7.845,25.68490103662006,52.772663440883115,78.45756447750318
7.8500000000000005,23.212114023710946,55.245449615899,78.45756363960994
7.855,20.726041741960497,57.73152105115424,78.45756279311473
7.86,18.236239321466936,60.22132249276589,78.45756181423283
7.865,15.75473324539221,62.70282656872401,78.45755981411622
7.87,13.297341337604383,65.16021207050802,78.4575534081124
7.875,10.885805802837211,67.57172603773755,78.45753184057476
7.88,8.551316286247864,69.90614838952698,78.45746467577484
7.885,6.34036454357101,72.11691555073607,78.45728009430708
7.890000000000001,4.3240602564764,74.13282850489816,78.45688876137456
7.8950000000000005,2.6102215596842475,75.8463645618539,78.45658612153815
7.9,1.3474533850116315,77.11036413370488,78.45781751871651
7.905,0.6882433696577185,77.77102158084546,78.45926495050317
7.91,0.6961062884905725,77.76076000289024,78.4568662913808
7.915,1.2955769080241202,77.15988264670568,78.4554595547298
7.92,2.340401657991984,76.11526297659503,78.45566463458702
7.925,3.6961105049949587,74.75985184459546,78.45596234959042
7.930000000000001,5.265820514151918,73.1902714980546,78.45609201220651
7.9350000000000005,6.9846644980863495,71.47146818839462,78.45613268648097
7.94,8.809342482278879,69.64679974941821,78.45614223169709
7.945,10.71023593143859,67.74590724961236,78.45614318105095
7.95,12.66635568044742,65.78978688752639,78.45614256797381
7.955,14.66220490873453,63.793937207969776,78.45614211670431
7.96,16.68580894945883,61.7703330454794,78.45614199493824
7.965,18.72744674545359,59.72869528242859,78.45614202788218
7.97,20.778813531798896,57.6773285106092,78.45614204240809
7.9750000000000005,22.832459519411618,55.62368241694745,78.45614193635907
7.98,24.88141474773589,53.57472692349703,78.45614167123293
7.985,26.918946879403318,51.537194371309965,78.45614125071329
7.99,28.938418836612804,49.517721865986104,78.4561407025989
7.995,30.933223803177185,47.5229162641183,78.45614006729548
8.0,32.89678029568372,45.55935909608922,78.45613939177294
8.005,34.82257223929794,43.6335664876717,78.45613872696964
8.01,36.704219888287476,41.75191823850179,78.45613812678926
8.015,38.5355680663296,39.9205695809996,78.4561376473292
8.02,40.31077920156463,38.145358143955164,78.45613734551979
8.025,42.02442028009008,36.43171699674507,78.45613727683514
8.03,43.671535138723236,34.78460235340541,78.45613749212865
8.035,45.247696259941954,33.20844177399518,78.45613803393714
8.040000000000001,46.749033106730906,31.70710582605127,78.45613893278218
8.045,48.172236714211124,30.283903489854332,78.45614020406546
8.05,49.514542468238716,28.941599377856406,78.45614184609512
8.055,50.77369458183716,27.682449257770223,78.45614383960739
8.06,51.94789667814524,26.50824947075183,78.45614614889708
8.065,53.03575315631066,25.420395568095792,78.45614872440646
8.07,54.03620578004076,24.41994572635961,78.45615150640037
8.075,54.94846935023617,23.507685078984103,78.45615442922028
8.08,55.771969572092736,22.68418785347315,78.45615742556589
8.085,56.50628545688855,21.949874973373976,78.45616043026253
8.09,57.15109793978788,21.305065443168953,78.45616338295683
8.095,57.70614596029178,20.750020268712746,78.45616622900452
8.1,58.17119115697457,20.28497776024549,78.45616891722005
8.105,58.54599272896094,19.910178662712056,78.456171391673
8.11,58.83029517516624,19.625878396214112,78.45617357138036
8.115,59.02383401971389,19.432341284996458,78.45617530471034
8.120000000000001,59.126369166953566,19.329807104640853,78.45617627159442
8.125,59.13776385503349,19.31841192911126,78.45617578414475
8.13,59.05814219217541,19.398030226201403,78.45617241837681
8.135,58.88818447521022,19.56797901640452,78.45616349161475
8.14,58.62966160741084,19.82648337647155,78.45614498388238
8.145,58.286363078414794,20.16975162017605,78.45611469859085
8.15,57.865585269019746,20.59050036702884,78.45608563604858
8.155,57.38012575255703,21.075982718834915,78.45610847139194
8.16,56.84988348254987,21.606353513618565,78.45623699616843
8.165000000000001,56.300723929545875,22.155645136875506,78.45636906642139
8.17,55.75848209651313,22.69784002905117,78.4563221255643
8.175,55.240676147881814,23.215512654324193,78.45618880220601
8.18,54.75252050827777,23.703612748327245,78.45613325660501
8.185,54.28942578679108,24.166725750934603,78.45615153772567
8.19,53.842012503063316,24.614178221174555,78.45619072423787
8.195,53.39992643326639,25.05629993507651,78.4562263683429
8.2,52.953726164228875,25.502528301641927,78.4562544658708
8.205,52.49550765416518,25.960769127314904,78.45627678148008
8.21,52.018942664019015,26.437352707740295,78.45629537175931
8.215,51.519111314275804,26.937200253960683,78.45631156823649
8.22,50.99229634153137,27.464029765111444,78.45632610664282
8.225,50.435800611966016,28.02053875955472,78.45633937152074
8.23,49.84780464347646,28.608546917979066,78.45635156145552
8.235,49.2272642327897,29.229098547162977,78.45636277995268
8.24,48.573843196456366,29.882529885228163,78.45637308168453
8.245000000000001,47.88787544275778,30.568507052609615,78.4563824953674
8.25,47.170351115466595,31.286039919733074,78.45639103519967
8.255,46.42292222646846,32.03347648056717,78.45639870703562
8.26,45.6479235893912,32.80848192301412,78.45640551240533
8.265,44.848404830564206,33.608006621360424,78.45641145192462
8.27,44.02816874822927,34.42824778058228,78.45641652881156
8.275,43.191810335599904,35.264610417110234,78.45642075271013
8.28,42.344749455302996,36.111674688317784,78.45642414362078
8.285,41.493248608472925,36.96317812691754,78.45642673539047
8.290000000000001,40.64440574331991,37.81202283464174,78.45642857796165
8.295,39.806110975756205,38.6503187617865,78.4564297375427
8.3,38.986955927416666,39.46947436675673,78.4564302941734
8.305,38.196085631291254,40.26034470556441,78.45643033685566
8.31,37.442986022631004,41.01344393471639,78.4564299573474
8.315,36.73720507623125,41.71922416826656,78.4564292444978
8.32,36.08801242135499,42.36841585981688,78.45642828117187
8.325,35.50401004823145,42.95241709688676,78.45642714511821
8.33,34.99271441450103,43.46371149924845,78.45642591374948
8.335,34.560136604616744,43.89628806669935,78.45642467131609
8.34,34.210391076418205,44.24603243959842,78.45642351601663
8.345,33.94536425699185,44.51105830751362,78.45642256450547
8.35,33.76447169045299,44.691950261389195,78.45642195184219
8.355,33.66452695905329,44.79189486667724,78.45642182573053
8.36,33.63973786484555,44.816684469818554,78.4564223346641
8.365,33.681836119382,44.77458749109779,78.45642361047979
8.370000000000001,33.78033673136767,44.67608901586725,78.45642574723492
8.375,33.92291304055853,44.533515739866175,78.4564287804247
8.38,34.09586362099694,44.360569051715586,78.45643267271252
8.385,34.284638970036546,44.17179834301326,78.4564373130498
8.39,34.474390136025356,43.98205239762278,78.45644253364813
8.395,34.650499382401364,43.80594876091323,78.45644814331459
8.4,34.79905547627899,43.657398491896295,78.45645396817528
8.405,34.90724331665247,43.54921656916418,78.45645988581666
8.41,34.96362847782101,43.49283736221109,78.45646584003211
8.415000000000001,34.958330035529514,43.49814179551781,78.45647183104732
8.42,34.883087524359034,43.57339036220527,78.4564778865643
8.425,34.73123801010089,43.725246016567105,78.456484026668
8.43,34.49762578473972,43.95886445225638,78.4564902369961
8.435,34.178469867420674,44.27802659260923,78.45649646002991
8.44,33.77121402243537,44.685288584995874,78.45650260743125
8.445,33.27438170216894,45.18212688864314,78.45650859081208
8.45,32.68745578063798,45.769058585320735,78.45651436595872
8.455,32.010801848531884,46.44571813660171,78.4565199851336
8.46,31.245656097226785,47.210869551333374,78.45652564856016
8.465,30.39420710827506,48.062324617604325,78.45653172587939
8.47,29.459819933622555,48.99671870706286,78.45653864068541
8.475,28.44749024960778,50.00905599821591,78.4565462478237
8.48,27.364696291770926,51.09185518749196,78.45655147926288
8.485,26.222979737688732,52.23356069130435,78.45654042899308
8.49,25.040920502907316,53.415544089755926,78.45646459266324
8.495000000000001,23.849808374384104,54.60638064809133,78.45618902247543
8.5,22.704172928200194,55.75135663489429,78.45552956309449
8.505,21.698203879041806,56.75705230976075,78.45525618880257
8.51,20.975235285392515,57.48281582066641,78.45805110605892
8.515,20.683000697720153,57.77480527426998,78.45780597199013
8.52,20.867656570165984,57.58643108969542,78.4540876598614
8.525,21.449040146146338,57.004812761955634,78.45385290810196
8.53,22.306651992400113,56.14770837923001,78.45436037163012
8.535,23.34137890404603,55.11321143803198,78.454590342078
8.540000000000001,24.484676807593853,53.96998051875268,78.45465732634653
8.545,25.690674168672892,52.764000606547725,78.45467477522061
8.55,26.92813780515286,51.52654465105302,78.45468245620589
8.555,28.175071998577884,50.27961845946526,78.45469045804315
8.56,29.41537868676592,49.03932146713845,78.45470015390437
8.565,30.636797441392623,47.817913466976854,78.45471090836948
8.57,31.829601590953942,46.62512030939054,78.45472190034448
8.575000000000001,32.98574032080148,45.46899219227717,78.45473251307865
8.58,34.098246485689394,44.35649586453981,78.4547423502292
8.585,35.160803708107856,43.293947469364326,78.45475117747219
8.59,36.167408063041776,42.28735080276573,78.4547588658075
8.595,37.112083822437505,41.34268152840735,78.45476535084485
8.6,37.988627698237956,40.4661429092736,78.45477060751156
8.605,38.79036684432789,39.66440779377375,78.45477463810164
8.61,39.50992615851294,38.94485131518642,78.45477747369935
8.615,40.13901332092131,38.315765870464006,78.45477919138531
8.620000000000001,40.6682484917649,37.78653145677631,78.45477994854122
8.625,41.08709157140529,37.36768845192111,78.4547800233264
8.63,41.383951227661456,37.07082859018938,78.45477981785083
8.635,41.54658451112974,36.908195228886036,78.45477974001577
8.64,41.56288597880912,36.89189393207719,78.45477991088632
8.645,41.422081669875546,37.03269819321317,78.45477986308872
8.65,41.11616772781337,37.33861093962685,78.45477866744022
8.655,40.641225043395146,37.81355062417188,78.45477566756702
8.66,39.99815187382236,38.45661925577548,78.45477112959784
8.665000000000001,39.19251942642731,39.26224654465696,78.45476597108427
8.67,38.23361479466662,40.22114611297019,78.45476090763681
8.675,37.1330496957369,41.32170631101858,78.45475600675547
8.68,35.90338599323725,42.5513648894376,78.45475088267486
8.685,34.55708148529292,43.89766358148866,78.45474506678158
8.69,33.10585080963071,45.348887400354535,78.45473820998524
8.695,31.560391238074278,46.894338872473305,78.45473011054759
8.700000000000001,29.930368749999893,48.52435192551725,78.45472067551714
8.705,28.224565812465435,50.230144074040325,78.45470988650575
8.71,26.45112231150056,52.00357548000992,78.45469779151048
8.715,24.617833542735223,53.83685098158353,78.45468452431875
8.72,22.732496868285246,55.72217348321621,78.45467035150145
8.725,20.803322563984253,57.65133318555829,78.45465574954255
8.73,18.839449546134936,59.615191961908366,78.4546415080433
8.735,16.851641326017223,61.602987482029405,78.45462880804664
8.74,14.8532955908377,63.601323434824,78.4546190256617
8.745000000000001,12.862008640209382,65.5926036043176,78.45461224452698
8.75,10.90214738379331,67.55245320355368,78.45460058734699
8.755,9.009307028720745,69.4452351227086,78.45454215142934
8.76,7.238368420820918,71.21590217005867,78.45427059087959
8.765,5.6782133668248,72.77507255451079,78.45328592133559
8.77,4.4760153519308705,73.97526552684012,78.45128087877099
8.775,3.8575008675335414,74.59663739801441,78.45413826554795
8.78,4.060839063196773,74.39863645792157,78.45947552111834
8.785,5.118986421143736,73.32858759589814,78.44757401704187
8.790000000000001,6.801247959772638,71.6452636990361,78.44651165880873
8.795,8.840624962245673,69.60725573110952,78.44788069335519
8.8,11.060490613862232,67.38781696991947,78.4483075837817
8.805,13.360142685927645,65.08821187345742,78.44835455938507
8.81,15.681802432425904,62.76652798100903,78.44833041343493
8.815,17.990465852264464,60.45784350745982,78.44830935972428
8.82,20.263484782834134,58.18481596854809,78.44830075138222
8.825000000000001,22.48518786400964,55.96311341854395,78.44830128255359
8.83,24.643984311810403,53.804322565364835,78.44830687717524
8.835,26.730718534843625,51.71759611142451,78.44831464626813
8.84,28.73768088864322,49.71064190408491,78.44832279272813
8.845,30.657977420553472,47.79035283455763,78.4483302551111
8.85,32.4851041018662,45.96323232844246,78.44833643030866
8.855,34.212642737678166,44.23569826276163,78.4483410004398
8.86,35.83403425361516,42.61430958362689,78.44834383724205
8.865,37.342407965419675,41.105936993816236,78.44834495923591
8.870000000000001,38.73046138055729,39.717883144346146,78.44834452490343
8.875,39.99039845091028,38.45794439684511,78.44834284775538
8.88,41.113946829350574,37.334393583242075,78.44834041259264
8.885,42.09248593170173,36.35585192512078,78.44833785682252
8.89,42.91732346360985,35.531012405830275,78.44833586944011
8.895,43.58015045321232,34.868184535746074,78.4483349889584
8.9,44.07367339219231,34.37466199380838,78.44833538600069
8.905,44.39236183284978,34.05597500881299,78.44833684166278
8.91,44.53317414699529,33.915164926613734,78.44833907360902
8.915000000000001,44.49607251808016,33.95226968419429,78.44834220227446
8.92,44.28415890042754,34.1641879620877,78.44834686251525
8.925,43.90337102135389,34.544982751119896,78.44835377247378
8.93,43.361823284667814,35.086539893950125,78.44836317861794
8.935,42.66898018702073,35.77939449338881,78.44837468040953
8.94,41.83486115169991,36.61352631809549,78.44838746979539
8.945,40.86941209362055,37.578988587230675,78.44840068085122
8.950000000000001,39.7820932963037,38.66632031326833,78.44841360957203
8.955,38.581668053912324,39.86675771434265,78.44842576825496
8.96,37.27614553161888,41.17229131431583,78.44843684593471
8.965,35.87282716504327,42.57561948090734,78.44844664595061
8.97,34.37841570548474,44.07003933094844,78.44845503643319
8.975,32.799159840071994,45.64930208258762,78.44846192265962
8.98,31.14102019375973,47.30744704529286,78.44846723905259
8.985,29.409853071084886,49.038617886070554,78.44847095715544
8.99,27.61161707918704,50.836856029169724,78.44847310835677
8.995000000000001,25.75261628224825,52.69585754098405,78.4484738232323
9.0,23.83980392136843,54.608669469313355,78.44847339068178
9.005,21.881186167414953,56.567286166108495,78.44847233352345
9.01,19.886391164762554,58.562080296473276,78.44847146123583
9.015,17.867514580344903,60.58095713749224,78.44847171783715
9.02,15.84043818935935,62.608034931203264,78.44847312056261
9.025,13.826981006410275,64.62148923220823,78.44847023861851
9.03,11.858556826900283,66.58987868624881,78.4484355131491
9.035,9.98259246744339,68.46567304688037,78.44826551432377
9.040000000000001,8.273793480643324,70.17387563233504,78.44766911297836
9.045,6.851928954019284,71.59452697220121,78.4464559262205
9.05,5.896773793964381,72.55086122961464,78.44763502357902
9.055,5.60711420878578,72.84511504415927,78.45222925294505
9.06,6.046229382084142,72.3990810711198,78.44531045320394
9.065,7.057619519303758,71.3853124811709,78.44293200047466
9.07,8.414255825937776,70.02959079976972,78.4438466257075
9.075000000000001,9.948533689304814,68.49574369509381,78.44427738439862
9.08,11.56022470945398,66.88411875496297,78.44434346441695
9.085,13.191197997568164,65.25311919093056,78.44431718849873
9.09,14.80670024555059,63.63758251537174,78.44428276092233
9.095,16.38504976196037,62.05920621907298,78.44425598103335
9.1,17.912225785795144,60.5320105470559,78.44423633285103
9.105,19.37899073629379,59.06523025660199,78.44422099289578
9.11,20.779325578868367,57.66488218026589,78.44420775913426
9.115,22.10957117673061,56.33462414004474,78.44419531677535
9.120000000000001,23.36796642549074,55.07621657618845,78.44418300167919
9.125,24.554417752178672,53.88975279657064,78.44417054874931
9.13,25.67040470190699,52.77375320497135,78.44415790687833
9.135,26.7189606530209,51.725184464957515,78.44414511797842
9.14,27.70468430285782,50.739447945293556,78.44413224815138
9.145,28.633745724910064,49.81037363654879,78.44411936145886
9.15,29.513855784870934,48.930250741519856,78.44410652639078
9.155,30.354172799376563,48.0899210416371,78.44409384101365
9.16,31.165127500854037,47.27895395789426,78.4440814587483
9.165000000000001,31.958157384513235,46.48591221303385,78.44406959754708
9.17,32.74535383217507,45.69870469092197,78.44405852309704
9.175,33.539038361678436,44.9050101473537,78.44404850903214
9.18,34.35129560230584,44.09274418560382,78.44403978790966
9.185,35.1934978926451,43.2505346176699,78.444032510315
9.19,36.07585832801576,42.36816839670272,78.44402672471848
9.195,37.00704553345301,41.436976847783214,78.44402238123622
9.200000000000001,37.993885542048744,40.45013381165933,78.44401935370807
9.205,39.0411658412627,39.402851628934265,78.44401747019697
9.21,40.15154597874673,38.2924705637997,78.44401654254642
9.215,41.325569759564296,37.11844662950907,78.44401638907337
9.22,42.56176700238504,35.88224984602464,78.44401684840969
9.225,43.85682835281853,34.58718943255804,78.44401778537657
9.23,45.205834569917485,33.238184521222706,78.44401909114019
9.235,46.602521527088946,31.841499152975757,78.44402068006471
9.24,48.03956335015895,30.40445913503813,78.44402248519708
9.245000000000001,49.508858158409105,28.935166295240734,78.44402445364983
9.25,51.00180339466744,27.44222314789509,78.44402654256253
9.255,52.50955045590627,25.934478260009747,78.44402871591602
9.26,54.023231081725534,24.420799860513096,78.44403094223863
9.265,55.53415059645719,22.909882596669302,78.44403319312649
9.27,57.03394553469567,21.410089907755662,78.44403544245134
9.275,58.51470533059869,19.929332335508494,78.44403766610718
9.28,59.96905955335033,18.47498028878567,78.444039842136
9.285,61.39023357795147,17.053808373118386,78.44404195106986
9.290000000000001,62.77207656965752,15.671967406679775,78.4440439763373
9.295,64.1090662384298,14.334979666174608,78.44404590460441
9.3,65.39629502209763,13.047752703864766,78.4440477259624
9.305,66.62944224292067,11.814607190995854,78.44404943391653
9.31,67.80473642669843,10.639314598478201,78.44405102517663
9.315,68.91891145658238,9.52514104270018,78.44405249928256
9.32,69.9691596312656,8.47489422685239,78.44405385811798
9.325000000000001,70.95308407398865,7.490971031383489,78.44405510537214
9.33,71.86865234430941,6.5754039016939005,78.44405624600331
9.335,72.71415257209644,5.729904713650059,78.4440572857465
9.34,73.48815298103624,4.955905249655351,78.44405823069158
9.345,74.18946530321813,4.2545937837277155,78.44405908694584
9.35,74.81711230429731,3.6269475560844473,78.44405986038176
9.355,75.3702994318808,3.0737611245835144,78.44406055646431
9.36,75.8483904567038,2.5956707234423275,78.44406118014612
9.365,76.25088688452817,2.1931748512898332,78.44406173581801
9.370000000000001,76.57741086462542,1.8666513626760861,78.4440622273015
9.375,76.82769129761319,1.616371360258762,78.44406265787195
9.38,77.0015528423478,1.4425101879545874,78.44406303030239
9.385,77.09890753130223,1.345155815617935,78.44406334692016
9.39,77.11974872074768,1.324314888924079,78.44406360967176
9.395,77.06414712185133,1.3799166983400355,78.44406382019137
9.4,76.9322486784043,1.511815301468241,78.44406397987255
9.405,76.72427407409549,1.7197900158466446,78.44406408994213
9.41,76.44051966555818,2.0035444859799822,78.44406415153817
9.415000000000001,76.08135964587407,2.3627045199201446,78.44406416579422
9.42,75.64724924628266,2.7968148876499463,78.4440641339326
9.425,75.13872878131595,3.3053352760554864,78.44406405737143
9.43,74.55642833455398,3.8876356032950965,78.44406393784908
9.435,73.90107286908723,4.5429909084834215,78.44406377757065
9.44,73.17348752930968,5.270576050071035,78.44406357938071
9.445,72.37460287997396,6.069460466991395,78.44406334696536
9.450000000000001,71.50545980609522,6.938603278990184,78.4440630850854
9.455,70.56721377540296,7.876849024437808,78.44406279984076
9.46,69.56113814631372,8.882924352647818,78.44406249896154
9.465,68.48862619217971,9.95543599993928,78.44406219211899
9.47,67.35119151081955,11.092870380422779,78.44406189124233
9.475,66.15046650157059,12.293595109251996,78.44406161082259
9.48,64.88819862516979,13.5558627430065,78.44406136817629
9.485,63.56624421958899,14.877816964046977,78.44406118363597
9.49,62.186559732047705,16.257501348578167,78.44406108062587
9.495000000000001,60.75119034742915,17.69287073815021,78.44406108557936
9.5,59.26225614832265,19.181805079326974,78.44406122764963
9.505,57.72193613190947,20.722125406263103,78.44406153817258
9.51,56.132450631322385,22.31161141852591,78.4440620498483
9.515,54.49604293869257,23.94801985693584,78.44406279562841
9.52,52.814961196262864,25.62910261105909,78.44406380732195
9.525,51.09144190189814,27.352623212070586,78.44406511396873
9.53,49.327696658059004,29.116370082008594,78.4440667400676
9.535,47.52590407477153,30.91816462901869,78.44406870379022
9.540000000000001,45.68820902160204,32.75586199374508,78.44407101534712
9.545,43.81673172960631,34.62734194609604,78.44407367570236
9.55,41.91358961197684,36.530487063869565,78.4440766758464
9.555,39.98093517402366,38.46314482280067,78.44407999682433
9.56,38.021014138020774,40.42306947263317,78.44408361065395
9.565,36.03624910331785,42.407838378768226,78.44408748208608
9.57,34.02935598674569,44.41473558391159,78.44409157065729
9.575000000000001,32.003503592222124,46.440592238929895,78.44409583115203
9.58,29.96253164406924,48.48156856303895,78.44410020710819
9.585,27.911250587945226,50.53285401516608,78.4441046031113
9.59,25.855859122286606,52.588249677301846,78.44410879958845
9.595,23.80453526619182,54.63957695547946,78.44411222167128
9.6,21.7682868300068,56.67582653242847,78.44411336243527
9.605,19.76218865972525,58.681919827740025,78.44410848746527
9.61,17.80717606563725,60.63691327028987,78.44408933592712
9.615,15.932546238857896,62.5114957423029,78.4440419811608
9.620000000000001,14.179020086090475,64.26494132342535,78.44396140951582
9.625,12.601011392747306,65.84290849949171,78.44391989223902
9.63,11.263654173306154,67.18046487841805,78.4441190517242
9.635,10.226697483670716,68.21772582872205,78.44442331239277
9.64,9.514813333313427,68.92933143103055,78.44414476434397
9.645,9.098575423663517,69.34508416868266,78.44365959234618
9.65,8.910576025142044,69.53296914359663,78.44354516873868
9.655,8.878226661875509,69.56537910205765,78.44360576393316
9.66,8.943241893459062,69.50041266144319,78.44365455490225
9.665000000000001,9.06490666723753,69.37876051866107,78.44366718589859
9.67,9.21670232778191,69.22695784348299,78.4436601712649
9.675,9.38221157916555,69.06143465869636,78.44364623786191
9.68,9.551979971467556,68.89165123656848,78.44363120803604
9.685,9.721382838319832,68.72223437518987,78.4436172135097
9.69,9.889207824007546,68.55439702799204,78.44360485199958
9.695,10.056690740939242,68.38690342091378,78.44359416185303
9.700000000000001,10.226826505855954,68.21675850117357,78.44358500702953
9.705,10.403845711771522,68.03973150712001,78.44357721889153
9.71,10.592794149512173,67.85077649448537,78.44357064399755
9.715,10.799182767953985,67.64438238656925,78.44356515452323
9.72,11.028694563936936,67.41486607756569,78.44356064150263
9.725,11.286946294389962,67.15661070438414,78.4435569987741
9.73,11.579308919741447,66.86424518258215,78.4435541023236
9.735,11.91079284271043,66.53275894643411,78.44355178914455
9.74,12.2860035722076,66.15754626692237,78.44354983912997
9.745000000000001,12.70917163373512,65.7343763282266,78.44354796196173
9.75,13.184258539692816,65.2592872486079,78.44354578830072
9.755,13.715139475525229,64.7284033852539,78.44354286077913
9.76,14.305863857764676,64.13767475721764,78.44353861498232
9.765,14.960997498837784,63.4825348341013,78.44353233293909
9.77,15.686054544930135,62.757468496472285,78.44352304140241
9.775,16.488032070938203,61.955477250509176,78.44350932144738
9.78,17.376060395027444,61.06742864098468,78.44348903601212
9.785,18.36216477134235,60.08129446341739,78.44345923475974
9.790000000000001,19.462066426269395,58.981351043956735,78.44341747022614
9.795,20.69575975552791,57.74760853340951,78.44336828893742
9.8,22.08716240973897,56.35617781024641,78.44334021998537
9.805,23.661389492615605,54.78200731826696,78.44339681088258
9.81,25.437770124331504,53.005783252986205,78.44355337731771
9.815,27.418842809960033,51.02477769149793,78.44362050145796
9.82,29.581747657040303,48.86170028587615,78.44344794291645
9.825000000000001,31.881343522147027,46.56190464324585,78.44324816539287
9.83,34.264315826436594,44.178872244697544,78.44318807113413
9.835,36.682745437764524,41.760467377214454,78.44321281497898
9.84,39.09985965787689,39.343389496217114,78.443249154094
9.845,41.489660005440946,36.95361353083381,78.44327353627476
9.85,43.83437871336113,34.60890763352945,78.44328634689057
9.855,46.12195616712904,32.32133604862024,78.44329221574928
9.86,48.34415454259607,30.099140014265565,78.44329455686164
9.865,50.49528311893649,27.948012127213083,78.44329524614957
9.870000000000001,52.57136784095622,25.871927362414453,78.44329520337067
9.875,54.56961428123607,23.873680574037802,78.44329485527388
9.88,56.48805787532912,21.95523651879595,78.44329439412508
9.885,58.32533271111724,20.117961194191356,78.4432939053086
9.89,60.08051564129521,18.362777785401775,78.44329342669698
9.895,61.75301868124227,16.690274294043142,78.4432929752854
9.9,63.34251270426314,15.100779854524085,78.44329255878722
9.905,64.84887166418397,13.594420516345515,78.44329218052948
9.91,66.27213044842405,12.171161393035218,78.44329184145927
9.915000000000001,67.61245190440619,10.830839636553376,78.44329154095956
9.92,68.8701001386577,9.573191138552609,78.4432912772103
9.925,70.04541819318948,8.397872854209083,78.44329104739856
9.93,71.13880885970913,7.304481988182704,78.44329084789183
9.935,72.15071782344239,6.292572850968136,78.44329067441053
9.94,73.081618612805,5.361671909397207,78.4432905222022
9.945,73.93199901866961,4.511291367543024,78.44329038621264
9.950000000000001,74.70234876987882,3.740941491366931,78.44329026124575
9.955,75.39314833144036,3.050141810666978,78.44329014210733
9.96,76.0048587429867,2.4384312807427118,78.4432900237294
9.965,76.53791244750465,1.905377453770408,78.44328990127507
9.97,76.99270508088892,1.4505846893358243,78.44328977022475
9.975,77.36958820629184,1.0737014201554704,78.44328962644731
9.98,77.66886298678543,0.7744264794734783,78.4432894662589
9.985,77.89077479771476,0.5525144887585165,78.44328928647327
9.99,78.03550878770807,0.4077802967396613,78.44328908444773
9.995000000000001,78.10318640542734,0.3401024526999756,78.44328885812732
10.0,78.09386291815261,0.349425687937483,78.44328860609009
