0.0,0.0,-59.4465394649644,0.0,0.0,44.58936264337873,0.0
0.005,0.0,-59.29171722458427,0.0,0.0,44.53131957999627,0.0
0.01,0.0,-58.82462135477494,0.0,0.0,44.356435831303095,0.0
0.015,0.0,-58.03754725078154,0.0,0.0,44.062503992068486,0.0
0.02,0.0,-56.91826533109862,0.0,0.0,43.646033205110875,0.0
0.025,0.0,-55.45093972232838,0.0,0.0,43.10253171477952,0.0
0.03,0.0,-53.61741013582518,0.0,0.0,42.426900709305265,0.0
0.035,0.0,-51.398816311445614,0.0,0.0,41.6139324401297,0.0
0.04,0.0,-48.77751761220353,0.0,0.0,40.65889687126757,0.0
0.045,0.0,-45.739222678820475,0.0,0.0,39.55818891053209,0.0
0.05,0.0,-42.275199031397314,0.0,0.0,38.30999379768732,0.0
0.055,0.0,-38.384387342284505,0.0,0.0,36.91491386261226,0.0
0.06,0.0,-34.0752103338372,0.0,0.0,35.376489087773315,0.0
0.065,0.0,-29.366854083605933,0.0,0.0,33.70154070337759,0.0
0.07,0.0,-24.289820755917127,0.0,0.0,31.900274900217283,0.0
0.075,0.0,-18.885611901058304,0.0,0.0,29.98610435608321,0.0
0.08,0.0,-13.205497110617186,0.0,0.0,27.975177384107386,0.0
0.085,0.0,-7.308440373909221,0.0,0.0,25.885643487633025,0.0
0.09,0.0,-1.2583740407705837,0.0,0.0,23.73672260918879,0.0
0.095,0.0,4.87889693701173,0.0,0.0,21.547675173322986,0.0
0.1,0.0,11.03883028614404,0.0,0.0,19.336784460044388,0.0
0.105,0.0,17.16099845638395,0.0,0.0,17.12045885399054,0.0
0.11,0.0,23.191393202009927,0.0,0.0,14.91254059326965,0.0
0.115,0.0,29.08401232430815,0.0,0.0,12.723875221308553,0.0
0.12,0.0,34.80166515808908,0.0,0.0,10.562159534227511,0.0
0.125,0.0,40.31603157946755,0.0,0.0,8.432052725262118,0.0
0.13,0.0,45.60708274409146,0.0,0.0,6.335510930393663,0.0
0.135,0.0,50.662012971993434,0.0,0.0,4.272291852483541,0.0
0.14,0.0,55.473841867073645,0.0,0.0,2.2405732257226125,0.0
0.145,0.0,60.03983028396749,0.0,0.0,0.2376343314531315,0.0
0.15,0.0,64.35982207826517,0.0,0.0,-1.7394394768767052,0.0
0.155,0.0,68.43458451661424,0.0,0.0,-3.6930562235780133,0.0
0.16,0.0,72.26418083084633,0.0,0.0,-5.624434710177157,0.0
0.165,0.0,75.84637341032102,0.0,0.0,-7.532942444096479,0.0
0.17,0.0,79.17502825187489,0.0,0.0,-9.415447776128785,0.0
0.17500000000000002,0.0,82.23847199902347,0.0,0.0,-11.265673994103834,0.0
0.18,0.0,85.01774342317105,0.0,0.0,-13.073540564023482,0.0
0.185,0.0,87.48468353475604,0.0,0.0,-14.824478227689967,0.0
0.19,0.0,89.59982644831358,0.0,0.0,-16.498711581619062,0.0
0.195,0.0,91.31009311921478,0.0,0.0,-18.07051731640255,0.0
0.2,0.0,92.54636182653908,0.0,0.0,-19.507491815215275,0.0
0.20500000000000002,0.0,93.22110550769739,0.0,0.0,-20.769902574788578,0.0
0.21,0.0,93.22646035739375,0.0,0.0,-21.810258353561384,0.0
0.215,0.0,92.4333311821491,0.0,0.0,-22.57331556523088,0.0
0.22,0.0,90.69243870959986,0.0,0.0,-22.99683958255188,0.0
0.225,0.0,87.83852726513793,0.0,0.0,-23.013542558240374,0.0
0.23,0.0,83.69916884259312,0.0,0.0,-22.554685112430203,0.0
0.23500000000000001,0.0,78.10952540852767,0.0,0.0,-21.555789015758982,0.0
0.24,0.0,70.93379031479319,0.0,0.0,-19.964667015767517,0.0
0.245,0.0,62.092553287380944,0.0,0.0,-17.751443879823874,0.0
0.25,0.0,51.59296116956747,0.0,0.0,-14.919404254815579,0.0
0.255,0.0,39.55571588514577,0.0,0.0,-11.514517431646546,0.0
0.26,0.0,26.230793909655404,0.0,0.0,-7.630755978231983,0.0
0.265,0.0,11.993892008620652,0.0,0.0,-3.4084028700600686,0.0
0.27,0.0,-2.680786638179295,0.0,0.0,0.9761551951567462,0.0
0.275,0.0,-17.269067928331857,0.0,0.0,5.32826404506862,0.0
0.28,0.0,-31.25698186250832,0.0,0.0,9.456992569320887,0.0
0.28500000000000003,0.0,-44.19850195872305,0.0,0.0,13.196256223117853,0.0
0.29,0.0,-55.75771428487121,0.0,0.0,16.42038254362954,0.0
0.295,0.0,-65.72803232489879,0.0,0.0,19.051452276633448,0.0
0.3,0.0,-74.02859434899854,0.0,0.0,21.058406685261176,0.0
0.305,0.0,-80.68384029364113,0.0,0.0,22.449999241022642,0.0
0.31,0.0,-85.79465046021838,0.0,0.0,23.264544673510635,0.0
0.315,0.0,-89.5086104769486,0.0,0.0,23.55916420057801,0.0
0.32,0.0,-91.99441942859804,0.0,0.0,23.400350751803565,0.0
0.325,0.0,-93.42269082308228,0.0,0.0,22.856709862586392,0.0
0.33,0.0,-93.95330569148868,0.0,0.0,21.993989121132138,0.0
0.335,0.0,-93.72830256034851,0.0,0.0,20.872081677919553,0.0
0.34,0.0,-92.86887057787771,0.0,0.0,19.543526735347974,0.0
0.34500000000000003,0.0,-91.47506283227524,0.0,0.0,18.05303463458516,0.0
0.35000000000000003,0.0,-89.6271136937356,0.0,0.0,16.437648383710044,0.0
0.355,0.0,-87.38756121032738,0.0,0.0,14.727258848169702,0.0
0.36,0.0,-84.80365861647749,0.0,0.0,12.94528685139177,0.0
0.365,0.0,-81.90977785152776,0.0,0.0,11.109420692947127,0.0
0.37,0.0,-78.7296618884146,0.0,0.0,9.232351113637344,0.0
0.375,0.0,-75.27848287474316,0.0,0.0,7.32248098651867,0.0
0.38,0.0,-71.56472320717032,0.0,0.0,5.384608490381245,0.0
0.385,0.0,-67.59192836936772,0.0,0.0,3.42059418657826,0.0
0.39,0.0,-63.36039206518281,0.0,0.0,1.4300271657670987,0.0
0.395,0.0,-58.868831129867246,0.0,0.0,-0.5890949099660778,0.0
0.4,0.0,-54.11609277269011,0.0,0.0,-2.6396614675116474,0.0
0.405,0.0,-49.10291138031915,0.0,0.0,-4.724717978966755,0.0
0.41000000000000003,0.0,-43.83369761439483,0.0,0.0,-6.846716978458792,0.0
0.41500000000000004,0.0,-38.3183009828058,0.0,0.0,-9.00677357284339,0.0
0.42,0.0,-32.57364251389099,0.0,0.0,-11.203962715317225,0.0
0.425,0.0,-26.62507331172825,0.0,0.0,-13.434709287641503,0.0
0.43,0.0,-20.507286870955188,0.0,0.0,-15.692331641816372,0.0
0.435,0.0,-14.264608645834409,0.0,0.0,-17.966801092345477,0.0
0.44,0.0,-7.95051479679257,0.0,0.0,-20.244770712677287,0.0
0.445,0.0,-1.6262977444350768,0.0,0.0,-22.509905043657927,0.0
0.45,0.0,4.6411047011809945,0.0,0.0,-24.743509110313852,0.0
0.455,0.0,10.78198126288168,0.0,0.0,-26.9254150200456,0.0
0.46,0.0,16.72716940932161,0.0,0.0,-29.03504491688639,0.0
0.465,0.0,22.41149122203751,0.0,0.0,-31.05253902835253,0.0
0.47000000000000003,0.0,27.776932163081575,0.0,0.0,-32.95982454010519,0.0
0.47500000000000003,0.0,32.77522036175138,0.0,0.0,-34.74150886539485,0.0
0.48,0.0,37.369550009371906,0.0,0.0,-36.38550813759418,0.0
0.485,0.0,41.53531672482378,0.0,0.0,-37.883362194467594,0.0
0.49,0.0,45.25986778570007,0.0,0.0,-39.23023185799882,0.0
0.495,0.0,48.541388625577476,0.0,0.0,-40.424613849758266,0.0
0.5,0.0,51.3871294032917,0.0,0.0,-41.467836612574274,0.0
0.505,0.0,53.81121375052932,0.0,0.0,-42.36341383233178,0.0
0.51,0.0,55.8322691816343,0.0,0.0,-43.11633247939859,0.0
0.515,0.0,57.47108597879694,0.0,0.0,-43.73234220609046,0.0
0.52,0.0,58.74846257262057,0.0,0.0,-44.21729748358618,0.0
0.525,0.0,59.68334347551767,0.0,0.0,-44.57658719319719,0.0
0.53,0.0,60.291310217144066,0.0,0.0,-44.81467165122586,0.0
0.535,0.0,60.58345177172079,0.0,0.0,-44.93473601151099,0.0
0.54,0.0,60.56562011951897,0.0,0.0,-44.93846216524255,0.0
0.545,0.0,60.23806745431978,0.0,0.0,-44.8259182126005,0.0
0.55,0.0,59.595460929113365,0.0,0.0,-44.595564285662064,0.0
0.555,0.0,58.62727454795439,0.0,0.0,-44.244374606081976,0.0
0.56,0.0,57.31856129973415,0.0,0.0,-43.768076685016005,0.0
0.5650000000000001,0.0,55.6511073593636,0.0,0.0,-43.16150804851777,0.0
0.5700000000000001,0.0,53.604960084344775,0.0,0.0,-42.4190874847452,0.0
0.5750000000000001,0.0,51.16029960423681,0.0,0.0,-41.53539059841274,0.0
0.58,0.0,48.29958895367207,0.0,0.0,-40.50580809772306,0.0
0.585,0.0,45.00989181130679,0.0,0.0,-39.32725037973556,0.0
0.59,0.0,41.28519572213129,0.0,0.0,-37.998845542886954,0.0
0.595,0.0,37.12853207955422,0.0,0.0,-36.52256321110221,0.0
0.6,0.0,32.553655157072306,0.0,0.0,-34.90368778616155,0.0
0.605,0.0,27.586044647316992,0.0,0.0,-33.15106636653367,0.0
0.61,0.0,22.263039433016882,0.0,0.0,-31.277071761521768,0.0
0.615,0.0,16.632996510452518,0.0,0.0,-29.297250248957695,0.0
0.62,0.0,10.75348870160099,0.0,0.0,-27.229663700809976,0.0
0.625,0.0,4.688687521951078,0.0,0.0,-25.09397951514728,0.0
0.63,0.0,-1.4938039512840864,0.0,0.0,-22.910400354139565,0.0
0.635,0.0,-7.726325554214387,0.0,0.0,-20.698550286527624,0.0
0.64,0.0,-13.944379383744216,0.0,0.0,-18.476438970431534,0.0
0.645,0.0,-20.08937247784524,0.0,0.0,-16.259610295834637,0.0
0.65,0.0,-26.110650659073624,0.0,0.0,-14.060550753896237,0.0
0.655,0.0,-31.96670642182729,0.0,0.0,-11.888393456873604,0.0
0.66,0.0,-37.62555878193258,0.0,0.0,-9.748914830442317,0.0
0.665,0.0,-43.064396706409106,0.0,0.0,-7.644789622935626,0.0
0.67,0.0,-48.26863769551899,0.0,0.0,-5.576050059469985,0.0
0.675,0.0,-53.230576711800694,0.0,0.0,-3.540687437355478,0.0
0.68,0.0,-57.94779310107704,0.0,0.0,-1.535337353396745,0.0
0.685,0.0,-62.42145382965802,0.0,0.0,0.44400017249822543,0.0
0.6900000000000001,0.0,-66.65461049930185,0.0,0.0,2.4012406399242163,0.0
0.6950000000000001,0.0,-70.6505438758656,0.0,0.0,4.339515487583643,0.0
0.7000000000000001,0.0,-74.41116913098286,0.0,0.0,6.260500080975506,0.0
0.705,0.0,-77.93548108487157,0.0,0.0,8.163765390653586,0.0
0.71,0.0,-81.21799296815651,0.0,0.0,10.04614134137786,0.0
0.715,0.0,-84.24710519320709,0.0,0.0,11.901074679568122,0.0
0.72,0.0,-87.00333311265382,0.0,0.0,13.717962347667864,0.0
0.725,0.0,-89.45732675318015,0.0,0.0,15.481443481794502,0.0
0.73,0.0,-91.56763533085623,0.0,0.0,17.170640773714595,0.0
0.735,0.0,-93.27821251938062,0.0,0.0,18.758357687985516,0.0
0.74,0.0,-94.5157364707564,0.0,0.0,20.210265861938133,0.0
0.745,0.0,-95.18694686015277,0.0,0.0,21.484162140666406,0.0
0.75,0.0,-95.17639679213208,0.0,0.0,22.52944270895263,0.0
0.755,0.0,-94.34529248460586,0.0,0.0,23.287036323383834,0.0
0.76,0.0,-92.53244168835052,0.0,0.0,23.690156502882388,0.0
0.765,0.0,-89.55870318125358,0.0,0.0,23.666355211144158,0.0
0.77,0.0,-85.23659810080989,0.0,0.0,23.1414428721234,0.0
0.775,0.0,-79.38667611352288,0.0,0.0,22.04579972415525,0.0
0.78,0.0,-71.86149266396177,0.0,0.0,20.323326757693565,0.0
0.785,0.0,-62.5763185675202,0.0,0.0,17.942659984696697,0.0
0.79,0.0,-51.54289616173647,0.0,0.0,14.90928067637573,0.0
0.795,0.0,-38.899222655544946,0.0,0.0,11.275994689286936,0.0
0.8,0.0,-24.925886267208107,0.0,0.0,7.14842115059793,0.0
0.805,0.0,-10.039861716026637,0.0,0.0,2.682305203108597,0.0
0.81,0.0,5.238726729422656,0.0,0.0,-1.928875893424072,0.0
0.8150000000000001,0.0,20.3432151962489,0.0,0.0,-6.474656515122008,0.0
0.8200000000000001,0.0,34.728277847922435,0.0,0.0,-10.75234376760687,0.0
0.8250000000000001,0.0,47.932544400516164,0.0,0.0,-14.589908328507416,0.0
0.8300000000000001,0.0,59.62152317308472,0.0,0.0,-17.86185229752595,0.0
0.835,0.0,69.60380741702058,0.0,0.0,-20.49550900555057,0.0
0.84,0.0,77.82229574000482,0.0,0.0,-22.468322095408638,0.0
0.845,0.0,84.32830963880417,0.0,0.0,-23.79884646761419,0.0
0.85,0.0,89.24836911320808,0.0,0.0,-24.53491547427315,0.0
0.855,0.0,92.75176333141039,0.0,0.0,-24.741884041941788,0.0
0.86,0.0,95.02384137040634,0.0,0.0,-24.492748268699668,0.0
0.865,0.0,96.24683786653337,0.0,0.0,-23.860850463821077,0.0
0.87,0.0,96.5878976220386,0.0,0.0,-22.91511111147625,0.0
0.875,0.0,96.19288588758687,0.0,0.0,-21.717333295910322,0.0
0.88,0.0,95.18429574496678,0.0,0.0,-20.321011268860254,0.0
0.885,0.0,93.66174025568431,0.0,0.0,-18.771123087269295,0.0
0.89,0.0,91.7038700369699,0.0,0.0,-17.10450187273793,0.0
0.895,0.0,89.37092308262946,0.0,0.0,-15.350503226987978,0.0
0.9,0.0,86.7074189366987,0.0,0.0,-13.531790647220744,0.0
0.905,0.0,83.74473453002834,0.0,0.0,-11.665138675992912,0.0
0.91,0.0,80.50345137826054,0.0,0.0,-9.76220680029083,0.0
0.915,0.0,76.99545961097411,0.0,0.0,-7.83027099771771,0.0
0.92,0.0,73.22585967761495,0.0,0.0,-5.872919753783039,0.0
0.925,0.0,69.19473029490499,0.0,0.0,-3.8907317041595864,0.0
0.93,0.0,64.89883980911222,0.0,0.0,-1.881955759847739,0.0
0.935,0.0,60.33337252204016,0.0,0.0,0.1567866303766543,0.0
0.9400000000000001,0.0,55.493723867921595,0.0,0.0,2.229762754229202,0.0
0.9450000000000001,0.0,50.37738931268345,0.0,0.0,4.341348336108438,0.0
0.9500000000000001,0.0,44.98593193659876,0.0,0.0,6.495213522451635,0.0
0.9550000000000001,0.0,39.326964479495274,0.0,0.0,8.693499233142374,0.0
0.96,0.0,33.41602732022636,0.0,0.0,10.936026087533165,0.0
0.965,0.0,27.278192099324666,0.0,0.0,13.219595604909664,0.0
0.97,0.0,20.94918278249893,0.0,0.0,15.537456438138811,0.0
0.975,0.0,14.475795467594452,0.0,0.0,17.879012422914553,0.0
0.98,0.0,7.915427766401283,0.0,0.0,20.229839874724796,0.0
0.985,0.0,1.334605088105714,0.0,0.0,22.572056353313847,0.0
0.99,0.0,-5.193488962650713,0.0,0.0,24.885043056394814,0.0
0.995,0.0,-11.592324480262661,0.0,0.0,27.14647360382569,0.0
1.0,0.0,-17.785881737662784,0.0,0.0,29.33355278033034,0.0
1.0050000000000001,0.0,-23.702646700386378,0.0,0.0,31.424331238289888,0.0
1.01,0.0,-29.279297438726356,0.0,0.0,33.398946081471856,0.0
1.0150000000000001,0.0,-34.463669808128216,0.0,0.0,35.24064753767918,0.0
1.02,0.0,-39.21669953771649,0.0,0.0,36.93650658350599,0.0
1.025,0.0,-43.5131932433631,0.0,0.0,38.47774907208786,0.0
1.03,0.0,-47.34144693440705,0.0,0.0,39.85971676782358,0.0
1.035,0.0,-50.70187262780969,0.0,0.0,41.08150313945378,0.0
1.04,0.0,-53.604887987083565,0.0,0.0,42.14534378471352,0.0
1.045,0.0,-56.068362219205206,0.0,0.0,43.05585504000333,0.0
1.05,0.0,-58.11489981489953,0.0,0.0,43.81921149485905,0.0
1.055,0.0,-59.769197269206416,0.0,0.0,44.442338680497,0.0
1.06,0.0,-61.0556447315861,0.0,0.0,44.932177041099074,0.0
1.065,0.0,-61.99628053001954,0.0,0.0,45.29505266806508,0.0
1.07,0.0,-62.60915271417646,0.0,0.0,45.53617283327322,0.0
1.075,0.0,-62.90710371424851,0.0,0.0,45.659251955645004,0.0
1.08,0.0,-62.89697283570896,0.0,0.0,45.666266612749624,0.0
1.085,0.0,-62.57920432231964,0.0,0.0,45.5573358444732,0.0
1.09,0.0,-61.947851980001545,0.0,0.0,45.33072395262098,0.0
1.095,0.0,-60.990979837705375,0.0,0.0,44.98296564804435,0.0
1.1,0.0,-59.69146669091012,0.0,0.0,44.50911600049649,0.0
1.105,0.0,-58.02822531357469,0.0,0.0,43.903128478455486,0.0
1.11,0.0,-55.977839681079686,0.0,0.0,43.15836182027905,0.0
1.115,0.0,-53.51660171081643,0.0,0.0,42.2682092631344,0.0
1.12,0.0,-50.62289071427586,0.0,0.0,41.22683111991251,0.0
1.125,0.0,-47.27978514311215,0.0,0.0,40.02995426322412,0.0
1.1300000000000001,0.0,-43.47773311541984,0.0,0.0,38.67568170267939,0.0
1.135,0.0,-39.21704683653812,0.0,0.0,37.165235847956396,0.0
1.1400000000000001,0.0,-34.50994228015515,0.0,0.0,35.503545477443886,0.0
1.145,0.0,-29.3818370792051,0.0,0.0,33.69958467602118,0.0
1.1500000000000001,0.0,-23.871660933585552,0.0,0.0,31.766386726389616,0.0
1.155,0.0,-18.031029022139254,0.0,0.0,29.720688639404408,0.0
1.16,0.0,-11.92227072789673,0.0,0.0,27.58220945839376,0.0
1.165,0.0,-5.615469215107467,0.0,0.0,25.372619476019022,0.0
1.17,0.0,0.815182390066878,0.0,0.0,23.114306564992685,0.0
1.175,0.0,7.2953001156117665,0.0,0.0,20.82907842831018,0.0
1.18,0.0,13.754065024069927,0.0,0.0,18.53694791155109,0.0
1.185,0.0,20.12742406132946,0.0,0.0,16.25513110902721,0.0
1.19,0.0,26.36045317438758,0.0,0.0,13.997350042091515,0.0
1.195,0.0,32.40874241337329,0.0,0.0,11.773483072767739,0.0
1.2,0.0,38.238805249823315,0.0,0.0,9.58955810024339,0.0
1.205,0.0,43.82762946245258,0.0,0.0,7.448045108588836,0.0
1.21,0.0,49.16155901609685,0.0,0.0,5.348380884145482,0.0
1.215,0.0,54.23472268567403,0.0,0.0,3.287650430292995,0.0
1.22,0.0,59.047213045124955,0.0,0.0,1.2613541736462084,0.0
1.225,0.0,63.603181337131026,0.0,0.0,-0.7357968196594769,0.0
1.23,0.0,67.90896280450488,0.0,0.0,-2.709098180238887,0.0
1.235,0.0,71.97129405849657,0.0,0.0,-4.663104990456002,0.0
1.24,0.0,75.79563610271322,0.0,0.0,-6.600927010532192,0.0
1.245,0.0,79.38457735506093,0.0,0.0,-8.523560669992575,0.0
1.25,0.0,82.73626152609519,0.0,0.0,-10.429242744243998,0.0
1.2550000000000001,0.0,85.84276539055648,0.0,0.0,-12.312804572386778,0.0
1.26,0.0,88.68834124309602,0.0,0.0,-14.1650028891884,0.0
1.2650000000000001,0.0,91.2474393144956,0.0,0.0,-15.971804265480321,0.0
1.27,0.0,93.48244018214271,0.0,0.0,-17.713606043697673,0.0
1.2750000000000001,0.0,95.34106330109066,0.0,0.0,-19.3643900051935,0.0
1.28,0.0,96.75348683356997,0.0,0.0,-20.890829847760564,0.0
1.285,0.0,97.62933265008729,0.0,0.0,-22.251415586602526,0.0
1.29,0.0,97.85485929806342,0.0,0.0,-23.39572410077708,0.0
1.295,0.0,97.29098432631824,0.0,0.0,-24.26406143210714,0.0
1.3,0.0,95.7731314233644,0.0,0.0,-24.78783018399832,0.0
1.305,0.0,93.11433531128904,0.0,0.0,-24.891121970062876,0.0
1.31,0.0,89.11343041221495,0.0,0.0,-24.494161275632898,0.0
1.315,0.0,83.57027106696243,0.0,0.0,-23.519253224672894,0.0
1.32,0.0,76.30941795928292,0.0,0.0,-21.89968741748951,0.0
1.325,0.0,67.21214949754629,0.0,0.0,-19.5914775280213,0.0
1.33,0.0,56.2537681694478,0.0,0.0,-16.586791634976734,0.0
1.335,0.0,43.53932282206752,0.0,0.0,-12.926583622555206,0.0
1.34,0.0,29.32741944480837,0.0,0.0,-8.708753537540394,0.0
1.345,0.0,14.031013317367707,0.0,0.0,-4.087935501680612,0.0
1.35,0.0,-1.811959084422727,0.0,0.0,0.735550089863793,0.0
1.355,0.0,-17.596511307334726,0.0,0.0,5.536943646984705,0.0
1.36,0.0,-32.7251895242335,0.0,0.0,10.09422241871678,0.0
1.365,0.0,-46.680723760046305,0.0,0.0,14.214591396931429,0.0
1.37,0.0,-59.07896173507908,0.0,0.0,17.753954254097554,0.0
1.375,0.0,-69.6920922996544,0.0,0.0,20.625767670609665,0.0
1.3800000000000001,0.0,-78.44255748936894,0.0,0.0,22.799346646892772,0.0
1.385,0.0,-85.37599696556325,0.0,0.0,24.290513148395434,0.0
1.3900000000000001,0.0,-90.62450210682962,0.0,0.0,25.14855774999061,0.0
1.395,0.0,-94.36995542769152,0.0,0.0,25.44299942840832,0.0
1.4000000000000001,0.0,-96.81354488380013,0.0,0.0,25.252358949472686,0.0
1.405,0.0,-98.15381206923095,0.0,0.0,24.655854564872385,0.0
1.41,0.0,-98.57296300549855,0.0,0.0,23.72799246565703,0.0
1.415,0.0,-98.22983538887125,0.0,0.0,22.53553592900085,0.0
1.42,0.0,-97.25756273826974,0.0,0.0,21.136193281212588,0.0
1.425,0.0,-95.76417600965358,0.0,0.0,19.578419360535968,0.0
1.43,0.0,-93.83479877375386,0.0,0.0,17.90186039313039,0.0
1.435,0.0,-91.53452262581067,0.0,0.0,16.138117094340192,0.0
1.44,0.0,-88.91140582537965,0.0,0.0,14.311622784978551,0.0
1.445,0.0,-85.99929827556068,0.0,0.0,12.440523458526236,0.0
1.45,0.0,-82.82036981809867,0.0,0.0,10.537507660455876,0.0
1.455,0.0,-79.38732675229465,0.0,0.0,8.610572315350238,0.0
1.46,0.0,-75.7053634359918,0.0,0.0,6.663732968479147,0.0
1.465,0.0,-71.7739273484061,0.0,0.0,4.697698630552367,0.0
1.47,0.0,-67.58838752556625,0.0,0.0,2.7105361639282854,0.0
1.475,0.0,-63.14169380806061,0.0,0.0,0.6983490441709188,0.0
1.48,0.0,-58.42610050305048,0.0,0.0,-1.344008675495167,0.0
1.485,0.0,-53.435003336470736,0.0,0.0,-3.4221700929758105,0.0
1.49,0.0,-48.16490254210697,0.0,0.0,-5.541443369466787,0.0
1.495,0.0,-42.61745768371425,0.0,0.0,-7.705963792746177,0.0
1.5,0.0,-36.80154342210991,0.0,0.0,-9.917842673733217,0.0
1.5050000000000001,0.0,-30.73515544359665,0.0,0.0,-12.176365904988963,0.0
1.51,0.0,-24.446962001138658,0.0,0.0,-14.477313309342007,0.0
1.5150000000000001,0.0,-17.97726279842047,0.0,0.0,-16.8124817026535,0.0
1.52,0.0,-11.378118792410246,0.0,0.0,-19.169494596917097,0.0
1.5250000000000001,0.0,-4.712466744151446,0.0,0.0,-21.531965226048722,0.0
1.53,0.0,1.947864589344876,0.0,0.0,-23.88004542043264,0.0
1.5350000000000001,0.0,8.525173039892929,0.0,0.0,-26.191343668656074,0.0
1.54,0.0,14.939707019131324,0.0,0.0,-28.442139557450034,0.0
1.545,0.0,21.113916655571973,0.0,0.0,-30.608770689764913,0.0
1.55,0.0,26.976659667080646,0.0,0.0,-32.66903491312376,0.0
1.555,0.0,32.46687736660796,0.0,0.0,-34.603444583148914,0.0
1.56,0.0,37.53633238291563,0.0,0.0,-36.39619309136934,0.0
1.565,0.0,42.1511467638148,0.0,0.0,-38.03574145892487,0.0
1.57,0.0,46.29206149065654,0.0,0.0,-39.51499274642898,0.0
1.575,0.0,49.953514359325844,0.0,0.0,-40.83108050276451,0.0
1.58,0.0,53.14176793978771,0.0,0.0,-41.98484281890001,0.0
1.585,0.0,55.87239397524234,0.0,0.0,-42.980079291687034,0.0
1.59,0.0,58.167434014096386,0.0,0.0,-43.82269376857928,0.0
1.595,0.0,60.052521048899706,0.0,0.0,-44.519815204611405,0.0
1.6,0.0,61.554183131942054,0.0,0.0,-45.078968727098896,0.0
1.605,0.0,62.697477131535784,0.0,0.0,-45.50734557446389,0.0
1.61,0.0,63.50403435068266,0.0,0.0,-45.81119903485135,0.0
1.615,0.0,63.9905488113968,0.0,0.0,-45.99537691155107,0.0
1.62,0.0,64.16770693167362,0.0,0.0,-46.06299051840613,0.0
1.625,0.0,64.03954304010382,0.0,0.0,-46.015215450829054,0.0
1.6300000000000001,0.0,63.60320494971859,0.0,0.0,-45.85121918767743,0.0
1.635,0.0,62.84912255836336,0.0,0.0,-45.56821330630702,0.0
1.6400000000000001,0.0,61.76158453293313,0.0,0.0,-45.16163190835838,0.0
1.645,0.0,60.31973780995011,0.0,0.0,-44.62544088251536,0.0
1.6500000000000001,0.0,58.499026241345355,0.0,0.0,-43.952583030157456,0.0
1.655,0.0,56.27307301746541,0.0,0.0,-43.13556015901676,0.0
1.6600000000000001,0.0,53.615982482841716,0.0,0.0,-42.16714371309484,0.0
1.665,0.0,50.50498903847256,0.0,0.0,-41.04118986795975,0.0
1.67,0.0,46.92331649950084,0.0,0.0,-39.75351414321869,0.0
1.675,0.0,42.863038698967586,0.0,0.0,-38.30275719096524,0.0
1.68,0.0,38.327665704453786,0.0,0.0,-36.69115228087431,0.0
1.685,0.0,33.33413903120409,0.0,0.0,-34.925092465958855,0.0
1.69,0.0,27.91392376802927,0.0,0.0,-33.01539803255507,0.0
1.695,0.0,22.112949933618243,0.0,0.0,-30.977207215660094,0.0
1.7,0.0,15.990281148754445,0.0,0.0,-28.829455595653474,0.0
1.705,0.0,9.615559827019535,0.0,0.0,-26.593966573085524,0.0
1.71,0.0,3.0654619609145297,0.0,0.0,-24.294235887603016,0.0
1.715,0.0,-3.580450149476432,0.0,0.0,-21.95404354627941,0.0
1.72,0.0,-10.243999674509713,0.0,0.0,-19.596054430261525,0.0
1.725,0.0,-16.852311809818453,0.0,0.0,-17.240567539406054,0.0
1.73,0.0,-23.34097766392655,0.0,0.0,-14.904544477856003,0.0
1.735,0.0,-29.656210386155248,0.0,0.0,-12.600998789373772,0.0
1.74,0.0,-35.75590392532721,0.0,0.0,-10.338771605953795,0.0
1.745,0.0,-41.60965640843847,0.0,0.0,-8.122668155188322,0.0
1.75,0.0,-47.19793108695859,0.0,0.0,-5.953892813337364,0.0
1.7550000000000001,0.0,-52.51058647836052,0.0,0.0,-3.8307013006855586,0.0
1.76,0.0,-57.545016240301926,0.0,0.0,-1.7491862576004626,0.0
1.7650000000000001,0.0,-62.30411032516524,0.0,0.0,0.2958773219524433,0.0
1.77,0.0,-66.7941974894125,0.0,0.0,2.310182752463896,0.0
1.7750000000000001,0.0,-71.02306954884797,0.0,0.0,4.2990742858633055,0.0
1.78,0.0,-74.99813040305362,0.0,0.0,6.266778500650478,0.0
1.7850000000000001,0.0,-78.72466396147401,0.0,0.0,8.215685191679682,0.0
1.79,0.0,-82.20417722070394,0.0,0.0,10.145666268933827,0.0
1.795,0.0,-85.4327481425499,0.0,0.0,12.053412809957031,0.0
1.8,0.0,-88.39929219415777,0.0,0.0,13.931765737725321,0.0
1.805,0.0,-91.08365662401043,0.0,0.0,15.769014693666527,0.0
1.81,0.0,-93.45445988482848,0.0,0.0,17.54814331672332,0.0
1.815,0.0,-95.46662033930298,0.0,0.0,19.24600919259459,0.0
1.82,0.0,-97.05857303654797,0.0,0.0,20.832466536567154,0.0
1.825,0.0,-98.14927056214039,0.0,0.0,22.269474256860065,0.0
1.83,0.0,-98.63522318556403,0.0,0.0,23.510287982476104,0.0
1.835,0.0,-98.38807587490001,0.0,0.0,24.49891884261624,0.0
1.84,0.0,-97.25355898884447,0.0,0.0,25.170158261081067,0.0
1.845,0.0,-95.05307284050089,0.0,0.0,25.450611148303715,0.0
1.85,0.0,-91.58960170063703,0.0,0.0,25.261323017389163,0.0
1.855,0.0,-86.65992479056102,0.0,0.0,24.522667281137487,0.0
1.86,0.0,-80.07488738159346,0.0,0.0,23.162067967832364,0.0
1.865,0.0,-71.68838977589046,0.0,0.0,21.124724533740057,0.0
1.87,0.0,-61.43337665218315,0.0,0.0,18.386656419223026,0.0
1.875,0.0,-49.35951432754241,0.0,0.0,14.968121967075678,0.0
1.8800000000000001,0.0,-35.66336208944999,0.0,0.0,10.944123732336124,0.0
1.885,0.0,-20.69966972086011,0.0,0.0,6.447988994730117,0.0
1.8900000000000001,0.0,-4.96434780741409,0.0,0.0,1.6647346125360087,0.0
1.895,0.0,10.95325177934797,0.0,0.0,-3.1865460103418743,0.0
1.9000000000000001,0.0,26.440751014390568,0.0,0.0,-7.878380313048848,0.0
1.905,0.0,40.93902901609356,0.0,0.0,-12.202699675718971,0.0
1.9100000000000001,0.0,54.005129978585785,0.0,0.0,-15.993861809354321,0.0
1.915,0.0,65.34798076184317,0.0,0.0,-19.141972632111564,0.0
1.92,0.0,74.83321921084399,0.0,0.0,-21.59512875645955,0.0
1.925,0.0,82.46292819104806,0.0,0.0,-23.352562751211664,0.0
1.93,0.0,88.34111544048609,0.0,0.0,-24.45248904831253,0.0
1.935,0.0,92.63580011434668,0.0,0.0,-24.958502178618044,0.0
1.94,0.0,95.54541264644911,0.0,0.0,-24.947304107864436,0.0
1.945,0.0,97.27326384756472,0.0,0.0,-24.499161363829877,0.0
1.95,0.0,98.01068092564122,0.0,0.0,-23.691376010368195,0.0
1.955,0.0,97.92757091092929,0.0,0.0,-22.594391178638098,0.0
1.96,0.0,97.16848216064709,0.0,0.0,-21.269889080575183,0.0
1.965,0.0,95.85226831210515,0.0,0.0,-19.77023362940359,0.0
1.97,0.0,94.07382624470202,0.0,0.0,-18.138726057012484,0.0
1.975,0.0,91.90682436519269,0.0,0.0,-16.410290225986408,0.0
1.98,0.0,89.406731353384,0.0,0.0,-14.61233843986259,0.0
1.985,0.0,86.61375496630508,0.0,0.0,-12.76567193384242,0.0
1.99,0.0,83.55550665685355,0.0,0.0,-10.8853422189137,0.0
1.995,0.0,80.24933900613902,0.0,0.0,-8.981445819931041,0.0
2.0,0.0,76.7043804722452,0.0,0.0,-7.059852732260481,0.0
2.005,0.0,72.92333349776327,0.0,0.0,-5.122884176314544,0.0
2.0100000000000002,0.0,68.90412028153486,0.0,0.0,-3.1699623470719747,0.0
2.015,0.0,64.64146341557937,0.0,0.0,-1.1982566140620108,0.0
2.02,0.0,60.128480245789426,0.0,0.0,0.7966515004969272,0.0
2.025,0.0,55.358351727020235,0.0,0.0,2.820067706098671,0.0
2.0300000000000002,0.0,50.32609871571667,0.0,0.0,4.8774406331270495,0.0
2.035,0.0,45.030460793355644,0.0,0.0,6.9735780240512515,0.0
2.04,0.0,39.47582556240482,0.0,0.0,9.111843134639184,0.0
2.045,0.0,33.67410295358179,0.0,0.0,11.2933688440682,0.0
2.05,0.0,27.646385907703284,0.0,0.0,13.516344904350206,0.0
2.055,0.0,21.42419613841157,0.0,0.0,15.775448381498222,0.0
2.06,0.0,15.050094701158653,0.0,0.0,18.061494194055324,0.0
2.065,0.0,8.57745507333454,0.0,0.0,20.36137718155776,0.0
2.07,0.0,2.069260377984647,0.0,0.0,22.658356169688254,0.0
2.075,0.0,-4.404104088305931,0.0,0.0,24.932693977505142,0.0
2.08,0.0,-10.767950034854865,0.0,0.0,27.16261952933389,0.0
2.085,0.0,-16.94701605400479,0.0,0.0,29.325527839628943,0.0
2.09,0.0,-22.869446579350466,0.0,0.0,31.39929190219411,0.0
2.095,0.0,-28.470576576259592,0.0,0.0,33.363538106844395,0.0
2.1,0.0,-33.696094395801005,0.0,0.0,35.200740204543905,0.0
2.105,0.0,-38.504247184099356,0.0,0.0,36.89701588412017,0.0
2.11,0.0,-42.86689991342443,0.0,0.0,38.44255778225972,0.0
2.115,0.0,-46.769426003824506,0.0,0.0,39.83168585222568,0.0
2.12,0.0,-50.209558425654976,0.0,0.0,41.06255839731133,0.0
2.125,0.0,-53.1954378360815,0.0,0.0,42.13661553640569,0.0
2.13,0.0,-55.74314642455205,0.0,0.0,43.057847149664894,0.0
2.1350000000000002,0.0,-57.8740155769583,0.0,0.0,43.831978218843915,0.0
2.14,0.0,-59.611955768253395,0.0,0.0,44.46565228410925,0.0
2.145,0.0,-60.98099624235199,0.0,0.0,44.965674363403444,0.0
2.15,0.0,-62.003156919632346,0.0,0.0,45.338353681925106,0.0
2.1550000000000002,0.0,-62.69671799352422,0.0,0.0,45.588968051247164,0.0
2.16,0.0,-63.07491070588468,0.0,0.0,45.72135801997485,0.0
2.165,0.0,-63.14502774823868,0.0,0.0,45.737650662896144,0.0
2.17,0.0,-62.90794196379517,0.0,0.0,45.638109572325654,0.0
2.1750000000000003,0.0,-62.35802369940332,0.0,0.0,45.42110803452632,0.0
2.18,0.0,-61.48345536365587,0.0,0.0,45.0832249232973,0.0
2.185,0.0,-60.266951137246416,0.0,0.0,44.619465783331776,0.0
2.19,0.0,-58.68689492792992,0.0,0.0,44.02361314319193,0.0
2.195,0.0,-56.71890536518516,0.0,0.0,43.28870860301003,0.0
2.2,0.0,-54.33781841913502,0.0,0.0,42.40766323984243,0.0
2.205,0.0,-51.52004325942745,0.0,0.0,41.37398145737633,0.0
2.21,0.0,-48.24619533611162,0.0,0.0,40.182566640808034,0.0
2.215,0.0,-44.503846887268836,0.0,0.0,38.8305563847742,0.0
2.22,0.0,-40.29016918703912,0.0,0.0,37.31811397148582,0.0
2.225,0.0,-35.61418819317054,0.0,0.0,35.64908624907722,0.0
2.23,0.0,-30.498354205427354,0.0,0.0,33.83143211548778,0.0
2.235,0.0,-24.97915338196101,0.0,0.0,31.8773358585483,0.0
2.24,0.0,-19.106573156702392,0.0,0.0,29.80294834964471,0.0
2.245,0.0,-12.942369675893115,0.0,0.0,27.627744665913152,0.0
2.25,0.0,-6.557252173192644,0.0,0.0,25.373541945924984,0.0
2.255,0.0,-0.027262881150458274,0.0,0.0,23.063274849111,0.0
2.2600000000000002,0.0,6.570245844889497,0.0,0.0,20.719665483313157,0.0
2.265,0.0,13.160582301749987,0.0,0.0,18.363940533294407,0.0
2.27,0.0,19.675207140239323,0.0,0.0,16.014737085676643,0.0
2.275,0.0,26.054417880992823,0.0,0.0,13.687303980484486,0.0
2.2800000000000002,0.0,32.249040587950894,0.0,0.0,11.39305676203356,0.0
2.285,0.0,38.22109440882005,0.0,0.0,9.139493125174821,0.0
2.29,0.0,43.94352381946952,0.0,0.0,6.930432525280111,0.0
2.295,0.0,49.39918041669326,0.0,0.0,4.766514852691485,0.0
2.3000000000000003,0.0,54.57927487849298,0.0,0.0,2.645880628386476,0.0
2.305,0.0,59.481515703174836,0.0,0.0,0.5649570596740467,0.0
2.31,0.0,64.10811677736962,0.0,0.0,-1.4807137217782858,0.0
2.315,0.0,68.46380471339008,0.0,0.0,-3.4956505946638003,0.0
2.32,0.0,72.55390137775925,0.0,0.0,-5.483641332571972,0.0
2.325,0.0,76.38250563030797,0.0,0.0,-7.446993215427916,0.0
2.33,0.0,79.95075579681992,0.0,0.0,-9.385823284731751,0.0
2.335,0.0,83.25512276767965,0.0,0.0,-11.297375051785288,0.0
2.34,0.0,86.28566333137597,0.0,0.0,-13.17534224612063,0.0
2.345,0.0,89.02415483647125,0.0,0.0,-15.009177997672714,0.0
2.35,0.0,91.44203721697644,0.0,0.0,-16.78337028556099,0.0
2.355,0.0,93.49811097583714,0.0,0.0,-18.476673031293956,0.0
2.36,0.0,95.13598759536762,0.0,0.0,-20.061299550424877,0.0
2.365,0.0,96.28137396990782,0.0,0.0,-21.502115309632693,0.0
2.37,0.0,96.8394107421593,0.0,0.0,-22.755915435774497,0.0
2.375,0.0,96.69249312975462,0.0,0.0,-23.770944831191578,0.0
2.38,0.0,95.69929320834322,0.0,0.0,-24.486918329826366,0.0
2.3850000000000002,0.0,93.69606452179615,0.0,0.0,-24.835920554668423,0.0
2.39,0.0,90.50168550493605,0.0,0.0,-24.744688620782505,0.0
2.395,0.0,85.92814688464972,0.0,0.0,-24.138855406014468,0.0
2.4,0.0,79.79805750471188,0.0,0.0,-22.949668464963715,0.0
2.4050000000000002,0.0,71.96988427939648,0.0,0.0,-21.123379855156827,0.0
2.41,0.0,62.36973269782629,0.0,0.0,-18.632817238953987,0.0
2.415,0.0,51.02549620056409,0.0,0.0,-15.489597622425897,0.0
2.42,0.0,38.09581861778614,0.0,0.0,-11.754271163410536,0.0
2.4250000000000003,0.0,23.884069457650746,0.0,0.0,-7.540927057477347,0.0
2.43,0.0,8.82843814128229,0.0,0.0,-3.013154437857426,0.0
2.435,0.0,-6.535467013587673,0.0,0.0,1.629856471054803,0.0
2.44,0.0,-21.63452625233447,0.0,0.0,6.175243913517036,0.0
2.445,0.0,-35.92723018320056,0.0,0.0,10.421682865244048,0.0
2.45,0.0,-48.96506755052396,0.0,0.0,14.201835934890543,0.0
2.455,0.0,-60.432304694087854,0.0,0.0,17.397091638826947,0.0
2.46,0.0,-70.15833033024364,0.0,0.0,19.9424679827814,0.0
2.465,0.0,-78.10549789067927,0.0,0.0,21.82265633927643,0.0
2.47,0.0,-84.34106841949544,0.0,0.0,23.06220874269348,0.0
2.475,0.0,-89.00313673682847,0.0,0.0,23.713363242732328,0.0
2.48,0.0,-92.26838258897983,0.0,0.0,23.844318559690393,0.0
2.485,0.0,-94.32612959052102,0.0,0.0,23.529605348122335,0.0
2.49,0.0,-95.36013704969211,0.0,0.0,22.843125409285186,0.0
2.495,0.0,-95.53753475339424,0.0,0.0,21.853708660593334,0.0
2.5,0.0,-95.00336670864262,0.0,0.0,20.622687921990337,0.0
2.505,0.0,-93.87902778135575,0.0,0.0,19.20291065065895,0.0
2.5100000000000002,0.0,-92.2631034120259,0.0,0.0,17.638673118265935,0.0
2.515,0.0,-90.23349388340488,0.0,0.0,15.966184206953823,0.0
2.52,0.0,-87.8500708636456,0.0,0.0,14.214289567281822,0.0
2.525,0.0,-85.15741124691752,0.0,0.0,12.405288807025006,0.0
2.5300000000000002,0.0,-82.18736843400897,0.0,0.0,10.55575303204066,0.0
2.535,0.0,-78.96138429904892,0.0,0.0,8.677300289301492,0.0
2.54,0.0,-75.49253342547743,0.0,0.0,6.777317879063064,0.0
2.545,0.0,-71.78734117717805,0.0,0.0,4.859638633877884,0.0
2.5500000000000003,0.0,-67.84744145941451,0.0,0.0,2.925187450114671,0.0
2.555,0.0,-63.67114712027691,0.0,0.0,0.9726175602147933,0.0
2.56,0.0,-59.255000822621085,0.0,0.0,-1.0010449971768738,0.0
2.565,0.0,-54.595359296432264,0.0,0.0,-2.9997346579575233,0.0
2.57,0.0,-49.690040063303044,0.0,0.0,-5.0276507778386765,0.0
2.575,0.0,-44.5400274624572,0.0,0.0,-7.088537041692128,0.0
2.58,0.0,-39.151195206416716,0.0,0.0,-9.184952604471672,0.0
2.585,0.0,-33.535958574241896,0.0,0.0,-11.317566371201345,0.0
2.59,0.0,-27.714726080974195,0.0,0.0,-13.48452035984391,0.0
2.595,0.0,-21.716986216042642,0.0,0.0,-15.68091978214484,0.0
2.6,0.0,-15.581849841449285,0.0,0.0,-17.8985128573681,0.0
2.605,0.0,-9.357883280281612,0.0,0.0,-20.125618939005122,0.0
2.61,0.0,-3.102117900390124,0.0,0.0,-22.347346850262138,0.0
2.615,0.0,3.121791026005936,0.0,0.0,-24.546116289960242,0.0
2.62,0.0,9.246170104493547,0.0,0.0,-26.70245696250272,0.0
2.625,0.0,15.202492195491123,0.0,0.0,-28.796019208721315,0.0
2.63,0.0,20.924792484826902,0.0,0.0,-30.80669500354653,0.0
2.6350000000000002,0.0,26.352972543418943,0.0,0.0,-32.71572769454133,0.0
2.64,0.0,31.435632032341417,0.0,0.0,-34.506688362657336,0.0
2.645,0.0,36.1321326913518,0.0,0.0,-36.16621691024986,0.0
2.65,0.0,40.41371165586022,0.0,0.0,-37.68446238763656,0.0
2.6550000000000002,0.0,44.263595580033694,0.0,0.0,-39.055201312499335,0.0
2.66,0.0,47.67619495266699,0.0,0.0,-40.27565532271315,0.0
2.665,0.0,50.65555599884189,0.0,0.0,-41.3460625728318,0.0
2.67,0.0,53.21330295071877,0.0,0.0,-42.26907647117011,0.0
2.6750000000000003,0.0,55.36631541582202,0.0,0.0,-43.04907022896199,0.0
2.68,0.0,57.13436259490341,0.0,0.0,-43.69141895320615,0.0
2.685,0.0,58.53787159788314,0.0,0.0,-44.20181701330947,0.0
2.69,0.0,59.59595487381761,0.0,0.0,-44.585671677054556,0.0
2.695,0.0,60.324772877121,0.0,0.0,-44.847598201655764,0.0
2.7,0.0,60.73626946911148,0.0,0.0,-44.99102899159441,0.0
2.705,0.0,60.83729201730227,0.0,0.0,-45.017941057110214,0.0
2.71,0.0,60.62909524112418,0.0,0.0,-44.92870170558209,0.0
2.715,0.0,60.10722489244595,0.0,0.0,-44.722031322992514,0.0
2.72,0.0,59.26178041663525,0.0,0.0,-44.39508298447813,0.0
2.725,0.0,58.0780602851288,0.0,0.0,-43.94364000397985,0.0
2.73,0.0,56.537595055658336,0.0,0.0,-43.362432879314646,0.0
2.735,0.0,54.61956699285728,0.0,0.0,-42.64557498275609,0.0
2.74,0.0,52.302597643018416,0.0,0.0,-41.7871106197652,0.0
2.745,0.0,49.56685403541245,0.0,0.0,-40.781659077078224,0.0
2.75,0.0,46.3963807037873,0.0,0.0,-39.62512420771084,0.0
2.755,0.0,42.781512674229894,0.0,0.0,-38.31542236039763,0.0
2.7600000000000002,0.0,38.72117245666637,0.0,0.0,-36.85316487308312,0.0
2.765,0.0,34.224814340858366,0.0,0.0,-35.24221900603153,0.0
2.77,0.0,29.313766292373835,0.0,0.0,-33.490067782592256,0.0
2.775,0.0,24.021746022669877,0.0,0.0,-31.607898788522245,0.0
2.7800000000000002,0.0,18.39439936528511,0.0,0.0,-29.610376400670823,0.0
2.785,0.0,12.487821208208645,0.0,0.0,-27.515089454907063,0.0
2.79,0.0,6.366154988938634,0.0,0.0,-25.341711278932713,0.0
2.795,0.0,0.09849973940740364,0.0,0.0,-23.11095247873926,0.0
2.8000000000000003,0.0,-6.244545209723774,0.0,0.0,-20.843419256138517,0.0
2.805,0.0,-12.59432143484062,0.0,0.0,-18.558503865657027,0.0
2.81,0.0,-18.887180036941196,0.0,0.0,-16.273426165178538,0.0
2.815,0.0,-25.06689451428668,0.0,0.0,-14.002518588912551,0.0
2.82,0.0,-31.086247188079337,0.0,0.0,-11.756808223727017,0.0
2.825,0.0,-36.90774135567125,0.0,0.0,-9.543907996058664,0.0
2.83,0.0,-42.50349972208825,0.0,0.0,-7.3681925829590575,0.0
2.835,0.0,-47.854486547156036,0.0,0.0,-5.231209124955874,0.0
2.84,0.0,-52.94922974687686,0.0,0.0,-3.1322602023848987,0.0
2.845,0.0,-57.782222581308076,0.0,0.0,-1.0690958005057958,0.0
2.85,0.0,-62.35216118612331,0.0,0.0,0.9613408737048212,0.0
2.855,0.0,-66.66013487670908,0.0,0.0,2.9621555389036587,0.0
2.86,0.0,-70.70784088062945,0.0,0.0,4.935759637535776,0.0
2.865,0.0,-74.49585150454688,0.0,0.0,6.883154058738022,0.0
2.87,0.0,-78.02192449162808,0.0,0.0,8.803239934078837,0.0
2.875,0.0,-81.27931900731542,0.0,0.0,10.692147631434882,0.0
2.88,0.0,-84.25506161060139,0.0,0.0,12.542569570258564,0.0
2.8850000000000002,0.0,-86.92809997529578,0.0,0.0,14.343080923538874,0.0
2.89,0.0,-89.26728937301068,0.0,0.0,16.077435480927903,0.0
2.895,0.0,-91.22918252926466,0.0,0.0,17.723833500719167,0.0
2.9,0.0,-92.7556449501019,0.0,0.0,19.254176881503312,0.0
2.9050000000000002,0.0,-93.77140611842162,0.0,0.0,20.63335816372039,0.0
2.91,0.0,-94.18179560272166,0.0,0.0,21.818678239352447,0.0
2.915,0.0,-93.87111492100739,0.0,0.0,22.759557281260186,0.0
2.92,0.0,-92.7023651196389,0.0,0.0,23.39779511100999,0.0
2.9250000000000003,0.0,-90.51936682786078,0.0,0.0,23.66874325785019,0.0
2.93,0.0,-87.15260697168182,0.0,0.0,23.503846900937937,0.0
2.935,0.0,-82.43028189481362,0.0,0.0,22.83505024509067,0.0
2.94,0.0,-76.19574675532978,0.0,0.0,21.60145231760453,0.0
2.945,0.0,-68.3316333986443,0.0,0.0,19.75825167565816,0.0
2.95,0.0,-58.78904162370483,0.0,0.0,17.287355148180957,0.0
2.955,0.0,-47.6175404313376,0.0,0.0,14.208088422701852,0.0
2.96,0.0,-34.988945061887236,0.0,0.0,10.585488632687039,0.0
2.965,0.0,-21.206357591250168,0.0,0.0,6.533170445713758,0.0
2.97,0.0,-6.691381705263822,0.0,0.0,2.2082943761241953,0.0
2.975,0.0,8.052522270583529,0.0,0.0,-2.202025753628197,0.0
2.98,0.0,22.495124537650717,0.0,0.0,-6.500902722313906,0.0
2.985,0.0,36.140871183404414,0.0,0.0,-10.504121427708974,0.0
2.99,0.0,48.58215740712025,0.0,0.0,-14.059668288496443,0.0
2.995,0.0,59.53302685045604,0.0,0.0,-17.060263565648345,0.0
3.0,0.0,68.83887491436367,0.0,0.0,-19.447275685182788,0.0
3.005,0.0,76.46502571818917,0.0,0.0,-21.206979066399015,0.0
3.0100000000000002,0.0,82.47166240132279,0.0,0.0,-22.361769740922252,0.0
3.015,0.0,86.98356777225054,0.0,0.0,-22.959333128904607,0.0
3.02,0.0,90.1613928584787,0.0,0.0,-23.062175824317457,0.0
3.025,0.0,92.17834663156755,0.0,0.0,-22.738954337715278,0.0
3.0300000000000002,0.0,93.20361056659253,0.0,0.0,-22.058122118477165,0.0
3.035,0.0,93.3920448995716,0.0,0.0,-21.08379407972015,0.0
3.04,0.0,92.87890973474616,0.0,0.0,-19.87341564179956,0.0
3.045,0.0,91.77813088851192,0.0,0.0,-18.47674044411162,0.0
3.0500000000000003,0.0,90.18280786730786,0.0,0.0,-16.935667963206903,0.0
3.055,0.0,88.16696734093205,0.0,0.0,-15.284591725967498,0.0
3.06,0.0,85.7878784417604,0.0,0.0,-13.55101391120685,0.0
3.065,0.0,83.0885067803143,0.0,0.0,-11.756271136709312,0.0
3.0700000000000003,0.0,80.09987681412186,0.0,0.0,-9.916282886081081,0.0
3.075,0.0,76.84324314078646,0.0,0.0,-8.04227982350473,0.0
3.08,0.0,73.33205373121795,0.0,0.0,-6.141498453916913,0.0
3.085,0.0,69.57373552444636,0.0,0.0,-4.21784571286504,0.0
3.09,0.0,65.5713558698794,0.0,0.0,-2.272545767965278,0.0
3.095,0.0,61.32521938073504,0.0,0.0,-0.30478412815334455,0.0
3.1,0.0,56.834453304548674,0.0,0.0,1.6876373571960457,0.0
3.105,0.0,52.09861791067037,0.0,0.0,3.7076260349388663,0.0
3.11,0.0,47.11935294347454,0.0,0.0,5.75810400503821,0.0
3.115,0.0,41.90203813915386,0.0,0.0,7.841303890504679,0.0
3.12,0.0,36.45740735518607,0.0,0.0,9.958077660892945,0.0
3.125,0.0,30.80301604181095,0.0,0.0,12.107254612624134,0.0
3.13,0.0,24.96442692473753,0.0,0.0,14.285096375206109,0.0
3.1350000000000002,0.0,18.97595725207988,0.0,0.0,16.484904251848153,0.0
3.14,0.0,12.880831935968043,0.0,0.0,18.69683419233482,0.0
3.145,0.0,6.730617909504852,0.0,0.0,20.907964619775612,0.0
3.15,0.0,0.5838788115770908,0.0,0.0,23.102641132921875,0.0
3.1550000000000002,0.0,-5.495919053721973,0.0,0.0,25.263091248583038,0.0
3.16,0.0,-11.44311213503024,0.0,0.0,27.370266248216524,0.0
3.165,0.0,-17.19291863883436,0.0,0.0,29.404832684795448,0.0
3.17,0.0,-22.684581677203717,0.0,0.0,31.348210879606043,0.0
3.1750000000000003,0.0,-27.864242727377373,0.0,0.0,33.18354811011192,0.0
3.18,0.0,-32.687242429387815,0.0,0.0,34.896523018801425,0.0
3.185,0.0,-37.119626251051685,0.0,0.0,36.47590339292855,0.0
3.19,0.0,-41.13874501606099,0.0,0.0,37.91381613435341,0.0
3.1950000000000003,0.0,-44.73296047324222,0.0,0.0,39.20572794922753,0.0
3.2,0.0,-47.90057046151716,0.0,0.0,40.35017018694895,0.0
3.205,0.0,-50.64814021508094,0.0,0.0,41.34826573671495,0.0
3.21,0.0,-52.98845942152327,0.0,0.0,42.20312764370438,0.0
3.215,0.0,-54.93834184057173,0.0,0.0,42.91919901471259,0.0
3.22,0.0,-56.51645520464614,0.0,0.0,43.50159492081492,0.0
3.225,0.0,-57.741325919696585,0.0,0.0,43.95549333742854,0.0
3.23,0.0,-58.62961706962755,0.0,0.0,44.28560740440917,0.0
3.235,0.0,-59.19473773131292,0.0,0.0,44.49575819760745,0.0
3.24,0.0,-59.44581127849241,0.0,0.0,44.58855733410607,0.0
3.245,0.0,-59.38701146903464,0.0,0.0,44.56520253528991,0.0
3.25,0.0,-59.0172663935842,0.0,0.0,44.425386352531916,0.0
3.255,0.0,-58.33032888063603,0.0,0.0,44.16731767992214,0.0
3.2600000000000002,0.0,-57.31521386147001,0.0,0.0,43.78785619650774,0.0
3.265,0.0,-55.95700429847862,0.0,0.0,43.28276013761124,0.0
3.27,0.0,-54.238023451990415,0.0,0.0,42.64704645795385,0.0
3.275,0.0,-52.13935892820601,0.0,0.0,41.875458366185185,0.0
3.2800000000000002,0.0,-49.64270070573901,0.0,0.0,40.9630276147909,0.0
3.285,0.0,-46.73242076025275,0.0,0.0,39.90570771106905,0.0
3.29,0.0,-43.397778472195846,0.0,0.0,38.70104021651161,0.0
3.295,0.0,-39.63508977062154,0.0,0.0,37.348801539451344,0.0
3.3000000000000003,0.0,-35.449658564007265,0.0,0.0,35.85156527547856,0.0
3.305,0.0,-30.857248419213672,0.0,0.0,34.215109137766476,0.0
3.31,0.0,-25.884882349660195,0.0,0.0,32.44859963374278,0.0
3.315,0.0,-20.570806556556597,0.0,0.0,30.564504286403324,0.0
3.3200000000000003,0.0,-14.963539715589622,0.0,0.0,28.578210126129438,0.0
3.325,0.0,-9.120042436961823,0.0,0.0,26.507364786414605,0.0
3.33,0.0,-3.1031620425413733,0.0,0.0,24.370996164768723,0.0
3.335,0.0,3.0213889009109853,0.0,0.0,22.188500046604016,0.0
3.34,0.0,9.188198427691479,0.0,0.0,19.97860489325709,0.0
3.345,0.0,15.335133598373945,0.0,0.0,17.758424801180126,0.0
3.35,0.0,21.405843653462817,0.0,0.0,15.54269552291385,0.0
3.355,0.0,27.351585329544022,0.0,0.0,13.34325877335267,0.0
3.36,0.0,33.13227340679568,0.0,0.0,11.168823951357643,0.0
3.365,0.0,38.71676280236785,0.0,0.0,9.025001512249004,0.0
3.37,0.0,44.08245106824755,0.0,0.0,6.9145745980422335,0.0
3.375,0.0,49.21434176086807,0.0,0.0,4.837958482212126,0.0
3.38,0.0,54.103728169322785,0.0,0.0,2.7937913380730626,0.0
3.3850000000000002,0.0,58.7466482856137,0.0,0.0,0.7796030153676039,0.0
3.39,0.0,63.14223417896682,0.0,0.0,-1.2074820232968078,0.0
3.395,0.0,67.29104121553374,0.0,0.0,-3.1700387937654195,0.0
3.4,0.0,71.19340257840616,0.0,0.0,-5.109650841096343,0.0
3.4050000000000002,0.0,74.84781777057985,0.0,0.0,-7.026240149417289,0.0
3.41,0.0,78.24935352242618,0.0,0.0,-8.917414079636092,0.0
3.415,0.0,81.38801355909217,0.0,0.0,-10.777818647831577,0.0
3.42,0.0,84.24702123684287,0.0,0.0,-12.598483878769871,0.0
3.4250000000000003,0.0,86.80095783274139,0.0,0.0,-14.36614725588213,0.0
3.43,0.0,89.01371246533611,0.0,0.0,-16.062546558816837,0.0
3.435,0.0,90.8362328542854,0.0,0.0,-17.66368558665811,0.0
3.44,0.0,92.20412812468412,0.0,0.0,-19.139098411855976,0.0
3.4450000000000003,0.0,93.03527751230817,0.0,0.0,-20.45117391962377,0.0
3.45,0.0,93.22775568760308,0.0,0.0,-21.554656926845496,0.0
3.455,0.0,92.65860713829012,0.0,0.0,-22.396518388621264,0.0
3.46,0.0,91.18428638780868,0.0,0.0,-22.916483582049608,0.0
3.465,0.0,88.64389492852544,0.0,0.0,-23.048611295623267,0.0
3.47,0.0,84.86660074957146,0.0,0.0,-22.724396968492933,0.0
3.475,0.0,79.68465173690939,0.0,0.0,-21.877868393391473,0.0
3.48,0.0,72.9529343187913,0.0,0.0,-20.452965474831167,0.0
3.485,0.0,64.57480207610139,0.0,0.0,-18.41305015288666,0.0
3.49,0.0,54.53176601866871,0.0,0.0,-15.751635420518957,0.0
3.495,0.0,42.911874190290206,0.0,0.0,-12.502456111386275,0.0
3.5,0.0,29.92914907900417,0.0,0.0,-8.746160751594797,0.0
3.505,0.0,15.925816056988028,0.0,0.0,-4.610713779497662,0.0
3.5100000000000002,0.0,1.3516606381953038,0.0,0.0,-0.2635485527549955,0.0
3.515,0.0,-13.27915445377249,0.0,0.0,4.104355140564552,0.0
3.52,0.0,-27.446032600130124,0.0,0.0,8.299664188903263,0.0
3.525,0.0,-40.68140097783649,0.0,0.0,12.148426416428599,0.0
3.5300000000000002,0.0,-52.61785422319687,0.0,0.0,15.513411455870532,0.0
3.535,0.0,-63.0137800836637,0.0,0.0,18.303750886810967,0.0
3.54,0.0,-71.75560050208732,0.0,0.0,20.476159475046067,0.0
3.545,0.0,-78.84128723201063,0.0,0.0,22.029337026862176,0.0
3.5500000000000003,0.0,-84.35317284426228,0.0,0.0,22.9943668048748,0.0
3.555,0.0,-88.42802505768836,0.0,0.0,23.423942891353896,0.0
3.56,0.0,-91.23013740591773,0.0,0.0,23.382504721269747,0.0
3.565,0.0,-92.93038844698269,0.0,0.0,22.938381235200254,0.0
3.5700000000000003,0.0,-93.69191583145613,0.0,0.0,22.158231481085608,0.0
3.575,0.0,-93.66163868255859,0.0,0.0,21.10355862423367,0.0
3.58,0.0,-92.96626406269003,0.0,0.0,19.828848685491955,0.0
3.585,0.0,-91.71136105059365,0.0,0.0,18.380853057175216,0.0
3.59,0.0,-89.98231024705274,0.0,0.0,16.798602175633647,0.0
3.595,0.0,-87.84624809846332,0.0,0.0,15.113840275158417,0.0
3.6,0.0,-85.35442026895868,0.0,0.0,13.351670693545195,0.0
3.605,0.0,-82.54459417110789,0.0,0.0,11.531282034764379,0.0
3.61,0.0,-79.44335078395466,0.0,0.0,9.666684436269414,0.0
3.615,0.0,-76.0681890113953,0.0,0.0,7.767424846732856,0.0
3.62,0.0,-72.42944546000469,0.0,0.0,5.839274969030818,0.0
3.625,0.0,-68.5320709653019,0.0,0.0,3.884899516632789,0.0
3.63,0.0,-64.37732174348507,0.0,0.0,1.9045188510962179,0.0
3.6350000000000002,0.0,-59.96442374378288,0.0,0.0,-0.10341898392844495,0.0
3.64,0.0,-55.292257076938064,0.0,0.0,-2.1415451334431737,0.0
3.645,0.0,-50.36108509454421,0.0,0.0,-4.212850966476798,0.0
3.65,0.0,-45.17432101280693,0.0,0.0,-6.31994873446118,0.0
3.6550000000000002,0.0,-39.740285692376325,0.0,0.0,-8.464330178568476,0.0
3.66,0.0,-34.07386672023817,0.0,0.0,-10.645655834884822,0.0
3.665,0.0,-28.19794714268367,0.0,0.0,-12.861121825261826,0.0
3.67,0.0,-22.144440518800483,0.0,0.0,-15.104961742470303,0.0
3.6750000000000003,0.0,-15.9547575657949,0.0,0.0,-17.36814539406491,0.0
3.68,0.0,-9.679548257152705,0.0,0.0,-19.63833032289918,0.0
3.685,0.0,-3.3776177816084854,0.0,0.0,-21.900104049769364,0.0
3.69,0.0,2.8859960342442568,0.0,0.0,-24.1355251806631,0.0
3.6950000000000003,0.0,9.04268333576067,0.0,0.0,-26.324933422208744,0.0
3.7,0.0,15.023443937609791,0.0,0.0,-28.447958828909805,0.0
3.705,0.0,20.762278554159746,0.0,0.0,-30.484627764597004,0.0
3.71,0.0,26.199428829063486,0.0,0.0,-32.41644510039639,0.0
3.715,0.0,31.28411588029911,0.0,0.0,-34.227334029240374,0.0
3.72,0.0,35.97649678236059,0.0,0.0,-35.90433665372344,0.0
3.725,0.0,40.248672080155686,0.0,0.0,-37.43801529877416,0.0
3.73,0.0,44.084709671188186,0.0,0.0,-38.8225379681677,0.0
3.735,0.0,47.47977365079438,0.0,0.0,-40.05547234749638,0.0
3.74,0.0,50.43853913889633,0.0,0.0,-41.13734391250492,0.0
3.745,0.0,52.97312446096484,0.0,0.0,-42.07103116498819,0.0
3.75,0.0,55.100780500449545,0.0,0.0,-42.8610746953302,0.0
3.755,0.0,56.841552435672426,0.0,0.0,-43.51296947441696,0.0
3.7600000000000002,0.0,58.21608459525828,0.0,0.0,-44.03249578742415,0.0
3.765,0.0,59.243688070438246,0.0,0.0,-44.425127883410724,0.0
3.77,0.0,59.940743462197254,0.0,0.0,-44.695544176017975,0.0
3.775,0.0,60.319474128521314,0.0,0.0,-44.84725082472276,0.0
3.7800000000000002,0.0,60.38710099902072,0.0,0.0,-44.882322592850265,0.0
3.785,0.0,60.145377798016554,0.0,0.0,-44.80126083446563,0.0
3.79,0.0,59.59050264445192,0.0,0.0,-44.60296743893985,0.0
3.795,0.0,58.713404580808486,0.0,0.0,-44.28483430096699,0.0
3.8000000000000003,0.0,57.500407194155976,0.0,0.0,-43.84294895002036,0.0
3.805,0.0,55.93427162249074,0.0,0.0,-43.272416905684736,0.0
3.81,0.0,53.99561371589077,0.0,0.0,-42.56779877478672,0.0
3.815,0.0,51.664671649673764,0.0,0.0,-41.723654015127714,0.0
3.8200000000000003,0.0,48.92336922733732,0.0,0.0,-40.73517314978223,0.0
3.825,0.0,45.757577468173295,0.0,0.0,-39.59886638800046,0.0
3.83,0.0,42.15942744997934,0.0,0.0,-38.31326063925247,0.0
3.835,0.0,38.12947944110645,0.0,0.0,-36.8795416713645,0.0
3.84,0.0,33.678519241413106,0.0,0.0,-35.302067657064256,0.0
3.845,0.0,28.82874580264268,0.0,0.0,-33.58867896778589,0.0
3.85,0.0,23.61414567372735,0.0,0.0,-31.75074036997497,0.0
3.855,0.0,18.079923846288725,0.0,0.0,-29.802877021105783,0.0
3.86,0.0,12.28097097792525,0.0,0.0,-27.762402649252056,0.0
3.865,0.0,6.279476316837117,0.0,0.0,-25.648481122866276,0.0
3.87,0.0,0.141918413650314,0.0,0.0,-23.48110274279346,0.0
3.875,0.0,-6.064244977265667,0.0,0.0,-21.2799851308527,0.0
3.88,0.0,-12.273830559431046,0.0,0.0,-19.063519029573534,0.0
3.8850000000000002,0.0,-18.42679392423079,0.0,0.0,-16.847869602576658,0.0
3.89,0.0,-24.470448438937844,0.0,0.0,-14.646316909562335,0.0
3.895,0.0,-30.360890701321033,0.0,0.0,-12.468881997480231,0.0
3.9,0.0,-36.06359992800459,0.0,0.0,-10.322245957892283,0.0
3.9050000000000002,0.0,-41.5532781108313,0.0,0.0,-8.209935892636045,0.0
3.91,0.0,-46.81306662802979,0.0,0.0,-6.132728865979463,0.0
3.915,0.0,-51.833308087288216,0.0,0.0,-4.089214188791321,0.0
3.92,0.0,-56.610022702059254,0.0,0.0,-2.07645457378454,0.0
3.9250000000000003,0.0,-61.143244822413614,0.0,0.0,-0.09069491359666859,0.0
3.93,0.0,-65.43532741389728,0.0,0.0,1.8719197682240987,0.0
3.935,0.0,-69.4892793946949,0.0,0.0,3.8146413286997287,0.0
3.94,0.0,-73.30715952354483,0.0,0.0,5.739441025993747,0.0
3.9450000000000003,0.0,-76.88851506911693,0.0,0.0,7.646356574696444,0.0
3.95,0.0,-80.22882577553685,0.0,0.0,9.532853942022358,0.0
3.955,0.0,-83.3178944872423,0.0,0.0,11.393188224870691,0.0
3.96,0.0,-86.13811591889844,0.0,0.0,13.217745271691586,0.0
3.9650000000000003,0.0,-88.66255611718442,0.0,0.0,14.992346815323705,0.0
3.97,0.0,-90.85279081723311,0.0,0.0,16.697508053480412,0.0
3.975,0.0,-92.65648778250718,0.0,0.0,18.3076501700288,0.0
3.98,0.0,-94.00478673682848,0.0,0.0,19.79029482140963,0.0
3.985,0.0,-94.80964495081692,0.0,0.0,21.10530797237324,0.0
3.99,0.0,-94.96149353721404,0.0,0.0,22.204322147733023,0.0
3.995,0.0,-94.32780270342239,0.0,0.0,23.030553395069344,0.0
4.0,0.0,-92.75348252168001,0.0,0.0,23.519340802019354,0.0
4.005,0.0,-90.06441196942282,0.0,0.0,23.599858170703726,0.0
4.01,0.0,-86.07568841580886,0.0,0.0,23.198541757339388,0.0
4.015,0.0,-80.60621832436803,0.0,0.0,22.24477302164504,0.0
4.0200000000000005,0.0,-73.50071955911011,0.0,0.0,20.679144427742372,0.0
4.025,0.0,-64.65873898664475,0.0,0.0,18.464105128774847,0.0
4.03,0.0,-54.06775120300969,0.0,0.0,15.59588402565868,0.0
4.035,0.0,-41.83416422341634,0.0,0.0,12.115456747126466,0.0
4.04,0.0,-28.203300262092306,0.0,0.0,8.115379629900783,0.0
4.045,0.0,-13.559000815700454,0.0,0.0,3.739205092725375,0.0
4.05,0.0,1.6029665283553287,0.0,0.0,-0.8285283999407409,0.0
4.055,0.0,16.726138966792128,0.0,0.0,-5.381117300164158,0.0
4.0600000000000005,0.0,31.259075805980974,0.0,0.0,-9.713680609155146,0.0
4.065,0.0,44.71981903663366,0.0,0.0,-13.646702977636311,0.0
4.07,0.0,56.74385530406263,0.0,0.0,-17.043697518381176,0.0
4.075,0.0,67.106645009608,0.0,0.0,-19.81977060918495,0.0
4.08,0.0,75.72044763191724,0.0,0.0,-21.94092795347411,0.0
4.085,0.0,82.61207586650599,0.0,0.0,-23.41641646150628,0.0
4.09,0.0,87.89108669443313,0.0,0.0,-24.287447452679828,0.0
4.095,0.0,91.71701862702707,0.0,0.0,-24.615368832985144,0.0
4.1,0.0,94.27134600091209,0.0,0.0,-24.47134500783738,0.0
4.105,0.0,95.7366354339381,0.0,0.0,-23.92848924789398,0.0
4.11,0.0,96.28300955574238,0.0,0.0,-23.056547895636264,0.0
4.115,0.0,96.06071454476978,0.0,0.0,-21.918759625580613,0.0
4.12,0.0,95.19714864279153,0.0,0.0,-20.570341263018253,0.0
4.125,0.0,93.79679626407601,0.0,0.0,-19.0580679033865,0.0
4.13,0.0,91.94283235970086,0.0,0.0,-17.420517187630224,0.0
4.135,0.0,89.69952701425173,0.0,0.0,-15.688669485461972,0.0
4.14,0.0,87.11489876705616,0.0,0.0,-13.886664127266155,0.0
4.1450000000000005,0.0,84.22330693617572,0.0,0.0,-12.032595183725148,0.0
4.15,0.0,81.04784049996204,0.0,0.0,-10.139288597963363,0.0
4.155,0.0,77.6024684131871,0.0,0.0,-8.215040308574842,0.0
4.16,0.0,73.89397988501686,0.0,0.0,-6.264317779998354,0.0
4.165,0.0,69.92377658990037,0.0,0.0,-4.288439666243958,0.0
4.17,0.0,65.68959142655723,0.0,0.0,-2.286253430929105,0.0
4.175,0.0,61.18720592018985,0.0,0.0,-0.2548306079833971,0.0
4.18,0.0,56.41222343682915,0.0,0.0,1.8098050079353145,0.0
4.1850000000000005,0.0,51.361929049491614,0.0,0.0,3.9119092511182485,0.0
4.19,0.0,46.03722966230242,0.0,0.0,6.055214614965375,0.0
4.195,0.0,40.444621208021005,0.0,0.0,8.242112870699003,0.0
4.2,0.0,34.59807693669865,0.0,0.0,10.472861300972626,0.0
4.205,0.0,28.52069884060102,0.0,0.0,12.7448680857021,0.0
4.21,0.0,22.245933545598362,0.0,0.0,15.052126326217142,0.0
4.215,0.0,15.81813754729118,0.0,0.0,17.38487217650417,0.0
4.22,0.0,9.292297275228226,0.0,0.0,19.729536178658538,0.0
4.225,0.0,2.732775349511531,0.0,0.0,22.06903526888776,0.0
4.23,0.0,-3.7889356387192725,0.0,0.0,24.383416251852324,0.0
4.235,0.0,-10.19733032901723,0.0,0.0,26.650814325431412,0.0
4.24,0.0,-16.416613040538373,0.0,0.0,28.848641123471953,0.0
4.245,0.0,-22.374644291731773,0.0,0.0,30.95487674727005,0.0
4.25,0.0,-28.006673712797944,0.0,0.0,32.94931959689152,0.0
4.255,0.0,-33.25844128276608,0.0,0.0,34.81465246947373,0.0
4.26,0.0,-38.088322164191496,0.0,0.0,36.537212845810394,0.0
4.265,0.0,-42.4683357856632,0.0,0.0,38.10740253691589,0.0
4.2700000000000005,0.0,-46.38400338989148,0.0,0.0,39.51972575965874,0.0
4.275,0.0,-49.83318500267451,0.0,0.0,40.77249359694471,0.0
4.28,0.0,-52.824130648319986,0.0,0.0,41.867267905962805,0.0
4.285,0.0,-55.3730302230811,0.0,0.0,42.80813510675918,0.0
4.29,0.0,-57.50134489143646,0.0,0.0,43.60090078571911,0.0
4.295,0.0,-59.233163535838244,0.0,0.0,44.25228397082586,0.0
4.3,0.0,-60.59276815455672,0.0,0.0,44.76917098380941,0.0
4.305,0.0,-61.602528494706974,0.0,0.0,45.15796831703282,0.0
4.3100000000000005,0.0,-62.28119059195854,0.0,0.0,45.424075977236406,0.0
4.315,0.0,-62.64258286378685,0.0,0.0,45.57148938696548,0.0
4.32,0.0,-62.69473878661468,0.0,0.0,45.60252986889813,0.0
4.325,0.0,-62.43942532902498,0.0,0.0,45.51770044613304,0.0
4.33,0.0,-61.87206746025449,0.0,0.0,45.3156639645239,0.0
4.335,0.0,-60.98206639184119,0.0,0.0,44.99334282083863,0.0
4.34,0.0,-59.75351751279568,0.0,0.0,44.546142164175315,0.0
4.345,0.0,-58.16633797760948,0.0,0.0,43.96829961588965,0.0
4.3500000000000005,0.0,-56.19780862390087,0.0,0.0,43.25336271063276,0.0
4.355,0.0,-53.82451616721691,0.0,0.0,42.39478905449662,0.0
4.36,0.0,-51.02464697776789,0.0,0.0,41.38665284638863,0.0
4.365,0.0,-47.780533672328474,0.0,0.0,40.22442511258612,0.0
4.37,0.0,-44.081295050611004,0.0,0.0,38.905775379882,0.0
4.375,0.0,-39.92534857139539,0.0,0.0,37.43132288517298,0.0
4.38,0.0,-35.32252742840436,0.0,0.0,35.805250683120846,0.0
4.385,0.0,-30.295518608001252,0.0,0.0,34.03569182499838,0.0
4.39,0.0,-24.88036918523404,0.0,0.0,32.13480802951563,0.0
4.3950000000000005,0.0,-19.125892570675592,0.0,0.0,30.118510119366423,0.0
4.4,0.0,-13.091938291822261,0.0,0.0,28.00581372721837,0.0
4.405,0.0,-6.846647124488397,0.0,0.0,25.817876235289646,0.0
4.41,0.0,-0.4629656954264605,0.0,0.0,23.576810800915123,0.0
4.415,0.0,5.985193696486921,0.0,0.0,21.304409125947824,0.0
4.42,0.0,12.4267175981742,0.0,0.0,19.02091778489468,0.0
4.425,0.0,18.796581099671197,0.0,0.0,16.74400067800535,0.0
4.43,0.0,25.038360003476576,0.0,0.0,14.487986392926084,0.0
4.4350000000000005,0.0,31.10579814775854,0.0,0.0,12.263452900396533,0.0
4.44,0.0,36.96340450020259,0.0,0.0,10.077153984158818,0.0
4.445,0.0,42.58617453767463,0.0,0.0,7.932251634081928,0.0
4.45,0.0,47.95861039821931,0.0,0.0,5.8287921733494015,0.0
4.455,0.0,53.073249191731705,0.0,0.0,3.764352698534122,0.0
4.46,0.0,57.9289040857209,0.0,0.0,1.7347865132077755,0.0
4.465,0.0,62.5287898265127,0.0,0.0,-0.2649923398763283,0.0
4.47,0.0,66.87865618722125,0.0,0.0,-2.2402290141093824,0.0
4.4750000000000005,0.0,70.98500060320245,0.0,0.0,-4.1955783515471,0.0
4.48,0.0,74.8533827130977,0.0,0.0,-6.134395976807427,0.0
4.485,0.0,78.4868229128812,0.0,0.0,-8.058066803734642,0.0
4.49,0.0,81.8842359070187,0.0,0.0,-9.965357822791733,0.0
4.495,0.0,85.03882868465158,0.0,0.0,-11.851775377037551,0.0
4.5,0.0,87.93638023457797,0.0,0.0,-13.708903708476637,0.0
4.505,0.0,90.55331850980411,0.0,0.0,-15.523701684279592,0.0
4.51,0.0,92.85452166239413,0.0,0.0,-17.27773937028011,0.0
4.515,0.0,94.79080165374079,0.0,0.0,-18.94636771651261,0.0
4.5200000000000005,0.0,96.29608958861587,0.0,0.0,-20.49783673895284,0.0
4.525,0.0,97.28444907803357,0.0,0.0,-21.892415554121484,0.0
4.53,0.0,97.64721640944289,0.0,0.0,-23.081628100909597,0.0
4.535,0.0,97.25082430335672,0.0,0.0,-24.00780783334355,0.0
4.54,0.0,95.93621914977777,0.0,0.0,-24.60429556959256,0.0
4.545,0.0,93.52120757728015,0.0,0.0,-24.79674803448154,0.0
4.55,0.0,89.80747794334917,0.0,0.0,-24.506157934205753,0.0
4.555,0.0,84.59423690164175,0.0,0.0,-23.65423915924053,0.0
4.5600000000000005,0.0,77.70004589872222,0.0,0.0,-22.171686411533003,0.0
4.565,0.0,68.99311506278171,0.0,0.0,-20.00933279244895,0.0
4.57,0.0,58.4277043813915,0.0,0.0,-17.151300589456277,0.0
4.575,0.0,46.08059055969771,0.0,0.0,-13.627947166036815,0.0
4.58,0.0,32.17791570021173,0.0,0.0,-9.525152877173534,0.0
4.585,0.0,17.10125392396716,0.0,0.0,-4.986020054372275,0.0
4.59,0.0,1.3646334465952143,0.0,0.0,-0.20211731815995693,0.0
4.595,0.0,-14.437897673534382,0.0,0.0,4.6058050925004,0.0
4.6000000000000005,0.0,-29.704299859176537,0.0,0.0,9.214080076344157,0.0
4.605,0.0,-43.89858014797747,0.0,0.0,13.423105445222589,0.0
4.61,0.0,-56.60843159662703,0.0,0.0,17.07848979171159,0.0
4.615,0.0,-67.57462484316294,0.0,0.0,20.082113413270424,0.0
4.62,0.0,-76.69049174116624,0.0,0.0,22.39244463934997,0.0
4.625,0.0,-83.9785082739681,0.0,0.0,24.016526327994804,0.0
4.63,0.0,-89.5549520860305,0.0,0.0,24.997486307308172,0.0
4.635,0.0,-93.59288035065967,0.0,0.0,25.40121400562862,0.0
4.64,0.0,-96.29028308986412,0.0,0.0,25.30468370411075,0.0
4.6450000000000005,0.0,-97.84645783634745,0.0,0.0,24.78707464044539,0.0
4.65,0.0,-98.44677924771723,0.0,0.0,23.923819669741082,0.0
4.655,0.0,-98.25446106587862,0.0,0.0,22.78314189798315,0.0
4.66,0.0,-97.4073866966714,0.0,0.0,21.42443572838848,0.0
4.665,0.0,-96.01819730805009,0.0,0.0,19.8978717239437,0.0
4.67,0.0,-94.17621224108132,0.0,0.0,18.244728548790654,0.0
4.675,0.0,-91.95018952183268,0.0,0.0,16.498100204737554,0.0
4.68,0.0,-89.39130613018004,0.0,0.0,14.683753659986179,0.0
4.6850000000000005,0.0,-86.53601565130363,0.0,0.0,12.821008046953184,0.0
4.69,0.0,-83.40863017275264,0.0,0.0,10.923572745678563,0.0
4.695,0.0,-80.02359275820861,0.0,0.0,9.000323906479268,0.0
4.7,0.0,-76.38747676788329,0.0,0.0,7.05602406246974,0.0
4.705,0.0,-72.50078511186295,0.0,0.0,5.092003045163082,0.0
4.71,0.0,-68.35963756704888,0.0,0.0,3.106824385659788,0.0
4.715,0.0,-63.957434315840835,0.0,0.0,1.0969621410504828,0.0
4.72,0.0,-59.286572071702075,0.0,0.0,-0.9424902214707931,0.0
4.7250000000000005,0.0,-54.34026636293534,0.0,0.0,-3.017064314832247,0.0
4.73,0.0,-49.114499446453365,0.0,0.0,-5.132111060370383,0.0
4.735,0.0,-43.61006785975954,0.0,0.0,-7.291955872990643,0.0
4.74,0.0,-37.83464848027961,0.0,0.0,-9.499044286238261,0.0
4.745,0.0,-31.80474204917807,0.0,0.0,-11.753127579173665,0.0
4.75,0.0,-25.547297562888247,0.0,0.0,-14.050556825474192,0.0
4.755,0.0,-19.100782999277236,0.0,0.0,-16.38376696132775,0.0
4.76,0.0,-12.515462996685804,0.0,0.0,-18.741034700983246,0.0
4.765,0.0,-5.852685960856118,0.0,0.0,-21.10658071451108,0.0
4.7700000000000005,0.0,0.8169222293074596,0.0,0.0,-23.461055179274624,0.0
4.775,0.0,7.416319967669671,0.0,0.0,-25.782398690206293,0.0
4.78,0.0,13.865764436712926,0.0,0.0,-28.04701482001976,0.0
4.785,0.0,20.087022142939542,0.0,0.0,-30.231137892573134,0.0
4.79,0.0,26.007613620465545,0.0,0.0,-32.31224266956021,0.0
4.795,0.0,31.564604014345175,0.0,0.0,-34.27033179983323,0.0
4.8,0.0,36.70751367375156,0.0,0.0,-36.088955748083556,0.0
4.805,0.0,41.40006040095812,0.0,0.0,-37.755864210719835,0.0
4.8100000000000005,0.0,45.620624272030696,0.0,0.0,-39.26324683046043,0.0
4.815,0.0,49.36150538238532,0.0,0.0,-40.60758054941466,0.0
4.82,0.0,52.62718791061578,0.0,0.0,-41.78914895022415,0.0
4.825,0.0,55.43190874706623,0.0,0.0,-42.81132801220341,0.0
4.83,0.0,57.79685173798835,0.0,0.0,-43.67974137148733,0.0
4.835,0.0,59.74726027662433,0.0,0.0,-44.40137987046872,0.0
4.84,0.0,61.30970053749078,0.0,0.0,-44.98376109404157,0.0
4.845,0.0,62.50963521233866,0.0,0.0,-45.434181321488886,0.0
4.8500000000000005,0.0,63.369399416112536,0.0,0.0,-45.759090241633054,0.0
4.855,0.0,63.90661666708949,0.0,0.0,-45.96360127192925,0.0
4.86,0.0,64.13305769095523,0.0,0.0,-46.05113880687493,0.0
4.865,0.0,64.05392780350184,0.0,0.0,-46.023218086113594,0.0
4.87,0.0,63.667566395965395,0.0,0.0,-45.87935253176683,0.0
4.875,0.0,62.96554964971723,0.0,0.0,-45.617085760858636,0.0
4.88,0.0,61.93319947676276,0.0,0.0,-45.23214922256076,0.0
4.885,0.0,60.5505120733857,0.0,0.0,-44.718749671104376,0.0
4.89,0.0,58.79352270035331,0.0,0.0,-44.069991613613944,0.0
4.8950000000000005,0.0,56.636114054180965,0.0,0.0,-43.27843674425539,0.0
4.9,0.0,54.052249598288235,0.0,0.0,-42.3367938148777,0.0
4.905,0.0,51.01856841389238,0.0,0.0,-41.2387177524633,0.0
4.91,0.0,47.51721624573638,0.0,0.0,-39.97967672730285,0.0
4.915,0.0,43.538715612462376,0.0,0.0,-38.55782269904948,0.0
4.92,0.0,39.084609522268565,0.0,0.0,-36.974779161794046,0.0
4.925,0.0,34.169567121176534,0.0,0.0,-35.2362455144504,0.0
4.93,0.0,28.822635755576233,0.0,0.0,-33.35231732199791,0.0
4.9350000000000005,0.0,23.087378137479377,0.0,0.0,-31.33744075889984,0.0
4.94,0.0,17.020749495222255,0.0,0.0,-29.209958850618328,0.0
4.945,0.0,10.690734703542258,0.0,0.0,-26.991262215239253,0.0
4.95,0.0,4.172949235828136,0.0,0.0,-24.704617685392186,0.0
4.955,0.0,-2.45343019518042,0.0,0.0,-22.37380094570034,0.0
4.96,0.0,-9.109938081449894,0.0,0.0,-20.021691346997308,0.0
4.965,0.0,-15.722811890234695,0.0,0.0,-17.668990553720374,0.0
4.97,0.0,-22.226289024806256,0.0,0.0,-15.333201513161942,0.0
4.9750000000000005,0.0,-28.564929340941404,0.0,0.0,-13.027957783026128,0.0
4.98,0.0,-34.69484737622806,0.0,0.0,-10.762737575337779,0.0
4.985,0.0,-40.58389388112363,0.0,0.0,-8.542944582680388,0.0
4.99,0.0,-46.2109445345499,0.0,0.0,-6.370298272743893,0.0
4.995,0.0,-51.56452079039289,0.0,0.0,-4.243454406871543,0.0
5.0,0.0,-56.640984107735136,0.0,0.0,-2.158771701920643,0.0
5.005,0.0,-61.44252107058764,0.0,0.0,-0.11114905987130363,0.0
5.01,0.0,-65.97508824050739,0.0,0.0,1.9051255456067873,0.0
5.015,0.0,-70.24642663555116,0.0,0.0,3.8955535609571967,0.0
5.0200000000000005,0.0,-74.26419766284617,0.0,0.0,5.864651410754908,0.0
5.025,0.0,-78.03424196316367,0.0,0.0,7.815226234596931,0.0
5.03,0.0,-81.55892296974298,0.0,0.0,9.747692070600307,0.0
5.035,0.0,-84.8354885607823,0.0,0.0,11.659407766046423,0.0
5.04,0.0,-87.85436652162679,0.0,0.0,13.544012582259493,0.0
5.045,0.0,-90.59730258049075,0.0,0.0,15.390733814267787,0.0
5.05,0.0,-93.0352552028023,0.0,0.0,17.183643375629007,0.0
5.055,0.0,-95.12598370520959,0.0,0.0,18.900848837999753,0.0
5.0600000000000005,0.0,-96.81131424388413,0.0,0.0,20.513621900735245,0.0
5.065,0.0,-98.0141555249103,0.0,0.0,21.98549842351707,0.0
5.07,0.0,-98.63548143236368,0.0,0.0,23.27143535040694,0.0
5.075,0.0,-98.55172265604237,0.0,0.0,24.31718818231711,0.0
5.08,0.0,-97.61333050397025,0.0,0.0,25.059183210751392,0.0
5.085,0.0,-95.64568843377488,0.0,0.0,25.425298660845904,0.0
5.09,0.0,-92.4539935829987,0.0,0.0,25.337116946453758,0.0
5.095,0.0,-87.83406010254534,0.0,0.0,24.71431215471742,0.0
5.1000000000000005,0.0,-81.59092215526547,0.0,0.0,23.48179232269166,0.0
5.105,0.0,-73.56622390755284,0.0,0.0,21.57988262072795,0.0
5.11,0.0,-63.673269196021174,0.0,0.0,18.977076143556054,0.0
5.115,0.0,-51.93519028956911,0.0,0.0,15.68367614830132,0.0
5.12,0.0,-38.51771097820321,0.0,0.0,11.763270493762455,0.0
5.125,0.0,-23.74523849885732,0.0,0.0,7.3380536744285525,0.0
5.13,0.0,-8.08995556394764,0.0,0.0,2.5843888915554807,0.0
5.135,0.0,7.870277431837605,0.0,0.0,-2.2827997749047686,0.0
5.14,0.0,23.519303162522753,0.0,0.0,-7.034646472931429,0.0
5.1450000000000005,0.0,38.279768573428186,0.0,0.0,-11.456419280765793,0.0
5.15,0.0,51.68039805825336,0.0,0.0,-15.372098742555545,0.0
5.155,0.0,63.397917823212204,0.0,0.0,-18.659919741097386,0.0
5.16,0.0,73.26778441378725,0.0,0.0,-21.2567400473298,0.0
5.165,0.0,81.26795589919523,0.0,0.0,-23.152663662812458,0.0
5.17,0.0,87.48605530796803,0.0,0.0,-24.37953486483955,0.0
5.175,0.0,92.08118661411531,0.0,0.0,-24.997286453970716,0.0
5.18,0.0,95.24890893000433,0.0,0.0,-25.08119505967724,0.0
5.1850000000000005,0.0,97.19388875266604,0.0,0.0,-24.711712357911903,0.0
5.19,0.0,98.11134221597554,0.0,0.0,-23.967339847635674,0.0
5.195,0.0,98.17627160412256,0.0,0.0,-22.920257753975267,0.0
5.2,0.0,97.5386153240475,0.0,0.0,-21.634087086824678,0.0
5.205,0.0,96.32235978038607,0.0,0.0,-20.163120484991573,0.0
5.21,0.0,94.62699240538798,0.0,0.0,-18.55245989788653,0.0
5.215,0.0,92.53012193196754,0.0,0.0,-16.838647300753653,0.0
5.22,0.0,90.09050383662283,0.0,0.0,-15.050514447876314,0.0
5.2250000000000005,0.0,87.35102924320555,0.0,0.0,-13.210088010588924,0.0
5.23,0.0,84.34145968585402,0.0,0.0,-11.333464542340343,0.0
5.235,0.0,81.08083473984648,0.0,0.0,-9.431620685096608,0.0
5.24,0.0,77.57956616808184,0.0,0.0,-7.5111549900383565,0.0
5.245,0.0,73.84127970090894,0.0,0.0,-5.574975052057393,0.0
5.25,0.0,69.8644876325317,0.0,0.0,-3.622952104583428,0.0
5.255,0.0,65.64418087439401,0.0,0.0,-1.6525678703875686,0.0
5.26,0.0,61.17342272106299,0.0,0.0,0.34042298911069846,0.0
5.265,0.0,56.44501023674788,0.0,0.0,2.3612963547257113,0.0
5.2700000000000005,0.0,51.453243012191805,0.0,0.0,4.41561781536144,0.0
5.275,0.0,46.19580269210629,0.0,0.0,6.508459002966292,0.0
5.28,0.0,40.67570051528634,0.0,0.0,8.64358772735617,0.0
5.285,0.0,34.90319664997809,0.0,0.0,10.822666313998996,0.0
5.29,0.0,28.89754018337699,0.0,0.0,13.044511026701397,0.0
5.295,0.0,22.688331996839004,0.0,0.0,15.304481378522151,0.0
5.3,0.0,16.316287465482212,0.0,0.0,17.594077089067202,0.0
5.305,0.0,9.833185850572466,0.0,0.0,19.900817684273903,0.0
5.3100000000000005,0.0,3.3008488921565577,0.0,0.0,22.208461592656114,0.0
5.315,0.0,-3.2109056472265425,0.0,0.0,24.497587254177716,0.0
5.32,0.0,-9.627249783688296,0.0,0.0,26.746511701893958,0.0
5.325,0.0,-15.872032536161335,0.0,0.0,28.932470376860394,0.0
5.33,0.0,-21.87179975196514,0.0,0.0,31.03293683088243,0.0
5.335,0.0,-27.559701597731415,0.0,0.0,33.026933781968104,0.0
5.34,0.0,-32.87884368952912,0.0,0.0,34.89618538569251,0.0
5.345,0.0,-37.7847184299109,0.0,0.0,36.62598574781388,0.0
5.3500000000000005,0.0,-42.24649484836942,0.0,0.0,38.2057046936631,0.0
5.355,0.0,-46.247114440410215,0.0,0.0,39.62890755440724,0.0
5.36,0.0,-49.78229955952981,0.0,0.0,40.893118716621906,0.0
5.365,0.0,-52.85869969431114,0.0,0.0,41.99929877413904,0.0
5.37,0.0,-55.49146403341075,0.0,0.0,42.951127015677606,0.0
5.375,0.0,-57.70153654710054,0.0,0.0,43.754184644859535,0.0
5.38,0.0,-59.512934821596836,0.0,0.0,44.41512353156144,0.0
5.385,0.0,-60.95021413982821,0.0,0.0,44.94088632892786,0.0
5.39,0.0,-62.03625157339982,0.0,0.0,45.33802230262043,0.0
5.3950000000000005,0.0,-62.79042471775973,0.0,0.0,45.61212370542072,0.0
5.4,0.0,-63.22721411594423,0.0,0.0,45.76739264714577,0.0
5.405,0.0,-63.35523009014223,0.0,0.0,45.80633909086822,0.0
5.41,0.0,-63.17665244676377,0.0,0.0,45.729606496799214,0.0
5.415,0.0,-62.68707173245779,0.0,0.0,45.53592157797032,0.0
5.42,0.0,-61.87572854125092,0.0,0.0,45.22216705476524,0.0
5.425,0.0,-60.726157435025925,0.0,0.0,44.78357945277588,0.0
5.43,0.0,-59.217248842526935,0.0,0.0,44.214076092009485,0.0
5.4350000000000005,0.0,-57.324740502941154,0.0,0.0,43.5067147288605,0.0
5.44,0.0,-55.02313487121787,0.0,0.0,42.65428429792757,0.0
5.445,0.0,-52.288007066582665,0.0,0.0,41.65001478953304,0.0
5.45,0.0,-49.09861875988863,0.0,0.0,40.48837830586356,0.0
5.455,0.0,-45.44069039806821,0.0,0.0,39.165932964239715,0.0
5.46,0.0,-41.30911636336293,0.0,0.0,37.682139556482376,0.0
5.465,0.0,-36.710349706119,0.0,0.0,36.04006256420776,0.0
5.47,0.0,-31.664153408565742,0.0,0.0,34.24685832140098,0.0
5.4750000000000005,0.0,-26.204431623265666,0.0,0.0,32.31395962679984,0.0
5.48,0.0,-20.378928064530076,0.0,0.0,30.256891453306295,0.0
5.485,0.0,-14.24770773426372,0.0,0.0,28.094695735800045,0.0
5.49,0.0,-7.880504070167177,0.0,0.0,25.8489982765252,0.0
5.495,0.0,-1.353183852144213,0.0,0.0,23.54280667733471,0.0
5.5,0.0,5.256281690107394,0.0,0.0,21.199172124674142,0.0
5.505,0.0,11.87188162673578,0.0,0.0,18.839869176286463,0.0
5.51,0.0,18.423220702786267,0.0,0.0,16.484241497142484,0.0
5.515,0.0,24.84840872848873,0.0,0.0,14.148330156255998,0.0
5.5200000000000005,0.0,31.095966657714563,0.0,0.0,11.844353284361212,0.0
5.525,0.0,37.12568706676657,0.0,0.0,9.580553376366332,0.0
5.53,0.0,42.90852430645593,0.0,0.0,7.36138238959407,0.0
5.535,0.0,48.425686888149265,0.0,0.0,5.187962535618892,0.0
5.54,0.0,53.66715291432567,0.0,0.0,3.058745041758086,0.0
5.545,0.0,58.62983232868455,0.0,0.0,0.9702887307324568,0.0
5.55,0.0,63.31556909230514,0.0,0.0,-1.0819090097715902,0.0
5.555,0.0,67.72912640057544,0.0,0.0,-3.102579298529365,0.0
5.5600000000000005,0.0,71.87624165507289,0.0,0.0,-5.095878385337343,0.0
5.565,0.0,75.76178447915927,0.0,0.0,-7.0646276273157,0.0
5.57,0.0,79.3880060909411,0.0,0.0,-9.0095958998401,0.0
5.575,0.0,82.75283417567266,0.0,0.0,-10.928812549037742,0.0
5.58,0.0,85.84814459417879,0.0,0.0,-12.816891911707724,0.0
5.585,0.0,88.65793004214096,0.0,0.0,-14.664347309210845,0.0
5.59,0.0,91.15628737211482,0.0,0.0,-16.45687370909463,0.0
5.595,0.0,93.30516319909876,0.0,0.0,-18.174585183859996,0.0
5.6000000000000005,0.0,95.05183849837451,0.0,0.0,-19.79120828637178,0.0
5.605,0.0,96.3262082628807,0.0,0.0,-21.27325933662304,0.0
5.61,0.0,97.03803731505832,0.0,0.0,-22.579277602742266,0.0
5.615,0.0,97.07456590824559,0.0,0.0,-23.659253358650616,0.0
5.62,0.0,96.29911311121566,0.0,0.0,-24.45448420654545,0.0
5.625,0.0,94.55167957584969,0.0,0.0,-24.89821304278228,0.0
5.63,0.0,91.65294068793634,0.0,0.0,-24.917530254581266,0.0
5.635,0.0,87.41332737131619,0.0,0.0,-24.437118466894894,0.0
5.64,0.0,81.6488864644781,0.0,0.0,-23.385400142945585,0.0
5.6450000000000005,0.0,74.20495678004934,0.0,0.0,-21.703399496005265,0.0
5.65,0.0,64.98703339594815,0.0,0.0,-19.35602974448875,0.0
5.655,0.0,53.995391073749374,0.0,0.0,-16.344526217120894,0.0
5.66,0.0,41.35657343843809,0.0,0.0,-12.717539381658558,0.0
5.665,0.0,27.3420997112205,0.0,0.0,-8.577463797229846,0.0
5.67,0.0,12.364728208107564,0.0,0.0,-4.07861676442717,0.0
5.675,0.0,-3.053060548426425,0.0,0.0,0.5845601216175689,0.0
5.68,0.0,-18.3354657422295,0.0,0.0,5.1981853698266125,0.0
5.6850000000000005,0.0,-32.922798377497244,0.0,0.0,9.554260546285704,0.0
5.69,0.0,-46.336950760772716,0.0,0.0,13.4745793405221,0.0
5.695,0.0,-58.22749891693493,0.0,0.0,16.827728984089347,0.0
5.7,0.0,-68.39043229486603,0.0,0.0,19.536293208275108,0.0
5.705,0.0,-76.76067928635487,0.0,0.0,21.574605159601408,0.0
5.71,0.0,-83.38629838013006,0.0,0.0,22.959786148737038,0.0
5.715,0.0,-88.39446615079325,0.0,0.0,23.739643052916218,0.0
5.72,0.0,-91.95788091956022,0.0,0.0,23.98050307251372,0.0
5.7250000000000005,0.0,-94.26689618600574,0.0,0.0,23.756924204364385,0.0
5.73,0.0,-95.50941782192635,0.0,0.0,23.14406928449955,0.0
5.735,0.0,-95.85829704934103,0.0,0.0,22.212710855509094,0.0
5.74,0.0,-95.46477973234097,0.0,0.0,21.02640458543545,0.0
5.745,0.0,-94.4562572131396,0.0,0.0,19.640240393856754,0.0
5.75,0.0,-92.93673541221504,0.0,0.0,18.10062644451456,0.0
5.755,0.0,-90.98880378467989,0.0,0.0,16.44567957545629,0.0
5.76,0.0,-88.67626803002065,0.0,0.0,14.705924201565304,0.0
5.765,0.0,-86.0469300107826,0.0,0.0,12.905110999798294,0.0
5.7700000000000005,0.0,-83.13523389801632,0.0,0.0,11.061048261118017,0.0
5.775,0.0,-79.96465651040815,0.0,0.0,9.186394464230043,0.0
5.78,0.0,-76.54981929853027,0.0,0.0,7.289395909334008,0.0
5.785,0.0,-72.8983568099461,0.0,0.0,5.374573964392896,0.0
5.79,0.0,-69.01260557866257,0.0,0.0,3.4433773504702625,0.0
5.795,0.0,-64.89118773076798,0.0,0.0,1.4948192299134675,0.0
5.8,0.0,-60.53056091548883,0.0,0.0,-0.47388132508357383,0.0
5.805,0.0,-55.92659334575672,0.0,0.0,-2.466637589323902,0.0
5.8100000000000005,0.0,-51.07620085976717,0.0,0.0,-4.4878040642061965,0.0
5.815,0.0,-45.97905236885471,0.0,0.0,-6.541456660726232,0.0
5.82,0.0,-40.63931159598381,0.0,0.0,-8.63065741658048,0.0
5.825,0.0,-35.067338883403,0.0,0.0,-10.756731577530381,0.0
5.83,0.0,-29.28123174720955,0.0,0.0,-12.918599979679081,0.0
5.835,0.0,-23.30804437778509,0.0,0.0,-15.112222743098897,0.0
5.84,0.0,-17.184504483846986,0.0,0.0,-17.330217927967873,0.0
5.845,0.0,-10.957051520797187,0.0,0.0,-19.561717328590163,0.0
5.8500000000000005,0.0,-4.681061820160091,0.0,0.0,-21.79250805895937,0.0
5.855,0.0,1.58079437893366,0.0,0.0,-24.00548214173317,0.0
5.86,0.0,7.761008798493066,0.0,0.0,-26.181379252299994,0.0
5.865,0.0,13.790325486233904,0.0,0.0,-28.29976592049682,0.0
5.87,0.0,19.601176428219794,0.0,0.0,-30.34015633085126,0.0
5.875,0.0,25.131101306021687,0.0,0.0,-32.28315438123089,0.0
5.88,0.0,30.325777040790985,0.0,0.0,-34.11149059708469,0.0
5.885,0.0,35.14133381290517,0.0,0.0,-35.81084298953057,0.0
5.89,0.0,39.545738901033694,0.0,0.0,-37.37036464240439,0.0
5.8950000000000005,0.0,43.519164106953944,0.0,0.0,-38.7828849146517,0.0
5.9,0.0,47.053387383081045,0.0,0.0,-40.044795918740284,0.0
5.905,0.0,50.15038856877637,0.0,0.0,-41.1556726718767,0.0
5.91,0.0,52.82036683615249,0.0,0.0,-42.11769855117801,0.0
5.915,0.0,55.079429834186236,0.0,0.0,-42.93497602590005,0.0
5.92,0.0,56.947188406053755,0.0,0.0,-43.612798206391844,0.0
5.925,0.0,58.44444912948941,0.0,0.0,-44.15694374796689,0.0
5.93,0.0,59.591144207719125,0.0,0.0,-44.57304080092694,0.0
5.9350000000000005,0.0,60.404586630450844,0.0,0.0,-44.866029035325475,0.0
5.94,0.0,60.89809618120759,0.0,0.0,-45.03973500141733,0.0
5.945,0.0,61.08001261110525,0.0,0.0,-45.09656650629967,0.0
5.95,0.0,60.95309635180521,0.0,0.0,-45.03732640068185,0.0
5.955,0.0,60.51431221779054,0.0,0.0,-44.86114445554309,0.0
5.96,0.0,59.75499387939841,0.0,0.0,-44.5655266520103,0.0
5.965,0.0,58.661391965504805,0.0,0.0,-44.14652274919112,0.0
5.97,0.0,57.215611730348876,0.0,0.0,-43.59901389362932,0.0
5.9750000000000005,0.0,55.39694269104886,0.0,0.0,-42.917120798720205,0.0
5.98,0.0,53.1835685243003,0.0,0.0,-42.094728365192076,0.0
5.985,0.0,50.5546181409313,0.0,0.0,-41.126113685576314,0.0
5.99,0.0,47.49247789569314,0.0,0.0,-40.0066510937296,0.0
5.995,0.0,43.98523345155748,0.0,0.0,-38.73355133873561,0.0
6.0,0.0,40.02905533797097,0.0,0.0,-37.306574550479034,0.0
6.005,0.0,35.63029645857847,0.0,0.0,-35.72864229154415,0.0
6.01,0.0,30.80704721381538,0.0,0.0,-34.00626740597331,0.0
6.015000000000001,0.0,25.589908398929058,0.0,0.0,-32.14972608691153,0.0
6.0200000000000005,0.0,20.021802170054414,0.0,0.0,-30.172917291839152,0.0
6.025,0.0,14.156745680125248,0.0,0.0,-28.092889696257302,0.0
6.03,0.0,8.057646490263501,0.0,0.0,-25.9290610138556,0.0
6.035,0.0,1.7933185705845207,0.0,0.0,-23.702200343859676,0.0
6.04,0.0,-4.564967376965241,0.0,0.0,-21.433281282871178,0.0
6.045,0.0,-10.94702156075687,0.0,0.0,-19.142333287558408,0.0
6.05,0.0,-17.28698389845747,0.0,0.0,-16.84741676400089,0.0
6.055,0.0,-23.52597032639182,0.0,0.0,-14.56382470549477,0.0
6.0600000000000005,0.0,-29.613910611712818,0.0,0.0,-12.303576535908748,0.0
6.065,0.0,-35.51049724753676,0.0,0.0,-10.075227109035833,0.0
6.07,0.0,-41.18528173774384,0.0,0.0,-7.883974527346695,0.0
6.075,0.0,-46.61704249204135,0.0,0.0,-5.732021158537457,0.0
6.08,0.0,-51.79259814290595,0.0,0.0,-3.619125985237792,0.0
6.085,0.0,-56.70525197922983,0.0,0.0,-1.5432828653952555,0.0
6.09,0.0,-61.353035089201455,0.0,0.0,0.4985343029060205,0.0
6.095,0.0,-65.73687861053202,0.0,0.0,2.509605857678383,0.0
6.1000000000000005,0.0,-69.8587998954441,0.0,0.0,4.492711147506837,0.0
6.105,0.0,-73.72014186482713,0.0,0.0,6.4493997735581345,0.0
6.11,0.0,-77.31986490393568,0.0,0.0,8.379292213793336,0.0
6.115,0.0,-80.65285937185249,0.0,0.0,10.279402703950382,0.0
6.12,0.0,-83.70822562837877,0.0,0.0,12.143470691537921,0.0
6.125,0.0,-86.46745851460012,0.0,0.0,13.961284464272026,0.0
6.13,0.0,-88.90247635777683,0.0,0.0,15.717982346754676,0.0
6.135,0.0,-90.97345462749635,0.0,0.0,17.39332449732068,0.0
6.140000000000001,0.0,-92.62646803408593,0.0,0.0,18.960944142234503,0.0
6.1450000000000005,0.0,-93.79102225305974,0.0,0.0,20.387614524323972,0.0
6.15,0.0,-94.37768077330472,0.0,0.0,21.63261135284331,0.0
6.155,0.0,-94.27617742265905,0.0,0.0,22.647314604742512,0.0
6.16,0.0,-93.35465890650629,0.0,0.0,23.375280354386057,0.0
6.165,0.0,-91.46101327725914,0.0,0.0,23.75311824450358,0.0
6.17,0.0,-88.42755811653416,0.0,0.0,23.712614253635426,0.0
6.175,0.0,-84.08056597194447,0.0,0.0,23.184598648940636,0.0
6.18,0.0,-78.25598267467697,0.0,0.0,22.105001429334244,0.0
6.1850000000000005,0.0,-70.82195815064567,0.0,0.0,20.423262941138006,0.0
6.19,0.0,-61.70719324838207,0.0,0.0,18.11268669647138,0.0
6.195,0.0,-50.93158864033342,0.0,0.0,15.181433493633968,0.0
6.2,0.0,-38.63278813986877,0.0,0.0,11.68185078343399,0.0
6.205,0.0,-25.080183314949135,0.0,0.0,7.715147073060537,0.0
6.21,0.0,-10.668451934424457,0.0,0.0,3.4286358840358786,0.0
6.215,0.0,4.113145662142783,0.0,0.0,-0.9957327455758304,0.0
6.22,0.0,18.73233975418778,0.0,0.0,-5.360301139259111,0.0
6.2250000000000005,0.0,32.67557771894477,0.0,0.0,-9.474252274408293,0.0
6.23,0.0,45.505309274943095,0.0,0.0,-13.174572745584811,0.0
6.235,0.0,56.89995251816823,0.0,0.0,-16.340829683709366,0.0
6.24,0.0,66.67001826628271,0.0,0.0,-18.901399246720988,0.0
6.245,0.0,74.75153213429249,0.0,0.0,-20.831493051918997,0.0
6.25,0.0,81.18346272041732,0.0,0.0,-22.145316069366856,0.0
6.255,0.0,86.07778224392031,0.0,0.0,-22.885400623503102,0.0
6.26,0.0,89.58958369551173,0.0,0.0,-23.111770773343434,0.0
6.265000000000001,0.0,91.89194658512206,0.0,0.0,-22.892649297297574,0.0
6.2700000000000005,0.0,93.15746951299951,0.0,0.0,-22.297446745623663,0.0
6.275,0.0,93.54638555638589,0.0,0.0,-21.392058554280126,0.0
6.28,0.0,93.20010932151338,0.0,0.0,-20.236105806571153,0.0
6.285,0.0,92.23873145355373,0.0,0.0,-18.881622565881788,0.0
6.29,0.0,90.76107942455278,0.0,0.0,-17.37271609067045,0.0
6.295,0.0,88.84625448160345,0.0,0.0,-15.745819460463538,0.0
6.3,0.0,86.55587799551441,0.0,0.0,-14.030264128366193,0.0
6.305,0.0,83.93656026628975,0.0,0.0,-12.248995173586282,0.0
6.3100000000000005,0.0,81.02231691811899,0.0,0.0,-10.419325174384182,0.0
6.315,0.0,77.83680479023188,0.0,0.0,-8.553673821107466,0.0
6.32,0.0,74.39534335028182,0.0,0.0,-6.6602736239022295,0.0
6.325,0.0,70.70674318502833,0.0,0.0,-4.743842014794135,0.0
6.33,0.0,66.77499175432933,0.0,0.0,-2.806230777447886,0.0
6.335,0.0,62.60085663570719,0.0,0.0,-0.8470679276218158,0.0
6.34,0.0,58.18346312426396,0.0,0.0,1.1355932774972128,0.0
6.345,0.0,53.5218891336411,0.0,0.0,3.1446076044400053,0.0
6.3500000000000005,0.0,48.616797334097114,0.0,0.0,5.1830499996243,0.0
6.355,0.0,43.47209346743582,0.0,0.0,7.253513238823788,0.0
6.36,0.0,38.096562563537276,0.0,0.0,9.357409863618043,0.0
6.365,0.0,32.50539471622626,0.0,0.0,11.494310495156284,0.0
6.37,0.0,26.72147475559194,0.0,0.0,13.661363157202699,0.0
6.375,0.0,20.776283423790215,0.0,0.0,15.852847388660905,0.0
6.38,0.0,14.710250666649083,0.0,0.0,18.05991957042767,0.0
6.385,0.0,8.57242276309509,0.0,0.0,20.270599142984405,0.0
6.390000000000001,0.0,2.4193588498068297,0.0,0.0,22.470027583726928,0.0
6.3950000000000005,0.0,-3.6867432228459047,0.0,0.0,24.641003747766305,0.0
6.4,0.0,-9.680587672470597,0.0,0.0,26.76476396731075,0.0
6.405,0.0,-15.496779131873653,0.0,0.0,28.821939379120867,0.0
6.41,0.0,-21.072986356022938,0.0,0.0,30.793593978082463,0.0
6.415,0.0,-26.352938492966043,0.0,0.0,32.66223189238774,0.0
6.42,0.0,-31.288934863890198,0.0,0.0,34.41266546375691,0.0
6.425,0.0,-35.843615931095364,0.0,0.0,36.032656654189665,0.0
6.43,0.0,-39.99084842854208,0.0,0.0,37.513278450003156,0.0
6.4350000000000005,0.0,-43.71569843534848,0.0,0.0,38.84898271019903,0.0
6.44,0.0,-47.0135778926407,0.0,0.0,40.0373981245746,0.0
6.445,0.0,-49.888733413737924,0.0,0.0,41.07891011468345,0.0
6.45,0.0,-52.35229145036378,0.0,0.0,41.97609025525585,0.0
6.455,0.0,-54.42008129341302,0.0,0.0,42.73304609106845,0.0
6.46,0.0,-56.1104350307487,0.0,0.0,43.35475562093194,0.0
6.465,0.0,-57.442123287272295,0.0,0.0,43.84643805947154,0.0
6.47,0.0,-58.432539236394234,0.0,0.0,44.21299767177574,0.0
6.4750000000000005,0.0,-59.09620040622059,0.0,0.0,44.45856361293624,0.0
6.48,0.0,-59.44360400709772,0.0,0.0,44.586137726218816,0.0
6.485,0.0,-59.48044912203651,0.0,0.0,44.597354926799746,0.0
6.49,0.0,-59.20722753175428,0.0,0.0,44.49235695521121,0.0
6.495,0.0,-58.61918166816619,0.0,0.0,44.26977912210035,0.0
6.5,0.0,-57.7066295627056,0.0,0.0,43.92685000967324,0.0
6.505,0.0,-56.45565852719981,0.0,0.0,43.45960460194429,0.0
6.51,0.0,-54.849187470787584,0.0,0.0,42.863210624729355,0.0
6.515000000000001,0.0,-52.868388399454666,0.0,0.0,42.13240475477154,0.0
6.5200000000000005,0.0,-50.494437899714285,0.0,0.0,41.26202888812861,0.0
6.525,0.0,-47.710538127056324,0.0,0.0,40.247646490891526,0.0
6.53,0.0,-44.50410548354621,0.0,0.0,39.08620570567162,0.0
6.535,0.0,-40.86897869320296,0.0,0.0,37.776700997114,0.0
6.54,0.0,-36.807454986285535,0.0,0.0,36.32077153814255,0.0
6.545,0.0,-32.33193510925901,0.0,0.0,34.72316604992675,0.0
6.55,0.0,-27.465957097518,0.0,0.0,32.99200438934082,0.0
6.555,0.0,-22.244434551166382,0.0,0.0,31.138778826493887,0.0
6.5600000000000005,0.0,-16.71299007033282,0.0,0.0,29.17806337750466,0.0
6.565,0.0,-10.926381277388998,0.0,0.0,27.12693521093588,0.0
6.57,0.0,-4.946138178325416,0.0,0.0,25.004152185671416,0.0
6.575,0.0,1.1623574834999202,0.0,0.0,22.829167007169772,0.0
6.58,0.0,7.333041987287536,0.0,0.0,20.621083312046714,0.0
6.585,0.0,13.502252199283383,0.0,0.0,18.397666645369714,0.0
6.59,0.0,19.611412775913326,0.0,0.0,16.17451240632158,0.0
6.595,0.0,25.609094651420477,0.0,0.0,13.96444656937691,0.0
6.6000000000000005,0.0,31.452313790401952,0.0,0.0,11.777199873164884,0.0
6.605,0.0,37.10704597606715,0.0,0.0,9.619359968993397,0.0
6.61,0.0,42.54802431379589,0.0,0.0,7.494575501093761,0.0
6.615,0.0,47.75794815178117,0.0,0.0,5.403965502387562,0.0
6.62,0.0,52.726261047997355,0.0,0.0,3.3466781127919276,0.0
6.625,0.0,57.44765449649762,0.0,0.0,1.3205432495341443,0.0
6.63,0.0,61.920431170523614,0.0,0.0,-0.6772282279361477,0.0
6.635,0.0,66.14482569877633,0.0,0.0,-2.64933426719087,0.0
6.640000000000001,0.0,70.1213408222302,0.0,0.0,-4.597682328164916,0.0
6.6450000000000005,0.0,73.84911842731856,0.0,0.0,-6.522710482938333,0.0
6.65,0.0,77.32433236619534,0.0,0.0,-8.422727805145838,0.0
6.655,0.0,80.53856533676735,0.0,0.0,-10.293265165810492,0.0
6.66,0.0,83.47711671820181,0.0,0.0,-12.126422965362993,0.0
6.665,0.0,86.1171836216429,0.0,0.0,-13.910201441140492,0.0
6.67,0.0,88.4258662014003,0.0,0.0,-15.62780293190016,0.0
6.675,0.0,90.35797532415462,0.0,0.0,-17.256905544304566,0.0
6.68,0.0,91.85367379971349,0.0,0.0,-18.76892673779912,0.0
6.6850000000000005,0.0,92.8360725379715,0.0,0.0,-20.128327165233756,0.0
6.69,0.0,93.20904347460662,0.0,0.0,-21.292054085073673,0.0
6.695,0.0,92.85571388067731,0.0,0.0,-22.209293569564505,0.0
6.7,0.0,91.63837418883904,0.0,0.0,-22.821791776275,0.0
6.705,0.0,89.40084128077144,0.0,0.0,-23.065109002728388,0.0
6.71,0.0,85.97460049075497,0.0,0.0,-22.87126041214203,0.0
6.715,0.0,81.19015654074789,0.0,0.0,-22.173222607623917,0.0
6.72,0.0,74.89472283841164,0.0,0.0,-20.911664472250184,0.0
6.7250000000000005,0.0,66.9763867082258,0.0,0.0,-19.04389712352734,0.0
6.73,0.0,57.393006337364284,0.0,0.0,-16.554366582864407,0.0
6.735,0.0,46.20145773267893,0.0,0.0,-13.465087081602533,0.0
6.74,0.0,33.58019723571091,0.0,0.0,-9.843497212903348,0.0
6.745,0.0,19.836826727562237,0.0,0.0,-5.804802365927086,0.0
6.75,0.0,5.393978416312234,0.0,0.0,-1.5064757586316881,0.0
6.755,0.0,-9.248025054087922,0.0,0.0,2.865573442739748,0.0
6.76,0.0,-23.565974380199446,0.0,0.0,7.1170721481708865,0.0
6.765000000000001,0.0,-37.07396692545074,0.0,0.0,11.067378407463597,0.0
6.7700000000000005,0.0,-49.374851823825864,0.0,0.0,14.568356452788112,0.0
6.775,0.0,-60.19211388956175,0.0,0.0,17.516258154855002,0.0
6.78,0.0,-69.37827831013132,0.0,0.0,19.85516801461372,0.0
6.785,0.0,-76.90293125338935,0.0,0.0,21.573053900939144,0.0
6.79,0.0,-82.82776762303047,0.0,0.0,22.6930153157636,0.0
6.795,0.0,-87.27687991804872,0.0,0.0,23.262639079167258,0.0
6.8,0.0,-90.40873517328183,0.0,0.0,23.34377915966476,0.0
6.805,0.0,-92.39353133727373,0.0,0.0,23.00412176880247,0.0
6.8100000000000005,0.0,-93.39713151728394,0.0,0.0,22.311018806813784,0.0
6.815,0.0,-93.57111713208656,0.0,0.0,21.327478610007915,0.0
6.82,0.0,-93.04770418756017,0.0,0.0,20.10990754085894,0.0
6.825,0.0,-91.93809205567425,0.0,0.0,18.707119961068198,0.0
6.83,0.0,-90.3329823098676,0.0,0.0,17.16018177755476,0.0
6.835,0.0,-88.3043037410842,0.0,0.0,15.5027498239098,0.0
6.84,0.0,-85.90748343343205,0.0,0.0,13.761671320936161,0.0
6.845,0.0,-83.18385632747479,0.0,0.0,11.957693884739358,0.0
6.8500000000000005,0.0,-80.16299257721148,0.0,0.0,10.106201134877224,0.0
6.855,0.0,-76.86484908800398,0.0,0.0,8.217933361747836,0.0
6.86,0.0,-73.3017316916761,0.0,0.0,6.299681049260871,0.0
6.865,0.0,-69.48010030303456,0.0,0.0,4.3549556112435255,0.0
6.87,0.0,-65.40227124508996,0.0,0.0,2.384649949933369,0.0
6.875,0.0,-61.06807561693092,0.0,0.0,0.38770376692329744,0.0
6.88,0.0,-56.476524207504895,0.0,0.0,-1.6382136176058824,0.0
6.885,0.0,-51.62751021115569,0.0,0.0,-3.6959960931553493,0.0
6.890000000000001,0.0,-46.523552177603634,0.0,0.0,-5.788371603046604,0.0
6.8950000000000005,0.0,-41.171542760849434,0.0,0.0,-7.917165394295972,0.0
6.9,0.0,-35.584426767716536,0.0,0.0,-10.082583968976722,0.0
6.905,0.0,-29.78268979970826,0.0,0.0,-12.282562155320527,0.0
6.91,0.0,-23.79550405125127,0.0,0.0,-14.512227507376318,0.0
6.915,0.0,-17.661360211455964,0.0,0.0,-16.763542441624846,0.0
6.92,0.0,-11.428023802185265,0.0,0.0,-19.025181742946057,0.0
6.925,0.0,-5.15169785646389,0.0,0.0,-21.282688801390595,0.0
6.93,0.0,1.1046474191056457,0.0,0.0,-23.5189277081242,0.0
6.9350000000000005,0.0,7.273711435424701,0.0,0.0,-25.714812684923263,0.0
6.94,0.0,13.28688424450782,0.0,0.0,-27.850256992551333,0.0
6.945,0.0,19.077568142514014,0.0,0.0,-29.905248464121172,0.0
6.95,0.0,24.584453336403392,0.0,0.0,-31.860936363693828,0.0
6.955,0.0,29.7543940377814,0.0,0.0,-33.700610287352525,0.0
6.96,0.0,34.54458395450263,0.0,0.0,-35.41046785335789,0.0
6.965,0.0,38.9238314664614,0.0,0.0,-36.980100501840866,0.0
6.97,0.0,42.872862115578755,0.0,0.0,-38.402668425208375,0.0
6.9750000000000005,0.0,46.38370222688283,0.0,0.0,-39.6747774703832,0.0
6.98,0.0,49.45829883678809,0.0,0.0,-40.796104866793556,0.0
6.985,0.0,52.10659331553489,0.0,0.0,-41.768841961318365,0.0
6.99,0.0,54.34428612115843,0.0,0.0,-42.59702963866279,0.0
6.995,0.0,56.190514540851645,0.0,0.0,-43.2858578062318,0.0
7.0,0.0,57.665626146456894,0.0,0.0,-43.840988134489955,0.0
7.005,0.0,58.789181326159266,0.0,0.0,-44.26794352029538,0.0
7.01,0.0,59.57826991169417,0.0,0.0,-44.57159218843657,0.0
7.015000000000001,0.0,60.04618711736941,0.0,0.0,-44.75574145883358,0.0
7.0200000000000005,0.0,60.201486271046086,0.0,0.0,-44.82284717109342,0.0
7.025,0.0,60.04741033617627,0.0,0.0,-44.77383966451461,0.0
7.03,0.0,59.58169884017331,0.0,0.0,-44.608065376853446,0.0
7.035,0.0,58.79676797209171,0.0,0.0,-44.32334340033084,0.0
7.04,0.0,57.6802650294284,0.0,0.0,-43.916137338693844,0.0
7.045,0.0,56.21599961843143,0.0,0.0,-43.38184309892738,0.0
7.05,0.0,54.38524879697592,0.0,0.0,-42.71519145104795,0.0
7.055,0.0,52.168418153751006,0.0,0.0,-41.910759160068544,0.0
7.0600000000000005,0.0,49.54701351229092,0.0,0.0,-40.96357356364249,0.0
7.065,0.0,46.50583873813825,0.0,0.0,-39.869782735945385,0.0
7.07,0.0,43.03528752594571,0.0,0.0,-38.62734803060231,0.0
7.075,0.0,39.133548505321606,0.0,0.0,-37.23670031089734,0.0
7.08,0.0,34.80850466030991,0.0,0.0,-35.701289225046985,0.0
7.085,0.0,30.07909303215133,0.0,0.0,-34.02795076509713,0.0
7.09,0.0,24.97591083490038,0.0,0.0,-32.22702590025303,0.0
7.095,0.0,19.5409157998482,0.0,0.0,-30.31218427195113,0.0
7.1000000000000005,0.0,13.82616868797087,0.0,0.0,-28.299940606155896,0.0
7.105,0.0,7.89169025008825,0.0,0.0,-26.20889278694178,0.0
7.11,0.0,1.802630100948361,0.0,0.0,-24.05875160792632,0.0
7.115,0.0,-4.3739557338982085,0.0,0.0,-21.86926420355158,0.0
7.12,0.0,-10.572370656843313,0.0,0.0,-19.65914878755471,0.0
7.125,0.0,-16.731246392483232,0.0,0.0,-17.445154227912248,0.0
7.13,0.0,-22.795936938144425,0.0,0.0,-15.241335743399484,0.0
7.135,0.0,-28.720159632077905,0.0,0.0,-13.058603468126574,0.0
7.140000000000001,0.0,-34.46681923247806,0.0,0.0,-10.904561899062763,0.0
7.1450000000000005,0.0,-40.00805498921732,0.0,0.0,-8.783623180057017,0.0
7.15,0.0,-45.32462797806835,0.0,0.0,-6.697351410256866,0.0
7.155,0.0,-50.40480868589083,0.0,0.0,-4.644981167772741,0.0
7.16,0.0,-55.24293400426154,0.0,0.0,-2.6240507334597893,0.0
7.165,0.0,-59.837785477001745,0.0,0.0,-0.631096602921934,0.0
7.17,0.0,-64.19090653150955,0.0,0.0,1.3376325303572427,0.0
7.175,0.0,-68.30493489250001,0.0,0.0,3.285470230462078,0.0
7.18,0.0,-72.18198478627984,0.0,0.0,5.214649366181108,0.0
7.1850000000000005,0.0,-75.8220766677363,0.0,0.0,7.1256438724770685,0.0
7.19,0.0,-79.22158256485693,0.0,0.0,9.0165278581453,0.0
7.195,0.0,-82.3716338434149,0.0,0.0,10.882338085326403,0.0
7.2,0.0,-85.25642596480458,0.0,0.0,12.714422358333472,0.0
7.205,0.0,-87.85135303016799,0.0,0.0,14.499756475409953,0.0
7.21,0.0,-90.12091666757993,0.0,0.0,16.220217209318292,0.0
7.215,0.0,-92.01638491910832,0.0,0.0,17.85181031819834,0.0
7.22,0.0,-93.47323655451132,0.0,0.0,19.36387407464944,0.0
7.2250000000000005,0.0,-94.4085278714807,0.0,0.0,20.718314733058477,0.0
7.23,0.0,-94.71847850927739,0.0,0.0,21.868986051970218,0.0
7.235,0.0,-94.27680468514812,0.0,0.0,22.761405062040815,0.0
7.24,0.0,-92.93463586998418,0.0,0.0,23.333101111658877,0.0
7.245,0.0,-90.52320762324955,0.0,0.0,23.515014493941827,0.0
7.25,0.0,-86.86084389942091,0.0,0.0,23.23446377760991,0.0
7.255,0.0,-81.76585037264779,0.0,0.0,22.420225051358152,0.0
7.26,0.0,-75.0765550952333,0.0,0.0,21.010113984766722,0.0
7.265000000000001,0.0,-66.67851880779897,0.0,0.0,18.961018565829058,0.0
7.2700000000000005,0.0,-56.536678206786036,0.0,0.0,16.260526623089753,0.0
7.275,0.0,-44.72709561002111,0.0,0.0,12.938209993646543,0.0
7.28,0.0,-31.460033348771024,0.0,0.0,9.07360991078023,0.0
7.285,0.0,-17.084962409956127,0.0,0.0,4.7976143530035165,0.0
7.29,0.0,-2.070597015472338,0.0,0.0,0.28482991982720324,0.0
7.295,0.0,13.040463744522196,0.0,0.0,-4.263138609028265,0.0
7.3,0.0,27.694416086582727,0.0,0.0,-8.640589935913013,0.0
7.305,0.0,41.39163443567565,0.0,0.0,-12.66159367695241,0.0
7.3100000000000005,0.0,53.739071925963884,0.0,0.0,-16.179232796673574,0.0
7.315,0.0,64.47901495219686,0.0,0.0,-19.09639539136079,0.0
7.32,0.0,73.49185119477067,0.0,0.0,-21.36722414462453,0.0
7.325,0.0,80.77800741855607,0.0,0.0,-22.990991376036845,0.0
7.33,0.0,86.42808052526459,0.0,0.0,-24.00156485356399,0.0
7.335,0.0,90.59010588956184,0.0,0.0,-24.455640922739846,0.0
7.34,0.0,93.44035061943146,0.0,0.0,-24.42205064044778,0.0
7.345,0.0,95.1608271061931,0.0,0.0,-23.973332529351225,0.0
7.3500000000000005,0.0,95.9241348422961,0.0,0.0,-23.17985046605729,0.0
7.355,0.0,95.88469017762489,0.0,0.0,-22.106176222804542,0.0
7.36,0.0,95.17478109541679,0.0,0.0,-20.809220137147562,0.0
7.365,0.0,93.9038650116085,0.0,0.0,-19.337571480298507,0.0
7.37,0.0,92.15980276627383,0.0,0.0,-17.73159550459097,0.0
7.375,0.0,90.01108017289457,0.0,0.0,-16.0239527041343,0.0
7.38,0.0,87.50939784912161,0.0,0.0,-14.240317394814726,0.0
7.385,0.0,84.69226818958823,0.0,0.0,-12.400161413941513,0.0
7.390000000000001,0.0,81.58544119645505,0.0,0.0,-10.517532278784124,0.0
7.3950000000000005,0.0,78.20510067613752,0.0,0.0,-8.60179722898466,0.0
7.4,0.0,74.55984506199361,0.0,0.0,-6.6583504871136,0.0
7.405,0.0,70.65250691552752,0.0,0.0,-4.689295575180413,0.0
7.41,0.0,66.48188225482541,0.0,0.0,-2.6941211594919627,0.0
7.415,0.0,62.04444169023461,0.0,0.0,-0.6703899090714476,0.0
7.42,0.0,57.33608328675854,0.0,0.0,1.3855435638858555,0.0
7.425,0.0,52.353963502139145,0.0,0.0,3.477776971130937,0.0
7.43,0.0,47.09840806965015,0.0,0.0,5.610069219153723,0.0
7.4350000000000005,0.0,41.57486043949006,0.0,0.0,7.7850307866300446,0.0
7.44,0.0,35.79577437230821,0.0,0.0,10.003329451966582,0.0
7.445,0.0,29.782305515030828,0.0,0.0,12.262962604756087,0.0
7.45,0.0,23.565613815999754,0.0,0.0,14.558662028899363,0.0
7.455,0.0,17.187566797170085,0.0,0.0,16.881504791598864,0.0
7.46,0.0,10.700645793934603,0.0,0.0,19.2188003348382,0.0
7.465,0.0,4.166912568225332,0.0,0.0,21.554305799040762,0.0
7.47,0.0,-2.344006787621646,0.0,0.0,23.868788501465946,0.0
7.4750000000000005,0.0,-8.757830925661873,0.0,0.0,26.140909835150513,0.0
7.48,0.0,-14.999192723896705,0.0,0.0,28.348356329264757,0.0
7.485,0.0,-20.995515063552972,0.0,0.0,30.46910169299457,0.0
7.49,0.0,-26.6807693434419,0.0,0.0,32.48265876217327,0.0
7.495,0.0,-31.998695943581872,0.0,0.0,34.37117932624493,0.0
7.5,0.0,-36.90514283578952,0.0,0.0,36.12028376957344,0.0
7.505,0.0,-41.36931228902373,0.0,0.0,37.71954573924018,0.0
7.51,0.0,-45.373864893255266,0.0,0.0,39.16260939256733,0.0
7.515000000000001,0.0,-48.91398010813116,0.0,0.0,40.446966616192704,0.0
7.5200000000000005,0.0,-51.99558523673999,0.0,0.0,41.573459546983734,0.0
7.525,0.0,-54.633025605139906,0.0,0.0,42.54559478068654,0.0
7.53,0.0,-56.84645789342759,0.0,0.0,43.36875968684655,0.0
7.535,0.0,-58.6592172414042,0.0,0.0,44.04942183541439,0.0
7.54,0.0,-60.09535356257431,0.0,0.0,44.5943750912101,0.0
7.545,0.0,-61.17746998853722,0.0,0.0,45.010075877033266,0.0
7.55,0.0,-61.92493935763072,0.0,0.0,45.3020946800079,0.0
7.555,0.0,-62.352530822517075,0.0,0.0,45.474693630040264,0.0
7.5600000000000005,0.0,-62.469450757369685,0.0,0.0,45.530531860206565,0.0
7.565,0.0,-62.278789255397186,0.0,0.0,45.470496087805536,0.0
7.57,0.0,-61.77736231834078,0.0,0.0,45.293653372141875,0.0
7.575,0.0,-60.95594579123645,0.0,0.0,44.997324834352746,0.0
7.58,0.0,-59.799905093583064,0.0,0.0,44.57728161124117,0.0
7.585,0.0,-58.29022963678358,0.0,0.0,44.02806576775207,0.0
7.59,0.0,-56.40497751133561,0.0,0.0,43.34343769367226,0.0
7.595,0.0,-54.12112028060828,0.0,0.0,42.51694627229203,0.0
7.6000000000000005,0.0,-51.41674672355881,0.0,0.0,41.54260793939819,0.0
7.605,0.0,-48.27353796869451,0.0,0.0,40.41566563440322,0.0
7.61,0.0,-44.67936847818514,0.0,0.0,39.13337987835532,0.0
7.615,0.0,-40.63082657424353,0.0,0.0,37.69578472678362,0.0
7.62,0.0,-36.13539834025698,0.0,0.0,36.106325662713274,0.0
7.625,0.0,-31.213036425474204,0.0,0.0,34.37229008069271,0.0
7.63,0.0,-25.896856050791108,0.0,0.0,32.5049489059398,0.0
7.635,0.0,-20.232773130677348,0.0,0.0,30.519352852320026,0.0
7.640000000000001,0.0,-14.278020617979102,0.0,0.0,28.43376758443464,0.0
7.6450000000000005,0.0,-8.098631151240099,0.0,0.0,26.268782543750667,0.0
7.65,0.0,-1.7661270060142527,0.0,0.0,24.046178422789477,0.0
7.655,0.0,4.646221978069135,0.0,0.0,21.78767687395851,0.0
7.66,0.0,11.067153438955906,0.0,0.0,19.513713836756978,0.0
7.665,0.0,17.43077699208717,0.0,0.0,17.242370887229075,0.0
7.67,0.0,23.67922745743433,0.0,0.0,14.988569755018721,0.0
7.675,0.0,29.764413033565813,0.0,0.0,12.76359152914085,0.0
7.68,0.0,35.64880464116065,0.0,0.0,10.574934589527267,0.0
7.6850000000000005,0.0,41.30533639849615,0.0,0.0,8.4264837466496,0.0
7.69,0.0,46.716574686991784,0.0,0.0,6.318934022196878,0.0
7.695,0.0,51.87335687971086,0.0,0.0,4.250398355238627,0.0
7.7,0.0,56.77310387453488,0.0,0.0,2.21712798953481,0.0
7.705,0.0,61.41798336740564,0.0,0.0,0.21428381628345683,0.0
7.71,0.0,65.81305595542187,0.0,0.0,-1.7632878026102485,0.0
7.715,0.0,69.96448512207522,0.0,0.0,-3.720304088835487,0.0
7.72,0.0,73.87784328246455,0.0,0.0,-5.660332943713314,0.0
7.7250000000000005,0.0,77.556504236537,0.0,0.0,-7.585117578953236,0.0
7.73,0.0,81.00007964227522,0.0,0.0,-9.493927669479994,0.0
7.735,0.0,84.20283382486883,0.0,0.0,-11.382918756337821,0.0
7.74,0.0,87.15199727432494,0.0,0.0,-13.244477565437624,0.0
7.745,0.0,89.82589518796811,0.0,0.0,-15.066530276116945,0.0
7.75,0.0,92.1918158988445,0.0,0.0,-16.831794475265582,0.0
7.755,0.0,94.20357050369697,0.0,0.0,-18.516965515644117,0.0
7.76,0.0,95.7987490424249,0.0,0.0,-20.091847601033372,0.0
7.765000000000001,0.0,96.89577459150047,0.0,0.0,-21.518474097685424,0.0
7.7700000000000005,0.0,97.39101349525204,0.0,0.0,-22.750316689965153,0.0
7.775,0.0,97.15643784438163,0.0,0.0,-23.731765643148833,0.0
7.78,0.0,96.03866773237078,0.0,0.0,-24.398177190574096,0.0
7.785,0.0,93.86063184716227,0.0,0.0,-24.676922913354097,0.0
7.79,0.0,90.4275033474814,0.0,0.0,-24.49001332782492,0.0
7.795,0.0,85.53882128831047,0.0,0.0,-23.7589423804583,0.0
7.8,0.0,79.00849163480173,0.0,0.0,-22.412304853454685,0.0
7.805000000000001,0.0,70.69326743761918,0.0,0.0,-20.396334478658254,0.0
7.8100000000000005,0.0,60.52798572782466,0.0,0.0,-17.68768061310933,0.0
7.815,0.0,48.562350045432844,0.0,0.0,-14.306515499801606,0.0
7.82,0.0,34.990304389952875,0.0,0.0,-10.326769188239037,0.0
7.825,0.0,20.16097111935736,0.0,0.0,-5.879599732432892,0.0
7.83,0.0,4.5620042441402235,0.0,0.0,-1.1469124137101916,0.0
7.835,0.0,-11.22692755781413,0.0,0.0,3.65581059209435,0.0
7.84,0.0,-26.602807427828473,0.0,0.0,8.304575632676015,0.0
7.845,0.0,-41.01381031550444,0.0,0.0,12.594034983122517,0.0
7.8500000000000005,0.0,-54.02104199993473,0.0,0.0,16.360090484707484,0.0
7.855,0.0,-65.3339677812767,0.0,0.0,19.493111242435255,0.0
7.86,0.0,-74.81576327225288,0.0,0.0,21.940362405070495,0.0
7.865,0.0,-82.4640462174433,0.0,0.0,23.699508604335193,0.0
7.87,0.0,-88.37743698346428,0.0,0.0,24.806850675355854,0.0
7.875,0.0,-92.71852651961323,0.0,0.0,25.324046183604427,0.0
7.88,0.0,-95.68084137488428,0.0,0.0,25.326047236815736,0.0
7.885,0.0,-97.46357556186392,0.0,0.0,24.8916594548493,0.0
7.890000000000001,0.0,-98.25476645099401,0.0,0.0,24.097033182808225,0.0
7.8950000000000005,0.0,-98.22176620901614,0.0,0.0,23.01173950266884,0.0
7.9,0.0,-97.50715310335613,0.0,0.0,21.696815243742186,0.0
7.905,0.0,-96.22823527074783,0.0,0.0,20.20414673405483,0.0
7.91,0.0,-94.47864461847674,0.0,0.0,18.576670590005396,0.0
7.915,0.0,-92.33094813898956,0.0,0.0,16.84901276491577,0.0
7.92,0.0,-89.83958917294159,0.0,0.0,15.048318050207861,0.0
7.925,0.0,-87.0437668025669,0.0,0.0,13.19512412691275,0.0
7.930000000000001,0.0,-83.97006680705049,0.0,0.0,11.304205813237873,0.0
7.9350000000000005,0.0,-80.63478944937039,0.0,0.0,9.385361627310706,0.0
7.94,0.0,-77.04599802847214,0.0,0.0,7.444142896183408,0.0
7.945,0.0,-73.20535479195992,0.0,0.0,5.482541234270448,0.0
7.95,0.0,-69.10982972606381,0.0,0.0,3.4996575298842565,0.0
7.955,0.0,-64.75337048073432,0.0,0.0,1.4923772724177375,0.0
7.96,0.0,-60.128612054442414,0.0,0.0,-0.5439255151386506,0.0
7.965,0.0,-55.22868406868899,0.0,0.0,-2.6146398566278313,0.0
7.97,0.0,-50.049141365044115,0.0,0.0,-4.7251192805289755,0.0
7.9750000000000005,0.0,-44.59000011287042,0.0,0.0,-6.879841709502614,0.0
7.98,0.0,-38.857807960022605,0.0,0.0,-9.081554071711974,0.0
7.985,0.0,-32.86761730009522,0.0,0.0,-11.33044781155731,0.0
7.99,0.0,-26.644673871517952,0.0,0.0,-13.623430731174409,0.0
7.995,0.0,-20.22559127227061,0.0,0.0,-15.95357497266042,0.0
8.0,0.0,-13.658770837357295,0.0,0.0,-18.309825271434338,0.0
8.005,0.0,-7.0038598853842045,0.0,0.0,-20.677040985610617,0.0
8.01,0.0,-0.33012729040787914,0.0,0.0,-23.036417076092032,0.0
8.015,0.0,6.286230714232033,0.0,0.0,-25.36628444889535,0.0
8.02,0.0,12.765679240829602,0.0,0.0,-27.643235272885665,0.0
8.025,0.0,19.029494851031615,0.0,0.0,-29.84346499316957,0.0
8.03,0.0,25.004028923481965,0.0,0.0,-31.94418265493692,0.0
8.035,0.0,30.62459574566546,0.0,0.0,-33.9249256633644,0.0
8.040000000000001,0.0,35.83854483381782,0.0,0.0,-35.76862914439054,0.0
8.045,0.0,40.60720361235373,0.0,0.0,-37.46234064954485,0.0
8.05,0.0,44.90655116136142,0.0,0.0,-38.99752807566946,0.0
8.055,0.0,48.726665292550834,0.0,0.0,-40.36998878655041,0.0
8.06,0.0,52.070135704355444,0.0,0.0,-41.57941831557811,0.0
8.065,0.0,54.9497308691458,0.0,0.0,-42.628729384491024,0.0
8.07,0.0,57.38563889074852,0.0,0.0,-43.52322385936982,0.0
8.075,0.0,59.402581675341644,0.0,0.0,-44.26971443201892,0.0
8.08,0.0,61.027045473180024,0.0,0.0,-44.875675130606304,0.0
8.085,0.0,62.28479942379096,0.0,0.0,-45.348476867764326,0.0
8.09,0.0,63.198804219454026,0.0,0.0,-45.694741752145475,0.0
8.095,0.0,63.78755658247294,0.0,0.0,-45.91983153848246,0.0
8.1,0.0,64.06387702588972,0.0,0.0,-46.027473088220304,0.0
8.105,0.0,64.0341285436213,0.0,0.0,-46.01951716380895,0.0
8.11,0.0,63.69784945480388,0.0,0.0,-45.89582532942552,0.0
8.115,0.0,63.04778987367206,0.0,0.0,-45.654281647539975,0.0
8.120000000000001,0.0,62.07035270499053,0.0,0.0,-45.29092946170952,0.0
8.125,0.0,60.74645095719538,0.0,0.0,-44.80023698008936,0.0
8.13,0.0,59.05279782815982,0.0,0.0,-44.17549676896231,0.0
8.135,0.0,56.96363907143261,0.0,0.0,-43.40936188391887,0.0
8.14,0.0,54.45291411778983,0.0,0.0,-42.49451376305096,0.0
8.145,0.0,51.49679081425844,0.0,0.0,-41.42444339491095,0.0
8.15,0.0,48.076459475833445,0.0,0.0,-40.19430803125432,0.0
8.155,0.0,44.18100140890669,0.0,0.0,-38.80180291814803,0.0
8.16,0.0,39.81007750714353,0.0,0.0,-37.24796526729576,0.0
8.165000000000001,0.0,34.97613180476112,0.0,0.0,-35.53781187357303,0.0
8.17,0.0,29.705793210614893,0.0,0.0,-33.68070902404452,0.0
8.175,0.0,24.040202802826247,0.0,0.0,-31.69038905774412,0.0
8.18,0.0,18.034100219872517,0.0,0.0,-29.584563987698395,0.0
8.185,0.0,11.753660701315406,0.0,0.0,-27.38413942106031,0.0
8.19,0.0,5.273256667663567,0.0,0.0,-25.11209230449306,0.0
8.195,0.0,-1.328514958449663,0.0,0.0,-22.792130650088012,0.0
8.2,0.0,-7.973085943040294,0.0,0.0,-20.447289231003452,0.0
8.205,0.0,-14.585965977001866,0.0,0.0,-18.098623493191354,0.0
8.21,0.0,-21.10015977525601,0.0,0.0,-15.764143187251438,0.0
8.215,0.0,-27.458649259432303,0.0,0.0,-13.458083739053702,0.0
8.22,0.0,-33.615798744997576,0.0,0.0,-11.190558636358656,0.0
8.225,0.0,-39.53769917311805,0.0,0.0,-8.967582822939857,0.0
8.23,0.0,-45.20159240649817,0.0,0.0,-6.791415401562669,0.0
8.235,0.0,-50.59459193597716,0.0,0.0,-4.661145209496191,0.0
8.24,0.0,-55.71194033429305,0.0,0.0,-2.5734354128555292,0.0
8.245000000000001,0.0,-60.55502578832231,0.0,0.0,-0.5233498657861491,0.0
8.25,0.0,-65.12933472189155,0.0,0.0,1.4948004410981346,0.0
8.255,0.0,-69.44245975079008,0.0,0.0,3.486632999292432,0.0
8.26,0.0,-73.50222375739857,0.0,0.0,5.456914110396394,0.0
8.265,0.0,-77.3149292053749,0.0,0.0,7.408829526854358,0.0
8.27,0.0,-80.88370047316738,0.0,0.0,9.343297578773141,0.0
8.275,0.0,-84.20685678623276,0.0,0.0,11.258307364148125,0.0
8.28,0.0,-87.27623384895081,0.0,0.0,13.148258646118165,0.0
8.285,0.0,-90.07536328482773,0.0,0.0,15.003277753537212,0.0
8.290000000000001,0.0,-92.57742173819527,0.0,0.0,16.808485483434808,0.0
8.295,0.0,-94.74287991742582,0.0,0.0,18.543200167748935,0.0
8.3,0.0,-96.51682378504903,0.0,0.0,20.180074440793014,0.0
8.305,0.0,-97.82599823390562,0.0,0.0,21.684192231807092,0.0
8.31,0.0,-98.57575586448189,0.0,0.0,23.012199220221923,0.0
8.315,0.0,-98.64730137813534,0.0,0.0,24.111612576314116,0.0
8.32,0.0,-97.89592444382002,0.0,0.0,24.920560177904846,0.0
8.325,0.0,-96.15131217421086,0.0,0.0,25.368335124843053,0.0
8.33,0.0,-93.22148323323003,0.0,0.0,25.377301761530383,0.0
8.335,0.0,-88.90225971827593,0.0,0.0,24.866807991951944,0.0
8.34,0.0,-82.9942315776572,0.0,0.0,23.759754418221537,0.0
8.345,0.0,-75.32847594588955,0.0,0.0,21.992206934344587,0.0
8.35,0.0,-65.80043907009872,0.0,0.0,19.525769756887104,0.0
8.355,0.0,-54.40819251232453,0.0,0.0,16.36130601995041,0.0
8.36,0.0,-41.28727158893314,0.0,0.0,12.551198734147444,0.0
8.365,0.0,-26.731104729608415,0.0,0.0,8.206254898938575,0.0
8.370000000000001,0.0,-11.186064596905332,0.0,0.0,3.493410696800997,0.0
8.375,0.0,4.784705795964552,0.0,0.0,-1.3777608884789772,0.0
8.38,0.0,20.564906707818743,0.0,0.0,-6.178329154026644,0.0
8.385,0.0,35.56210598255212,0.0,0.0,-10.688055316622522,0.0
8.39,0.0,49.27868419863946,0.0,0.0,-14.721279284795784,0.0
8.395,0.0,61.35971847350414,0.0,0.0,-18.144590551081087,0.0
8.4,0.0,71.60981421843685,0.0,0.0,-20.883391157886486,0.0
8.405,0.0,79.98138029354357,0.0,0.0,-22.91816014294589,0.0
8.41,0.0,86.54397500118758,0.0,0.0,-24.273772288071193,0.0
8.415000000000001,0.0,91.44622535484575,0.0,0.0,-25.005930695744766,0.0
8.42,0.0,94.87957509203648,0.0,0.0,-25.188023873801964,0.0
8.425,0.0,97.04917282504069,0.0,0.0,-24.90035313743317,0.0
8.43,0.0,98.15358307314254,0.0,0.0,-24.22240086608923,0.0
8.435,0.0,98.37262009568987,0.0,0.0,-23.22795809516064,0.0
8.44,0.0,97.86150642462046,0.0,0.0,-21.982523667773272,0.0
8.445,0.0,96.7493654744183,0.0,0.0,-20.542300204432124,0.0
8.45,0.0,95.14034023038035,0.0,0.0,-18.95419658946313,0.0
8.455,0.0,93.11607271865624,0.0,0.0,-17.25639242869169,0.0
8.46,0.0,90.7387064597653,0.0,0.0,-15.479164563285465,0.0
8.465,0.0,88.05391511225825,0.0,0.0,-13.645792893547384,0.0
8.47,0.0,85.09370318260878,0.0,0.0,-11.77344715050175,0.0
8.475,0.0,81.87888347113945,0.0,0.0,-9.874012097657673,0.0
8.48,0.0,78.42123241744997,0.0,0.0,-7.954843021857682,0.0
8.485,0.0,74.7253784370792,0.0,0.0,-6.01946295218622,0.0
8.49,0.0,70.79050454613572,0.0,0.0,-4.06822293982156,0.0
8.495000000000001,0.0,66.61195477234159,0.0,0.0,-2.0989503361420168,0.0
8.5,0.0,62.182829499006,0.0,0.0,-0.1076092547728944,0.0
8.505,0.0,57.49564029890027,0.0,0.0,1.911006865124226,0.0
8.51,0.0,52.5440703364851,0.0,0.0,3.962538325436457,0.0
8.515,0.0,47.32485162681069,0.0,0.0,6.052276782651162,0.0
8.52,0.0,41.83972543647486,0.0,0.0,8.184351056007173,0.0
8.525,0.0,36.09739890151477,0.0,0.0,10.360912430599882,0.0
8.53,0.0,30.115354724411638,0.0,0.0,12.581369627931666,0.0
8.535,0.0,23.921320780642088,0.0,0.0,14.841740645224402,0.0
8.540000000000001,0.0,17.55417541345303,0.0,0.0,17.13419953117246,0.0
8.545,0.0,11.064066432137292,0.0,0.0,19.446895988422988,0.0
8.55,0.0,4.511569137766712,0.0,0.0,21.764110380850965,0.0
8.555,0.0,-2.0341949189690505,0.0,0.0,24.066774756097562,0.0
8.56,0.0,-8.498419759564637,0.0,0.0,26.333344527305652,0.0
8.565,0.0,-14.804243662679296,0.0,0.0,28.54095291781264,0.0
8.57,0.0,-20.8767910870341,0.0,0.0,30.666732233338873,0.0
8.575000000000001,0.0,-26.64718446717791,0.0,0.0,32.68915431851425,0.0
8.58,0.0,-32.05606851123074,0.0,0.0,34.589235950008735,0.0
8.585,0.0,-37.05625801348263,0.0,0.0,36.35147592948246,0.0
8.59,0.0,-41.6142556268522,0.0,0.0,37.964434416499984,0.0
8.595,0.0,-45.71055612084432,0.0,0.0,39.420920956101455,0.0
8.6,0.0,-49.338819780520424,0.0,0.0,40.7178128884778,0.0
8.605,0.0,-52.504127003003944,0.0,0.0,41.855569381390964,0.0
8.61,0.0,-55.22060024862394,0.0,0.0,42.83753185425625,0.0
8.615,0.0,-57.50869620406432,0.0,0.0,43.66910817689912,0.0
8.620000000000001,0.0,-59.392441379585875,0.0,0.0,44.356929235001786,0.0
8.625,0.0,-60.89682634053525,0.0,0.0,44.9080481018477,0.0
8.63,0.0,-62.04550588709305,0.0,0.0,45.32923022872015,0.0
8.635,0.0,-62.858889465227044,0.0,0.0,45.62636263275627,0.0
8.64,0.0,-63.352656969059645,0.0,0.0,45.80399403959483,0.0
8.645,0.0,-63.536703433019376,0.0,0.0,45.865007539290566,0.0
8.65,0.0,-63.414501240831555,0.0,0.0,45.81042235428256,0.0
8.655,0.0,-62.982867041741144,0.0,0.0,45.63932072453186,0.0
8.66,0.0,-62.23212778833099,0.0,0.0,45.348898142121385,0.0
8.665000000000001,0.0,-61.14669081486299,0.0,0.0,44.93463846755067,0.0
8.67,0.0,-59.70603110516821,0.0,0.0,44.39061802554821,0.0
8.675,0.0,-57.88610939575833,0.0,0.0,43.709942834617735,0.0
8.68,0.0,-55.661222543755585,0.0,0.0,42.885319057313694,0.0
8.685,0.0,-53.0062588964318,0.0,0.0,41.90974735705386,0.0
8.69,0.0,-49.89928488125257,0.0,0.0,40.77731670150359,0.0
8.695,0.0,-46.32432729946576,0.0,0.0,39.48405315657876,0.0
8.700000000000001,0.0,-42.27414683101009,0.0,0.0,38.028757028934855,0.0
8.705,0.0,-37.75273587718535,0.0,0.0,36.41374191239729,0.0
8.71,0.0,-32.777236364653554,0.0,0.0,34.64537778456168,0.0
8.715,0.0,-27.37897932225015,0.0,0.0,32.73434341796235,0.0
8.72,0.0,-21.60341113665603,0.0,0.0,30.695515244151142,0.0
8.725,0.0,-15.508792399911542,0.0,0.0,28.547460584713683,0.0
8.73,0.0,-9.163718743401171,0.0,0.0,26.31155753631507,0.0
8.735,0.0,-2.643688134580127,0.0,0.0,24.010821396409476,0.0
8.74,0.0,3.9729131610459927,0.0,0.0,21.66856539424488,0.0
8.745000000000001,0.0,10.608948598907725,0.0,0.0,19.307050071141582,0.0
8.75,0.0,17.192333185912336,0.0,0.0,16.946274608103103,0.0
8.755,0.0,23.659116233374366,0.0,0.0,14.603035771469996,0.0
8.76,0.0,29.95559677890904,0.0,0.0,12.290333779042221,0.0
8.765,0.0,36.039380763668554,0.0,0.0,10.017150992023263,0.0
8.77,0.0,41.87943411647857,0.0,0.0,7.788580605446729,0.0
8.775,0.0,47.45529310315122,0.0,0.0,5.606246884418462,0.0
8.78,0.0,52.7556511535647,0.0,0.0,3.4689396431489,0.0
8.785,0.0,57.7765517472855,0.0,0.0,1.3733827762095183,0.0
8.790000000000001,0.0,62.51939069396202,0.0,0.0,-0.6849340672277249,0.0
8.795,0.0,66.98888275282604,0.0,0.0,-2.7109150661091803,0.0
8.8,0.0,71.19109061141327,0.0,0.0,-4.709044327302415,0.0
8.805,0.0,75.13155902074953,0.0,0.0,-6.682615409797895,0.0
8.81,0.0,78.8135495562529,0.0,0.0,-8.633005650128887,0.0
8.815,0.0,82.23633483984305,0.0,0.0,-10.558984847338799,0.0
8.82,0.0,85.39348582142087,0.0,0.0,-12.456039956396898,0.0
8.825000000000001,0.0,88.27107194830495,0.0,0.0,-14.315693449421698,0.0
8.83,0.0,90.84569258601034,0.0,0.0,-16.12479323767782,0.0
8.835,0.0,93.08227176653529,0.0,0.0,-17.86475753107584,0.0
8.84,0.0,94.93158329967585,0.0,0.0,-19.510770880779944,0.0
8.845,0.0,96.32753971189315,0.0,0.0,-21.03095144941364,0.0
8.85,0.0,97.1843911198604,0.0,0.0,-22.38554931315421,0.0
8.855,0.0,97.39415704017905,0.0,0.0,-23.526297335863823,0.0
8.86,0.0,96.82487184104467,0.0,0.0,-24.396125112357147,0.0
8.865,0.0,95.32056671736714,0.0,0.0,-24.92956307419631,0.0
8.870000000000001,0.0,92.70430681556124,0.0,0.0,-25.0542961301779,0.0
8.875,0.0,88.78595271106786,0.0,0.0,-24.694438450610537,0.0
8.88,0.0,83.37641698659858,0.0,0.0,-23.776121260950063,0.0
8.885,0.0,76.3097161545434,0.0,0.0,-22.2358017173351,0.0
8.89,0.0,67.47269781461053,0.0,0.0,-20.03118451366136,0.0
8.895,0.0,56.83973063703609,0.0,0.0,-17.153727746331313,0.0
8.9,0.0,44.50618153445802,0.0,0.0,-13.640494197990929,0.0
8.905,0.0,30.711349738212316,0.0,0.0,-9.582026905350016,0.0
8.91,0.0,15.84067046385598,0.0,0.0,-5.122667841845443,0.0
8.915000000000001,0.0,0.40032176907711275,0.0,0.0,-0.4509480648100909,0.0
8.92,0.0,-15.034963864701178,0.0,0.0,4.219598435164243,0.0
8.925,0.0,-29.890712549798636,0.0,0.0,8.675541482088114,0.0
8.93,0.0,-43.661484466931974,0.0,0.0,12.728645010864149,0.0
8.935,0.0,-55.96296255796696,0.0,0.0,16.235009117111744,0.0
8.94,0.0,-66.55721559553726,0.0,0.0,19.104621269251552,0.0
8.945,0.0,-75.35036930214511,0.0,0.0,21.300979340824206,0.0
8.950000000000001,0.0,-82.36957663588426,0.0,0.0,22.833169234894406,0.0
8.955,0.0,-87.72948359814758,0.0,0.0,23.743983270519788,0.0
8.96,0.0,-91.59751726568624,0.0,0.0,24.097400204422385,0.0
8.965,0.0,-94.16416199931322,0.0,0.0,23.967662552063707,0.0
8.97,0.0,-95.62092603567397,0.0,0.0,23.430975769412093,0.0
8.975,0.0,-96.14611074337019,0.0,0.0,22.55993425315468,0.0
8.98,0.0,-95.89707741761863,0.0,0.0,21.420263608178054,0.0
8.985,0.0,-95.00723826441742,0.0,0.0,20.069285643087575,0.0
8.99,0.0,-93.58610104970963,0.0,0.0,18.555533329215706,0.0
8.995000000000001,0.0,-91.72104786104107,0.0,0.0,16.91905543023246,0.0
9.0,0.0,-89.47992392775227,0.0,0.0,15.192082805366475,0.0
9.005,0.0,-86.91385394909172,0.0,0.0,13.399844852501673,0.0
9.01,0.0,-84.05996013900297,0.0,0.0,11.561413282106233,0.0
9.015,0.0,-80.94383198863909,0.0,0.0,9.690511855824644,0.0
9.02,0.0,-77.5817092493018,0.0,0.0,7.796270168212438,0.0
9.025,0.0,-73.98240505161135,0.0,0.0,5.88392306477099,0.0
9.03,0.0,-70.14903039270324,0.0,0.0,3.955469986205669,0.0
9.035,0.0,-66.08059502274055,0.0,0.0,2.010314071725463,0.0
9.040000000000001,0.0,-61.77355958476092,0.0,0.0,0.04590153749152659,0.0
9.045,0.0,-57.22340312729118,0.0,0.0,-1.941621115785007,0.0
9.05,0.0,-52.42625016815967,0.0,0.0,-3.9567206365239205,0.0
9.055,0.0,-47.380572699213864,0.0,0.0,-6.0037590369712355,0.0
9.06,0.0,-42.08894536227254,0.0,0.0,-8.086253909346617,0.0
9.065,0.0,-36.55978822809655,0.0,0.0,-10.20614131316551,0.0
9.07,0.0,-30.808985197831557,0.0,0.0,-12.36308100607727,0.0
9.075000000000001,0.0,-24.86122399411833,0.0,0.0,-14.553858023619071,0.0
9.08,0.0,-18.750875776169238,0.0,0.0,-16.77194428610087,0.0
9.085,0.0,-12.522229726017816,0.0,0.0,-19.00728523004899,0.0
9.09,0.0,-6.228930158821546,0.0,0.0,-21.246366084128244,0.0
9.095,0.0,0.06746488437324949,0.0,0.0,-23.472588748187157,0.0
9.1,0.0,6.299778718758938,0.0,0.0,-25.666954720748546,0.0
9.105,0.0,12.39821507975726,0.0,0.0,-27.809007233762728,0.0
9.11,0.0,18.293792194539893,0.0,0.0,-29.877944865890353,0.0
9.115,0.0,23.92185697904321,0.0,0.0,-31.853788781347895,0.0
9.120000000000001,0.0,29.22529469875952,0.0,0.0,-33.71847415199548,0.0
9.125,0.0,34.15708566829833,0.0,0.0,-35.45674679916481,0.0
9.13,0.0,38.68195592271558,0.0,0.0,-37.056776571162665,0.0
9.135,0.0,42.77700149881291,0.0,0.0,-38.51044236428729,0.0
9.14,0.0,46.43130639940014,0.0,0.0,-39.8132902012175,0.0
9.145,0.0,49.644694196293685,0.0,0.0,-40.96420594631702,0.0
9.15,0.0,52.42583325218349,0.0,0.0,-41.96487151944591,0.0
9.155,0.0,54.78994893166432,0.0,0.0,-42.81908545780101,0.0
9.16,0.0,56.75638772707223,0.0,0.0,-43.53202681138775,0.0
9.165000000000001,0.0,58.34624026595416,0.0,0.0,-44.10952961530971,0.0
9.17,0.0,59.580177550829916,0.0,0.0,-44.55741841990143,0.0
9.175,0.0,60.47660079915739,0.0,0.0,-44.880937957638615,0.0
9.18,0.0,61.05015928993287,0.0,0.0,-45.0842950997713,0.0
9.185,0.0,61.31065757070006,0.0,0.0,-45.17032044881344,0.0
9.19,0.0,61.2623542072205,0.0,0.0,-45.14025058021162,0.0
9.195,0.0,60.90364712044965,0.0,0.0,-44.99362951124737,0.0
9.200000000000001,0.0,60.227141878744675,0.0,0.0,-44.728328288977224,0.0
9.205,0.0,59.22010463320181,0.0,0.0,-44.34068320671097,0.0
9.21,0.0,57.86530589390982,0.0,0.0,-43.825754520622915,0.0
9.215,0.0,56.142260283959864,0.0,0.0,-43.17770710012152,0.0
9.22,0.0,54.028856484566234,0.0,0.0,-42.39031081893589,0.0
9.225,0.0,51.50334761610356,0.0,0.0,-41.457550657441296,0.0
9.23,0.0,48.54663415888916,0.0,0.0,-40.3743240984412,0.0
9.235,0.0,45.1447212922492,0.0,0.0,-39.137187175395795,0.0
9.24,0.0,41.29117655729592,0.0,0.0,-37.74509258507003,0.0
9.245000000000001,0.0,36.98936292871272,0.0,0.0,-36.200047206246154,0.0
9.25,0.0,32.25419108850036,0.0,0.0,-34.507606890796275,0.0
9.255,0.0,27.113137825564486,0.0,0.0,-32.6771283629017,0.0
9.26,0.0,21.606325856217296,0.0,0.0,-30.721714933926922,0.0
9.265,0.0,15.785555671248428,0.0,0.0,-28.657824921960884,0.0
9.27,0.0,9.712311421181003,0.0,0.0,-26.504555406530393,0.0
9.275,0.0,3.454907275533243,0.0,0.0,-24.282661485274758,0.0
9.28,0.0,-2.9149321481250263,0.0,0.0,-22.01341245647915,0.0
9.285,0.0,-9.32568264074357,0.0,0.0,-19.717411836554326,0.0
9.290000000000001,0.0,-15.709431230441009,0.0,0.0,-17.413511951831445,0.0
9.295,0.0,-22.00474519896468,0.0,0.0,-15.117935658129102,0.0
9.3,0.0,-28.158758484684796,0.0,0.0,-12.843682679191197,0.0
9.305,0.0,-34.128361316440945,0.0,0.0,-10.600254866217345,0.0
9.31,0.0,-39.88050294158015,0.0,0.0,-8.393692846836748,0.0
9.315,0.0,-45.391715924183046,0.0,0.0,-6.226883598093115,0.0
9.32,0.0,-50.647031154529465,0.0,0.0,-4.100078503559627,0.0
9.325000000000001,0.0,-55.63847372723384,0.0,0.0,-2.011554852886177,0.0
9.33,0.0,-60.36331775261762,0.0,0.0,0.04164181365794928,0.0
9.335,0.0,-64.82224374183883,0.0,0.0,2.062925327117581,0.0
9.34,0.0,-69.01749674278716,0.0,0.0,4.055401990328475,0.0
9.345,0.0,-72.95109623726162,0.0,0.0,6.021128987582138,0.0
9.35,0.0,-76.62310632273402,0.0,0.0,7.9604039845399654,0.0
9.355,0.0,-80.02994049979725,0.0,0.0,9.871080754412196,0.0
9.36,0.0,-83.16265118294096,0.0,0.0,11.74789807020975,0.0
9.365,0.0,-86.00514085046095,0.0,0.0,13.581805280986663,0.0
9.370000000000001,0.0,-88.53223106556067,0.0,0.0,15.35926846911666,0.0
9.375,0.0,-90.70754061857824,0.0,0.0,17.061546984006213,0.0
9.38,0.0,-92.48116062762328,0.0,0.0,18.66394351010993,0.0
9.385,0.0,-93.78718186790921,0.0,0.0,20.135054846183273,0.0
9.39,0.0,-94.54124055337053,0.0,0.0,21.43608953743636,0.0
9.395,0.0,-94.63841762598871,0.0,0.0,22.520377135782663,0.0
9.4,0.0,-93.9520641959864,0.0,0.0,23.333275450243352,0.0
9.405,0.0,-92.3344283809525,0.0,0.0,23.812784604039408,0.0
9.41,0.0,-89.62028849285983,0.0,0.0,23.891285796159277,0.0
9.415000000000001,0.0,-85.63505456942228,0.0,0.0,23.498902562645576,0.0
9.42,0.0,-80.20879628960274,0.0,0.0,22.568966851616395,0.0
9.425,0.0,-73.19711310692487,0.0,0.0,21.045865521368754,0.0
9.43,0.0,-64.50838767388323,0.0,0.0,18.895045408663048,0.0
9.435,0.0,-54.13463613559135,0.0,0.0,16.114130671329335,0.0
9.44,0.0,-42.1802412534078,0.0,0.0,12.74308476070816,0.0
9.445,0.0,-28.880396696259325,0.0,0.0,8.870509737853205,0.0
9.450000000000001,0.0,-14.600750141173112,0.0,0.0,4.633091930734581,0.0
9.455,0.0,0.18707791487068354,0.0,0.0,0.20636051449211076,0.0
9.46,0.0,14.95278467157729,0.0,0.0,-4.212715620330246,0.0
9.465,0.0,29.16840227150758,0.0,0.0,-8.428026352022046,0.0
9.47,0.0,42.368775867144386,0.0,0.0,-12.266424419667075,0.0
9.475,0.0,54.19744475550018,0.0,0.0,-15.594619062229219,0.0
9.48,0.0,64.42935222939313,0.0,0.0,-18.3277731999587,0.0
9.485,0.0,72.96961539065639,0.0,0.0,-20.429473818151518,0.0
9.49,0.0,79.83403257284336,0.0,0.0,-21.905037559904628,0.0
9.495000000000001,0.0,85.11992536279782,0.0,0.0,-22.791176200519665,0.0
9.5,0.0,88.97536592733388,0.0,0.0,-23.14488962432194,0.0
9.505,0.0,91.57229816579695,0.0,0.0,-23.033582953768356,0.0
9.51,0.0,93.08614822482329,0.0,0.0,-22.52738677699534,0.0
9.515,0.0,93.68225410241996,0.0,0.0,-21.693855674056717,0.0
9.52,0.0,93.50813470527966,0.0,0.0,-20.594745364593244,0.0
9.525,0.0,92.69012429678801,0.0,0.0,-19.284378921807964,0.0
9.53,0.0,91.33292080262422,0.0,0.0,-17.809106586921285,0.0
9.535,0.0,89.52086355940271,0.0,0.0,-16.20744748179943,0.0
9.540000000000001,0.0,87.32008609806155,0.0,0.0,-14.510611005890437,0.0
9.545,0.0,84.7809879749059,0.0,0.0,-12.743196927381323,0.0
9.55,0.0,81.94070181291991,0.0,0.0,-10.92395303313825,0.0
9.555,0.0,78.82539546061508,0.0,0.0,-9.066526178112822,0.0
9.56,0.0,75.45235600819618,0.0,0.0,-7.1801801864230885,0.0
9.565,0.0,71.831866824098,0.0,0.0,-5.270477086228199,0.0
9.57,0.0,67.96892346580191,0.0,0.0,-3.3399309027110213,0.0
9.575000000000001,0.0,63.864848584740486,0.0,0.0,-1.3886488917084154,0.0
9.58,0.0,59.51886577674337,0.0,0.0,0.5850242429468917,0.0
9.585,0.0,54.929681108930566,0.0,0.0,2.5838467562481355,0.0
9.59,0.0,50.097100489940324,0.0,0.0,4.610998868526018,0.0
9.595,0.0,45.02368218806015,0.0,0.0,6.669383586103608,0.0
9.6,0.0,39.71638805506926,0.0,0.0,8.76092420987149,0.0
9.605,0.0,34.18815714616469,0.0,0.0,10.885886588097517,0.0
9.61,0.0,28.459286310715374,0.0,0.0,13.042267263925098,0.0
9.615,0.0,22.558471191165587,0.0,0.0,15.22529925149102,0.0
9.620000000000001,0.0,16.52334686801948,0.0,0.0,17.427132210713893,0.0
9.625,0.0,10.400379081827511,0.0,0.0,19.63674020525142,0.0
9.63,0.0,4.244000723720879,0.0,0.0,21.840095842041656,0.0
9.635,0.0,-1.8850356666752175,0.0,0.0,24.02062420117783,0.0
9.64,0.0,-7.922018452140371,0.0,0.0,26.15991617293213,0.0
9.645,0.0,-13.801171873036676,0.0,0.0,28.238644132226256,0.0
9.65,0.0,-19.458813989971535,0.0,0.0,30.237590768512558,0.0
9.655,0.0,-24.836450361840825,0.0,0.0,32.1386818670412,0.0
9.66,0.0,-29.883472735088244,0.0,0.0,33.92591116175223,0.0
9.665000000000001,0.0,-34.559183743045686,0.0,0.0,35.586061235829504,0.0
9.67,0.0,-38.833964776601896,0.0,0.0,37.109155428449384,0.0
9.675,0.0,-42.689523554148856,0.0,0.0,38.48861486155786,0.0
9.68,0.0,-46.118275408684866,0.0,0.0,39.72113370771707,0.0
9.685,0.0,-49.12200627751887,0.0,0.0,40.806317420164454,0.0
9.69,0.0,-51.71002285090687,0.0,0.0,41.746148408987494,0.0
9.695,0.0,-53.897013710068606,0.0,0.0,42.544350570619116,0.0
9.700000000000001,0.0,-55.70083067728556,0.0,0.0,43.20572006565627,0.0
9.705,0.0,-57.140363192140235,0.0,0.0,43.73547840867989,0.0
9.71,0.0,-58.233632615131164,0.0,0.0,44.138689306754124,0.0
9.715,0.0,-58.99618835304263,0.0,0.0,44.41976619162741,0.0
9.72,0.0,-59.43985056856249,0.0,0.0,44.58208534928797,0.0
9.725,0.0,-59.571818257366914,0.0,0.0,44.627711066504716,0.0
9.73,0.0,-59.394146814174185,0.0,0.0,44.55723437101101,0.0
9.735,0.0,-58.903593818065744,0.0,0.0,44.36972509400657,0.0
9.74,0.0,-58.09183225221502,0.0,0.0,44.06279703873317,0.0
9.745000000000001,0.0,-56.94603266353227,0.0,0.0,43.6327866807573,0.0
9.75,0.0,-55.449815608068796,0.0,0.0,43.07504567642954,0.0
9.755,0.0,-53.584569105683194,0.0,0.0,42.38434521851318,0.0
9.76,0.0,-51.331109486011066,0.0,0.0,41.55538490544802,0.0
9.765,0.0,-48.67163615254006,0.0,0.0,40.583389719530494,0.0
9.77,0.0,-45.59189197971996,0.0,0.0,39.464766150871654,0.0
9.775,0.0,-42.083395086990876,0.0,0.0,38.19777373397646,0.0
9.78,0.0,-38.145562141042824,0.0,0.0,36.78315378018688,0.0
9.785,0.0,-33.78750899274072,0.0,0.0,35.22464646828146,0.0
9.790000000000001,0.0,-29.029303789012904,0.0,0.0,33.52932475746664,0.0
9.795,0.0,-23.902471503470732,0.0,0.0,31.707682291868664,0.0
9.8,0.0,-18.449612227519456,0.0,0.0,29.773434144989714,0.0
9.805,0.0,-12.723094515209286,0.0,0.0,27.743022427415426,0.0
9.81,0.0,-6.782905108226569,0.0,0.0,25.634858531913338,0.0
9.815,0.0,-0.6938548149994079,0.0,0.0,23.468372532730058,0.0
9.82,0.0,5.477567996270154,0.0,0.0,21.262969655312492,0.0
9.825000000000001,0.0,11.66636017152716,0.0,0.0,19.037007173578424,0.0
9.83,0.0,17.811858079000867,0.0,0.0,16.80689976357669,0.0
9.835,0.0,23.86002127249829,0.0,0.0,14.58643907867538,0.0
9.84,0.0,29.76498033955836,0.0,0.0,12.386379854501477,0.0
9.845,0.0,35.489792417885646,0.0,0.0,10.214307903794726,0.0
9.85,0.0,41.00644616899384,0.0,0.0,8.074772264689061,0.0
9.855,0.0,46.295230254817874,0.0,0.0,5.969639688348302,0.0
9.86,0.0,51.34361864114178,0.0,0.0,3.8986167877759996,0.0
9.865,0.0,56.14483360141369,0.0,0.0,1.8598829710780747,0.0
9.870000000000001,0.0,60.69622994033297,0.0,0.0,-0.14921664187477468,0.0
9.875,0.0,64.99761089302838,0.0,0.0,-2.131457918266473,0.0
9.88,0.0,69.04954627813257,0.0,0.0,-4.089030305003684,0.0
9.885,0.0,72.85172380576535,0.0,0.0,-6.022848500759586,0.0
9.89,0.0,76.40132962461945,0.0,0.0,-7.931885065990196,0.0
9.895,0.0,79.69142689720672,0.0,0.0,-9.81251713232786,0.0
9.9,0.0,82.70928290940672,0.0,0.0,-11.657874786011561,0.0
9.905,0.0,85.43458729071347,0.0,0.0,-13.45717667471797,0.0
9.91,0.0,87.83750858652614,0.0,0.0,-15.19504070370815,0.0
9.915000000000001,0.0,89.87655782188227,0.0,0.0,-16.85076578993551,0.0
9.92,0.0,91.49627271124336,0.0,0.0,-18.39759691415586,0.0
9.925,0.0,92.62481488814166,0.0,0.0,-19.80201359647277,0.0
9.93,0.0,93.17169771980635,0.0,0.0,-21.023125695852748,0.0
9.935,0.0,93.02604672270543,0.0,0.0,-22.012324212498896,0.0
9.94,0.0,92.05604440536102,0.0,0.0,-22.713420103490307,0.0
9.945,0.0,90.11051277352435,0.0,0.0,-23.063605376504388,0.0
9.950000000000001,0.0,87.02388485451995,0.0,0.0,-22.995667768626618,0.0
9.955,0.0,82.62598873717198,0.0,0.0,-22.441939504555783,0.0
9.96,0.0,76.75790439998097,0.0,0.0,-21.34038882703804,0.0
9.965,0.0,69.2943784512735,0.0,0.0,-19.642975222751733,0.0
9.97,0.0,60.17165464961961,0.0,0.0,-17.325805557147813,0.0
9.975,0.0,49.417113914052145,0.0,0.0,-14.399760000672867,0.0
9.98,0.0,37.17436961252398,0.0,0.0,-10.919303116018524,0.0
9.985,0.0,23.715660653414638,0.0,0.0,-6.9865889233543585,0.0
9.99,0.0,9.43409908954764,0.0,0.0,-2.748255367698617,0.0
9.995000000000001,0.0,-5.187469321894152,0.0,0.0,1.6161869761359071,0.0
10.0,0.0,-19.627299022363395,0.0,0.0,5.91300941154449,0.0
