0.0,0.0,-84.07010234750011,0.0,0.0,63.05888138783844,0.0
0.005,0.0,-84.06930622317358,0.0,0.0,63.058645472882546,0.0
0.01,0.0,-84.05736507383008,0.0,0.0,63.05510697532769,0.0
0.015,0.0,-84.00563559213381,0.0,0.0,63.03977839796641,0.0
0.02,0.0,-83.86648896913432,0.0,0.0,62.998548784879496,0.0
0.025,0.0,-83.57368467088865,0.0,0.0,62.9118021653136,0.0
0.03,0.0,-83.0433042973226,0.0,0.0,62.75471339929766,0.0
0.035,0.0,-82.1756303427176,0.0,0.0,62.49784303605422,0.0
0.04,0.0,-80.85840425073764,0.0,0.0,62.108167824131,0.0
0.045,0.0,-78.97186647061152,0.0,0.0,61.55067202382671,0.0
0.05,0.0,-76.3958243169105,0.0,0.0,60.79057238384982,0.0
0.055,0.0,-73.01867675785319,0.0,0.0,59.79614545045438,0.0
0.06,0.0,-68.74785021069134,0.0,0.0,58.54197059601888,0.0
0.065,0.0,-63.520533374199296,0.0,0.0,57.012218358349244,0.0
0.07,0.0,-57.313091194073806,0.0,0.0,55.20345077328714,0.0
0.075,0.0,-50.1472968927975,0.0,0.0,53.12632705485173,0.0
0.08,0.0,-42.09174074419122,0.0,0.0,50.80568756506561,0.0
0.085,0.0,-33.25752660008065,0.0,0.0,48.27874379852215,0.0
0.09,0.0,-23.788516686795603,0.0,0.0,45.59148563668364,0.0
0.095,0.0,-13.847597441562273,0.0,0.0,42.79381748784532,0.0
0.1,0.0,-3.6013067589410745,0.0,0.0,39.93421712529595,0.0
0.105,0.0,6.794606646037394,0.0,0.0,37.054779452869894,0.0
0.11,0.0,17.206568058515728,0.0,0.0,34.187351125249116,0.0
0.115,0.0,27.530291208025396,0.0,0.0,31.351154734224817,0.0
0.12,0.0,37.69343359963786,0.0,0.0,28.551959318673976,0.0
0.125,0.0,47.6544359743566,0.0,0.0,25.782580540911873,0.0
0.13,0.0,57.398661609445874,0.0,0.0,23.024342980347686,0.0
0.135,0.0,66.93305895174403,0.0,0.0,20.249108632999448,0.0
0.14,0.0,76.28041503034532,0.0,0.0,17.421534556106923,0.0
0.145,0.0,85.47398034931558,0.0,0.0,14.501322919470706,0.0
0.15,0.0,94.5529396246957,0.0,0.0,11.445330545856951,0.0
0.155,0.0,103.55894334991731,0.0,0.0,8.209489610631142,0.0
0.16,0.0,112.53372675555434,0.0,0.0,4.750548297126617,0.0
0.165,0.0,121.51771998143823,0.0,0.0,1.0276717101194812,0.0
0.17,0.0,130.54947557855434,0.0,0.0,-2.996043454404532,0.0
0.17500000000000002,0.0,139.66568038843232,0.0,0.0,-7.352082387301291,0.0
0.18,0.0,148.90145019243897,0.0,0.0,-12.064988791296784,0.0
0.185,0.0,158.29049638706246,0.0,0.0,-17.150717974750926,0.0
0.19,0.0,167.8645658067635,0.0,0.0,-22.614727659833882,0.0
0.195,0.0,177.65123272654128,0.0,0.0,-28.44956379767235,0.0
0.2,0.0,187.66858161028478,0.0,0.0,-34.63151173850694,0.0
0.20500000000000002,0.0,197.9144296405185,0.0,0.0,-41.1155678682525,0.0
0.21,0.0,208.34630730347277,0.0,0.0,-47.827480648413186,0.0
0.215,0.0,218.8461982561636,0.0,0.0,-54.650839327035,0.0
0.22,0.0,229.1608414267767,0.0,0.0,-61.40611013385797,0.0
0.225,0.0,238.804465352933,0.0,0.0,-67.81726395291315,0.0
0.23,0.0,246.90798932419867,0.0,0.0,-73.46091442182626,0.0
0.23500000000000001,0.0,252.00319722949948,0.0,0.0,-77.69493826548549,0.0
0.24,0.0,251.75810499983953,0.0,0.0,-79.57395928622282,0.0
0.245,0.0,242.76178429770357,0.0,0.0,-77.78842523735574,0.0
0.25,0.0,220.62704951388486,0.0,0.0,-70.72312388153084,0.0
0.255,0.0,180.89203790599097,0.0,0.0,-56.8021153103618,0.0
0.26,0.0,121.14223066086318,0.0,0.0,-35.25921155066851,0.0
0.265,0.0,43.84376638667974,0.0,0.0,-7.140879545078889,0.0
0.27,0.0,-42.316814932289766,0.0,0.0,24.241677332122723,0.0
0.275,0.0,-124.97434701576076,0.0,0.0,54.244653944064105,0.0
0.28,0.0,-193.51755689256993,0.0,0.0,78.84880041618511,0.0
0.28500000000000003,0.0,-243.07355963204628,0.0,0.0,96.10845089194036,0.0
0.29,0.0,-274.44783451100426,0.0,0.0,106.16658957988275,0.0
0.295,0.0,-291.5275406611997,0.0,0.0,110.35209618462892,0.0
0.3,0.0,-298.76746758877056,0.0,0.0,110.28092987807396,0.0
0.305,0.0,-299.8707120453953,0.0,0.0,107.3658793310999,0.0
0.31,0.0,-297.45738108024005,0.0,0.0,102.67474506753223,0.0
0.315,0.0,-293.2038391424143,0.0,0.0,96.96018464064596,0.0
0.32,0.0,-288.1037846766799,0.0,0.0,90.73851575251072,0.0
0.325,0.0,-282.7017481530772,0.0,0.0,84.36312141279836,0.0
0.33,0.0,-277.26054611145173,0.0,0.0,78.07729591812114,0.0
0.335,0.0,-271.86691574522604,0.0,0.0,72.04705597810307,0.0
0.34,0.0,-266.4895591654207,0.0,0.0,66.37851232777592,0.0
0.34500000000000003,0.0,-261.00222626602795,0.0,0.0,61.12413654248384,0.0
0.35000000000000003,0.0,-255.18034706802246,0.0,0.0,56.280903283249295,0.0
0.355,0.0,-248.6763952331134,0.0,0.0,51.78207352743894,0.0
0.36,0.0,-240.97804042037922,0.0,0.0,47.48385918740573,0.0
0.365,0.0,-231.3556983725183,0.0,0.0,43.148912236248066,0.0
0.37,0.0,-218.8146651797856,0.0,0.0,38.431334290174306,0.0
0.375,0.0,-202.0843783921747,0.0,0.0,32.873669744233666,0.0
0.38,0.0,-179.70310861329875,0.0,0.0,25.93507254904462,0.0
0.385,0.0,-150.27776884718267,0.0,0.0,17.077350931601615,0.0
0.39,0.0,-112.97739560553511,0.0,0.0,5.9292205883401365,0.0
0.395,0.0,-68.19716621691481,0.0,0.0,-7.490689287919814,0.0
0.4,0.0,-18.099739671899588,0.0,0.0,-22.58790604401443,0.0
0.405,0.0,33.43036815902286,0.0,0.0,-38.197030568073444,0.0
0.41000000000000003,0.0,81.68704876529054,0.0,0.0,-52.86806019668545,0.0
0.41500000000000004,0.0,122.56155934069133,0.0,0.0,-65.32594637236394,0.0
0.42,0.0,153.67849498142962,0.0,0.0,-74.84054495502825,0.0
0.425,0.0,174.6708579593112,0.0,0.0,-81.31663791100686,0.0
0.43,0.0,186.68041383412793,0.0,0.0,-85.13192467602975,0.0
0.435,0.0,191.57885257064652,0.0,0.0,-86.88531322121656,0.0
0.44,0.0,191.32886036569067,0.0,0.0,-87.19229727700322,0.0
0.445,0.0,187.6290732465663,0.0,0.0,-86.57360351262267,0.0
0.45,0.0,181.79526771977004,0.0,0.0,-85.42062814581709,0.0
0.455,0.0,174.77626085496152,0.0,0.0,-84.00397625165203,0.0
0.46,0.0,167.22338872244254,0.0,0.0,-82.4985005611022,0.0
0.465,0.0,159.5680107896336,0.0,0.0,-81.01010082799979,0.0
0.47000000000000003,0.0,152.0878953101883,0.0,0.0,-79.5982453826707,0.0
0.47500000000000003,0.0,144.95768609261847,0.0,0.0,-78.29284541272317,0.0
0.48,0.0,138.2847751456483,0.0,0.0,-77.1060656228096,0.0
0.485,0.0,132.13372938229662,0.0,0.0,-76.04020405988003,0.0
0.49,0.0,126.54240310676597,0.0,0.0,-75.09273308097198,0.0
0.495,0.0,121.53225047094455,0.0,0.0,-74.25936794819977,0.0
0.5,0.0,117.11465980860275,0.0,0.0,-73.53578853840482,0.0
0.505,0.0,113.2945437221095,0.0,0.0,-72.91843856706457,0.0
0.51,0.0,110.07196733078453,0.0,0.0,-72.4046737368035,0.0
0.515,0.0,107.44226318271164,0.0,0.0,-71.99241756637292,0.0
0.52,0.0,105.39483532150562,0.0,0.0,-71.67940075879937,0.0
0.525,0.0,103.91067263207238,0.0,0.0,-71.46199849566905,0.0
0.53,0.0,102.95846091569233,0.0,0.0,-71.33363602192982,0.0
0.535,0.0,102.48910975681883,0.0,0.0,-71.28270831845896,0.0
0.54,0.0,102.42852426322703,0.0,0.0,-71.2899647840416,0.0
0.545,0.0,102.66861705682855,0.0,0.0,-71.32536611923639,0.0
0.55,0.0,103.05697758290592,0.0,0.0,-71.34456306274011,0.0
0.555,0.0,103.38643325270365,0.0,0.0,-71.28542132301715,0.0
0.56,0.0,103.38707416125219,0.0,0.0,-71.06546408260071,0.0
0.5650000000000001,0.0,102.72514156375878,0.0,0.0,-70.58171067829032,0.0
0.5700000000000001,0.0,101.0150554755136,0.0,0.0,-69.71500484188728,0.0
0.5750000000000001,0.0,97.85158340218437,0.0,0.0,-68.34114396945034,0.0
0.58,0.0,92.86668734460872,0.0,0.0,-66.35025706435918,0.0
0.585,0.0,85.8078373324891,0.0,0.0,-63.67323988783445,0.0
0.59,0.0,76.62166921174818,0.0,0.0,-60.30970342834363,0.0
0.595,0.0,65.51397979281315,0.0,0.0,-56.34759538602174,0.0
0.6,0.0,52.954355673058686,0.0,0.0,-51.9638417994563,0.0
0.605,0.0,39.6095824605156,0.0,0.0,-47.40081412448055,0.0
0.61,0.0,26.220521036202047,0.0,0.0,-42.923799521137454,0.0
0.615,0.0,13.464216389012844,0.0,0.0,-38.77377439906894,0.0
0.62,0.0,1.8478322788410448,0.0,0.0,-35.131318420239154,0.0
0.625,0.0,-8.338583822814137,0.0,0.0,-32.1007738936179,0.0
0.63,0.0,-17.011923671388608,0.0,0.0,-29.71406610725499,0.0
0.635,0.0,-24.249256596159878,0.0,0.0,-27.94700648934272,0.0
0.64,0.0,-30.229182464228305,0.0,0.0,-26.73960290054763,0.0
0.645,0.0,-35.179098170264936,0.0,0.0,-26.01427018184368,0.0
0.65,0.0,-39.33649683257198,0.0,0.0,-25.689147769463315,0.0
0.655,0.0,-42.92509006767549,0.0,0.0,-25.686242287108023,0.0
0.66,0.0,-46.142844980165435,0.0,0.0,-25.93538428222677,0.0
0.665,0.0,-49.15808407311037,0.0,0.0,-26.375316630079332,0.0
0.67,0.0,-52.11028269274442,0.0,0.0,-26.953069560970818,0.0
0.675,0.0,-55.11314020863221,0.0,0.0,-27.622457313151376,0.0
0.68,0.0,-58.25839505825196,0.0,0.0,-28.34222713463689,0.0
0.685,0.0,-61.61952610519273,0.0,0.0,-29.074163491072753,0.0
0.6900000000000001,0.0,-65.25492551888748,0.0,0.0,-29.781302640540634,0.0
0.6950000000000001,0.0,-69.21039314690262,0.0,0.0,-30.426328294610073,0.0
0.7000000000000001,0.0,-73.52094806742676,0.0,0.0,-30.970178142664928,0.0
0.705,0.0,-78.21202708259148,0.0,0.0,-31.370877446598985,0.0
0.71,0.0,-83.30017497020611,0.0,0.0,-31.582618264866618,0.0
0.715,0.0,-88.79334763777474,0.0,0.0,-31.555113426625432,0.0
0.72,0.0,-94.6909583705403,0.0,0.0,-31.23326784545748,0.0
0.725,0.0,-100.98380471129627,0.0,0.0,-30.55722212250105,0.0
0.73,0.0,-107.65402095285228,0.0,0.0,-29.462831158572822,0.0
0.735,0.0,-114.67520819043028,0.0,0.0,-27.882640341801473,0.0
0.74,0.0,-122.01289840176102,0.0,0.0,-25.747410570371184,0.0
0.745,0.0,-129.62550850870034,0.0,0.0,-22.98821802059731,0.0
0.75,0.0,-137.46593233122238,0.0,0.0,-19.539113109871312,0.0
0.755,0.0,-145.48390107208067,0.0,0.0,-15.340264922234152,0.0
0.76,0.0,-153.62921622622972,0.0,0.0,-10.34144401227892,0.0
0.765,0.0,-161.85592438154515,0.0,0.0,-4.505612328956733,0.0
0.77,0.0,-170.1274655161022,0.0,0.0,2.187698434684851,0.0
0.775,0.0,-178.4227920962826,0.0,0.0,9.739618688892609,0.0
0.78,0.0,-186.74343544055967,0.0,0.0,18.130240739985137,0.0
0.785,0.0,-195.12150129172107,0.0,0.0,27.318468403981786,0.0
0.79,0.0,-203.62862396582835,0.0,0.0,37.24387514008242,0.0
0.795,0.0,-212.3860154834303,0.0,0.0,47.830952298543444,0.0
0.8,0.0,-221.57593042660056,0.0,0.0,58.99600104540002,0.0
0.805,0.0,-231.45514181252528,0.0,0.0,70.65675732074486,0.0
0.81,0.0,-242.37138471195487,0.0,0.0,82.74466216460199,0.0
0.8150000000000001,0.0,-254.7841244906055,0.0,0.0,95.21951761334849,0.0
0.8200000000000001,0.0,-269.29127731169456,0.0,0.0,108.086076571094,0.0
0.8250000000000001,0.0,-286.6631622202094,0.0,0.0,121.41175084006875,0.0
0.8300000000000001,0.0,-307.8826383740046,0.0,0.0,135.3435960752361,0.0
0.835,0.0,-334.18235889912495,0.0,0.0,150.11969015532978,0.0
0.84,0.0,-367.0461993746697,0.0,0.0,166.06133492496605,0.0
0.845,0.0,-408.0745953594143,0.0,0.0,183.50855619036798,0.0
0.85,0.0,-458.4295415899248,0.0,0.0,202.59717040324318,0.0
0.855,0.0,-517.0964354564543,0.0,0.0,222.61188543629356,0.0
0.86,0.0,-576.1158420409015,0.0,0.0,240.28760622068566,0.0
0.865,0.0,-609.531513060047,0.0,0.0,245.99254303860263,0.0
0.87,0.0,-557.045390546007,0.0,0.0,218.30403090296883,0.0
0.875,0.0,-335.93704017858283,0.0,0.0,128.76236739917314,0.0
0.88,0.0,46.29147467653927,0.0,0.0,-18.586968843485796,0.0
0.885,0.0,404.07261914016135,0.0,0.0,-157.2171691506544,0.0
0.89,0.0,583.1198474554809,0.0,0.0,-231.52741805664718,0.0
0.895,0.0,609.7438556047485,0.0,0.0,-249.44299298700565,0.0
0.9,0.0,567.165196225346,0.0,0.0,-239.8090410325127,0.0
0.905,0.0,507.1401834640969,0.0,0.0,-221.14314805923453,0.0
0.91,0.0,450.3107078587889,0.0,0.0,-201.20937094828378,0.0
0.915,0.0,402.42711814454805,0.0,0.0,-182.469003813958,0.0
0.92,0.0,363.751433861772,0.0,0.0,-165.34903052288666,0.0
0.925,0.0,332.92318966346767,0.0,0.0,-149.63061167758224,0.0
0.93,0.0,308.32980331810745,0.0,0.0,-134.96596022561684,0.0
0.935,0.0,288.5273812297668,0.0,0.0,-121.0518022821346,0.0
0.9400000000000001,0.0,272.3303652361253,0.0,0.0,-107.67576931863725,0.0
0.9450000000000001,0.0,258.7972300505554,0.0,0.0,-94.7176325658397,0.0
0.9500000000000001,0.0,247.1913187571449,0.0,0.0,-82.13542790580169,0.0
0.9550000000000001,0.0,236.94210102317132,0.0,0.0,-69.94733367033892,0.0
0.96,0.0,227.61323310906874,0.0,0.0,-58.21327611610727,0.0
0.965,0.0,218.87758587147437,0.0,0.0,-47.01785881028856,0.0
0.97,0.0,210.49773441909235,0.0,0.0,-36.45541177121494,0.0
0.975,0.0,202.31028590489683,0.0,0.0,-26.617644761261666,0.0
0.98,0.0,194.21276984166406,0.0,0.0,-17.58418474778613,0.0
0.985,0.0,186.15223601669925,0.0,0.0,-9.416073577082098,0.0
0.99,0.0,178.11506547921783,0.0,0.0,-2.152094587067836,0.0
0.995,0.0,170.11776449605438,0.0,0.0,4.192387453040052,0.0
1.0,0.0,162.19868102023048,0.0,0.0,9.624524654497824,0.0
1.0050000000000001,0.0,154.41067279775046,0.0,0.0,14.171548489067943,0.0
1.01,0.0,146.8147844053037,0.0,0.0,17.877335126653183,0.0
1.0150000000000001,0.0,139.47497573677325,0.0,0.0,20.798473571600507,0.0
1.02,0.0,132.45390316954456,0.0,0.0,23.000261728684464,0.0
1.025,0.0,125.8097003341316,0.0,0.0,24.552961489261985,0.0
1.03,0.0,119.59364811736216,0.0,0.0,25.528546014046253,0.0
1.035,0.0,113.84856948692689,0.0,0.0,25.998082871558537,0.0
1.04,0.0,108.60773621159214,0.0,0.0,26.02982415985587,0.0
1.045,0.0,103.89402997159972,0.0,0.0,25.688024258004766,0.0
1.05,0.0,99.71905461018574,0.0,0.0,25.032479609300317,0.0
1.055,0.0,96.08184145847575,0.0,0.0,24.118783112496097,0.0
1.06,0.0,92.9667162212878,0.0,0.0,22.999307263611808,0.0
1.065,0.0,90.33979489751383,0.0,0.0,21.72497321948654,0.0
1.07,0.0,88.1434441062169,0.0,0.0,20.34792377942315,0.0
1.075,0.0,86.28789048368718,0.0,0.0,18.92528838668284,0.0
1.08,0.0,84.63904541196914,0.0,0.0,17.524286834691164,0.0
1.085,0.0,83.0016588292045,0.0,0.0,16.22891726063833,0.0
1.09,0.0,81.09742423207292,0.0,0.0,15.148310866485751,0.0
1.095,0.0,78.53919886328175,0.0,0.0,14.4263146402931,0.0
1.1,0.0,74.80603359992983,0.0,0.0,14.250659512752364,0.0
1.105,0.0,69.23044563700343,0.0,0.0,14.857773043863872,0.0
1.11,0.0,61.019893128491404,0.0,0.0,16.525712816274705,0.0
1.115,0.0,49.34600507314467,0.0,0.0,19.54376403972619,0.0
1.12,0.0,33.536991185346324,0.0,0.0,24.146636803328697,0.0
1.125,0.0,13.379101427531486,0.0,0.0,30.411280080312412,0.0
1.1300000000000001,0.0,-10.547970917133538,0.0,0.0,38.14186693077515,0.0
1.135,0.0,-36.68571004904451,0.0,0.0,46.80550892078243,0.0
1.1400000000000001,0.0,-62.67621125070213,0.0,0.0,55.59185094042738,0.0
1.145,0.0,-85.95475426209727,0.0,0.0,63.613465493800156,0.0
1.1500000000000001,0.0,-104.50244698047287,0.0,0.0,70.16183206690148,0.0
1.155,0.0,-117.35445006066563,0.0,0.0,74.88190808881497,0.0
1.16,0.0,-124.63898124965584,0.0,0.0,77.78841586594206,0.0
1.165,0.0,-127.24663405404284,0.0,0.0,79.15647657028669,0.0
1.17,0.0,-126.39332923773196,0.0,0.0,79.3750599660492,0.0
1.175,0.0,-123.27956161941265,0.0,0.0,78.83184847043127,0.0
1.18,0.0,-118.90873160293943,0.0,0.0,77.85118327189349,0.0
1.185,0.0,-114.03397981464231,0.0,0.0,76.67520313579294,0.0
1.19,0.0,-109.1775304986689,0.0,0.0,75.4695354345281,0.0
1.195,0.0,-104.67802312444968,0.0,0.0,74.33861510990421,0.0
1.2,0.0,-100.74061672962658,0.0,0.0,73.34213166672897,0.0
1.205,0.0,-97.47924296547983,0.0,0.0,72.50899204181071,0.0
1.21,0.0,-94.94849004619773,0.0,0.0,71.84791636229394,0.0
1.215,0.0,-93.1661275879592,0.0,0.0,71.35497977927889,0.0
1.22,0.0,-92.12833986801616,0.0,0.0,71.01877876541096,0.0
1.225,0.0,-91.81970753973383,0.0,0.0,70.82389814546723,0.0
1.23,0.0,-92.21958953267881,0.0,0.0,70.75322905351574,0.0
1.235,0.0,-93.30612596364335,0.0,0.0,70.78954542081264,0.0
1.24,0.0,-95.05872164181321,0.0,0.0,70.91662573758154,0.0
1.245,0.0,-97.45960026618324,0.0,0.0,71.12011553038997,0.0
1.25,0.0,-100.49483076211659,0.0,0.0,71.38826089020225,0.0
1.2550000000000001,0.0,-104.1551002722315,0.0,0.0,71.71259830924872,0.0
1.26,0.0,-108.43642502448702,0.0,0.0,72.08865522458315,0.0
1.2650000000000001,0.0,-113.34093601730085,0.0,0.0,72.51669441487265,0.0
1.27,0.0,-118.87783972485465,0.0,0.0,73.00252028469323,0.0
1.2750000000000001,0.0,-125.06462523969944,0.0,0.0,73.55835334094694,0.0
1.28,0.0,-131.9285588643872,0.0,0.0,74.20376815361492,0.0
1.285,0.0,-139.50846302211212,0.0,0.0,74.96667633862427,0.0
1.29,0.0,-147.85669977414008,0.0,0.0,75.88431395573906,0.0
1.295,0.0,-157.0411379357351,0.0,0.0,77.00415194041895,0.0
1.3,0.0,-167.14661826378887,0.0,0.0,78.38456962506552,0.0
1.305,0.0,-178.27493537488553,0.0,0.0,80.09497901947287,0.0
1.31,0.0,-190.54142761072364,0.0,0.0,82.21479386780683,0.0
1.315,0.0,-204.06453854106766,0.0,0.0,84.83007782146132,0.0
1.32,0.0,-218.94152387972215,0.0,0.0,88.02565510647729,0.0
1.325,0.0,-235.19769452549218,0.0,0.0,91.86853818488534,0.0
1.33,0.0,-252.68649597939702,0.0,0.0,96.3751283773272,0.0
1.335,0.0,-270.90150689163073,0.0,0.0,101.4491299321395,0.0
1.34,0.0,-288.6401534099141,0.0,0.0,106.76976275623626,0.0
1.345,0.0,-303.4475360883088,0.0,0.0,111.60552967904205,0.0
1.35,0.0,-310.8265756838408,0.0,0.0,114.54714852185208,0.0
1.355,0.0,-303.4848398148928,0.0,0.0,113.24680156392883,0.0
1.36,0.0,-271.6292272347042,0.0,0.0,104.49734850109525,0.0
1.365,0.0,-206.2774283022576,0.0,0.0,85.30719941539971,0.0
1.37,0.0,-106.61254876729863,0.0,0.0,55.32084467199082,0.0
1.375,0.0,13.424221185389099,0.0,0.0,19.001478914924448,0.0
1.3800000000000001,0.0,129.1675311996537,0.0,0.0,-15.694946779511248,0.0
1.385,0.0,219.7913716261935,0.0,0.0,-42.12303583874515,0.0
1.3900000000000001,0.0,278.45289774225864,0.0,0.0,-58.270838910147965,0.0
1.395,0.0,309.9422086409372,0.0,0.0,-65.94142448005086,0.0
1.4000000000000001,0.0,323.1131860038772,0.0,0.0,-68.2271787765811,0.0
1.405,0.0,325.82802906535176,0.0,0.0,-67.84044328607301,0.0
1.41,0.0,323.4663343745902,0.0,0.0,-66.63381964487743,0.0
1.415,0.0,319.2180589147378,0.0,0.0,-65.70859589295932,0.0
1.42,0.0,314.79242977986064,0.0,0.0,-65.65480176403156,0.0
1.425,0.0,311.0184489144039,0.0,0.0,-66.75038273433204,0.0
1.43,0.0,308.2457151012695,0.0,0.0,-69.09150529632531,0.0
1.435,0.0,306.58691179726156,0.0,0.0,-72.66963727080568,0.0
1.44,0.0,306.058203259134,0.0,0.0,-77.41542465380613,0.0
1.445,0.0,306.6590043005589,0.0,0.0,-83.22399113777507,0.0
1.45,0.0,308.4165884455374,0.0,0.0,-89.97055444290669,0.0
1.455,0.0,311.4095124720701,0.0,0.0,-97.521046941055,0.0
1.46,0.0,315.77613116816957,0.0,0.0,-105.73948649374954,0.0
1.465,0.0,321.70851980434014,0.0,0.0,-114.49150086124283,0.0
1.47,0.0,329.4256077486595,0.0,0.0,-123.64092288679805,0.0
1.475,0.0,339.1093520652678,0.0,0.0,-133.03280558943388,0.0
1.48,0.0,350.77010091463353,0.0,0.0,-142.4501825811432,0.0
1.485,0.0,363.9760921745519,0.0,0.0,-151.5215900713029,0.0
1.49,0.0,377.3337461164866,0.0,0.0,-159.54094474663026,0.0
1.495,0.0,387.55982013761854,0.0,0.0,-165.14846659580465,0.0
1.5,0.0,388.0610911871663,0.0,0.0,-165.85257679150004,0.0
1.5050000000000001,0.0,367.516020331727,0.0,0.0,-157.58002126853435,0.0
1.51,0.0,310.7023256313961,0.0,0.0,-135.04594445887167,0.0
1.5150000000000001,0.0,206.05123062188312,0.0,0.0,-94.47764940283761,0.0
1.52,0.0,60.61505135801484,0.0,0.0,-38.84822980272275,0.0
1.5250000000000001,0.0,-92.93491783207972,0.0,0.0,19.79060900615693,0.0
1.53,0.0,-215.53647473249148,0.0,0.0,67.16586507736018,0.0
1.5350000000000001,0.0,-288.8578036659926,0.0,0.0,96.37468946102396,0.0
1.54,0.0,-318.5660891985851,0.0,0.0,109.12347951690036,0.0
1.545,0.0,-319.8707728874406,0.0,0.0,110.69089017463014,0.0
1.55,0.0,-306.2539463935006,0.0,0.0,105.91294882480224,0.0
1.555,0.0,-286.3613678392093,0.0,0.0,98.00348005104567,0.0
1.56,0.0,-264.8579963027244,0.0,0.0,88.79279181854909,0.0
1.565,0.0,-243.95289499456473,0.0,0.0,79.23429454483298,0.0
1.57,0.0,-224.5316094892162,0.0,0.0,69.79347718661353,0.0
1.575,0.0,-206.82563616039005,0.0,0.0,60.68315405962877,0.0
1.58,0.0,-190.76998313388833,0.0,0.0,51.99186856406236,0.0
1.585,0.0,-176.18335709823972,0.0,0.0,43.75015508781882,0.0
1.59,0.0,-162.8547201448215,0.0,0.0,35.96329678192352,0.0
1.595,0.0,-150.58231546827906,0.0,0.0,28.626715007235227,0.0
1.6,0.0,-139.18920737848674,0.0,0.0,21.7326109682083,0.0
1.605,0.0,-128.52755280214478,0.0,0.0,15.272357101754224,0.0
1.61,0.0,-118.47771775755294,0.0,0.0,9.236954034133,0.0
1.615,0.0,-108.94525786366714,0.0,0.0,3.6167277343625486,0.0
1.62,0.0,-99.85722679526285,0.0,0.0,-1.599155324142778,0.0
1.625,0.0,-91.15849959110419,0.0,0.0,-6.4230903503957215,0.0
1.6300000000000001,0.0,-82.80841205649622,0.0,0.0,-10.869253278992275,0.0
1.635,0.0,-74.77782801511164,0.0,0.0,-14.953620770688037,0.0
1.6400000000000001,0.0,-67.0466546647396,0.0,0.0,-18.693816545048904,0.0
1.645,0.0,-59.601783488727435,0.0,0.0,-22.108826708070783,0.0
1.6500000000000001,0.0,-52.43541543464683,0.0,0.0,-25.218630700125356,0.0
1.655,0.0,-45.543722173309504,0.0,0.0,-28.04379123869515,0.0
1.6600000000000001,0.0,-38.92579419468793,0.0,0.0,-30.60503980306363,0.0
1.665,0.0,-32.58282836687657,0.0,0.0,-32.92288601736941,0.0
1.67,0.0,-26.517510965816147,0.0,0.0,-35.01727107361748,0.0
1.675,0.0,-20.73355637452827,0.0,0.0,-36.90727786958253,0.0
1.68,0.0,-15.23536627441472,0.0,0.0,-38.61090420967646,0.0
1.685,0.0,-10.027778975699643,0.0,0.0,-40.14490036605985,0.0
1.69,0.0,-5.115883391477357,0.0,0.0,-41.52466849379499,0.0
1.695,0.0,-0.5048769140771707,0.0,0.0,-42.76421871096609,0.0
1.7,0.0,3.800049011751776,0.0,0.0,-43.876174917217426,0.0
1.705,0.0,7.793807604485485,0.0,0.0,-44.87182244325049,0.0
1.71,0.0,11.471507912049415,0.0,0.0,-45.76118921991992,0.0
1.715,0.0,14.828543224974517,0.0,0.0,-46.55315217166102,0.0
1.72,0.0,17.860678671403875,0.0,0.0,-47.25556084650464,0.0
1.725,0.0,20.56413760040339,0.0,0.0,-47.87537079450294,0.0
1.73,0.0,22.93568457779761,0.0,0.0,-48.418779825112054,0.0
1.735,0.0,24.972701581009908,0.0,0.0,-48.89136096108742,0.0
1.74,0.0,26.673253270048317,0.0,0.0,-49.2981866276658,0.0
1.745,0.0,28.036137001092744,0.0,0.0,-49.643939348871335,0.0
1.75,0.0,29.06091349448651,0.0,0.0,-49.93300495257771,0.0
1.7550000000000001,0.0,29.74791471581795,0.0,0.0,-50.16954500109508,0.0
1.76,0.0,30.09822651216383,0.0,0.0,-50.35754585439986,0.0
1.7650000000000001,0.0,30.113644791640628,0.0,0.0,-50.50084242842835,0.0
1.77,0.0,29.79660546285271,0.0,0.0,-50.60311532036444,0.0
1.7750000000000001,0.0,29.15008987762047,0.0,0.0,-50.6678605259114,0.0
1.78,0.0,28.177509061082034,0.0,0.0,-50.69833146094496,0.0
1.7850000000000001,0.0,26.882571486618172,0.0,0.0,-50.69745341594821,0.0
1.79,0.0,25.269140484482996,0.0,0.0,-50.667710916327614,0.0
1.795,0.0,23.34108849773932,0.0,0.0,-50.611008743598916,0.0
1.8,0.0,21.10215626413559,0.0,0.0,-50.52850761081614,0.0
1.805,0.0,18.55582556740118,0.0,0.0,-50.42043571255865,0.0
1.81,0.0,15.705214436793929,0.0,0.0,-50.2858776313195,0.0
1.815,0.0,12.55300355845853,0.0,0.0,-50.122542438349846,0.0
1.82,0.0,9.101402178554968,0.0,0.0,-49.92651335081877,0.0
1.825,0.0,5.352160906254785,0.0,0.0,-49.691982081280855,0.0
1.83,0.0,1.3066375366947902,0.0,0.0,-49.410972127392824,0.0
1.835,0.0,-3.034079730535577,0.0,0.0,-49.073056784253076,0.0
1.84,0.0,-7.668989557651109,0.0,0.0,-48.665079689946424,0.0
1.845,0.0,-12.596935934712903,0.0,0.0,-48.17088828079791,0.0
1.85,0.0,-17.816312047894495,0.0,0.0,-47.571093635350216,0.0
1.855,0.0,-23.324717960494077,0.0,0.0,-46.84287375760525,0.0
1.86,0.0,-29.11858549135438,0.0,0.0,-45.959841232146715,0.0
1.865,0.0,-35.19278941727444,0.0,0.0,-44.89200010116105,0.0
1.87,0.0,-41.54027057104246,0.0,0.0,-43.60582034956036,0.0
1.875,0.0,-48.15170340268551,0.0,0.0,-42.06446096263351,0.0
1.8800000000000001,0.0,-55.01524786348639,0.0,0.0,-40.228173396567655,0.0
1.885,0.0,-62.116432698273485,0.0,0.0,-38.054915575492856,0.0
1.8900000000000001,0.0,-69.43822393411426,0.0,0.0,-35.50120118264662,0.0
1.895,0.0,-76.96133801277401,0.0,0.0,-32.52319899166494,0.0
1.9000000000000001,0.0,-84.66486310554242,0.0,0.0,-29.078081315371257,0.0
1.905,0.0,-92.52725423216907,0.0,0.0,-25.125598625060405,0.0
1.9100000000000001,0.0,-100.52776765159983,0.0,0.0,-20.62982880017522,0.0
1.915,0.0,-108.6483977561081,0.0,0.0,-15.561014863994902,0.0
1.92,0.0,-116.87637615168589,0.0,0.0,-9.897366054509636,0.0
1.925,0.0,-125.20728942322745,0.0,0.0,-3.626656548944318,0.0
1.93,0.0,-133.6488721973964,0.0,0.0,3.2525817021871575,0.0
1.935,0.0,-142.2255400930098,0.0,0.0,10.73050552608223,0.0
1.94,0.0,-150.98374950196524,0.0,0.0,18.786296399283103,0.0
1.945,0.0,-159.9983164714621,0.0,0.0,27.38963373206389,0.0
1.95,0.0,-169.37990566278174,0.0,0.0,36.503531079655914,0.0
1.955,0.0,-179.28402350042572,0.0,0.0,46.08871870952149,0.0
1.96,0.0,-189.92202582778538,0.0,0.0,56.10969950863891,0.0
1.965,0.0,-201.57487807557354,0.0,0.0,66.54254086323368,0.0
1.97,0.0,-214.61065354965132,0.0,0.0,77.38439188345015,0.0
1.975,0.0,-229.50691027510243,0.0,0.0,88.66460263476712,0.0
1.98,0.0,-246.8788220572705,0.0,0.0,100.45705686052234,0.0
1.985,0.0,-267.5123655502364,0.0,0.0,112.89258724147244,0.0
1.99,0.0,-292.39661160248545,0.0,0.0,126.16825979312713,0.0
1.995,0.0,-322.7339537941389,0.0,0.0,140.5446496118893,0.0
2.0,0.0,-359.8653453713909,0.0,0.0,156.3071900514826,0.0
2.005,0.0,-404.9362638179958,0.0,0.0,173.62851821336196,0.0
2.0100000000000002,0.0,-457.84315007876796,0.0,0.0,192.17021931743398,0.0
2.015,0.0,-514.3322123505909,0.0,0.0,210.03725676986426,0.0
2.02,0.0,-558.9879811490656,0.0,0.0,221.33108188632005,0.0
2.025,0.0,-552.3871127118354,0.0,0.0,211.80281578887568,0.0
2.0300000000000002,0.0,-424.88372470608635,0.0,0.0,157.0945236372345,0.0
2.035,0.0,-130.02887131722585,0.0,0.0,41.83661595292706,0.0
2.04,0.0,237.60536746504764,0.0,0.0,-99.48688462083112,0.0
2.045,0.0,496.1528783682378,0.0,0.0,-201.80267602721383,0.0
2.05,0.0,589.7636955809544,0.0,0.0,-244.1144086875738,0.0
2.055,0.0,580.6283681406925,0.0,0.0,-247.3719327582933,0.0
2.06,0.0,532.9965537767114,0.0,0.0,-234.09759993599386,0.0
2.065,0.0,479.42800853677187,0.0,0.0,-216.10428983805167,0.0
2.07,0.0,431.67592389273904,0.0,0.0,-197.94331302247184,0.0
2.075,0.0,392.4553755043296,0.0,0.0,-180.91747113946212,0.0
2.08,0.0,361.2820222139689,0.0,0.0,-165.1333181771264,0.0
2.085,0.0,336.7915347703554,0.0,0.0,-150.34672132061814,0.0
2.09,0.0,317.5548190215965,0.0,0.0,-136.277241602738,0.0
2.095,0.0,302.3229808562878,0.0,0.0,-122.71226511288585,0.0
2.1,0.0,290.0725902819559,0.0,0.0,-109.53126718088625,0.0
2.105,0.0,279.9889609871097,0.0,0.0,-96.70040472677691,0.0
2.11,0.0,271.43585893291333,0.0,0.0,-84.25646095426781,0.0
2.115,0.0,263.92693402466824,0.0,0.0,-72.28750568232368,0.0
2.12,0.0,257.10233097048393,0.0,0.0,-60.91341812733273,0.0
2.125,0.0,250.7100632360547,0.0,0.0,-50.26792739194915,0.0
2.13,0.0,244.59079890310383,0.0,0.0,-40.48324159792416,0.0
2.1350000000000002,0.0,238.66480369060417,0.0,0.0,-31.677985959842793,0.0
2.14,0.0,232.9201855149065,0.0,0.0,-23.948838836592895,0.0
2.145,0.0,227.40200490494493,0.0,0.0,-17.365911181102003,0.0
2.15,0.0,222.20214705797156,0.0,0.0,-11.971590000837043,0.0
2.1550000000000002,0.0,217.4500525251182,0.0,0.0,-7.782299847674874,0.0
2.16,0.0,213.30445698829567,0.0,0.0,-4.792451280955516,0.0
2.165,0.0,209.94618027568694,0.0,0.0,-2.9797396999504606,0.0
2.17,0.0,207.5716952205192,0.0,0.0,-2.310901882912418,0.0
2.1750000000000003,0.0,206.38661338277532,0.0,0.0,-2.7469700815369293,0.0
2.18,0.0,206.59716173186712,0.0,0.0,-4.2468836540494195,0.0
2.185,0.0,208.3958173762478,0.0,0.0,-6.767862233872936,0.0
2.19,0.0,211.93380412534555,0.0,0.0,-10.259941152107935,0.0
2.195,0.0,217.26687422940546,0.0,0.0,-14.650072266584829,0.0
2.2,0.0,224.24973534440736,0.0,0.0,-19.80752691666325,0.0
2.205,0.0,232.3365036047034,0.0,0.0,-25.476282553459587,0.0
2.21,0.0,240.2210265660741,0.0,0.0,-31.152104275863273,0.0
2.215,0.0,245.2408394239835,0.0,0.0,-35.87860509603221,0.0
2.22,0.0,242.5492372968955,0.0,0.0,-37.96386055355553,0.0
2.225,0.0,224.4390428822386,0.0,0.0,-34.74728913269964,0.0
2.23,0.0,181.16311095142467,0.0,0.0,-22.871303283922558,0.0
2.235,0.0,105.64176946392178,0.0,0.0,0.13440519051734867,0.0
2.24,0.0,2.329005262411174,0.0,0.0,32.86009894724661,0.0
2.245,0.0,-107.86979183639502,0.0,0.0,68.34076043686252,0.0
2.25,0.0,-197.7366174744245,0.0,0.0,97.44382857868766,0.0
2.255,0.0,-251.64478003652835,0.0,0.0,114.88590311739281,0.0
2.2600000000000002,0.0,-271.191251478496,0.0,0.0,121.14519820095518,0.0
2.265,0.0,-267.06768407566096,0.0,0.0,119.75145331675319,0.0
2.27,0.0,-250.1779528531357,0.0,0.0,114.31243409268114,0.0
2.275,0.0,-228.09263703261314,0.0,0.0,107.32524153543278,0.0
2.2800000000000002,0.0,-205.10628530639792,0.0,0.0,100.19481245937956,0.0
2.285,0.0,-183.31470394261441,0.0,0.0,93.59445000787807,0.0
2.29,0.0,-163.56868787325,0.0,0.0,87.78490352042586,0.0
2.295,0.0,-146.08466881876296,0.0,0.0,82.81836456362657,0.0
2.3000000000000003,0.0,-130.78569996479706,0.0,0.0,78.65204496338428,0.0
2.305,0.0,-117.47771461342883,0.0,0.0,75.20657423823013,0.0
2.31,0.0,-105.9353314254631,0.0,0.0,72.3941469989508,0.0
2.315,0.0,-95.94074525796094,0.0,0.0,70.13102345715303,0.0
2.32,0.0,-87.2992339701755,0.0,0.0,68.34226470832935,0.0
2.325,0.0,-79.84347441327066,0.0,0.0,66.96277841895659,0.0
2.33,0.0,-73.43281819484926,0.0,0.0,65.93672431844551,0.0
2.335,0.0,-67.95055418941796,0.0,0.0,65.21628353673395,0.0
2.34,0.0,-63.30059870334078,0.0,0.0,64.76026677815618,0.0
2.345,0.0,-59.40426045351666,0.0,0.0,64.53277305881191,0.0
2.35,0.0,-56.197337360371776,0.0,0.0,64.50198267243007,0.0
2.355,0.0,-53.62761591325044,0.0,0.0,64.63910818023523,0.0
2.36,0.0,-51.6527596881078,0.0,0.0,64.91750140833665,0.0
2.365,0.0,-50.238539742030156,0.0,0.0,65.31190536042857,0.0
2.37,0.0,-49.357349921762015,0.0,0.0,65.79783885245818,0.0
2.375,0.0,-48.98695150826983,0.0,0.0,66.35110413007031,0.0
2.38,0.0,-49.10939764304755,0.0,0.0,66.947411508493,0.0
2.3850000000000002,0.0,-49.71009560079464,0.0,0.0,67.56211903502347,0.0
2.39,0.0,-50.77697285395252,0.0,0.0,68.1700886984597,0.0
2.395,0.0,-52.29972052951832,0.0,0.0,68.74566342136166,0.0
2.4,0.0,-54.26909519783988,0.0,0.0,69.2627706988208,0.0
2.4050000000000002,0.0,-56.6762670324365,0.0,0.0,69.69515906982483,0.0
2.41,0.0,-59.5122093583266,0.0,0.0,70.01677244230603,0.0
2.415,0.0,-62.76713156240797,0.0,0.0,70.20226451547386,0.0
2.42,0.0,-66.42996431969298,0.0,0.0,70.2276511170604,0.0
2.4250000000000003,0.0,-70.48791307703624,0.0,0.0,70.07109228866098,0.0
2.43,0.0,-74.92610265510419,0.0,0.0,69.71378865760063,0.0
2.435,0.0,-79.72734255851239,0.0,0.0,69.1409684535787,0.0
2.44,0.0,-84.87204897928937,0.0,0.0,68.34293306283378,0.0
2.445,0.0,-90.33836539751232,0.0,0.0,67.31612101412094,0.0
2.45,0.0,-96.10252900387275,0.0,0.0,66.06414362507218,0.0
2.455,0.0,-102.13953480429606,0.0,0.0,64.59874114075723,0.0
2.46,0.0,-108.42415317026561,0.0,0.0,62.9406070445372,0.0
2.465,0.0,-114.93235978719821,0.0,0.0,61.12003132360502,0.0
2.47,0.0,-121.64323957917321,0.0,0.0,59.177321885681465,0.0
2.475,0.0,-128.54142871318788,0.0,0.0,57.16297817355522,0.0
2.48,0.0,-135.62016231625282,0.0,0.0,55.13761348377172,0.0
2.485,0.0,-142.88500236275868,0.0,0.0,53.171653695758444,0.0
2.49,0.0,-150.35833451830143,0.0,0.0,51.34488097529397,0.0
2.495,0.0,-158.08475157424056,0.0,0.0,49.74594204340112,0.0
2.5,0.0,-166.13749520662884,0.0,0.0,48.472001840293885,0.0
2.505,0.0,-174.62622241339642,0.0,0.0,47.628794712069784,0.0
2.5100000000000002,0.0,-183.70651856279352,0.0,0.0,47.331407076478285,0.0
2.515,0.0,-193.59182143911062,0.0,0.0,47.706220361893514,0.0
2.52,0.0,-204.5687807761808,0.0,0.0,48.894556896944316,0.0
2.525,0.0,-217.01758710570707,0.0,0.0,51.05871433046058,0.0
2.5300000000000002,0.0,-231.43947856037124,0.0,0.0,54.391255643832615,0.0
2.535,0.0,-248.49442068279146,0.0,0.0,59.12863241651341,0.0
2.54,0.0,-269.05255637926336,0.0,0.0,65.57037056168858,0.0
2.545,0.0,-294.2623831409871,0.0,0.0,74.1047947201285,0.0
2.5500000000000003,0.0,-325.633359358622,0.0,0.0,85.24047740469001,0.0
2.555,0.0,-365.11043173767416,0.0,0.0,99.63577378054131,0.0
2.56,0.0,-415.05155722244217,0.0,0.0,118.09635387512748,0.0
2.565,0.0,-477.81343060424916,0.0,0.0,141.4410018181925,0.0
2.57,0.0,-554.0398212465554,0.0,0.0,169.9293313360873,0.0
2.575,0.0,-637.0971571399795,0.0,0.0,201.38744988265879,0.0
2.58,0.0,-697.9055201249296,0.0,0.0,226.08865917119954,0.0
2.585,0.0,-656.7649054208033,0.0,0.0,217.24041833952435,0.0
2.59,0.0,-389.15203238851336,0.0,0.0,132.89488352604607,0.0
2.595,0.0,96.42807311387176,0.0,0.0,-24.263458120722504,0.0
2.6,0.0,517.4309931950696,0.0,0.0,-159.51524051922857,0.0
2.605,0.0,685.1918891115065,0.0,0.0,-209.75419752361094,0.0
2.61,0.0,676.9005744754705,0.0,0.0,-201.20660379336283,0.0
2.615,0.0,606.4274914312331,0.0,0.0,-172.31367841406075,0.0
2.62,0.0,529.2016513854871,0.0,0.0,-141.76312574581797,0.0
2.625,0.0,462.6048529171444,0.0,0.0,-115.4056284647857,0.0
2.63,0.0,409.39003486730235,0.0,0.0,-94.172698684372,0.0
2.6350000000000002,0.0,367.97704395431884,0.0,0.0,-77.55592536616027,0.0
2.64,0.0,335.9711825106052,0.0,0.0,-64.79207188635924,0.0
2.645,0.0,311.18303555948626,0.0,0.0,-55.20132548900257,0.0
2.65,0.0,291.8370310862264,0.0,0.0,-48.25017051200513,0.0
2.6550000000000002,0.0,276.5461112640923,0.0,0.0,-43.534692191212315,0.0
2.66,0.0,264.23689643437126,0.0,0.0,-40.74710070837427,0.0
2.665,0.0,254.0789199550987,0.0,0.0,-39.64407333118545,0.0
2.67,0.0,245.429655841181,0.0,0.0,-40.02143482994114,0.0
2.6750000000000003,0.0,237.79462990863658,0.0,0.0,-41.69551534997085,0.0
2.68,0.0,230.79899392931594,0.0,0.0,-44.49046900801688,0.0
2.685,0.0,224.16695275715077,0.0,0.0,-48.23067346594963,0.0
2.69,0.0,217.70620695366785,0.0,0.0,-52.73735829017329,0.0
2.695,0.0,211.295422573881,0.0,0.0,-57.82863987519702,0.0
2.7,0.0,204.8734637961063,0.0,0.0,-63.32214980227017,0.0
2.705,0.0,198.42967863438162,0.0,0.0,-69.03945100902266,0.0
2.71,0.0,191.99492107679566,0.0,0.0,-74.81146282495155,0.0
2.715,0.0,185.63325096381865,0.0,0.0,-80.48417362122176,0.0
2.72,0.0,179.4344071136233,0.0,0.0,-85.92401212499226,0.0
2.725,0.0,173.50722904754994,0.0,0.0,-91.02237359794577,0.0
2.73,0.0,167.9742321497767,0.0,0.0,-95.69894949018706,0.0
2.735,0.0,162.96753825996484,0.0,0.0,-99.90367939203134,0.0
2.74,0.0,158.62634228409246,0.0,0.0,-103.6173186493547,0.0
2.745,0.0,155.09606694636244,0.0,0.0,-106.85077766159435,0.0
2.75,0.0,152.52933268819018,0.0,0.0,-109.64352354944418,0.0
2.755,0.0,151.0888563997592,0.0,0.0,-112.06142898656566,0.0
2.7600000000000002,0.0,150.95239457345448,0.0,0.0,-114.19449958832399,0.0
2.765,0.0,152.3198557780403,0.0,0.0,-116.15490811333092,0.0
2.77,0.0,155.42269262003816,0.0,0.0,-118.07570794468552,0.0
2.775,0.0,160.5355629033159,0.0,0.0,-120.11047417647472,0.0
2.7800000000000002,0.0,167.98983167304095,0.0,0.0,-122.43387550263112,0.0
2.785,0.0,178.1873313205401,0.0,0.0,-125.24267456540352,0.0
2.79,0.0,191.60990767974164,0.0,0.0,-128.7555543031545,0.0
2.795,0.0,208.81339510876433,0.0,0.0,-133.20770637788877,0.0
2.8000000000000003,0.0,230.37872901678872,0.0,0.0,-138.83058389834846,0.0
2.805,0.0,256.7570384525266,0.0,0.0,-145.79495581932383,0.0
2.81,0.0,287.8685648346039,0.0,0.0,-154.0693555215115,0.0
2.815,0.0,322.1670491313531,0.0,0.0,-163.09645563825057,0.0
2.82,0.0,354.6754154321848,0.0,0.0,-171.12268199061413,0.0
2.825,0.0,373.57316289195927,0.0,0.0,-174.04849929879896,0.0
2.83,0.0,356.7708881558733,0.0,0.0,-164.3075222060068,0.0
2.835,0.0,276.3159034725397,0.0,0.0,-132.4561593177505,0.0
2.84,0.0,123.49727513262705,0.0,0.0,-75.80128526599943,0.0
2.845,0.0,-60.65480421057097,0.0,0.0,-8.739281664920334,0.0
2.85,0.0,-207.98083589431909,0.0,0.0,45.10796577499857,0.0
2.855,0.0,-284.81578506699117,0.0,0.0,74.02351120778943,0.0
2.86,0.0,-303.13008060687133,0.0,0.0,82.04437612514806,0.0
2.865,0.0,-288.88733815313293,0.0,0.0,78.13013325448946,0.0
2.87,0.0,-261.5369149084629,0.0,0.0,69.07534974503702,0.0
2.875,0.0,-231.4678127472134,0.0,0.0,58.57272615510378,0.0
2.88,0.0,-203.20932526823503,0.0,0.0,48.27989658122787,0.0
2.8850000000000002,0.0,-178.32594694821356,0.0,0.0,38.8066391029967,0.0
2.89,0.0,-157.07083763688257,0.0,0.0,30.286443619592234,0.0
2.895,0.0,-139.1878654263224,0.0,0.0,22.65801371641799,0.0
2.9,0.0,-124.26834228579321,0.0,0.0,15.793176305077132,0.0
2.9050000000000002,0.0,-111.89801353263167,0.0,0.0,9.551505628710139,0.0
2.91,0.0,-101.71051006227952,0.0,0.0,3.801768553802866,0.0
2.915,0.0,-93.40092345133637,0.0,0.0,-1.5710167610498686,0.0
2.92,0.0,-86.72342582058667,0.0,0.0,-6.664351453027066,0.0
2.9250000000000003,0.0,-81.48326688731177,0.0,0.0,-11.55902287761474,0.0
2.93,0.0,-77.52738776424357,0.0,0.0,-16.320179228756274,0.0
2.935,0.0,-74.73520268582112,0.0,0.0,-20.997990173060312,0.0
2.94,0.0,-73.00994941547518,0.0,0.0,-25.627612973280385,0.0
2.945,0.0,-72.2705597405648,0.0,0.0,-30.228401644630708,0.0
2.95,0.0,-72.44388454715097,0.0,0.0,-34.8024352604792,0.0
2.955,0.0,-73.45716609542426,0.0,0.0,-39.33257010977531,0.0
2.96,0.0,-75.23081761344574,0.0,0.0,-43.78036953617256,0.0
2.965,0.0,-77.67181317467706,0.0,0.0,-48.08443741754015,0.0
2.97,0.0,-80.66827177591024,0.0,0.0,-52.159850452366754,0.0
2.975,0.0,-84.08607622022633,0.0,0.0,-55.89949405577671,0.0
2.98,0.0,-87.76850414768245,0.0,0.0,-59.17807447892912,0.0
2.985,0.0,-91.53974957360897,0.0,0.0,-61.85931995772182,0.0
2.99,0.0,-95.2127842043304,0.0,0.0,-63.80634990475342,0.0
2.995,0.0,-98.60123935170006,0.0,0.0,-64.89442994828795,0.0
3.0,0.0,-101.53401489233721,0.0,0.0,-65.02451583767649,0.0
3.005,0.0,-103.87042271271523,0.0,0.0,-64.13539827748568,0.0
3.0100000000000002,0.0,-105.51319503280416,0.0,0.0,-62.2121739619896,0.0
3.015,0.0,-106.41688940079999,0.0,0.0,-59.28932398945378,0.0
3.02,0.0,-106.59011932178792,0.0,0.0,-55.447770709571344,0.0
3.025,0.0,-106.09136849717052,0.0,0.0,-50.806567741446834,0.0
3.0300000000000002,0.0,-105.01947099115175,0.0,0.0,-45.51093114811143,0.0
3.035,0.0,-103.50075135463342,0.0,0.0,-39.718829951853685,0.0
3.04,0.0,-101.67511062664222,0.0,0.0,-33.588246305639856,0.0
3.045,0.0,-99.68305996203594,0.0,0.0,-27.26664435621902,0.0
3.0500000000000003,0.0,-97.65506305175317,0.0,0.0,-20.883423487233614,0.0
3.055,0.0,-95.70381662289583,0.0,0.0,-14.545430184891398,0.0
3.06,0.0,-93.9194792073294,0.0,0.0,-8.335115862499107,0.0
3.065,0.0,-92.36745139547577,0.0,0.0,-2.310693289382689,0.0
3.0700000000000003,0.0,-91.08812251375718,0.0,0.0,3.492381223251165,0.0
3.075,0.0,-90.09798108357414,0.0,0.0,9.059165421832317,0.0
3.08,0.0,-89.3915747655836,0.0,0.0,14.392627521265862,0.0
3.085,0.0,-88.94394246376177,0.0,0.0,19.510907998537682,0.0
3.09,0.0,-88.71328660148842,0.0,0.0,24.44452554615392,0.0
3.095,0.0,-88.64378365151143,0.0,0.0,29.233496414448457,0.0
3.1,0.0,-88.66853379335802,0.0,0.0,33.92426935761174,0.0
3.105,0.0,-88.71272001426499,0.0,0.0,38.56635520489967,0.0
3.11,0.0,-88.69707867626099,0.0,0.0,43.2085524179301,0.0
3.115,0.0,-88.54177296236094,0.0,0.0,47.89474018766968,0.0
3.12,0.0,-88.17070372915026,0.0,0.0,52.6593286962973,0.0
3.125,0.0,-87.51618914331854,0.0,0.0,57.522614552759684,0.0
3.13,0.0,-86.52380406011831,0.0,0.0,62.48646690613971,0.0
3.1350000000000002,0.0,-85.15701506676604,0.0,0.0,67.53092772842172,0.0
3.14,0.0,-83.40111500746409,0.0,0.0,72.61239468157227,0.0
3.145,0.0,-81.26589855759632,0.0,0.0,77.66401044335365,0.0
3.15,0.0,-78.78657073993236,0.0,0.0,82.59867057017789,0.0
3.1550000000000002,0.0,-76.02256293845923,0.0,0.0,87.31468807314158,0.0
3.16,0.0,-73.0542267998988,0.0,0.0,91.70367990298577,0.0
3.165,0.0,-69.97772408341119,0.0,0.0,95.65978230587405,0.0
3.17,0.0,-66.89874191697517,0.0,0.0,99.08898994010205,0.0
3.1750000000000003,0.0,-63.92585349461902,0.0,0.0,101.91734805424704,0.0
3.18,0.0,-61.16436496537631,0.0,0.0,104.09693547642547,0.0
3.185,0.0,-58.71134437253265,0.0,0.0,105.60900064872308,0.0
3.19,0.0,-56.65227063011015,0.0,0.0,106.46413314827976,0.0
3.1950000000000003,0.0,-55.059447039356854,0.0,0.0,106.69983342000361,0.0
3.2,0.0,-53.99206756045964,0.0,0.0,106.3761799030948,0.0
3.205,0.0,-53.49765182336956,0.0,0.0,105.57044011911293,0.0
3.21,0.0,-53.61449082506038,0.0,0.0,104.37144409108944,0.0
3.215,0.0,-54.37475701198351,0.0,0.0,102.87438720380402,0.0
3.22,0.0,-55.80800358342133,0.0,0.0,101.17652074463732,0.0
3.225,0.0,-57.94488021513886,0.0,0.0,99.37397914538846,0.0
3.23,0.0,-60.82100416218382,0.0,0.0,97.55982153899531,0.0
3.235,0.0,-64.48103462751905,0.0,0.0,95.82324938812746,0.0
3.24,0.0,-68.98310154897607,0.0,0.0,94.2499035879438,0.0
3.245,0.0,-74.40384229243247,0.0,0.0,92.92313645229152,0.0
3.25,0.0,-80.84441142142663,0.0,0.0,91.92618617796099,0.0
3.255,0.0,-88.43796404763737,0.0,0.0,91.34524470989588,0.0
3.2600000000000002,0.0,-97.35928938216954,0.0,0.0,91.27349861801198,0.0
3.265,0.0,-107.837505709936,0.0,0.0,91.81633415064405,0.0
3.27,0.0,-120.17303230940328,0.0,0.0,93.0980301697117,0.0
3.275,0.0,-134.76041072838058,0.0,0.0,95.27040666546296,0.0
3.2800000000000002,0.0,-152.11884884572027,0.0,0.0,98.52401225877031,0.0
3.285,0.0,-172.93223077253947,0.0,0.0,103.10239054296585,0.0
3.29,0.0,-198.0986470812803,0.0,0.0,109.31937400665129,0.0
3.295,0.0,-228.78304061604075,0.0,0.0,117.5771153349101,0.0
3.3000000000000003,0.0,-266.44635054021353,0.0,0.0,128.37561688003223,0.0
3.305,0.0,-312.7657405971448,0.0,0.0,142.2844303926624,0.0
3.31,0.0,-369.1961653126391,0.0,0.0,159.79133529755774,0.0
3.315,0.0,-435.48702549278846,0.0,0.0,180.79510231275486,0.0
3.3200000000000003,0.0,-505.44782557279996,0.0,0.0,203.16619906245214,0.0
3.325,0.0,-556.7779006905793,0.0,0.0,219.30767447525608,0.0
3.33,0.0,-534.8596755836704,0.0,0.0,210.71431872343018,0.0
3.335,0.0,-359.0531182194525,0.0,0.0,150.21794172611615,0.0
3.34,0.0,-22.34250080786993,0.0,0.0,35.76825328006872,0.0
3.345,0.0,311.7596811691307,0.0,0.0,-76.96984714656608,0.0
3.35,0.0,488.1194967586186,0.0,0.0,-135.34090149469327,0.0
3.355,0.0,519.521626837028,0.0,0.0,-143.71187072641501,0.0
3.36,0.0,482.1536316213428,0.0,0.0,-128.05499290686345,0.0
3.365,0.0,426.31596130557637,0.0,0.0,-105.60134964596232,0.0
3.37,0.0,372.8351954648224,0.0,0.0,-83.55120360531708,0.0
3.375,0.0,327.88249553911356,0.0,0.0,-64.08839034604452,0.0
3.38,0.0,292.0920889993307,0.0,0.0,-47.48943740685718,0.0
3.3850000000000002,0.0,264.4024958632365,0.0,0.0,-33.44448515977531,0.0
3.39,0.0,243.44076514741724,0.0,0.0,-21.54019185260816,0.0
3.395,0.0,227.95450121604694,0.0,0.0,-11.415495517550886,0.0
3.4,0.0,216.90597792286124,0.0,0.0,-2.7999137676327326,0.0
3.4050000000000002,0.0,209.4574491856006,0.0,0.0,4.487133634238097,0.0
3.41,0.0,204.92905227678634,0.0,0.0,10.548185946679602,0.0
3.415,0.0,202.7565632418089,0.0,0.0,15.42174293791851,0.0
3.42,0.0,202.4570176765388,0.0,0.0,19.096066530074722,0.0
3.4250000000000003,0.0,203.60365809067468,0.0,0.0,21.522639927593566,0.0
3.43,0.0,205.80958792353903,0.0,0.0,22.6296358752276,0.0
3.435,0.0,208.71888778240944,0.0,0.0,22.335594071175795,0.0
3.44,0.0,212.00372443058976,0.0,0.0,20.56314352368821,0.0
3.4450000000000003,0.0,215.36585385695565,0.0,0.0,17.25224462951287,0.0
3.45,0.0,218.5408704882527,0.0,0.0,12.3721955304419,0.0
3.455,0.0,221.30365059034847,0.0,0.0,5.931608628406172,0.0
3.46,0.0,223.47371772754275,0.0,0.0,-2.0142981178589805,0.0
3.465,0.0,224.91968361506235,0.0,0.0,-11.359517368540171,0.0
3.47,0.0,225.56237784576203,0.0,0.0,-21.946384540714263,0.0
3.475,0.0,225.3766404723687,0.0,0.0,-33.56812366553638,0.0
3.48,0.0,224.39192202554017,0.0,0.0,-45.97489860624404,0.0
3.485,0.0,222.6918180553518,0.0,0.0,-58.883469658775574,0.0
3.49,0.0,220.4125547833485,0.0,0.0,-71.99044263849322,0.0
3.495,0.0,217.74038024202233,0.0,0.0,-84.98876470073711,0.0
3.5,0.0,214.90791854988908,0.0,0.0,-97.5865826795385,0.0
3.505,0.0,212.18985054193593,0.0,0.0,-109.52698603058997,0.0
3.5100000000000002,0.0,209.89873540197067,0.0,0.0,-120.60674367337354,0.0
3.515,0.0,208.38227180896615,0.0,0.0,-130.6921305529882,0.0
3.52,0.0,208.02370831026758,0.0,0.0,-139.73042269618475,0.0
3.525,0.0,209.2474145655104,0.0,0.0,-147.75654728158375,0.0
3.5300000000000002,0.0,212.5318759259522,0.0,0.0,-154.89549957478704,0.0
3.535,0.0,218.4327077029727,0.0,0.0,-161.36222979433717,0.0
3.54,0.0,227.61884898873518,0.0,0.0,-167.46155603431927,0.0
3.545,0.0,240.92591749476998,0.0,0.0,-173.59114619793186,0.0
3.5500000000000003,0.0,259.43137734602607,0.0,0.0,-180.25057582018007,0.0
3.555,0.0,284.5549076715676,0.0,0.0,-188.05834930163235,0.0
3.56,0.0,318.17809582476053,0.0,0.0,-197.7745253270624,0.0
3.565,0.0,362.7408384064741,0.0,0.0,-210.31248313787654,0.0
3.5700000000000003,0.0,421.1461722016994,0.0,0.0,-226.6782341030272,0.0
3.575,0.0,495.90128534417147,0.0,0.0,-247.63499411083944,0.0
3.58,0.0,585.703071360597,0.0,0.0,-272.4741259036116,0.0
3.585,0.0,674.5638592824895,0.0,0.0,-295.2296543595309,0.0
3.59,0.0,705.0348896971568,0.0,0.0,-295.56106107801514,0.0
3.595,0.0,550.7367513443487,0.0,0.0,-229.82856616677728,0.0
3.6,0.0,121.62792079932356,0.0,0.0,-68.06929045591743,0.0
3.605,0.0,-369.2315313945523,0.0,0.0,114.64328493336367,0.0
3.61,0.0,-619.4495086835891,0.0,0.0,212.65400453141723,0.0
3.615,0.0,-639.4106463761324,0.0,0.0,228.58070976241484,0.0
3.62,0.0,-564.6369875410885,0.0,0.0,209.2520765602822,0.0
3.625,0.0,-473.42904022283483,0.0,0.0,182.37546431825666,0.0
3.63,0.0,-391.93878279616257,0.0,0.0,157.65257950174828,0.0
3.6350000000000002,0.0,-325.0951184668623,0.0,0.0,137.2640103205141,0.0
3.64,0.0,-271.4830467976039,0.0,0.0,121.03016743275207,0.0
3.645,0.0,-228.43959952035502,0.0,0.0,108.22832047379102,0.0
3.65,0.0,-193.50690535023813,0.0,0.0,98.13807239039463,0.0
3.6550000000000002,0.0,-164.72667764351075,0.0,0.0,90.17032756069933,0.0
3.66,0.0,-140.60913591325703,0.0,0.0,83.87243990069008,0.0
3.665,0.0,-120.03420661609893,0.0,0.0,78.90285089964537,0.0
3.67,0.0,-102.15760995080957,0.0,0.0,75.00286295329946,0.0
3.6750000000000003,0.0,-86.33751125035663,0.0,0.0,71.97225961543539,0.0
3.68,0.0,-72.08137584114043,0.0,0.0,69.64909324238121,0.0
3.685,0.0,-59.00928407172076,0.0,0.0,67.89218926120901,0.0
3.69,0.0,-46.83023658747976,0.0,0.0,66.56453368373622,0.0
3.6950000000000003,0.0,-35.329093374387185,0.0,0.0,65.51570955771689,0.0
3.7,0.0,-24.362873059284645,0.0,0.0,64.56171543093137,0.0
3.705,0.0,-13.865836831306588,0.0,0.0,63.46100323735713,0.0
3.71,0.0,-3.862705770497578,0.0,0.0,61.886918899351286,0.0
3.715,0.0,5.512185269286684,0.0,0.0,59.399820413549925,0.0
3.72,0.0,13.996083568777935,0.0,0.0,55.4281971596825,0.0
3.725,0.0,21.193241158293382,0.0,0.0,49.277837096295144,0.0
3.73,0.0,26.608500850686315,0.0,0.0,40.19925045070383,0.0
3.735,0.0,29.748661157341523,0.0,0.0,27.546506257597947,0.0
3.74,0.0,30.306712088109578,0.0,0.0,11.035668879741593,0.0
3.745,0.0,28.392291701558523,0.0,0.0,-8.959815377084208,0.0
3.75,0.0,24.694654255458918,0.0,0.0,-31.234502846361433,0.0
3.755,0.0,20.43285150887214,0.0,0.0,-53.880955087320984,0.0
3.7600000000000002,0.0,17.045169449596226,0.0,0.0,-74.76661665871816,0.0
3.765,0.0,15.759230301581498,0.0,0.0,-92.15097600272273,0.0
3.77,0.0,17.283907680763125,0.0,0.0,-105.1165287957924,0.0
3.775,0.0,21.762295212505926,0.0,0.0,-113.63156148306683,0.0
3.7800000000000002,0.0,28.936683615509438,0.0,0.0,-118.31588464931124,0.0
3.785,0.0,38.38143617867813,0.0,0.0,-120.10888952531698,0.0
3.79,0.0,49.691769819682115,0.0,0.0,-119.99816689407984,0.0
3.795,0.0,62.59269270435962,0.0,0.0,-118.86442905603113,0.0
3.8000000000000003,0.0,76.98362304605564,0.0,0.0,-117.42704781371455,0.0
3.805,0.0,92.94918705760763,0.0,0.0,-116.25191999666987,0.0
3.81,0.0,110.76210039142556,0.0,0.0,-115.78905094153977,0.0
3.815,0.0,130.89549670512525,0.0,0.0,-116.42061669357835,0.0
3.8200000000000003,0.0,154.05662669704247,0.0,0.0,-118.51170321561368,0.0
3.825,0.0,181.25307458052737,0.0,0.0,-122.46354744204932,0.0
3.83,0.0,213.90633415914206,0.0,0.0,-128.7740639224629,0.0
3.835,0.0,254.03539966828825,0.0,0.0,-138.1142684477423,0.0
3.84,0.0,304.5434344668489,0.0,0.0,-151.43247192899503,0.0
3.845,0.0,369.643866456682,0.0,0.0,-170.09785198013324,0.0
3.85,0.0,455.4103291431786,0.0,0.0,-196.07437752589382,0.0
3.855,0.0,570.1139095117531,0.0,0.0,-232.00072208717285,0.0
3.86,0.0,722.5082598171709,0.0,0.0,-280.5286223880481,0.0
3.865,0.0,909.8945081912732,0.0,0.0,-340.106359831788,0.0
3.87,0.0,1066.270819479165,0.0,0.0,-387.1322813171218,0.0
3.875,0.0,925.9958654922535,0.0,0.0,-329.8258498795459,0.0
3.88,0.0,123.82261449044016,0.0,0.0,-44.09436703601672,0.0
3.8850000000000002,0.0,-802.0709550376127,0.0,0.0,284.1149375925756,0.0
3.89,0.0,-1075.1718019269283,0.0,0.0,387.4307384658987,0.0
3.895,0.0,-953.349746026096,0.0,0.0,352.76326314147616,0.0
3.9,0.0,-763.0296885767755,0.0,0.0,292.43837786393584,0.0
3.9050000000000002,0.0,-601.4753011071756,0.0,0.0,240.81932414948687,0.0
3.91,0.0,-478.8531734151625,0.0,0.0,202.10135275174665,0.0
3.915,0.0,-387.2852790608854,0.0,0.0,173.9842696438167,0.0
3.92,0.0,-318.08817831334153,0.0,0.0,153.7147068710295,0.0
3.9250000000000003,0.0,-264.6916069406181,0.0,0.0,139.17231554355473,0.0
3.93,0.0,-222.50690010246362,0.0,0.0,128.8675296923268,0.0
3.935,0.0,-188.373558084509,0.0,0.0,121.77045046196608,0.0
3.94,0.0,-160.0992018997941,0.0,0.0,117.15819818563114,0.0
3.9450000000000003,0.0,-136.1438731060482,0.0,0.0,114.50286397120725,0.0
3.95,0.0,-115.41608766409277,0.0,0.0,113.39025597191892,0.0
3.955,0.0,-97.14552011768681,0.0,0.0,113.45709282514557,0.0
3.96,0.0,-80.80740370122433,0.0,0.0,114.33721443884126,0.0
3.9650000000000003,0.0,-66.08238046239242,0.0,0.0,115.61105066219847,0.0
3.97,0.0,-52.840216971042,0.0,0.0,116.75709644097283,0.0
3.975,0.0,-41.13610006471868,0.0,0.0,117.11089967004939,0.0
3.98,0.0,-31.203857879306163,0.0,0.0,115.84746635988873,0.0
3.985,0.0,-23.422310404594462,0.0,0.0,112.01623337342001,0.0
3.99,0.0,-18.224414288544438,0.0,0.0,104.6666099236359,0.0
3.995,0.0,-15.927548444045797,0.0,0.0,93.08858359165231,0.0
4.0,0.0,-16.50526055228463,0.0,0.0,77.13443283555776,0.0
4.005,0.0,-19.394605318846413,0.0,0.0,57.48860351473077,0.0
4.01,0.0,-23.483560377712003,0.0,0.0,35.68744072604246,0.0
4.015,0.0,-27.361046128712378,0.0,0.0,13.773974211619603,0.0
4.0200000000000005,0.0,-29.734610562230973,0.0,0.0,-6.291010825208936,0.0
4.025,0.0,-29.783712405316884,0.0,0.0,-23.152612397439988,0.0
4.03,0.0,-27.271233996616857,0.0,0.0,-36.271091511775296,0.0
4.035,0.0,-22.420286686413974,0.0,0.0,-45.805069403342586,0.0
4.04,0.0,-15.690149155718446,0.0,0.0,-52.332933068962944,0.0
4.045,0.0,-7.5781998943231805,0.0,0.0,-56.583029540981286,0.0
4.05,0.0,1.4990296948091353,0.0,0.0,-59.2552302915112,0.0
4.055,0.0,11.252204502951683,0.0,0.0,-60.93744453445447,0.0
4.0600000000000005,0.0,21.521206887732202,0.0,0.0,-62.08689602688739,0.0
4.065,0.0,32.258484214782584,0.0,0.0,-63.044641999592486,0.0
4.07,0.0,43.50960130956,0.0,0.0,-64.06212246345763,0.0
4.075,0.0,55.39862064526608,0.0,0.0,-65.32875967293151,0.0
4.08,0.0,68.12115735105645,0.0,0.0,-66.99636532308946,0.0
4.085,0.0,81.94594673981995,0.0,0.0,-69.19969176263336,0.0
4.09,0.0,97.2254143044342,0.0,0.0,-72.0740733063361,0.0
4.095,0.0,114.41627358488726,0.0,0.0,-75.77172164096169,0.0
4.1,0.0,134.112157088411,0.0,0.0,-80.47844329659682,0.0
4.105,0.0,157.09137882280288,0.0,0.0,-86.43257277422805,0.0
4.11,0.0,184.38346205865872,0.0,0.0,-93.94765297329519,0.0
4.115,0.0,217.35593080250183,0.0,0.0,-103.43910642566159,0.0
4.12,0.0,257.81132405540666,0.0,0.0,-115.45040203914843,0.0
4.125,0.0,308.04240615320396,0.0,0.0,-130.65860630282913,0.0
4.13,0.0,370.65615393999485,0.0,0.0,-149.7902070501255,0.0
4.135,0.0,447.5487849094554,0.0,0.0,-173.2289958340775,0.0
4.14,0.0,536.1605001846489,0.0,0.0,-199.66918944161944,0.0
4.1450000000000005,0.0,618.099861136414,0.0,0.0,-222.14817939319153,0.0
4.15,0.0,632.6608361301746,0.0,0.0,-219.0130659480412,0.0
4.155,0.0,455.22389729495785,0.0,0.0,-146.97608365494028,0.0
4.16,0.0,15.230483632080407,0.0,0.0,17.59321111427717,0.0
4.165,0.0,-457.1777547336472,0.0,0.0,194.05478530594104,0.0
4.17,0.0,-680.9997943874698,0.0,0.0,284.00852684809934,0.0
4.175,0.0,-685.7545892684474,0.0,0.0,296.3165236461906,0.0
4.18,0.0,-605.881228987208,0.0,0.0,277.12038643694456,0.0
4.1850000000000005,0.0,-515.0226506178443,0.0,0.0,252.27364682237422,0.0
4.19,0.0,-436.7024169729085,0.0,0.0,230.37007205656207,0.0
4.195,0.0,-374.6978583642938,0.0,0.0,213.01477129937433,0.0
4.2,0.0,-327.11185099342185,0.0,0.0,199.68915736806224,0.0
4.205,0.0,-291.0797286015951,0.0,0.0,189.4243624665012,0.0
4.21,0.0,-264.0593309615646,0.0,0.0,181.28764664980025,0.0
4.215,0.0,-244.05558203508068,0.0,0.0,174.48943071817325,0.0
4.22,0.0,-229.5566679117634,0.0,0.0,168.38346445435556,0.0
4.225,0.0,-219.41787896135133,0.0,0.0,162.44545699022717,0.0
4.23,0.0,-212.7572122781211,0.0,0.0,156.25445459811615,0.0
4.235,0.0,-208.8750449278639,0.0,0.0,149.48190619144273,0.0
4.24,0.0,-207.1961619271394,0.0,0.0,141.88739893683638,0.0
4.245,0.0,-207.22974418530725,0.0,0.0,133.3183458536698,0.0
4.25,0.0,-208.54325460912247,0.0,0.0,123.71062285768049,0.0
4.255,0.0,-210.7469696704645,0.0,0.0,113.08747182328472,0.0
4.26,0.0,-213.48652384068572,0.0,0.0,101.55469687004287,0.0
4.265,0.0,-216.44120484575552,0.0,0.0,89.29117319969058,0.0
4.2700000000000005,0.0,-219.32598013927276,0.0,0.0,76.53479196900282,0.0
4.275,0.0,-221.89549095769024,0.0,0.0,63.56494560537302,0.0
4.28,0.0,-223.9486042651638,0.0,0.0,50.683289387428445,0.0
4.285,0.0,-225.33255945054927,0.0,0.0,38.194674841372205,0.0
4.29,0.0,-225.94620146270702,0.0,0.0,26.389876264868057,0.0
4.295,0.0,-225.74214121982237,0.0,0.0,15.53120189114107,0.0
4.3,0.0,-224.72784940090048,0.0,0.0,5.8415287098791495,0.0
4.305,0.0,-222.9656765277473,0.0,0.0,-2.5030943810726765,0.0
4.3100000000000005,0.0,-220.57169369446652,0.0,0.0,-9.377308065865414,0.0
4.315,0.0,-217.713202009811,0.0,0.0,-14.706827723888063,0.0
4.32,0.0,-214.60487843534315,0.0,0.0,-18.465413470396754,0.0
4.325,0.0,-211.50384360954752,0.0,0.0,-20.66857216328814,0.0
4.33,0.0,-208.70438929403798,0.0,0.0,-21.364333649461003,0.0
4.335,0.0,-206.53356330322316,0.0,0.0,-20.621685321439273,0.0
4.34,0.0,-205.34915512727287,0.0,0.0,-18.517426549962792,0.0
4.345,0.0,-205.54179394017436,0.0,0.0,-15.122220311402568,0.0
4.3500000000000005,0.0,-207.54288018227732,0.0,0.0,-10.486436797972791,0.0
4.355,0.0,-211.83998394477504,0.0,0.0,-4.626043648935558,0.0
4.36,0.0,-219.00116555193162,0.0,0.0,2.491586481300029,0.0
4.365,0.0,-229.7091672254615,0.0,0.0,10.962305933752587,0.0
4.37,0.0,-244.80467647435742,0.0,0.0,20.960282695665338,0.0
4.375,0.0,-265.3321894482346,0.0,0.0,32.75172703490063,0.0
4.38,0.0,-292.56498420140065,0.0,0.0,46.6995267839804,0.0
4.385,0.0,-327.9370942205713,0.0,0.0,63.2342190781739,0.0
4.39,0.0,-372.67560135684175,0.0,0.0,82.7205023625818,0.0
4.3950000000000005,0.0,-426.5689429285063,0.0,0.0,105.0265730862999,0.0
4.4,0.0,-484.4491699120996,0.0,0.0,128.3131200832564,0.0
4.405,0.0,-527.5281196301876,0.0,0.0,146.0769202369964,0.0
4.41,0.0,-508.0366075207912,0.0,0.0,141.94697891527414,0.0
4.415,0.0,-347.2567686355648,0.0,0.0,89.08440402117664,0.0
4.42,0.0,-16.710654073911535,0.0,0.0,-22.212625934402165,0.0
4.425,0.0,338.3204878955867,0.0,0.0,-142.65320848789867,0.0
4.43,0.0,535.7970795031745,0.0,0.0,-210.32458362774463,0.0
4.4350000000000005,0.0,568.2539564838297,0.0,0.0,-222.36383127784705,0.0
4.44,0.0,518.8916994980724,0.0,0.0,-206.78398628325328,0.0
4.445,0.0,447.5659149908174,0.0,0.0,-183.8542641499974,0.0
4.45,0.0,379.2092599864908,0.0,0.0,-162.06111565934194,0.0
4.455,0.0,320.88680051752124,0.0,0.0,-143.83013156844868,0.0
4.46,0.0,273.0344635021167,0.0,0.0,-129.3250975020077,0.0
4.465,0.0,234.17170796736605,0.0,0.0,-118.04921156269403,0.0
4.47,0.0,202.55044237003082,0.0,0.0,-109.4085905958162,0.0
4.4750000000000005,0.0,176.64217824682234,0.0,0.0,-102.88022935484422,0.0
4.48,0.0,155.22839611245809,0.0,0.0,-98.04395962775543,0.0
4.485,0.0,137.37095614282558,0.0,0.0,-94.57280714079899,0.0
4.49,0.0,122.35657967031996,0.0,0.0,-92.2140128488497,0.0
4.495,0.0,109.6445026095886,0.0,0.0,-90.77080881258784,0.0
4.5,0.0,98.82425915750034,0.0,0.0,-90.08742859995354,0.0
4.505,0.0,89.58353788552478,0.0,0.0,-90.03740020359811,0.0
4.51,0.0,81.68423896934212,0.0,0.0,-90.51453323909364,0.0
4.515,0.0,74.94473132525059,0.0,0.0,-91.42596651030463,0.0
4.5200000000000005,0.0,69.22663802578127,0.0,0.0,-92.68676541010751,0.0
4.525,0.0,64.42486362282645,0.0,0.0,-94.21571053226103,0.0
4.53,0.0,60.45990280398514,0.0,0.0,-95.93205770808595,0.0
4.535,0.0,57.27171871708619,0.0,0.0,-97.7531665021491,0.0
4.54,0.0,54.814663648730736,0.0,0.0,-99.59298846200403,0.0
4.545,0.0,53.05305342270873,0.0,0.0,-101.36147713594488,0.0
4.55,0.0,51.957118069836476,0.0,0.0,-102.96502461406192,0.0
4.555,0.0,51.49915043124267,0.0,0.0,-104.30803585131444,0.0
4.5600000000000005,0.0,51.649773173328946,0.0,0.0,-105.2957117399603,0.0
4.565,0.0,52.37435012427421,0.0,0.0,-105.83801549162177,0.0
4.57,0.0,53.62967997962223,0.0,0.0,-105.85464187229802,0.0
4.575,0.0,55.36122033532793,0.0,0.0,-105.28060643574884,0.0
4.58,0.0,57.50117853766305,0.0,0.0,-104.07185309896781,0.0
4.585,0.0,59.967845323261486,0.0,0.0,-102.21009537953583,0.0
4.59,0.0,62.66650789269705,0.0,0.0,-99.70602545891632,0.0
4.595,0.0,65.49214050854685,0.0,0.0,-96.60010769620163,0.0
4.6000000000000005,0.0,68.33383568779088,0.0,0.0,-92.96045044062268,0.0
4.605,0.0,71.08064346522485,0.0,0.0,-88.87769804810031,0.0
4.61,0.0,73.62819764982588,0.0,0.0,-84.45741628924364,0.0
4.615,0.0,75.88530864449035,0.0,0.0,-79.81092567962864,0.0
4.62,0.0,77.77965979250271,0.0,0.0,-75.04583339386842,0.0
4.625,0.0,79.2618824707786,0.0,0.0,-70.25753971589953,0.0
4.63,0.0,80.30757174753968,0.0,0.0,-65.5227482318523,0.0
4.635,0.0,80.91716096028853,0.0,0.0,-60.895572761880246,0.0
4.64,0.0,81.11390588477249,0.0,0.0,-56.406339164793245,0.0
4.6450000000000005,0.0,80.94046159998675,0.0,0.0,-52.06275451831954,0.0
4.65,0.0,80.45463286257336,0.0,0.0,-47.85284310421537,0.0
4.655,0.0,79.72485041281513,0.0,0.0,-43.74895083367973,0.0
4.66,0.0,78.82580965022969,0.0,0.0,-39.71216909587703,0.0
4.665,0.0,77.83455302549994,0.0,0.0,-35.69667051867661,0.0
4.67,0.0,76.82712513910809,0.0,0.0,-31.65362540471176,0.0
4.675,0.0,75.87580659181644,0.0,0.0,-27.53453480202032,0.0
4.68,0.0,75.04684994223585,0.0,0.0,-23.2939494704483,0.0
4.6850000000000005,0.0,74.39859782949394,0.0,0.0,-18.89163537209142,0.0
4.69,0.0,73.97985238889636,0.0,0.0,-14.29429866208493,0.0
4.695,0.0,73.8283780409188,0.0,0.0,-9.47700430053208,0.0
4.7,0.0,73.96944957949479,0.0,0.0,-4.424420507537588,0.0
4.705,0.0,74.41439994873153,0.0,0.0,0.8679977785511586,0.0
4.71,0.0,75.15917548971487,0.0,0.0,6.392806853239865,0.0
4.715,0.0,76.18297057432275,0.0,0.0,12.129322361157156,0.0
4.72,0.0,77.44708791981589,0.0,0.0,18.04235125388923,0.0
4.7250000000000005,0.0,78.89425225379696,0.0,0.0,24.081023885589417,0.0
4.73,0.0,80.44868455593885,0.0,0.0,30.17794000675299,0.0
4.735,0.0,82.01730479275707,0.0,0.0,36.2489440789751,0.0
4.74,0.0,83.49244641067031,0.0,0.0,42.19392920783048,0.0
4.745,0.0,84.75640229718766,0.0,0.0,47.8991006678903,0.0
4.75,0.0,85.68794705272873,0.0,0.0,53.24106703702795,0.0
4.755,0.0,86.1706783172733,0.0,0.0,58.09293164046586,0.0
4.76,0.0,86.10261107808242,0.0,0.0,62.332217440145605,0.0
4.765,0.0,85.40601652578424,0.0,0.0,65.85001218146932,0.0
4.7700000000000005,0.0,84.03614613417291,0.0,0.0,68.56026712496487,0.0
4.775,0.0,81.98736915291113,0.0,0.0,70.40786965773074,0.0
4.78,0.0,79.29548817734684,0.0,0.0,71.37408467277038,0.0
4.785,0.0,76.03559220842241,0.0,0.0,71.47829899657793,0.0
4.79,0.0,72.31563419390571,0.0,0.0,70.77565910017447,0.0
4.795,0.0,68.26674913031451,0.0,0.0,69.35098889888235,0.0
4.8,0.0,64.031910673625,0.0,0.0,67.31007186707235,0.0
4.805,0.0,59.75469748849442,0.0,0.0,64.76977732072977,0.0
4.8100000000000005,0.0,55.5696943170069,0.0,0.0,61.84852129530665,0.0
4.815,0.0,51.59551532409101,0.0,0.0,58.658233918593375,0.0
4.82,0.0,47.93080508242363,0.0,0.0,55.298507395419875,0.0
4.825,0.0,44.65302458570903,0.0,0.0,51.85308977135401,0.0
4.83,0.0,41.819471199707735,0.0,0.0,48.388493026881065,0.0
4.835,0.0,39.46983316492755,0.0,0.0,44.95425277345933,0.0
4.84,0.0,37.62960071336687,0.0,0.0,41.58430232882947,0.0
4.845,0.0,36.31378070149279,0.0,0.0,38.29896269555009,0.0
4.8500000000000005,0.0,35.53052644307036,0.0,0.0,35.10715004826724,0.0
4.855,0.0,35.28445368717743,0.0,0.0,32.00852069650915,0.0
4.86,0.0,35.57954277610217,0.0,0.0,28.995382481668706,0.0
4.865,0.0,36.4216177950742,0.0,0.0,26.05428813413795,0.0
4.87,0.0,37.82044779305606,0.0,0.0,23.167287711492524,0.0
4.875,0.0,39.79153869654445,0.0,0.0,20.312857408730547,0.0
4.88,0.0,42.357682755583326,0.0,0.0,17.46654713122218,0.0
4.885,0.0,45.55030722825147,0.0,0.0,14.601406626841019,0.0
4.89,0.0,49.41061149698618,0.0,0.0,11.688267692461281,0.0
4.8950000000000005,0.0,53.99038855323566,0.0,0.0,8.695987474916599,0.0
4.9,0.0,59.352264428349,0.0,0.0,5.59180823762982,0.0
4.905,0.0,65.56880405779631,0.0,0.0,2.3420826604278275,0.0
4.91,0.0,72.71942694403337,0.0,0.0,-1.086214719895061,0.0
4.915,0.0,80.88317834611648,0.0,0.0,-4.722460645383833,0.0
4.92,0.0,90.1238141386526,0.0,0.0,-8.586565165018683,0.0
4.925,0.0,100.4608927039434,0.0,0.0,-12.678140240574749,0.0
4.93,0.0,111.8159119888301,0.0,0.0,-16.956852619047524,0.0
4.9350000000000005,0.0,123.91522700611837,0.0,0.0,-21.30771128773175,0.0
4.94,0.0,136.12176669150736,0.0,0.0,-25.48185725002616,0.0
4.945,0.0,147.16032953412662,0.0,0.0,-29.0012728879611,0.0
4.95,0.0,154.71617361574664,0.0,0.0,-31.021576763958237,0.0
4.955,0.0,154.97863543271458,0.0,0.0,-30.179538962444816,0.0
4.96,0.0,142.47350444128068,0.0,0.0,-24.545866687239837,0.0
4.965,0.0,111.0219291699617,0.0,0.0,-11.971884148986874,0.0
4.97,0.0,56.8835705533736,0.0,0.0,8.811178414875961,0.0
4.9750000000000005,0.0,-16.44644535433704,0.0,0.0,36.53274445793467,0.0
4.98,0.0,-96.15277192849797,0.0,0.0,66.66921283422678,0.0
4.985,0.0,-165.52751430342434,0.0,0.0,93.32163320892053,0.0
4.99,0.0,-213.43161329770138,0.0,0.0,112.48999416253524,0.0
4.995,0.0,-238.49704229958832,0.0,0.0,123.55169135438614,0.0
5.0,0.0,-245.9587296870433,0.0,0.0,128.20023715332675,0.0
5.005,0.0,-242.62590337727536,0.0,0.0,128.7201024264479,0.0
5.01,0.0,-234.0157406924079,0.0,0.0,126.98627171163395,0.0
5.015,0.0,-223.7163166314154,0.0,0.0,124.2271895782066,0.0
5.0200000000000005,0.0,-213.75282862498096,0.0,0.0,121.13831374123683,0.0
5.025,0.0,-205.13186125480385,0.0,0.0,118.06344210717498,0.0
5.03,0.0,-198.26912782007588,0.0,0.0,115.14047578657716,0.0
5.035,0.0,-193.26409784228508,0.0,0.0,112.39697459151236,0.0
5.04,0.0,-190.0597136369522,0.0,0.0,109.80731463426721,0.0
5.045,0.0,-188.52997494103852,0.0,0.0,107.32543636337292,0.0
5.05,0.0,-188.52602304371518,0.0,0.0,104.90333803569717,0.0
5.055,0.0,-189.89963952850127,0.0,0.0,102.50159930121606,0.0
5.0600000000000005,0.0,-192.5150818436679,0.0,0.0,100.09553127424181,0.0
5.065,0.0,-196.25535742501694,0.0,0.0,97.67891145554373,0.0
5.07,0.0,-201.02629090106376,0.0,0.0,95.26632905652517,0.0
5.075,0.0,-206.76021547899217,0.0,0.0,92.89466382901716,0.0
5.08,0.0,-213.4202830975829,0.0,0.0,90.62397275774293,0.0
5.085,0.0,-221.00592288934016,0.0,0.0,88.53795717677559,0.0
5.09,0.0,-229.5596972695729,0.0,0.0,86.74416091580215,0.0
5.095,0.0,-239.17558065413664,0.0,0.0,85.37405721383581,0.0
5.1000000000000005,0.0,-250.0083843130537,0.0,0.0,84.58316412512352,0.0
5.105,0.0,-262.283456835555,0.0,0.0,84.55120252099418,0.0
5.11,0.0,-276.30446749085496,0.0,0.0,85.48192229697604,0.0
5.115,0.0,-292.4540894306815,0.0,0.0,87.60124897675169,0.0
5.12,0.0,-311.1756885890318,0.0,0.0,91.1501512353226,0.0
5.125,0.0,-332.90924885192055,0.0,0.0,96.3636014833794,0.0
5.13,0.0,-357.92242589657593,0.0,0.0,103.41605030707633,0.0
5.135,0.0,-385.91009014448247,0.0,0.0,112.2909264041005,0.0
5.14,0.0,-415.1077229587708,0.0,0.0,122.4880884943436,0.0
5.1450000000000005,0.0,-440.4814902931655,0.0,0.0,132.42030065695994,0.0
5.15,0.0,-450.5669467036002,0.0,0.0,138.34913772676117,0.0
5.155,0.0,-423.88480254792364,0.0,0.0,133.1587418544611,0.0
5.16,0.0,-331.1540101507717,0.0,0.0,107.03387172701751,0.0
5.165,0.0,-156.34286331944307,0.0,0.0,54.410749702946745,0.0
5.17,0.0,68.38871612130221,0.0,0.0,-14.389164786023226,0.0
5.175,0.0,269.0424492683684,0.0,0.0,-75.20565853908171,0.0
5.18,0.0,393.8772762266174,0.0,0.0,-111.28289801817921,0.0
5.1850000000000005,0.0,444.8173184799703,0.0,0.0,-123.62254981617882,0.0
5.19,0.0,449.4747137778208,0.0,0.0,-121.61673218532276,0.0
5.195,0.0,432.54441898579006,0.0,0.0,-113.55538776079408,0.0
5.2,0.0,408.5122492665321,0.0,0.0,-104.25941484305707,0.0
5.205,0.0,384.21605839828953,0.0,0.0,-95.97612950970743,0.0
5.21,0.0,362.32349716436465,0.0,0.0,-89.55508959207296,0.0
5.215,0.0,343.54512016835616,0.0,0.0,-85.18769921242551,0.0
5.22,0.0,327.7741451684741,0.0,0.0,-82.78311073349319,0.0
5.2250000000000005,0.0,314.62071795303945,0.0,0.0,-82.14119840930331,0.0
5.23,0.0,303.6481146660599,0.0,0.0,-83.0273573584941,0.0
5.235,0.0,294.4707914502005,0.0,0.0,-85.20339516203308,0.0
5.24,0.0,286.79054858704336,0.0,0.0,-88.44022671654952,0.0
5.245,0.0,280.4058216314817,0.0,0.0,-92.52392806265121,0.0
5.25,0.0,275.20986992931626,0.0,0.0,-97.2600068867602,0.0
5.255,0.0,271.1848830388636,0.0,0.0,-102.47762327668399,0.0
5.26,0.0,268.39506441434986,0.0,0.0,-108.03404321676291,0.0
5.265,0.0,266.9798471632205,0.0,0.0,-113.81892630038084,0.0
5.2700000000000005,0.0,267.14717635683144,0.0,0.0,-119.75767890824845,0.0
5.275,0.0,269.1653991471612,0.0,0.0,-125.81274145210679,0.0
5.28,0.0,273.3498817351822,0.0,0.0,-131.98100565093327,0.0
5.285,0.0,280.0356931124729,0.0,0.0,-138.28409156103348,0.0
5.29,0.0,289.51812309685374,0.0,0.0,-144.74510360735496,0.0
5.295,0.0,301.92402625325224,0.0,0.0,-151.33924737663656,0.0
5.3,0.0,316.94220177474807,0.0,0.0,-157.8941294574218,0.0
5.305,0.0,333.28507787932404,0.0,0.0,-163.89728086821899,0.0
5.3100000000000005,0.0,347.69769697165486,0.0,0.0,-168.15134288932398,0.0
5.315,0.0,353.4099670106781,0.0,0.0,-168.24927732757286,0.0
5.32,0.0,338.60393929738063,0.0,0.0,-160.07984741645345,0.0
5.325,0.0,287.51807379206963,0.0,0.0,-138.27567934580418,0.0
5.33,0.0,189.188902508679,0.0,0.0,-99.30201946252555,0.0
5.335,0.0,53.425314120745185,0.0,0.0,-46.97227537844279,0.0
5.34,0.0,-84.70062287837875,0.0,0.0,6.102571598484587,0.0
5.345,0.0,-188.23449122045363,0.0,0.0,46.71292872073638,0.0
5.3500000000000005,0.0,-243.87610068788211,0.0,0.0,69.96365332039998,0.0
5.355,0.0,-260.4484225092339,0.0,0.0,78.79348264616284,0.0
5.36,0.0,-253.3317899168531,0.0,0.0,78.569516511082,0.0
5.365,0.0,-234.81290474659497,0.0,0.0,73.67543007353885,0.0
5.37,0.0,-212.28792732727868,0.0,0.0,66.82333231450731,0.0
5.375,0.0,-189.53789193577643,0.0,0.0,59.459652652644685,0.0
5.38,0.0,-168.23866445987113,0.0,0.0,52.27635823668897,0.0
5.385,0.0,-148.97964399831505,0.0,0.0,45.56398492199184,0.0
5.39,0.0,-131.83586816797973,0.0,0.0,39.414062603158975,0.0
5.3950000000000005,0.0,-116.66225935739934,0.0,0.0,33.8258011157653,0.0
5.4,0.0,-103.23670839343671,0.0,0.0,28.759697893727527,0.0
5.405,0.0,-91.32593496887664,0.0,0.0,24.16345257148393,0.0
5.41,0.0,-80.7133298149804,0.0,0.0,19.983882137581467,0.0
5.415,0.0,-71.20866831382445,0.0,0.0,16.171913930095705,0.0
5.42,0.0,-62.649546746646244,0.0,0.0,12.68424045789687,0.0
5.425,0.0,-54.89933110526568,0.0,0.0,9.483428925296039,0.0
5.43,0.0,-47.84389453202387,0.0,0.0,6.537371068547721,0.0
5.4350000000000005,0.0,-41.38818344978831,0.0,0.0,3.8185017242178887,0.0
5.44,0.0,-35.453052096094964,0.0,0.0,1.3029850919367192,0.0
5.445,0.0,-29.97251967303936,0.0,0.0,-1.0300466863948259,0.0
5.45,0.0,-24.89147398320226,0.0,0.0,-3.1991741437036154,0.0
5.455,0.0,-20.163790778238152,0.0,0.0,-5.221288555614883,0.0
5.46,0.0,-15.750819563420833,0.0,0.0,-7.112117671780425,0.0
5.465,0.0,-11.620184645105146,0.0,0.0,-8.88669387587084,0.0
5.47,0.0,-7.744855062677508,0.0,0.0,-10.559780329730792,0.0
5.4750000000000005,0.0,-4.102443890931089,0.0,0.0,-12.14626934253701,0.0
5.48,0.0,-0.6747037429801219,0.0,0.0,-13.661564312467533,0.0
5.485,0.0,2.552810358461592,0.0,0.0,-15.121951900548076,0.0
5.49,0.0,5.59093851545937,0.0,0.0,-16.54496379570997,0.0
5.495,0.0,8.447005384772638,0.0,0.0,-17.949716110154846,0.0
5.5,0.0,11.124843478945335,0.0,0.0,-19.357197099172815,0.0
5.505,0.0,13.624812159605963,0.0,0.0,-20.790448023816943,0.0
5.51,0.0,15.943906275754284,0.0,0.0,-22.274545004621174,0.0
5.515,0.0,18.07609511487439,0.0,0.0,-23.836240213568793,0.0
5.5200000000000005,0.0,20.01309301806658,0.0,0.0,-25.50306094517692,0.0
5.525,0.0,21.745829760096314,0.0,0.0,-27.30160546897835,0.0
5.53,0.0,23.266939457588776,0.0,0.0,-29.254740734552374,0.0
5.535,0.0,24.57457642869594,0.0,0.0,-31.37744755199628,0.0
5.54,0.0,25.677722392668795,0.0,0.0,-33.67124824156282,0.0
5.545,0.0,26.60278168461271,0.0,0.0,-36.11757572407457,0.0
5.55,0.0,27.400607271802393,0.0,0.0,-38.67114844486156,0.0
5.555,0.0,28.15221803707637,0.0,0.0,-41.2553135266079,0.0
5.5600000000000005,0.0,28.97065237264989,0.0,0.0,-43.76207360404349,0.0
5.565,0.0,29.99622904925591,0.0,0.0,-46.05951405000414,0.0
5.57,0.0,31.383608821724827,0.0,0.0,-48.00795591018511,0.0
5.575,0.0,33.28169250552367,0.0,0.0,-49.48324495444278,0.0
5.58,0.0,35.81078235528322,0.0,0.0,-50.40207378634697,0.0
5.585,0.0,39.04381874062117,0.0,0.0,-50.7420049619688,0.0
5.59,0.0,42.99814070695929,0.0,0.0,-50.54965090873445,0.0
5.595,0.0,47.64080250337726,0.0,0.0,-49.93439396204839,0.0
5.6000000000000005,0.0,52.90566431226178,0.0,0.0,-49.050195518192524,0.0
5.605,0.0,58.7167982066423,0.0,0.0,-48.07177382351654,0.0
5.61,0.0,65.01184352964047,0.0,0.0,-47.17214211737043,0.0
5.615,0.0,71.76064878684087,0.0,0.0,-46.50652860467716,0.0
5.62,0.0,78.97743706615054,0.0,0.0,-46.20462779499136,0.0
5.625,0.0,86.72734457485068,0.0,0.0,-46.37052333779782,0.0
5.63,0.0,95.12973799114374,0.0,0.0,-47.08824420889671,0.0
5.635,0.0,104.36122679363203,0.0,0.0,-48.43073249896703,0.0
5.64,0.0,114.66119100884595,0.0,0.0,-50.470572845017685,0.0
5.6450000000000005,0.0,126.34245116842999,0.0,0.0,-53.291706464267904,0.0
5.65,0.0,139.80981650152663,0.0,0.0,-57.00224921345646,0.0
5.655,0.0,155.58994967427847,0.0,0.0,-61.74937603820496,0.0
5.66,0.0,174.3775480778936,0.0,0.0,-67.73809736904458,0.0
5.665,0.0,197.10560803668045,0.0,0.0,-75.25680547169112,0.0
5.67,0.0,225.05197793661384,0.0,0.0,-84.71392478107406,0.0
5.675,0.0,260.0008903574352,0.0,0.0,-96.69200331105361,0.0
5.68,0.0,304.48566189580515,0.0,0.0,-112.02772388739838,0.0
5.6850000000000005,0.0,362.139194936918,0.0,0.0,-131.92564922303015,0.0
5.69,0.0,438.13428037699464,0.0,0.0,-158.09661832663906,0.0
5.695,0.0,539.4454747231104,0.0,0.0,-192.82295427091333,0.0
5.7,0.0,673.5550308017272,0.0,0.0,-238.46829261452396,0.0
5.705,0.0,839.7485318552547,0.0,0.0,-294.41964289722733,0.0
5.71,0.0,992.0354321127302,0.0,0.0,-344.34354098434494,0.0
5.715,0.0,934.6134256954965,0.0,0.0,-320.741219717244,0.0
5.72,0.0,318.9905700557542,0.0,0.0,-104.99105690219395,0.0
5.7250000000000005,0.0,-599.0721906859869,0.0,0.0,214.53304964008592,0.0
5.73,0.0,-1008.8993073888328,0.0,0.0,360.3190470639515,0.0
5.735,0.0,-959.493874332978,0.0,0.0,347.8581293328131,0.0
5.74,0.0,-788.1559978553373,0.0,0.0,292.2578229073296,0.0
5.745,0.0,-628.062787931809,0.0,0.0,239.65545056722985,0.0
5.75,0.0,-503.016603768448,0.0,0.0,198.71042900999743,0.0
5.755,0.0,-408.8874064808622,0.0,0.0,168.3143924192213,0.0
5.76,0.0,-337.80569933337995,0.0,0.0,145.94126161191497,0.0
5.765,0.0,-283.2542948147062,0.0,0.0,129.45497810839169,0.0
5.7700000000000005,0.0,-240.53738910615186,0.0,0.0,117.3059595193736,0.0
5.775,0.0,-206.38072766617486,0.0,0.0,108.41145649700078,0.0
5.78,0.0,-178.50234051709128,0.0,0.0,102.01575383212956,0.0
5.785,0.0,-155.29494158461705,0.0,0.0,97.58298518253565,0.0
5.79,0.0,-135.6117426189818,0.0,0.0,94.72173096877984,0.0
5.795,0.0,-118.6262566350557,0.0,0.0,93.13206070888492,0.0
5.8,0.0,-103.74166838567044,0.0,0.0,92.56680769197182,0.0
5.805,0.0,-90.53300885885164,0.0,0.0,92.80132057346941,0.0
5.8100000000000005,0.0,-78.7111154801369,0.0,0.0,93.60812544427752,0.0
5.815,0.0,-68.10087670776153,0.0,0.0,94.73486251254218,0.0
5.82,0.0,-58.62794942907342,0.0,0.0,95.88587355300166,0.0
5.825,0.0,-50.30839241296448,0.0,0.0,96.71020464403608,0.0
5.83,0.0,-43.23491998898571,0.0,0.0,96.8015260318409,0.0
5.835,0.0,-37.552584573248595,0.0,0.0,95.71779224031766,0.0
5.84,0.0,-33.417290196802796,0.0,0.0,93.02840904282884,0.0
5.845,0.0,-30.935045963756863,0.0,0.0,88.39118844451923,0.0
5.8500000000000005,0.0,-30.09009822209313,0.0,0.0,81.64815315236595,0.0
5.855,0.0,-30.68400372137465,0.0,0.0,72.91087782690805,0.0
5.86,0.0,-32.31662424452659,0.0,0.0,62.59363703356975,0.0
5.865,0.0,-34.43186327197575,0.0,0.0,51.36181635708229,0.0
5.87,0.0,-36.42246119933093,0.0,0.0,39.9988206216184,0.0
5.875,0.0,-37.755162396615574,0.0,0.0,29.238065558636332,0.0
5.88,0.0,-38.065661438364295,0.0,0.0,19.625201443832125,0.0
5.885,0.0,-37.19196649201857,0.0,0.0,11.45496032491068,0.0
5.89,0.0,-35.148689881353725,0.0,0.0,4.785380911871648,0.0
5.8950000000000005,0.0,-32.068314937256716,0.0,0.0,-0.4994433823306892,0.0
5.9,0.0,-28.13834260806362,0.0,0.0,-4.613834396311923,0.0
5.905,0.0,-23.55238519496622,0.0,0.0,-7.806843901508344,0.0
5.91,0.0,-18.480499328110966,0.0,0.0,-10.319831334299089,0.0
5.915,0.0,-13.055966334759137,0.0,0.0,-12.364135685596992,0.0
5.92,0.0,-7.372938066263519,0.0,0.0,-14.113256364600552,0.0
5.925,0.0,-1.4897849715969391,0.0,0.0,-15.703661565243998,0.0
5.93,0.0,4.565462737840131,0.0,0.0,-17.23977188807544,0.0
5.9350000000000005,0.0,10.789669240578924,0.0,0.0,-18.80033606944906,0.0
5.94,0.0,17.200147501453593,0.0,0.0,-20.444722460277816,0.0
5.945,0.0,23.83158156740457,0.0,0.0,-22.218494610769874,0.0
5.95,0.0,30.734372875684738,0.0,0.0,-24.15811624687675,0.0
5.955,0.0,37.97435661607881,0.0,0.0,-26.294868014943354,0.0
5.96,0.0,45.6338363333095,0.0,0.0,-28.65815863329346,0.0
5.965,0.0,53.813946023752145,0.0,0.0,-31.278444655834036,0.0
5.97,0.0,62.63844148919374,0.0,0.0,-34.18997589935872,0.0
5.9750000000000005,0.0,72.25913405362934,0.0,0.0,-37.43357859627241,0.0
5.98,0.0,82.86330222957781,0.0,0.0,-41.05968368557294,0.0
5.985,0.0,94.68353596629359,0.0,0.0,-45.131800899420305,0.0
5.99,0.0,108.01054141079167,0.0,0.0,-49.73061339023068,0.0
5.995,0.0,123.20934527158364,0.0,0.0,-54.95877607895758,0.0
6.0,0.0,140.73878580742885,0.0,0.0,-60.94622925877415,0.0
6.005,0.0,161.17240650528439,0.0,0.0,-67.85511053084815,0.0
6.01,0.0,185.21400398517156,0.0,0.0,-75.8814938167713,0.0
6.015000000000001,0.0,213.68849321040983,0.0,0.0,-85.24658273249753,0.0
6.0200000000000005,0.0,247.4570933289829,0.0,0.0,-96.15872584441186,0.0
6.025,0.0,287.1280503815419,0.0,0.0,-108.7005143403327,0.0
6.03,0.0,332.2509378288635,0.0,0.0,-122.53249274312233,0.0
6.035,0.0,379.296550675498,0.0,0.0,-136.17531192857058,0.0
6.04,0.0,417.1647017381173,0.0,0.0,-145.45154532659564,0.0
6.045,0.0,419.4785901315881,0.0,0.0,-140.87667630840295,0.0
6.05,0.0,340.35695786767184,0.0,0.0,-106.38158224366057,0.0
6.055,0.0,141.31168070464383,0.0,0.0,-28.87736186063276,0.0
6.0600000000000005,0.0,-136.62463056713662,0.0,0.0,76.77210599541596,0.0
6.065,0.0,-369.7506543532812,0.0,0.0,166.88421693813353,0.0
6.07,0.0,-483.01856325363076,0.0,0.0,214.54058746609581,0.0
6.075,0.0,-499.29891606267927,0.0,0.0,226.97806769401217,0.0
6.08,0.0,-469.05505230507384,0.0,0.0,221.48514299416553,0.0
6.085,0.0,-425.5580749177016,0.0,0.0,209.71288585209442,0.0
6.09,0.0,-383.6426779806223,0.0,0.0,196.99628159790944,0.0
6.095,0.0,-348.2395358936877,0.0,0.0,185.19692752682252,0.0
6.1000000000000005,0.0,-320.1342396809389,0.0,0.0,174.67995461157318,0.0
6.105,0.0,-298.6584447541377,0.0,0.0,165.2622987074459,0.0
6.11,0.0,-282.77041716489157,0.0,0.0,156.60920473282175,0.0
6.115,0.0,-271.4416654176159,0.0,0.0,148.38806506227573,0.0
6.12,0.0,-263.77084155934136,0.0,0.0,140.32385283633047,0.0
6.125,0.0,-258.99891325048566,0.0,0.0,132.21640772887525,0.0
6.13,0.0,-256.49386907194906,0.0,0.0,123.9432886191212,0.0
6.135,0.0,-255.73045407754898,0.0,0.0,115.45692689142768,0.0
6.140000000000001,0.0,-256.2735755052587,0.0,0.0,106.77893172710006,0.0
6.1450000000000005,0.0,-257.7675125914427,0.0,0.0,97.99229483455943,0.0
6.15,0.0,-259.9306454888152,0.0,0.0,89.23170924075313,0.0
6.155,0.0,-262.55461127411166,0.0,0.0,80.67231840862908,0.0
6.16,0.0,-265.5066402666931,0.0,0.0,72.5175229999582,0.0
6.165,0.0,-268.7339627361265,0.0,0.0,64.98678294545353,0.0
6.17,0.0,-272.26947429033316,0.0,0.0,58.304556100556326,0.0
6.175,0.0,-276.23825806344627,0.0,0.0,52.69156827897338,0.0
6.18,0.0,-280.865049620042,0.0,0.0,48.35951221195097,0.0
6.1850000000000005,0.0,-286.48324159606636,0.0,0.0,45.510049629738816,0.0
6.19,0.0,-293.54643958044693,0.0,0.0,44.33866671487587,0.0
6.195,0.0,-302.64361940317326,0.0,0.0,45.04349085837957,0.0
6.2,0.0,-314.517923178144,0.0,0.0,47.83846051173309,0.0
6.205,0.0,-330.0853777621162,0.0,0.0,52.96873353725225,0.0
6.21,0.0,-350.4390128106165,0.0,0.0,60.72248883701192,0.0
6.215,0.0,-376.7949092060613,0.0,0.0,71.42355721448676,0.0
6.22,0.0,-410.26139731943874,0.0,0.0,85.36400819366574,0.0
6.2250000000000005,0.0,-451.1224141317024,0.0,0.0,102.57163973513798,0.0
6.23,0.0,-496.8786987093304,0.0,0.0,122.15600377604753,0.0
6.235,0.0,-537.4473534863728,0.0,0.0,140.6908546738711,0.0
6.24,0.0,-545.5413874083811,0.0,0.0,148.95967954546182,0.0
6.245,0.0,-466.74642531418596,0.0,0.0,128.5722015068172,0.0
6.25,0.0,-241.95952260545087,0.0,0.0,59.43154448543089,0.0
6.255,0.0,97.6402349051237,0.0,0.0,-48.39868387443675,0.0
6.26,0.0,394.59578455357564,0.0,0.0,-142.49731263162104,0.0
6.265000000000001,0.0,538.855409485242,0.0,0.0,-186.2120225822575,0.0
6.2700000000000005,0.0,557.1712676709967,0.0,0.0,-188.61213110549264,0.0
6.275,0.0,516.4367447640926,0.0,0.0,-172.10547465107112,0.0
6.28,0.0,459.38754685073127,0.0,0.0,-150.93291626654616,0.0
6.285,0.0,404.06979759794956,0.0,0.0,-131.0401158858305,0.0
6.29,0.0,356.02431715055116,0.0,0.0,-114.1895748324628,0.0
6.295,0.0,315.88249797600554,0.0,0.0,-100.5150367176228,0.0
6.3,0.0,282.69507719723515,0.0,0.0,-89.63611938640119,0.0
6.305,0.0,255.1897923340989,0.0,0.0,-81.07582696794196,0.0
6.3100000000000005,0.0,232.1900134932564,0.0,0.0,-74.39673634243934,0.0
6.315,0.0,212.72149299097202,0.0,0.0,-69.23344531373576,0.0
6.32,0.0,196.0125541985289,0.0,0.0,-65.2902502244488,0.0
6.325,0.0,181.46377095769353,0.0,0.0,-62.32944976588526,0.0
6.33,0.0,168.613700439138,0.0,0.0,-60.15902818324329,0.0
6.335,0.0,157.1088339840044,0.0,0.0,-58.622305547911694,0.0
6.34,0.0,146.67937417290528,0.0,0.0,-57.58995924014327,0.0
6.345,0.0,137.120327377467,0.0,0.0,-56.95412493862209,0.0
6.3500000000000005,0.0,128.27689430090962,0.0,0.0,-56.62412869410505,0.0
6.355,0.0,120.03317712879905,0.0,0.0,-56.52342673834315,0.0
6.36,0.0,112.30340482002589,0.0,0.0,-56.58740488778463,0.0
6.365,0.0,105.02506940810005,0.0,0.0,-56.76176872187924,0.0
6.37,0.0,98.15352483330054,0.0,0.0,-57.00132499643428,0.0
6.375,0.0,91.6577198194713,0.0,0.0,-57.26901116845967,0.0
6.38,0.0,85.5168229928311,0.0,0.0,-57.535074274782254,0.0
6.385,0.0,79.71755958543116,0.0,0.0,-57.776334440970956,0.0
6.390000000000001,0.0,74.25212180204085,0.0,0.0,-57.97549374812826,0.0
6.3950000000000005,0.0,69.11654491039404,0.0,0.0,-58.12046961413841,0.0
6.4,0.0,64.30946250366657,0.0,0.0,-58.20374461207549,0.0
6.405,0.0,59.83117009739625,0.0,0.0,-58.221732935170834,0.0
6.41,0.0,55.68293822460531,0.0,0.0,-58.17416855519705,0.0
6.415,0.0,51.86652575823004,0.0,0.0,-58.06352239767901,0.0
6.42,0.0,48.38385211961605,0.0,0.0,-57.89445632482821,0.0
6.425,0.0,45.23679381200754,0.0,0.0,-57.673320995363866,0.0
6.43,0.0,42.42707663591369,0.0,0.0,-57.40770325400912,0.0
6.4350000000000005,0.0,39.95624016668963,0.0,0.0,-57.10602697171116,0.0
6.44,0.0,37.82565570419168,0.0,0.0,-56.77720948735695,0.0
6.445,0.0,36.03658300659605,0.0,0.0,-56.430374182097786,0.0
6.45,0.0,34.590254748144034,0.0,0.0,-56.074618365420875,0.0
6.455,0.0,33.48798084400899,0.0,0.0,-55.71883462820967,0.0
6.46,0.0,32.73126761857323,0.0,0.0,-55.37158314039081,0.0
6.465,0.0,32.32194931656246,0.0,0.0,-55.041012028317155,0.0
6.47,0.0,32.26233173779973,0.0,0.0,-54.7348229306888,0.0
6.4750000000000005,0.0,32.55534989213319,0.0,0.0,-54.460279063764496,0.0
6.48,0.0,33.20474360645355,0.0,0.0,-54.224253587896186,0.0
6.485,0.0,34.21525706547658,0.0,0.0,-54.03331672384544,0.0
6.49,0.0,35.59287043842499,0.0,0.0,-53.893860894188364,0.0
6.495,0.0,37.34507415533599,0.0,0.0,-53.8122641508614,0.0
6.5,0.0,39.481199187609896,0.0,0.0,-53.79509329931737,0.0
6.505,0.0,42.01282001786743,0.0,0.0,-53.84934946667103,0.0
6.51,0.0,44.954251040931624,0.0,0.0,-53.98276043085191,0.0
6.515000000000001,0.0,48.32316213653739,0.0,0.0,-54.20412589847064,0.0
6.5200000000000005,0.0,52.14134533679515,0.0,0.0,-54.52372418207638,0.0
6.525,0.0,56.43567212750572,0.0,0.0,-54.95379149214764,0.0
6.53,0.0,61.23929018179058,0.0,0.0,-55.509088438271874,0.0
6.535,0.0,66.59311928101,0.0,0.0,-56.207572406939214,0.0
6.54,0.0,72.54771847692729,0.0,0.0,-57.07119921433639,0.0
6.545,0.0,79.16560889440218,0.0,0.0,-58.1268824954418,0.0
6.55,0.0,86.52414562577587,0.0,0.0,-59.40764370505205,0.0
6.555,0.0,94.71903028395336,0.0,0.0,-60.95398698644942,0.0
6.5600000000000005,0.0,103.86852639629967,0.0,0.0,-62.81552617781115,0.0
6.565,0.0,114.11834799229236,0.0,0.0,-65.05286443430445,0.0
6.57,0.0,125.64696472497138,0.0,0.0,-67.73965628268306,0.0
6.575,0.0,138.67055417123666,0.0,0.0,-70.96461727973458,0.0
6.58,0.0,153.44572316177693,0.0,0.0,-74.83288398380022,0.0
6.585,0.0,170.2657774375159,0.0,0.0,-79.46535268861801,0.0
6.59,0.0,189.4414461269152,0.0,0.0,-84.99300316686968,0.0
6.595,0.0,211.24699512508212,0.0,0.0,-91.53987735336523,0.0
6.6000000000000005,0.0,235.79280101581745,0.0,0.0,-99.1817139183542,0.0
6.605,0.0,262.74806428840367,0.0,0.0,-107.85464707923543,0.0
6.61,0.0,290.7756990490811,0.0,0.0,-117.167546495349,0.0
6.615,0.0,316.4745958041943,0.0,0.0,-126.0487725748256,0.0
6.62,0.0,332.6923507005543,0.0,0.0,-132.18008455834095,0.0
6.625,0.0,326.7642406271788,0.0,0.0,-131.40132590740592,0.0
6.63,0.0,281.42769465843014,0.0,0.0,-118.00334902194814,0.0
6.635,0.0,183.87793500482593,0.0,0.0,-87.73763503864042,0.0
6.640000000000001,0.0,42.996376183186065,0.0,0.0,-43.55683247073586,0.0
6.6450000000000005,0.0,-104.98914458740222,0.0,0.0,2.5102758059352084,0.0
6.65,0.0,-220.68268318187256,0.0,0.0,37.44582276236141,0.0
6.655,0.0,-288.8890670798306,0.0,0.0,56.36384516053228,0.0
6.66,0.0,-317.68179646036873,0.0,0.0,62.14996016416251,0.0
6.665,0.0,-322.3776952520385,0.0,0.0,60.07419223725621,0.0
6.67,0.0,-315.4178664280829,0.0,0.0,54.408928202314236,0.0
6.675,0.0,-304.36354015456243,0.0,0.0,47.77406014472523,0.0
6.68,0.0,-293.1129716081053,0.0,0.0,41.55812537031696,0.0
6.6850000000000005,0.0,-283.40544120354826,0.0,0.0,36.42947546536992,0.0
6.69,0.0,-275.8479944152177,0.0,0.0,32.68223308174752,0.0
6.695,0.0,-270.49788765483993,0.0,0.0,30.429572225989208,0.0
6.7,0.0,-267.16684336629527,0.0,0.0,29.701132116173035,0.0
6.705,0.0,-265.57377336500855,0.0,0.0,30.487817106070764,0.0
6.71,0.0,-265.42040750733497,0.0,0.0,32.759595038247866,0.0
6.715,0.0,-266.429452466425,0.0,0.0,36.4702581896301,0.0
6.72,0.0,-268.36536435717244,0.0,0.0,41.55665119942928,0.0
6.7250000000000005,0.0,-271.04756382685343,0.0,0.0,47.93651244425912,0.0
6.73,0.0,-274.3607155440199,0.0,0.0,55.50733485099312,0.0
6.735,0.0,-278.2641363654922,0.0,0.0,64.14768130051046,0.0
6.74,0.0,-282.801230020426,0.0,0.0,73.72174881630592,0.0
6.745,0.0,-288.1094159246614,0.0,0.0,84.08745619703619,0.0
6.75,0.0,-294.4309487245142,0.0,0.0,95.10784503207732,0.0
6.755,0.0,-302.1250117009365,0.0,0.0,106.66509378822579,0.0
6.76,0.0,-311.68110356423114,0.0,0.0,118.67587824881274,0.0
6.765000000000001,0.0,-323.7322243848518,0.0,0.0,131.10594943523628,0.0
6.7700000000000005,0.0,-339.0618827812309,0.0,0.0,143.9800373891938,0.0
6.775,0.0,-358.5871534255815,0.0,0.0,157.37900971768596,0.0
6.78,0.0,-383.2704698405912,0.0,0.0,171.4059827083164,0.0
6.785,0.0,-413.84096273691006,0.0,0.0,186.07840662339328,0.0
6.79,0.0,-450.03860611379537,0.0,0.0,201.04625896006968,0.0
6.795,0.0,-488.74310254896494,0.0,0.0,214.91938159134816,0.0
6.8,0.0,-519.8276068175686,0.0,0.0,223.82100481312173,0.0
6.805,0.0,-518.9080243048934,0.0,0.0,218.9342516422256,0.0
6.8100000000000005,0.0,-442.27909955982955,0.0,0.0,184.9672532300637,0.0
6.815,0.0,-248.12897343188652,0.0,0.0,107.87601452402629,0.0
6.82,0.0,36.57365145061927,0.0,0.0,-1.8040923823591868,0.0
6.825,0.0,295.9593973829791,0.0,0.0,-102.35940607687746,0.0
6.83,0.0,441.2017531487146,0.0,0.0,-161.61574942410152,0.0
6.835,0.0,480.5680205414418,0.0,0.0,-181.67536762022567,0.0
6.84,0.0,462.05172049001817,0.0,0.0,-179.14133698110345,0.0
6.845,0.0,422.09629859129785,0.0,0.0,-167.02108444887114,0.0
6.8500000000000005,0.0,378.7275162015009,0.0,0.0,-152.01512644827696,0.0
6.855,0.0,338.8756258105615,0.0,0.0,-136.91173470857908,0.0
6.86,0.0,304.416674988334,0.0,0.0,-122.65846988338916,0.0
6.865,0.0,275.25840961945465,0.0,0.0,-109.44988581841622,0.0
6.87,0.0,250.67366569819987,0.0,0.0,-97.21257606658052,0.0
6.875,0.0,229.82401638470557,0.0,0.0,-85.80428258175013,0.0
6.88,0.0,211.9439694994342,0.0,0.0,-75.08913165167938,0.0
6.885,0.0,196.39093301418384,0.0,0.0,-64.96145618874576,0.0
6.890000000000001,0.0,182.64566521224694,0.0,0.0,-55.3490705870317,0.0
6.8950000000000005,0.0,170.2969519729358,0.0,0.0,-46.20890118084139,0.0
6.9,0.0,159.02333033410406,0.0,0.0,-37.52031018212675,0.0
6.905,0.0,148.57627008134267,0.0,0.0,-29.278291321026927,0.0
6.91,0.0,138.7659575329027,0.0,0.0,-21.48739751507562,0.0
6.915,0.0,129.4496459872171,0.0,0.0,-14.156707175026401,0.0
6.92,0.0,120.52218705012842,0.0,0.0,-7.2958963804646615,0.0
6.925,0.0,111.90831872035949,0.0,0.0,-0.9123734259904523,0.0
6.93,0.0,103.55634932986531,0.0,0.0,4.990624467420552,0.0
6.9350000000000005,0.0,95.43295875837977,0.0,0.0,10.4151036523205,0.0
6.94,0.0,87.51891049270796,0.0,0.0,15.368702964627996,0.0
6.945,0.0,79.80552253951632,0.0,0.0,19.864550433727796,0.0
6.95,0.0,72.29178278236503,0.0,0.0,23.920733785236877,0.0
6.955,0.0,64.98201868884479,0.0,0.0,27.559517758933836,0.0
6.96,0.0,57.884046279322504,0.0,0.0,30.806423022466447,0.0
6.965,0.0,51.00773237450546,0.0,0.0,33.68926033713462,0.0
6.97,0.0,44.36390993561508,0.0,0.0,36.23719181245757,0.0
6.9750000000000005,0.0,37.963590584280105,0.0,0.0,38.47987033421415,0.0
6.98,0.0,31.81742224919192,0.0,0.0,40.44668980026176,0.0
6.985,0.0,25.935343928815215,0.0,0.0,42.16616335643164,0.0
6.99,0.0,20.326394020217492,0.0,0.0,43.66543464369796,0.0
6.995,0.0,14.998633550250975,0.0,0.0,44.96991805446265,0.0
7.0,0.0,9.959150834827696,0.0,0.0,46.10305782654223,0.0
7.005,0.0,5.214119405671525,0.0,0.0,47.08619202758524,0.0
7.01,0.0,0.7688862928139741,0.0,0.0,47.93850560481915,0.0
7.015000000000001,0.0,-3.3719272351896237,0.0,0.0,48.677056214120384,0.0
7.0200000000000005,0.0,-7.204325730643646,0.0,0.0,49.316857068774894,0.0
7.025,0.0,-10.72484951619133,0.0,0.0,49.8710022030896,0.0
7.03,0.0,-13.930499987423143,0.0,0.0,50.350821047062766,0.0
7.035,0.0,-16.818682678398574,0.0,0.0,50.76605084697388,0.0
7.04,0.0,-19.387168030936387,0.0,0.0,51.12501709913434,0.0
7.045,0.0,-21.634067914953764,0.0,0.0,51.43481369964632,0.0
7.05,0.0,-23.557824605641585,0.0,0.0,51.70147590259296,0.0
7.055,0.0,-25.157208099800282,0.0,0.0,51.930140403198116,0.0
7.0600000000000005,0.0,-26.4313173058176,0.0,0.0,52.12518792157003,0.0
7.065,0.0,-27.379580720282103,0.0,0.0,52.29036456889379,0.0
7.07,0.0,-28.001752653965717,0.0,0.0,52.42887904926768,0.0
7.075,0.0,-28.297901830680775,0.0,0.0,52.54347340627894,0.0
7.08,0.0,-28.268390189924382,0.0,0.0,52.63646558253683,0.0
7.085,0.0,-27.91384091078711,0.0,0.0,52.70976253968177,0.0
7.09,0.0,-27.235095971164018,0.0,0.0,52.76484310142518,0.0
7.095,0.0,-26.233164893581964,0.0,0.0,52.802710048374344,0.0
7.1000000000000005,0.0,-24.9091676391796,0.0,0.0,52.8238113279042,0.0
7.105,0.0,-23.264275829632783,0.0,0.0,52.827930566219614,0.0
7.11,0.0,-21.299657541992175,0.0,0.0,52.81404741019087,0.0
7.115,0.0,-19.016431776396345,0.0,0.0,52.78016861878628,0.0
7.12,0.0,-16.415639287856976,0.0,0.0,52.723131312579625,0.0
7.125,0.0,-13.498236749431646,0.0,0.0,52.63838042924541,0.0
7.13,0.0,-10.265121124229594,0.0,0.0,52.51972328632421,0.0
7.135,0.0,-6.717190615553065,0.0,0.0,52.35906528909206,0.0
7.140000000000001,0.0,-2.855447583014243,0.0,0.0,52.14613231155261,0.0
7.1450000000000005,0.0,1.318852700318299,0.0,0.0,51.868187186525304,0.0
7.15,0.0,5.804005677927606,0.0,0.0,51.509750113801346,0.0
7.155,0.0,10.597614504774388,0.0,0.0,51.05233564995903,0.0
7.16,0.0,15.696304826093584,0.0,0.0,50.47422224840146,0.0
7.165,0.0,21.095405916234572,0.0,0.0,49.750273974302495,0.0
7.17,0.0,26.788611618099324,0.0,0.0,48.85183783713951,0.0
7.175,0.0,32.767640039798,0.0,0.0,47.74674386134399,0.0
7.18,0.0,39.02191701840986,0.0,0.0,46.39943811774644,0.0
7.1850000000000005,0.0,45.53831476842911,0.0,0.0,44.771280880063294,0.0
7.19,0.0,52.30098363916796,0.0,0.0,42.82104211125521,0.0
7.195,0.0,59.29132118518691,0.0,0.0,40.505623737481,0.0
7.2,0.0,66.48812842006512,0.0,0.0,37.781031632578674,0.0
7.205,0.0,73.86800774780087,0.0,0.0,34.603608868112175,0.0
7.21,0.0,81.40606020868833,0.0,0.0,30.931524609088047,0.0
7.215,0.0,89.07694094122957,0.0,0.0,26.726489332042014,0.0
7.22,0.0,96.85633088590184,0.0,0.0,21.955636597042535,0.0
7.2250000000000005,0.0,104.72287976409247,0.0,0.0,16.593475037529938,0.0
7.23,0.0,112.66067080645676,0.0,0.0,10.623773348046893,0.0
7.235,0.0,120.66225300165564,0.0,0.0,4.04119913740066,0.0
7.24,0.0,128.7322845271005,0.0,0.0,-3.1475055733488517,0.0
7.245,0.0,136.89183605721882,0.0,0.0,-10.923057595054189,0.0
7.25,0.0,145.18342163761665,0.0,0.0,-19.25413175679555,0.0
7.255,0.0,153.6768671430524,0.0,0.0,-28.099073501177585,0.0
7.26,0.0,162.47620395248032,0.0,0.0,-37.4090391962266,0.0
7.265000000000001,0.0,171.72790248033903,0.0,0.0,-47.132725390721966,0.0
7.2700000000000005,0.0,181.63095170758558,0.0,0.0,-57.222785297153145,0.0
7.275,0.0,192.44956002948908,0.0,0.0,-67.64397354947366,0.0
7.28,0.0,204.52960270731526,0.0,0.0,-78.38302458766358,0.0
7.285,0.0,218.32034190773874,0.0,0.0,-89.46025879559517,0.0
7.29,0.0,234.40326783893585,0.0,0.0,-100.94288345808553,0.0
7.295,0.0,253.52974302885082,0.0,0.0,-112.95975645561036,0.0
7.3,0.0,276.6672769740816,0.0,0.0,-125.71655161584009,0.0
7.305,0.0,305.0473241947204,0.0,0.0,-139.50755179496207,0.0
7.3100000000000005,0.0,340.186001789457,0.0,0.0,-154.71230108740076,0.0
7.315,0.0,383.78669955042903,0.0,0.0,-171.74285849639668,0.0
7.32,0.0,437.2582854461657,0.0,0.0,-190.8457875082435,0.0
7.325,0.0,500.1114714315607,0.0,0.0,-211.50090498887994,0.0
7.33,0.0,565.3681286652683,0.0,0.0,-230.77950344224175,0.0
7.335,0.0,608.3676222005479,0.0,0.0,-239.46457978529855,0.0
7.34,0.0,568.3537350384395,0.0,0.0,-215.88732290664976,0.0
7.345,0.0,354.6108252628217,0.0,0.0,-128.68041600820132,0.0
7.3500000000000005,0.0,-38.30312361234598,0.0,0.0,22.717414900081636,0.0
7.355,0.0,-417.1071217334672,0.0,0.0,169.17008868923259,0.0
7.36,0.0,-607.0986821946649,0.0,0.0,247.95682657261136,0.0
7.365,0.0,-633.4280222919467,0.0,0.0,266.46892937053957,0.0
7.37,0.0,-586.9430209990277,0.0,0.0,256.11039488992384,0.0
7.375,0.0,-523.460986317257,0.0,0.0,236.77429179777306,0.0
7.38,0.0,-464.56041404725596,0.0,0.0,216.52629521312377,0.0
7.385,0.0,-415.87321895736613,0.0,0.0,197.7582875222717,0.0
7.390000000000001,0.0,-377.357838657759,0.0,0.0,180.7606591222116,0.0
7.3950000000000005,0.0,-347.3905626924928,0.0,0.0,165.19442370933302,0.0
7.4,0.0,-324.16331116677577,0.0,0.0,150.62254664178423,0.0
7.405,0.0,-306.0887718770088,0.0,0.0,136.6818848280204,0.0
7.41,0.0,-291.87218651460756,0.0,0.0,123.12612665937735,0.0
7.415,0.0,-280.4848099736653,0.0,0.0,109.82414963039771,0.0
7.42,0.0,-271.1179465715128,0.0,0.0,96.74358473301412,0.0
7.425,0.0,-263.1412939678013,0.0,0.0,83.9298519479975,0.0
7.43,0.0,-256.0705358246882,0.0,0.0,71.48429687464046,0.0
7.4350000000000005,0.0,-249.54324070332876,0.0,0.0,59.543015070546176,0.0
7.44,0.0,-243.30074407213672,0.0,0.0,48.25741806958295,0.0
7.445,0.0,-237.1738126701105,0.0,0.0,37.777438161064964,0.0
7.45,0.0,-231.07044501918807,0.0,0.0,28.23810053791869,0.0
7.455,0.0,-224.96476717385872,0.0,0.0,19.7499235698012,0.0
7.46,0.0,-218.8865052106753,0.0,0.0,12.39327046923825,0.0
7.465,0.0,-212.9109128581755,0.0,0.0,6.216432881970318,0.0
7.47,0.0,-207.14929626454733,0.0,0.0,1.2369380789377917,0.0
7.4750000000000005,0.0,-201.74041416108298,0.0,0.0,-2.5546265842846907,0.0
7.48,0.0,-196.84305105111483,0.0,0.0,-5.1890742997001915,0.0
7.485,0.0,-192.62997228527715,0.0,0.0,-6.712172650919769,0.0
7.49,0.0,-189.28327235246644,0.0,0.0,-7.178044193469152,0.0
7.495,0.0,-186.99079830086137,0.0,0.0,-6.643097311138641,0.0
7.5,0.0,-185.94279975640347,0.0,0.0,-5.161146609344385,0.0
7.505,0.0,-186.32706862326026,0.0,0.0,-2.780489284805796,0.0
7.51,0.0,-188.31926742588797,0.0,0.0,0.45592600061496924,0.0
7.515000000000001,0.0,-192.06230282923465,0.0,0.0,4.505250663154488,0.0
7.5200000000000005,0.0,-197.62340621369594,0.0,0.0,9.310722897697708,0.0
7.525,0.0,-204.9083085411183,0.0,0.0,14.772078906123319,0.0
7.53,0.0,-213.4964089707629,0.0,0.0,20.68831794836904,0.0
7.535,0.0,-222.33898643960657,0.0,0.0,26.653333074340118,0.0
7.54,0.0,-229.24612490985567,0.0,0.0,31.879398224693446,0.0
7.545,0.0,-230.13170882075644,0.0,0.0,34.93841374953692,0.0
7.55,0.0,-218.2509665554917,0.0,0.0,33.50074983752439,0.0
7.555,0.0,-184.4326875395803,0.0,0.0,24.411293413422925,0.0
7.5600000000000005,0.0,-120.44537932182614,0.0,0.0,4.826451055685716,0.0
7.565,0.0,-26.837859502606946,0.0,0.0,-25.13385580687146,0.0
7.57,0.0,80.10693997858618,0.0,0.0,-60.02605074375866,0.0
7.575,0.0,173.97183579598305,0.0,0.0,-90.95170293733165,0.0
7.58,0.0,235.40261208694707,0.0,0.0,-111.34736002078856,0.0
7.585,0.0,261.90118335333574,0.0,0.0,-120.30207999481752,0.0
7.59,0.0,262.4567981331712,0.0,0.0,-120.77418912105813,0.0
7.595,0.0,248.13627668454183,0.0,0.0,-116.43514324462654,0.0
7.6000000000000005,0.0,227.2452572721577,0.0,0.0,-110.04070568750743,0.0
7.605,0.0,204.72089255863165,0.0,0.0,-103.22277143004519,0.0
7.61,0.0,183.06874974472822,0.0,0.0,-96.80140990912466,0.0
7.615,0.0,163.36424381394596,0.0,0.0,-91.11978581691966,0.0
7.62,0.0,145.93476955826029,0.0,0.0,-86.27241198228859,0.0
7.625,0.0,130.75236817253466,0.0,0.0,-82.23641010054877,0.0
7.63,0.0,117.64057878826215,0.0,0.0,-78.94045876958356,0.0
7.635,0.0,106.37678371135287,0.0,0.0,-76.29869627737268,0.0
7.640000000000001,0.0,96.73958596476993,0.0,0.0,-74.22620448046695,0.0
7.6450000000000005,0.0,88.52849451273391,0.0,0.0,-72.64522947217498,0.0
7.65,0.0,81.5701981454902,0.0,0.0,-71.48693138109695,0.0
7.655,0.0,75.71868266796173,0.0,0.0,-70.69109632276037,0.0
7.66,0.0,70.85278561850293,0.0,0.0,-70.20501544526215,0.0
7.665,0.0,66.87291504206055,0.0,0.0,-69.9821107411312,0.0
7.67,0.0,63.69772029328066,0.0,0.0,-69.98057455447982,0.0
7.675,0.0,61.261039201236315,0.0,0.0,-70.16213672092965,0.0
7.68,0.0,59.509222897524225,0.0,0.0,-70.49100119569891,0.0
7.6850000000000005,0.0,58.398837455963914,0.0,0.0,-70.93296250429248,0.0
7.69,0.0,57.894699335268285,0.0,0.0,-71.45470079196446,0.0
7.695,0.0,57.96818866606866,0.0,0.0,-72.02325211511577,0.0
7.7,0.0,58.59578525102964,0.0,0.0,-72.60565247239195,0.0
7.705,0.0,59.75777915160969,0.0,0.0,-73.1687570473533,0.0
7.71,0.0,61.43711728806772,0.0,0.0,-73.67923864710504,0.0
7.715,0.0,63.61835793502535,0.0,0.0,-74.10377044070606,0.0
7.72,0.0,66.28671566227032,0.0,0.0,-74.40939724712251,0.0
7.7250000000000005,0.0,69.42718987736251,0.0,0.0,-74.5640964484285,0.0
7.73,0.0,73.02378054244318,0.0,0.0,-74.53752397654254,0.0
7.735,0.0,77.05880473677554,0.0,0.0,-74.3019328463876,0.0
7.74,0.0,81.51233734318386,0.0,0.0,-73.83324176583395,0.0
7.745,0.0,86.36180802125095,0.0,0.0,-73.11222012047797,0.0
7.75,0.0,91.58179453900136,0.0,0.0,-72.12574406842228,0.0
7.755,0.0,97.14405923515746,0.0,0.0,-70.86806776804626,0.0
7.76,0.0,103.01788070928444,0.0,0.0,-69.34204520447273,0.0
7.765000000000001,0.0,109.17073671462423,0.0,0.0,-67.5602329888698,0.0
7.7700000000000005,0.0,115.56939668350219,0.0,0.0,-65.54580409797401,0.0
7.775,0.0,122.18148346370134,0.0,0.0,-63.33320788093094,0.0
7.78,0.0,128.9775639162707,0.0,0.0,-60.968523753648434,0.0
7.785,0.0,135.93382749440926,0.0,0.0,-58.5094757498531,0.0
7.79,0.0,143.03541183169557,0.0,0.0,-56.0251034375107,0.0
7.795,0.0,150.28043692278618,0.0,0.0,-53.59512254739275,0.0
7.8,0.0,157.68481892903947,0.0,0.0,-51.30905669442689,0.0
7.805000000000001,0.0,165.28795834605148,0.0,0.0,-49.26527999986959,0.0
7.8100000000000005,0.0,173.15944678420198,0.0,0.0,-47.570178732455794,0.0
7.815,0.0,181.40702855941848,0.0,0.0,-46.33771723609693,0.0
7.82,0.0,190.18620987490868,0.0,0.0,-45.689778706376394,0.0
7.825,0.0,199.71215747185857,0.0,0.0,-45.757746185933925,0.0
7.83,0.0,210.27490312263797,0.0,0.0,-46.685899067310515,0.0
7.835,0.0,222.2594047929282,0.0,0.0,-48.63733651097843,0.0
7.84,0.0,236.17273246597352,0.0,0.0,-51.803314973686895,0.0
7.845,0.0,252.68150971222053,0.0,0.0,-56.417101896018906,0.0
7.8500000000000005,0.0,272.6635001191505,0.0,0.0,-62.77363221991819,0.0
7.855,0.0,297.27693839295614,0.0,0.0,-71.25610537653773,0.0
7.86,0.0,328.0467905633309,0.0,0.0,-82.36914600960733,0.0
7.865,0.0,366.9489974910776,0.0,0.0,-96.77202592868153,0.0
7.87,0.0,416.41254021032756,0.0,0.0,-115.2847494177134,0.0
7.875,0.0,478.96598352334456,0.0,0.0,-138.77442703337033,0.0
7.88,0.0,555.6714322913542,0.0,0.0,-167.6318291701731,0.0
7.885,0.0,640.8674314823389,0.0,0.0,-199.99981820064465,0.0
7.890000000000001,0.0,707.3628398280887,0.0,0.0,-226.77451111802966,0.0
7.8950000000000005,0.0,677.0886614222057,0.0,0.0,-221.69414766525327,0.0
7.9,0.0,419.5218061591419,0.0,0.0,-140.77060567325324,0.0
7.905,0.0,-73.98994170279579,0.0,0.0,19.088368355206978,0.0
7.91,0.0,-517.0194308992676,0.0,0.0,161.83014362830787,0.0
7.915,0.0,-697.6578345143794,0.0,0.0,216.4982656811394,0.0
7.92,0.0,-690.6858361529142,0.0,0.0,208.49673586112118,0.0
7.925,0.0,-617.2099844190705,0.0,0.0,178.70056110821585,0.0
7.930000000000001,0.0,-536.5123681486899,0.0,0.0,147.09150703257217,0.0
7.9350000000000005,0.0,-467.0013141146827,0.0,0.0,119.8593126179828,0.0
7.94,0.0,-411.497309687103,0.0,0.0,97.9495325920135,0.0
7.945,0.0,-368.2812347245414,0.0,0.0,80.7972543109589,0.0
7.95,0.0,-334.8186683513976,0.0,0.0,67.5820789212776,0.0
7.955,0.0,-308.8178581175549,0.0,0.0,57.57965317098653,0.0
7.96,0.0,-288.435359872143,0.0,0.0,50.224050873875186,0.0
7.965,0.0,-272.24115090754503,0.0,0.0,45.08846277544509,0.0
7.97,0.0,-259.1354250376869,0.0,0.0,41.849596183744715,0.0
7.9750000000000005,0.0,-248.2716682465205,0.0,0.0,40.254658498738614,0.0
7.98,0.0,-238.99732592339137,0.0,0.0,40.09521770523306,0.0
7.985,0.0,-230.8108330304808,0.0,0.0,41.188010685224896,0.0
7.99,0.0,-223.33100990298382,0.0,0.0,43.36177302003199,0.0
7.995,0.0,-216.27497376504706,0.0,0.0,46.44907112923213,0.0
8.0,0.0,-209.44157694963724,0.0,0.0,50.28220835379631,0.0
8.005,0.0,-202.6982791244143,0.0,0.0,54.69236008645191,0.0
8.01,0.0,-195.97010563245607,0.0,0.0,59.51114586498038,0.0
8.015,0.0,-189.22990475510818,0.0,0.0,64.5738875653463,0.0
8.02,0.0,-182.4895087315292,0.0,0.0,69.7238525133576,0.0
8.025,0.0,-175.79165728515926,0.0,0.0,74.81684905809567,0.0
8.03,0.0,-169.20269213870603,0.0,0.0,79.72563207532355,0.0
8.035,0.0,-162.80610781498953,0.0,0.0,84.34368453790424,0.0
8.040000000000001,0.0,-156.69707311767013,0.0,0.0,88.58806429654388,0.0
8.045,0.0,-150.97803727526156,0.0,0.0,92.4011368351133,0.0
8.05,0.0,-145.75551725948023,0.0,0.0,95.75114751300907,0.0
8.055,0.0,-141.13813716582428,0.0,0.0,98.63171134280756,0.0
8.06,0.0,-137.23596411256395,0.0,0.0,101.0604045864635,0.0
8.065,0.0,-134.16116454098736,0.0,0.0,103.07672164431884,0.0
8.07,0.0,-132.0299957510556,0.0,0.0,104.73970759713941,0.0
8.075,0.0,-130.96615334245226,0.0,0.0,106.1255906733767,0.0
8.08,0.0,-131.10551481006974,0.0,0.0,107.32572316133741,0.0
8.085,0.0,-132.60234346126893,0.0,0.0,108.44509856749598,0.0
8.09,0.0,-135.63701984490868,0.0,0.0,109.6016484453288,0.0
8.095,0.0,-140.42529231744018,0.0,0.0,110.92642419779574,0.0
8.1,0.0,-147.22875690275376,0.0,0.0,112.56460130945588,0.0
8.105,0.0,-156.3655095630769,0.0,0.0,114.67691486677933,0.0
8.11,0.0,-168.21804665970566,0.0,0.0,117.44043771848666,0.0
8.115,0.0,-183.23117358014818,0.0,0.0,121.0460870499341,0.0
8.120000000000001,0.0,-201.88299319818097,0.0,0.0,125.68689987414413,0.0
8.125,0.0,-224.5908367700155,0.0,0.0,131.5238824939415,0.0
8.13,0.0,-251.4693239696614,0.0,0.0,138.60112690993176,0.0
8.135,0.0,-281.77105106157046,0.0,0.0,146.6528169487363,0.0
8.14,0.0,-312.7048827622255,0.0,0.0,154.69995220408381,0.0
8.145,0.0,-337.256403278193,0.0,0.0,160.31383866403002,0.0
8.15,0.0,-341.24484090899784,0.0,0.0,158.6360807043248,0.0
8.155,0.0,-302.7954742344812,0.0,0.0,142.24737009215656,0.0
8.16,0.0,-202.92032888988695,0.0,0.0,104.82837842527127,0.0
8.165000000000001,0.0,-50.87202974761047,0.0,0.0,49.79437550370557,0.0
8.17,0.0,105.37808127216198,0.0,0.0,-6.226193587699754,0.0
8.175,0.0,215.93506723327124,0.0,0.0,-46.018013271730055,0.0
8.18,0.0,267.4845235822829,0.0,0.0,-64.94057944975845,0.0
8.185,0.0,275.7012683107759,0.0,0.0,-68.35014405211376,0.0
8.19,0.0,260.9880113790492,0.0,0.0,-63.29301836470866,0.0
8.195,0.0,237.36084756660398,0.0,0.0,-54.659932319064104,0.0
8.2,0.0,212.20907946491243,0.0,0.0,-45.067458334237685,0.0
8.205,0.0,188.79982703383885,0.0,0.0,-35.70015020600815,0.0
8.21,0.0,168.29464976469873,0.0,0.0,-26.99954536302817,0.0
8.215,0.0,150.89822807610042,0.0,0.0,-19.061293777721716,0.0
8.22,0.0,136.4291008205018,0.0,0.0,-11.83530015200757,0.0
8.225,0.0,124.58236161646992,0.0,0.0,-5.2198257827341905,0.0
8.23,0.0,115.04247172603618,0.0,0.0,0.8964972505665827,0.0
8.235,0.0,107.52657464078291,0.0,0.0,6.617010876503503,0.0
8.24,0.0,101.79676827031795,0.0,0.0,12.030290599377501,0.0
8.245000000000001,0.0,97.65914257045767,0.0,0.0,17.20797841148878,0.0
8.25,0.0,94.95760736304581,0.0,0.0,22.20425687451954,0.0
8.255,0.0,93.56599546127518,0.0,0.0,27.055654433066998,0.0
8.26,0.0,93.37986747252472,0.0,0.0,31.78065564739367,0.0
8.265,0.0,94.30855887426131,0.0,0.0,36.378990461499946,0.0
8.27,0.0,96.26768625018637,0.0,0.0,40.83070829681477,0.0
8.275,0.0,99.17228068862298,0.0,0.0,45.095301599223234,0.0
8.28,0.0,102.9307991528872,0.0,0.0,49.111263133327554,0.0
8.285,0.0,107.44039354428999,0.0,0.0,52.79653875057898,0.0
8.290000000000001,0.0,112.58392346368075,0.0,0.0,56.05034666304186,0.0
8.295,0.0,118.22921623146263,0.0,0.0,58.75673982896775,0.0
8.3,0.0,124.23094813852177,0.0,0.0,60.790062505540114,0.0
8.305,0.0,130.43521328001108,0.0,0.0,62.02209868997481,0.0
8.31,0.0,136.68638319059562,0.0,0.0,62.33028304344755,0.0
8.315,0.0,142.83533445405445,0.0,0.0,61.605952981865556,0.0
8.32,0.0,148.74768515887433,0.0,0.0,59.76140483750216,0.0
8.325,0.0,154.31050210673425,0.0,0.0,56.73459928684093,0.0
8.33,0.0,159.43613325734964,0.0,0.0,52.49078452611876,0.0
8.335,0.0,164.0623854229813,0.0,0.0,47.02099667631866,0.0
8.34,0.0,168.14907901508946,0.0,0.0,40.338177827648686,0.0
8.345,0.0,171.671856979948,0.0,0.0,32.472300718032905,0.0
8.35,0.0,174.6147837525037,0.0,0.0,23.46621646151057,0.0
8.355,0.0,176.96358728240676,0.0,0.0,13.373848387030293,0.0
8.36,0.0,178.70131646695168,0.0,0.0,2.2618425873739048,0.0
8.365,0.0,179.8077383597597,0.0,0.0,-9.785064265684744,0.0
8.370000000000001,0.0,180.26307025081078,0.0,0.0,-22.655750910181204,0.0
8.375,0.0,180.05574918906802,0.0,0.0,-36.2033519376607,0.0
8.38,0.0,179.1930340830545,0.0,0.0,-50.237543046764344,0.0
8.385,0.0,177.71249761088643,0.0,0.0,-64.52153167637579,0.0
8.39,0.0,175.6921014876361,0.0,0.0,-78.77641056893981,0.0
8.395,0.0,173.25672625484788,0.0,0.0,-92.69427406631463,0.0
8.4,0.0,170.5797885331399,0.0,0.0,-105.95956539875019,0.0
8.405,0.0,167.8797785769009,0.0,0.0,-118.27601711322212,0.0
8.41,0.0,165.41287000070741,0.0,0.0,-129.3949498238913,0.0
8.415000000000001,0.0,163.46381415861958,0.0,0.0,-139.14019672801072,0.0
8.42,0.0,162.33786035526487,0.0,0.0,-147.42573810756633,0.0
8.425,0.0,162.35639010856104,0.0,0.0,-154.26399034894132,0.0
8.43,0.0,163.85850352256327,0.0,0.0,-159.7649738770345,0.0
8.435,0.0,167.21027464403974,0.0,0.0,-164.12860278666463,0.0
8.44,0.0,172.82314060547753,0.0,0.0,-167.63364147768868,0.0
8.445,0.0,181.18317079158942,0.0,0.0,-170.6273632481604,0.0
8.45,0.0,192.89394225505035,0.0,0.0,-173.5198334172648,0.0
8.455,0.0,208.73749709470678,0.0,0.0,-176.78637944055131,0.0
8.46,0.0,229.76026732197846,0.0,0.0,-180.98149066962048,0.0
8.465,0.0,257.39314257406915,0.0,0.0,-186.76704085678318,0.0
8.47,0.0,293.61371651916494,0.0,0.0,-194.95622517603317,0.0
8.475,0.0,341.1418985412941,0.0,0.0,-206.56754886902223,0.0
8.48,0.0,403.5842071163495,0.0,0.0,-222.85536344687128,0.0
8.485,0.0,485.1577553335616,0.0,0.0,-245.1832531269549,0.0
8.49,0.0,588.6340721097359,0.0,0.0,-274.2646358262532,0.0
8.495000000000001,0.0,706.9887550458603,0.0,0.0,-307.2235361880373,0.0
8.5,0.0,796.8128643774768,0.0,0.0,-328.45587820122756,0.0
8.505,0.0,725.0183110362111,0.0,0.0,-291.707203246705,0.0
8.51,0.0,304.7777493678508,0.0,0.0,-133.42710374191026,0.0
8.515,0.0,-323.56458848608025,0.0,0.0,96.37409964329586,0.0
8.52,0.0,-696.0144245313451,0.0,0.0,236.61990783511493,0.0
8.525,0.0,-741.4483484135817,0.0,0.0,261.61671786385074,0.0
8.53,0.0,-649.2922745277446,0.0,0.0,236.45210012656054,0.0
8.535,0.0,-535.605097019657,0.0,0.0,201.8532585324953,0.0
8.540000000000001,0.0,-436.36242028515375,0.0,0.0,171.00002888581426,0.0
8.545,0.0,-356.9168078302489,0.0,0.0,146.2815714772412,0.0
8.55,0.0,-294.52115914157116,0.0,0.0,127.09021220900709,0.0
8.555,0.0,-245.2842596903943,0.0,0.0,112.29427535572924,0.0
8.56,0.0,-205.88189882987672,0.0,0.0,100.88199278317796,0.0
8.565,0.0,-173.7828765546603,0.0,0.0,92.07119275425231,0.0
8.57,0.0,-147.12209722973228,0.0,0.0,85.2828042335003,0.0
8.575000000000001,0.0,-124.53128462668992,0.0,0.0,80.0908922556878,0.0
8.58,0.0,-104.99995789622133,0.0,0.0,76.17728699791896,0.0
8.585,0.0,-87.77491515643908,0.0,0.0,73.29484722378554,0.0
8.59,0.0,-72.29189508911188,0.0,0.0,71.2371675553418,0.0
8.595,0.0,-58.132033907888776,0.0,0.0,69.81132110761001,0.0
8.6,0.0,-44.997723376140556,0.0,0.0,68.8103392584153,0.0
8.605,0.0,-32.7045067968174,0.0,0.0,67.98275384831646,0.0
8.61,0.0,-21.186663497337992,0.0,0.0,66.99797676010652,0.0
8.615,0.0,-10.513204613619097,0.0,0.0,65.40963106852476,0.0
8.620000000000001,0.0,-0.9067706672041342,0.0,0.0,62.625849878259494,0.0
8.625,0.0,7.25102202333617,0.0,0.0,57.90744197764194,0.0
8.63,0.0,13.457004908037849,0.0,0.0,50.4297951481185,0.0
8.635,0.0,17.20394995790619,0.0,0.0,39.45098737343939,0.0
8.64,0.0,18.197675884542384,0.0,0.0,24.600914408657644,0.0
8.645,0.0,16.62614891288062,0.0,0.0,6.218599480333232,0.0
8.65,0.0,13.333706757715369,0.0,0.0,-14.455342966007356,0.0
8.655,0.0,9.722448392138286,0.0,0.0,-35.45067801447959,0.0
8.66,0.0,7.347898375230164,0.0,0.0,-54.63055845184464,0.0
8.665000000000001,0.0,7.4205471437737245,0.0,0.0,-70.36503850146511,0.0
8.67,0.0,10.511010537842893,0.0,0.0,-81.93288065872646,0.0
8.675,0.0,16.580019422682046,0.0,0.0,-89.49628826066389,0.0
8.68,0.0,25.220985566846636,0.0,0.0,-93.79096764429067,0.0
8.685,0.0,35.92973728243729,0.0,0.0,-95.77161623314409,0.0
8.69,0.0,48.29077450138714,0.0,0.0,-96.36238632013047,0.0
8.695,0.0,62.06542959277833,0.0,0.0,-96.33969680586291,0.0
8.700000000000001,0.0,77.215173446199,0.0,0.0,-96.31077079811452,0.0
8.705,0.0,93.89830273173034,0.0,0.0,-96.74230960430533,0.0
8.71,0.0,112.46685600641098,0.0,0.0,-98.00793840110708,0.0
8.715,0.0,133.47961760109533,0.0,0.0,-100.4392082845895,0.0
8.72,0.0,157.7416924936162,0.0,0.0,-104.37612845159939,0.0
8.725,0.0,186.38132113937857,0.0,0.0,-110.21972712741326,0.0
8.73,0.0,220.97926788036432,0.0,0.0,-118.49307093491397,0.0
8.735,0.0,263.77404886539216,0.0,0.0,-129.92004152180857,0.0
8.74,0.0,317.97331840452455,0.0,0.0,-145.53252754712338,0.0
8.745000000000001,0.0,388.18800859615106,0.0,0.0,-166.8098217409987,0.0
8.75,0.0,480.8835509754609,0.0,0.0,-195.80813311341183,0.0
8.755,0.0,604.1429760432995,0.0,0.0,-235.02562773861334,0.0
8.76,0.0,763.4652501817495,0.0,0.0,-285.8590936440941,0.0
8.765,0.0,940.4743488456819,0.0,0.0,-341.1563291833871,0.0
8.77,0.0,1016.4098341464606,0.0,0.0,-359.02507498886825,0.0
8.775,0.0,656.6358909775136,0.0,0.0,-224.2923249758568,0.0
8.78,0.0,-267.56949351164354,0.0,0.0,105.67748788190177,0.0
8.785,0.0,-945.4630425077905,0.0,0.0,351.32275046262475,0.0
8.790000000000001,0.0,-1024.1260024050862,0.0,0.0,389.60135935837127,0.0
8.795,0.0,-864.7840806564325,0.0,0.0,343.51915765316045,0.0
8.8,0.0,-687.5297400760277,0.0,0.0,289.43587017270954,0.0
8.805,0.0,-544.4856627469941,0.0,0.0,246.21930991383275,0.0
8.81,0.0,-436.5418257048042,0.0,0.0,214.7986685935507,0.0
8.815,0.0,-355.4905222807138,0.0,0.0,192.70525561323194,0.0
8.82,0.0,-293.75160182890284,0.0,0.0,177.52816337723158,0.0
8.825000000000001,0.0,-245.75475262304832,0.0,0.0,167.4574903210402,0.0
8.83,0.0,-207.62113341727584,0.0,0.0,161.20750189037634,0.0
8.835,0.0,-176.66958500488673,0.0,0.0,157.85890685852783,0.0
8.84,0.0,-151.03232153219872,0.0,0.0,156.72669139209543,0.0
8.845,0.0,-129.39359740760128,0.0,0.0,157.26217625807027,0.0
8.85,0.0,-110.81940118958788,0.0,0.0,158.9801224543071,0.0
8.855,0.0,-94.64844057602396,0.0,0.0,161.40173313969845,0.0
8.86,0.0,-80.42343726769002,0.0,0.0,164.00780670291832,0.0
8.865,0.0,-67.84860666870652,0.0,0.0,166.20026410113613,0.0
8.870000000000001,0.0,-56.76307861458092,0.0,0.0,167.27475090188528,0.0
8.875,0.0,-47.12121866995531,0.0,0.0,166.41233547280535,0.0
8.88,0.0,-38.96992855314977,0.0,0.0,162.7041286399189,0.0
8.885,0.0,-32.41136430774077,0.0,0.0,155.22669298148585,0.0
8.89,0.0,-27.540182903795518,0.0,0.0,143.18300165947642,0.0
8.895,0.0,-24.352603307667298,0.0,0.0,126.10533194139289,0.0
8.9,0.0,-22.644618183687193,0.0,0.0,104.07789854248188,0.0
8.905,0.0,-21.943740960812093,0.0,0.0,77.88982311346439,0.0
8.91,0.0,-21.530719357852032,0.0,0.0,49.011227081898646,0.0
8.915000000000001,0.0,-20.57676103572795,0.0,0.0,19.340810349767803,0.0
8.92,0.0,-18.35128881975785,0.0,0.0,-9.205002533446724,0.0
8.925,0.0,-14.399682881819416,0.0,0.0,-35.09025609292268,0.0
8.93,0.0,-8.606543084402176,0.0,0.0,-57.385455573178675,0.0
8.935,0.0,-1.1353236987959505,0.0,0.0,-75.77503600613119,0.0
8.94,0.0,7.699035679749045,0.0,0.0,-90.41346792748556,0.0
8.945,0.0,17.55642642751274,0.0,0.0,-101.73486734785298,0.0
8.950000000000001,0.0,28.15798361454106,0.0,0.0,-110.29133582441652,0.0
8.955,0.0,39.32745763350532,0.0,0.0,-116.64759323177077,0.0
8.96,0.0,51.00065788222214,0.0,0.0,-121.32723615799884,0.0
8.965,0.0,63.219298567479036,0.0,0.0,-124.79437500458953,0.0
8.97,0.0,76.1216493192058,0.0,0.0,-127.45528434603442,0.0
8.975,0.0,89.9374692556695,0.0,0.0,-129.66973420377857,0.0
8.98,0.0,104.99136243983571,0.0,0.0,-131.76651604243708,0.0
8.985,0.0,121.71732539949632,0.0,0.0,-134.06109020253632,0.0
8.99,0.0,140.68752942215698,0.0,0.0,-136.8754268148654,0.0
8.995000000000001,0.0,162.65998460043076,0.0,0.0,-140.56152589209879,0.0
9.0,0.0,188.65259462238419,0.0,0.0,-145.53126749831557,0.0
9.005,0.0,220.05523096145492,0.0,0.0,-152.29643581553302,0.0
9.01,0.0,258.79611556834914,0.0,0.0,-161.5237935134434,0.0
9.015,0.0,307.57960474214383,0.0,0.0,-174.10928178860257,0.0
9.02,0.0,370.19027576107135,0.0,0.0,-191.26575044834402,0.0
9.025,0.0,451.737653825791,0.0,0.0,-214.5732837904193,0.0
9.03,0.0,558.2095967778655,0.0,0.0,-245.7603462001924,0.0
9.035,0.0,692.7537688050336,0.0,0.0,-285.3070585616224,0.0
9.040000000000001,0.0,839.3787158594243,0.0,0.0,-326.67170944450146,0.0
9.045,0.0,909.470739040083,0.0,0.0,-337.8837650213339,0.0
9.05,0.0,658.9844841991368,0.0,0.0,-234.0037797516847,0.0
9.055,0.0,-74.79701982818055,0.0,0.0,39.518289315946305,0.0
9.06,0.0,-756.4663813229747,0.0,0.0,295.299922781228,0.0
9.065,0.0,-941.3644494999633,0.0,0.0,377.0649213472442,0.0
9.07,0.0,-847.1420958869359,0.0,0.0,358.2931275444893,0.0
9.075000000000001,0.0,-698.0449435641173,0.0,0.0,317.06570176843724,0.0
9.08,0.0,-567.493962298766,0.0,0.0,279.94239018369393,0.0
9.085,0.0,-466.48555017641473,0.0,0.0,251.55488248179856,0.0
9.09,0.0,-390.65539624623034,0.0,0.0,230.8310837797855,0.0
9.095,0.0,-333.85606259600036,0.0,0.0,215.8202894532791,0.0
9.1,0.0,-291.0688262774554,0.0,0.0,204.80179721315554,0.0
9.105,0.0,-258.63443974699055,0.0,0.0,196.4261407459946,0.0
9.11,0.0,-233.9553234761903,0.0,0.0,189.64974816066376,0.0
9.115,0.0,-215.18046389670886,0.0,0.0,183.65266414812453,0.0
9.120000000000001,0.0,-200.96586227201266,0.0,0.0,177.77878452777546,0.0
9.125,0.0,-190.30723796800635,0.0,0.0,171.50103478715062,0.0
9.13,0.0,-182.4262854440472,0.0,0.0,164.40602309374782,0.0
9.135,0.0,-176.69440843063202,0.0,0.0,156.19163173270172,0.0
9.14,0.0,-172.58284173927643,0.0,0.0,146.67117770287246,0.0
9.145,0.0,-169.6319614889708,0.0,0.0,135.77812609796345,0.0
9.15,0.0,-167.43495787075588,0.0,0.0,123.56604551724092,0.0
9.155,0.0,-165.63217197725007,0.0,0.0,110.19990041138155,0.0
9.16,0.0,-163.91270302152623,0.0,0.0,95.93699035603336,0.0
9.165000000000001,0.0,-162.01984329142743,0.0,0.0,81.09856530073256,0.0
9.17,0.0,-159.75694563376186,0.0,0.0,66.03569416486525,0.0
9.175,0.0,-156.99079773192517,0.0,0.0,51.09456325521366,0.0
9.18,0.0,-153.65056136493942,0.0,0.0,36.586517592921325,0.0
9.185,0.0,-149.72166051725313,0.0,0.0,22.766849002523138,0.0
9.19,0.0,-145.23531980404334,0.0,0.0,9.824121582532765,0.0
9.195,0.0,-140.25540823959847,0.0,0.0,-2.1204943923837583,0.0
9.200000000000001,0.0,-134.86462950433815,0.0,0.0,-13.006143320225297,0.0
9.205,0.0,-129.15193055537299,0.0,0.0,-22.820533195670755,0.0
9.21,0.0,-123.20245519588258,0.0,0.0,-31.58651835587993,0.0
9.215,0.0,-117.09068733708132,0.0,0.0,-39.349370551028294,0.0
9.22,0.0,-110.87681015580898,0.0,0.0,-46.16621238656664,0.0
9.225,0.0,-104.60586371994754,0.0,0.0,-52.09825553489554,0.0
9.23,0.0,-98.3090399270946,0.0,0.0,-57.20585345967393,0.0
9.235,0.0,-92.00637870333807,0.0,0.0,-61.545982258773364,0.0
9.24,0.0,-85.7101706707721,0.0,0.0,-65.17157238594405,0.0
9.245000000000001,0.0,-79.42847885066915,0.0,0.0,-68.13207110715135,0.0
9.25,0.0,-73.16832871765425,0.0,0.0,-70.47466477065335,0.0
9.255,0.0,-66.93825942290923,0.0,0.0,-72.24568886264117,0.0
9.26,0.0,-60.75006652819899,0.0,0.0,-73.49187432892121,0.0
9.265,0.0,-54.6196904214344,0.0,0.0,-74.26120324314131,0.0
9.27,0.0,-48.56730872491554,0.0,0.0,-74.60326406314161,0.0
9.275,0.0,-42.616770114143854,0.0,0.0,-74.56909788667505,0.0
9.28,0.0,-36.79455698595825,0.0,0.0,-74.21060570188853,0.0
9.285,0.0,-31.128483917854695,0.0,0.0,-73.57963838937332,0.0
9.290000000000001,0.0,-25.64633001414822,0.0,0.0,-72.72691511963062,0.0
9.295,0.0,-20.37457180564748,0.0,0.0,-71.7009143284509,0.0
9.3,0.0,-15.33733765999758,0.0,0.0,-70.54686027818354,0.0
9.305,0.0,-10.555653780114572,0.0,0.0,-69.30589482226559,0.0
9.31,0.0,-6.047003953773213,0.0,0.0,-68.01448614531566,0.0
9.315,0.0,-1.8251861282681467,0.0,0.0,-66.7040905436126,0.0
9.32,0.0,2.0995783413141016,0.0,0.0,-65.401054261622,0.0
9.325000000000001,0.0,5.720341882251239,0.0,0.0,-64.12672220848947,0.0
9.33,0.0,9.03299769939755,0.0,0.0,-62.897709215628964,0.0
9.335,0.0,12.035776143510146,0.0,0.0,-61.726286115442555,0.0
9.34,0.0,14.728721119311626,0.0,0.0,-60.62083533874637,0.0
9.345,0.0,17.11318586646627,0.0,0.0,-59.586336807568095,0.0
9.35,0.0,19.191375756095212,0.0,0.0,-58.62485274503853,0.0
9.355,0.0,20.965955084469133,0.0,0.0,-57.73598818241923,0.0
9.36,0.0,22.439725972730244,0.0,0.0,-56.91731145141869,0.0
9.365,0.0,23.615380665659202,0.0,0.0,-56.164725280968554,0.0
9.370000000000001,0.0,24.495323700561205,0.0,0.0,-55.47278408149623,0.0
9.375,0.0,25.081557336122586,0.0,0.0,-54.83495663436082,0.0
9.38,0.0,25.375621955984737,0.0,0.0,-54.24383587972258,0.0
9.385,0.0,25.37858254958829,0.0,0.0,-53.69129904219748,0.0
9.39,0.0,25.091052513437464,0.0,0.0,-53.16862218963866,0.0
9.395,0.0,24.51324665075107,0.0,0.0,-52.66655370644895,0.0
9.4,0.0,23.645056172577128,0.0,0.0,-52.17535126563528,0.0
9.405,0.0,22.48613956397374,0.0,0.0,-51.68478685234658,0.0
9.41,0.0,21.03602425944582,0.0,0.0,-51.18412433873135,0.0
9.415000000000001,0.0,19.29421508633672,0.0,0.0,-50.66207411669642,0.0
9.42,0.0,17.260306317130233,0.0,0.0,-50.10672941594548,0.0
9.425,0.0,14.934094868027755,0.0,0.0,-49.50548920183386,0.0
9.43,0.0,12.315692645487966,0.0,0.0,-48.844972974651455,0.0
9.435,0.0,9.405636232658575,0.0,0.0,-48.11093337554314,0.0
9.44,0.0,6.204991984713535,0.0,0.0,-47.28817322418703,0.0
9.445,0.0,2.7154541301499844,0.0,0.0,-46.360474431049276,0.0
9.450000000000001,0.0,-1.0605673771318571,0.0,0.0,-45.310547082778086,0.0
9.455,0.0,-5.119873766756946,0.0,0.0,-44.12000780810655,0.0
9.46,0.0,-9.458425308523495,0.0,0.0,-42.76939717876854,0.0
9.465,0.0,-14.071318397047836,0.0,0.0,-41.238246236677014,0.0
9.47,0.0,-18.952802640514097,0.0,0.0,-39.505202079603045,0.0
9.475,0.0,-24.09635159243057,0.0,0.0,-37.5482215612751,0.0
9.48,0.0,-29.494803940776677,0.0,0.0,-35.344840316129606,0.0
9.485,0.0,-35.14059538747472,0.0,0.0,-32.87252123448211,0.0
9.49,0.0,-41.026105037430526,0.0,0.0,-30.109081926832484,0.0
9.495000000000001,0.0,-47.14414380795176,0.0,0.0,-27.033194402404693,0.0
9.5,0.0,-53.48861614727499,0.0,0.0,-23.624942008397372,0.0
9.505,0.0,-60.05539028671217,0.0,0.0,-19.866408634069405,0.0
9.51,0.0,-66.84341657243095,0.0,0.0,-15.742263474721813,0.0
9.515,0.0,-73.8561386014232,0.0,0.0,-11.240291713426998,0.0
9.52,0.0,-81.10324874370686,0.0,0.0,-6.3518080119285685,0.0
9.525,0.0,-88.60284946315738,0.0,0.0,-1.0718766379464597,0.0
9.53,0.0,-96.38409653992342,0.0,0.0,4.600749533382135,0.0
9.535,0.0,-104.4904224208316,0.0,0.0,10.664067967397294,0.0
9.540000000000001,0.0,-112.98347073908201,0.0,0.0,17.113745892950213,0.0
9.545,0.0,-121.94792026894257,0.0,0.0,23.944624633410797,0.0
9.55,0.0,-131.4974416273001,0.0,0.0,31.15291131071004,0.0
9.555,0.0,-141.78211396792682,0.0,0.0,38.73915421613114,0.0
9.56,0.0,-152.99772538434178,0.0,0.0,46.712085266925484,0.0
9.565,0.0,-165.39746365976555,0.0,0.0,55.09338386698708,0.0
9.57,0.0,-179.30649785677514,0.0,0.0,63.92334316349897,0.0
9.575000000000001,0.0,-195.13965930167106,0.0,0.0,73.26722895257475,0.0
9.58,0.0,-213.4213605345094,0.0,0.0,83.22163209032124,0.0
9.585,0.0,-234.80382860078336,0.0,0.0,93.91888783844152,0.0
9.59,0.0,-260.071691576405,0.0,0.0,105.52461095846067,0.0
9.595,0.0,-290.10063879039564,0.0,0.0,118.21602666155677,0.0
9.6,0.0,-325.6876345417926,0.0,0.0,132.11102078990825,0.0
9.605,0.0,-367.0493954986837,0.0,0.0,147.07603221682868,0.0
9.61,0.0,-412.5139968927067,0.0,0.0,162.2487193593929,0.0
9.615,0.0,-455.4243343648679,0.0,0.0,174.9446108455203,0.0
9.620000000000001,0.0,-477.89974751424205,0.0,0.0,178.51337440044887,0.0
9.625,0.0,-442.79327333373806,0.0,0.0,159.68927333033824,0.0
9.63,0.0,-299.47286684336234,0.0,0.0,100.92443676364283,0.0
9.635,0.0,-36.6814372150687,0.0,0.0,-0.9636997548864024,0.0
9.64,0.0,254.19995485612426,0.0,0.0,-112.97488605077072,0.0
9.645,0.0,451.14210359550225,0.0,0.0,-191.30635956513845,0.0
9.65,0.0,526.2711048957573,0.0,0.0,-225.10905362972142,0.0
9.655,0.0,524.1720101897267,0.0,0.0,-229.36837606048607,0.0
9.66,0.0,490.42156517598625,0.0,0.0,-220.00607161333855,0.0
9.665000000000001,0.0,449.900196071431,0.0,0.0,-205.9903596980519,0.0
9.67,0.0,412.66455446429615,0.0,0.0,-191.1482378932968,0.0
9.675,0.0,381.6543795949294,0.0,0.0,-176.77821112137076,0.0
9.68,0.0,356.97523189512765,0.0,0.0,-163.14637673494235,0.0
9.685,0.0,337.78771015482107,0.0,0.0,-150.1677650480135,0.0
9.69,0.0,323.05263254071366,0.0,0.0,-137.68681576957567,0.0
9.695,0.0,311.79698264854767,0.0,0.0,-125.58315396721517,0.0
9.700000000000001,0.0,303.193010808898,0.0,0.0,-113.80429729905997,0.0
9.705,0.0,296.5698073566838,0.0,0.0,-102.36805208942855,0.0
9.71,0.0,291.403772163547,0.0,0.0,-91.35234799773038,0.0
9.715,0.0,287.3049032486786,0.0,0.0,-80.88014222915974,0.0
9.72,0.0,284.0042287536952,0.0,0.0,-71.10305550480926,0.0
9.725,0.0,281.3433874185856,0.0,0.0,-62.18584869939773,0.0
9.73,0.0,279.2659813120143,0.0,0.0,-54.29315871582281,0.0
9.735,0.0,277.81008925863557,0.0,0.0,-47.57946285677753,0.0
9.74,0.0,277.10146168569855,0.0,0.0,-42.18280832133571,0.0
9.745000000000001,0.0,277.3470186998942,0.0,0.0,-38.22236379870611,0.0
9.75,0.0,278.8280363495136,0.0,0.0,-35.799298564735494,0.0
9.755,0.0,281.8914264439425,0.0,0.0,-34.99979978688998,0.0
9.76,0.0,286.93505258469025,0.0,0.0,-35.897989219397154,0.0
9.765,0.0,294.37757047442597,0.0,0.0,-38.554592003854616,0.0
9.77,0.0,304.59171779086404,0.0,0.0,-43.0033639532449,0.0
9.775,0.0,317.75610746269257,0.0,0.0,-49.20935183346482,0.0
9.78,0.0,333.5333793942037,0.0,0.0,-56.9672450076167,0.0
9.785,0.0,350.3985334557023,0.0,0.0,-65.67970697686896,0.0
9.790000000000001,0.0,364.33245311668566,0.0,0.0,-73.91854836847311,0.0
9.795,0.0,366.6306648470569,0.0,0.0,-78.6825157236801,0.0
9.8,0.0,341.4677906857922,0.0,0.0,-74.56385189125935,0.0
9.805,0.0,267.1535194583581,0.0,0.0,-54.14433832160752,0.0
9.81,0.0,129.67975920462985,0.0,0.0,-12.517213875636614,0.0
9.815,0.0,-51.81650794956722,0.0,0.0,44.1625549191361,0.0
9.82,0.0,-221.91387630530878,0.0,0.0,97.56161278913333,0.0
9.825000000000001,0.0,-332.2999092292803,0.0,0.0,131.63881970777277,0.0
9.83,0.0,-376.2758161080755,0.0,0.0,144.18664620052604,0.0
9.835,0.0,-374.7326405047197,0.0,0.0,142.16037298640848,0.0
9.84,0.0,-350.46770206140854,0.0,0.0,133.11333821083676,0.0
9.845,0.0,-318.1979549554337,0.0,0.0,121.8815611761712,0.0
9.85,0.0,-285.32841169588374,0.0,0.0,110.8575633761304,0.0
9.855,0.0,-254.93545060133118,0.0,0.0,100.99584857394795,0.0
9.86,0.0,-227.96104449692032,0.0,0.0,92.54850629907519,0.0
9.865,0.0,-204.41547291697754,0.0,0.0,85.46646910002323,0.0
9.870000000000001,0.0,-183.95819209357893,0.0,0.0,79.59197829572346,0.0
9.875,0.0,-166.15709195995078,0.0,0.0,74.74352384856641,0.0
9.88,0.0,-150.59493882601794,0.0,0.0,70.74999646768728,0.0
9.885,0.0,-136.9068089320779,0.0,0.0,67.46211584409913,0.0
9.89,0.0,-124.78787430912138,0.0,0.0,64.75424659002047,0.0
9.895,0.0,-113.98944334450232,0.0,0.0,62.5225167080113,0.0
9.9,0.0,-104.31115692555795,0.0,0.0,60.68181397887427,0.0
9.905,0.0,-95.59266931855387,0.0,0.0,59.16271949752554,0.0
9.91,0.0,-87.70608991106721,0.0,0.0,57.908764213221566,0.0
9.915000000000001,0.0,-80.54956484793277,0.0,0.0,56.87410575375922,0.0
9.92,0.0,-74.04200594164575,0.0,0.0,56.021607729868684,0.0
9.925,0.0,-68.1188376438436,0.0,0.0,55.32126517102268,0.0
9.93,0.0,-62.72859810369255,0.0,0.0,54.748913504515826,0.0
9.935,0.0,-57.83023682699978,0.0,0.0,54.2851646183241,0.0
9.94,0.0,-53.39097217174006,0.0,0.0,53.91452329469535,0.0
9.945,0.0,-49.384595312917824,0.0,0.0,53.62464704104398,0.0
9.950000000000001,0.0,-45.79012885686178,0.0,0.0,53.40572076752817,0.0
9.955,0.0,-42.59076657323155,0.0,0.0,53.249924567859296,0.0
9.96,0.0,-39.77303564040646,0.0,0.0,53.15097816322324,0.0
9.965,0.0,-37.326134750248706,0.0,0.0,53.10374961902318,0.0
9.97,0.0,-35.241410901188814,0.0,0.0,53.10391901083403,0.0
9.975,0.0,-33.511945214092826,0.0,0.0,53.14769004237234,0.0
9.98,0.0,-32.13222405440236,0.0,0.0,53.23154440467111,0.0
9.985,0.0,-31.097876480865438,0.0,0.0,53.35203506840952,0.0
9.99,0.0,-30.40546284168228,0.0,0.0,53.50561583738261,0.0
9.995000000000001,0.0,-30.052302423424592,0.0,0.0,53.68850544369511,0.0
10.0,0.0,-30.036330604186215,0.0,0.0,53.89658528995569,0.0
