0.0,0.0
0.005,6.3953231053959225e-06
0.01,4.663001482213547e-05
0.015,0.00010662813529077608
0.02,0.00019456454685540248
0.025,0.0003068423351206828
0.03,0.0004461375705302473
0.035,0.0006121663398961363
0.04,0.0008061759247515177
0.045,0.0010288078159699232
0.05,0.0012809982071533277
0.055,0.0015635675398533166
0.06,0.0018773148845090404
0.065,0.002222946718434038
0.07,0.0026010303369456977
0.075,0.0030119623636082338
0.08,0.003455910968014564
0.085,0.003932778733771514
0.09,0.004442151350421142
0.095,0.004983257227383575
0.1,0.005554924493244684
0.105,0.0061555451680757045
0.11,0.006783043288645985
0.115,0.007434850782143343
0.12,0.008107891364833364
0.125,0.008798574355310507
0.13,0.00950279944941812
0.135,0.010215973615743223
0.14,0.010933040935992011
0.145,0.011648525927260067
0.15,0.0123565905186247
0.155,0.01305110442691415
0.16,0.013725728215490562
0.165,0.01437400783347087
0.17,0.014989478938478129
0.17500000000000002,0.015565778827202337
0.18,0.016096763368175004
0.185,0.016576625959665137
0.19,0.017000015257156775
0.195,0.017362148254981946
0.2,0.017658915256880903
0.20500000000000002,0.017886973383575366
0.21,0.018043825499177046
0.215,0.018127881824845815
0.22,0.018138502016348923
0.225,0.01807601609567655
0.23,0.017941723327261627
0.23500000000000001,0.017737868871805063
0.24,0.017467598812750396
0.245,0.01713489488390252
0.25,0.01674449091639474
0.255,0.01630177360157603
0.26,0.015812670656835337
0.265,0.015283529811000562
0.27,0.014720992230603969
0.275,0.01413186404677802
0.28,0.013522989550352804
0.28500000000000003,0.01290112938410104
0.29,0.012272846723327291
0.295,0.011644403994971242
0.3,0.011021672185602682
0.305,0.010410054255750367
0.31,0.009814423621193669
0.315,0.009239078137749601
0.32,0.008687709517527509
0.325,0.008163387664968269
0.33,0.007668559035984401
0.335,0.007205057819632543
0.34,0.006774128504273946
0.34500000000000003,0.006376458243300576
0.35000000000000003,0.006012217348530413
0.355,0.005681106221564036
0.36,0.0053824070769010746
0.365,0.005115038895420199
0.37,0.004877614168577793
0.375,0.004668496145185053
0.38,0.004485855456280774
0.385,0.004327725165950369
0.39,0.004192053468051071
0.395,0.0040767534147843065
0.4,0.0039797492127244816
0.405,0.0038990187634051487
0.41000000000000003,0.00383263224069319
0.41500000000000004,0.003778786598642503
0.42,0.0037358359822974307
0.425,0.0037023180727203675
0.43,0.003676976440122992
0.435,0.003658779000456802
0.44,0.0036469326819262016
0.445,0.0036408944021876118
0.45,0.00364037844190895
0.455,0.003645360277987314
0.46,0.0036560769112561065
0.465,0.003673023690926369
0.47000000000000003,0.003696947607962686
0.47500000000000003,0.0037288369984631586
0.48,0.0037699075754975553
0.485,0.0038215846900919725
0.49,0.003885481715799166
0.495,0.003963374458203717
0.5,0.004057171509673996
0.505,0.004168880509080708
0.51,0.004300570321989383
0.515,0.004454329230340726
0.52,0.004632219320194864
0.525,0.00483622736573075
0.53,0.005068212647879378
0.535,0.005329852291087178
0.54,0.005622584866781466
0.545,0.005947553184526555
0.55,0.006305547360051733
0.555,0.006696949422767773
0.56,0.007121680872248959
0.5650000000000001,0.007579154725437576
0.5700000000000001,0.008068233689211723
0.5750000000000001,0.008587196143579945
0.58,0.009133711612978601
0.585,0.00970482733618283
0.59,0.010296967402958046
0.595,0.010905945710710796
0.6,0.011526993696584498
0.605,0.012154803441799089
0.61,0.012783586297224758
0.615,0.013407146701524653
0.62,0.01401897032564392
0.625,0.014612325132151938
0.63,0.01518037339925371
0.635,0.01571629224486415
0.64,0.016213399740493628
0.645,0.01666528333733197
0.65,0.017065927076636456
0.655,0.017409833925796647
0.66,0.01769213960639604
0.665,0.017908714440203255
0.67,0.018056250063196444
0.675,0.018132328296950107
0.68,0.018135470057217162
0.685,0.018065162822459513
0.6900000000000001,0.017921865938575365
0.6950000000000001,0.017706993774730506
0.7000000000000001,0.017422877508636248
0.705,0.017072707023835676
0.71,0.016660455032504018
0.715,0.01619078607318869
0.72,0.01566895343479402
0.725,0.015100687331738527
0.73,0.014492077779070911
0.735,0.013849455607282124
0.74,0.01317927491037807
0.745,0.012487999961706464
0.75,0.011781999283673628
0.755,0.011067449126720419
0.76,0.010350248150174934
0.765,0.009635944597292223
0.77,0.00892967677520673
0.775,0.008236127171585395
0.78,0.007559490118726586
0.785,0.006903452530835352
0.79,0.006271186924314165
0.795,0.005665355675018802
0.8,0.005088125283824851
0.805,0.004541189292897485
0.81,0.004025798434685868
0.8150000000000001,0.003542796583706931
0.8200000000000001,0.003092661114364681
0.8250000000000001,0.0026755463386125555
0.8300000000000001,0.0022913287941817018
0.835,0.0019396532717337323
0.84,0.001619978597394045
0.845,0.0013316223195762866
0.85,0.0010738035815851532
0.855,0.0008456835860344292
0.86,0.0006464031754329636
0.865,0.00047511715470016647
0.87,0.0003310250748599364
0.875,0.0002133982699989989
0.88,0.00012160300460950513
0.885,5.511963491397487e-05
0.89,1.3557723426302348e-05
0.895,-3.332928223845214e-06
0.9,4.344655144445514e-06
0.905,3.6637446735751644e-05
0.91,9.374113205523615e-05
0.915,0.00017599471259888144
0.92,0.0002838710067447625
0.925,0.00041796305932351174
0.93,0.0005789664912465575
0.935,0.0007676578350368501
0.9400000000000001,0.0009848689409102107
0.9450000000000001,0.001231457575919137
0.9500000000000001,0.0015082743981995606
0.9550000000000001,0.0018161265589622388
0.96,0.002155738268553087
0.965,0.002527708763887304
0.97,0.0029324682244302736
0.975,0.0033702323094075837
0.98,0.0038409561151677707
0.985,0.004344288488008274
0.99,0.0048795277572644125
0.995,0.005445580074729506
1.0,0.0060409216535735055
1.0050000000000001,0.006663566281025268
1.01,0.007311039525042418
1.0150000000000001,0.007980361067701836
1.02,0.00866803654606585
1.025,0.009370060189038298
1.03,0.010081929371150267
1.035,0.010798671976726126
1.04,0.011514887172825894
1.045,0.012224799835873768
1.05,0.012922328455278631
1.055,0.013601165897156875
1.06,0.01425487190567054
1.065,0.014876975745320209
1.07,0.01546108689406367
1.075,0.01600101125386999
1.08,0.016490869972315636
1.085,0.016925217655352043
1.09,0.017299156583931108
1.095,0.017608443463622336
1.1,0.0178495853261893
1.105,0.018019921405887374
1.11,0.0181176881838212
1.115,0.018142065264953544
1.12,0.01809320036117157
1.125,0.017972212333638993
1.1300000000000001,0.017781171986300137
1.135,0.01752306106148893
1.1400000000000001,0.01720171063720244
1.145,0.016821720814135688
1.1500000000000001,0.016388364195385918
1.155,0.01590747615833976
1.16,0.015385335288097934
1.165,0.014828537566046407
1.17,0.014243867975203273
1.175,0.013638173121847785
1.18,0.013018238252129777
1.185,0.012390671728255143
1.19,0.011761799602531653
1.195,0.011137572435721665
1.2,0.010523485980129976
1.205,0.009924516790128735
1.21,0.009345073294923623
1.215,0.008788962350930518
1.22,0.008259370841411595
1.225,0.007758861493428526
1.23,0.007289381760280378
1.235,0.0068522843737390815
1.24,0.006448358000332277
1.245,0.0060778663407194955
1.25,0.00574059398294402
1.2550000000000001,0.005435897350626107
1.26,0.00516275916461062
1.2650000000000001,0.004919844954894614
1.27,0.0047055603035452975
1.2750000000000001,0.0045181076645022245
1.28,0.004355541772677718
1.285,0.004215822834362726
1.29,0.004096866849787162
1.295,0.003996592582157454
1.3,0.00391296481919623
1.305,0.003844033704442751
1.31,0.0037879700111347336
1.315,0.0037430963194553524
1.32,0.0037079141183193887
1.325,0.0036811268993053314
1.33,0.003661659334983247
1.335,0.0036486726473536624
1.34,0.0036415762686137325
1.345,0.0036400358840784734
1.35,0.003643977925090698
1.355,0.0036535905516402734
1.36,0.0036693211345212307
1.365,0.0036918702132445746
1.37,0.003722181877576669
1.375,0.0037614304939057597
1.3800000000000001,0.003811003680636693
1.385,0.003872481426544283
1.3900000000000001,0.003947611251488681
1.395,0.004038279324952931
1.4000000000000001,0.004146477493736533
1.405,0.004274266221429457
1.41,0.004423733514819617
1.415,0.004596950004011724
1.42,0.004795920454068181
1.425,0.005022532117640921
1.43,0.005278500484758197
1.435,0.005565313146314921
1.44,0.00588417265893959
1.445,0.0062359394706046345
1.45,0.006621076136729798
1.455,0.00703959421045397
1.46,0.007491005326482281
1.465,0.007974278099766252
1.47,0.00848780251680381
1.475,0.009029363504129861
1.48,0.009596125303804826
1.485,0.01018462815289567
1.49,0.010790798568802273
1.495,0.011409974258825173
1.5,0.012036944317799225
1.5050000000000001,0.012666004958735044
1.51,0.013291030534198
1.5150000000000001,0.01390555908882618
1.52,0.014502891132771367
1.5250000000000001,0.015076199784498812
1.53,0.015618649912909177
1.5350000000000001,0.016123523442900023
1.54,0.01658434761257155
1.545,0.016995022686003836
1.55,0.01734994548269242
1.555,0.017644125069665506
1.56,0.01787328710310021
1.565,0.01803396359613174
1.57,0.018123565315121937
1.575,0.018140434556229934
1.58,0.018083876710221602
1.585,0.01795416973750008
1.59,0.01775255143594734
1.595,0.017481185135814314
1.6,0.017143105178583085
1.605,0.01674214418021691
1.61,0.01628284464220542
1.615,0.015770357886346176
1.62,0.01521033361137114
1.625,0.014608803493825206
1.6300000000000001,0.013972062296176091
1.635,0.013306549805584211
1.6400000000000001,0.01261873669748681
1.645,0.01191501707997844
1.6500000000000001,0.011201610060080469
1.655,0.01048447221277371
1.6600000000000001,0.0097692223409922
1.665,0.009061079423965168
1.67,0.008364814174676383
1.675,0.007684714193377573
1.68,0.007024562306895632
1.685,0.006387627361744919
1.69,0.005776666466141833
1.695,0.005193937481532629
1.7,0.004641220425069648
1.705,0.004119846374203817
1.71,0.0036307324387223616
1.715,0.00317442139749069
1.72,0.002751124656035664
1.725,0.002360767275953357
1.73,0.002003033943417165
1.735,0.0016774148656173438
1.74,0.001383250721684881
1.745,0.0011197759236813987
1.75,0.0008861595719649173
1.7550000000000001,0.0006815436067963976
1.76,0.000505077765349915
1.7650000000000001,0.00035595104552732515
1.77,0.00023341945780486206
1.7750000000000001,0.00013682990888952418
1.78,6.564011589316188e-05
1.7850000000000001,1.9434480766133966e-05
1.79,-2.0641091636663597e-06
1.795,1.0134205616543074e-06
1.8,2.8685926423854813e-05
1.805,8.112153068123851e-05
1.81,0.0001586329954096355
1.815,0.00026166898965329644
1.82,0.00039080126500423695
1.825,0.0005467077611318594
1.83,0.0007301516895070748
1.835,0.0009419566658652734
1.84,0.0011829780114847033
1.845,0.0014540703888705764
1.85,0.0017560520125510237
1.855,0.0020896657537354812
1.86,0.002455537555808185
1.865,0.002854132688094424
1.87,0.0032857104831141015
1.875,0.003750278336582369
1.8800000000000001,0.004247545875948333
1.885,0.004776880340745748
1.8900000000000001,0.005337264338360015
1.895,0.005927257250643692
1.9000000000000001,0.006544961650799763
1.905,0.0071879961483958255
1.9100000000000001,0.007853476091920442
1.915,0.008538003529068305
1.92,0.00923766772909218
1.925,0.009948057430595014
1.93,0.010664285749339086
1.935,0.011381028412518646
1.94,0.012092575625374025
1.945,0.012792897487759802
1.95,0.013475722415890345
1.955,0.0141346275546681
1.96,0.014763139665735281
1.965,0.015354844491128006
1.97,0.015903502144233528
1.975,0.016403165675921372
1.98,0.016848299659013577
1.985,0.01723389541484721
1.99,0.017555579423330414
1.995,0.017809711506004078
2.0,0.01799346955655068
2.005,0.01810491792895874
2.0100000000000002,0.018143057057308454
2.015,0.01810785245039881
2.02,0.01800024189229532
2.025,0.01782212038772002
2.0300000000000002,0.017576303173349572
2.035,0.017266467846567934
2.04,0.016897077384882664
2.045,0.016473286445027213
2.05,0.016000833860640995
2.055,0.015485924650992189
2.06,0.014935105098366819
2.065,0.014355134561359506
2.07,0.013752857639815375
2.075,0.013135080123873877
2.08,0.012508451859314818
2.085,0.011879359251270927
2.09,0.011253829650012648
2.095,0.010637449339412797
2.1,0.010035296297107976
2.105,0.009451888353151361
2.11,0.008891146865664723
2.115,0.00835637555337243
2.12,0.007850253729561274
2.125,0.007374842837204909
2.13,0.006931604931317281
2.1350000000000002,0.0065214315674086976
2.14,0.006144681447814548
2.145,0.005801225138554855
2.15,0.005490495186311506
2.1550000000000002,0.005211540037672435
2.16,0.004963080271531695
2.165,0.004743565799402383
2.17,0.004551232843119202
2.1750000000000003,0.004384159676126487
2.18,0.004240320282824506
2.185,0.00411763526035358
2.19,0.004014019445725214
2.195,0.003927425893100356
2.2,0.0038558859526554023
2.205,0.003797545310290973
2.21,0.003750695931448833
2.215,0.0037138039226325414
2.22,0.0036855333691485637
2.225,0.0036647662388246127
2.23,0.003650618456084831
2.235,0.003642452249583865
2.24,0.0036398848668231154
2.245,0.003642793727786822
2.25,0.003651318063613962
2.255,0.0036658570547771774
2.2600000000000002,0.0036870644522271068
2.265,0.0037158396340689626
2.27,0.003753315023335535
2.275,0.0038008397737137045
2.2800000000000002,0.0038599596181385643
2.285,0.0039323927780321455
2.29,0.004020001843566767
2.295,0.004124761569496371
2.3000000000000003,0.004248722576404518
2.305,0.004393971019598375
2.31,0.004562584371646139
2.315,0.0047565835753360375
2.32,0.004977881950585683
2.325,0.005228231381554593
2.33,0.005509166471513893
2.335,0.005821947519319082
2.34,0.006167503344546077
2.345,0.006546375161763152
2.35,0.006958662857178055
2.355,0.0074039751672785314
2.36,0.00788138536115568
2.365,0.008389394099921788
2.37,0.0089259011603815
2.375,0.009488187667432868
2.38,0.010072910362964649
2.3850000000000002,0.01067610925671758
2.39,0.011293229734480548
2.395,0.011919159860781292
2.4,0.012548283202850286
2.4050000000000002,0.01317454703206522
2.41,0.013791545235608993
2.415,0.01439261474095943
2.42,0.014970943693800365
2.4250000000000003,0.015519689117176938
2.43,0.016032101298190327
2.435,0.0165016517508505
2.44,0.016922161305110706
2.445,0.01728792470042606
2.45,0.017593828017524515
2.455,0.01783545540297382
2.46,0.01800918179378641
2.465,0.018112248755592475
2.47,0.01814282107530829
2.475,0.018100022388402692
2.48,0.017983948821601814
2.485,0.017795660394881452
2.49,0.017537150672986
2.495,0.017211295896778722
2.5,0.016821785479027795
2.505,0.01637303632892184
2.5100000000000002,0.015870093919492234
2.515,0.015318523340393853
2.52,0.014724293751314121
2.525,0.014093659696964522
2.5300000000000002,0.013433042647164939
2.535,0.012748915904509772
2.54,0.01204769570477282
2.545,0.011335640937886637
2.5500000000000003,0.01061876345311319
2.555,0.00990275043592348
2.56,0.009192899837941582
2.565,0.008494069377658064
2.57,0.007810639164691935
2.575,0.007146487618756581
2.58,0.006504979998542382
2.585,0.005888968586193144
2.59,0.005300803358464279
2.595,0.004742351825262503
2.6,0.004215026639547759
2.605,0.0037198195401053624
2.61,0.0032573402206725888
2.615,0.0028278587621244355
2.62,0.0024313503655237767
2.625,0.0020675412242052715
2.63,0.0017359545054382863
2.6350000000000002,0.0014359555374583444
2.64,0.001166795439366819
2.645,0.000927652547986213
2.65,0.0007176711283087833
2.6550000000000002,0.0005359969537914733
2.66,0.00038180944308696674
2.665,0.00025435012053043327
2.67,0.00015294723417036415
2.6750000000000003,7.703641821774077e-05
2.68,2.6177328557072665e-05
2.685,6.620815058526464e-08
2.69,-1.4556433233486182e-06
2.695,2.1602495711481318e-05
2.7,6.938102239895105e-05
2.705,0.00014216615247325537
2.71,0.00024038195643572013
2.715,0.00036457829918790097
2.72,0.0005154147063268777
2.725,0.0006936401949184656
2.73,0.0009000691396976457
2.735,0.0011355532802141965
2.74,0.0014009500271874309
2.745,0.0016970872934232162
2.75,0.002024725150539197
2.755,0.002384514712939989
2.7600000000000002,0.002776954749432292
2.765,0.003202346650391874
2.77,0.003660748500417199
2.775,0.004151929139906585
2.7800000000000002,0.004675323233158224
2.785,0.005229988486071591
2.79,0.005814566266987953
2.795,0.006427246978924828
2.8000000000000003,0.007065741591613772
2.805,0.007727260765001631
2.81,0.008408502971516185
2.815,0.009105652948495191
2.82,0.009814391669173972
2.825,0.010529918821923445
2.83,0.011246988512127132
2.835,0.011959958571157614
2.84,0.012662853460820855
2.845,0.013349440323548123
2.85,0.014013317249091273
2.855,0.014648012338035699
2.86,0.015247091652582867
2.865,0.01580427368349646
2.87,0.016313547554894114
2.875,0.016769291856984836
2.88,0.017166390762746175
2.8850000000000002,0.01750034397989708
2.89,0.01776736709962279
2.895,0.01796447907986476
2.9,0.018089573894108923
2.9050000000000002,0.01814147382485487
2.91,0.018119962432948
2.915,0.0180257958954968
2.92,0.01786069211857466
2.9250000000000003,0.017627297797794483
2.93,0.017329134344556962
2.935,0.016970524318196567
2.94,0.01655650064907377
2.945,0.016092701479905713
2.95,0.015585253871510218
2.955,0.015040649901951753
2.96,0.014465618812245395
2.965,0.013866998835812439
2.97,0.013251612191389484
2.975,0.012626146432147323
2.98,0.011997044957325897
2.985,0.0113704090272293
2.99,0.010751913097870158
2.995,0.010146734750680508
3.0,0.009559499944586491
3.005,0.008994243798628787
3.0100000000000002,0.00845438663298026
3.015,0.007942724579834248
3.02,0.007461433724845534
3.025,0.007012086463999978
3.0300000000000002,0.006595678566489127
3.035,0.006212665309631049
3.04,0.005863004999334009
3.045,0.005546208200771119
3.0500000000000003,0.00526139106172252
3.055,0.005007331220236111
3.06,0.004782524917549935
3.065,0.004585244101201091
3.0700000000000003,0.004413592466754324
3.075,0.0042655595634464305
3.08,0.0041390722564411675
3.085,0.004032043000011143
3.09,0.003942414520258453
3.095,0.0038682006385974965
3.1,0.0038075230733776166
3.105,0.003758644152601409
3.11,0.0037199954359721232
3.115,0.003690202300224543
3.12,0.0036681045718847116
3.125,0.0036527733106477833
3.13,0.0036435238469385706
3.1350000000000002,0.0036399251711156776
3.14,0.003641805749321707
3.145,0.003649255818416311
3.15,0.0036626261800108972
3.1550000000000002,0.0036825234831407982
3.16,0.003709801953212022
3.165,0.003745551497996269
3.17,0.0037910820999260686
3.1750000000000003,0.003847904391501178
3.18,0.003917706309580549
3.185,0.004002325735780854
3.19,0.004103719059234123
3.1950000000000003,0.004223925642909521
3.2,0.004365028238882296
3.205,0.004529109483117466
3.21,0.0047182047026783636
3.215,0.004934251395361855
3.22,0.005179035878589033
3.225,0.00545413776517556
3.23,0.005760873087229612
3.235,0.006100237064103453
3.24,0.006472847680505822
3.245,0.00687889140448128
3.25,0.0073180725145576275
3.255,0.0077895676269292835
3.2600000000000002,0.00829198708077783
3.265,0.008823344876066841
3.27,0.009381038814865406
3.275,0.009961842409737187
3.2800000000000002,0.010561909935841385
3.285,0.011176795764637149
3.29,0.011801488783408587
3.295,0.012430462307886359
3.3000000000000003,0.013057739438348648
3.305,0.013676973292511718
3.31,0.014281541014828036
3.315,0.014864649912617267
3.3200000000000003,0.01541945353487506
3.325,0.015939175028314878
3.33,0.016417234685540905
3.335,0.016847378282655256
3.34,0.017223802607446714
3.345,0.017541274507046012
3.35,0.01779523987899978
3.355,0.017981919250239287
3.36,0.018098386975509584
3.365,0.018142631585241986
3.37,0.01811359543875568
3.375,0.01801119252661465
3.38,0.017836304022473826
3.3850000000000002,0.01759075193702131
3.39,0.017277251965715834
3.395,0.01689934730488929
3.4,0.016461325792985093
3.4050000000000002,0.01596812322307528
3.41,0.015425216014715915
3.415,0.01483850663727182
3.42,0.014214205255861145
3.4250000000000003,0.01355871097763739
3.43,0.012878495905809473
3.435,0.012179994882256295
3.44,0.011469503429154315
3.4450000000000003,0.010753085945857777
3.45,0.01003649573275922
3.455,0.00932510792697272
3.46,0.00862386594073783
3.465,0.007937241551971397
3.47,0.007269208372498781
3.475,0.0066232280834714885
3.48,0.006002248519097364
3.485,0.00540871247047825
3.49,0.004844575913368843
3.495,0.004311334269859302
3.5,0.003810055275364377
3.505,0.003341417029563587
3.5100000000000002,0.002905749861355389
3.515,0.0025030807227635066
3.52,0.0021331789294380954
3.525,0.0017956021952363344
3.5300000000000002,0.001489742030104324
3.535,0.0012148677140930708
3.54,0.0009701681792106953
3.545,0.0007547912642662524
3.5500000000000003,0.0005678799062271978
3.555,0.00040860494333516684
3.56,0.00027619427772551663
3.565,0.00016995822322818377
3.5700000000000003,8.931091486075182e-05
3.575,3.37877033680517e-05
3.58,3.0584837588561176e-06
3.585,-3.0630654487937177e-06
3.59,1.538565133341746e-05
3.595,5.8517170531346974e-05
3.6,0.0001265908824796269
3.605,0.00022000583564962817
3.61,0.00033928944311212295
3.615,0.00048508210771869287
3.62,0.0006581178061990656
3.625,0.000859200689830697
3.63,0.0010891778041215439
3.6350000000000002,0.001348908074042754
3.64,0.0016392277641514852
3.645,0.0019609127036686047
3.65,0.002314637653917373
3.6550000000000002,0.002700933301977848
3.66,0.0031201414829817864
3.665,0.003572369356204419
3.67,0.00405744339535552
3.6750000000000003,0.004574864186512428
3.68,0.005123763148237259
3.685,0.005702862417189536
3.69,0.006310439223629061
3.6950000000000003,0.006944296161531582
3.7,0.007601738781335854
3.705,0.008279561923046685
3.71,0.008974046138405356
3.715,0.00968096542219854
3.72,0.010395607285673236
3.725,0.01111280594266617
3.73,0.011826989056903159
3.735,0.01253223812302906
3.74,0.013222362108759711
3.745,0.013890983528618506
3.75,0.014531635615071536
3.755,0.015137868772228558
3.7600000000000002,0.01570336402350847
3.765,0.016222050743227356
3.77,0.01668822562066552
3.775,0.017096669547512988
3.7800000000000002,0.017442758987094464
3.785,0.01772256837737274
3.79,0.01793296026075808
3.795,0.018071660104624243
3.8000000000000003,0.018137313200412564
3.805,0.018129521560268813
3.81,0.018048859371916137
3.815,0.01789686628539755
3.8200000000000003,0.017676018554737993
3.825,0.017389678817394838
3.83,0.01704202602417837
3.835,0.01663796768173853
3.84,0.016183037152671886
3.845,0.015683279184219856
3.85,0.0151451271559786
3.855,0.014575275685832167
3.86,0.013980552248131772
3.865,0.013367791321080347
3.87,0.012743714317863919
3.875,0.012114818191310661
3.88,0.011487275138254205
3.8850000000000002,0.01086684532730331
3.89,0.01025880402325896
3.895,0.009667883938941912
3.9,0.009098233116201726
3.9050000000000002,0.008553388150051688
3.91,0.008036262140951322
3.915,0.007549146394676853
3.92,0.007093724602047047
3.9250000000000003,0.006671098018275146
3.93,0.006281820026289964
3.935,0.005925938403303022
3.94,0.005603043606940972
3.9450000000000003,0.005312321451539148
3.95,0.00505260863984347
3.955,0.0048224497490867435
3.96,0.0046201544200936695
3.9650000000000003,0.004443853670207609
3.97,0.004291554419722843
3.975,0.004161191496134364
3.98,0.0040506765386139065
3.985,0.0039579433775620565
3.99,0.0038809895961744445
3.995,0.0038179140928529254
4.0,0.003766950561624016
4.005,0.003726496877358043
4.01,0.0036951404315508363
4.015,0.0036716794978896017
4.0200000000000005,0.003655140728001577
4.025,0.003644792883425632
4.03,0.0036401569010614965
4.035,0.0036410123735207515
4.04,0.0036474005012352567
4.045,0.003659623541610424
4.05,0.0036782407518741733
4.055,0.0037040607878202625
4.0600000000000005,0.0037381304947583516
4.065,0.00378172000299859
4.07,0.003836304026112014
4.075,0.0039035392570436755
4.08,0.003985237766032768
4.085,0.004083336330565235
4.09,0.004199861667093074
4.095,0.004336891598162751
4.1,0.004496512266765507
4.105,0.004680771611099921
4.11,0.004891629433810607
4.115,0.00513090453583942
4.12,0.005400219542039508
4.125,0.005700944207218228
4.13,0.006034138167722247
4.135,0.006400494270813795
4.14,0.006800283784103911
4.1450000000000005,0.007233304929087581
4.15,0.007698836309643298
4.155,0.00819559688428484
4.16,0.008721714174331652
4.165,0.009274702372476185
4.17,0.009851451935226407
4.175,0.010448232078907438
4.18,0.011060707366606692
4.1850000000000005,0.01168396925902826
4.19,0.012312583113963882
4.195,0.012940650678153531
4.2,0.013561887600761935
4.205,0.014169714972510405
4.21,0.014757363340674345
4.215,0.015317987115306408
4.22,0.01584478678568857
4.225,0.016331135934429142
4.23,0.016770709696679376
4.235,0.017157611093857383
4.24,0.017486491572086038
4.245,0.017752662139649544
4.25,0.017952191699222908
4.255,0.018081989515550845
4.26,0.018139869257467467
4.265,0.01812459263314281
4.2700000000000005,0.018035891340375088
4.275,0.01787446677952431
4.28,0.0176419677483608
4.285,0.017340947069726553
4.29,0.016974798808707448
4.295,0.016547678333726168
4.3,0.01606440798424913
4.305,0.015530371480565464
4.3100000000000005,0.014951400443187879
4.315,0.014333656481433366
4.32,0.013683512266815967
4.325,0.013007434829106046
4.33,0.012311874030402237
4.335,0.011603158801595015
4.34,0.010887403283614816
4.345,0.010170424538781475
4.3500000000000005,0.009457673009823253
4.355,0.00875417640516929
4.36,0.008064497240678037
4.365,0.007392703841397008
4.37,0.006742354246222604
4.375,0.006116492153783071
4.38,0.005517653812967538
4.385,0.004947884590238871
4.39,0.004408763833618323
4.3950000000000005,0.0039014366134555445
4.4,0.0034266509071514406
4.405,0.002984798852089021
4.41,0.002575960757940088
4.415,0.0021999506801728685
4.42,0.0018563624736316342
4.425,0.0015446153737812551
4.43,0.0012639982918760673
4.4350000000000005,0.0010137121336826205
4.44,0.0007929095809156017
4.445,0.0006007318862675248
4.45,0.0004363423302540248
4.455,0.00029895608214836056
4.46,0.00018786627250144683
4.465,0.00010246614778236518
4.47,4.226722046854481e-05
4.4750000000000005,6.913362336775919e-06
4.48,-3.8091895887891567e-06
4.485,1.0034070034393994e-05
4.49,4.8527708911005885e-05
4.495,0.00011190403946548244
4.5,0.00020053669216690828
4.505,0.00031493008825689284
4.51,0.0004557048276687681
4.515,0.0006235790251314377
4.5200000000000005,0.0008193456513931885
4.525,0.0010438459698480784
4.53,0.0012979392070811002
4.535,0.0015824686538570276
4.54,0.0018982244704082163
4.545,0.00224590355488985
4.55,0.0026260669404427617
4.555,0.0030390952968550877
4.5600000000000005,0.0034851432416065364
4.565,0.00396409329427172
4.57,0.004475510439476693
4.575,0.0050185983993067396
4.58,0.0055921588247187515
4.585,0.006194554726265622
4.59,0.006823679532601545
4.595,0.007476933201036928
4.6000000000000005,0.008151206810719458
4.605,0.008842876995412752
4.61,0.0095478114734604
4.615,0.010261386741941436
4.62,0.010978518761369571
4.625,0.011693707147816923
4.63,0.012401093012577746
4.635,0.013094530172249819
4.64,0.013767668978385217
4.6450000000000005,0.014414051535744932
4.65,0.015027216576921631
4.655,0.015600811795476233
4.66,0.016128710997335816
4.665,0.016605133080833667
4.67,0.017024759571722115
4.675,0.017382847289631798
4.68,0.017675332689620404
4.6850000000000005,0.017898924529681892
4.69,0.018051181772420932
4.695,0.018130574017249046
4.7,0.018136522270765454
4.705,0.018069418497240974
4.71,0.017930623075017138
4.715,0.01772244005177015
4.72,0.017448070828351092
4.7250000000000005,0.017111547659979465
4.73,0.016717649019632574
4.735,0.016271799465513936
4.74,0.015779957115469756
4.745,0.015248492172709405
4.75,0.014684060119268594
4.755,0.014093473247879018
4.76,0.013483574076168736
4.765,0.01286111396490952
4.7700000000000005,0.012232639896495812
4.775,0.011604391940039704
4.78,0.010982213418650133
4.785,0.010371475257691998
4.79,0.009777015447298254
4.795,0.009203094014498703
4.8,0.008653363409830916
4.805,0.008130853764889423
4.8100000000000005,0.0076379721071724305
4.815,0.007176514309945148
4.82,0.006747688331147472
4.825,0.006352147146648335
4.83,0.005990029702845234
4.835,0.005661008201842677
4.84,0.005364340075487917
4.845,0.0050989230939482155
4.8500000000000005,0.004863352178603009
4.855,0.004655976641483761
4.86,0.004474956735651681
4.865,0.004318318578430791
4.87,0.004184006675584051
4.875,0.004069933443611173
4.88,0.003974025275368387
4.885,0.0038942648333337715
4.89,0.0038287293702379266
4.8950000000000005,0.003775624976467773
4.9,0.0037333167304991477
4.905,0.0037003547875926746
4.91,0.0036754964817314884
4.915,0.0036577245380101098
4.92,0.0036462615016682187
4.925,0.0036405804832072876
4.93,0.003640412305377958
4.9350000000000005,0.003645749112745511
4.94,0.003656844476312787
4.945,0.0036742099949566565
4.95,0.003698608362130207
4.955,0.0037310428382211214
4.96,0.0037727430457983324
4.965,0.003825146986869088
4.97,0.003889879177643163
4.9750000000000005,0.003968724801760359
4.98,0.0040635998052316324
4.985,0.004176516895861404
4.99,0.004309547465418895
4.995,0.004464779531260454
5.0,0.0046442718902302005
5.005,0.00485000479379849
5.01,0.005083827589233536
5.015,0.005347403922288052
5.0200000000000005,0.005642155259478088
5.025,0.005969203662756328
5.03,0.006329314916195372
5.035,0.006722843277644941
5.04,0.007149679273336318
5.045,0.00760920208637117
5.05,0.008100238174542085
5.055,0.008621027808672466
5.0600000000000005,0.009169201202382737
5.065,0.009741765840544758
5.07,0.010335106459859134
5.075,0.010944998920560778
5.08,0.011566638904064064
5.085,0.012194686004050936
5.09,0.012823323334636427
5.095,0.013446332291312757
5.1000000000000005,0.014057181564986365
5.105,0.014649128962499702
5.11,0.015215334050036944
5.115,0.015748979123667795
5.12,0.016243395571287067
5.125,0.016692192328370936
5.13,0.01708938288791728
5.135,0.01742950720200298
5.14,0.017707744848017626
5.1450000000000005,0.01792001600274773
5.15,0.018063067094487906
5.155,0.018134538462966532
5.16,0.018133011937564447
5.165,0.018058036912201203
5.17,0.01791013422995036
5.175,0.017690777948949687
5.18,0.017402355811739767
5.1850000000000005,0.01704810994099404
5.19,0.016632059917498054
5.195,0.016158910914398916
5.2,0.015633949963856253
5.205,0.015062933691272207
5.21,0.014451970971403938
5.215,0.013807403937974527
5.22,0.013135690628509167
5.2250000000000005,0.01244329228067187
5.23,0.011736567937358444
5.235,0.01102167859161085
5.24,0.010304502627146661
5.245,0.009590563823792309
5.25,0.008884972696503013
5.255,0.008192381485041977
5.26,0.0075169526645488816
5.265,0.006862340493141161
5.2700000000000005,0.00623168477875069
5.275,0.005627615813558862
5.28,0.005052269229784301
5.285,0.004507309419452099
5.29,0.0039939600951584
5.295,0.0035130405630869888
5.3,0.0030650063155297502
5.305,0.002649992621425845
5.3100000000000005,0.0022678598937835304
5.315,0.0019182397291643838
5.32,0.0016005806441814485
5.325,0.0013141926670985349
5.33,0.0010582900733182576
5.335,0.0008320316798640093
5.34,0.000634558228101989
5.345,0.0004650264893042433
5.3500000000000005,0.00032263981444446976
5.355,0.00020667492817438848
5.36,0.00011650482476976975
5.365,5.161767308692333e-05
5.37,1.1631672321543718e-05
5.375,-3.6941748177088613e-06
5.38,5.546609908167743e-06
5.385,3.94105438455139e-05
5.39,9.810263606374603e-05
5.3950000000000005,0.00018197072984760254
5.4,0.0002914957422531783
5.405,0.00042727781511664453
5.41,0.0005900184064895342
5.415,0.0007804983746462213
5.42,0.0009995521363688198
5.425,0.0012480380301127525
5.43,0.0015268050677370582
5.4350000000000005,0.0018366563310765471
5.44,0.002178309359937458
5.445,0.0025523539701843845
5.45,0.0029592080619949
5.455,0.0033990720934795604
5.46,0.0038718830325557008
5.465,0.004377268726674544
5.47,0.004914503765196088
5.4750000000000005,0.005482468027116383
5.48,0.006079609214889814
5.485,0.006703910748399267
5.49,0.007352866449281237
5.495,0.008023463435531397
5.5,0.008712174614736057
5.505,0.009414962046580655
5.51,0.010127292288284906
5.515,0.0108441645973123
5.5200000000000005,0.011560152570492477
5.525,0.012269459436151209
5.53,0.012965986802612406
5.535,0.013643416203020564
5.54,0.014295302298698687
5.545,0.014915176098238447
5.55,0.015496656082191862
5.555,0.016033564670699718
5.5600000000000005,0.016520047102432045
5.565,0.01695068949880607
5.57,0.017320632705100536
5.575,0.01762567845133134
5.58,0.017862384452172364
5.585,0.018028145290656994
5.59,0.018121256308532452
5.595,0.01814095819540995
5.6000000000000005,0.01808746060235933
5.605,0.01796194376866822
5.61,0.017766537905188784
5.615,0.0175042808391197
5.62,0.017179055154620926
5.625,0.016795506770407087
5.63,0.016358947483801956
5.635,0.01587524451326061
5.64,0.015350700427337216
5.6450000000000005,0.014791927057252963
5.65,0.014205717064804446
5.655,0.013598916742186162
5.66,0.012978303418975656
5.665,0.012350470506031996
5.67,0.01172172278988981
5.675,0.011097984091946955
5.68,0.010484718874167243
5.6850000000000005,0.00988686882499934
5.69,0.009308804919829328
5.695,0.008754294949795849
5.7,0.008226486053736437
5.705,0.007727901404322779
5.71,0.007260449876255848
5.715,0.006825447290252029
5.72,0.00642364765605663
5.7250000000000005,0.006055282752241098
5.73,0.005720108352420539
5.735,0.005417455442803032
5.74,0.005146284857023176
5.745,0.004905243871277776
5.75,0.004692723454495784
5.755,0.004506915024229841
5.76,0.004345865738129895
5.765,0.00420753151873221
5.7700000000000005,0.0040898271760214655
5.775,0.0039906731491736736
5.78,0.00390803852434729
5.785,0.0038399801095292396
5.79,0.0037846774488545787
5.795,0.0037404637390472395
5.8,0.0037058526740824105
5.805,0.0036795612867168703
5.8100000000000005,0.003660528881148095
5.815,0.003647932162871112
5.82,0.0036411966666397913
5.825,0.0036400045716234813
5.83,0.0036442989702147738
5.835,0.0036542846279510877
5.84,0.003670425242467912
5.845,0.0036934371756096596
5.8500000000000005,0.0037242796051104587
5.855,0.0037641410153321786
5.86,0.003814421930201206
5.865,0.003876713782960728
5.87,0.003952773821643607
5.875,0.004044495968477335
5.88,0.004153877586901444
5.885,0.004282982162044036
5.89,0.0044338979771625375
5.8950000000000005,0.004608692956272087
5.9,0.004809365961891743
5.905,0.005037794963566711
5.91,0.005295682644172572
5.915,0.005584500172249207
5.92,0.00590543003676558
5.925,0.006259309017183412
5.93,0.006646572525893291
5.9350000000000005,0.007067201719806349
5.94,0.007520674904458957
5.945,0.008005924859048719
5.95,0.008521303761916954
5.955,0.009064557399334205
5.96,0.00963281027983598
5.965,0.010222563144765218
5.97,0.010829704155675302
5.9750000000000005,0.01144953476157795
5.98,0.012076810882692968
5.985,0.012705799625486236
5.99,0.013330351258023398
5.995,0.013943985647227208
6.0,0.014539991817965614
6.005,0.015111538743113329
6.01,0.015651794966501598
6.015000000000001,0.016154054197027534
6.0200000000000005,0.016611863635198176
6.025,0.01701915153098099
6.03,0.017370350321648687
6.035,0.01766051170366012
6.04,0.01788541014010292
6.045,0.01804163160065997
6.05,0.018126644770056544
6.055,0.018138852514681503
6.0600000000000005,0.018077622061156262
6.065,0.017943293052915976
6.07,0.017737163418786395
6.075,0.017461453734028964
6.08,0.017119251474486674
6.085,0.016714437202516308
6.09,0.016251595277253728
6.095,0.0157359120961047
6.1000000000000005,0.015173065163761379
6.105,0.014569106438290902
6.11,0.013930343391120203
6.115,0.013263221107528977
6.12,0.012574208498019601
6.125,0.01186969135088134
6.13,0.011155874541653787
6.135,0.010438695248723207
6.140000000000001,0.009723748530099385
6.1450000000000005,0.00901622613024955
6.15,0.008320868908597845
6.155,0.007641932846272681
6.16,0.006983168204437007
6.165,0.006347811077523247
6.17,0.005738586325080064
6.175,0.00515772067087461
6.18,0.004606964626596266
6.1850000000000005,0.004087621823403609
6.19,0.0036005843230562107
6.195,0.0031463725053546554
6.2,0.002725178192747535
6.205,0.0023369097728869193
6.21,0.001981238190619017
6.215,0.0016576428094730034
6.22,0.0013654562751588273
6.2250000000000005,0.0011039076473213782
6.23,0.0008721631900598936
6.235,0.0006693643307551511
6.24,0.000494662403008439
6.245,0.00034724987968792753
6.25,0.00022638788277173916
6.255,0.00013142981761432582
6.26,6.184103036149802e-05
6.265000000000001,1.7214425627916363e-05
6.2700000000000005,-2.7179942010155216e-06
6.275,1.9223116907232662e-06
6.28,3.116375622540246e-05
6.285,8.518384674283119e-05
6.29,0.00016430429672997793
6.295,0.0002689820334553783
6.3,0.00039979611220886113
6.305,0.000557430565778283
6.3100000000000005,0.0007426532328027591
6.315,0.0009562906438866925
6.32,0.0011991990825679366
6.325,0.0014722319966100628
6.33,0.0017762039995039558
6.335,0.0021118517912750434
6.34,0.002479792419038951
6.345,0.0028804794140837586
6.3500000000000005,0.0033141574573409827
6.355,0.0037808163623118674
6.36,0.004280145286950088
6.365,0.00481148823100952
6.37,0.005373801983843407
6.375,0.005965617808518786
6.38,0.006585008225879818
6.385,0.007229560316300621
6.390000000000001,0.00789635697083213
6.3950000000000005,0.008581967485124409
6.4,0.00928244879594331
6.405,0.009993358508289418
6.41,0.010709780636052102
6.415,0.011426364696411895
6.42,0.01213737844796725
6.425,0.012836774153353048
6.43,0.013518267801721606
6.4350000000000005,0.014175430236100794
6.44,0.014801788645815606
6.445,0.015390936391899146
6.45,0.015936648686615484
6.455,0.016433001260050872
6.46,0.016874488830787016
6.465,0.017256140003432563
6.47,0.017573625127546677
6.4750000000000005,0.017823353717993484
6.48,0.01800255822697494
6.485,0.0181093613061023
6.49,0.018142824160214843
6.495,0.018102974184905918
6.5,0.017990810754675124
6.505,0.017808288756512525
6.51,0.017558280232911727
6.515000000000001,0.017244515234771995
6.5200000000000005,0.01687150369978241
6.525,0.016444440781079095
6.53,0.015969098576650964
6.535,0.015451707587953223
6.54,0.01489883148109783
6.545,0.014317238815806377
6.55,0.013713775351178015
6.555,0.01309524034649101
6.5600000000000005,0.012468269962926826
6.565,0.011839230461269779
6.57,0.011214123409075683
6.575,0.010598504579622414
6.58,0.009997417677951148
6.585,0.009415343490683625
6.59,0.008856164539086109
6.595,0.008323144856458242
6.6000000000000005,0.007818924103254687
6.605,0.007345524905776557
6.61,0.006904372047543461
6.615,0.006496321965087759
6.62,0.00612170089492281
6.625,0.005780349982977384
6.63,0.005471675690133182
6.635,0.005194703901777231
6.640000000000001,0.004948136260136238
6.6450000000000005,0.0047304073842635574
6.65,0.004539741797399799
6.655,0.004374209559149023
6.66,0.004231779767742694
6.665,0.004110371267201707
6.67,0.004007900052149793
6.675,0.003922323003048511
6.68,0.003851677711331103
6.6850000000000005,0.003794118259103918
6.69,0.003747946902624033
6.695,0.003711641675255395
6.7,0.0036838799721403692
6.705,0.003663558207015527
6.71,0.0036498076463297724
6.715,0.0036420065226765164
6.72,0.003639788521370626
6.7250000000000005,0.0036430477093125357
6.73,0.0036519399504354733
6.735,0.0036668808213192183
6.74,0.003688540007291463
6.745,0.003717832129629617
6.75,0.0037559039293542096
6.755,0.0038041177114420677
6.76,0.0038640309462287803
6.765000000000001,0.003937371924387367
6.7700000000000005,0.004026011378834404
6.775,0.004131930019179109
6.78,0.0042571819746148876
6.785,0.004403854209315661
6.79,0.00457402206547286
6.795,0.004769701197021803
6.8,0.00499279628601812
6.805,0.005245047078142662
6.8100000000000005,0.0055279724356687154
6.815,0.005842813271215164
6.82,0.006190475403252904
6.825,0.006571473540017081
6.83,0.006985877759474235
6.835,0.007433263988556149
6.84,0.007912670092885321
6.845,0.008422559249027017
6.8500000000000005,0.008960792289439468
6.855,0.009524610655816446
6.86,0.010110631482813659
6.865,0.010714856139390605
6.87,0.011332693285659445
6.875,0.011958997158004081
6.88,0.012588121382083983
6.885,0.013213988133269794
6.890000000000001,0.013830171952392334
6.8950000000000005,0.014429996973987613
6.9,0.015006645781628691
6.905,0.015553277580917069
6.91,0.016063152911740985
6.915,0.016529761723987235
6.92,0.016946951354313455
6.925,0.017309050770080603
6.93,0.017610987426841973
6.9350000000000005,0.01784839319356024
6.94,0.01801769608584891
6.945,0.018116194942031427
6.95,0.018142114727197622
6.955,0.018094640783345994
6.96,0.017973931056353365
6.965,0.017781106092215282
6.97,0.017518217338881925
6.9750000000000005,0.01718819502819713
6.98,0.01679477756485781
6.985,0.016342424915631426
6.99,0.01583621894232934
6.995,0.015281753929500042
7.0,0.014685020736589394
7.005,0.014052288029304805
7.01,0.013389983942715844
7.015000000000001,0.012704581302145357
7.0200000000000005,0.012002489206551559
7.025,0.011289953367050742
7.03,0.01057296714320799
7.035,0.00985719472495461
7.04,0.009147907417069945
7.045,0.00844993350816381
7.05,0.007767621756251231
7.055,0.0071048181325661375
7.0600000000000005,0.006464855123436308
7.065,0.00585055261961287
7.07,0.0052642292095121945
7.075,0.0047077225565246295
7.08,0.004182417452806675
7.085,0.0036892801189267743
7.09,0.0032288973374576813
7.095,0.002801519070185776
7.1000000000000005,0.002407103295357871
7.105,0.0020453619170019977
7.11,0.001715806720662627
7.115,0.001417794484167345
7.12,0.001150570483317015
7.125,0.0009133097614695274
7.13,0.0007051556513593127
7.135,0.0005252551448997611
7.140000000000001,0.0003727908022028714
7.1450000000000005,0.0002470089715405077
7.15,0.00014724415882461095
7.155,7.293943553013382e-05
7.16,2.366281634096079e-05
7.165,-8.804356954363046e-07
7.17,-8.396002928508922e-07
7.175,2.3785603771364627e-05
7.18,7.314501052160804e-05
7.1850000000000005,0.00014753388847743576
7.19,0.00024738471563057196
7.195,0.00037325485957673266
7.2,0.0005258101847211982
7.205,0.0007058046293249021
7.21,0.0009140558218598827
7.215,0.0011514168477191333
7.22,0.0014187443269642053
7.2250000000000005,0.0017168630328958656
7.23,0.0020465273601697476
7.235,0.0024083800474405948
7.24,0.0028029086642495926
7.245,0.003230400498784647
7.25,0.0036908965998314613
7.255,0.004184145873228573
7.26,0.004709560249551714
7.265000000000001,0.005266172081073606
7.2700000000000005,0.0058525950227767964
7.275,0.006466989755537611
7.28,0.007107035957361063
7.285,0.007769911958533271
7.29,0.008452283482888845
7.295,0.009150302798293097
7.3,0.009859619458612912
7.305,0.010575403604399014
7.3100000000000005,0.011292382522960054
7.315,0.012004890828528403
7.32,0.012706934220240385
7.325,0.013392266342279413
7.33,0.014054477785915509
7.335,0.014687095779461146
7.34,0.015283692629363799
7.345,0.01583800051122708
7.3500000000000005,0.01634402981094496
7.355,0.016796187884597913
7.36,0.017189394887466847
7.365,0.017519193215079554
7.37,0.017781847128688355
7.375,0.017974429315728457
7.38,0.018094891438778404
7.385,0.018142116189679314
7.390000000000001,0.018115948913916213
7.3950000000000005,0.018017207542328606
7.4,0.017847670289924622
7.405,0.01761004133483368
7.41,0.017307895448446686
7.415,0.016945603258555764
7.42,0.016528239467866968
7.425,0.01606147688594106
7.43,0.015551469544949015
7.4350000000000005,0.015004728436441184
7.44,0.01442799353094415
7.445,0.013828105706689797
7.45,0.013211882056062052
7.455,0.01258599773840885
7.46,0.01195687715959437
7.465,0.011330596785906977
7.47,0.010712801375579062
7.4750000000000005,0.01010863486697744
7.48,0.009522686618979037
7.485,0.008958953176406936
7.49,0.008420815263463055
7.495,0.00791102928982923
7.5,0.007431732310436701
7.505,0.0069844591109955445
7.51,0.006570169897534228
7.515000000000001,0.00618928695112686
7.5200000000000005,0.005841738562248011
7.525,0.005527008568286362
7.53,0.005244189885644346
7.535,0.004992040532950881
7.54,0.0047690407785108135
7.545,0.0045734502047691805
7.55,0.004403363651447556
7.555,0.004256765172256927
7.5600000000000005,0.004131579308813471
7.565,0.004025719145737572
7.57,0.003937130754763096
7.575,0.003863833765866964
7.58,0.003803957910161415
7.585,0.0037557754712798097
7.59,0.0037177296489028233
7.595,0.003688458889693602
7.6000000000000005,0.0036668172719309666
7.605,0.0036518910473125887
7.61,0.0036430114440735017
7.615,0.0036397638261824734
7.62,0.0036419932846060016
7.625,0.0036498067086732644
7.63,0.0036635713575711715
7.635,0.003683909918507977
7.640000000000001,0.0037116920071467163
7.6450000000000005,0.003748022040711785
7.65,0.0037942233901984146
7.655,0.003851818709435406
7.66,0.003922506336543563
7.665,0.00400813267645006
7.67,0.004110660502856689
7.675,0.004232133164919993
7.68,0.004374634747929207
7.6850000000000005,0.00454024632532235
7.69,0.004730998542422427
7.695,0.004948820898906803
7.7,0.005195488238834756
7.705,0.005472565113784356
7.71,0.005781348852494261
7.715,0.00612281234388945
7.72,0.006497547710585749
7.7250000000000005,0.006905712210400594
7.73,0.007346977846928837
7.735,0.007820486282597017
7.74,0.00832481071756419
7.745,0.008857926428511576
7.75,0.009417191613614762
7.755,0.009999340098197251
7.76,0.010600487264422753
7.765000000000001,0.011216150325299878
7.7700000000000005,0.011841283721906848
7.775,0.012470330025660559
7.78,0.013097286263057839
7.785,0.01371578506350346
7.79,0.01431918949541
7.795,0.01490069990541798
7.8,0.015453470543864256
7.805000000000001,0.01597073328392895
7.8100000000000005,0.01644592532317546
7.815,0.016872817452096456
7.82,0.017245639277831515
7.825,0.017559197738357568
7.83,0.01780898533488795
7.835,0.017991274753903497
7.84,0.018103196932273136
7.845,0.018142800137560755
7.8500000000000005,0.018109088256572647
7.855,0.018002037186207076
7.86,0.017822588973757547
7.865,0.017572624106151125
7.87,0.017254913088684987
7.875,0.01687304912204013
7.88,0.016431364276531468
7.885,0.015934832029429913
7.890000000000001,0.01538895937114404
7.8950000000000005,0.014799671888958699
7.9,0.014173195283454731
7.905,0.013515936705818632
7.91,0.012834369087496356
7.915,0.012134921337136007
7.92,0.011423876877120875
7.925,0.01070728255172071
7.930000000000001,0.009990869446326656
7.9350000000000005,0.009279986668211393
7.94,0.0085795486554332
7.945,0.007893996129109127
7.95,0.007227270397905272
7.955,0.006582800375230846
7.96,0.005963501382174385
7.965,0.005371784590238349
7.97,0.0048095758029269575
7.9750000000000005,0.0042783421803438415
7.98,0.0037791254773935634
7.985,0.0033125803783669028
7.99,0.002879016559811376
7.995,0.0024784432034508086
8.0,0.0021106147867033798
8.005,0.001775077101508593
8.01,0.0014712125852263114
8.015,0.0011982841785211917
8.02,0.0009554770563391379
8.025,0.0007419376981041559
8.03,0.0005568098736048466
8.035,0.0003992672201664771
8.040000000000001,0.00026854216759530924
8.045,0.00016395103832045343
8.05,8.491520339631853e-05
8.055,3.097821946816681e-05
8.06,1.8188976775510013e-06
8.065,-2.7397178123406835e-06
8.07,1.7274521904760143e-05
8.075,6.198363326120893e-05
8.08,0.00013165615110194429
8.085,0.00022669967231891963
8.09,0.00034764930143516004
8.095,0.0004951520181035729
8.1,0.0006699470045501421
8.105,0.0008728419968360157
8.11,0.0011046857615277794
8.115,0.001366336849512706
8.120000000000001,0.0016586288411621908
8.125,0.001982332377012952
8.13,0.0023381143586203024
8.135,0.002726494810394442
8.14,0.0031478020122728267
8.145,0.003602126636833347
8.15,0.004089275760740918
8.155,0.0046087277487050216
8.16,0.005159589139600129
8.165000000000001,0.005740554774259721
8.17,0.00634987250642105
8.175,0.006985313894091405
8.18,0.007644152308337482
8.185,0.008323149867493385
8.19,0.009018554545328072
8.195,0.009726108658924204
8.2,0.010441069756652155
8.205,0.011158244656726879
8.21,0.011872037065895569
8.215,0.012576508817520704
8.22,0.013265454337712868
8.225,0.013932487466451704
8.23,0.014571139281546408
8.235,0.015174965069043367
8.24,0.01573765812681671
8.245000000000001,0.016253167671301583
8.25,0.016715817768062635
8.255,0.017120423971658028
8.26,0.017462404226243677
8.265,0.017737880584704158
8.27,0.01794376844939194
8.275,0.018077850326882583
8.28,0.01813883150841633
8.285,0.01812637563834585
8.290000000000001,0.018041118773290066
8.295,0.01788466124884991
8.3,0.017659537433104333
8.305,0.017369164189425135
8.31,0.01701776960937451
8.315,0.016610304219469185
8.32,0.016152337431723396
8.325,0.015649942440113307
8.33,0.015109573063906367
8.335,0.014537936181948652
8.34,0.013941863410209976
8.345,0.013328185522176739
8.35,0.012703612852664747
8.355,0.01207462453931285
8.36,0.011447369005349373
8.365,0.010827577568189639
8.370000000000001,0.010220492513916213
8.375,0.009630810433399972
8.38,0.009062641090103796
8.385,0.008519481604253087
8.39,0.008004205312229118
8.395,0.0075190643015581315
8.4,0.007065704335538214
8.405,0.006645190679812174
8.41,0.006258043205848551
8.415000000000001,0.005904279090392706
8.42,0.005583461428996017
8.425,0.005294752137929848
8.43,0.005036967619478361
8.435,0.004808635795662042
8.44,0.004608053272416868
8.445,0.004433341563954585
8.45,0.004282501479243805
8.455,0.004153464943729368
8.46,0.004044143691503077
8.465,0.003952474409158135
8.47,0.0038764600465235333
8.475,0.003814207122027291
8.48,0.003763958941300549
8.485,0.0037241247233489316
8.49,0.003693304680872811
8.495000000000001,0.0036703111365584684
8.5,0.0036541857761904217
8.505,0.003644213144496568
8.51,0.0036399304802470817
8.515,0.0036411339708994975
8.52,0.003647881481085455
8.525,0.003660491779445274
8.53,0.003679540257062852
8.535,0.0037058510991447857
8.540000000000001,0.003740485843400254
8.545,0.0037847282373286717
8.55,0.003840065290738437
8.555,0.003908164420900917
8.56,0.003990846592960118
8.565,0.00409005538932572
8.57,0.004207821981372817
8.575000000000001,0.004346226040663481
8.58,0.004507352707694423
8.585,0.004693245838954141
8.59,0.004905857873318098
8.595,0.0051469967994499655
8.6,0.005418270858786656
8.605,0.0057210317858462645
8.61,0.006056317561130342
8.615,0.006424795819754081
8.620000000000001,0.006826709227789607
8.625,0.007261824279456874
8.63,0.007729385091835184
8.635,0.008228073851412887
8.64,0.008755979602014463
8.645,0.00931057703932936
8.65,0.009888716883203585
8.655,0.0104866292385708
8.66,0.011099941111393008
8.665000000000001,0.011723708932681376
8.67,0.012352466547810081
8.675,0.01298028868306389
8.68,0.013600869387481396
8.685,0.014207614417177439
8.69,0.014793745978838757
8.695,0.015352417716282929
8.700000000000001,0.01587683732351053
8.705,0.01636039375482312
8.71,0.016796785657831492
8.715,0.017180147445095884
8.72,0.017505169342733495
8.725,0.01776720781132468
8.73,0.01796238295274577
8.735,0.018087659880372087
8.74,0.0181409115097253
8.745000000000001,0.018120960848470702
8.75,0.018027601538094018
8.755,0.017861596152293657
8.76,0.017624652513731576
8.765,0.017319379033267523
8.77,0.016949220759869377
8.775,0.016518378439688064
8.78,0.01603171337186282
8.785,0.015494641213589233
8.790000000000001,0.014913018113897891
8.795,0.01429302263853316
8.8,0.013641036889065816
8.805,0.01296353004588724
8.81,0.01226694726261357
8.815,0.011557606474351445
8.82,0.010841605229494178
8.825000000000001,0.010124739185432219
8.83,0.009412433403021225
8.835,0.008709687101646324
8.84,0.008021032065940403
8.845,0.007350504489370024
8.85,0.006701629673331766
8.855,0.0060774187043310945
8.86,0.005480375999733056
8.865,0.004912516444328219
8.870000000000001,0.004375390735388507
8.875,0.0038701175109476793
8.88,0.003397420835769438
8.885,0.0029576716652011115
8.89,0.0025509319935670405
8.895,0.002177000488227776
8.9,0.0018354585392756917
8.905,0.0015257157838615143
8.91,0.0012470542922731198
8.915000000000001,0.0009986707426583585
8.92,0.000779716023787902
8.925,0.0005893318269267755
8.93,0.0004266838813242746
8.935,0.00029099157892098493
8.94,0.00018155380082740535
8.945,9.777081880602001e-05
8.950000000000001,3.916218965463458e-05
8.955,5.3805881198437655e-06
8.96,-3.778447639682771e-06
8.965,1.1629126225209951e-05
8.97,5.169739073918045e-05
8.975,0.00011666788571818021
8.98,0.0002069229215169166
8.985,0.00032297479129173023
8.99,0.0004654508998374052
8.995000000000001,0.0006350748437020659
9.0,0.0008326435004537558
9.005,0.0010590002217365502
9.01,0.0013150042692884334
9.015,0.0016014966979334133
9.02,0.0019192629614890322
9.025,0.0022689926102419378
9.03,0.0026512365472379784
9.035,0.0030663624336781936
9.040000000000001,0.003514508949599815
9.045,0.003995539757777777
9.05,0.004508998140765996
9.055,0.00505406342188941
9.06,0.005629510386500058
9.065,0.0062336730288841125
9.07,0.006864414015470999
9.075000000000001,0.007519101295681452
9.08,0.008194593277991657
9.085,0.00888723393607549
9.09,0.00959285908120222
9.095,0.010306814862012459
9.1,0.011023989297402892
9.105,0.011738857335004127
9.11,0.012445539557603524
9.115,0.013137874220777945
9.120000000000001,0.013809501850094108
9.125,0.0144539611309078
9.13,0.015064794327454223
9.135,0.015635660004534202
9.14,0.016160450389151038
9.145,0.016633410356952538
9.15,0.0170492547611083
9.155,0.017403280671487664
9.16,0.01769147107074076
9.165000000000001,0.01791058667096479
9.17,0.018058242780391254
9.175,0.018132968541458183
9.18,0.01813424639343708
9.185,0.01806253023207205
9.19,0.01791924145155832
9.195,0.017706742797535924
9.200000000000001,0.01742829072018992
9.205,0.01708796765291254
9.21,0.0166905963050894
9.215,0.016241638644459044
9.22,0.01574708269805214
9.225,0.015213320627339044
9.23,0.014647021710306518
9.235,0.014055003886575435
9.24,0.013444107408787431
9.245000000000001,0.012821073895633361
9.25,0.01219243372089096
9.255,0.011564404231286574
9.26,0.01094280077890275
9.265,0.01033296200885303
9.27,0.009739690302474457
9.275,0.009167207738062899
9.28,0.008619127444031704
9.285,0.008098439776304645
9.290000000000001,0.007607512381991199
9.295,0.0071481029128381834
9.3,0.006721382929633535
9.305,0.0063279713966402085
9.31,0.005967976086402871
9.315,0.005641041212095743
9.32,0.005346399646215971
9.325000000000001,0.005082928178349988
9.33,0.004849204391870643
9.335,0.004643563890940783
9.34,0.004464156773318351
9.345,0.004309002422321129
9.35,0.00417604185629461
9.355,0.004063187042670613
9.36,0.003968366731941231
9.365,0.003889568502932761
9.370000000000001,0.0038248768259603327
9.375,0.003772507050007645
9.38,0.0037308352928278055
9.385,0.0036984242735365047
9.39,0.0036740451638678784
9.395,0.003656695556816414
9.4,0.0036456136581622667
9.405,0.003640288800633402
9.41,0.003640468364031167
9.415000000000001,0.003646161161035638
9.42,0.003657637319668533
9.425,0.0036754246605894547
9.43,0.0037003015372689685
9.435,0.0037332860774237364
9.44,0.003775621740434554
9.445,0.0038287590912804426
9.450000000000001,0.0038943336841228415
9.455,0.003974139959817435
9.46,0.004070101080836608
9.465,0.004184234669581954
9.47,0.004318614473820759
9.475,0.004475328060615347
9.48,0.004656430737846051
9.485,0.00486389602204973
9.49,0.005099563104577598
9.495000000000001,0.005365081923278225
9.5,0.0056618566077517585
9.505,0.005990988241215689
9.51,0.0063532180516556735
9.515,0.0067488723130093575
9.52,0.007177810384776606
9.525,0.007639377446992057
9.53,0.008132363572414647
9.535,0.008654970824640174
9.540000000000001,0.009204790054443635
9.545,0.009778788991347653
9.55,0.010373313074108381
9.555,0.01098410024183849
9.56,0.0116063105976707
9.565,0.012234571488853874
9.57,0.012863038095112245
9.575000000000001,0.013485469129616234
9.58,0.014095316715554418
9.585,0.014685828960733005
9.59,0.01525016320998418
9.595,0.015781507450160603
9.6,0.016273206907108317
9.605,0.016718892516436767
9.61,0.017112607717457706
9.615,0.017448929906841215
9.620000000000001,0.017723082928817746
9.625,0.01793103716280342
9.63,0.018069594105064368
9.635,0.01813645280694942
9.64,0.018130256118880084
9.645,0.018050615366050238
9.65,0.01789811281546605
9.655,0.01767428205484123
9.66,0.01738156715092032
9.665000000000001,0.017023262154374663
9.67,0.016603433141838764
9.675,0.01612682550055311
9.68,0.015598759550627506
9.685,0.015025017852924094
9.69,0.0144117276587572
9.695,0.013765241929228011
9.700000000000001,0.013092022188253338
9.705,0.012398526210297689
9.71,0.011691103170051065
9.715,0.010975898459612665
9.72,0.010258769895749253
9.725,0.009545216555711278
9.73,0.008840320981377658
9.735,0.008148705035463166
9.74,0.007474499261903134
9.745000000000001,0.006821325236670006
9.75,0.006192290079821916
9.755,0.005589992059784166
9.76,0.005016536034711194
9.765,0.004473557370767267
9.77,0.003962252907570019
9.775,0.00348341754730086
9.78,0.0030374850767751482
9.785,0.0026245719057707007
9.790000000000001,0.0022445225092164733
9.795,0.0018969554748684558
9.8,0.0015813091903122967
9.805,0.0012968863368763017
9.81,0.0010428964855111467
9.815,0.000818496219036291
9.82,0.0006228263159633318
9.825000000000001,0.000455045637502538
9.83,0.00031436144354834994
9.835,0.00020005594209127064
9.84,0.00011150893362055214
9.845,4.8216460231814695e-05
9.85,9.805401673765313e-06
9.855,-3.956011383175382e-06
9.86,6.84821299067051e-06
9.865,4.228413045223589e-05
9.870000000000001,0.00010256605079356218
9.875,0.00018805061956006508
9.88,0.0002992267969650353
9.885,0.00043670174898702285
9.89,0.0006011826827401201
9.895,0.0007934546770731465
9.9,0.0010143545957439493
9.905,0.0012647412143058645
9.91,0.0015454617491883482
9.915000000000001,0.001857315053118036
9.92,0.0022010118238080523
9.925,0.002577132277369998
9.93,0.0029860818492597474
9.935,0.0034280456102173673
9.94,0.003902942214191185
9.945,0.004410378330334197
9.950000000000001,0.004949604639381988
9.955,0.0055194745955109425
9.96,0.006118407258682623
9.965,0.006744355579346717
9.97,0.0073947815614197054
9.975,0.008066639728358638
9.98,0.008756370270507574
9.985,0.009459903140268011
9.99,0.010172674190641828
9.995000000000001,0.010889654220711975
10.0,0.011605391479811544
10.005,0.012314067827865927
10.01,0.01300956832064415
10.015,0.013685563537713108
10.02,0.014335603474751935
10.025,0.014953221335836986
10.03,0.015532045076760426
10.035,0.016065914117699975
10.040000000000001,0.016548998269371396
10.045,0.016975915629359406
10.05,0.017341846039776954
10.055,0.01764263664166066
10.06,0.017874896161117704
10.065,0.018036074791083934
10.07,0.018124526914647276
10.075000000000001,0.018139554404044134
10.08,0.01808142885660402
10.085,0.017951391805688388
10.09,0.017751632699805953
10.095,0.01748524519502581
10.1,0.01715616305309453
10.105,0.01676907761484614
10.11,0.01632933942391901
10.115,0.015842847053740172
10.120000000000001,0.015315926543760128
10.125,0.014755205055141829
10.13,0.014167482411007626
10.135,0.013559604093135391
10.14,0.012938339047639857
10.145,0.012310265308961732
10.15,0.01168166602331766
10.155,0.01105843795441075
10.16,0.0104460140168392
10.165000000000001,0.00984930083803448
10.17,0.009272631808123322
10.175,0.0087197355817068
10.18,0.008193719539470123
10.185,0.007697067338792607
10.19,0.007231649361969517
10.195,0.006798744645202248
10.200000000000001,0.006399072701560371
10.205,0.006032833575131846
10.21,0.005699754432107795
10.215,0.005399141043271882
10.22,0.0051299325835483245
10.225,0.004890758308375709
10.23,0.004679994802514464
10.235,0.0044958226717142225
10.24,0.004336281710857648
10.245000000000001,0.0041993237619966095
10.25,0.004082862634230189
10.255,0.003984820617220386
10.26,0.0039031712535098073
10.265,0.0038359781576837726
10.27,0.003781429770161715
10.275,0.0037378700131553977
10.28,0.003703824878237616
10.285,0.0036780250160345918
10.290000000000001,0.003659424424144686
10.295,0.0036472153380745637
10.3,0.0036408394269492692
10.305,0.003639995381327976
10.31,0.0036446429580821033
10.315,0.0036550035174824635
10.32,0.0036715570589274105
10.325000000000001,0.0036950357270023604
10.33,0.0037264137331516345
10.335,0.003766893609901345
10.34,0.0038178887016244722
10.345,0.003881001784487914
10.35,0.003957999717123961
10.355,0.00405078404005943
10.36,0.004161357482233008
10.365,0.004291786383353369
10.370000000000001,0.0044441591199300134
10.375,0.004620540712886978
10.38,0.004822923912072952
10.385,0.005053177183102164
10.39,0.005312990173871768
10.395,0.005603817398576183
10.4,0.005926821046985609
10.405,0.006282814003689907
10.41,0.0066722043233458095
10.415000000000001,0.007094942568732776
10.42,0.007550473542359271
10.425,0.008037694044833898
10.43,0.008554918340763606
10.435,0.009099853014571835
10.44,0.009669582830760248
10.445,0.01026056907860351
10.450000000000001,0.010868661668080648
10.455,0.011489125956483548
10.46,0.012116684917575782
10.465,0.01274557684337907
10.47,0.013369628266904243
10.475,0.013982341281309374
10.48,0.014576993874943156
10.485,0.01514675136010979
10.49,0.01568478646585092
10.495000000000001,0.016184405204704433
10.5,0.016639175258482908
10.505,0.017043053362719718
10.51,0.01739050803986686
10.515,0.017676634037037786
10.52,0.01789725498442607
10.525,0.018049011098483447
10.53,0.018129429191361623
10.535,0.018136972823619146
10.540000000000001,0.018071071090702162
10.545,0.01793212526234811
10.55,0.01772149325467609
10.555,0.017441452662517065
10.56,0.017095143796520773
10.565,0.016686494803547447
10.57,0.016220131488637435
10.575000000000001,0.01570127487286399
10.58,0.015135629796617422
10.585,0.014529268015291308
10.59,0.013888509231371415
10.595,0.013219803366833816
10.6,0.012529617133125726
10.605,0.011824327601978268
10.61,0.01111012506607878
10.615,0.010392927004467367
10.620000000000001,0.00967830448236029
10.625,0.008971421816877267
10.63,0.008276989875216856
10.635,0.007599232935458389
10.64,0.006941868658399741
10.645,0.006308100398223715
10.65,0.005700620818842594
10.655,0.005121625595776891
10.66,0.0045728358533470015
10.665000000000001,0.004055527919636148
10.67,0.0035705689703799948
10.675,0.0031184571605553657
10.68,0.002699364912639446
10.685,0.002313184126712997
10.69,0.0019595721922200937
10.695,0.0016379978104215098
10.700000000000001,0.0013477857685955108
10.705,0.0010881599393028907
10.71,0.000858283904123347
10.715,0.0006572987184596535
10.72,0.0004843574387449756
10.725,0.000338656124564074
10.73,0.00021946110534154517
10.735,0.00012613236418623774
10.74,5.8142940523475684e-05
10.745000000000001,1.5094288058757621e-05
10.75,-3.272445441343877e-06
10.755,2.9307609344074448e-06
10.76,3.3741873745968265e-05
10.765,8.934776543917389e-05
10.77,0.00017007906518129445
10.775,0.00027640090506020343
10.78,0.00040889957535972243
10.785,0.0005682651158962493
10.790000000000001,0.0007552698912425271
10.795,0.0009707432293910578
10.8,0.0012155422445925268
10.805,0.0014905190237097798
10.81,0.0017964844209528152
10.815,0.0021341687957869837
10.82,0.0025041801215222037
10.825000000000001,0.0029069600071673918
10.83,0.00334273829570364
10.835,0.003811487031663674
10.84,0.004312874723673588
10.845,0.004846221960015384
10.85,0.00541045955609043
10.855,0.006004090521338767
10.86,0.006625157214823929
10.865,0.007271215111217089
10.870000000000001,0.007939314605241776
10.875,0.008625992244162717
10.88,0.009327272684618748
10.885,0.010038682501633645
10.89,0.010755276764442101
10.895,0.011471678994173118
10.9,0.012182134770057473
10.905,0.01288057883938265
10.91,0.013560715132435064
10.915000000000001,0.014216108602465027
10.92,0.014840287312143374
10.925,0.015426852709854444
10.93,0.01596959558965594
10.935,0.016462614840957457
10.94,0.01690043579563394
10.945,0.017278124779437576
10.950000000000001,0.017591396407624416
10.955,0.01783671022896982
10.96,0.018011353529040264
10.965,0.01811350745287399
10.97,0.018142294089940947
10.975,0.018097802746751768
10.98,0.017981094322223612
10.985,0.017794183431249166
10.99,0.01753999868199685
10.995000000000001,0.017222322262973933
11.0,0.016845710687988458
11.005,0.016415399168074885
11.01,0.015937192584242865
11.015,0.015417346412370136
11.02,0.014862441181996644
11.025,0.014279254135843189
11.03,0.013674631690694383
11.035,0.013055366101518473
11.040000000000001,0.012428079411044735
11.045,0.011799117351962707
11.05,0.01117445537918016
11.055,0.010559618486507105
11.06,0.009959615900307028
11.065,0.009378891219768093
11.07,0.008821288047514031
11.075000000000001,0.00829003070725065
11.08,0.007787719236254986
11.085,0.007316337521512395
11.09,0.006877273194616507
11.095,0.006471347728032484
11.1,0.006098855074878173
11.105,0.005759607165321867
11.11,0.005452984593642185
11.115,0.005177990912066832
11.120000000000001,0.0049333090583658645
11.125,0.0047173585895290415
11.13,0.004528352555744242
11.135,0.004364353019455258
11.14,0.004223324398035189
11.145,0.00410318397476761
11.15,0.004001849078966835
11.155,0.003917280578755289
11.16,0.0038475224518541573
11.165000000000001,0.003790737305121805
11.17,0.0037452377974795947
11.175,0.0037095139848867253
11.18,0.003682256652090654
11.185,0.0036623767231942495
11.19,0.0036490208556408804
11.195,0.0036415833209319168
11.200000000000001,0.003639714262407827
11.205,0.0036433243995460246
11.21,0.003652586221236681
11.215,0.0036679316778526205
11.22,0.0036900463520205262
11.225,0.0037198600568999485
11.23,0.003758533784459228
11.235,0.003807442908894343
11.24,0.003868156539530876
11.245000000000001,0.003942412921702054
11.25,0.004032090799573229
11.255,0.0041391766900611415
11.26,0.004265728066411789
11.265,0.004413832521795946
11.27,0.004585563073283616
11.275,0.004782929878228259
11.28,0.005007828761778299
11.285,0.005261987104532295
11.290000000000001,0.005546907795716649
11.295,0.0058638121303769
11.3,0.006213582697744968
11.305,0.0065967074825277194
11.31,0.007013226552732732
11.315,0.007462682847314994
11.32,0.007944078678622901
11.325000000000001,0.008455839626012818
11.33,0.008995787507039665
11.335,0.009561124059750625
11.34,0.010148426845251635
11.345,0.010753658683878342
11.35,0.011372191664484887
11.355,0.011998846413156627
11.36,0.01262794689262492
11.365,0.013253390522905306
11.370000000000001,0.013868732891825886
11.375,0.01446728578230605
11.38,0.015042226694546912
11.385,0.015586717523429883
11.39,0.016094029581076086
11.395,0.016557671773107074
11.4,0.016971518446418088
11.405,0.017329933272520748
11.41,0.017627885510947294
11.415000000000001,0.01786105512684344
11.42,0.018025923517853926
11.425,0.018119847020258817
11.43,0.018141110917291314
11.435,0.018088962307146517
11.44,0.017963620916191303
11.445,0.01776626768773326
11.450000000000001,0.017499011741755055
11.455,0.017164837015286594
11.46,0.016767530554108845
11.465,0.01631159497885548
11.47,0.015802148095598767
11.475,0.015244812913717709
11.48,0.014645601511450224
11.485,0.014010796194945385
11.49,0.013346831298751027
11.495000000000001,0.012660178732055272
11.5,0.011957240051589935
11.505,0.011244247429672782
11.51,0.010527175423778345
11.515,0.009811664970413858
11.52,0.00910296052377646
11.525,0.008405860794766795
11.53,0.007724683095368334
11.535,0.007063240904528811
11.540000000000001,0.006424833940448238
11.545,0.0058122497474606405
11.55,0.005227775608739549
11.555,0.004673219454355504
11.56,0.00414993835532762
11.565,0.0036588731716555856
11.57,0.003200587948361644
11.575000000000001,0.002775312709171196
11.58,0.002382988395806862
11.585,0.0020233128091264874
11.59,0.001695786535875321
11.595,0.001399757979432259
11.6,0.0011344667397148456
11.605,0.0008990847226528764
11.61,0.0006927544723625001
11.615,0.0005146243282234675
11.620000000000001,0.0003638801062162411
11.625,0.00023977307751554822
11.63,0.0001416440885684822
11.635,6.894371476079408e-05
11.64,2.1248379411170637e-05
11.645,-1.7276009286739877e-06
11.65,-1.2406834697456515e-07
11.655,2.6068817864391414e-05
11.66,7.701031232154598e-05
11.665000000000001,0.0001530047030613435
11.67,0.00025449282622691527
11.675,0.0003820394853697451
11.68,0.000536316801504233
11.685,0.0007180835351303649
11.69,0.0009281604545763322
11.695,0.0011674018616014692
11.700000000000001,0.0014366634422255942
11.705,0.0017367666742389432
11.71,0.0020684601080320775
11.715,0.0024323779297965586
11.72,0.0028289963274739094
11.725,0.0032585882993476645
11.73,0.00372117767331126
11.735,0.004216493237588992
11.74,0.004743924016276324
11.745000000000001,0.005302476848335402
11.75,0.005890737536532242
11.755,0.006506836924911497
11.76,0.007148423316229113
11.765,0.007812642665058434
11.77,0.008496127941526765
11.775,0.009194998988050429
11.78,0.009904874031839483
11.785,0.010620893812681942
11.790000000000001,0.011337759004177883
11.795,0.012049781259953818
11.8,0.012750947828291004
11.805,0.013434999215668597
11.81,0.01409551891875438
11.815,0.014726033733740707
11.82,0.015320122676762082
11.825000000000001,0.01587153208914316
11.83,0.016374294100213405
11.835,0.016822845302474576
11.84,0.01721214227842438
11.845,0.01753777051640526
11.85,0.017796043299938447
11.855,0.017984087332237664
11.86,0.01809991217821505
11.865,0.0181424610684644
11.870000000000001,0.018111641172851023
11.875,0.018008332128388815
11.88,0.017834372319853742
11.885,0.017592523183637354
11.89,0.01728641254899088
11.895,0.016920458739797084
11.9,0.01649977780160583
11.905,0.01603007673686463
11.91,0.015517536044900027
11.915000000000001,0.014968685111753643
11.92,0.014390274117793922
11.925,0.013789146080121384
11.93,0.013172112485104748
11.935,0.012545835656865734
11.94,0.011916720613491805
11.945,0.011290818687236026
11.950000000000001,0.010673744657719197
11.955,0.010070608602600117
11.96,0.009485963125001717
11.965,0.008923766102356012
11.97,0.00838735862813067
11.975,0.007879457409224244
11.98,0.007402160539470515
11.985,0.006956965306153862
11.99,0.006544796500330463
11.995000000000001,0.006166043585309922
12.0,0.005820605036618076
12.005,0.005507938180805638
12.01,0.005227112929860667
12.015,0.004976867914551875
12.02,0.0047556676613362825
12.025,0.004561759614416516
12.030000000000001,0.004393229976171753
12.035,0.004248057512669767
12.040000000000001,0.004124164636420957
12.045,0.004019465242765641
12.05,0.003931908913362925
12.055,0.003859521234889751
12.06,0.0038004400826929796
12.065,0.0037529478112159342
12.07,0.003715499358796115
12.075000000000001,0.0036867463246583743
12.08,0.0036655571060610903
12.085,0.0036510331988199585
12.09,0.0036425217662196044
12.095,0.0036396245690668762
12.1,0.0036422033314974372
12.105,0.003650381590005941
12.11,0.003664543041519752
12.115,0.0036853263772752554
12.120000000000001,0.00371361655472513
12.125,0.0037505324364064396
12.13,0.0037974107025608994
12.135,0.003855785933097877
12.14,0.003927366755820838
12.145,0.004014007970695399
12.15,0.004117678591493146
12.155000000000001,0.004240425792003677
12.16,0.004384334813727797
12.165000000000001,0.004551484975632292
12.17,0.004743902035535541
12.175,0.004963507278372248
12.18,0.005212063848976101
12.185,0.005491121006627964
12.19,0.005801957144447201
12.195,0.006145522592376551
12.200000000000001,0.0065223833907879225
12.205,0.006932667382400837
12.21,0.007376014112580265
12.215,0.007851530134111329
12.22,0.00835775138823891
12.225,0.008892614349477412
12.23,0.00945343758163375
12.235,0.010036915245542843
12.24,0.01063912391205335
12.245000000000001,0.011255543778098343
12.25,0.011881095044181222
12.255,0.012510189805777117
12.26,0.013136799343708816
12.265,0.013754536183689936
12.27,0.014356749751250675
12.275,0.014936633904675034
12.280000000000001,0.01548734409808361
12.285,0.016002121448760676
12.290000000000001,0.0164744205804368
12.295,0.016898037806406307
12.3,0.0172672360347903
12.305,0.01757686273366943
12.31,0.01782245739324395
12.315,0.018000345176517385
12.32,0.01810771384349863
12.325000000000001,0.01814267155464222
12.33,0.018104283791714693
12.335,0.01799258833496964
12.34,0.01780858799328655
12.345,0.017554221534702208
12.35,0.017232314000352744
12.355,0.016846508256850967
12.36,0.016401180210714017
12.365,0.015901340585422474
12.370000000000001,0.015352526477382611
12.375,0.01476068610973158
12.38,0.014132060238814859
12.385,0.013473063589071188
12.39,0.012790169475970004
12.395,0.012089800462458555
12.4,0.011378227502277127
12.405000000000001,0.010661479563054854
12.41,0.009945265246567914
12.415000000000001,0.009234907416413307
12.42,0.008535291378173326
12.425,0.007850826692170187
12.43,0.007185422310762135
12.435,0.006542474374981566
12.44,0.0059248657306110175
12.445,0.005334976006416525
12.450000000000001,0.004774700941350574
12.455,0.004245479568098176
12.46,0.0037483278167851353
12.465,0.0032838771267247324
12.47,0.0028524167020291813
12.475,0.0024539381402011173
12.48,0.0020881812664814703
12.485,0.0017546801349013208
12.49,0.0014528082876679171
12.495000000000001,0.0011818224952229173
12.5,0.0009409043337997858
12.505,0.0007291990692332995
12.51,0.0005458514363356759
12.515,0.00039003798863457284
12.52,0.00026099578551885827
12.525,0.00015804724359380629
12.530000000000001,8.062103973685564e-05
12.535,2.8268989450422333e-05
12.540000000000001,6.788566141377461e-07
12.545,-2.3169291126935027e-06
12.55,1.9263337878883124e-05
12.555,6.555114043263477e-05
12.56,0.00013682412810855915
12.565,0.00023349839942843342
12.57,0.0003561166875249988
12.575000000000001,0.0005053324689134886
12.58,0.0006818900359701896
12.585,0.000886600598131615
12.59,0.0011203145164038197
12.595,0.0013838898268887512
12.6,0.0016781572718684856
12.605,0.0020038821378181026
12.61,0.0023617232916475217
12.615,0.0027521899130986682
12.620000000000001,0.0031755965407587183
12.625,0.0036320171738992713
12.63,0.0041212393085245935
12.635,0.004642718913359545
12.64,0.005195537484429025
12.645,0.005778362423930261
12.65,0.006389412088964264
12.655000000000001,0.0070264269128585966
12.66,0.007686648032279919
12.665000000000001,0.008366804832192543
12.67,0.009063112741596768
12.675,0.009771282484074106
12.68,0.010486541781858705
12.685,0.011203670250694131
12.69,0.011917047887106236
12.695,0.012620717165759743
12.700000000000001,0.013308458321425576
12.705,0.013973876917511063
12.71,0.014610502310365092
12.715,0.015211895129329633
12.72,0.015771761426375264
12.725,0.016284070741857448
12.73,0.01674317499173128
12.735,0.017143924843793457
12.74,0.01748178013724555
12.745000000000001,0.017752910901933205
12.75,0.017954285701236472
12.755,0.01808374430691373
12.76,0.018140052155622755
12.765,0.018122934582507355
12.77,0.01803308947957305
12.775,0.01787217774745642
12.780000000000001,0.01764279165880822
12.785,0.017348402014924602
12.790000000000001,0.01699328568822267
12.795,0.016582435804977536
12.8,0.01612145735985493
12.805,0.015616451494590677
12.81,0.015073891949771934
12.815,0.014500497345327545
12.82,0.013903102928551903
12.825000000000001,0.01328853528401197
12.83,0.01266349321756266
12.835,0.012034437648082985
12.84,0.011407492874962344
12.845,0.010788361072279429
12.85,0.010182251317271351
12.855,0.00959382391181407
12.86,0.009027150236232018
12.865,0.00848568789063009
12.870000000000001,0.007972270457631936
12.875,0.007489110866174542
12.88,0.007037817057506501
12.885,0.006619418449114178
12.89,0.0062344015745665615
12.895,0.005882753206805091
12.9,0.005564009293628658
12.905000000000001,0.005277308079076448
12.91,0.005021445895701859
12.915000000000001,0.004794934242002391
12.92,0.004596056917037572
12.925,0.004422926152143347
12.93,0.004273536854672244
12.935,0.004145818245731903
12.94,0.004037682337096449
12.945,0.003947068838678014
12.950000000000001,0.0038719862186842313
12.955,0.003810548749821674
12.96,0.003761009467556642
12.965,0.0037217890367629014
12.97,0.0036915005770974396
12.975,0.00366897053027454
12.98,0.003653255671097033
12.985,0.0036436563675375094
12.99,0.003639726185940046
12.995000000000001,0.0036412779198267825
13.0,0.0036483860953139824
13.005,0.0036613859751773448
13.01,0.0036808690529321897
13.015,0.003707674997255994
13.02,0.0037428799772691868
13.025,0.0037877812809576916
13.030000000000001,0.0038438781226686203
13.035,0.003912848535046365
13.040000000000001,0.003996522253156609
13.045,0.004096849522657209
13.05,0.004215865811886488
13.055,0.004355652466932369
13.06,0.004518293436529319
13.065,0.004705828292229874
13.07,0.004920201894526244
13.075000000000001,0.0051632111951391835
13.08,0.0054364498217989166
13.085,0.005741251256505819
13.09,0.006078631594128581
13.095,0.006449233035613844
13.1,0.006853269437261389
13.105,0.0072904753777578435
13.11,0.007760060326670981
13.115,0.008260669570205437
13.120000000000001,0.008790353588810973
13.125,0.00934654754017572
13.13,0.009926062420902326
13.135,0.010525089293999201
13.14,0.011139217739426499
13.145,0.011763469352374045
13.15,0.012392346722283065
13.155000000000001,0.013019897872887043
13.16,0.013639795626577467
13.165000000000001,0.014245430829618044
13.17,0.01483001781531712
13.175,0.015386709956999312
13.18,0.015908722670580744
13.185,0.016389460803821976
13.19,0.016822647027439075
13.195,0.017202447633813733
13.200000000000001,0.017523592077637318
13.205,0.01778148266674151
13.21,0.01797229103502218
13.215,0.018093038397879013
13.22,0.018141657091568675
13.225,0.018117031506903913
13.23,0.01801901722283361
13.235,0.017848437890307878
13.24,0.017607060177915912
13.245000000000001,0.017297547823893922
13.25,0.016923396533673696
13.255,0.01648885204588879
13.26,0.015998814188382227
13.265,0.015458730093282469
13.27,0.014874479959626541
13.275,0.014252258826690678
13.280000000000001,0.01359845775461821
13.285,0.012919547623184258
13.290000000000001,0.012221968458970167
13.295,0.011512026822906307
13.3,0.010795803341292043
13.305,0.01007907198670921
13.31,0.009367232214849253
13.315,0.008665254586951221
13.32,0.007977640042373224
13.325000000000001,0.007308392580860357
13.33,0.006661004752565702
13.335,0.006038455062499892
13.34,0.005443216166034048
13.345,0.004877272568824864
13.35,0.004342146447497086
13.355,0.0038389301604322412
13.36,0.003368324026428837
13.365,0.0029306779987878784
13.370000000000001,0.002526035940964455
13.375,0.0021541813186294334
13.38,0.0018146832422205605
13.385,0.0015069419287465635
13.39,0.0012302327792874657
13.395,0.0009837484041264055
13.4,0.0007666380477657775
13.405000000000001,0.000578043974640341
13.41,0.00041713448294022903
13.415000000000001,0.0002831332919914775
13.42,0.00017534512183725592
13.425,9.317734289354673e-05
13.43,3.6157611987649996e-05
13.435,3.947446492621326e-06
13.44,-3.6482909361017918e-06
13.445,1.3323987918735514e-05
13.450000000000001,5.49678675683396e-05
13.455,0.00012153408819626232
13.46,0.00021341359653404002
13.465,0.00033112649762034874
13.47,0.0004753069244789465
13.475,0.0006466838628602645
13.48,0.0008460579889786324
13.485,0.0010742746188121544
13.49,0.0013321929108749408
13.495000000000001,0.0016206515326251392
13.5,0.0019404310685313675
13.505,0.002292213546940758
13.51,0.002676539560755309
13.515,0.003093763576378805
13.52,0.0035440081498396836
13.525,0.0040271179024422565
13.530000000000001,0.004542614237774245
13.535,0.005089651915497484
13.540000000000001,0.005666978707729697
13.545,0.006272899467598236
13.55,0.006905246004620835
13.555,0.007561354198013959
13.56,0.008238049765978417
13.565,0.008931644046530351
13.57,0.009637941017640372
13.575000000000001,0.010352256607326638
13.58,0.011069451073510095
13.585,0.011783974934488128
13.59,0.012489928535121209
13.595,0.0131811349124078
13.6,0.013851225155498526
13.605,0.014493734957252258
13.61,0.015102210570887564
13.615,0.01567032190889961
13.620000000000001,0.016191980102359338
13.625,0.016661456480658643
13.63,0.017073499680563486
13.635,0.017423447443569273
13.64,0.01770732965317734
13.645,0.017921959288784706
13.65,0.018065008245024217
13.655000000000001,0.018135065369364156
13.66,0.018131674607033688
13.665000000000001,0.018055351771138817
13.67,0.017907579165708398
13.675,0.017690778042066313
13.68,0.017408259625703693
13.685,0.0170641561804743
13.69,0.01666333424267208
13.695,0.016211292731199478
13.700000000000001,0.015714049086806625
13.705,0.015178016914969561
13.71,0.014609878767416262
13.715,0.014016457718586395
13.72,0.013404591265295807
13.725,0.012781010827225714
13.73,0.012152229755976407
13.735,0.011524442315653971
13.74,0.010903435583259125
13.745000000000001,0.010294515682627292
13.75,0.009702449206749009
13.755,0.009131420169246951
13.76,0.0085850023202525
13.765,0.008066146240015115
13.77,0.007577180246485682
13.775,0.007119823866812425
13.780000000000001,0.0066952124005101865
13.785,0.006303930967575866
13.790000000000001,0.005946056359926288
13.795,0.005621205013497388
13.8,0.005328585465010249
13.805,0.005067053754036266
13.81,0.004835170357997853
13.815,0.004631257401662481
13.82,0.004453455049840294
13.825000000000001,0.004299776163737334
13.83,0.004168158474091577
13.835,0.004056513685028129
13.84,0.003962773075209647
13.845,0.0038849292937266355
13.85,0.003821074166670213
13.855,0.0037694324225283626
13.86,0.0037283913232384336
13.865,0.003696526240422271
13.870000000000001,0.00367262225649978
13.875,0.003655691890032786
13.88,0.003644989050336167
13.885,0.0036400193204956417
13.89,0.0036405466512992174
13.895,0.0036465965236006925
13.9,0.0036584556078191333
13.905000000000001,0.0036766679178241723
13.91,0.0037020274239535356
13.915000000000001,0.0037355670629541926
13.92,0.003778544057661204
13.925,0.003832421446468004
13.93,0.0038988457163879886
13.935,0.003979620443404386
13.94,0.004076675867762614
13.945,0.00419203437147786
13.950000000000001,0.00432777188716571
13.955,0.004485975344732829
13.96,0.004668696362633007
13.965,0.004877901509342308
13.97,0.005115419597698789
13.975,0.005382886628172656
13.98,0.00568168916091949
13.985,0.006012907069887774
13.99,0.006377256803222764
13.995000000000001,0.006775036439327309
14.0,0.0072060739788746275
14.005,0.007669680432282888
14.01,0.008164609352540708
14.015,0.008689024501350673
14.02,0.009240477317092655
14.025,0.009815895776284833
14.030000000000001,0.010411586079502655
14.035,0.011023248362821647
14.040000000000001,0.011646007333911967
14.045,0.012274458338200844
14.05,0.012902728927798535
14.055,0.013524555496914559
14.06,0.014133374017074374
14.065,0.01472242335616869
14.07,0.015284859130151318
14.075000000000001,0.01581387553052238
14.08,0.016302832142223167
14.085,0.01674538241560697
14.09,0.017135600230467674
14.095,0.017468100884542537
14.1,0.01773815289569569
14.105,0.01794177718991108
14.11,0.01807583060224971
14.115,0.018138071083946272
14.120000000000001,0.018127202607082893
14.125,0.018042898439055932
14.13,0.017885802191862865
14.135,0.01765750681785505
14.14,0.01736051246296455
14.145,0.01699816478972238
14.15,0.016574575995218055
14.155000000000001,0.016094531257230926
14.16,0.015563383726831859
14.165000000000001,0.014986941423707378
14.17,0.01437134949329888
14.175,0.01372297124819255
14.18,0.013048271243796705
14.185,0.01235370336558006
14.19,0.011645606534177233
14.195,0.010930110200728649
14.200000000000001,0.010213051326314115
14.205,0.009499904051363472
14.21,0.008795722765121639
14.215,0.00810509882954591
14.22,0.007432130785222313
14.225,0.006780407504001218
14.23,0.006153003440756422
14.235,0.0055524849020525124
14.24,0.004980926070130565
14.245000000000001,0.004439933409551955
14.25,0.00393067703564931
14.255,0.003453927612206087
14.26,0.0030100973974622747
14.265,0.0025992841265649602
14.27,0.002221316522667216
14.275,0.001875800349686152
14.280000000000001,0.001562164046803538
14.285,0.0012797031208333642
14.290000000000001,0.00102762260099043
14.295,0.0008050769862597562
14.3,0.0006112072302026927
14.305,0.00044517440626146154
14.31,0.0003061897912270961
14.315,0.00019354116813785627
14.32,0.00010661521968419185
14.325000000000001,4.4915919879401356e-05
14.33,8.078872343442178e-06
14.335,-4.11843851731276e-06
14.34,8.24950284178394e-06
14.345,4.5258282595994626e-05
14.35,0.0001071314880775609
14.355,0.00019423452649969253
14.36,0.0003070643439865295
14.365,0.00044623505773122574
14.370000000000001,0.0006124595338921068
14.375,0.0008065269665475938
14.38,0.0010292765454247288
14.385,0.001281567347461987
14.39,0.0015642446448485003
14.395,0.0018781028998100524
14.4,0.0022238457963048575
14.405000000000001,0.0026020437710085886
14.41,0.003013089609984476
14.415000000000001,0.0034571528091333903
14.42,0.003934133523690875
14.425,0.00444361706562546
14.43,0.004984830039436616
14.435,0.005556599322758871
14.44,0.006157315204387004
14.445,0.0067849000635789025
14.450000000000001,0.0074367840186226886
14.455,0.008109888969883627
14.46,0.008800622406678116
14.465,0.009504882237493462
14.47,0.010218073729422628
14.475,0.010935139394032234
14.48,0.011650602360852247
14.485,0.012358623402093372
14.49,0.013053071355248136
14.495000000000001,0.01372760622626501
14.5,0.014375773766889921
14.505,0.014991109828265792
14.51,0.015567252315538127
14.515,0.01609805813169274
14.52,0.016577722137775197
14.525,0.017000894869134697
14.530000000000001,0.017362795593733438
14.535,0.017659317246533135
14.540000000000001,0.01788711989052416
14.545,0.01804370958365098
14.55,0.01812749992711815
14.555,0.01813785406688595
14.56,0.01807510554792202
14.565,0.017940557110456723
14.57,0.017736457262444105
14.575000000000001,0.017465955230292707
14.58,0.017133035618336123
14.585,0.016742434791012784
14.59,0.016299541588139732
14.595,0.01581028544793739
14.6,0.015281015369104978
14.605,0.014718373321034761
14.61,0.014129165773276497
14.615,0.013520236901037208
14.620000000000001,0.012898346802995064
14.625,0.012270057715195293
14.63,0.011641630772356137
14.635,0.011018935365520122
14.64,0.010407372609140708
14.645,0.009811813878489062
14.65,0.009236554850708956
14.655000000000001,0.008685284976536423
14.66,0.00816107186874504
14.665000000000001,0.007666359711315351
14.67,0.007202980483077326
14.675,0.006772176564146193
14.68,0.006374633133987118
14.685,0.006010518690171551
14.69,0.005679532000806731
14.695,0.005380953842552216
14.700000000000001,0.005113701961970918
14.705,0.0048763878249289405
14.71,0.0046673738624427585
14.715,0.004484830091362468
14.72,0.0043267891585525575
14.725,0.004191199027475889
14.73,0.0040759726949639585
14.735,0.003979034474360432
14.74,0.0038983625220723184
14.745000000000001,0.003832027400128002
14.75,0.003778226569527199
14.755,0.0037353147856937774
14.76,0.0037018304294754723
14.765,0.003676517845546734
14.77,0.003658345785189504
14.775,0.003646522059405785
14.780000000000001,0.003640504502712095
14.785,0.00364000833394578
14.790000000000001,0.0036450099767249833
14.795,0.0036557473744194824
14.8,0.0036727168021220558
14.805,0.003696666146934535
14.81,0.003728584598273965
14.815,0.0037696886665792295
14.82,0.0038214044301108085
14.825000000000001,0.003885345905861648
14.83,0.003963289443840612
14.835,0.004057144067828755
14.84,0.004168917719938214
14.845,0.004300679426356702
14.85,0.004454517472913366
14.855,0.004632493779473279
14.86,0.004836594771912672
14.865,0.005068679191371217
14.870000000000001,0.005330423421991526
14.875,0.005623265091434959
14.88,0.005948345859076554
14.885,0.006306454488861135
14.89,0.006697971463829333
14.895,0.007122816556117684
14.9,0.007580400893328232
14.905000000000001,0.008069585156249559
14.91,0.008588645593224697
14.915000000000001,0.009135249528188893
14.92,0.009706441973971636
14.925,0.010298644816121083
14.93,0.01090766982078506
14.935,0.011528746423024927
14.94,0.012156564884477916
14.945,0.01278533497680101
14.950000000000001,0.013408859851971044
14.955,0.014020624236103174
14.96,0.014613895532519905
14.965,0.01518183588008526
14.97,0.015717622703594003
14.975,0.01621457484073119
14.98,0.016666280971669778
14.985,0.01706672681592636
14.99,0.017410417445915982
14.995000000000001,0.017692491076580552
15.0,0.017908820862686525
15.005,0.01805610155126658
15.01,0.018131918286677262
15.015,0.018134795441490326
15.02,0.01806422400716201
15.025,0.01792066681796456
15.030000000000001,0.017705541627492494
15.035,0.017421182819482794
15.040000000000001,0.017070783236761145
15.045,0.016658318244289205
15.05,0.016188454677887876
15.055,0.015666447731433664
15.06,0.015098029105306665
15.065,0.014489289870727617
15.07,0.01384656148331942
15.075000000000001,0.013176298241699413
15.08,0.012484964226661788
15.085,0.011778927399301864
15.09,0.011064363119977827
15.095,0.010347168870289636
15.1,0.009632891477782124
15.105,0.00892666764247707
15.11,0.008233178105495398
15.115,0.007556615359934682
15.120000000000001,0.0069006644356655045
15.125,0.006268495960672027
15.13,0.005662770459037958
15.135,0.005085652648771699
15.14,0.004538834387188828
15.145,0.0040235648441715455
15.15,0.0035406864717799635
15.155000000000001,0.0030906753756321237
15.16,0.0026736847616088966
15.165000000000001,0.002289590228374827
15.17,0.0019380357955549599
15.175,0.0016184796840095217
15.18,0.001330238996504196
15.185,0.00107253258309159
15.19,0.0008445214960435266
15.195,0.0006453465586020446
15.200000000000001,0.0004741626758566486
15.205,0.00033016960442355803
15.21,0.00021263897607404214
15.215,0.00012093743065444418
15.22,5.45457628157997e-05
15.225,1.3074021536226e-05
15.23,-3.7274709710083138e-06
15.235,4.038799037309887e-06
15.24,3.6420347681836995e-05
15.245000000000001,9.361339189051243e-05
15.25,0.00017595743916754003
15.255,0.00028392577254465756
15.26,0.0004181118469748224
15.265,0.0005792116226095434
15.27,0.0007680018874105521
15.275,0.0009853146487110997
15.280000000000001,0.001232007718569239
15.285,0.0015089316761232041
15.290000000000001,0.001816893457420754
15.295,0.0021566169114111133
15.3,0.002528700759256708
15.305,0.002933574503343195
15.31,0.003371452962047883
15.315,0.003842290225117395
15.32,0.004345733971387489
15.325000000000001,0.004881081207672722
15.33,0.005447236620634399
15.335,0.006042674831782335
15.34,0.006665407932114675
15.345,0.007312959715559231
15.35,0.007982348043555021
15.355,0.008670076723305442
15.36,0.009372138185440804
15.365,0.010084028082534502
15.370000000000001,0.01080077270030344
15.375,0.011516969780348774
15.38,0.01222684299430199
15.385,0.012924309897801578
15.39,0.01360306273515377
15.395,0.01425666098320022
15.4,0.014878634025269122
15.405000000000001,0.015462591867940745
15.41,0.016002341368885453
15.415000000000001,0.016492005057553882
15.42,0.016926139344334956
15.425,0.01729984871217738
15.43,0.017608892435276857
15.435,0.017849780433088824
15.44,0.018019855092987314
15.445,0.01811735624671229
15.450000000000001,0.018141466975301057
15.455,0.018092338514414052
15.46,0.01797109321633883
15.465,0.01777980526286882
15.47,0.01752145958399609
15.475,0.01719989018421586
15.48,0.01681969976591091
15.485000000000001,0.016386163156028033
15.49,0.015905117535844226
15.495000000000001,0.015382842846261013
15.5,0.014825935959546399
15.505,0.014241182283875276
15.51,0.013635428393126148
15.515,0.013015459067336366
15.52,0.01238788180024386
15.525,0.01175902141421048
15.530000000000001,0.011134826927424513
15.535,0.01052079228804459
15.540000000000001,0.009921892042175529
15.545,0.009342532461133146
15.55,0.00878651815119369
15.555,0.008257033705614703
15.56,0.007756639571429247
15.565,0.007287280976896682
15.57,0.006850308523738136
15.575000000000001,0.006446508876500445
15.58,0.006076143889465868
15.585,0.005738996482307357
15.59,0.005434421602766193
15.595,0.005161400698716179
15.6,0.004918598234976201
15.605,0.004704418937180321
15.610000000000001,0.004517064607293619
15.615,0.004354589526727182
15.620000000000001,0.004214953636933139
15.625,0.004096072851288213
15.63,0.003995866010203297
15.635,0.003912298129804093
15.64,0.003843419718085439
15.645,0.0037874020340573633
15.65,0.0037425682502070234
15.655000000000001,0.0037074205397374937
15.66,0.0036806631558635727
15.665000000000001,0.003661221596273967
15.67,0.0036482579580266322
15.675,0.003641182585020414
15.68,0.0036396620978140204
15.685,0.0036436238739624358
15.69,0.003653257018063183
15.695,0.003669009830835901
15.700000000000001,0.0036915837547736308
15.705,0.003721923742113775
15.71,0.003761204968242282
15.715,0.0038108157931766584
15.72,0.0038723368659132618
15.725,0.003947516270618845
15.73,0.004038240630544809
15.735000000000001,0.0041465021208475505
15.74,0.0042743613936337965
15.745000000000001,0.004423906489900986
15.75,0.004597207906284595
15.755,0.0047962700945705095
15.76,0.005022979804003569
15.765,0.005279051822338232
15.77,0.005565972834485677
15.775,0.005884944285600824
15.780000000000001,0.006236825308739924
15.785,0.0066220769483678055
15.790000000000001,0.007040709062378525
15.795,0.007492231424674145
15.8,0.007975610647037001
15.805,0.008489234600816076
15.81,0.009030886022078022
15.815,0.009597726927218275
15.82,0.010186295340844254
15.825000000000001,0.010792515631546706
15.83,0.01141172347505659
15.835,0.012038706108441488
15.84,0.012667758115782135
15.845,0.013292752503964778
15.85,0.013907226305363452
15.855,0.014504479395181846
15.860000000000001,0.015077684672068159
15.865,0.01562000722648449
15.870000000000001,0.016124729663527404
15.875,0.01658538036357271
15.88,0.016995861187183436
15.885,0.017350570981662372
15.89,0.017644521238224797
15.895,0.017873440387177197
15.9,0.018033863506587977
15.905000000000001,0.01812320465171524
15.91,0.018139809556956266
15.915000000000001,0.01808298712265355
15.92,0.01795301880856215
15.925,0.017751145822842318
15.93,0.017479534741553948
15.935,0.017141222916492893
15.94,0.016740045678755422
15.945,0.01628054789702915
15.950000000000001,0.0157678828745631
15.955,0.015207701875709745
15.96,0.014606037714496978
15.965,0.013969185858648814
15.97,0.013303586377698906
15.975,0.012615709826715005
15.98,0.011911949818554035
15.985000000000001,0.011198524628767359
15.99,0.010481389704604993
15.995000000000001,0.009766162473848539
16.0,0.009058060340464635
16.005,0.008361852293091943
16.01,0.00768182410616447
16.015,0.007021756726842909
16.02,0.006384917110652921
16.025,0.005774060504212031
16.03,0.005191442970339466
16.035,0.004638842821025335
16.04,0.004117589546298817
16.045,0.0036285988057898066
16.05,0.0031724120799356825
16.055,0.0027492396367003735
16.06,0.002359005567273975
16.065,0.002001393755397096
16.07,0.0016758937718508449
16.075,0.0013818458209340356
16.080000000000002,0.0011184839933529034
16.085,0.0008849772134498224
16.09,0.0006804673782232484
16.095,0.0005041043038487292
16.1,0.00035507717507932135
16.105,0.00023264228400521336
16.11,0.00013614689940055769
16.115000000000002,6.504916586627663e-05
16.12,1.89339643987263e-05
16.125,-2.475302528329691e-06
16.13,6.909762165809019e-07
16.135,2.8452200037193398e-05
16.14,8.09770265099985e-05
16.145,0.00015857872909169624
16.15,0.0002617064512077105
16.155,0.0003909323650828078
16.16,0.0005469347649480483
16.165,0.0007304771337297566
16.17,0.0009423832643244978
16.175,0.0011835085447127192
16.18,0.0014547075827353595
16.185,0.0017567984038082685
16.19,0.0020905235459443006
16.195,0.0024565084661229974
16.2,0.0028552177869825
16.205000000000002,0.0032869100308214882
16.21,0.003751591617849215
16.215,0.004248971037073446
16.22,0.004778414233799211
16.225,0.005338902375701338
16.23,0.005928993274816108
16.235,0.006546787825520539
16.240000000000002,0.007189902875207821
16.245,0.007855451957748727
16.25,0.00854003528920444
16.255,0.009239740331235424
16.26,0.00995015408209099
16.265,0.010666388031950191
16.27,0.011383116445980335
16.275,0.012094628280014064
16.28,0.012794892644794942
16.285,0.013477637273414445
16.29,0.014136438974585275
16.295,0.014764824553598288
16.3,0.015356380204018194
16.305,0.015904866913214022
16.31,0.016404339035876347
16.315,0.016849262871051707
16.32,0.01723463187006047
16.325,0.01755607501613099
16.330000000000002,0.01780995496392279
16.335,0.01799345271511754
16.34,0.018104635943750225
16.345,0.018142508542261737
16.35,0.018107039542073267
16.355,0.01799917023031128
16.36,0.017820799017357558
16.365000000000002,0.017574744369447615
16.37,0.01726468686540983
16.375,0.01689509214983076
16.38,0.01647111717786487
16.385,0.015998502668573167
16.39,0.015483455083046493
16.395,0.01493252168223691
16.4,0.014352462336610472
16.405,0.013750121698102191
16.41,0.013132305169559544
16.415,0.01250566180103263
16.42,0.011876576831362229
16.425,0.01125107612270071
16.43,0.010634744199418122
16.435,0.010032657064339645
16.44,0.009449330413279
16.445,0.008888683366784278
16.45,0.00835401735663055
16.455000000000002,0.00784800941026731
16.46,0.007372718732085559
16.465,0.006929605226018154
16.47,0.0065195584185833155
16.475,0.006142935135077465
16.48,0.005799604237722633
16.485,0.005488996760256271
16.490000000000002,0.00521015983735218
16.495,0.0049618129439519265
16.5,0.004742405095572444
16.505,0.004550171824298843
16.51,0.004383190913385349
16.515,0.004239436047967615
16.52,0.004116827705709092
16.525,0.004013280771305361
16.53,0.003926748500087562
16.535,0.003855262582391994
16.54,0.003796969168338604
16.545,0.0037501607970500395
16.55,0.0037133042432769825
16.555,0.0036850643405799133
16.56,0.003664323871367725
16.565,0.003650199626748618
16.57,0.0036420547415484394
16.575,0.003639507395164398
16.580000000000002,0.0036424359529166755
16.585,0.003650980591882763
16.59,0.003665541426422947
16.595,0.0036867731165366457
16.6,0.0037155759116838105
16.605,0.0037530830550172034
16.61,0.0038006444556395458
16.615000000000002,0.0038598065231965073
16.62,0.003932288062523881
16.625,0.004019952139495686
16.63,0.004124773861902575
16.635,0.0042488040661829984
16.64,0.0043941289718150145
16.645,0.004562825950259253
16.65,0.004756915665498518
16.655,0.004978310970093602
16.66,0.005228763083746202
16.665,0.005509805742139662
16.67,0.0058226981705225
16.675,0.006168367911412176
16.68,0.006547354703798192
16.685,0.006959756771893311
16.69,0.007405181020288865
16.695,0.00788269873908476
16.7,0.008390808492610091
16.705000000000002,0.0089274078776036
16.71,0.009489775796094335
16.715,0.010074566771006488
16.72,0.010677818646922077
16.725,0.011294974751407949
16.73,0.011920921254059635
16.735,0.012550040046367172
16.740000000000002,0.013176276995867653
16.745,0.013793224912010515
16.75,0.014394220013141279
16.755,0.01497245014493842
16.76,0.015521072468072106
16.765,0.01603333786292893
16.77,0.016502718899992885
16.775,0.016923037922239814
16.78,0.01728859161834606
16.785,0.017594268422996606
16.79,0.017835655195973743
16.795,0.018009129890110387
16.8,0.018111937323617155
16.805,0.018142245700900617
16.81,0.018099182159517113
16.815,0.017982846334902547
16.82,0.017794301680048363
16.825,0.01753554504277588
16.830000000000002,0.017209455723374845
16.835,0.016819725910171
16.84,0.01637077494816097
16.845,0.015867650366860886
16.85,0.01531591890172379
16.855,0.014721550930364202
16.86,0.014090801783819273
16.865000000000002,0.013430093292310374
16.87,0.01274589871090015
16.875,0.012044633848763198
16.88,0.011332556823120399
16.885,0.010615678408239404
16.89,0.009899684455884739
16.895,0.009189871377000003
16.9,0.008491095188610132
16.905,0.007807734190109272
16.91,0.007143664927742321
16.915,0.006502250767853823
16.92,0.0058863421226291734
16.925,0.005298287155138581
16.93,0.004739951650995167
16.935,0.004212746651125698
16.94,0.003717662417535905
16.945,0.00325530731539736
16.95,0.002825950257672183
16.955000000000002,0.0024295654432204827
16.96,0.0020658782313676127
16.965,0.0017344111218351443
16.97,0.0014345289385531146
16.975,0.0011654824508804396
16.98,0.0009264497931171789
16.985,0.0007165751632718376
16.990000000000002,0.0005350043916281244
16.995,0.00038091706471687914
17.0,0.00025355497193613186
17.005,0.0001522467092366364
17.01,7.642832748752659e-05
17.015,2.5659953074311237e-05
17.02,-3.6166151595219687e-07
17.025,-1.794682751615935e-06
17.03,2.1352154154746783e-05
17.035,6.921978417945285e-05
17.04,0.00014209494011846457
17.045,0.00024040217483056736
17.05,0.0003646917855564258
17.055,0.0005156236654213497
17.06,0.0006939471200433367
17.065,0.0009004767199307651
17.07,0.0011360642931173004
17.075,0.001401567219227129
17.080000000000002,0.0016978132478273622
17.085,0.002025562145456128
17.09,0.0023854645686309794
17.095,0.0027780186702033305
17.1,0.003203525061096002
17.105,0.00366204088079769
17.11,0.004153333861328434
17.115000000000002,0.0046768374013002045
17.12,0.005231607792421045
17.125,0.00581628485608654
17.13,0.006429057334853994
17.135,0.007067634449423821
17.14,0.0077292250518752326
17.145,0.008410525783233425
17.150000000000002,0.00910771956462142
17.155,0.009816485613100667
17.16,0.010532021965762084
17.165,0.01124908123135171
17.17,0.011962019947858948
17.175,0.012664861535736094
17.18,0.013351372393813676
17.185,0.014015150207253413
17.19,0.014649723047430285
17.195,0.015248657349605566
17.2,0.0158056723993667
17.205000000000002,0.016314758544055508
17.21,0.016770296022205144
17.215,0.017167171064031095
17.22,0.017500885813596767
17.225,0.017767658638007333
17.23,0.01796451155659895
17.235,0.01808934182914612
17.240000000000002,0.018140975176947904
17.245,0.01811919867791545
17.25,0.01802477202280528
17.255,0.01785941654809875
17.26,0.017625782218736674
17.265,0.017327393478893782
17.27,0.01696857561940135
17.275000000000002,0.016554363942091754
17.28,0.016090398555640206
17.285,0.015582808047579277
17.29,0.015038085562551373
17.295,0.014462960940495151
17.3,0.013864272552279289
17.305,0.013248842309501185
17.31,0.012623357042471639
17.315,0.011994259051132161
17.32,0.011367648163002286
17.325,0.010749197121668885
17.330000000000002,0.010144081568764562
17.335,0.00955692535467989
17.34,0.008991761375501284
17.345,0.008452007669262684
17.35,0.007940458078490309
17.355,0.007459286437146773
17.36,0.007010062970813635
17.365000000000002,0.0065937813943808266
17.37,0.00621089507712469
17.375,0.005861360587113396
17.38,0.005544686939433774
17.385,0.005259988931802795
17.39,0.005006043058497056
17.395,0.004781344626144879
17.400000000000002,0.004584164853936201
17.405,0.004412606910432437
17.41,0.004264660010580457
17.415,0.00413825086737063
17.42,0.004031291952378613
17.425,0.003941726165380466
17.43,0.003867567642817704
17.435,0.00380693854563674
17.44,0.0037581017559140673
17.445,0.0037194894852765614
17.45,0.0036897278448405624
17.455000000000002,0.0036676574645689297
17.46,0.0036523502623070636
17.465,0.003643122468291078
17.47,0.003639544001082885
17.475,0.0036414442708705697
17.48,0.003648914461362618
17.485,0.0036623063115421295
17.490000000000002,0.0036822273852459286
17.495,0.003709532787456893
17.5,0.0037453132567741854
17.505,0.00379087954439572
17.51,0.003847742975465973
17.515,0.003917592088986233
17.52,0.0040022652635647304
17.525000000000002,0.004103719265637018
17.53,0.004223993700787965
17.535,0.004365171414745461
17.54,0.004529334974333388
17.545,0.004718519461876625
17.55,0.00493466194378378
17.555,0.005179548110515242
17.56,0.005454756745169931
17.565,0.005761602845002045
17.57,0.006101080389655067
17.575,0.006473805924651188
17.580000000000002,0.006879964289296936
17.585,0.007319257960563874
17.59,0.007790861600440735
17.595,0.008293383471006166
17.6,0.008824835403693498
17.605,0.009382612982925309
17.61,0.009963487496790435
17.615000000000002,0.010563611041192189
17.62,0.011178535904534215
17.625,0.011803249044110231
17.63,0.012432222054194142
17.635,0.013059476576547269
17.64,0.013678664585459188
17.645,0.01428316244448169
17.650000000000002,0.01486617708160054
17.655,0.015420862099531973
17.66,0.015940441152359597
17.665,0.01641833550260685
17.67,0.016848292355106764
17.675,0.017224510367810808
17.68,0.01754175866923191
17.685,0.017795485807447164
17.69,0.017981915273622917
17.695,0.01809812463687166
17.7,0.018142105820658116
17.705000000000002,0.018112804677080874
17.71,0.01801013871077828
17.715,0.017834992549701667
17.72,0.01758919152107552
17.725,0.01727545442817302
17.73,0.016897327299968623
17.735,0.016459100479082167
17.740000000000002,0.015965711888863865
17.745,0.01542263967328239
17.75,0.014835787601505501
17.755,0.01421136670474965
17.76,0.013555776529820207
17.765,0.012875489207491597
17.77,0.012176939220651661
17.775000000000002,0.011466421381122416
17.78,0.010749999065719607
17.785,0.01003342428653653
17.79,0.009322070673679406
17.795,0.0086208799651466
17.8,0.007934322143984929
17.805,0.007266368957360214
17.81,0.006620480193770817
17.815,0.005999601809921984
17.82,0.00540617477038019
17.825,0.0048421533069547
17.830000000000002,0.0043090312071196735
17.835,0.0038078747022609605
17.84,0.0033393605349445465
17.845,0.002903817835052891
17.85,0.0025012725207762543
17.855,0.0021314930423566025
17.86,0.0017940364149957588
17.865000000000002,0.0014882936141731307
17.87,0.0012135335415650594
17.875,0.0009689449003147388
17.88,0.0007536754371231247
17.885,0.000566868124029396
17.89,0.0004076939472748009
17.895,0.00027538105683655445
17.900000000000002,0.00016924010014907065
17.905,8.868561723107682e-05
17.91,3.3253420482728946e-05
17.915,2.613908324181763e-06
17.92,-3.4187101085893755e-06
17.925,1.5118703201630335e-05
17.93,5.833922497625044e-05
17.935,0.00012650276751419165
17.94,0.0002200088696807656
17.945,0.000339385386962765
17.95,0.00048527310358625897
17.955000000000002,0.0006584063004024809
17.96,0.0008595893429164114
17.965,0.0010896693864959062
17.97,0.0013495053481102914
17.975,0.0016399333548813289
17.98,0.0019617289579318964
17.985,0.002315566490159071
17.990000000000002,0.0027019760525961445
17.995,0.003121298731272759
18.0,0.003573640771342923
18.005,0.004058827568785617
18.01,0.004576358471618747
18.015,0.005125363511572445
18.02,0.005704563301375032
18.025000000000002,0.006312233430055159
18.03,0.0069461747566545995
18.035,0.0076036910319636775
18.04,0.008281575266053665
18.045,0.008976106187624566
18.05,0.009683056020797665
18.055,0.010397710601477428
18.06,0.011114902614068
18.065,0.011829058387117897
18.07,0.012534258322659753
18.075,0.013224310585464139
18.080000000000002,0.01389283721932344
18.085,0.014533371354431779
18.09,0.015139463691600241
18.095,0.01570479596844976
18.1,0.016223298702914946
18.105,0.01668927015416699
18.11,0.017097493196310154
18.115000000000002,0.01744334666168612
18.12,0.017722907704310842
18.125,0.01793304187989264
18.13,0.018071477904967992
18.135,0.01813686448849694
18.14,0.018128807150652904
18.145,0.018047883600843306
18.150000000000002,0.017895636941467785
18.155,0.017674546732393992
18.16,0.017387978694522133
18.165,0.01704011457088228
18.17,0.01663586431190822
18.175,0.01618076332523799
18.18,0.015680857969410766
18.185,0.015142582777816216
18.19,0.014572633054935835
18.195,0.013977836498202834
18.2,0.013365027359593995
18.205000000000002,0.012740926405328423
18.21,0.012112029555254367
18.215,0.01148450763217923
18.22,0.010864119140112649
18.225,0.010256137442581803
18.23,0.009665293170272093
18.235,0.009095732159078551
18.240000000000002,0.008550988728547537
18.245,0.008033973686899287
18.25,0.00754697607732524
18.255,0.007091677401767527
18.26,0.006669176836430424
18.265,0.006280025826574942
18.27,0.005924270377930085
18.275000000000002,0.00560149936158183
18.28,0.00531089720315947
18.285,0.005051299422841993
18.29,0.004821249623809365
18.295,0.004619056680061462
18.3,0.00444285104475739
18.305,0.004290639268533347
18.31,0.004160355993397147
18.315,0.004049912845164982
18.32,0.003957243799694421
18.325,0.003880346729914219
18.330000000000002,0.003817320954148773
18.335,0.00376640070073897
18.34,0.003725984479456823
18.345,0.00369466040210642
18.35,0.003671227533803778
18.355,0.0036547133754456784
18.36,0.0036443875816109667
18.365000000000002,0.0036397720132844294
18.37,0.0036406472053238485
18.375,0.0036470553055855393
18.38,0.0036592995117535887
18.385,0.003677940001185931
18.39,0.0037037863169708807
18.395,0.003737886145613656
18.400000000000002,0.0037815103990230803
18.405,0.0038361344987993817
18.41,0.0039034157581516737
18.415,0.003985166765329673
18.42,0.004083324698645363
18.425,0.004199916543625726
18.43,0.004337020245294809
18.435,0.004496721909140966
18.44,0.004681069262352899
18.445,0.004892021711890848
18.45,0.005131397468648657
18.455000000000002,0.0054008183660698705
18.46,0.005701653162498488
18.465,0.006034960292277347
18.47,0.006401431200011132
18.475,0.0068013355589933155
18.48,0.007234469819437095
18.485,0.007700110657651749
18.490000000000002,0.008196974974939764
18.495,0.008723188138485938
18.5,0.009276262128270929
18.505,0.009853085174100329
18.51,0.010449924299710034
18.515,0.011062441963311187
18.52,0.011685727661667755
18.525000000000002,0.012314344987935044
18.53,0.01294239417649834
18.535,0.013563589670294363
18.54,0.014171351707968682
18.545,0.014758910379061518
18.55,0.01531942006467446
18.555,0.015846081675466195
18.56,0.01633226967734913
18.565,0.01677166054962953
18.57,0.01715835910290764
18.575,0.017487018991573677
18.580000000000002,0.017752953809186067
18.585,0.017952235368845493
18.59,0.018081776109241332
18.595,0.018139393064494413
18.6,0.018123851424007853
18.605,0.01803488640196349
18.61,0.017873202871356852
18.615000000000002,0.01764045297792194
18.62,0.017339192697583883
18.625,0.016972818984818616
18.63,0.0165454897771653
18.635,0.01606202961801273
18.64,0.01552782403051367
18.645,0.01494870601517917
18.650000000000002,0.014330838129026802
18.655,0.013680593562451548
18.66,0.013004439447751537
18.665,0.012308825358633868
18.67,0.011600079578244049
18.675,0.010884315279646728
18.68,0.01016734828326804
18.685,0.009454627561567008
18.69,0.008751179175796153
18.695,0.008061563865975785
18.7,0.007389848101230001
18.705000000000002,0.006739588029864407
18.71,0.006113825466893985
18.715,0.005515094822275302
18.72,0.004945439700151155
18.725,0.004406437792050966
18.73,0.0038992326375648645
18.735,0.003424570828791218
18.740000000000002,0.002982843273004576
18.745,0.002574129215282106
18.75,0.0021982418134403048
18.755,0.001854774192731945
18.76,0.0015431450236640387
18.765,0.0012626428104516307
18.77,0.0010124682026120269
18.775000000000002,0.0007917737652389789
18.78,0.000599700762943467
18.785,0.0004354126041758999
18.79,0.0002981246885120914
18.795,0.00018713046534191147
18.8,0.00010182357380122964
18.805,4.171597846683306e-05
18.81,6.452048168376079e-06
18.815,-4.181453584874162e-06
18.82,9.750520381990313e-06
18.825,4.833307921150998e-05
18.830000000000002,0.0001117990623542564
18.835,0.00020052259749214763
18.84,0.0003150085587951823
18.845,0.00045587793988044467
18.85,0.0006238491752754705
18.855,0.0008197154680993357
18.86,0.0010443182119304062
18.865000000000002,0.0012985166484806854
18.87,0.0015831539563277985
18.875,0.001899020044321631
18.88,0.0022468114113509685
18.885,0.002627088533955657
18.89,0.003040231363744539
18.895,0.003486393635178331
18.900000000000002,0.003965456819310376
18.905,0.004476984693322805
18.91,0.005020179617956089
18.915,0.005593841745001882
18.92,0.006196332463865417
18.925,0.006825543483021335
18.93,0.0074788729700969725
18.935,0.008153210176281789
18.94,0.008844929907930066
18.945,0.009549898098999421
18.95,0.010263489549465987
18.955000000000002,0.010980618659115038
18.96,0.011695783668429272
18.965,0.012403124546988664
18.97,0.013096494250500967
18.975,0.013769542594573636
18.98,0.014415811509945087
18.985,0.015028839949724926
18.990000000000002,0.015602276242237423
18.995,0.016129995256829233
19.0,0.016606217382570065
19.005,0.017025626052330267
19.01,0.017383480385639416
19.015,0.017675719492373787
19.02,0.017899055092598815
19.025000000000002,0.018051049360622073
19.03,0.018130175286508177
19.035,0.018135857375895625
19.04,0.018068491117567476
19.045,0.017929440363502636
19.05,0.01772101249969893
19.055,0.017446412058433225
19.06,0.01710967414723541
19.065,0.016715579752776932
19.07,0.016269555555624038
19.075,0.0157775613696991
19.080000000000002,0.015245968637948693
19.085,0.014681433617816708
19.09,0.014090768910207885
19.095,0.013480816889885006
19.1,0.012858328345878078
19.105,0.012229849297352047
19.11,0.011601618498968236
19.115000000000002,0.010979477659589065
19.12,0.010368795842687462
19.125,0.009774408985741445
19.13,0.009200574928645011
19.135,0.00865094385468268
19.14,0.008128543602261118
19.145,0.007635778927070902
19.150000000000002,0.00717444349608698
19.155,0.006745743164961127
19.16,0.006350328943085515
19.165,0.0059883379720861996
19.17,0.005659440831600193
19.175,0.005362893526752899
19.18,0.005097592605871171
19.185,0.004862131977139583
19.19,0.004654860146994899
19.195,0.004473936766971498
19.2,0.004317387548765872
19.205000000000002,0.004183156779138386
19.21,0.0040691568298938385
19.215,0.003973314210705681
19.22,0.0038936118480528137
19.225,0.0038281273911375813
19.23,0.0037750674447378785
19.235,0.003732797704404156
19.240000000000002,0.00369986903106434
19.245,0.003675039537945013
19.25,0.003657292789784078
19.255,0.003645852217819809
19.26,0.0036401918520682502
19.265,0.0036400434550544498
19.27,0.003645400118999109
19.275000000000002,0.0036565163577047533
19.28,0.0036739046950775567
19.285,0.0036983287191010294
19.29,0.003730792541265293
19.295,0.0037725265779016137
19.3,0.0038249695542220685
19.305,0.003889746624322399
19.31,0.00396864351005366
19.315,0.004063576581473161
19.32,0.004176558841272993
19.325,0.0043096618323748
19.330000000000002,0.004464973565520225
19.335,0.004644552659918588
19.34,0.0048503790066867225
19.345,0.0050843014000552245
19.35,0.00534798273223025
19.355,0.005642843511600049
19.36,0.005970004636342452
19.365000000000002,0.006330230524641323
19.37,0.006723873874504349
19.375,0.007150823472656498
19.38,0.007610456601312876
19.385,0.008101597682983908
19.39,0.008622484849279743
19.395,0.009170746108566163
19.400000000000002,0.009743386717531166
19.405,0.0103367892098305
19.41,0.010946727319449678
19.415,0.011568394733586729
19.42,0.012196449238594198
19.425,0.012825072385155067
19.43,0.013448044300968576
19.435,0.01405883275495512
19.44,0.014650695019778226
19.445,0.015216790549885673
19.45,0.015750301977650594
19.455000000000002,0.01624456148704212
19.46,0.016693179272905923
19.465,0.017090170535709603
19.47,0.017430077360529594
19.475,0.017708081843487378
19.48,0.017920107016252018
19.485,0.018062902436490447
19.490000000000002,0.01813411178019919
19.495,0.0181323203432342
19.5,0.018057081035543376
19.505,0.01790891818748719
19.51,0.017689309235677797
19.515,0.017400645117312763
19.52,0.017046170899362778
19.525000000000002,0.016629908796094384
19.53,0.0161565662563099
19.535,0.01563143219207319
19.54,0.015060264689712
19.545,0.014449173653172664
19.55,0.013804501814277614
19.555,0.013132707389871712
19.56,0.012440251400310132
19.565,0.011733492304596638
19.57,0.011018590184811217
19.575,0.010301422230288182
19.580000000000002,0.009587510789184961
19.585,0.00888196475889913
19.59,0.008189434622622116
19.595,0.0075140810115250645
19.6,0.006859556295376379
19.605,0.006228998394247398
19.61,0.005625035749597274
19.615000000000002,0.005049802215296495
19.62,0.00450496050400595
19.625,0.003991732772835377
19.63,0.003510936913883711
19.635,0.003063027159513787
19.64,0.0026481376822831137
19.645,0.00226612796617065
19.650000000000002,0.0019166288467156178
19.655,0.0015990882448528865
19.66,0.0013128157530171158
19.665,0.0010570253625892256
19.67,0.0008308757485773199
19.675,0.0006335076414245577
19.68,0.0004640779194002853
19.685,0.00032179014567601527
19.69,0.0002059213484087996
19.695,0.00011584490178812024
19.7,5.104941698688692e-05
19.705000000000002,1.115358289980467e-05
19.71,-4.083075432662498e-06
19.715,5.246460241945666e-06
19.72,3.919925012807468e-05
19.725,9.798083423556703e-05
19.73,0.00018193955984868726
19.735,0.0002915568064748575
19.740000000000002,0.00042743312165738345
19.745,0.0005902702988149766
19.75,0.000780849445342735
19.755,0.0010000051289567047
19.76,0.0012485957256576086
19.765,0.0015274701594671924
19.77,0.0018374312883908672
19.775000000000002,0.002179196280368778
19.78,0.0025533544253955043
19.785,0.0029603229352375138
19.79,0.0034003014161729794
19.795,0.003873225818223247
19.8,0.004378722810089997
19.805,0.004916065647863732
19.81,0.0054841327359547165
19.815,0.006081370175783363
19.82,0.006705759684466628
19.825,0.007354793303321117
19.830000000000002,0.008025456326922864
19.835,0.008714219831951198
19.84,0.009417044081850179
19.845,0.010129393916631813
19.85,0.010846267003561394
19.855,0.011562235524806397
19.86,0.0122715015196313
19.865000000000002,0.012967965679152371
19.87,0.013645308936823142
19.875,0.01429708570922017
19.88,0.014916827149662026
19.885,0.015498152294568968
19.89,0.01603488454746227
19.895,0.016521170558057463
19.900000000000002,0.016951598278826197
19.905,0.01732131078424004
19.91,0.017626112396413873
19.915,0.01786256373902262
19.92,0.018028062565811354
19.925,0.018120907581547385
19.93,0.018140342961132205
19.935,0.018086581882627684
19.94,0.017960808073766543
19.945,0.017765155117174913
19.95,0.017502664015317748
19.955000000000002,0.017177220262958315
19.96,0.016793472359928785
19.965,0.016356734303428766
19.97,0.015872875090266803
19.975,0.015348198615633635
19.98,0.014789317573868033
19.985,0.014203025021565452
19.990000000000002,0.013596167191245456
19.995,0.01297552091856602
20.0,0.012347678720921351
20.005,0.011718944132976361
20.01,0.011095239413204894
20.015,0.010482027204119504
20.02,0.009884247172031735
20.025000000000002,0.009306268126049844
20.03,0.008751855600536373
20.035,0.008224154441869302
20.04,0.00772568554265618
20.045,0.007258355555958218
20.05,0.006823478177757636
20.055,0.006421805423139304
20.06,0.006053567233703205
20.065,0.005718517725014749
20.07,0.005415986418828567
20.075,0.005144932887775511
20.080000000000002,0.004904003355632014
20.085,0.004691587947083242
20.09,0.00450587744009745
20.095,0.0043449185506823085
20.1,0.00420666694809313
20.105,0.004089037366219905
20.11,0.003989950331762859
20.115000000000002,0.0039073751682883184
20.12,0.003839369056870101
20.125,0.003784112035058129
20.13,0.0037399378988254295
20.135,0.0037053610321676755
20.14,0.0036790992346314444
20.145,0.0036600926399690814
20.150000000000002,0.003647518832089955
20.155,0.003640804260202194
20.16,0.0036396320405352447
20.165,0.0036439462128484354
20.17,0.0036539524874659723
20.175,0.0036701154914422496
20.18,0.0036931524881815836
20.185,0.003724023515642605
20.19,0.0037639178640167525
20.195,0.0038142367947218148
20.2,0.003876572396009692
20.205000000000002,0.003952682474179348
20.21,0.004044461398132526
20.215,0.004153906851294131
20.22,0.004283082498290902
20.225,0.004434076646071539
20.23,0.0046089570741045804
20.235,0.004809722319607523
20.240000000000002,0.005038249835513042
20.245,0.005296241589215711
20.25,0.005585167829364579
20.255,0.005906209919430694
20.26,0.006260203309969015
20.265,0.006647581888977072
20.27,0.007068325105386464
20.275000000000002,0.0075219093926151
20.28,0.008007265516987161
20.285,0.008522743533720956
20.29,0.009066087033012593
20.295,0.009634418295544123
20.3,0.01022423585050447
20.305,0.010831425714702192
20.31,0.011451287313299474
20.315,0.01207857471984397
20.32,0.012707553426881901
20.325,0.013332072375519033
20.330000000000002,0.013945650442405366
20.335,0.014541576042216064
20.34,0.015113017954899277
20.345,0.01565314497553061
20.35,0.01615525152237751
20.355,0.016612885969216507
20.36,0.01701997819177592
20.365000000000002,0.0173709626830032
20.37,0.01766089359036016
20.375,0.017885548172948518
20.38,0.018041515484597426
20.385,0.018126267513416394
20.39,0.01813821057432108
20.395,0.018076715407794097
20.400000000000002,0.0179421251564591
20.405,0.01773574115428289
20.41,0.017459787211912214
20.415,0.01711735380107271
20.42,0.016712324180986116
20.425,0.01624928505659895
20.43,0.01573342478179285
20.435,0.015170422402796646
20.44,0.014566330987694442
20.445,0.013927458686378458
20.45,0.013260250840822607
20.455000000000002,0.012571176215995905
20.46,0.011866620082059853
20.465,0.011152786462204745
20.47,0.010435611389073784
20.475,0.00972068852971475
20.48,0.009013208041967147
20.485,0.00831790905056451
20.490000000000002,0.00763904570483831
20.495,0.006980366382933312
20.5,0.006345105287241637
20.505,0.005735985417137712
20.51,0.005155231701539975
20.515,0.004604592952160758
20.52,0.004085371219609613
20.525000000000002,0.0035984571237417384
20.53,0.0031443697546080784
20.535,0.0027232998067105996
20.54,0.0023351547073984236
20.545,0.001979604608892238
20.55,0.0016561282482250306
20.555,0.0013640578058744524
20.56,0.001102622029596212
20.565,0.0008709870158978283
20.57,0.0006682941571756196
20.575,0.0004936948734224345
20.580000000000002,0.00034638183079183094
20.585,0.0002256164389423665
20.59,0.00013075246987270805
20.595,6.125570166642946e-05
20.6,1.6719520942211352e-05
20.605,-3.123552546020064e-06
20.61,1.6055600563502637e-06
20.615000000000002,3.093581516680488e-05
20.62,8.504525446778599e-05
20.625,0.0001642561018312949
20.63,0.0002690257557868003
20.635,0.0003999336894411343
20.64,0.0005576642847560098
20.645,0.0007429856475615892
20.650000000000002,0.0009567244780517292
20.655,0.001199737119988331
20.66,0.0014728769576057843
20.665,0.0017769584066620325
20.67,0.0021127178238922184
20.675,0.00248077175959871
20.68,0.002881573087657685
20.685,0.0033153656674773657
20.69,0.0037821383253611174
20.695,0.004281579070294583
20.7,0.004813030596677592
20.705000000000002,0.005375448243711389
20.71,0.005967361696555429
20.715,0.006586841788784881
20.72,0.007231473833417823
20.725,0.007898338902748492
20.73,0.00858400445950025
20.735,0.009284525634161156
20.740000000000002,0.009995458296106818
20.745,0.010711884840329589
20.75,0.011428453333994781
20.755,0.012139430299111353
20.76,0.012838767027346876
20.765,0.013520178844814268
20.77,0.014177236281074812
20.775000000000002,0.014803466594941028
20.78,0.015392463625051533
20.785,0.01593800348645047
20.79,0.01643416324086644
20.795,0.01687543936116498
20.8,0.017256862608640233
20.805,0.01757410586075281
20.81,0.017823581486858586
20.815,0.018002525065632824
20.82,0.018109062582283286
20.825,0.018142258709673342
20.830000000000002,0.01810214436997626
20.835,0.017989722439942568
20.84,0.017806951206623012
20.845,0.017556705930779515
20.85,0.017242719629301462
20.855,0.01686950488686989
20.86,0.016442259132482206
20.865000000000002,0.01596675632373845
20.87,0.01544922837534557
20.875,0.014896239903876562
20.88,0.014314559951582595
20.885,0.013711034301049807
20.89,0.013092461797040045
20.895,0.012465477778963674
20.900000000000002,0.011836447319062415
20.905,0.011211370476264193
20.91,0.010595801247596626
20.915,0.009994781349661253
20.92,0.00941278942486079
20.925,0.008853705750343721
20.93,0.008320792069117289
20.935,0.007816685755560826
20.94,0.007343407199662977
20.945,0.0069023790391185
20.95,0.006494455688610401
20.955000000000002,0.006119961516473538
20.96,0.005778735975017213
20.965,0.005470184023497637
20.97,0.005193330247305283
20.975,0.004946875197196832
20.98,0.004729252608635548
20.985,0.004538686327456354
20.990000000000002,0.004373245935154202
20.995,0.004230900242221836
21.0,0.004109567984121654
21.005,0.004007165213583352
21.01,0.003921649021484619
21.015,0.0038510573481653765
21.02,0.003793544747805022
21.025000000000002,0.0037474140572584247
21.03,0.0037111439842116845
21.035,0.003683412677425779
21.04,0.0036631173696543007
21.045,0.003649390197584257
21.05,0.003641610302859692
21.055,0.003639412304773932
21.06,0.003642691216639196
21.065,0.003651603848815521
21.07,0.0036665667114740286
21.075,0.003688250397652526
21.080000000000002,0.0037175703979419605
21.085,0.0037556742704258905
21.09,0.003803925071532266
21.095,0.003863880943468345
21.1,0.003937270754321709
21.105,0.004025965705682921
21.11,0.004131946852342416
21.115000000000002,0.004257268530142966
21.12,0.004404017757415168
21.125,0.00457426976416464
21.13,0.0047700399136640925
21.135,0.00499323240770444
21.14,0.005245586314316597
21.145,0.005528619614029395
21.150000000000002,0.005843572132294028
21.155,0.006191348396232144
21.16,0.006572461624978487
21.165,0.006986980221713068
21.17,0.0074344782698432255
21.175,0.007913991645853713
21.18,0.0084239814210747
21.185,0.008962306241947715
21.19,0.009526205324622339
21.195,0.010112293584548127
21.2,0.010716570228630928
21.205000000000002,0.011334441865855638
21.21,0.011960760848513274
21.215,0.012589879139927262
21.22,0.013215717531046778
21.225,0.01383184950495675
21.23,0.014431598512253174
21.235,0.01500814686282581
21.240000000000002,0.015554653928550266
21.245,0.01606438087307893
21.25,0.016530818732640284
21.255,0.01694781638642695
21.26,0.017309704780295476
21.265,0.017611413749492044
21.27,0.017848577899897577
21.275000000000002,0.018017628282329667
21.28,0.01811586700361545
21.285,0.01814152245677292
21.29,0.01809378349184243
21.295,0.017972811563950586
21.3,0.017779730647767167
21.305,0.01751659546470563
21.31,0.01718633929275626
21.315,0.01679270329388416
21.32,0.01634014985070209
21.325,0.01583376285704574
21.330000000000002,0.015279138217984212
21.335,0.014682267984717612
21.34,0.014049421582210897
21.345,0.013387027479698332
21.35,0.012701558430446624
21.355,0.011999423082528438
21.36,0.011286866353714231
21.365000000000002,0.010569880509443408
21.37,0.009854128390518468
21.375,0.009144879747708501
21.38,0.008446961158526278
21.385,0.007764719563855493
21.39,0.007101999057198327
21.395,0.0064621302315863716
21.400000000000002,0.005847931108208471
21.405,0.0052617184656877924
21.41,0.004705328247727181
21.415,0.004180143641390188
21.42,0.003687129397892619
21.425,0.0032268709806491103
21.43,0.0027996171925845914
21.435,0.0024053250194926434
21.44,0.0020437055416167027
21.445,0.0017142698869907491
21.45,0.0014163743384614236
21.455000000000002,0.001149263831674574
21.46,0.0009121132163949497
21.465,0.000704065766307771
21.47,0.0005242685379835965
21.475,0.00037190426588784575
21.48,0.0002462195693959668
21.485,0.00014654930732627136
21.490000000000002,7.233697233230418e-05
21.495,2.3151052755340795e-05
21.5,-1.302676439544903e-06
21.505,-1.1729595095176515e-06
21.51,2.3541028443027634e-05
21.515,7.298965883892339e-05
21.52,0.00014746871610804568
21.525000000000002,0.00024741115819459925
21.53,0.00037337478160348603
21.535,0.0005260258140376006
21.54,0.0007061184772010343
21.545,0.0009144705888108895
21.55,0.0011519353157951606
21.555,0.001419369238864654
21.56,0.001717596959405654
21.565,0.002047372556935656
21.57,0.0024093383021135395
21.575,0.002803981137992295
21.580000000000002,0.0032315875614870038
21.585,0.0036921976654458177
21.59,0.004185559235812875
21.595,0.004711082926709409
21.6,0.005267799665954698
21.605,0.005854321552581254
21.61,0.006468807598908555
21.615000000000002,0.007108935728002308
21.62,0.007771882457547008
21.625,0.008454311678562476
21.63,0.009152373843711814
21.635,0.009861716753832184
21.64,0.010577508905647903
21.645,0.011294476099916295
21.650000000000002,0.012006951671068578
21.655,0.012708940293148174
21.66,0.013394194886839017
21.665,0.014056305661245716
21.67,0.01468879984040683
21.675,0.015285250130347094
21.68,0.015839389529631376
21.685,0.016345229675341244
21.69,0.01679717960031013
21.695,0.017190161543467752
21.7,0.017519720362386693
21.705000000000002,0.017782123115857473
21.71,0.017974445571823594
21.715,0.01809464269366856
21.72,0.018141600623010845
21.725,0.01811516822657211
21.73,0.01801616694955044
21.735,0.017846378432416543
21.740000000000002,0.017608510112140152
21.745,0.017306139778376917
21.75,0.01694364077153665
21.755,0.016526090143031524
21.76,0.01605916264335505
21.765,0.015549013803433098
21.77,0.015002155653053961
21.775000000000002,0.014425328732254883
21.78,0.01382537402795947
21.785,0.013209108297640881
21.79,0.012583205952306997
21.795,0.011954090274368667
21.8,0.011327836277445158
21.805,0.010710086989018208
21.81,0.010105984394378709
21.815,0.00952011573242828
21.82,0.00895647531817545
21.825,0.008418441589810755
21.830000000000002,0.007908768666048616
21.835,0.00742959135297383
21.84,0.006982442269901412
21.845,0.0065682795751556
21.85,0.006187523650863724
21.855,0.005840101059256142
21.86,0.0055254940991069645
21.865000000000002,0.005242794348317759
21.87,0.0049907586942854465
21.875,0.004767866482989547
21.88,0.004572376581061022
21.885,0.004402383313339087
21.89,0.004255870410955431
21.895,0.004130762274188626
21.900000000000002,0.004024972015556294
21.905,0.003936445890042606
21.91,0.0038632038515418188
21.915,0.0038033760814990547
21.92,0.0037552354250069975
21.925,0.0037172257397459774
21.93,0.0036879862123537777
21.935,0.003666371729040163
21.94,0.003651469403430474
21.945,0.0036426113665311843
21.95,0.0036393839129157304
21.955000000000002,0.0036416330787243933
21.96,0.003649466700806764
21.965,0.0036632529755042387
21.97,0.0036836155036001905
21.975,0.0037114247785585697
21.98,0.00374778604556969
21.985,0.0037940234405691164
21.990000000000002,0.0038516603053562193
21.995,0.0039223955743676875
22.0,0.004008076142778094
22.005,0.004110665153815418
22.01,0.004232206190297738
22.015,0.004374783421400075
22.02,0.004540477840402346
22.025000000000002,0.0047313198361589315
22.03,0.004949238464474703
22.035,0.005196007929008317
22.04,0.005473191937827693
22.045,0.005782086770929951
22.05,0.006123664063570899
22.055,0.006498514485180351
22.06,0.00690679365239788
22.065,0.007348171754788524
22.07,0.007821788490460335
22.075,0.008326214973422452
22.080000000000002,0.008859424306027819
22.085,0.00941877246454581
22.09,0.010000991049679442
22.095,0.010602193266553428
22.1,0.011217894251835503
22.105,0.011843046526358592
22.11,0.01247209095341617
22.115000000000002,0.013099023118567032
22.12,0.013717474528593954
22.125,0.014320807494666354
22.13,0.01490222201030278
22.135,0.015454872408408704
22.14,0.015971991098712834
22.145,0.0164470162794359
22.150000000000002,0.016873720199491515
22.155,0.017246334365296434
22.16,0.01755966802295461
22.165,0.01780921634792776
22.17,0.017991255011608587
22.175,0.018102918181782002
22.18,0.01814225753022214
22.185,0.01810828044357038
22.19,0.018000966334319912
22.195,0.017821260700401353
22.2,0.017571047337263224
22.205000000000002,0.017253099844580788
22.21,0.016871014239114857
22.215,0.016429125074836293
22.22,0.01593240793584627
22.225,0.015386371512409625
22.23,0.014796942664204948
22.235,0.01417034793261962
22.240000000000002,0.01351299488101887
22.245,0.012831356443271602
22.25,0.012131861145469713
22.255,0.011420791677739572
22.26,0.010704193842869358
22.265,0.00998779742108269
22.27,0.009276949999609485
22.275000000000002,0.008576564331374215
22.28,0.007891079335838214
22.285,0.0072244344516576575
22.29,0.0065800566982066044
22.295,0.005960859519509754
22.3,0.005369252263662361
22.305,0.004807158994690752
22.31,0.004276045244361981
22.315,0.0037769512714547204
22.32,0.003310530411583912
22.325,0.0028770911516522446
22.330000000000002,0.002476641649610478
22.335,0.0021089355270476062
22.34,0.0017735178876314706
22.345,0.0014697706435216062
22.35,0.001196956367021773
22.355,0.0009542600125849177
22.36,0.0007408279762350922
22.365000000000002,0.0005558040703568246
22.37,0.00039836208712240584
22.375,0.00026773471042085273
22.38,0.0001632386014225884
22.385,8.429554072963974e-05
22.39,3.044954991919535e-05
22.395,1.3799464374970871e-06
22.400000000000002,-3.0896935679005505e-06
22.405,1.701332227765917e-05
22.41,6.181155006190764e-05
22.415,0.0001315740460454684
22.42,0.00022670889470999267
22.425,0.0003477516404968295
22.43,0.0004953496397448465
22.435,0.0006702423740907459
22.44,0.0008732377878191144
22.445,0.0011051847499681244
22.45,0.0013669417957538066
22.455000000000002,0.001659342359350724
22.46,0.001983156793557761
22.465,0.002339051561358829
22.47,0.002727546090206978
22.475,0.0031489678999774284
22.48,0.0036034067378380996
22.485,0.0040906685911359375
22.490000000000002,0.004610230576057361
22.495,0.005161197833785991
22.5,0.005742263672100734
22.505,0.006351674295263621
22.51,0.006987199520022358
22.515,0.007646110912904902
22.52,0.008325168759814261
22.525000000000002,0.009020619212655845
22.53,0.009728202819939469
22.535,0.010443175462039989
22.54,0.01116034243671038
22.545,0.011874106128381356
22.55,0.012578527294298425
22.555,0.01326739957637102
22.56,0.013934336366208555
22.565,0.014572868663893956
22.57,0.015176552077772243
22.575,0.015739080648931036
22.580000000000002,0.0162544047645774
22.585,0.016716850088787538
22.59,0.017121234185708545
22.595,0.0174629773939472
22.6,0.0177382045051786
22.605,0.0179438339546536
22.61,0.018077651513955573
22.615000000000002,0.018138365902160558
22.62,0.01812564427885377
22.625,0.01804012622239526
22.63,0.017883415517651713
22.635,0.017658049828561673
22.64,0.01736744908832577
22.645,0.01701584416281321
22.650000000000002,0.01660818800004904
22.655,0.01615005203220221
22.66,0.015647511037595763
22.665,0.01510701996037156
22.67,0.014535286337121534
22.675,0.01393914197749524
22.68,0.013325417401645723
22.685,0.012700822270332424
22.69,0.012071834664372005
22.695,0.011444601612414118
22.7,0.010824852748520186
22.705000000000002,0.010217828442726784
22.71,0.009628223192571284
22.715,0.009060144547721194
22.72,0.00851708734847989
22.725,0.008001922637369319
22.73,0.007516900241057556
22.735,0.0070636637378989064
22.740000000000002,0.006643276321021574
22.745,0.006256255932514776
22.75,0.0059026179874326345
22.755,0.005581924005497285
22.76,0.005293334526447424
22.765,0.005035664781976479
22.77,0.00480744173240133
22.775000000000002,0.0046069612295465134
22.78,0.004432344235578256
22.785,0.0042815912014138036
22.79,0.0041526338783324235
22.795,0.004043383997625938
22.8,0.00395177840080585
22.805,0.0038758203369577693
22.81,0.0038136167520681497
22.815,0.003763411493614033
22.82,0.0037236144218637524
22.825,0.003692826475374056
22.830000000000002,0.003669860773128697
22.835,0.003653759854009203
22.84,0.0036438091589316227
22.845,0.003639546853197737
22.85,0.003640770067894296
22.855,0.0036475376158673634
22.86,0.00366016920585005
22.865000000000002,0.0036792411483329013
22.87,0.0037055785138906394
22.875,0.0037402436788593896
22.88,0.0037845211685814117
22.885,0.0038398986965049176
22.89,0.003908044294523183
22.895,0.003990779439285497
22.900000000000002,0.004090048106283106
22.905,0.0042078817273800695
22.91,0.004346360086919354
22.915,0.004507568277134055
22.92,0.004693549931936047
22.925,0.004906257082000209
22.93,0.005147497112830024
22.935,0.005418877460616756
22.94,0.005721748849593311
22.945,0.006057148044250837
22.95,0.006425741263260676
22.955000000000002,0.006827769565031616
22.96,0.007262997660571813
22.965,0.007730667728417018
22.97,0.00822945988893764
22.975,0.00875746102490993
22.98,0.009312143615350266
22.985,0.009890356151899482
22.990000000000002,0.010488326549193516
22.995,0.011101679713533485
23.0,0.011725470121529469
23.005,0.012354229866605948
23.01,0.012982032179476022
23.015,0.01360256992324338
23.02,0.014209248024378951
23.025000000000002,0.014795288259165318
23.03,0.01535384426923514
23.035,0.01587812420014245
23.04,0.01636151791989704
23.045,0.016797725449649192
23.05,0.017180883021211457
23.055,0.017505683095642155
23.06,0.017767484743103523
23.065,0.017962410998151768
23.07,0.018087430164094087
23.075,0.018140418534905223
23.080000000000002,0.018120202606965563
23.085,0.018026579540936893
23.09,0.017860315379948588
23.095,0.01762312128833088
23.1,0.017317608816675545
23.105,0.016947225887303574
23.11,0.01651617579642206
23.115000000000002,0.016029322023612735
23.12,0.015492082004289642
23.125,0.014910313241323081
23.13,0.01429019522149133
23.135,0.013638110538693127
23.14,0.01296052845048834
23.145,0.012263893797388903
23.150000000000002,0.011554523844917952
23.155,0.010838515154258488
23.16,0.010121662123175668
23.165,0.009409388328979418
23.17,0.008706691332371008
23.175,0.008018101134439348
23.18,0.007347652067490884
23.185,0.006698867539892461
23.19,0.006074756754882671
23.195,0.00547782229307181
23.2,0.004910077281781611
23.205000000000002,0.004373070767194065
23.21,0.0038679198650708457
23.215,0.0033953472620744662
23.22,0.002955722693820384
23.225,0.0025491070989858144
23.23,0.0021752982575220514
23.235,0.0018338768401822136
23.240000000000002,0.0015242519284219824
23.245,0.001245705195596969
23.25,0.0009974330721420621
23.255,0.0007785863389444536
23.26,0.0005883067068022108
23.265,0.0004257600401709194
23.27,0.0002901659673855139
23.275000000000002,0.00018082369359728734
23.28,9.713388824988956e-05
23.285,3.861656378301159e-05
23.29,4.924894546686626e-06
23.295,-4.145052604858073e-06
23.3,1.1351308455601061e-05
23.305,5.1508600656613446e-05
23.31,0.00011656888950162259
23.315,0.00020691498082170412
23.32,0.0003230596174707001
23.325,0.0004656305942802863
23.330000000000002,0.0006353518225099553
23.335,0.0008330204064090907
23.34,0.001059479820877396
23.345,0.001315589334894618
23.35,0.0016021898824272185
23.355,0.0019200666570657887
23.36,0.002269908798946396
23.365000000000002,0.0026522666445325527
23.37,0.003067507125281921
23.375,0.0035157680270963
23.38,0.0039969119529175146
23.385,0.004510480966532171
23.39,0.0050556530201220085
23.395,0.0056312013895922775
23.400000000000002,0.006235458439828534
23.405,0.0068662851106040534
23.41,0.007521047555940186
23.415,0.008196602354075821
23.42,0.008889291651279052
23.425,0.009594949476369408
23.43,0.010308920287588563
23.435,0.011026090551112588
23.44,0.011740933852085078
23.445,0.012447569646358403
23.45,0.013139835347544704
23.455000000000002,0.013811370966823944
23.46,0.014455715039876083
23.465,0.015066410076698844
23.47,0.015637115305526805
23.475,0.01616172404384031
23.48,0.01663448268707768
23.485,0.01705010802275453
23.490000000000002,0.01740389944630749
23.495,0.017691842618503983
23.5,0.017910701234455928
23.505,0.018058093829210975
23.51,0.018132552949197134
23.515,0.018133564538835856
23.52,0.01806158602111907
23.525000000000002,0.017918042259715605
23.53,0.01770529933160958
23.535,0.017426616804662842
23.54,0.017086079947482347
23.545,0.016688513961177875
23.55,0.016239382912701217
23.555,0.01574467649663802
23.56,0.015210788087699711
23.565,0.014644387708376172
23.57,0.014052293578600938
23.575,0.013441345779398262
23.580000000000002,0.012818285331515966
23.585,0.012189641620423686
23.59,0.011561630657368482
23.595,0.010940066160934236
23.6,0.010330284899353614
23.605,0.00973708718887778
23.61,0.009164692912168704
23.615000000000002,0.008616712925679337
23.62,0.00809613528968356
23.625,0.0076053253808012755
23.63,0.007146038647949382
23.635,0.00671944455587159
23.64,0.0063261601099195985
23.645,0.005966291287796466
23.650000000000002,0.005639480690724952
23.655,0.005344959776188318
23.66,0.0050816041240331344
23.665,0.004847990317010442
23.67,0.004642453166088245
23.675,0.004463142179757185
23.68,0.004308076347581569
23.685,0.0041751964801504116
23.69,0.00406241451090672
23.695,0.003967659317112737
23.7,0.0038889187505093403
23.705000000000002,0.003824277686520494
23.71,0.0037719519957073455
23.715,0.0037303184196928463
23.72,0.0036979403887444917
23.725,0.0036735898589624894
23.73,0.00365626526693974
23.735,0.0036452057078676103
23.740000000000002,0.003639901436333092
23.745,0.0036401007736540647
23.75,0.0036458134811180876
23.755,0.0036573106295085533
23.76,0.0036751209636908255
23.765,0.003700023730275115
23.77,0.00373303790537749
23.775000000000002,0.0037754077389142715
23.78,0.0038285845144097053
23.785,0.00389420441871291
23.79,0.003974062424594749
23.795,0.00407008211099491
23.8,0.004184281386812039
23.805,0.004318734141429914
23.81,0.004475527924721057
23.815,0.004656717855582748
23.82,0.0048642770776847755
23.825,0.005100044216526101
23.830000000000002,0.005365668442605553
23.835,0.005662552913555885
23.84,0.005991797534704801
23.845,0.00635414215444996
23.85,0.006749911473354686
23.855,0.007178963099145008
23.86,0.007640640300000001
23.865000000000002,0.008133731103928454
23.87,0.008656435427944587
23.875,0.009206341912978644
23.88,0.0097804160585504
23.885,0.010375001101802894
23.89,0.01098583286045951
23.895,0.011608069451551017
23.900000000000002,0.012236336428060213
23.905,0.012864787421513313
23.91,0.013487179897303747
23.915,0.014096965078852719
23.92,0.014687390565516267
23.925,0.01525161361821148
23.93,0.015782822589180512
23.935000000000002,0.016274363530897062
23.94,0.01671986866801234
23.945,0.01711338317726785
23.95,0.017449486615660703
23.955000000000002,0.01772340537139172
23.96,0.017931112700317442
23.965,0.018069413246756483
23.97,0.018136009411300336
23.975,0.018129547519166067
23.98,0.018049642415604694
23.985,0.01789687985321109
23.990000000000002,0.01767279679141609
23.995,0.01737984048042307
24.0,0.01702130789949763
24.005,0.016601267739691394
24.01,0.016124467641539297
24.015,0.015596229780953763
24.02,0.015022338153201531
24.025000000000002,0.014408921012510234
24.03,0.013762331891111756
24.035,0.013089032466787387
24.04,0.012395480271578663
24.045,0.011688023874594222
24.05,0.010972807736301604
24.055,0.010255688461555224
24.060000000000002,0.00954216368155869
24.065,0.0088373143086109
24.07,0.00814576044102111
24.075,0.0074716307724216335
24.080000000000002,0.006818544987931219
24.085,0.006189608319482787
24.09,0.005587417186678323
24.095,0.005014074673423963
24.1,0.004471214472435037
24.105,0.0039600318749659635
24.11,0.0034813203771690837
24.115000000000002,0.003035512515477734
24.12,0.0026227236127054354
24.125,0.0022427972248584283
24.13,0.001895351188328398
24.135,0.0015798233053105903
24.14,0.0012955158306509063
24.145,0.0010416380604549857
24.150000000000002,0.0008173464440583977
24.155,0.000621781757033979
24.16,0.0004541029747007208
24.165,0.00031351757560327265
24.17,0.0001993080768595279
24.175,0.00011085466362698027
24.18,4.7653823906840254e-05
24.185000000000002,9.332930543136386e-06
24.19,-4.339261855534001e-06
24.195,6.553779970247531e-06
24.2,4.2078654553384665e-05
24.205000000000002,0.00010245020188959231
24.21,0.00018802556982355778
24.215,0.0002992941780207703
24.22,0.00043686359471073466
24.225,0.0006014413574138011
24.23,0.0007938127886064628
24.235,0.0010148148961848236
24.240000000000002,0.001265306485541906
24.245,0.0015461346771514783
24.25,0.0018580980902465072
24.255,0.0022019070410905783
24.26,0.0025781412088887734
24.265,0.002987205330310161
24.27,0.0034292836121458947
24.275000000000002,0.00390429367980083
24.28,0.004411841012197826
24.285,0.004951174946544512
24.29,0.005521147452007824
24.295,0.0061201759795590505
24.3,0.006746211769218746
24.305,0.007396715039316604
24.310000000000002,0.00806863848680095
24.315,0.008758420470510231
24.32,0.009461989148331185
24.325,0.010174778661454553
24.330000000000002,0.01089175822694699
24.335,0.011607474691587072
24.34,0.012316108740598963
24.345,0.013011544530876051
24.35,0.01368745206294264
24.355,0.014337381111960923
24.36,0.01495486505198329
24.365000000000002,0.015533532422576712
24.37,0.016067223654577134
24.375,0.016550109998554774
24.38,0.01697681141116547
24.385,0.01734250998916309
24.39,0.017643055490104587
24.395,0.01787505956983182
24.400000000000002,0.01803597560903114
24.405,0.018124161366785074
24.41,0.018138922208301267
24.415,0.01808053326111292
24.42,0.017950239545420743
24.425,0.017750233873364607
24.43,0.01748361306474777
24.435000000000002,0.01715431377473209
24.44,0.016767029904983133
24.445,0.016327114175318513
24.45,0.015840466910429285
24.455000000000002,0.015313415448922285
24.46,0.014752587785512361
24.465,0.014164784109372164
24.47,0.013556849813912919
24.475,0.01293555332461338
24.48,0.012307471757281974
24.485,0.011678886984139325
24.490000000000002,0.011055694186595133
24.495,0.010443324443730972
24.5,0.009846682348321423
24.505,0.009270099114718988
24.51,0.008717301135149569
24.515,0.00819139349535547
24.52,0.007694857573291358
24.525000000000002,0.00722956153260057
24.53,0.006796782290066972
24.535,0.006397237372203435
24.54,0.006031124995040216
24.545,0.005698170677529646
24.55,0.005397678737105949
24.555,0.005128587100371007
24.560000000000002,0.004889523982187782
24.565,0.0046788651359293
24.57,0.004494790539801841
24.575,0.004335339559290219
24.580000000000002,0.004198463794503837
24.585,0.004082076989038175
24.59,0.003984101530219775
24.595,0.003902511207469317
24.6,0.0038353700167306215
24.605,0.003780866899497193
24.61,0.003737346383871465
24.615000000000002,0.0037033351574362605
24.62,0.0036775646428529596
24.625,0.003658989671265489
24.63,0.003646803360133913
24.635,0.003640448295509694
24.64,0.0036396241071489643
24.645,0.0036442915000248904
24.650000000000002,0.0036546727795588596
24.655,0.0036712488739864546
24.66,0.003694752827923309
24.665,0.0037261597107660638
24.67,0.0037666728575609376
24.675,0.0038177063459783334
24.68,0.0038808636021636644
24.685000000000002,0.0039579120366037834
24.69,0.004050753629368131
24.695,0.004161391421146909
24.7,0.004291891921749169
24.705000000000002,0.004444343521036842
24.71,0.004620811084187437
24.715,0.004823287023336675
24.72,0.005053639274857247
24.725,0.005313556757565507
24.73,0.005604493051711401
24.735,0.00592760920759261
24.740000000000002,0.0062837167669638205
24.745,0.0066732222467749125
24.75,0.007096074489242099
24.755,0.007551716413242815
24.76,0.00803904279679557
24.765,0.008556365773952024
24.77,0.009101389727447895
24.775000000000002,0.009671197191753578
24.78,0.01026224724492053
24.785,0.010870387656240155
24.79,0.011490881766590633
24.795,0.012118450715373541
24.8,0.012747331195555489
24.805,0.013371348431945762
24.810000000000002,0.01398400354974072
24.815,0.014578573951972373
24.82,0.015148224785615838
24.825,0.01568612905964173
24.830000000000002,0.016185593526579112
24.835,0.016640187071409684
24.84,0.01704386808500402
24.845,0.017391107174063336
24.85,0.017677001561452244
24.855,0.01789737769674815
24.86,0.018048878898902387
24.865000000000002,0.018129035298052543
24.87,0.01813631391256365
24.875,0.018070147356226585
24.88,0.017930940397612005
24.885,0.017720054351869408
24.89,0.017439770039004543
24.895,0.0170932307509446
24.900000000000002,0.01668436731223011
24.905,0.016217807852449084
24.91,0.015698775325471814
24.915,0.015132976086324135
24.92,0.014526482974449806
24.925,0.013885616344147422
24.93,0.013216826348003252
24.935000000000002,0.012526579526866755
24.94,0.011821252411991168
24.945,0.01110703442226324
24.95,0.010389841873653438
24.955000000000002,0.009675244425213947
24.96,0.008968404794540419
24.965,0.008274032105767049
24.97,0.007596348798902142
24.975,0.006939070648124712
24.98,0.006305399115014154
24.985,0.005698025004765128
24.990000000000002,0.005119142201941429
24.995,0.004570470136197713
25.0,0.004053283562186039
25.005,0.003568448221766829
25.01,0.0031164609891103368
25.015,0.0026974931687320236
25.02,0.0023114357098448224
25.025000000000002,0.0019579452193765334
25.03,0.0016364897820579927
25.035,0.001346393729640738
25.04,0.0010868806319588309
25.045,0.0008571139116453352
25.05,0.0006562345972878081
25.055,0.00048339583893253213
25.060000000000002,0.000337793896061811
25.065,0.0002186953913190237
25.07,0.00012546067977414754
25.075,5.756323638839156e-05
25.080000000000002,1.4605000235770604e-05
25.085,-3.67236134869893e-06
25.09,2.6197116522776176e-06
25.095,3.351972979132034e-05
25.1,8.921509917292347e-05
25.105,0.0001700369577979366
25.11,0.00027645090634120795
25.115000000000002,0.00040904364939442495
25.12,0.0005685055714523823
25.125,0.0007556092985940843
25.13,0.0009711843221174021
25.135,0.0012160878090261562
25.14,0.001491171774302913
25.145,0.0017972468652507345
25.150000000000002,0.0021350430883808613
25.155,0.0025051679094962864
25.16,0.00290806226925433
25.165,0.003343955177983915
25.17,0.0038128176816787374
25.175,0.004314317128644163
25.18,0.004847772791276128
25.185000000000002,0.00541211402496522
25.19,0.006005842251648019
25.195,0.006626998136715301
25.2,0.007273135380859941
25.205000000000002,0.00794130255633263
25.21,0.008628034377181848
25.215,0.009329353694482734
25.22,0.010040785352430248
25.225,0.01075738280976779
25.23,0.011473768147236996
25.235,0.01218418572315727
25.240000000000002,0.012882569330372462
25.245,0.013562622257317969
25.25,0.014217909166568177
25.255,0.014841958215491502
25.26,0.015428371357881332
25.265,0.015970940317757254
25.27,0.016463765345015702
25.275000000000002,0.016901373553555032
25.28,0.017278833452337494
25.285,0.017591862208959697
25.29,0.017836922248278597
25.295,0.018011303999763584
25.3,0.018113191956153685
25.305,0.018141711684179995
25.310000000000002,0.018096956020052346
25.315,0.017979989364462767
25.32,0.01779282972550078
25.325,0.017538408918952086
25.330000000000002,0.01722051208262343
25.335,0.016843698358364634
25.34,0.016413205208849035
25.345,0.01593483934918183
25.35,0.015414857640607238
25.355,0.014859841533969131
25.36,0.014276568725279049
25.365000000000002,0.013671885626393987
25.37,0.013052584050171845
25.375,0.012425285192737334
25.38,0.01179633357480725
25.385,0.011171703123203258
25.39,0.010556917038691438
25.395,0.009956982545901383
25.400000000000002,0.009376341089911477
25.405,0.008818834022711997
25.41,0.008287683374884836
25.415,0.007785486897251559
25.42,0.007314226243583022
25.425,0.006875286904449496
25.43,0.006469488337858209
25.435000000000002,0.006097122637655161
25.44,0.005758000050796852
25.445,0.0054514996813761485
25.45,0.005176623793580859
25.455000000000002,0.004932054245905704
25.46,0.00471620972449216
25.465,0.004527302614334872
25.47,0.004363394511852192
25.475,0.004222449558236363
25.48,0.0041023849391077505
25.485,0.004001118052019859
25.490000000000002,0.003916609985099129
25.495,0.00384690507344132
25.5,0.003790166403787154
25.505,0.003744707222586907
25.51,0.0037090182661257964
25.515,0.0036817910781205
25.52,0.003661937405856741
25.525000000000002,0.003648604780995296
25.53,0.0036411883864797406
25.535,0.0036393393016169694
25.54,0.0036429691937957254
25.545,0.0036522514985260768
25.55,0.003667619099238184
25.555,0.0036897584851119936
25.560000000000002,0.00371960033629537
25.565,0.003758306458862215
25.57,0.003807252974532549
25.575,0.003868009659290017
25.580000000000002,0.0039423153300059965
25.585,0.0040320491925474045
25.59,0.004139198100787667
25.595,0.004265819725625342
25.6,0.004414001704050818
25.605,0.004585816930079645
25.61,0.004783275258071207
25.615000000000002,0.005008272020411653
25.62,0.005262533906325473
25.625,0.0055475629098094
25.63,0.0058645792243599
25.635,0.006214464133966757
25.64,0.006597704120849812
25.645,0.00701433756532488
25.650000000000002,0.007463905551254868
25.655,0.007945408391726971
25.66,0.008457269552827995
25.665,0.00899730866047932
25.67,0.009562725223943858
25.675,0.01015009458533811
25.68,0.01075537740673127
25.685000000000002,0.011373943732831293
25.69,0.012000612316356296
25.695,0.0126297054729676
25.7,0.013255119255525472
25.705000000000002,0.013870408216146046
25.71,0.014468883478169658
25.715,0.015043722295505546
25.72,0.015588086757492903
25.725,0.016095248830183095
25.73,0.01655871853622415
25.735,0.01697237179451605
25.740000000000002,0.017330574283469957
25.745,0.01762829766856555
25.75,0.017861224675215226
25.755,0.018025839755281936
25.76,0.018119502529550857
25.765,0.018140501718967528
25.77,0.01808808793546035
25.775000000000002,0.01796248441482362
25.78,0.017764875524349577
25.785,0.0174973736479771
25.79,0.017162965754927484
25.795,0.016765441630003153
25.8,0.016309306288796677
25.805,0.01579967954523198
25.810000000000002,0.015242186004130076
25.815,0.014642838908894618
25.82,0.014007921298134107
25.825,0.01334386781430652
25.830000000000002,0.012657150269390627
25.835,0.011954169746260845
25.84,0.011241157602174923
25.845,0.010524087282369976
25.85,0.009808598358628018
25.855,0.009099933718008657
25.86,0.008402890351067782
25.865000000000002,0.007721783745395783
25.87,0.007060425498940148
25.875,0.006422113434789267
25.88,0.005809633229246103
25.885,0.005225270359272116
25.89,0.004670831039856438
25.895,0.004147670744114151
25.900000000000002,0.0036567288705278145
25.905,0.0031985681535875443
25.91,0.002773417467842876
25.915,0.0023812167725543176
25.92,0.002021663054309286
25.925,0.00169425625302555
25.93,0.001398344286066333
25.935000000000002,0.001133166423104015
25.94,0.0008978943849267118
25.945,0.0006916706648487647
25.95,0.000513643674368014
25.955000000000002,0.00036299941059114715
25.96,0.00023898942154498837
25.965,0.00014095491190191378
25.97,6.8346882102166e-05
25.975,2.0742232710924124e-05
25.98,-2.144205643215061e-06
25.985,-4.5173804863116174e-07
25.990000000000002,2.583002035035087e-05
25.995,7.686086105049283e-05
26.0,0.00015294558672795944
26.005,0.000254525510778536
26.01,0.0003821658626428359
26.015,0.0005365391220917282
26.02,0.0007184043278698482
26.025000000000002,0.000928582431106495
26.03,0.0011679278078022826
26.035,0.0014372960965434167
26.04,0.001737508594410464
26.045,0.0020693135266220963
26.05,0.0024333446013375948
26.055,0.0028300773686948943
26.060000000000002,0.0032597840247525767
26.065,0.003722487430174226
26.07,0.004217915241966352
26.075,0.004745455196896842
26.080000000000002,0.005304112699578312
26.085,0.00589247198730547
26.09,0.006508662227888706
26.095,0.007150329963087287
26.1,0.007814619331053763
26.105,0.00849816146718041
26.11,0.009197074399775573
26.115000000000002,0.009906974607041263
26.12,0.010623001191973458
26.125,0.011339853351902462
26.13,0.012051841474637115
26.135,0.012752951800102608
26.14,0.013436924131454475
26.145,0.014097341605562974
26.150000000000002,0.01472773103962055
26.155,0.015321671876119325
26.16,0.015872911306857418
26.165,0.016375482741334935
26.17,0.016823824476499993
26.175,0.017212895205432233
26.18,0.017538282903039715
26.185000000000002,0.017796303673115688
26.19,0.017984087317422848
26.195,0.018099646716798645
26.2,0.01814192856029706
26.205000000000002,0.01811084354545045
26.21,0.01800727482243758
26.215,0.017833064196324244
26.22,0.017590976352018117
26.225,0.01728464212212799
26.23,0.016918482523557543
26.235,0.016497615928244613
26.240000000000002,0.016027751253695044
26.245,0.015515070470499381
26.25,0.01496610397403586
26.255,0.014387602484916329
26.26,0.013786409100102759
26.265,0.013169334943828659
26.27,0.012543041565923119
26.275000000000002,0.011913932837487096
26.28,0.011288058617715535
26.285,0.010671031938478848
26.29,0.010067960909857732
26.295,0.009483396005144584
26.3,0.00892129286430432
26.305,0.008384990291634864
26.310000000000002,0.007877202702175623
26.315,0.0074000259428999016
26.32,0.006954955139757857
26.325,0.006542913042974163
26.330000000000002,0.0061642872254275005
26.335,0.005818974444711245
26.34,0.0055064304997216595
26.345,0.005225723976019836
26.35,0.004975592385459748
26.355,0.0047544993446955175
26.36,0.004560691594386768
26.365000000000002,0.004392254834376885
26.37,0.004247167519385364
26.375,0.0041233519321242085
26.38,0.004018722005839415
26.385,0.0039312275150837905
26.39,0.0038588943793671504
26.395,0.003799860932144572
26.400000000000002,0.003752410096363068
26.405,0.0037149974746353287
26.41,0.00368627541165234
26.415,0.003665113116993024
26.42,0.0036506129522447806
26.425,0.0036421229864046084
26.43,0.0036392459128254152
26.435000000000002,0.003641844402307151
26.44,0.003650042939345566
26.445,0.003664226157785111
26.45,0.003685033661353865
26.455000000000002,0.0037133512830512805
26.46,0.0037502987106676766
26.465,0.003797213385596132
26.47,0.0038556305707748706
26.475,0.003927259484538759
26.48,0.0040139554103988395
26.485,0.004117687723519836
26.490000000000002,0.004240503822639852
26.495,0.004384489023104621
26.5,0.004551722552665893
26.505,0.004744229900962793
26.51,0.004963931896243778
26.515,0.00521259102972671
26.52,0.005491755703403101
26.525000000000002,0.005802703247544727
26.53,0.0061463827243937175
26.535,0.006523358707623217
26.54,0.006933757385793271
26.545,0.0073772164781757965
26.55,0.00785284056307134
26.555,0.008359163487025256
26.560000000000002,0.008894119543960244
26.565,0.009455025072352186
26.57,0.010038572007911029
26.575,0.01064083474744848
26.580000000000002,0.01125729141782017
26.585,0.011882860309651022
26.59,0.012511951824091483
26.595,0.013138535818608688
26.6,0.01375622371723395
26.605,0.014358364212093022
26.61,0.014938150835256181
26.615000000000002,0.015488739151432895
26.62,0.01600337084493475
26.625,0.016475501569850337
26.63,0.016898929128352336
26.635,0.017267918356125733
26.64,0.01757731905646409
26.645,0.01782267341721422
26.650000000000002,0.018000309606975406
26.655,0.018107418632439476
26.66,0.01814211206975358
26.665,0.018103458906793435
26.67,0.017991500440857067
26.675,0.017807242927624145
26.68,0.017552628434430062
26.685000000000002,0.01723048508451086
26.69,0.016844458542415452
26.695,0.016398927178180145
26.7,0.01589890379851866
26.705000000000002,0.015349927174657552
26.71,0.014757946775770137
26.715,0.014129204171652532
26.72,0.013470114473495443
26.725,0.012787150972997097
26.73,0.012086735827651296
26.735,0.011375139236470488
26.740000000000002,0.010658389107309318
26.745,0.00994219272011776
26.75,0.009231871405543046
26.755,0.008532308773240516
26.76,0.007847912574995064
26.765,0.007182589888540036
26.77,0.006539734959307708
26.775000000000002,0.00592222875690851
26.78,0.005332449089252123
26.785,0.004772289961195497
26.79,0.004243188783203067
26.795,0.0037461599971617687
26.8,0.00328183370207924
26.805,0.0028504979223527016
26.810000000000002,0.00245214324110421
26.815,0.0020865086380208453
26.82,0.0017531274885893566
26.825,0.0014513728197345088
26.830000000000002,0.0011805010430734342
26.835,0.0009396935227705683
26.84,0.0007280954502264514
26.845,0.0005448516098052192
26.85,0.00038913871719281623
26.855,0.0002601940916565626
26.86,0.0001573404939931855
26.865000000000002,8.000701473137584e-05
26.87,2.7745937983769675e-05
26.875,2.4553626756969316e-07
26.88,-2.6612270114618683e-06
26.885,1.900789780683032e-05
26.89,6.538493321597838e-05
26.895,0.00013674804839480803
26.900000000000002,0.00023351382794079
26.905,0.0003562254411120236
26.91,0.0005055367372615027
26.915,0.0006821923030861932
26.92,0.0008870035497157147
26.925,0.0011208209340116682
26.93,0.001384502468128268
26.935000000000002,0.001678878739442169
26.94,0.0020047147370574336
26.945,0.0023626688790097106
26.95,0.00275324973746649
26.955000000000002,0.003176771079456131
26.96,0.0036333059679236612
26.965,0.004122640797675103
26.97,0.004644230278678663
26.975,0.00519715449853031
26.98,0.005780079317242226
26.985,0.006391221434149941
26.990000000000002,0.007028319534757799
26.995,0.007688612947177376
27.0,0.008368829221829799
27.005,0.00906518196575945
27.01,0.009773380137964693
27.015,0.010488649798826799
27.02,0.011205769053592718
27.025000000000002,0.011919116589680812
27.03,0.012622733821515908
27.035,0.013310400219783247
27.04,0.013975720921102663
27.045,0.014612225228937348
27.05,0.015213474121765103
27.055,0.015773174421553904
27.060000000000002,0.016285296869092747
27.065,0.016744195006076268
27.07,0.01714472153769009
27.075,0.01748233872189786
27.080000000000002,0.017753219351106964
27.085,0.017954335040137437
27.09,0.018083528841330576
27.095,0.01813956963029284
27.1,0.018122186262438333
27.105,0.018032080153183472
27.11,0.017870915647336005
27.115000000000002,0.017641288304602654
27.12,0.017346671980895678
27.125,0.016991346305545107
27.13,0.016580306803362532
27.135,0.016119160464743487
27.14,0.01561400998776108
27.145,0.015071330209750045
27.150000000000002,0.01449784037891888
27.155,0.013900375907404339
27.16,0.01328576309829188
27.165,0.012660700057619323
27.17,0.012031646623707815
27.175,0.011404725679561523
27.18,0.0107856376989659
27.185000000000002,0.01017958982770395
27.19,0.009591240263834067
27.195,0.009024658165756705
27.2,0.008483298849483845
27.205000000000002,0.007969993602536363
27.21,0.007486953094893778
27.215,0.007035783086823955
27.22,0.006617510930267301
27.225,0.0062326212372365575
27.23,0.005881099029299008
27.235,0.00556247868923343
27.240000000000002,0.005275897096430171
27.245,0.0050201494249257905
27.25,0.004793746224497575
27.255,0.004594970552062705
27.26,0.004421934099244851
27.265,0.004272631427197027
27.27,0.004144991593739711
27.275000000000002,0.004036926618523395
27.28,0.0039463763762910276
27.285,0.003871349643024047
27.29,0.0038099611273505474
27.295,0.0037604644138302667
27.3,0.003721280814838357
27.305,0.0036910241814548383
27.310000000000002,0.003668521756442167
27.315,0.003652831171575721
27.32,0.0036432536941968865
27.325,0.0036393438191931965
27.330000000000002,0.003640915285477171
27.335,0.0036480435679156625
27.34,0.003661064869237951
27.345,0.0036805716014530754
27.35,0.0037074043167495407
27.355,0.0037426400200628596
27.36,0.0037875767737896027
27.365000000000002,0.0038437144908436416
27.37,0.003912731813414894
27.375,0.003996458980975781
27.38,0.004096846624944028
27.385,0.00421593046505464
27.39,0.004355791950652943
27.395,0.004518514971331378
27.400000000000002,0.004706138864344567
27.405,0.00492060806950434
27.41,0.0051637189220912205
27.415,0.0054370642310850315
27.42,0.005741976453824904
27.425,0.006079470455420122
27.43,0.006450187006532104
27.435000000000002,0.006854338342675348
27.44,0.007291657247275651
27.445,0.007761351240453962
27.45,0.008262063533976516
27.455000000000002,0.008791842439698883
27.46,0.009348120895463552
27.465,0.009927707668033747
27.47,0.010526791632702981
27.475,0.01114096027536604
27.48,0.011765233246553208
27.485,0.01239411139660973
27.490000000000002,0.013021641270739792
27.495,0.013641494525611364
27.5,0.014247061201810851
27.505,0.014831555227452498
27.51,0.015388130002811806
27.515,0.015910001424636278
27.52,0.016390575284276565
27.525000000000002,0.01682357565677961
27.53,0.017203170682300595
27.535,0.017524092077962905
27.54,0.01778174478560146
27.545,0.017972303392234323
27.55,0.01809279232058003
27.555,0.018141147297654925
27.560000000000002,0.018116256209978587
27.565,0.018017978158063386
27.57,0.017847140259753758
27.575,0.017605512516574606
27.580000000000002,0.017295761795075748
27.585,0.016921386657024584
27.59,0.016486635370906555
27.595,0.015996409922621524
27.6,0.015456159196947539
27.605,0.01487176472099705
27.61,0.014249422427990766
27.615000000000002,0.013595523844205815
27.62,0.012916539900579949
27.625,0.012218910287284501
27.63,0.011508940872769102
27.635,0.010792711277300526
27.64,0.010075994196601101
27.645,0.009364187588971618
27.650000000000002,0.008662260346390838
27.655,0.007974711616686392
27.66,0.007305543533469461
27.665,0.0066582467518703226
27.67,0.006035797893826356
27.675,0.0054406677803822134
27.68,0.004874839164587641
27.685000000000002,0.004339832578203584
27.69,0.0038367388642246425
27.695,0.0033662569726082836
27.7,0.0029287356458134184
27.705000000000002,0.002524217701639131
27.71,0.0021524857281693954
27.715,0.0018131081264023408
27.72,0.001505484567849713
27.725,0.0012288900656565183
27.73,0.0009825169919461807
27.735,0.0007655144910327927
27.740000000000002,0.0005770248553294
27.745,0.00041621652492107586
27.75,0.0002823134616254386
27.755,0.00017462071529672496
27.76,9.254605816544359e-05
27.765,3.561760631984323e-05
27.77,3.4973798732282346e-06
27.775000000000002,-4.009228621927943e-06
27.78,1.3051912823323908e-05
27.785,5.4784929934381665e-05
27.79,0.00012144108793094022
27.795,0.00021341182680956194
27.8,0.00033121769834065784
27.805,0.00047549322160755914
27.810000000000002,0.0006469676921727618
27.815,0.0008464420068565737
27.82,0.0010747615977577674
27.825,0.0013327856234894853
27.830000000000002,0.0016213526214388096
27.835,0.0019412429064997738
27.84,0.002293138086665536
27.845,0.0026775781775949525
27.85,0.0030949169049039327
27.855,0.0035452759189098515
27.86,0.004028498770390243
27.865000000000002,0.004544105632460216
27.87,0.005091249883477644
27.875,0.00566867777668989
27.88,0.006274692527020065
27.885,0.006907124210963289
27.89,0.007563306907588441
27.895,0.008240064502061273
27.900000000000002,0.008933706504635097
27.905,0.009640035114475864
27.91,0.010354364574041597
27.915,0.011071553599187212
27.92,0.01178605135660149
27.925,0.012491957080825955
27.93,0.01318309298585163
27.935000000000002,0.013853089667936302
27.94,0.01449548269422607
27.945,0.015103818590400664
27.95,0.015671767959535288
27.955000000000002,0.016193243051592532
27.96,0.016662516744190725
27.965,0.017074339635918534
27.97,0.01742405181907003
27.975,0.017707685879130963
27.98,0.01792205779773326
27.985,0.018064842713023666
27.990000000000002,0.018134632887758073
27.995,0.018130975779371283
28.0,0.01805439072995796
28.005,0.017906363509553103
28.01,0.017689318692077904
28.015,0.017406570607462868
28.02,0.01706225433714792
28.025000000000002,0.016661238887635932
28.03,0.016209025252031495
28.035,0.015711632512307006
28.04,0.015175475457940735
28.045,0.014607237356820235
28.05,0.014013741533990043
28.055,0.013401825286759816
28.060000000000002,0.012778219410439107
28.065,0.012149436244023093
28.07,0.011521668694086884
28.075,0.010900702186457778
28.080000000000002,0.010291840951794029
28.085,0.00969984950724978
28.09,0.009128909661821893
28.095,0.008582592888824792
28.1,0.008063847471404983
28.105,0.007574999457848008
28.11,0.00711776617669635
28.115000000000002,0.006693280837133386
28.12,0.006302126608577652
28.125,0.00594437849765761
28.13,0.005619651339021203
28.135,0.0053271522663784765
28.14,0.005065736121647291
28.145,0.004833962393949065
28.150000000000002,0.004630152427576917
28.155,0.004452445810128047
28.16,0.0042988550209459575
28.165,0.004167317594307107
28.17,0.004055745210990835
28.175,0.0039620692861892515
28.18,0.0038842827512324263
28.185000000000002,0.003820477845255077
28.19,0.0037688798259229994
28.195,0.0037278765855877083
28.2,0.0036960442126023896
28.205000000000002,0.0036721685787027836
28.21,0.003655263050074714
28.215,0.003644582428631221
28.22,0.0036396332217984474
28.225,0.00364018032354153
28.23,0.0036462501640370376
28.235,0.003658130356562761
28.240000000000002,0.0036763658384136866
28.245,0.0037017514713388877
28.25,0.003735321037848127
28.255,0.003778332547918817
28.26,0.003832249754102346
28.265,0.00389871977047207
28.27,0.003979546698722469
28.275000000000002,0.004076661187911501
28.28,0.004192085897968489
28.285,0.004327896893631333
28.29,0.004486181076975626
28.295,0.004668989865896478
28.3,0.004878289443826844
28.305,0.005115908044283302
28.310000000000002,0.005383480887054759
28.315,0.005682393546177167
28.32,0.006013724703898049
28.325,0.006378189414494528
28.330000000000002,0.006776084170358132
28.335,0.007207235207538076
28.34,0.0076709516137540845
28.345,0.008165984888101718
28.35,0.008690496638401157
28.355,0.009242036088814132
28.36,0.009817528984314094
28.365000000000002,0.010413279324804847
28.37,0.0110249851311508
28.375,0.011647769133045216
28.38,0.01227622489402691
28.385,0.012904478434791145
28.39,0.013526264920766806
28.395,0.014135019447216735
28.400000000000002,0.014723980398919423
28.405,0.015286303336008444
28.41,0.015815182844409748
28.415,0.0163039793665547
28.42,0.01674634767156391
28.425,0.017136363406123678
28.43,0.017468644055846028
28.435000000000002,0.017738460707512615
28.44,0.01794183718538278
28.445,0.01807563349006358
28.45,0.01813761093524846
28.455000000000002,0.018126476975993455
28.46,0.018041908403354512
28.465,0.01788455231266539
28.47,0.017656005020903365
28.475,0.01735876984622564
28.48,0.01699619536373831
28.485,0.016572396365361897
28.490000000000002,0.01609216026036364
28.495,0.015560842030314603
28.5,0.014984251103296486
28.505,0.014368533601185618
28.51,0.013720053381163666
28.515,0.013045275126373213
28.52,0.012350652455808131
28.525000000000002,0.011642523661919313
28.53,0.010927017243982817
28.535,0.010209968934283609
28.54,0.009496851412489349
28.545,0.00879271742703125
28.55,0.00810215656668234
28.555,0.0074292655167731425
28.560000000000002,0.006777631255534544
28.565,0.006150326349153801
28.57,0.005549915258209026
28.575,0.004978470394028989
28.580000000000002,0.004437596554609513
28.585,0.003928462313393055
28.59,0.00345183693715434
28.595,0.003008131442468809
28.6,0.0025974424874046775
28.605,0.00221959788596493
28.61,0.0018742026611864304
28.615000000000002,0.0015606846761722082
28.62,0.001278339021142827
28.625,0.0010263704592743395
28.63,0.0008039333650473601
28.635,0.0006101686964048447
28.64,0.00044423764861667436
28.645,0.0003053517232066705
28.650000000000002,0.00019279901785651532
28.655,0.0001059666044637142
28.66,4.435890730569714e-05
28.665,7.612025290155977e-06
28.67,-4.4960308194617565e-06
28.675,7.96079657328086e-06
28.68,4.505863705930868e-05
28.685000000000002,0.0001070216068478902
28.69,0.00019421561370425167
28.695,0.00030713806060933546
28.7,0.00044640346290547583
28.705000000000002,0.0006127250124627892
28.71,0.000806892141441029
28.715,0.001029744176705094
28.72,0.0012821402172917828
28.725,0.0015649254314897831
28.73,0.0018788940378176022
28.735,0.0022247493296623233
28.740000000000002,0.0026030611954155347
28.745,0.003014221711737264
28.75,0.003458399499232101
28.755,0.003935493673079549
28.76,0.004445088344214199
28.765,0.004986408762542638
28.77,0.005558280311646513
28.775000000000002,0.006159091662153671
28.78,0.006786763475801649
28.785,0.007438724080422787
28.79,0.008111893546658422
28.795,0.008802677531445369
28.8,0.009506972151800852
28.805,0.01022018096777444
28.810000000000002,0.010937244917574418
28.815,0.011652685740042301
28.82,0.012360663047996212
28.825,0.013055044798139903
28.830000000000002,0.013729490438716851
28.835,0.014377545524556723
28.84,0.014992746102969079
28.845,0.015568730689825117
28.85,0.016099357227417954
28.855,0.016578822044778008
28.86,0.017001777564033205
28.865000000000002,0.017363445333778316
28.87,0.017659720929017908
28.875,0.017887267363846604
28.88,0.01804359389991106
28.885,0.018127117527669157
28.89,0.0181372048936268
28.895,0.018074193075669598
28.900000000000002,0.0179393882980321
28.905,0.017735042424796177
28.91,0.01746430783398978
28.915,0.017131172006124018
28.92,0.016740373845792078
28.925,0.016297304344440988
28.93,0.01580789466552801
28.935000000000002,0.015278495078153043
28.94,0.014715748356579184
28.945,0.01412646130693318
28.95,0.01351747798786107
28.955000000000002,0.012895557950383107
28.96,0.012267262487508646
28.965,0.011638851437250963
28.97,0.011016192589892171
28.975,0.010404685207735298
28.98,0.009809198619528559
28.985,0.009234026317638921
28.990000000000002,0.008682855484682506
28.995,0.008158751436305067
29.0,0.007664156077368034
29.005,0.007200899171813546
29.01,0.006770220986124897
29.015,0.006372804720422565
29.02,0.00600881705400802
29.025000000000002,0.00567795511824265
29.03,0.005379498248039738
29.035,0.005112362953727967
29.04,0.004875159673193963
29.045,0.004666250018310336
29.05,0.004483803390976426
29.055,0.004325852020362397
29.060000000000002,0.004190343639377758
29.065,0.004075191190199945
29.07,0.00397831909387758
29.075,0.003897705762860859
29.080000000000002,0.003831422149005892
29.085,0.003777666221839615
29.09,0.0037347933494753516
29.095,0.003701342614723213
29.1,0.0036760591390138098
29.105,0.0036579125115276945
29.11,0.003646111428670648
29.115000000000002,0.0036401146445282796
29.12,0.0036396383185786745
29.125,0.003644659823949431
29.13,0.0036554180490339927
29.135,0.003672410197157916
29.14,0.003696385053931328
29.145,0.003728332664373557
29.150000000000002,0.003769470338154335
29.155,0.003821224882592844
29.16,0.0038852109592677486
29.165,0.003963205464004638
29.17,0.0040571178525445895
29.175,0.0041689563707389965
29.18,0.004300790205074456
29.185000000000002,0.004454707644702793
29.19,0.004632770442001721
29.195,0.004836964673343047
29.2,0.005069148537121038
29.205000000000002,0.005330997675246252
29.21,0.005623948767329523
29.215,0.0059491423192792325
29.22,0.006307365738457804
29.225,0.006698997956368302
29.23,0.007123957012453275
29.235,0.007581652139148076
29.240000000000002,0.008070941985209856
29.245,0.008590100660779143
29.25,0.009136793283122557
29.255,0.009708062632860504
29.26,0.010300328385064006
29.265,0.010909400169857975
29.27,0.011530505414132364
29.275000000000002,0.012158332556534646
29.28,0.012787089785518901
29.285,0.013410578964169417
29.29,0.01402228387211224
29.295,0.014615471353305765
29.3,0.015183303408669246
29.305,0.01571895777203025
29.310000000000002,0.016215754051401632
29.315,0.01666728215987945
29.32,0.01706752950245516
29.325,0.017411003263482883
29.330000000000002,0.01769284415927075
29.335,0.017908928186230355
29.34,0.01805595321233966
29.345,0.0181315077144788
29.35,0.01813411953131805
29.355,0.0180632831776677
29.36,0.017919464985311606
29.365000000000002,0.017704086100735594
29.37,0.017419484122555673
29.375,0.01706885485896592
29.38,0.0166561763346742
29.385,0.01618611768786593
29.39,0.01566393602038829
29.395,0.015095364522135668
29.400000000000002,0.014486495321374804
29.405,0.013843660498817911
29.41,0.01317331455775772
29.415,0.012481921383628247
29.42,0.01177584837432022
29.425,0.011061269995842338
29.43,0.010344082548833455
29.435000000000002,0.00962983143961793
29.44,0.008923651757157813
29.445,0.008230222489920891
29.45,0.007553734287313318
29.455000000000002,0.006897870289071406
29.46,0.006265799230444458
29.465,0.005660179778441687
29.47,0.005083174863598217
29.475,0.004536474654877054
29.48,0.00402132675513478
29.485,0.0035385721911040946
29.490000000000002,0.003088685796372559
29.495,0.0026718196685839857
29.5,0.0022878484655297626
29.505,0.0019364154343461948
29.51,0.0016169781892427793
29.515,0.0013288533870472463
29.52,0.0010712595843260786
29.525000000000002,0.0008433576829851575
29.53,0.0006442884876496358
29.535,0.0004732070039574765
29.54,0.0003293131953738815
29.545,0.00021187899226704499
29.55,0.00012027141146442322
29.555,5.397168701332111e-05
29.560000000000002,1.2590356401540048e-05
29.565,-4.121736616687728e-06
29.57,3.7334622454178457e-06
29.575,3.6204013220644815e-05
29.580000000000002,9.348666619501955e-05
29.585,0.00017592143577505048
29.59,0.00028398207130675424
29.595,0.00041826243794895746
29.6,0.0005794588363399189
29.605,0.0007683483099794053
29.61,0.0009857630232246173
29.615000000000002,0.001232560833237084
29.62,0.0015095922389889438
29.625,0.0018176639605318456
29.63,0.0021574994837729733
29.635,0.002529697011794063
29.64,0.0029346853680491947
29.645,0.003372678526320172
29.650000000000002,0.003843629567231943
29.655,0.004347184997588016
29.66,0.004882640497763546
29.665,0.005448899284585806
29.67,0.00604443438316693
29.675,0.006667256183224168
29.68,0.007314886699187895
29.685000000000002,0.007984341966977837
29.69,0.0086721239587213
29.695,0.009374223302323514
29.7,0.010086133923227436
29.705000000000002,0.010802880505131895
29.71,0.011519059360509232
29.715,0.012228892954343706
29.72,0.01292629790589217
29.725,0.013604965837973992
29.73,0.01425845596041242
29.735,0.014880297776581841
29.740000000000002,0.015464101825511278
29.745,0.016003675923258243
29.75,0.01649314398794388
29.755,0.016927064239762757
29.76,0.017300543371405297
29.765,0.01760934323360175
29.77,0.01784997664316279
29.775000000000002,0.01801978914923552
29.78,0.018117023944355992
29.785,0.01814086759546285
29.79,0.018091474871908986
29.795,0.017969971626051517
29.8,0.017778435426073713
29.805,0.017519854398081236
29.810000000000002,0.017198065479789193
29.815,0.016817673981478265
29.82,0.01638395695803041
29.825,0.015902753398531644
29.830000000000002,0.015380344601489071
29.835,0.014823328331484475
29.84,0.014238490420286354
29.845,0.013632677408850213
29.85,0.013012673607683212
29.855,0.012385085638484838
29.86,0.011756237089525001
29.865000000000002,0.011132075430595023
29.87,0.010518092800658962
29.875,0.009919261730672702
29.88,0.00933998632866917
29.885,0.008784068943935353
29.89,0.008254691873389675
29.895,0.007754413278224348
29.900000000000002,0.007285176156077711
29.905,0.006848328972866469
29.91,0.006444656386225489
29.915,0.006074418400192627
29.92,0.005737396261819683
29.925,0.005432943439625859
29.93,0.005160040106055419
29.935000000000002,0.004917349658670744
29.94,0.004703275965010079
29.945,0.004516020174026636
29.95,0.004353636113300752
29.955000000000002,0.00421408345938179
29.96,0.004095278038994898
29.965,0.003995138770894968
29.97,0.003911630900742757
29.975,0.003842805302306296
29.98,0.0037868337222934922
29.985,0.0037420399275631677
29.990000000000002,0.0037069267776290715
29.995,0.0036801992898107816
30.0,0.0036607837894571116
30.005,0.0036478432512528775
30.01,0.0036407889333328475
30.015,0.003639288394267021
30.02,0.0036432699604332167
30.025000000000002,0.0036529236833812706
30.03,0.0036686987965629525
30.035,0.0036912976475451664
30.04,0.003721666053363659
30.045,0.003760980000383274
30.05,0.00381062859201986
30.055,0.0038721931389185116
30.060000000000002,0.0039474222906634715
30.065,0.0040382031251651185
30.07,0.0041465281463155534
30.075,0.004274458194604591
30.080000000000002,0.004424081344891029
30.085,0.004597467959178481
30.09,0.004796622174531251
30.095,0.005023430234295745
30.1,0.005279606221520794
30.105,0.005566635911941731
30.11,0.005885719635161379
30.115000000000002,0.006237715205157812
30.12,0.006623082150174042
30.125,0.007041828627759372
30.13,0.007493462545145491
30.135,0.007976948504953896
30.14,0.008490672257359222
30.145,0.009032414340968131
30.150000000000002,0.009599334541036342
30.155,0.010187968663370128
30.16,0.010794238921825183
30.165,0.011413478955866196
30.17,0.012040474139865864
30.175,0.012669517425759835
30.18,0.013294480471941483
30.185000000000002,0.013908899296581012
30.19,0.014506073140267972
30.195,0.015079174681940088
30.2,0.01562136923634938
30.205000000000002,0.016125940091946234
30.21,0.01658641677648376
30.215,0.016996702752436477
30.22,0.01735119890216197
30.225,0.017644919149390148
30.23,0.01787359470676364
30.235,0.01803376372688348
30.240000000000002,0.018122843563595836
30.245,0.01813918339955478
30.25,0.018082095653923602
30.255,0.017951865295692926
30.26,0.017749736952438866
30.265,0.01747788045345544
30.27,0.01713933616866825
30.275000000000002,0.016737942150879093
30.28,0.016278245640982902
30.285,0.01576540192736786
30.29,0.015205063843694688
30.295,0.014603265342170602
30.3,0.013966302596813307
30.305,0.013300615958620199
30.310000000000002,0.012612675860538047
30.315,0.011908875418214393
30.32,0.011195432071591682
30.325,0.010478300136725238
30.330000000000002,0.009763095661647014
30.335,0.009055034470122791
30.34,0.008358883821390606
30.345,0.007678927658712809
30.35,0.0070189450444129164
30.355,0.006382201038348967
30.36,0.005771449020153696
30.365000000000002,0.005188943249637035
30.37,0.004636460329530578
30.375,0.0041153281583827805
30.38,0.0036264609425611383
30.385,0.003170398860639523
30.39,0.002747351041178625
30.395,0.002357240602485433
30.400000000000002,0.001999750624639418
30.405,0.001674370040630535
30.41,0.0013804385793902973
30.415,0.0011171900101603072
30.42,0.000883793080703299
30.425,0.0006793896459016402
30.43,0.0005031296011062114
30.435000000000002,0.00035420231899663257
30.44,0.00023186437439648433
30.445,0.0001354633991969556
30.45,6.445796720921937e-05
30.455000000000002,1.843343992764812e-05
30.46,-2.8862636786619253e-06
30.465,3.690056962837862e-07
30.47,2.821919220136193e-05
30.475,8.083348972068305e-05
30.48,0.00015852568492807917
30.485,0.00026174539596057755
30.490000000000002,0.0003910652175620477
30.495,0.0005471637982767952
30.5,0.0007308048937622047
30.505,0.0009428124734851551
30.51,0.0011840419923045964
30.515,0.0014553480024375176
30.52,0.0017575483395386726
30.525000000000002,0.0020913852066559713
30.53,0.002457483572294805
30.535,0.002856307410390002
30.54,0.0032881144299246046
30.545,0.003752910071836979
30.55,0.004250401684018357
30.555,0.004779953912414925
30.560000000000002,0.005340546480789854
30.565,0.00593073562646218
30.57,0.0065486205602400815
30.575,0.007191816361888925
30.580000000000002,0.007857434745545788
30.585,0.008542074090591711
30.59,0.009241820046099747
30.595,0.009952257865357694
30.6,0.010668497409380251
30.605,0.011385211477307422
30.61,0.012096687773080816
30.615000000000002,0.01279689441651044
30.62,0.013479558457117236
30.625,0.014138256367267843
30.63,0.014766514997884173
30.635,0.015357920995977992
30.64,0.01590623622776377
30.645,0.01640551635566112
30.650000000000002,0.01685022941195058
30.655,0.01723537098465755
30.66,0.017556572569141338
30.665,0.017810199661326465
30.67,0.017993436380379535
30.675,0.018104353730180378
30.68,0.018141959071670044
30.685000000000002,0.018106224967993967
30.69,0.01799809621898163
30.695,0.017819474650053735
30.7,0.017573181964806395
30.705000000000002,0.017262901730177305
30.71,0.016893102264504023
30.715,0.016468942825980548
30.72,0.015996166023477087
30.725,0.015480979760948088
30.73,0.014929932280203673
30.735,0.014349783962657625
30.740000000000002,0.013747379511361402
30.745,0.01312952393943334
30.75,0.012502865496802684
30.755,0.0118737882527995
30.76,0.01124831657559966
30.765,0.010632033225018489
30.77,0.010030012222244977
30.775000000000002,0.009446767123176159
30.78,0.008886214804263659
30.785,0.008351654404187059
30.79,0.00784576065854381
30.795,0.007370590526942777
30.8,0.006927601756933299
30.805,0.006517681841421208
30.810000000000002,0.006141185723611997
30.815,0.005797980558547522
30.82,0.005487495863169656
30.825,0.0052087774578879475
30.830000000000002,0.004960543711055365
30.835,0.004741242740772478
30.84,0.004549109388211292
30.845000000000002,0.004382220945965187
30.85,0.0042385507996032246
30.855,0.004116019307816465
30.86,0.004012541403763059
30.865000000000002,0.003926070544967075
30.87,0.003854638763420848
30.875,0.003796392675224469
30.88,0.0037496253950897174
30.885,0.003712804368117162
30.89,0.00368459517870412
30.895,0.003663881426073934
30.900000000000002,0.0036497807708713026
30.905,0.0036416572563245445
30.91,0.0036391299966619496
30.915,0.003642078305019711
30.92,0.0036506433070614963
30.925,0.003665226053523152
30.93,0.003686482115928813
30.935000000000002,0.0037153126171254325
30.94,0.0037528516225715514
30.945,0.00380044979856331
30.95,0.003859654232867271
30.955000000000002,0.0039321843151576275
30.96,0.004019903587803242
30.965,0.004124787512056471
30.970000000000002,0.0042488871402905914
30.975,0.004394288755618092
30.98,0.0045630696275242855
30.985,0.004757250139858726
30.990000000000002,0.0049787426756555675
30.995,0.005229297787565201
31.0,0.005510448340331209
31.005,0.005823452482193403
31.01,0.006169236474052653
31.015,0.006548338574544843
31.02,0.006960855340603089
31.025000000000002,0.007406391839285931
31.03,0.00788401737587563
31.035,0.00839222841129228
31.04,0.008928920355963044
31.045,0.009491369883097178
31.05,0.010076229290458372
31.055,0.010679534251437417
31.060000000000002,0.011296726030519011
31.065,0.011922688897641365
31.07,0.012551803064145162
31.075,0.013178012992092647
31.080000000000002,0.013794910410190653
31.085,0.014395830827918843
31.09,0.014973961791124424
31.095000000000002,0.0155224605997617
31.1,0.01603457873145686
31.105,0.01650378981739209
31.11,0.01692391771885582
31.115000000000002,0.017289261081067764
31.12,0.017594710700592486
31.125,0.01783585615847727
31.13,0.018009078432804415
31.135,0.018111625604689152
31.14,0.0181416693047467
31.145,0.018098340183478
31.150000000000002,0.017981741393747086
31.155,0.017792939831188903
31.16,0.01753393563422634
31.165,0.017207611171272674
31.17,0.016817661411632656
31.175,0.016368508142569738
31.18,0.0158652009536695
31.185000000000002,0.0153133082291248
31.19,0.014718801567070727
31.195,0.014087937084674707
31.2,0.013427136972438802
31.205000000000002,0.012742874436938223
31.21,0.012041564857423026
31.215,0.011329465576100262
31.220000000000002,0.010612586287436443
31.225,0.009896611506256647
31.23,0.00918683609662807
31.235,0.008488114370155841
31.240000000000002,0.007804822810271617
31.245,0.0071408360845133245
31.25,0.00649951566214213
31.255,0.005883710079856996
31.26,0.005295765683392517
31.265,0.004737546528584602
31.27,0.004210462041401186
31.275000000000002,0.003715501002989896
31.28,0.003253270447167722
31.285,0.002824038116605365
31.29,0.002427777205500803
31.295,0.002064212237679719
31.3,0.0017328650444907723
31.305,0.0014330999440788084
31.310000000000002,0.00116416735636804
31.315,0.0009252452127537225
31.32,0.0007154776446238742
31.325,0.0005340105398683459
31.330000000000002,0.00038002365355715995
31.335,0.0002527590412439995
31.34,0.00015154564814862104
31.345000000000002,7.581994304314832e-05
31.35,2.5142524641239006e-05
31.355,-7.893440056774143e-07
31.36,-2.1332935992149013e-06
31.365000000000002,2.1102485199597787e-05
31.37,6.905946636032168e-05
31.375,0.00014202490170162063
31.38,0.00024042382710454113
31.385,0.0003648069732742343
31.39,0.0005158346015148307
31.395,0.0006942563068506047
31.400000000000002,0.0009008868550628435
31.405,0.001136578162964419
31.41,0.0014021875783316595
31.415,0.0016985426868245668
31.42,0.002026402947819861
31.425,0.0023864185588333697
31.43,0.0027790870542325763
31.435000000000002,0.0032047082622490564
31.44,0.0036633383744320014
31.445,0.0041547440110161205
31.45,0.0046783572999764544
31.455000000000002,0.005233233115227165
31.46,0.0058180097259867836
31.465,0.006430874209558013
31.470000000000002,0.0070695340324054
31.475,0.007731196233415005
31.48,0.008412555617272943
31.485,0.009109793284057588
31.490000000000002,0.009818586689434028
31.495,0.010534132215678227
31.5,0.011251180971132868
31.505,0.011964088197686351
31.51,0.01266687627229146
31.515,0.013353310849126387
31.52,0.014016989209096664
31.525000000000002,0.014651439395592547
31.53,0.015250228219354511
31.535,0.015807075764364242
31.54,0.01631597360608339
31.545,0.01677130363724544
31.55,0.017167954152355946
31.555,0.017501429740157448
31.560000000000002,0.01776795155161892
31.565,0.017964544677496974
31.57,0.018089109672715153
31.575,0.018140475708200654
31.580000000000002,0.01811843338803243
31.585,0.01802374592607947
31.59,0.017858138098745258
31.595000000000002,0.017624263147851593
31.6,0.017325648558369267
31.605,0.016966622358353334
31.61,0.016552222226650315
31.615000000000002,0.016088090241723307
31.62,0.015580356520374039
31.625,0.015035515275222622
31.63,0.014460296944996287
31.635,0.013861540036693043
31.64,0.013246066152440505
31.645,0.012620561397145735
31.650000000000002,0.01199146696585629
31.655,0.011364881249630088
31.66,0.01074647527288164
31.665,0.010141422732697691
31.67,0.009554345363863348
31.675,0.008989273833261535
31.68,0.008449623891070956
31.685000000000002,0.007938187083183834
31.69,0.00745713498683287
31.695,0.0070080356510615616
31.7,0.006591880731580346
31.705000000000002,0.006209121684976893
31.71,0.005859713337615702
31.715,0.0055431631508788826
31.720000000000002,0.005258584569469704
31.725,0.005004752941736967
31.73,0.004780162637747054
31.735,0.004583084147292027
31.740000000000002,0.0044116201113189035
31.745,0.004263759410119583
31.75,0.00413742860476507
31.755,0.004030540185029352
31.76,0.003941037225205779
31.765,0.0038669341784691724
31.77,0.0038063536495132055
31.775000000000002,0.003757559076951855
31.78,0.003718983326087999
31.785,0.003689253245035551
31.79,0.003667210269494181
31.795,0.003651927177974801
31.8,0.0036427211031549306
31.805,0.003639162894519962
31.810000000000002,0.00364108290886863
31.815,0.003648573279433298
31.82,0.00366198668493134
31.825,0.003681931606581257
31.830000000000002,0.0037092640309888125
31.835,0.003745075529907993
31.84,0.00379067762504004
31.845000000000002,0.003847582335758215
31.85,0.0039174788044609166
31.855,0.004002205907696066
31.86,0.004103720789740528
31.865000000000002,0.004224063298974734
31.87,0.004365316374398631
31.875,0.004529562512702867
31.88,0.004718836550519967
31.885,0.0049350751207146715
31.89,0.005180063283980019
31.895,0.005455378991095827
31.900000000000002,0.005762336200708873
31.905,0.006101927648296979
31.91,0.006474768435632328
31.915,0.006881041768298957
31.92,0.00732044831551093
31.925,0.007792160779917623
31.93,0.008294785339437283
31.935000000000002,0.008826331651413
31.94,0.009384193075646863
31.945,0.009965138670331442
31.95,0.010565318345548746
31.955000000000002,0.011180282302113653
31.96,0.011805015562060817
31.965,0.01243398799411466
31.970000000000002,0.013061219778734312
31.975,0.013680361744892622
31.98,0.014284789474302784
31.985,0.014867709515545613
31.990000000000002,0.01542227552754838
31.995,0.01594171167397107
32.0,0.01641944019217334
32.005,0.016849209720795955
32.01,0.017225220794692575
32.015,0.017542244831652454
32.02,0.017795733038290962
32.025,0.01798191187972975
32.03,0.01809786214860054
32.035000000000004,0.018141579171192745
32.04,0.018112012302630376
32.045,0.01800908257096978
32.05,0.01783367806716285
32.055,0.017587627444100917
32.06,0.01727365262028968
32.065,0.01689530246441251
32.07,0.016456869828363807
32.075,0.01596329477075642
32.08,0.015420057162849332
32.085,0.014833062075744863
32.09,0.014208521407983454
32.095,0.013552835145716813
32.1,0.0128724754453593
32.105000000000004,0.01217387642946477
32.11,0.01146333219587703
32.115,0.01074690509535614
32.12,0.010030345846921307
32.125,0.009319026569880151
32.13,0.008617887321626938
32.135,0.007931396286398495
32.14,0.007263523340508726
32.145,0.006617726375399258
32.15,0.005996949464945445
32.155,0.005403631742705528
32.160000000000004,0.004839725691933694
32.165,0.004306723461603212
32.17,0.0038056897756497676
32.175,0.003337300015957112
32.18,0.002901882111379983
32.185,0.0024994609437065662
32.19,0.0021298040961905684
32.195,0.0017924678841714226
32.2,0.001486842747467243
32.205,0.0012121972095235911
32.21,0.0009677197439361684
32.215,0.0007525580060634418
32.22,0.0005658550033265097
32.225,0.0004067818706516846
32.230000000000004,0.0002745670071622186
32.235,0.0001685213950570752
32.24,8.805998075661625e-05
32.245,3.271903957828559e-05
32.25,2.1694751136946966e-06
32.255,-3.773971637249275e-06
32.26,1.4852381611647758e-05
32.265,5.816215291692961e-05
32.27,0.00012641577859801023
32.275,0.00022001328823206823
32.28,0.0003394829815336342
32.285000000000004,0.000485466024063852
32.29,0.0006586970021913441
32.295,0.0008599804953934864
32.3,0.0010901637686222543
32.305,0.0013501057306699593
32.31,0.0016406423701944561
32.315,0.0019625489589394363
32.32,0.0023164993995790084
32.325,0.0027030232047957625
32.33,0.0031224607089788137
32.335,0.0035749172399945905
32.34,0.004060217112128228
32.345,0.004577858431941806
32.35,0.005126969839379214
32.355000000000004,0.005706270418842863
32.36,0.006314034112932632
32.365,0.0069480600410827265
32.37,0.007605650148686749
32.375,0.008283595610841132
32.38,0.008978173328856087
32.385,0.009685153750421449
32.39,0.010399821032628154
32.395,0.011117006326795575
32.4,0.011831134622656947
32.405,0.012536285228115673
32.410000000000004,0.013226265503877954
32.415,0.013894697022411862
32.42,0.01453511281310682
32.425,0.015141063875191207
32.43,0.015706232664570052
32.435,0.016224550846722252
32.44,0.016690318257115422
32.445,0.017098319758748204
32.45,0.017443936560795237
32.455,0.017723248541869907
32.46,0.01793312428009841
32.465,0.01807129575135491
32.47,0.0181364150908081
32.475,0.018128091337928254
32.480000000000004,0.01804690573198542
32.485,0.01789440483812399
32.49,0.017673071529223705
32.495,0.017386274617706476
32.5,0.017038198645657587
32.505,0.016633756012176093
32.51,0.016178484174282914
32.515,0.01567843110472822
32.52,0.015140032492045208
32.525,0.014569984327888363
32.53,0.013975114531191934
32.535000000000004,0.013362257126331656
32.54,0.012738132228729881
32.545,0.012109234721467743
32.55,0.011481734048707892
32.555,0.01086138704413031
32.56,0.010253465163902575
32.565,0.009662696950865524
32.57,0.00909322602817042
32.575,0.008548584434251438
32.58,0.008031680678008968
32.585,0.007544801534834278
32.59,0.007089626311870489
32.595,0.006667252101257404
32.6,0.00627822840592529
32.605000000000004,0.005922599455816524
32.61,0.005599952531959218
32.615,0.005309470668523275
32.62,0.005049988200363842
32.625,0.00482004775474465
32.63,0.0046179574377811505
32.635,0.004441847137598209
32.64,0.004289723034768933
32.645,0.004159519586164784
32.65,0.004049148404702496
32.655,0.003956543612777086
32.660000000000004,0.00387970337443333
32.665,0.0038167274293450237
32.67,0.0037658505424020827
32.675,0.0037254718600805425
32.68,0.0036941802167793636
32.685,0.0036707754716925334
32.69,0.00365428597732792
32.695,0.003643982283992611
32.7,0.003639387179426641
32.705,0.0036402821432652555
32.71,0.0036467102734564494
32.715,0.003658975710423673
32.72,0.0036776395541863183
32.725,0.003703512237394846
32.730000000000004,0.0037376422898980355
32.735,0.003781301407007831
32.74,0.0038359657200088826
32.745,0.003903293163786792
32.75,0.003985096845563696
32.755,0.0040833143450740295
32.76,0.004199972917047212
32.765,0.004337150629028841
32.77,0.004496933547939008
32.775,0.004681369188928031
32.78,0.004892416561181889
32.785000000000004,0.005131893283461864
32.79,0.005401420394631984
32.795,0.005702365653013075
32.8,0.0060357862870485945
32.805,0.006402372334060047
32.81,0.006802391867523738
32.815,0.007235639561162799
32.82,0.007701390157677679
32.825,0.008198358495054237
32.83,0.008724667779929973
32.835,0.009277827773658487
32.84,0.009854724472472043
32.845,0.010451622702696284
32.85,0.01106418281097632
32.855000000000004,0.01168749232638433
32.86,0.01231611307226288
32.865,0.012944143768194749
32.87,0.01356529764852965
32.875,0.014172994098245795
32.88,0.014760462750199821
32.885,0.01532085795720306
32.89,0.015847381054584275
32.895,0.01633340739503808
32.9,0.016772614807699426
32.905,0.017159109898940983
32.910000000000004,0.017487548538305475
32.915,0.017753246913379428
32.92,0.017952279756840994
32.925,0.01808156269061101
32.93,0.018138916123874083
32.935,0.01812310873688716
32.94,0.01803387927063227
32.945,0.01787193607901827
32.95,0.017638934665200168
32.955,0.017337434165661136
32.96,0.016970834430587445
32.965,0.016543295974010164
32.97,0.016059645546800283
32.975,0.015525270478629949
32.980000000000004,0.01494600515204425
32.985,0.014328013073821921
32.99,0.013677667952318728
32.995,0.013001437021792128
33.0,0.012305769565099212
33.005,0.01159699321479124
33.01,0.010881220172780814
33.015,0.010164265012758023
33.02,0.009451575232844789
33.025,0.008748175241624523
33.03,0.008058623998440595
33.035000000000004,0.007386986111242777
33.04,0.006736815832336873
33.045,0.0061111530884208065
33.05,0.005512530445365371
33.055,0.004942989741367754
33.06,0.004404107006433122
33.065,0.0038970242467097904
33.07,0.00342248666464684
33.075,0.0029808839360239148
33.08,0.0025722942378445524
33.085,0.0021965298293045166
33.09,0.0018531831043206992
33.095,0.001541672167471475
33.1,0.0012612851159730099
33.105000000000004,0.0010112223421780975
33.11,0.0007906362952621038
33.115,0.0005986682522143294
33.12,0.0004344817500507858
33.125,0.0002972924197596205
33.13,0.0001863940305952827
33.135,0.00010118061574992954
33.14,4.116459372560666e-05
33.145,5.9908313034505445e-06
33.15,-4.553379382725615e-06
33.155,9.467551597037993e-06
33.160000000000004,4.813927678329333e-05
33.165,0.00011169516377224076
33.17,0.0002005098387491966
33.175,0.0003150886298182165
33.18,0.0004560529249431067
33.185,0.0006241214796860461
33.19,0.0008200877290325259
33.195,0.001044793197116256
33.2,0.0012990971402011553
33.205,0.001583842623769982
33.21,0.0018998193045440814
33.215,0.0022477232796473956
33.22,0.0026281144677628987
33.225,0.003041372099198192
33.230000000000004,0.003487649021989725
33.235,0.003966825656229744
33.24,0.004478464566266993
33.245,0.005021766748621204
33.25,0.005595530850268204
33.255,0.006198116634680062
33.26,0.006827414085687877
33.265,0.00748081957537039
33.27,0.008155220521715023
33.275,0.008846989899399915
33.28,0.009551991852347896
33.285000000000004,0.010265599479712506
33.29,0.010982725616681677
33.295,0.011697867124741634
33.3,0.012405162829548289
33.305,0.01309846482470789
33.31,0.013771422389588395
33.315,0.014417577281712113
33.32,0.015030468676467734
33.325,0.015603745540211378
33.33,0.016131283810423724
33.335,0.01660730537179944
33.34,0.017026495572039835
33.345,0.01738411583719568
33.35,0.017676107940374663
33.355000000000004,0.01789918657402012
33.36,0.018050917131873234
33.365,0.018129776006247766
33.37,0.01813519121022722
33.375,0.0180675617681203
33.38,0.017928255012968464
33.385,0.017719581679223495
33.39,0.017444749437586893
33.395,0.01710779625494041
33.4,0.016713505636374748
33.405,0.016267306390901126
33.410000000000004,0.01577516002950574
33.415,0.01524343923857785
33.42,0.014678801049925028
33.425,0.014088058373133094
33.43,0.013478053436834614
33.435,0.012855536456896743
33.44,0.012227052483705592
33.445,0.011598838954174795
33.45,0.010976735956582218
33.455,0.010366110687431984
33.46,0.009771797024953344
33.465,0.009198050615317754
33.47,0.008648519369018004
33.475,0.008126228824359316
33.480000000000004,0.007633581459618455
33.485,0.007172368729751355
33.49,0.006743794382884971
33.495,0.006348507456927166
33.5,0.005986643284865423
33.505,0.005657870819767652
33.51,0.005361444637348001
33.515,0.005096260061176139
33.52,0.004860909984508055
33.525,0.004653742106793146
33.53,0.004472915477005124
33.535000000000004,0.004316455401078834
33.54,0.004182305946529574
33.545,0.004068379441343861
33.55,0.0039726025127579945
33.555,0.0038929583524369704
33.56,0.0038275250079249368
33.565,0.0037745095999826006
33.57,0.003732278443583148
33.575,0.0036993831071243655
33.58,0.003674582485876987
33.585,0.003656860986535837
33.59,0.00364544292903575
33.595,0.0036398032653684187
33.6,0.0036396747007745693
33.605000000000004,0.0036450512775605542
33.61,0.0036561884547689216
33.615,0.003673599683992612
33.62,0.003698049450020724
33.625,0.0037305427174627592
33.63,0.0037723106986102817
33.635,0.0038247928431975886
33.64,0.0038896149447804618
33.645,0.003968563264667324
33.65,0.004063554597519392
33.655,0.004176602241185101
33.660000000000004,0.0043097778896079575
33.665,0.004465169546178593
33.67,0.004644835651413715
33.675,0.00485075573443261
33.68,0.005084778033859649
33.685,0.0053485646856881175
33.69,0.005643535236867336
33.695,0.0059708094174979465
33.7,0.006331150275535435
33.705,0.006724908944285346
33.71,0.007151972464905398
33.715,0.007611716213649089
33.72,0.008102962571147287
33.725,0.008623947523517472
33.730000000000004,0.009172296867689056
33.735,0.009745013625959587
33.74,0.010338478122850603
33.745,0.01094846196091126
33.75,0.011570156827470868
33.755,0.01219821869806026
33.76,0.01282682755590514
33.765,0.01344976225908212
33.77,0.014060489652614194
33.775,0.014652266475014386
33.78,0.015218252070834382
33.785000000000004,0.015751629410200252
33.79,0.016245731478250036
33.795,0.016694169732900832
33.8,0.017090961089479606
33.805,0.017430649772506968
33.81,0.017708420405433856
33.815,0.01792019888326024
33.82,0.01806273790332824
33.825,0.018133684487303015
33.83,0.0181316274063974
33.835,0.018056123097906607
33.84,0.01790769938795478
33.845,0.017687837100083925
33.85,0.017398930375158272
33.855000000000004,0.01704422723024379
33.86,0.016627752520292916
33.865,0.01615421597399802
33.87,0.015628908387562035
33.875,0.015057589310504937
33.88,0.01444636967712043
33.885,0.013801592817792141
33.89,0.013129717127892349
33.895,0.012437203407746011
33.9,0.011730409530773755
33.905,0.011015494664036396
33.910000000000004,0.010298334798321207
33.915,0.009584450845739667
33.92,0.008878950080632109
33.925,0.008186481225354925
33.93,0.007511203060968086
33.935,0.006856766064437636
33.94,0.0062263062625227406
33.945,0.005622450241631327
33.95,0.005047330071944245
33.955,0.004502606783454155
33.96,0.003989500973881732
33.965,0.0035088291174716346
33.97,0.0030610441845073666
33.975,0.002646279248348371
33.980000000000004,0.0022643928624042076
33.985,0.001915015099421602
33.99,0.001597593283933385
33.995,0.0013114365716977439
34.0,0.0010557586702022448
34.005,0.0008297181123237962
34.01,0.0006324556180388186
34.015,0.00046312817337135215
34.02,0.00032093955494416626
34.025,0.00020516709501994246
34.03,0.00011518454948777901
34.035000000000004,5.0480973054156664e-05
34.04,1.0675545961152944e-05
34.045,-4.471683048825974e-06
34.05,4.946845805622185e-06
34.055,3.8988737264961104e-05
34.06,9.786006349959964e-05
34.065,0.00018190967714359907
34.07,0.00029161942097821747
34.075,0.000427590249681975
34.08,0.0005905242919661546
34.085,0.0007812029055038749
34.09,0.001000460808109338
34.095,0.001249156413372976
34.1,0.001528138557048031
34.105000000000004,0.0018382098712690365
34.11,0.002180087151701926
34.115,0.0025543591592747106
34.12,0.0029614424158843633
34.125,0.003401535671866185
34.13,0.0038745738567360632
34.135,0.004380182456230841
34.14,0.004917633389155185
34.145,0.005485803580182136
34.15,0.006083137525607185
34.155,0.006707615234196496
34.160000000000004,0.007356726961802451
34.165,0.008027456174669823
34.17,0.00871627211317616
34.175000000000004,0.009419133239816802
34.18,0.010131502672983572
34.185,0.010848376485757427
34.19,0.011564325442648737
34.195,0.012273550391117993
34.2,0.01296995110391208
34.205,0.013647207913489723
34.21,0.014298874993304622
34.215,0.014918483642169633
34.22,0.015499653456615192
34.225,0.01603620882609036
34.230000000000004,0.016522297817950005
34.235,0.016952510221873496
34.24,0.017321991348701715
34.245,0.017626548121164376
34.25,0.01786274408102173
34.255,0.018027980161640755
34.26,0.018120558441374612
34.265,0.018139726589637917
34.27,0.018085701321339798
34.275,0.01795966986230013
34.28,0.017763769174976574
34.285000000000004,0.017501043445761866
34.29,0.017175381085934305
34.295,0.016791433183314552
34.300000000000004,0.01635451593882209
34.305,0.015870500131065057
34.31,0.015345690984350568
34.315,0.014786702056571954
34.32,0.014200326798679441
34.325,0.013593411381169318
34.33,0.012972732143953891
34.335,0.012344880706869787
34.34,0.011716159347642474
34.345,0.011092488757359575
34.35,0.010479329752559607
34.355000000000004,0.009881619972297528
34.36,0.009303726051932415
34.365,0.008749411263725193
34.37,0.008221818154495963
34.375,0.007723465331721968
34.38,0.007256257220429774
34.385,0.006821505386614746
34.39,0.0064199598457914675
34.395,0.006051848698646722
34.4,0.005716924398322831
34.405,0.00541451499922907
34.410000000000004,0.005143578810324456
34.415,0.004902761000968425
34.42,0.004690450849761163
34.425000000000004,0.004504838494363561
34.43,0.004343970208811498
34.435,0.004205801409037591
34.44,0.004088246753061853
34.445,0.003989226856041306
34.45,0.003906711280442288
34.455,0.0038387575815805874
34.46,0.0037835462925024377
34.465,0.00373941181019366
34.47,0.003704869211055062
34.475,0.0036786370638306476
34.480000000000004,0.0036596563342539135
34.485,0.0036471054872900255
34.49,0.0036404118890364656
34.495,0.003639259595674127
34.5,0.0036435935968703453
34.505,0.0036536205502174512
34.51,0.0036698060147943856
34.515,0.003692868157788798
34.52,0.003723767879698192
34.525,0.00376369527842213
34.53,0.0038140523545644456
34.535000000000004,0.0038764318530648545
34.54,0.003952592139434774
34.545,0.004044428029926106
34.550000000000004,0.004153937528654339
34.555,0.004283184479233704
34.56,0.004434257212139414
34.565,0.0046092233610854905
34.57,0.004810081136229272
34.575,0.005038707471932469
34.58,0.005296803617197199
34.585,0.005585838897600226
34.59,0.005906993547062811
34.595,0.006261101682884629
34.6,0.006648595663749646
34.605000000000004,0.007069453225339473
34.61,0.0075231489229317106
34.615,0.008008611503633745
34.62,0.00852418889416029
34.625,0.009067622481417459
34.63,0.009636032312712928
34.635,0.010225914698693828
34.64,0.010833153505707571
34.645,0.011453046130029065
34.65,0.012080344794068054
34.655,0.012709313373289177
34.660000000000004,0.013333799478914443
34.665,0.013947320995441714
34.67,0.014543165727509688
34.675000000000004,0.015114502263326557
34.68,0.015654499650658238
34.685,0.016156453021569206
34.69,0.016613911927557012
34.695,0.017020807875582022
34.7,0.01737157742288531
34.705,0.017661277173878887
34.71,0.017885687193917477
34.715,0.01804139963018514
34.72,0.01812588978373242
34.725,0.018137567427594092
34.730000000000004,0.01807580682624632
34.735,0.017940954630688566
34.74,0.017734315589102323
34.745,0.01745811675543507
34.75,0.017115451604798437
34.755,0.01671020609924767
34.76,0.016246969294869018
34.765,0.01573093150651772
34.77,0.015167773323813805
34.775,0.014563548926695091
34.78,0.013924567144282918
34.785000000000004,0.013257273574030393
34.79,0.01256813683380642
34.795,0.011863541673410083
34.800000000000004,0.011149691259646488
34.805,0.010432520475760043
34.81,0.009717621593626546
34.815,0.00901018317855673
34.82,0.00831494261655763
34.825,0.007636152219593129
34.83,0.006977558477059276
34.835,0.006342393695064175
34.84,0.005733379007331507
34.845,0.005152737543793862
34.85,0.004602216411759841
34.855000000000004,0.004083116077620019
34.86,0.003596325715841786
34.865,0.003142363123624037
34.87,0.0027214178659500377
34.875,0.002333396406788424
34.88,0.001977968104855954
34.885,0.0016546110694442007
34.89,0.0013626570151354933
34.895,0.0011013343777004359
34.9,0.0008698090856644747
34.905,0.0006672224975536878
34.910000000000004,0.0004927261196934207
34.915,0.00034551281300365666
34.92,0.00022484427557589726
34.925000000000004,0.0001300746475576542
34.93,6.06701402920129e-05
34.935,1.6224623949623318e-05
34.94,-3.5288627840855333e-06
34.945,1.289298260792604e-06
34.95,3.070860888212956e-05
34.955,8.490764623381164e-05
34.96,0.0001642091459874706
34.965,0.0002690709789114898
34.97,0.0004000730369115857
34.975,0.0005579000520425925
34.980000000000004,0.0007433203971904945
34.985,0.0009571609427609928
34.99,0.0012002780919830869
34.995,0.001473525165347489
35.0,0.001777716379431027
35.005,0.0021135877464733
35.01,0.002481755317678136
35.015,0.002882671307318674
35.02,0.0033165787501214794
35.025,0.00378346548228059
35.03,0.004283018359508617
35.035000000000004,0.00481457876692204
35.04,0.005377100589317507
35.045,0.005969111928196824
35.050000000000004,0.0065886819260843055
35.055,0.0072333941224762555
35.06,0.007900327765852921
35.065,0.008586048481468822
35.07,0.00928660958825489
35.075,0.009997565214909798
35.08,0.010713996135365278
35.085,0.011430548960827736
35.09,0.012141488976077142
35.095,0.012840766499330414
35.1,0.01352209619290079
35.105000000000004,0.014179048273625483
35.11,0.014805150070774431
35.115,0.015393995904041446
35.12,0.015939362794735956
35.125,0.016435329141469168
35.13,0.01687639317748335
35.135,0.01725758782827569
35.14,0.017574588507265787
35.145,0.017823810447133326
35.15,0.018002492362512612
35.155,0.018108763581729193
35.160000000000004,0.018141692256236297
35.165,0.018101312843150197
35.17,0.01798863173219445
35.175000000000004,0.017805610618637502
35.18,0.01755512798965242
35.185,0.01724091983494702
35.19,0.016867501393065254
35.195,0.016440072372851944
35.2,0.015964408595181112
35.205,0.015446743391038353
35.21,0.014893642327688639
35.215,0.014311874929759938
35.22,0.013708287001861663
35.225,0.013089676971745234
35.230000000000004,0.01246267935329115
35.235,0.011833658025743432
35.24,0.011208611534559765
35.245,0.010593092094616452
35.25,0.009992139428138813
35.255,0.009410230026851707
35.26,0.008851241917614772
35.265,0.008318434546961129
35.27,0.007814442996902926
35.275,0.007341285415680687
35.28,0.006900382289170892
35.285000000000004,0.006492586005839129
35.29,0.006118219060859076
35.295,0.005777119209469106
35.300000000000004,0.005468689905645974
35.305,0.005191954432481438
35.31,0.004945612246348929
35.315,0.004728096198159726
35.32,0.0045376294550365515
35.325,0.004372281119803034
35.33,0.004230019715111055
35.335,0.0041087638684658145
35.34,0.004006429691107094
35.345,0.003920974485888795
35.35,0.0038504365432414644
35.355000000000004,0.003792970891292047
35.36,0.003746880949404119
35.365,0.003710646101837356
35.37,0.0036829452533081453
35.375,0.003662676457913072
35.38,0.0036489727255480386
35.385,0.0036412141090874477
35.39,0.0036390361646368866
35.395,0.003642334854565235
35.4,0.003651267938331315
35.405,0.00366625286195843
35.410000000000004,0.0036879611287411462
35.415,0.003717309100691568
35.42,0.0037554451550396717
35.425000000000004,0.0038037331014781905
35.43,0.003863731755455735
35.435,0.003937170563858228
35.44,0.004025921197718052
35.445,0.004131965057462494
35.45,0.004257356685595681
35.455,0.004404183154006702
35.46,0.004574519579771952
35.465,0.0047703810337900165
35.47,0.004993671235784092
35.475,0.00524612857313933
35.480000000000004,0.005529270141682474
35.485,0.005844334675847662
35.49,0.006192225406921992
35.495,0.006573454060367467
35.5,0.006988087359049544
35.505,0.00743569753715434
35.51,0.007915318475983923
35.515,0.008425409135607964
35.52,0.008963825969981798
35.525,0.00952780596345093
35.53,0.010113961806101912
35.535000000000004,0.010718290537237607
35.54,0.011336196709528679
35.545,0.011962530786245651
35.550000000000004,0.012591643065302804
35.555,0.013217452949451314
35.56,0.013833532863387177
35.565,0.014433205572437657
35.57,0.015009653113772004
35.575,0.015556035028019721
35.58,0.016065613104863985
35.585,0.01653187947245982
35.59,0.016948684557732463
35.595,0.01731036129227448
35.6,0.01761184189881959
35.605000000000004,0.017848763728601114
35.61,0.018017560877240157
35.615,0.01811553872977356
35.62,0.0181409291165906
35.625,0.018092924405969768
35.63,0.017971689571325555
35.635,0.01777835202567246
35.64,0.017514969771461608
35.645,0.017184479140674114
35.65,0.016790624059385806
35.655,0.016337869330339316
35.660000000000004,0.01583130088459228
35.665,0.015276516250217753
35.67,0.01467950867206369
35.675000000000004,0.014046548335223008
35.68,0.013384064042156751
35.685,0.012698528472711246
35.69,0.01199634982159381
35.695,0.011283772210095577
35.7,0.01056678680532741
35.705,0.009851055094898697
35.71,0.009141845270256965
35.715,0.008443982193284683
35.72,0.007761810981822492
35.725,0.007099173847263884
35.730000000000004,0.006459399483434325
35.735,0.005845304037798371
35.74,0.005259202474256597
35.745,0.004702929012225354
35.75,0.004177865230371225
35.755,0.003684974406816366
35.76,0.0032248406826873577
35.765,0.002797711699722427
35.77,0.0024035434493701047
35.775,0.0020420461860179984
35.78,0.0017127303794826076
35.785000000000004,0.0014149518166202135
35.79,0.0011479550929722748
35.795,0.0009109148640162879
35.800000000000004,0.0007029743454405324
35.805,0.0005232806586303873
35.81,0.00037101671348427345
35.815,0.00024542940149618886
35.82,0.00014585393590194062
35.825,7.17342314851821e-05
35.83,2.2639251976819263e-05
35.835,-1.7247140883559775e-06
35.84,-1.5058741594398822e-06
35.845,2.329714190012211e-05
35.85,7.283524422802001e-05
35.855000000000004,0.00014740473464414094
35.86,0.0002474390521092218
35.865,0.0003734964228707671
35.87,0.0005262434389683435
35.875,0.0007064346057545912
35.88,0.0009148879304397006
35.885,0.001152456661072776
35.89,0.0014199973385702336
35.895,0.0017183343915245786
35.9,0.0020482215826724826
35.905,0.0024103007131479615
35.910000000000004,0.0028050580966700878
35.915,0.0032327794360895723
35.92,0.0036935038654046792
35.925000000000004,0.004186978046890388
35.93,0.0047126113539270875
35.935,0.005269433285503666
35.94,0.005856054379936637
35.945,0.006470631975862062
35.95,0.007110842236143
35.955,0.00777385986114254
35.96,0.00845634690346131
35.965,0.009154451995819102
35.97,0.009863821181792076
35.975,0.010579621309428688
35.980000000000004,0.01129657668982631
35.985,0.012009019374634278
35.99,0.012710953011570325
35.995,0.013396129796106493
36.0,0.01405813955578239
36.005,0.014690509511417815
36.01,0.015286812771602598
36.015,0.015840783160918193
36.02,0.01634643357307297
36.025,0.016798174723444248
36.03,0.017190930941985982
36.035000000000004,0.017520249555893486
36.04,0.01778240043047674
36.045,0.017974462423588022
36.050000000000004,0.018094393809143128
36.055,0.01814108418778204
36.06,0.01811438595812831
36.065,0.0180151240885138
36.07,0.017845083654215443
36.075,0.017606975358830823
36.08,0.017304380018195786
36.085,0.016941673690880066
36.09,0.016523935782593924
36.095,0.01605684298828436
36.1,0.015546552340435227
36.105000000000004,0.014999576907932521
36.11,0.014422657800466254
36.115,0.013822636112188036
36.12,0.013206328263514422
36.125,0.012580407913628022
36.13,0.011951297217180468
36.135,0.01132506972987457
36.14,0.010707366743137214
36.145,0.010103328283122437
36.15,0.009517539462649438
36.155,0.008953992360318352
36.160000000000004,0.00841606312231491
36.165,0.007906503570236367
36.17,0.007427446255011461
36.175000000000004,0.006980421624319888
36.18,0.006566385784321227
36.185,0.006185757212554321
36.19,0.005838460740118734
36.195,0.005523977122733115
36.2,0.00524139659755285
36.205,0.0049894749183483356
36.21,0.004766690506955662
36.215,0.004571301513145443
36.22,0.004401401746142675
36.225,0.004254974614279483
36.230000000000004,0.004129944377007533
36.235,0.004024224175300795
36.24,0.003935760448507963
36.245,0.0038625734758426233
36.25,0.0038027938907161385
36.255,0.003754695101785277
36.26,0.0037167216267853798
36.265,0.0036875133946646654
36.27,0.0036659261019968414
36.275,0.0036510477269683372
36.28,0.0036422113060065806
36.285000000000004,0.0036390040666278187
36.29,0.00364127299305941
36.295,0.003649126872244113
36.300000000000004,0.0036629348400363804
36.305,0.003683321413518237
36.31,0.003711157965804457
36.315,0.003747550572368308
36.32,0.003793824135861712
36.325,0.0038515026874867964
36.33,0.003922285759442534
36.335,0.004008020738023976
36.34,0.004110671136454691
36.345,0.004232280771379493
36.35,0.004374933895358701
36.355000000000004,0.004540711420757404
36.36,0.004731643478582015
36.365,0.0049496586787398655
36.37,0.005196530581786263
36.375,0.005473822049550492
36.38,0.005782828309339294
36.385,0.006124519738330392
36.39,0.006499485548580708
36.395,0.006907879709656228
36.4,0.007349370591857252
36.405,0.007823095922901757
36.410000000000004,0.008327624724476124
36.415,0.008860927918298955
36.42,0.00942035925240603
36.425000000000004,0.01000264809677276
36.43,0.010603905473661968
36.435,0.011219644438131837
36.44,0.01184481558579975
36.445,0.01247385806855661
36.45,0.013100766027516642
36.455,0.013719169844858214
36.46,0.014322431074216269
36.465,0.014903749356129481
36.47,0.01545627910755698
36.475,0.015973253278559696
36.480000000000004,0.01644811107180999
36.485,0.0168746262005115
36.49,0.017247032076674884
36.495,0.017560140262808943
36.5,0.01780944861671685
36.505,0.017991235804181827
36.51,0.018102639233156026
36.515,0.01814171398970643
36.52,0.01810747097022869
36.525,0.017999893112197185
36.53,0.017819929373324328
36.535000000000004,0.017569466865985817
36.54,0.01725128229173123
36.545,0.016868974490598987
36.550000000000004,0.01642688050512575
36.555,0.015929978030971625
36.56,0.015383777461302373
36.565,0.014794206930755394
36.57,0.01416749382137894
36.575,0.013510046109228568
36.58,0.012828336729086232
36.585,0.012128793821851502
36.59,0.011417699342640475
36.595,0.010701098048482294
36.6,0.009984718410560589
36.605000000000004,0.009273906491145567
36.61,0.008573573352819608
36.615,0.007888156108371902
36.62,0.007221592321101866
36.625,0.006577307111346187
36.63,0.0059582120412393635
36.635,0.005366714630318015
36.64,0.0048047371991692955
36.645,0.004273743647349448
36.65,0.003774772733736498
36.655,0.003308476442317243
36.660000000000004,0.0028751620677569534
36.665,0.0024748367419720196
36.67,0.002107253229122641
36.675000000000004,0.0017719559433579946
36.68,0.0014683262708725664
36.685,0.0011956264150683182
36.69,0.0009530411098497282
36.695,0.0007397166685172429
36.7,0.0005547969459880342
36.705,0.0003974558905948111
36.71,0.00026692644104286956
36.715,0.0001625255988830232
36.72,8.367555527399873e-05
36.725,2.9920798382321312e-05
36.730000000000004,9.411533524704419e-07
36.735,-3.439270165128596e-06
36.74,1.6752765400016023e-05
36.745,6.164035720251926e-05
36.75,0.00013149308386944947
36.755,0.0002267195193017546
36.76,0.0003478556480729367
36.765,0.0004955492046809784
36.77,0.0006705399703677006
36.775,0.0008736360977010804
36.78,0.001105686558390051
36.785000000000004,0.001367549871162943
36.79,0.001660059323260299
36.795,0.001983984978295439
36.800000000000004,0.00233999285876596
36.805,0.0027286017932883766
36.81,0.0031501385386887293
36.815,0.0036046919136030198
36.82,0.004092066811960393
36.825,0.004611739098292489
36.83,0.005162812510903336
36.835,0.00574397882016342
36.84,0.0063534825758413405
36.845,0.006989091848023321
36.85,0.007648076393799386
36.855000000000004,0.008327194661688964
36.86,0.009022690976077996
36.865,0.009730304113027444
36.87,0.010445288279864684
36.875,0.011162447251031438
36.88,0.0118761820853166
36.885,0.012580552461688654
36.89,0.013269351237202187
36.895,0.013936191354684269
36.9,0.01457460373742947
36.905,0.015178144319069276
36.910000000000004,0.01574050788624959
36.915,0.016255646003099145
36.92,0.016717885936976984
36.925000000000004,0.017122047269104712
36.93,0.017463552739911847
36.935,0.017738529888667642
36.94,0.01794390019293246
36.945,0.018077452698449292
36.95,0.018137899562681525
36.955,0.018124911469520555
36.96,0.018039131529214103
36.965,0.01788216698447087
36.97,0.017656558803821554
36.975,0.01736572999736552
36.980000000000004,0.017013914212213876
36.985,0.0166060668226109
36.99,0.01614776128557338
36.995,0.01564507396589576
37.0,0.015104460934566077
37.005,0.014532630385879486
37.01,0.013936414322238022
37.015,0.01332264300776842
37.02,0.012698025426388426
37.025,0.012069038598248483
37.03,0.0114418281516393
37.035000000000004,0.010822122032639214
37.04,0.010215158688694714
37.045,0.009625630518392825
37.050000000000004,0.009057642850915926
37.055,0.008514688240399693
37.06,0.007999635429314367
37.065,0.007514731977380507
37.07,0.007061619272963782
37.075,0.006641358431117794
37.08,0.006254465460063585
37.085,0.0059009540088741375
37.09,0.005580384018191609
37.095,0.0052919146479322166
37.1,0.005034359956914258
37.105000000000004,0.004806245942137188
37.11,0.004605867699857491
37.115,0.0044313456394879935
37.12,0.004280679853611247
37.125,0.004151801919682008
37.13,0.004042623566521186
37.135,0.00395108179221948
37.14,0.003875180145656021
37.145,0.0038130260025208695
37.15,0.0037628637540358945
37.155,0.003723103903739533
37.160000000000004,0.003692348118285116
37.165,0.0036694103154832902
37.17,0.0036533338897994094
37.175000000000004,0.003643405181074519
37.18,0.003639163283560624
37.185,0.0036404062747227364
37.19,0.003647193918285191
37.195,0.003659846865607941
37.2,0.00367894234881061
37.205,0.003705306326346358
37.21,0.0037400020151294733
37.215,0.0037843147202953897
37.22,0.0038397328605261904
37.225,0.003907925083762809
37.230000000000004,0.003990713378887456
37.235,0.004090042115421966
37.24,0.004207942985474666
37.245,0.004346495886373702
37.25,0.004507785860881519
37.255,0.00469385631920094
37.26,0.0049066588820601
37.265,0.005148000329171509
37.27,0.005419487288721214
37.275,0.005722469470798686
37.28,0.006057982419811481
37.285000000000004,0.0064266909334218525
37.29,0.006828834457316191
37.295,0.007264175913434201
37.300000000000004,0.007731955536176116
37.305,0.00823085137326629
37.31,0.008758948140474843
37.315,0.009313716093576119
37.32,0.009892001490083402
37.325,0.010490030048309507
37.33,0.011103424569384401
37.335,0.011727237571033555
37.34,0.012355999390400996
37.345,0.012983781759384527
37.35,0.013604276353056832
37.355000000000004,0.014210887267882555
37.36,0.014796835848631673
37.365,0.015355275737611862
37.37,0.01587941553430383
37.375,0.016362646024113303
37.38,0.01679866860771284
37.385,0.01718162134216783
37.39,0.01750619893115868
37.395,0.01776776306353156
37.4,0.017962439714217737
37.405,0.018087200387171265
37.410000000000004,0.018139924763914905
37.415,0.01811944284000333
37.42,0.01802555530449723
37.425000000000004,0.017859031679286375
37.43,0.01762158647849077
37.435,0.01731583440100337
37.44,0.016945226249013956
37.445,0.01651396787437065
37.45,0.01602692494219582
37.455,0.015489516668964143
37.46,0.014907601914057267
37.465,0.014287361086132933
37.47,0.013635177271581256
37.475,0.012957519803130424
37.480000000000004,0.012260833207410116
37.485,0.011551434076004341
37.49,0.010835417980228357
37.495,0.010118578053454286
37.5,0.009406336384664371
37.505,0.008703688871225523
37.51,0.008015163725186625
37.515,0.007344793412578099
37.52,0.0066960994438094446
37.525,0.006072089133397185
37.53,0.005475263220928284
37.535000000000004,0.004907633071560724
37.54,0.0043707460768089845
37.545,0.0038657178256968905
37.550000000000004,0.0033932696244818317
37.555,0.0029537699858410704
37.56,0.0025472787907974137
37.565,0.0021735929301618384
37.57,0.001832292353708631
37.575,0.0015227855867099294
37.58,0.001244353904849671
37.585,0.000996193490835573
37.59,0.0007774550176784523
37.595,0.0005872802165818314
37.6,0.0004248350878368612
37.605000000000004,0.000289339497005936
37.61,0.00018009297508125854
37.615,9.64965896904646e-05
37.62,3.807081097984e-05
37.625,4.469314193494139e-06
37.63,-4.5113035895142164e-06
37.635,1.107408773873969e-05
37.64,5.132065417137732e-05
37.645,0.0001164709885377313
37.65,0.00020690839311243714
37.655,0.00032314606182937133
37.660000000000004,0.00046581217986196854
37.665,0.0006356309744242061
37.67,0.000833399776042576
37.675000000000004,0.0010599621829041617
37.68,0.0013161774712857621
37.685,0.001602886453063057
37.69,0.0019208740602154606
37.695,0.0022708290212465343
37.7,0.0026533011036100618
37.705,0.0030686565068993588
37.71,0.0035170321189461617
37.715,0.003998289480410477
37.72,0.004511969431383989
37.725,0.005057248548805404
37.730000000000004,0.0056328985947260435
37.735,0.0062372502995007295
37.74,0.006868162871006334
37.745,0.0075230006629993795
37.75,0.008198618418237658
37.755,0.008891356449893806
37.76,0.009597047001104642
37.765,0.01031103283349566
37.77,0.011028198858479499
37.775,0.011743017294392644
37.78,0.012449606468624808
37.785000000000004,0.013141802951540882
37.79,0.013813246239397614
37.795,0.014457474719105079
37.800000000000004,0.015068031148835814
37.805,0.01563857542260294
37.81,0.016163001954247136
37.815,0.016635558663285366
37.82,0.01705096427945918
37.825,0.017404520530647005
37.83,0.017692215764412822
37.835,0.017910816667992435
37.84,0.018057945013062238
37.845,0.01813213675953307
37.85,0.018132881366703657
37.855000000000004,0.018060639794953204
37.86,0.017916840386313027
37.865,0.017703852557445998
37.87,0.01742493900156461
37.875,0.01708418782948229
37.88,0.016686426739276783
37.885,0.01623712190121296
37.89,0.01574226468105877
37.895,0.015208249667477247
37.9,0.014641747629145385
37.905,0.01404957706444776
37.910000000000004,0.013438577881043301
37.915,0.012815490498962134
37.92,0.01218684331126596
37.925000000000004,0.011558850988674152
37.93,0.010937325611386939
37.935,0.010327602064233332
37.94,0.00973447859297849
37.945,0.009162172877758223
37.95,0.008614293496989944
37.955,0.008093826209183419
37.96,0.007603134114102517
37.965,0.007143970452883508
37.97,0.006717502588312385
37.975,0.006324345562500611
37.980000000000004,0.00596460355395223
37.985,0.005637917548254379
37.99,0.005343517584792679
37.995,0.005080278031440955
38.0,0.004846774467981874
38.005,0.0046413409110899195
38.01,0.004462126279099365
38.015,0.004307149167511959
38.02,0.004174350179201092
38.025,0.0040616412143652525
38.03,0.003966951277712294
38.035000000000004,0.0038882684955225955
38.04,0.00382367814959661
38.045,0.0037713966341157423
38.050000000000004,0.003729801316642023
38.055,0.003697456340794991
38.06,0.0036731344495070095
38.065,0.003655834925548662
38.07,0.0036447977559661837
38.075,0.0036395141198822863
38.08,0.003639733282937589
38.085,0.003645465957459154
38.09,0.0036569841595358588
38.095,0.00367481756096677
38.1,0.0036997463033289213
38.105000000000004,0.003732790213645476
38.11,0.0037751943340862404
38.115,0.0038284106685360086
38.12,0.0038940760378958217
38.125,0.003973985947811176
38.13,0.004070064394535944
38.135,0.0041843295734285135
38.14,0.0043188555155389
38.145,0.0044757297528033035
38.15,0.00465700721392448
38.155,0.004864660668117082
38.160000000000004,0.005100528172203411
38.165,0.005366258127041945
38.17,0.00566325271439716
38.175000000000004,0.005992610657971298
38.18,0.006355070421621534
38.185,0.006750955128111968
38.19,0.007180120627161557
38.195,0.007641908269807374
38.2,0.008135104032792384
38.205,0.00865790568051139
38.21,0.009207899637658556
38.215,0.00978204916741987
38.22,0.01037669529956986
38.225,0.010987571724747625
38.230000000000004,0.011609834569664912
38.235,0.012238107587428715
38.24,0.012866542859327978
38.245,0.013488896599845646
38.25,0.014098619131829082
38.255,0.014688957545775594
38.26,0.015253069020499055
38.265,0.01578414227578051
38.27,0.016275524195044966
38.275,0.016720848296678525
38.28,0.017114161501318392
38.285000000000004,0.01745004553369256
38.29,0.01772372933418609
38.295,0.017931189043807194
38.300000000000004,0.018069232464952734
38.305,0.01813556535681471
38.31,0.018128837529140185
38.315,0.01804866735757571
38.32,0.017895644088945062
38.325,0.017671308063164304
38.33,0.01737810972223741
38.335,0.01701934898065005
38.34,0.016599097150375997
38.345,0.016122104129596693
38.35,0.015593693953821486
38.355000000000004,0.015019652055269006
38.36,0.01440610769205719
38.365,0.013759414968230743
38.37,0.013086035713936184
38.375,0.012392427217172042
38.38,0.01168493743801946
38.385,0.01096970990262136
38.39,0.010252599998921141
38.395,0.009539103908199564
38.4,0.008834300907683001
38.405,0.008142809326294298
38.410000000000004,0.00746875600204433
38.415,0.006815758724243892
38.42,0.0061869208314195845
38.425000000000004,0.0055848368898576695
38.43,0.005011608204473106
38.435,0.0044688667904821955
38.44,0.00395780638721277
38.445,0.003479219081611973
38.45,0.003033536156627825
38.455,0.0026208718462008562
38.46,0.0022410687849188093
38.465,0.0018937440573187914
38.47,0.0015783348784941253
38.475,0.0012941430763615536
38.480000000000004,0.001040377672274051
38.485,0.0008161949821579029
38.49,0.0006207357787380019
38.495,0.0004531591527872081
38.5,0.0003126728022798675
38.505,0.00019855955432834804
38.51,0.00011019998025857403
38.515,4.709101576380603e-05
38.52,8.860527606839586e-06
38.525,-4.722203495525389e-06
38.53,6.259898208911541e-06
38.535000000000004,4.1873975864886726e-05
38.54,0.00010233540074594538
38.545,0.0001880018244531101
38.550000000000004,0.0002993631270880037
38.555,0.0004370272800695574
38.56,0.0006017021516788734
38.565,0.000794173308918289
38.57,0.001015277903095857
38.575,0.0012658747694525019
38.58,0.001546810931764675
38.585,0.0018588847744505088
38.59,0.00220280623079816
38.595,0.002579154441001208
38.6,0.002988333440063329
38.605000000000004,0.003430526568532599
38.61,0.003905650419040896
38.615,0.004413309276902311
38.62,0.004952751131121147
38.625,0.00552282646159874
38.63,0.006121951105351187
38.635,0.006748074586463204
38.64,0.007398655333243909
38.645,0.008070644210238953
38.65,0.00876047774003652
38.655,0.0094640822811769
38.660000000000004,0.01017689025882973
38.665,0.010893869303902903
38.67,0.011609564857476329
38.675000000000004,0.012318156427593152
38.68,0.013013527271116487
38.685,0.013689346808966718
38.69,0.014339164596375298
38.695,0.01495651417924293
38.7,0.015535024683568821
38.705,0.016068537555725015
38.71,0.01655122549142618
38.715,0.01697771031249573
38.72,0.017343176378439296
38.725,0.017643476070887232
38.730000000000004,0.017875223985576838
38.735,0.01803587669917306
38.74,0.018123795357332995
38.745,0.018138288828353666
38.75,0.01807963577859084
38.755,0.0179490847253021
38.76,0.017748831852273383
38.765,0.017481977151263095
38.77,0.01715246017762695
38.775,0.01676497739929772
38.78,0.01632488371713947
38.785000000000004,0.01583808121010577
38.79,0.015310898518233529
38.795,0.014749964470215815
38.800000000000004,0.014162079620749779
38.805,0.013554089272705738
38.81,0.012932761328325881
38.815,0.012304671981578252
38.82,0.011676101824985352
38.825,0.011052944453243896
38.83,0.010440629103563026
38.835,0.00984405832824109
38.84,0.009267561159543192
38.845,0.00871486172110636
38.85,0.008189062797203661
38.855000000000004,0.007692643480353922
38.86,0.007227469710162637
38.865,0.006794816278510751
38.87,0.006395398720396628
38.875,0.006029413419790686
38.88,0.0056965842441893955
38.885,0.005396214054950832
38.89,0.0051272395273915805
38.895,0.004888287834113214
38.9,0.004677733895231739
38.905,0.004493757060847869
38.910000000000004,0.0043343962664135205
38.915,0.004197602870135597
38.92,0.004081290550723704
38.925000000000004,0.003983381794007812
38.93,0.0039018506374013384
38.935,0.003834761459880376
38.94,0.0037803037057642097
38.945,0.0037368225111236164
38.95,0.0037028452618425023
38.955,0.003677104154760913
38.96,0.003658554857306151
38.965,0.003646391371397925
38.97,0.0036400572027054916
38.975,0.0036392529226665837
38.980000000000004,0.0036439401872414706
38.985,0.0036543422493282574
38.99,0.003670940968529046
38.995,0.0036944702918525474
39.0,0.003725906148762226
39.005,0.003766452678892751
39.01,0.0038175246949321284
39.015,0.0038807262742257542
39.02,0.0039578253805609975
39.025,0.004050724433999342
39.03,0.004161426787577582
39.035000000000004,0.004291999120693113
39.04,0.004444529836612254
39.045,0.0046210836430331526
39.050000000000004,0.004823652613184848
39.055,0.005054104151684058
39.06,0.005314126445480127
39.065,0.0056051721377716746
39.07,0.0059284011351739
39.075,0.006284623632575759
39.08,0.006674244603630086
39.085,0.007097211164959205
39.09,0.007552964345922675
39.095,0.008040396895719226
39.1,0.008557818811684825
39.105000000000004,0.009102932268849173
39.11,0.009672817565093084
39.115,0.010263931561350859
39.12,0.010872119880275477
39.125,0.01149264384203974
39.13,0.012120222746361264
39.135,0.012749091684494118
39.14,0.013373074570136367
39.145,0.013985671558852886
39.15,0.014580159468440712
39.155,0.015149703281597482
39.160000000000004,0.015687476289262037
39.165,0.016186785988139718
39.17,0.016641202470701444
39.175000000000004,0.01704468578963514
39.18,0.017391708642755077
39.185,0.01767737073693354
39.19,0.01789750135009882
39.195,0.018048746912974423
39.2,0.018128640883404046
39.205,0.01813565374727233
39.21,0.018069221646790368
39.215,0.017929752858435677
39.22,0.017718612105610987
39.225,0.017438083440872276
39.230000000000004,0.01709131314538226
39.235,0.01668223472729835
39.24,0.016215478645936088
39.245,0.015696269791401818
39.25,0.01513031603663606
39.255,0.014523691306269626
39.26,0.013882716606953949
39.265,0.013213842320368485
39.27,0.012523534816001103
39.275,0.011818170081486556
39.28,0.011103936658404479
39.285000000000004,0.010386749695697972
39.29,0.009672177441512275
39.295,0.008965381009186757
39.300000000000004,0.008271067775002194
39.305,0.007593458334888226
39.31,0.006936266571537786
39.315,0.006302692049185765
39.32,0.005695423709292768
39.325,0.005116653640712343
39.33,0.00456809957459825
39.335,0.004051034688448141
39.34,0.003566323286415596
39.345,0.003114460959524834
39.35,0.0026956178914767648
39.355000000000004,0.002309684078828589
39.36,0.001956315344665782
39.365,0.0016349791562095817
39.37,0.0013449993886540668
39.375,0.0010855993092575567
39.38,0.0008559421814120505
39.385,0.0006551690077873928
39.39,0.00048243303213024724
39.395,0.00033693071529850016
39.4,0.00021792897428241087
39.405,0.0001247885369790036
39.410000000000004,5.6983315645992016e-05
39.415,1.4115736200324969e-05
39.42,-4.0720132509441086e-06
39.425000000000004,2.3091684229065157e-06
39.43,3.329833701623541e-05
39.435,8.9083433704229e-05
39.44,0.00016999610655565878
39.445,0.00027650242598475927
39.45,0.000409189511773711
39.455,0.000568748093928928
39.46,0.0007559510601202746
39.465,0.0009716280653244702
39.47,0.0012166363284915604
39.475,0.001491827792493794
39.480000000000004,0.001798012896622403
39.485,0.0021359212924432214
39.49,0.002506159936852548
39.495,0.002909169099258868
39.5,0.003345176954310247
39.505,0.0038141535466209575
39.51,0.004315765059899945
39.515,0.004849329446496853
39.52,0.005413774597377241
39.525,0.006007600342147867
39.53,0.00662884564713373
39.535000000000004,0.007275062434111135
39.54,0.007943297448104403
39.545,0.008630083563865298
39.550000000000004,0.009331441823110964
39.555,0.010042895333871371
39.56,0.010759495940888542
39.565,0.011475864281198511
39.57,0.012186243489246351
39.575,0.01288456640234159
39.58,0.01356453566591398
39.585,0.014219715652597387
39.59,0.014843634616298118
39.595,0.015429895018076678
39.6,0.015972289517357297
39.605000000000004,0.01646491972860531
39.61,0.01690231455459923
39.615,0.017279544694424942
39.62,0.017592329876841006
39.625,0.017837135410957217
39.63,0.01801125488045585
39.635,0.01811287613482193
39.64,0.018141128227867398
39.645,0.018096107535740202
39.65,0.017978881969874294
39.655,0.017791472940636766
39.660000000000004,0.01753681547882735
39.665,0.017218697679368233
39.67,0.01684168131730246
39.675000000000004,0.016411006112413418
39.68,0.015932480616886124
39.685,0.015412363079931879
39.69,0.014857235874323749
39.695,0.014273877148895053
39.7,0.013669133308987114
39.705,0.013049795723251378
39.71,0.0124224847368275
39.715,0.0117935436543668
39.72,0.011168944869361042
39.725,0.010554209783762758
39.730000000000004,0.009954343614353434
39.735,0.009373785645948374
39.74,0.008816374973843466
39.745,0.008285331328664824
39.75,0.0077832501693038125
39.755,0.00731211090991124
39.76,0.006873296895077985
39.765,0.006467625563420398
39.77,0.006095387144853248
39.775,0.005756390199650241
39.78,0.0054500123376790555
39.785000000000004,0.005175254533337892
39.79,0.004930797562989753
39.795,0.004715059240689712
39.800000000000004,0.004526251285101424
39.805,0.004362434826183481
39.81,0.004221573728817596
39.815,0.004101585081404124
39.82,0.004000386350493379
39.825,0.0039159388453979815
39.83,0.0038462872601958686
39.835,0.0037895951631863323
39.84,0.0037441763903107717
39.845,0.003708522360482913
39.85,0.003681325378616207
39.855000000000004,0.0036614980178197865
39.86,0.003648188686338427
39.865,0.0036407934813413867
39.87,0.003638964420887994
39.875,0.003642614122530821
39.88,0.0036519169712403154
39.885,0.0036673067858523645
39.89,0.0036894709645682866
39.895,0.0037193410568133745
39.9,0.0037580796846001796
39.905,0.0038070637189211443
39.910000000000004,0.0038678636040199166
39.915,0.003942218729466429
39.92,0.004032008763634298
39.925000000000004,0.004139220897821261
39.93,0.004265913000397248
39.935,0.004414172751905809
39.94,0.004586072922061923
39.945,0.004783623060855113
39.95,0.005008718005784729
39.955,0.00526308375203044
39.96,0.005548221394890973
39.965,0.005865350022867588
39.97,0.006215349610032561
39.975,0.006598705131287019
39.980000000000004,0.0070154532740343
39.985,0.007465133261128187
39.99,0.007946743400449208
39.995,0.008458705038531633
40.0,0.008998835603485134
40.005,0.009564332369432549
40.01,0.010151768453624754
40.015,0.01075710235375027
40.02,0.011375702065659965
40.025,0.012002384463897897
40.03,0.012631470213253948
40.035000000000004,0.013256853996981732
40.04,0.013872089330007498
40.045,0.014470486675122629
40.050000000000004,0.015045223040750955
40.055,0.015589460713609782
40.06,0.016096472316423416
40.065,0.016559768993076318
40.07,0.016973228241454308
40.075,0.017331217752783346
40.08,0.017628711607436287
40.085,0.017861395298631066
40.09,0.018025756343362787
40.095,0.018119157654844287
40.1,0.018139891402682906
40.105000000000004,0.018087211722267682
40.11,0.01796134536758842
40.115,0.017763480139855403
40.12,0.017495731694296524
40.125,0.017161090040190174
40.13,0.016763347707993148
40.135,0.01630701211274399
40.14,0.015797205081277355
40.145,0.01523955281634315
40.15,0.014640069727821725
40.155,0.01400503958788235
40.160000000000004,0.013340897346019176
40.165,0.012654114715623166
40.17,0.011951092302471267
40.175000000000004,0.01123806064667221
40.18,0.010520992076379798
40.185,0.009805524794515463
40.19,0.00909690011570774
40.195,0.008399913305616735
40.2,0.007718878022021869
40.205,0.007057603976299731
40.21,0.006419387092064355
40.215,0.005807011172395349
40.22,0.005222759883045214
40.225,0.004668437720267704
40.230000000000004,0.004145398555102986
40.235,0.003654580321112988
40.24,0.0031965444394117526
40.245,0.002771518632867398
40.25,0.002379441876002808
40.255,0.0020200103401419867
40.26,0.0016927233163572808
40.265,0.0013969282362178426
40.27,0.0011318640384088141
40.275,0.0008967022583679096
40.28,0.0006905853393028849
40.285000000000004,0.0005126617653450349
40.29,0.0003621177157264732
40.295,0.00023820501642468628
40.300000000000004,0.00014026523158433557
40.305,6.774978803653076e-05
40.31,2.0236064865924996e-05
40.315,-2.560591121722293e-06
40.32,-7.789469933152521e-07
40.325,2.5591927952553495e-05
40.33,7.671236355849542e-05
40.335,0.00015288767828430805
40.34,0.0002545596642639092
40.345,0.0003822939773150402
40.35,0.0005367634570043744
40.355000000000004,0.0007187274205247007
40.36,0.0009290070020218089
40.365,0.0011684566516172445
40.37,0.001437931959687333
40.375,0.0017382540415002978
40.38,0.002070170795876791
40.385,0.0024343154509400833
40.39,0.002831162916504759
40.395,0.003260984583775439
40.4,0.0037238023425452127
40.405,0.00421934271535207
40.410000000000004,0.004746992147220297
40.415,0.005305754603693202
40.42,0.0058942127521959264
40.425000000000004,0.006510494079350337
40.43,0.007152243360025068
40.435,0.007816602911713488
40.44,0.008500202029114945
40.445,0.009199156921894769
40.45,0.009909082314869977
40.455,0.010625115670077179
40.46,0.01134195470485011
40.465,0.012053908538597113
40.47,0.012754962401434256
40.475,0.013438855391378013
40.480000000000004,0.014099170286982599
40.485,0.01472943392668924
40.49,0.01532322618294657
40.495,0.015874295101223623
40.5,0.016376675376186256
40.505,0.016824807015609622
40.51,0.017213650830115057
40.515,0.017538797289475383
40.52,0.01779656532589513
40.525,0.01798408785028016
40.53,0.018099381067372633
40.535000000000004,0.018141395136446192
40.54,0.01811004429080043
40.545,0.01800621520410317
40.550000000000004,0.017831753110428394
40.555,0.017589425951406668
40.56,0.017282867570074245
40.565,0.01691650168272929
40.57,0.016495448992266404
40.575,0.016025420335548546
40.58,0.015512599156597418
40.585,0.01496351686104802
40.59,0.014384924709922586
40.595,0.013783665878715823
40.6,0.013166551126587933
40.605000000000004,0.012540241225902804
40.61,0.011911138896685713
40.615,0.011285292519705337
40.62,0.0106683133733263
40.625,0.010065307594587125
40.63,0.009480823520036097
40.635,0.008918814546561293
40.64,0.008382617182196128
40.645,0.007874943544774027
40.65,0.007397887228080435
40.655,0.0069529411914164285
40.660000000000004,0.0065410261392937485
40.665,0.006162527749394187
40.67,0.005817341057536396
40.675000000000004,0.005504920331626195
40.68,0.005224332827767242
40.685,0.004974314936873725
40.69,0.004753329363941461
40.695,0.004559622145240638
40.7,0.004391278477038796
40.705,0.004246276503069524
40.71,0.004122538376167384
40.715,0.004017978068438843
40.72,0.003930545548375353
40.725,0.003858267069670518
40.730000000000004,0.0037992814256637697
40.735,0.00375187210995076
40.74,0.0037144953914237666
40.745,0.0036858043624417025
40.75,0.003664669047492519
40.755,0.0036501926765837023
40.76,0.0036417242268969446
40.765,0.003638867327017063
40.77,0.0036414855971843296
40.775,0.0036497044722832717
40.78,0.003663909525552844
40.785000000000004,0.0036847412757895492
40.79,0.0037130864337859837
40.795,0.0037500655145612516
40.800000000000004,0.003797016722297375
40.805,0.003855476004761993
40.81,0.0039271531719258235
40.815,0.00401390399178414
40.82,0.0041176982014263785
40.825,0.004240583424580002
40.83,0.004384645049800184
40.835,0.004551962213143135
40.84,0.004744560134417597
40.845,0.0049643591831127765
40.85,0.0052131211942114675
40.855000000000004,0.005492393709618071
40.86,0.005803452992699576
40.865,0.006147246833791087
40.87,0.006524338335191615
40.875,0.006934852025725746
40.88,0.007378423793223732
40.885,0.007854156235595156
40.89,0.008360581097992537
40.895,0.00889563048794173
40.9,0.0094566185119902
40.905,0.010040234874967524
40.910000000000004,0.010642551793363708
40.915,0.011259045319182093
40.92,0.011884631828028347
40.925000000000004,0.012513720023413555
40.93,0.013140278336184252
40.935,0.013757917086671512
40.94,0.014359984233365708
40.945,0.014939672982304586
40.95,0.015490139010825743
40.955,0.01600462457331986
40.96,0.016476586359033263
40.965,0.01689982366406184
40.97,0.01726860325885582
40.975,0.017577777289425
40.980000000000004,0.01782289065040743
40.985,0.018000274524567317
40.99,0.018107123175113315
40.995,0.018141551603633843
41.0,0.018102632314423772
41.005,0.017990410130799717
41.01,0.017805894764336472
41.015,0.01755103159079141
41.02,0.017228651821575625
41.025,0.016842403927636695
41.03,0.016396668746498477
41.035000000000004,0.01589646117339072
41.04,0.015347321656712154
41.045,0.014755200914308375
41.050000000000004,0.01412634133009405
41.055,0.013467158400935375
41.06,0.012784125394329493
41.065,0.012083664058888388
41.07,0.011372043836775703
41.075,0.010655291571385561
41.08,0.00993911321679164
41.085,0.00922882856595919
41.09,0.008529319527433188
41.095,0.007844992039284904
41.1,0.007179751299588588
41.105000000000004,0.006536989652763836
41.11,0.005919586187749459
41.115,0.00532991688636919
41.12,0.004769874015268627
41.125,0.00424089335911404
41.13,0.0037439878674536686
41.135,0.00327978629692538
41.14,0.002848575488514804
41.145,0.0024503450095361146
41.15,0.0020848329919740394
41.155,0.0017515721322025612
41.160000000000004,0.0014499349405427964
41.165,0.0011791774694742685
41.17,0.0009384808713868154
41.175000000000004,0.0007269902631721337
41.18,0.0005438504797086186
41.185,0.0003882383992528382
41.19,0.0002593916022981535
41.195,0.00015663319506531437
41.2,7.939268313797432e-05
41.205,2.7222820554187455e-05
41.21,-1.876098302353718e-07
41.215,-3.0051095477349674e-06
41.22,1.875311696639126e-05
41.225,6.521963284791821e-05
41.230000000000004,0.00013667312878989923
41.235,0.00023353067601517008
41.24,0.0003563358812728179
41.245,0.0005057429674957259
41.25,0.0006824968159775402
41.255,0.0008874090400783352
41.26,0.0011213301917427643
41.265,0.001385118259404905
41.27,0.00167960367400255
41.275,0.002005551126146976
41.28,0.002363618582921667
41.285000000000004,0.0027543140068857497
41.29,0.003177950390890416
41.295,0.003634599857711862
41.300000000000004,0.00412404769815744
41.305,0.004645747358607011
41.31,0.00519877751416864
41.315,0.005781802477685005
41.32,0.006393037286182235
41.325,0.007030218871868499
41.33,0.0076905847490351675
41.335,0.00837086062835013
41.34,0.009067258290276214
41.345,0.0097754849245959
41.35,0.01049076492522616
41.355000000000004,0.011207874883965019
41.36,0.01192119217546761
41.365,0.012624757152629229
41.37,0.013312348520663875
41.375,0.013977570989361254
41.38,0.014613953810872715
41.385,0.015215058314463903
41.39,0.01577459209676846
41.395,0.016286527102565174
41.4,0.01674521850616628
41.405,0.017145521056306734
41.410000000000004,0.01748289943884629
41.415,0.017753529215774222
41.42,0.017954385063838174
41.425000000000004,0.01808331332506441
41.43,0.018139086324033826
41.435,0.018121436446413952
41.44,0.01803106864027626
41.445,0.01786965070339619
41.45,0.017639781491077144
41.455,0.01734493792154268
41.46,0.016989402386897723
41.465,0.01657817281627416
41.47,0.016116858199147543
41.475,0.015611562792940958
41.480000000000004,0.015068762533143598
41.485,0.014495177296257822
41.49,0.013897642658193377
41.495,0.013282984638031792
41.5,0.012657900639108988
41.505,0.012028849414537746
41.51,0.011401952426570716
41.515,0.010782908442209305
41.52,0.010176922671018218
41.525,0.009588651200132858
41.53,0.009022160960270753
41.535000000000004,0.00848090497674292
41.54,0.007967712235885216
41.545,0.007484791142864822
41.550000000000004,0.007033745271273872
41.555,0.006615599902540126
41.56,0.006230837722702276
41.565,0.0058794419973065
41.57,0.005560945541368767
41.575,0.005274483865887802
41.58,0.00501885098486099
41.585,0.004792556496694189
41.59,0.00459388271566219
41.595,0.004420940792607908
41.6,0.004271724942256583
41.605000000000004,0.004144164059713518
41.61,0.004036170172766695
41.615,0.0039456833222617504
41.62,0.003870712593200043
41.625,0.003809373131871574
41.63,0.0037599190737527266
41.635,0.003720772381055504
41.64,0.0036905476384452296
41.645,0.00366807289219917
41.65,0.0036524066335775762
41.655,0.0036428510318880503
41.660000000000004,0.003638961513434739
41.665,0.00364055276480197
41.67,0.0036477012123477814
41.675000000000004,0.0036607440014772563
41.68,0.003680274464783695
41.685,0.003707134040382143
41.69,0.0037424005712194397
41.695,0.003787372895601493
41.7,0.0038435516272770087
41.705,0.003912616018524329
41.71,0.003996396814724967
41.715,0.004096845033337182
41.72,0.004215996645802633
41.725,0.004355933204249318
41.730000000000004,0.004518738538494382
41.735,0.004706451750047691
41.74,0.004921016856108906
41.745,0.005164229573189516
41.75,0.0054376818882619915
41.755,0.0057427052307836846
41.76,0.006080313231402457
41.765,0.0064511452261371005
41.77,0.0068554118245884865
41.775,0.007292844009079147
41.78,0.007762647344758733
41.785000000000004,0.008263462961807022
41.79,0.008793336998607515
41.795,0.009349700165568464
41.800000000000004,0.009929358994320125
41.805,0.0105285001662061
41.81,0.01114270906775161
41.815,0.011767003399988596
41.82,0.012395882270308078
41.825,0.013023390742123553
41.83,0.013643199304436138
41.835,0.014248697191217019
41.84,0.01483309792538634
41.845,0.015389554936401595
41.85,0.015911284603973286
41.855000000000004,0.016391693668239782
41.86,0.01682450761321519
41.865,0.017203896433706234
41.87,0.017524594116473224
41.875,0.017782008246591374
41.88,0.01797231637259955
41.885,0.0180925461345538
41.89,0.018140636659644827
41.895,0.01811547934015323
41.9,0.018016936808024298
41.905,0.017845839656501994
41.910000000000004,0.017603961229326615
41.915,0.01729397152843859
41.92,0.016919371979263076
41.925000000000004,0.01648441338564055
41.93,0.015993999895890454
41.935,0.015453582151291556
41.94,0.014869043008257421
41.945,0.014246579296429474
41.95,0.013592583006225567
41.955,0.012913525119984115
41.96,0.012215844988055835
41.965,0.011505847784647472
41.97,0.010789612119182834
41.975,0.01007290940676242
41.980000000000004,0.009361136103738232
41.985,0.008659259427300725
41.99,0.007971776728709301
41.995,0.007302688270460322
42.0,0.0066554828072575845
42.005,0.0060331350731157585
42.01,0.00543811405023753
42.015,0.004872400734447169
42.02,0.0043375140084389585
42.025,0.0038345431966089194
42.03,0.0033641858769950517
42.035000000000004,0.0029267895781446285
42.04,0.0025223960702334125
42.045,0.0021507870620034453
42.050000000000004,0.00181153024391012
42.055,0.0015040247405986307
42.06,0.0012275451772874035
42.065,0.000981283687562673
42.07,0.0007643893161604076
42.075,0.0005760043836298134
42.08,0.0004152974728308667
42.085,0.0002814927894241315
42.09,0.0001738957138329722
42.095,9.191442164557806e-05
42.1,3.5077490019047586e-05
42.105000000000004,3.0474425864353283e-06
42.11,-4.369795916216125e-06
42.115,1.2780451104671409e-05
42.12,5.460285274225263e-05
42.125,0.00012134920004458483
42.13,0.00021341142764796928
42.135,0.00033131053531065824
42.14,0.000475681428513397
42.145,0.0006472537137474088
42.15,0.000846828508064501
42.155,0.0010752513601142155
42.160000000000004,0.0013333814277594058
42.165,0.0016220571177187892
42.17,0.0019420584736025148
42.175000000000004,0.0022940666818618283
42.18,0.0026786211783367264
42.185,0.0030960749452457748
42.19,0.003546548724255416
42.195,0.004029884991512134
42.2,0.0045456026863686105
42.205,0.005092853800924502
42.21,0.005670383065126572
42.215,0.006276492050959703
42.22,0.006909009096332852
42.225,0.0075652664751082455
42.230000000000004,0.008242086234186985
42.235,0.008935776051401945
42.24,0.009642136342147722
42.245,0.010356479659265005
42.25,0.011073663172073367
42.255,0.011788134693819785
42.26,0.012493992345856242
42.265,0.013185057517990373
42.27,0.013854960313082643
42.275,0.014497236174548789
42.28,0.015105431901567101
42.285000000000004,0.01567321879139527
42.29,0.016194510218490166
42.295,0.01666358061294204
42.300000000000004,0.017075182542438228
42.305,0.017424658458338627
42.31,0.01770804365568779
42.315,0.017922157128786864
42.32,0.01806467726772354
42.325,0.018134199761121295
42.33,0.018130275587715516
42.335,0.01805342762914819
42.34,0.017905145129397226
42.345,0.017687855994289237
42.35,0.01740487766575427
42.355000000000004,0.01706034804889356
42.36,0.01665913862621693
42.365,0.016206752469337005
42.37,0.01570921030402772
42.375,0.015172928105755545
42.38,0.014604589858407735
42.385,0.014011019137360137
42.39,0.013399053037751685
42.395,0.012775421727670988
42.4,0.012146636529479338
42.405,0.011518888987595233
42.410000000000004,0.01089796287041267
42.415,0.01028916051077644
42.42,0.00969724434285979
42.425000000000004,0.009126393965125601
42.43,0.008580178567811458
42.435,0.00806154413061222
42.44,0.007572814426211494
42.445,0.007115704578946946
42.45,0.006691345702540374
42.455,0.00630031901108552
42.46,0.005942697721591728
42.465,0.005618095064209072
42.47,0.005325716766092725
42.475,0.005064416469480193
42.480000000000004,0.004832752672948359
42.485,0.004629045939206655
42.49,0.004451435277701421
42.495,0.0042979327858452265
42.5,0.004166475801340219
42.505,0.0040549759824575204
42.51,0.003961364881681195
42.515,0.003883635713992195
42.52,0.0038198811331677796
42.525,0.0037683269279786824
42.53,0.0037273616230713014
42.535000000000004,0.003695562026082122
42.54,0.003671714800374426
42.545,0.00365483416236434
42.550000000000004,0.0036441758089672815
42.555,0.0036392471747058184
42.56,0.0036398140993703833
42.565,0.0036459039651010328
42.57,0.003657805330459757
42.575,0.0036760640587701343
42.58,0.003701475905203533
42.585,0.0037350755005474134
42.59,0.003778121643457366
42.595,0.0038320788025294483
42.6,0.0038985947203644677
42.605000000000004,0.003979474024943919
42.61,0.004076647775188569
42.615,0.004192138909116849
42.62,0.004328023623193289
42.625,0.004486388791135276
42.63,0.00466928562896296
42.635,0.0048786799331619335
42.64,0.005116399355721057
42.645,0.005384078332761888
42.65,0.005683101448816785
42.655,0.006014546189991421
42.660000000000004,0.0063791262125505455
42.665,0.006777136417479568
42.67,0.007208401270649034
42.675000000000004,0.00767222793161082
42.68,0.008167365838875895
42.685,0.008691974440633743
42.69,0.009243600739957003
42.695,0.009819168244305843
42.7,0.01041497874766506
42.705,0.011026728148820553
42.71,0.011649537195800974
42.715,0.012277997665634643
42.72,0.012906234044042009
42.725,0.013527980266072603
42.730000000000004,0.014136670548815289
42.735,0.014725542794764124
42.74,0.015287752508839958
42.745,0.015816494675011228
42.75,0.016305130596279582
42.755,0.01674731636608584
42.76,0.017137129404616758
42.765,0.017469189392400608
42.77,0.01773876999351387
42.775,0.017941897939635965
42.78,0.018075436406370216
42.785000000000004,0.018137150079560627
42.79,0.01812574990744764
42.795,0.018040916213713842
42.800000000000004,0.017883299586856083
42.805,0.01765449971711064
42.81,0.01735702310261189
42.815,0.01699422123794747
42.82,0.016570211516164335
42.825,0.01608978358204638
42.83,0.015558294251867721
42.835,0.014981554364819516
42.84,0.01436571101923434
42.845,0.01371712861804042
42.85,0.013042271970338248
42.855000000000004,0.012347594426977082
42.86,0.011639433649055064
42.865,0.010923917180907239
42.87,0.010206879521309276
42.875,0.009493791884789715
42.88,0.008789705373519752
42.885,0.008099207798881736
42.89,0.007426393984562907
42.895,0.006774849010707129
42.9,0.006147643549571313
42.905,0.005547340211432328
42.910000000000004,0.004976009631873168
42.915,0.004435254937886768
42.92,0.003926243158332454
42.925000000000004,0.0034497421587555976
42.93,0.003006161711908817
42.935,0.002595597396375382
42.94,0.00221787611513502
42.945,0.0018726021487598388
42.95,0.0015592027838211564
42.955,0.001276972692840772
42.96,0.0010251163734196211
42.965,0.0008027880751519945
42.97,0.0006091287612308705
42.975,0.0004432997492744839
42.980000000000004,0.00030451276670806493
42.985,0.00019205622680751322
42.99,0.00010531759247250916
42.995,4.3801739130239215e-05
43.0,7.145262690452792e-06
43.005,-4.873297941661828e-06
43.01,7.672658176326175e-06
43.015,4.485980534912892e-05
43.02,0.00010691279037589041
43.025,0.00019419802280007392
43.03,0.0003072133631070173
43.035000000000004,0.000446573726278654
43.04,0.0006129926297799848
43.045,0.0008072597447013052
43.050000000000004,0.0010302145345835179
43.055,0.0012827161207131788
43.06,0.0015656095658700409
43.065,0.0018796888446432902
43.07,0.0022256568571776825
43.075,0.002604082942374575
43.08,0.003015358464231177
43.085,0.0034596511652420503
43.09,0.00393685911729591
43.095,0.004446565225629584
43.1,0.004987993382485456
43.105000000000004,0.005559967471196359
43.11,0.006160874540757533
43.115,0.006788633529410504
43.12,0.007440670969728558
43.125,0.00811390509698029
43.13,0.008804739731388622
43.135,0.009509069193178732
43.14,0.010222295331139719
43.145,0.010939357506494218
43.15,0.011654776063785732
43.155,0.012362709454517784
43.160000000000004,0.013057024753166502
43.165,0.013731380849737462
43.17,0.014379323103032249
43.175000000000004,0.01499438775809736
43.18,0.015570213945089506
43.185,0.01610066064974447
43.19,0.016579925674722773
43.195,0.01700266333509859
43.2,0.017364097468018258
43.205,0.017660126297109002
43.21,0.017887415795911465
43.215,0.018043478440361582
43.22,0.018126734619045237
43.225,0.018136554489352363
43.230000000000004,0.018073278671160153
43.235,0.017938216882690483
43.24,0.017733624352338495
43.245,0.017462656617759365
43.25,0.01712930404173818
43.255,0.016738308075652242
43.26,0.016295061866145488
43.265,0.015805498305578425
43.27,0.015275968935579698
43.275,0.014713117335052317
43.28,0.014123750646639621
43.285000000000004,0.013514712810120955
43.29,0.012892762826204773
43.295,0.012264461041016972
43.300000000000004,0.011636065991041278
43.305,0.011013443860456107
43.31,0.010401992053914455
43.315,0.00980657784727157
43.32,0.009231492541633912
43.325,0.008680421045642817
43.33,0.008156426371009218
43.335,0.007661948138245833
43.34,0.0071988138899641285
43.345,0.006768261773991924
43.35,0.00637097300646694
43.355000000000004,0.006007112444235574
43.36,0.005676375577595039
43.365,0.005378040297294717
43.37,0.005111021874295574
43.375,0.004873929716854519
43.38,0.004665124616009209
43.385,0.004482775358074065
43.39,0.004324913753837478
43.395,0.004189487306148543
43.4,0.00407440890273314
43.405,0.003977603073304969
43.410000000000004,0.0038970484876088562
43.415,0.0038308164888523066
43.42,0.0037771055570430256
43.425000000000004,0.003734271674970202
43.43,0.003700854629547834
43.435,0.003675600321479733
43.44,0.0036574791804861173
43.445,0.0036457007907141903
43.45,0.00363972482846121
43.455,0.003639268396730697
43.46,0.003644309820488051
43.465,0.003655088935847123
43.47,0.0036721038769172987
43.475,0.0036961043300660634
43.480000000000004,0.003728081198070443
43.485,0.0037692525916921404
43.49,0.0038210460490641918
43.495,0.0038850768778369016
43.5,0.003963122520706186
43.505,0.004057092866103673
43.51,0.00416899646384028
43.515,0.004300902660668626
43.52,0.004454899748371766
43.525,0.004633049310863058
43.53,0.0048373370731145116
43.535000000000004,0.005069620688765042
43.54,0.0053315750542939355
43.545,0.005624635898298536
43.550000000000004,0.005949942568891586
43.555,0.00630828111233761
43.56,0.006700028904001343
43.565,0.007125102244819104
43.57,0.007582908466460481
43.575,0.008072304179272294
43.58,0.008591561348993082
43.585,0.00913834288031623
43.59,0.009709689314835401
43.595,0.010302018111843836
43.6,0.01091113675900246
43.605000000000004,0.011532270670713274
43.61,0.012160106457979936
43.615,0.012788850722838419
43.62,0.013412304036492628
43.625,0.014023949231550148
43.63,0.014617052591766821
43.635,0.015184775981545329
43.64,0.015720297445799503
43.645,0.016216937367104833
43.65,0.016668286896482698
43.655,0.01706833513015482
43.660000000000004,0.017411591371775614
43.665,0.017693198847204883
43.67,0.01790903640355168
43.675000000000004,0.018055805039146833
43.68,0.018131096572467698
43.685,0.018133442319317794
43.69,0.018062340326665094
43.695,0.017918260433177124
43.7,0.01770262718782334
43.705,0.01741778141084893
43.71,0.017066921884598685
43.715,0.016654029298312167
43.72,0.016183775098106423
43.725,0.01566141829762202
43.730000000000004,0.015092693578658611
43.735,0.01448369412798911
43.74,0.013840752651955057
43.745,0.013170323856950716
43.75,0.012478871432044514
43.755,0.011772762208543952
43.76,0.011058169755010283
43.765,0.010340989186762073
43.77,0.009626764484618633
43.775,0.008920629120918733
43.78,0.008227260327327457
43.785000000000004,0.007550846903612296
43.79,0.00689507009438195
43.795,0.006263096737177065
43.800000000000004,0.0056575836369212595
43.805,0.005080691932466408
43.81,0.004534110099767119
43.815,0.00401908417168606
43.82,0.003536453745383028
43.825,0.0030866923805890067
43.83,0.0026699510635532775
43.835,0.002286103509621107
43.84,0.0019347921917605149
43.845,0.0016154741169760456
43.85,0.0013274654948993714
43.855000000000004,0.001069984588931927
43.86,0.000842192150419141
43.865,0.0006432289658744317
43.87,0.0004722501423612968
43.875,0.00032845585080665263
43.88,0.00021111832188991375
43.885,0.00011960495001195337
43.89,5.339741066640036e-05
43.895,1.2106730912904429e-05
43.9,-4.515722180447679e-06
43.905,3.4286477085740397e-06
43.910000000000004,3.598844632607401e-05
43.915,9.336095802403577e-05
43.92,0.0001758867058064828
43.925000000000004,0.00028403990605341267
43.93,0.0004184148354979822
43.935,0.000579708135593604
43.94,0.0007686971060096859
43.945,0.0009862140680754194
43.95,0.0012331169232262518
43.955,0.0015102560904907136
43.96,0.0018184380718047066
43.965,0.002158385989134537
43.97,0.0025306975253815978
43.975,0.0029358008221143095
43.980000000000004,0.0033739090061342125
43.985,0.0038449741450250485
43.99,0.004348641570105727
43.995,0.004884205630894201
44.0,0.005450568069711892
44.005,0.006046200310731109
44.01,0.006669111036872621
44.015,0.007316820478195041
44.02,0.00798634283994204
44.025,0.008674178254164389
44.03,0.009376315540272628
44.035000000000004,0.010088246893630526
44.04,0.010804995390877536
44.045,0.01152115591255054
44.050000000000004,0.012230949714414407
44.055,0.012928292477724312
44.06,0.013606875203105773
44.065,0.0142602568337864
44.07,0.01488196699532196
44.075,0.015465616761805023
44.08,0.01600501491176587
44.085,0.01649428675756681
44.09,0.01692799233513398
44.095,0.017301240554729702
44.1,0.017609795851555532
44.105000000000004,0.01785017394883681
44.11,0.01801972356722814
44.115,0.018116691269206342
44.12,0.01814026711815586
44.125,0.01809060942630225
44.13,0.017968847555493994
44.135,0.017777062469356508
44.14,0.01751824549764791
44.145,0.017196236518451258
44.15,0.016815643455558416
44.155,0.016381745597094266
44.160000000000004,0.01590038374290259
44.165,0.015377840551344946
44.17,0.01482071467926005
44.175000000000004,0.014235792383288981
44.18,0.013629920168202858
44.185,0.013009881873092155
44.19,0.012382283243837833
44.195,0.01175344662965827
44.2,0.011129317947268902
44.205,0.010515387520143804
44.21,0.009916625858735983
44.215,0.009337434900725583
44.22,0.008781614732534138
44.225,0.008252345348704893
44.230000000000004,0.007752182617984715
44.235,0.007283067301887769
44.24,0.006846345725177727
44.245,0.0064428005337831
44.25,0.006072689877090198
44.255,0.005735793325364114
44.26,0.00543146286509355
44.265,0.005158677390353361
44.27,0.00491609922949543
44.275,0.004702131390267539
44.28,0.0045149743678294385
44.285000000000004,0.0043526815351286885
44.29,0.004213212304173375
44.295,0.004094482415275991
44.300000000000004,0.003994410866416942
44.305,0.003910963133790801
44.31,0.0038421904588155087
44.315,0.0037862650773958784
44.32,0.003741511352766569
44.325,0.003706432833199602
44.33,0.0036797353023151347
44.335,0.003660345915682761
44.34,0.003647428528097421
44.345,0.0036403953145814315
44.35,0.0036389147743989426
44.355000000000004,0.00364291618532174
44.36,0.0036525905486397003
44.365,0.003668388032779357
44.37,0.0036910118927589997
44.375,0.003721408812640048
44.38,0.0037607555918748314
44.385,0.00381044207878789
44.39,0.0038720502473359453
44.395,0.003947329313679138
44.4,0.004038166811029864
44.405,0.004146555572585697
44.410000000000004,0.004274556627149373
44.415,0.004424258082678101
44.42,0.004597730165746938
44.425000000000004,0.004796976696989752
44.43,0.005023883411869434
44.435,0.005280163685977612
44.44,0.00556730238239922
44.445,0.005886498711490162
44.45,0.006238609163455422
44.455,0.006624091745909055
44.46,0.007042952910296663
44.465,0.007494698691456136
44.47,0.007978291676909777
44.475,0.008492115489325158
44.480000000000004,0.009033948463699204
44.485,0.00960094814755763
44.49,0.010189648122231887
44.495,0.010795968441076553
44.5,0.011415240701818874
44.505,0.012042248412406309
44.51,0.012671282888206292
44.515,0.013296214436788745
44.52,0.01391057806081264
44.525,0.014507672365180468
44.53,0.015080669811002423
44.535000000000004,0.015622735938631394
44.54,0.016127154723658776
44.545,0.016587456845833515
44.550000000000004,0.01699754737591519
44.555,0.017351829237917116
44.56,0.017645318796219556
44.565,0.017873750054597792
44.57,0.01803366424979913
44.575,0.018122482043331445
44.58,0.018138556076479517
44.585,0.018081202296720278
44.59,0.017950709191914882
44.595,0.017748324817411287
44.6,0.017476222264789953
44.605000000000004,0.017137444929282708
44.61,0.016735833591127403
44.615,0.016275937868982737
44.62,0.015762915040788528
44.625,0.01520241951127943
44.63,0.014600486373939958
44.635,0.013963412508307016
44.64,0.013297638546756474
44.645,0.012609634798280922
44.65,0.011905793878842275
44.655,0.011192332389075688
44.660000000000004,0.010475203510427633
44.665,0.009760021905972138
44.67,0.009052001815216926
44.675000000000004,0.008355908761984665
44.68,0.007676024854095687
44.685,0.007016127263087313
44.69,0.0063794791482969515
44.695,0.0057688320176367824
44.7,0.0051864383233724
44.705,0.0046340729544844805
44.71,0.004113062214550212
44.715,0.0036243188528573
44.72,0.0031683817437286876
44.725,0.0027454588732425123
44.730000000000004,0.0023554723856982207
44.735,0.0019981045548869147
44.74,0.0016728436759008147
44.745,0.0013790290008044437
44.75,0.0011158939775812726
44.755,0.000882607177408623
44.76,0.0006783104133143425
44.765,0.0005021536604070675
44.77,0.0003533264805797298
44.775,0.00023108573200969484
44.78,0.0001347794114371914
44.785000000000004,6.386652313586372e-05
44.79,1.7932910299375826e-05
44.795,-3.296989727402319e-06
44.800000000000004,4.7511963811169844e-08
44.805,2.798690588240449e-05
44.81,8.069092336426831e-05
44.815,0.0001584738657304241
44.82,0.00026178582725577826
44.825,0.00039119982548663224
44.83,0.0005473948644614257
44.835,0.0007311349729546279
44.84,0.0009432442968653199
44.845,0.001184578357784627
44.85,0.0014559916517704607
44.855000000000004,0.0017583018234788028
44.86,0.002092250739456958
44.865,0.0024584628781791906
44.87,0.002857401561980666
44.875,0.003289323683775436
44.88,0.0037542337027236528
44.885,0.004251837820088866
44.89,0.004781499380023035
44.895,0.00534219665672353
44.9,0.005932484308720731
44.905,0.006550459857610491
44.910000000000004,0.007193736610890511
44.915,0.00785942445730825
44.92,0.008544119934846606
44.925000000000004,0.009243906874846886
44.93,0.009954368781272649
44.935,0.010670613881458735
44.94,0.01138731350578226
44.945,0.012098754103167408
44.95,0.012798902801097967
44.955,0.013481485964458528
44.96,0.014140079729369148
44.965,0.01476821099441139
44.97,0.015359466862456372
44.975,0.01590761008199948
44.980000000000004,0.016406697629520295
44.985,0.01685119927511991
44.99,0.017236112752300414
44.995,0.017557072075291558
45.0,0.017810445590619395
45.005,0.017993420544883065
45.01,0.01810407128058955
45.015,0.01814140863783109
45.02,0.018105408720636262
45.025,0.017997019851485163
45.03,0.017818147279200502
45.035000000000004,0.01757161595291734
45.04,0.0172611124351576
45.045,0.016891107723758125
45.050000000000004,0.016466763385089678
45.055,0.01599382392099713
45.06,0.015478498681673614
45.065,0.014927336889702048
45.07,0.014347099438019484
45.075,0.013744631078910885
45.08,0.013126736433200392
45.085,0.012500062947694346
45.09,0.011870993516925665
45.095,0.011245551010645727
45.1,0.010629316418093282
45.105000000000004,0.010027361773495613
45.11,0.009444198485930144
45.115,0.008883741181580973
45.12,0.00834928669975099
45.125,0.0078435074781531
45.13,0.007368458225798236
45.135,0.006925594528302881
45.14,0.006515801839970692
45.145,0.0061394332177115984
45.15,0.0057963541050263245
45.155,0.005485992498986292
45.160000000000004,0.005207392902891073
45.165,0.004959272576270379
45.17,0.004740078738258546
45.175000000000004,0.004548045537939416
45.18,0.004381249776608698
45.185,0.0042376645403585655
45.19,0.004115210069131514
45.195,0.004011801345250365
45.2,0.003925392029704877
45.205,0.0038540144975156565
45.21,0.003795815832432492
45.215,0.0037490897268952494
45.22,0.0037123042984569254
45.225,0.003684125884639511
45.230000000000004,0.003663438904010663
45.235,0.003649361889314612
45.24,0.0036412597948349834
45.245,0.003638752672128048
45.25,0.0036417207850596087
45.255,0.0036503062102078987
45.26,0.003664910937211774
45.265,0.003686191451509724
45.27,0.0037150497516635905
45.275,0.0037526207274405365
45.28,0.0038002558040275414
45.285000000000004,0.0038595027490941902
45.29,0.003932081537996623
45.295,0.00401985619065659
45.300000000000004,0.004124802522364135
45.305,0.004248971801258605
45.31,0.004394450373832015
45.315,0.004563315406596935
45.32,0.004757587001560815
45.325,0.004979177070595142
45.33,0.0052298354964239735
45.335,0.005511094269699868
45.34,0.0058242104579644405
45.345,0.006170109036160554
45.35,0.006549326777742337
45.355000000000004,0.006961958567146098
45.36,0.007407607627971657
45.365,0.00788534127477547
45.37,0.008393653858966843
45.375,0.00893043859834819
45.38,0.009492969930928297
45.385,0.010077897923352452
45.39,0.010681256071826795
45.395,0.011298483572801388
45.4,0.011924462791597534
45.405,0.012553572256116752
45.410000000000004,0.013179755019557149
45.415,0.013796601728639502
45.42,0.014397447182595613
45.425000000000004,0.014975478628951322
45.43,0.015523853508536689
45.435,0.016035823899333224
45.44,0.01650486449762667
45.445,0.016924800689139374
45.45,0.017289933082246023
45.455,0.017595154843306204
45.46,0.017836058283180023
45.465,0.018009027414827017
45.47,0.018111313590964073
45.475,0.018141091879421367
45.480000000000004,0.01809749645276071
45.485,0.01798063399077421
45.49,0.017791574841091062
45.495,0.017532322440800385
45.5,0.01720576223438286
45.505,0.01681559197797
45.51,0.016366235907057103
45.515,0.01586274567527468
45.52,0.015310691318973113
45.525,0.014716045658065724
45.53,0.014085065596944446
45.535000000000004,0.01342417368604032
45.54,0.012739843081423174
45.545,0.012038488730645724
45.550000000000004,0.01132636719693636
45.555,0.010609487091851832
45.56,0.009893531588211602
45.565,0.009183793998786882
45.57,0.008485126924576036
45.575,0.007801905027726264
45.58,0.007138001091993473
45.585,0.006496774684528361
45.59,0.005881072461642489
45.595,0.005293238946652679
45.6,0.00473513646190149
45.605000000000004,0.004208172814291089
45.61,0.0037133353003468983
45.615,0.0032512296202558133
45.62,0.0028221223429376607
45.625,0.002425985656451246
45.63,0.0020625432472698435
45.635,0.0017313162770760115
45.64,0.0014316685578763533
45.645,0.0011628501593765606
45.65,0.0009240388104108099
45.655,0.0007143785758012555
45.660000000000004,0.000533015401774195
45.665,0.0003791292127655055
45.67,0.0002519623315947461
45.675000000000004,0.00015084405399790057
45.68,7.521126817200408e-05
45.685,2.4625046094087222e-05
45.69,-1.2168362202753802e-06
45.695,-2.4714729552908e-06
45.7,2.0853491729339035e-05
45.705,6.890007225482386e-05
45.71,0.0001419560403472242
45.715,0.00024044691650215722
45.72,0.00036492386558650836
45.725,0.0005160475181502644
45.730000000000004,0.0006945677585605825
45.735,0.00090129954880247
45.74,0.001137094893418844
45.745,0.001402811108250912
45.75,0.0016992756140083998
45.755,0.00202724756156325
45.76,0.0023873766874471514
45.765,0.002780159905132251
45.77,0.0032058962577803385
45.775,0.0036646409853293704
45.78,0.004156159592472619
45.785000000000004,0.0046798829329741665
45.79,0.005234864457952071
45.795,0.005819740880077973
45.800000000000004,0.006432697606026494
45.805,0.007071440343244362
45.81,0.007733174312047453
45.815,0.008414592475304516
45.82,0.009111874107858853
45.825,0.009820694899037363
45.83,0.010536249571920564
45.835,0.011253287731022965
45.84,0.011966163319240053
45.845,0.01266889766846191
45.85,0.013355255686910539
45.855000000000004,0.014018834251626089
45.86,0.014653161378696211
45.865,0.015251804257520263
45.87,0.01580848377320976
45.875,0.016317192735225916
45.88,0.01677231469591689
45.885,0.01716874002124058
45.89,0.017501975752338694
45.895,0.017768245833053697
45.9,0.017964578434863654
45.905,0.018088877417376636
45.910000000000004,0.018139975411223475
45.915,0.018117666555774292
45.92,0.01802271759824947
45.925000000000004,0.017856856763629025
45.93,0.0176227405788012
45.935,0.01732389957692959
45.94,0.016964664529858453
45.945,0.016550075498216188
45.95,0.016085776534264795
45.955,0.01557789928680009
45.96,0.015032939037304516
45.965,0.014457626823840997
45.97,0.013858801288051836
45.975,0.01324328372032113
45.980000000000004,0.012617759496492909
45.985,0.011988668702727523
45.99,0.011362108288601291
45.995,0.010743747553927818
46.0,0.010138758245187063
46.005,0.009551759975089169
46.01,0.008986781175654102
46.015,0.008447235301979106
46.02,0.007935911598025314
46.025,0.007454979377925497
46.03,0.0070060045089430645
46.035000000000004,0.006589976582178636
46.04,0.006207345137431375
46.045,0.005858063254885693
46.050000000000004,0.0055416368390019954
46.055,0.00525717797851577
46.06,0.005003460873551191
46.065,0.004778978955812363
46.07,0.00458200198453973
46.075,0.004410632072307408
46.08,0.00426285776475499
46.085,0.004136605471282806
46.09,0.004029787700336129
46.095,0.003940347701953506
46.1,0.003866300247318044
46.105000000000004,0.0038057683868033543
46.11,0.003757016117228673
46.115,0.0037184769598540557
46.12,0.003688778502120904
46.125,0.0036667629877709107
46.13,0.0036515040586976577
46.135,0.0036423197525893153
46.14,0.0036387818524989636
46.145,0.003640721664360913
46.15,0.003648232273601018
46.155,0.0036616673013333267
46.160000000000004,0.003681636148312517
46.165,0.0037089956852807138
46.17,0.0037448383189491175
46.175000000000004,0.0037904763435241406
46.18,0.00384742247420089
46.185,0.003917366457936389
46.19,0.004002147670408629
46.195,0.004103723634021783
46.2,0.004224134440091731
46.205,0.004365463120664437
46.21,0.004529792101544139
46.215,0.004719155971981692
46.22,0.00493549092947454
46.225,0.00518058140276878
46.230000000000004,0.005456004506839918
46.235,0.005763073157996956
46.24,0.006102778843857237
46.245,0.006475735217378542
46.25,0.006882123845121768
46.255,0.007321643583217963
46.26,0.007793465168674629
46.265,0.008296192689229542
46.27,0.008827833621992909
46.275,0.009385779095687496
46.28,0.009966795932417227
46.285000000000004,0.010567031850861497
46.29,0.011182034958451936
46.295,0.011806788337541008
46.300000000000004,0.01243576012753067
46.305,0.013062969044025152
46.31,0.013682064769298563
46.315,0.014286422101541518
46.32,0.014869247211606762
46.325,0.015423693814717865
46.33,0.015942986588825647
46.335,0.016420548748918407
46.34,0.01685013037393901
46.345,0.017225933881874766
46.35,0.017542732987514853
46.355000000000004,0.01779598156477391
46.36,0.017981909061155932
46.365,0.0180975995032
46.37,0.01814105162945623
46.375,0.01811121830773743
46.38,0.018008024099394504
46.385,0.01783236056788695
46.39,0.01758605969961735
46.395,0.017271846536040414
46.4,0.016893272792390945
46.405,0.016454633835873977
46.410000000000004,0.015960871864113102
46.415,0.015417468479686391
46.42,0.014830330056984309
46.425000000000004,0.014205669363235529
46.43,0.013549886823323476
46.435,0.012869454618606113
46.44,0.012170806508457588
46.445,0.011460235873727243
46.45,0.010743804035598714
46.455,0.010027260415714778
46.46,0.009315975617166572
46.465,0.008614888012893118
46.47,0.00792846398196545
46.475,0.007260671525415319
46.480000000000004,0.006614966631927288
46.485,0.00599429148806685
46.49,0.005401083391353367
46.495,0.0048372930723221685
46.5,0.004304411037594491
46.505,0.003803500499497403
46.51,0.003335235477189613
46.515,0.0028999426946736406
46.52,0.002497645996081488
46.525,0.0021281120952316712
46.53,0.0017908966069057897
46.535000000000004,0.0014853894342552465
46.54,0.001210858722056507
46.545,0.000966492714095768
46.550000000000004,0.000751438975020946
46.555,0.000564840547753187
46.56,0.0004058687172543429
46.565,0.0002737521323717962
46.57,0.0001678021115234518
46.575,8.743400885508068e-05
46.58,3.2184564095219526e-05
46.585,1.7251873973382625e-06
46.59,-4.128846641309088e-06
46.595,1.4586690015895576e-05
46.6,5.7985958147543926e-05
46.605000000000004,0.00012632991909522495
46.61,0.00022001909502911143
46.615,0.000339582230281521
46.62,0.0004856608731136358
46.625,0.0006589899153033318
46.63,0.0008603741509913831
46.635,0.0010906609544889534
46.64,0.0013507092255879982
46.645,0.001641354814177376
46.65,0.001963372710786615
46.655,0.002317436386190863
46.660000000000004,0.002704074762767128
46.665,0.0031236274201909
46.67,0.0035761987661864225
46.675000000000004,0.004061612029387263
46.68,0.0045793640712918915
46.685,0.005128582135345283
46.69,0.005707983772870406
46.695,0.006315841275736034
46.7,0.006949952017343719
46.705,0.007607616134137629
46.71,0.008285622959501637
46.715,0.00898024756343574
46.72,0.00968725861198294
46.725,0.01040193857983951
46.730000000000004,0.011119117080248486
46.735,0.011833217762799109
46.74,0.012538318838004159
46.745,0.013228226861592418
46.75,0.013896562934981205
46.755,0.014536859987444473
46.76,0.015142669318873203
46.765,0.01570767410681384
46.77,0.016225807169554685
46.775,0.016691369923332644
46.78,0.017099149228464228
46.785000000000004,0.017444528677408755
46.79,0.01772359088283082
46.795,0.0179332074540568
46.800000000000004,0.018071113636047187
46.805,0.018135965000496412
46.81,0.01812737411456311
46.815,0.018045925758706005
46.82,0.017893169968118627
46.825,0.01767159293884646
46.83,0.017384566581092997
46.835,0.017036278243104164
46.84,0.016631642777753086
46.845,0.01617619969598394
46.85,0.01567599858677582
46.855000000000004,0.015137476296231966
46.86,0.014567329502806814
46.865,0.013972386346168264
46.87,0.013359480620909636
46.875,0.012735331788633175
46.88,0.012106433691197793
46.885,0.011478954389545493
46.89,0.010858649041530555
46.895,0.010250787190106081
46.9,0.009660095283727799
46.905,0.009090714727246763
46.910000000000004,0.008546175270730316
46.915,0.00802938311846546
46.92,0.007542622771456564
46.925000000000004,0.007087571336667153
46.93,0.006665323817051316
46.935,0.006276427768629134
46.94,0.005920925641326846
46.945,0.005598403122485607
46.95,0.005308041851646905
46.955,0.005048674976238843
46.96,0.004818844145628276
46.965,0.0046168566968169955
46.97,0.004440841951928398
46.975,0.004288805721538225
46.980000000000004,0.004158682277197734
46.985,0.004048383219848795
46.99,0.003955842819193478
46.995,0.003879059531923801
47.0,0.003816133520533782
47.005,0.003765300088387713
47.01,0.003724959020890539
47.015,0.0036936998771747165
47.02,0.003670323313057333
47.025,0.0036538585349812913
47.03,0.0036435769919053035
47.035000000000004,0.0036390024007567027
47.04,0.0036399171885768966
47.045,0.0036463654061242023
47.050000000000004,0.003658652139045704
47.055,0.0036773394124300918
47.06,0.003703238550744059
47.065,0.0037373989293301157
47.07,0.003781093028839777
47.075,0.003835797691858378
47.08,0.00390317147621122
47.085,0.003985028009156455
47.09,0.004083305272471804
47.095,0.004200030790355136
47.1,0.004337282752501004
47.105000000000004,0.004497147186532047
47.11,0.0046816713942483545
47.115,0.0048928139855135555
47.12,0.005132391984103535
47.125,0.005402025631775942
47.13,0.0057030816829968245
47.135,0.006036616156304575
47.14,0.0064033176768649724
47.145,0.006803452713651126
47.15,0.007236814158066096
47.155,0.007702674813277355
47.160000000000004,0.008199747448010442
47.165,0.008726153101950018
47.17,0.009279399311186154
47.175000000000004,0.009856369833187273
47.18,0.010453327289535963
47.185,0.011065929911111994
47.19,0.011689263253533255
47.195,0.012317887367199631
47.2,0.012945899452596166
47.205,0.013567011533940132
47.21,0.014174642141639993
47.215,0.014762020451222213
47.22,0.015322300789605947
47.225,0.01584868491859126
47.230000000000004,0.01633454908295562
47.235,0.016773572465588416
47.24,0.0171598634757828
47.245,0.017488080205936285
47.25,0.01775354144572816
47.255,0.017952324856246094
47.26,0.018081349252256018
47.265,0.01813843842806051
47.27,0.01812236456487426
47.275,0.018032869939204943
47.28,0.017870666395587875
47.285000000000004,0.01763741280378639
47.29,0.017335671467463953
47.295,0.016968845141057898
47.300000000000004,0.016541096919130638
47.305,0.016057255766014578
47.31,0.015522710820714991
47.315,0.01494329785104398
47.32,0.014325181313459723
47.325,0.01367473543468023
47.33,0.012998427550122926
47.335,0.012302706649428785
47.34,0.011593899711595412
47.345,0.010878117963905254
47.35,0.01016117472876843
47.355000000000004,0.009448516025440057
47.36,0.008745164605109323
47.365,0.008055677640822267
47.37,0.00738411787449067
47.375,0.0067340376572389005
47.38,0.006108475021893156
47.385,0.005509960686470805
47.39,0.004940534717929879
47.395,0.004401771481134631
47.4,0.003894811444846269
47.405,0.0034203984192835435
47.410000000000004,0.002978920845199795
47.415,0.002570455829999041
47.42,0.0021948147319488243
47.425000000000004,0.0018515892125181566
47.43,0.001540196809588501
47.435,0.0012599252121914262
47.44,0.001009974556401172
47.445,0.0007894971748805268
47.45,0.0005976343577209775
47.455,0.00043354977137499695
47.46,0.0002964592792988885
47.465,0.0001856569715917855
47.47,0.00010053727718778438
47.475,4.061306939001641e-05
47.480000000000004,5.529715230045973e-06
47.485,-4.924963905217372e-06
47.49,9.185166978287196e-06
47.495,4.794630485133178e-05
47.5,0.00011159234696023201
47.505,0.0002004984192640613
47.51,0.0003151703047202803
47.515,0.00045622978666681746
47.52,0.0006243959418228417
47.525,0.0008204624379470893
47.53,0.0010452709290778017
47.535000000000004,0.001299680686050575
47.54,0.0015845346603464705
47.545,0.001900622254919604
47.550000000000004,0.002248639164129429
47.555,0.0026291447458435258
47.56,0.0030425175070485366
47.565,0.003488909406339502
47.57,0.003968199808715767
47.575,0.004479950062462379
47.58,0.005023359794769533
47.585,0.005597226143860823
47.59,0.006199907242168123
47.595,0.006829291343310118
47.6,0.007482773019045652
47.605000000000004,0.008157237849175658
47.61,0.008849056971200753
47.615,0.009554092734695985
47.62,0.010267716533164162
47.625,0.010984839633827903
47.63,0.01169995751573083
47.635,0.01240720785873961
47.64,0.01310044189296633
47.645,0.01377330836042745
47.65,0.014419348847571456
47.655,0.015032102752595478
47.660000000000004,0.01560521968497497
47.665,0.016132576652339026
47.67,0.016608397043103906
47.675000000000004,0.01702736812420369
47.68,0.0173847536372449
47.685,0.01767649802697946
47.69,0.017899318966243527
47.695,0.018050785078933984
47.7,0.01812937616907817
47.705,0.018134523766633492
47.71,0.018066630441460063
47.715,0.01792706701678526
47.72,0.017718147584162125
47.725,0.01744308296000696
47.730000000000004,0.017105913977687237
47.735,0.01671142666632619
47.74,0.016265051966911415
47.745,0.015772753091962244
47.75,0.015240903971900366
47.755,0.014676162414069438
47.76,0.014085341635247772
47.765,0.01347528371721296
47.77,0.01285273829808986
47.775,0.012224249457087666
47.78,0.011596053307357579
47.785000000000004,0.010973988312102279
47.79,0.010363419794636286
47.795,0.009769179567882702
47.800000000000004,0.009195521078222413
47.805,0.008646089956585001
47.81,0.00812390943535135
47.815,0.007631379709064134
47.82,0.007170290015402259
47.825,0.0067418419892479875
47.83,0.006346682692663919
47.835,0.005984945645483464
47.84,0.005656298170761076
47.845,0.005359993411277131
47.85,0.0050949254640126895
47.855000000000004,0.00485968620447963
47.86,0.0046526225244996056
47.865,0.004471892869114313
47.870000000000005,0.004315522138282013
47.875,0.0041814541806655114
47.88,0.004067601280561828
47.885,0.003971890183861682
47.89,0.00389230434884702
47.895,0.003826922222679663
47.9,0.003773951444186574
47.905,0.003731758949590658
47.910000000000004,0.0036988970173834623
47.915,0.0036741253269514385
47.92,0.0036564291296937446
47.925000000000004,0.0036450336366242314
47.93,0.0036394147245362007
47.935,0.0036393060438573138
47.94,0.0036447025896958196
47.945,0.0036558607689859968
47.95,0.0036732949631871348
47.955,0.003697770556460478
47.96,0.0037302933685610107
47.965,0.0037720954096518433
47.97,0.0038246168558333515
47.975,0.0038894841414141013
47.980000000000004,0.0039684840681175615
47.985,0.0040635338560810474
47.99,0.004176647098517172
47.995000000000005,0.004309895640166594
48.0,0.004465367476576887
48.005,0.0046451208683144785
48.01,0.004851134980597749
48.015,0.005085257494503281
48.02,0.005349149786772145
48.025,0.00564423043925899
48.03,0.00597161801043633
48.035000000000004,0.006332074173212021
48.04,0.006725948490947431
48.045,0.007153126254296538
48.050000000000004,0.007612980927095947
48.055,0.008104332842474804
48.06,0.00862541583445875
48.065,0.00917385348249411
48.07,0.009746646568235207
48.075,0.010340173201029756
48.08,0.01095020284633108
48.085,0.011571925186924403
48.09,0.012199994382832813
48.095,0.012828588846687694
48.1,0.013451486164317572
48.105000000000004,0.014062152256041571
48.11,0.01465384332599129
48.115,0.015219718609436939
48.120000000000005,0.01575296141767879
48.125,0.01624690554012176
48.13,0.01669516370319002
48.135,0.01709175454298162
48.14,0.017431224431398107
48.145,0.017708760526808476
48.15,0.017920291596830396
48.155,0.018062573487682698
48.160000000000004,0.018133256576398082
48.165,0.018130933120175996
48.17,0.018055163092043358
48.175000000000004,0.01790647782429744
48.18,0.017686361536028983
48.185,0.017397211578533245
48.19,0.01704227892806287
48.195,0.01662559108485695
48.2,0.01615186006302949
48.205,0.01562637854658888
48.21,0.015054907550357655
48.215,0.01444355904076744
48.22,0.013798676946915833
48.225,0.01312671984116065
48.230000000000004,0.012434148302965298
48.235,0.01172731961619533
48.24,0.01101239203033444
48.245000000000005,0.010295240332723665
48.25,0.009581383995353576
48.255,0.008875928664306088
48.26,0.00818352129593336
48.265,0.007508318816189075
48.27,0.006853969804001991
48.275,0.006223608387456281
48.28,0.005619859293359397
48.285000000000004,0.00504485280404765
48.29,0.004500248262194972
48.295,0.003987264702445259
48.300000000000004,0.003506717178446195
48.305,0.003059057394806608
48.31,0.0026444173241442215
48.315,0.002262654586633772
48.32,0.0019133984915589153
48.325,0.0015960957655272168
48.33,0.0013100551274671801
48.335,0.0010544899999942459
48.34,0.0008285587749781165
48.345,0.0006314021617439547
48.35,0.00046217725508612695
48.355000000000004,0.00032008804572059013
48.36,0.00020441217172761927
48.365,0.00011452377148335469
48.370000000000005,4.991234487666807e-05
48.375,1.0197564990620245e-05
48.38,-4.859994291625286e-06
48.385,4.647770104965893e-06
48.39,3.8779008740608134e-05
48.395,9.77403273650368e-05
48.4,0.00018188108509376022
48.405,0.00029168358953846063
48.410000000000004,0.0004277492027582319
48.415,0.0005907803898455022
48.42,0.0007815587587676198
48.425000000000004,0.001000919177716053
48.43,0.0012497200973782263
48.435,0.0015288102643253865
48.44,0.001838992084176816
48.445,0.002180981978029628
48.45,0.002555368176260231
48.455,0.0029625665078674146
48.46,0.003402774864822433
48.465,0.0038759271521833227
48.47,0.0043816476691667106
48.475,0.00491920699283277
48.480000000000004,0.005487480563633795
48.485,0.006084911267992155
48.49,0.006709477400541175
48.495000000000005,0.0073586674275780695
48.5,0.008029462980754687
48.505,0.008718331460109141
48.51,0.009421229521670682
48.515,0.0101336185580152
48.52,0.010850493043907505
48.525,0.01156642232347238
48.53,0.01227560604950284
48.535000000000004,0.01297194307460714
48.54,0.013649113130703938
48.545,0.014300670147541439
48.550000000000004,0.014920145572126842
48.555,0.015501159563221734
48.56,0.016037537501475185
48.565,0.01652342887645375
48.57,0.01695342532169164
48.575,0.01732267439184909
48.58,0.01762698561841347
48.585,0.017862925470566893
48.59,0.018027898070798187
48.595,0.018120208880489486
48.6,0.018139109073608495
48.605000000000004,0.01808481891130498
48.61,0.017958529127405143
48.615,0.017762380072312567
48.620000000000005,0.017499419124114013
48.625,0.017173537618468515
48.63,0.01678938923524953
48.635,0.01635229238603131
48.64,0.01586811963229451
48.645,0.015343177531235597
48.65,0.014784080503318364
48.655,0.01419762239470046
48.660000000000004,0.013590649311854719
48.665,0.012969937095498096
48.67,0.012342076464584295
48.675000000000004,0.011713368435568583
48.68,0.011089732126521312
48.685,0.010476626522358146
48.69,0.009878987228528757
48.695,0.009301178701090151
48.7,0.008746961942911469
48.705,0.00821947719598981
48.71,0.007721240775723004
48.715,0.00725415487399772
48.72,0.006819528921052864
48.725,0.0064181109285677
48.730000000000004,0.006050127151194573
48.735,0.005715328376554751
48.74,0.005413041188056411
48.745000000000005,0.005142222628686355
48.75,0.004901516810814854
48.755,0.004689312166028081
48.76,0.004503798190489405
48.765,0.004343020715655399
48.77,0.00420493490433671
48.775,0.004087455339109702
48.78,0.003988502724500798
48.785000000000004,0.003906046862875101
48.79,0.003838145685678196
48.795,0.0037829802228328546
48.800000000000004,0.0037388854746840394
48.805,0.003704377212231935
48.81,0.0036781747756913785
48.815,0.0036592199652021318
48.82,0.0036466921295794513
48.825,0.0036400195543644445
48.83,0.0036388872382683056
48.835,0.0036432411234619266
48.84,0.003653288817476369
48.845,0.0036694968139222017
48.85,0.0036925841859956066
48.855000000000004,0.003723512698888376
48.86,0.003763473260261385
48.865,0.0038138686117556997
48.870000000000005,0.003876292156180128
48.875,0.003952502819593029
48.88,0.004044395866406703
48.885,0.004153969621560449
48.89,0.004283288107824745
48.895,0.004434439678466795
48.9,0.0046094918204833135
48.905,0.004810442415243088
48.910000000000004,0.005039167876448758
48.915,0.005297368731975283
48.92,0.005586513380858804
48.925000000000004,0.005907780923712025
48.93,0.006262004140154431
48.935,0.006649613854291303
48.94,0.007070586083624875
48.945,0.0075243934989721595
48.95,0.008009962822924876
48.955,0.008525639846496347
48.96,0.009069163747810194
48.965,0.009637652333829294
48.97,0.010227599691365441
48.975,0.010834887530243975
48.980000000000004,0.01145481121274372
48.985,0.01208212110602247
48.99,0.01271107946444161
48.995000000000005,0.013335532566820518
49.0,0.013948997304609634
49.005,0.01454476087160117
49.01,0.015115991665133777
49.015,0.01565585898810795
49.02,0.01615765869014041
49.025,0.016614941504698777
49.03,0.017021640577311814
49.035000000000004,0.01737219453437433
49.04,0.017661662447558513
49.045,0.017885827196373327
49.050000000000004,0.01804128403036742
49.055,0.01812551157377129
49.06,0.01813692306748038
49.065,0.018074896309315136
49.07,0.017939781468832905
49.075,0.01773288671650164
49.08,0.017456442358152913
49.085,0.017113544879748588
49.09,0.01670808295189019
49.095,0.016244647987750938
49.1,0.015728432266168824
49.105000000000004,0.015165117923213955
49.11,0.014560760252578575
49.115,0.013921668762669981
49.120000000000005,0.013254289305841382
49.125,0.012565090350904029
49.13,0.011860456124992425
49.135,0.011146588934771273
49.14,0.010429422510181752
49.145,0.009714547723540079
49.15,0.00900715154262599
49.155,0.008311969609259506
49.160000000000004,0.007633252393528522
49.165,0.006974744490372942
49.17,0.006339676304612851
49.175000000000004,0.005730767099729306
49.18,0.005150238201713009
49.185,0.004599835009623021
49.19,0.004080856401721178
49.195,0.0035941901035734247
49.2,0.003140352617148068
49.205,0.002719532374521272
49.21,0.002331634875331723
49.215,0.001976328682581574
49.22,0.0016530912771512973
49.225,0.0013612539069955965
49.230000000000004,0.0011000446953168819
49.235,0.0008686294032864694
49.24,0.0006661493554407372
49.245000000000005,0.0004917561453481323
49.25,0.0003446428298103932
49.255,0.0002240713960826035
49.26,0.0001293963539988896
49.265,6.008434952420316e-05
49.27,1.5729737986323877e-05
49.275,-3.9339217931984305e-06
49.28,9.735296997957776e-07
49.285000000000004,3.0482140536955415e-05
49.29,8.477102531845304e-05
49.295,0.00016416343233599529
49.300000000000004,0.00026911770613613495
49.305,0.000400214158073009
49.31,0.0005581378710335372
49.315,0.0007436574852066613
49.32,0.0009576000415654207
49.325,0.0012008220024180005
49.33,0.0014741766236410214
49.335,0.0017784779218104063
49.34,0.0021144615627637364
49.345,0.0024827430974267983
49.35,0.002883774077020007
49.355000000000004,0.0033177967094886185
49.36,0.0037847978369107693
49.365,0.004284463158436225
49.370000000000005,0.004816132745489199
49.375,0.005378759023917823
49.38,0.005970868506922855
49.385,0.006590528640581184
49.39,0.007235321185849131
49.395,0.007902323562532843
49.4,0.00858809955272477
49.405,0.00928870065935783
49.410000000000004,0.009999679266005757
49.415,0.010716114520764819
49.42,0.011432651576448905
49.425000000000004,0.012143554477670904
49.43,0.012842772567228877
49.435,0.013524019843501378
49.44,0.014180866210285359
49.445,0.014806839069546385
49.45,0.015395533224278779
49.455,0.015940726606206823
49.46,0.016436498955883394
49.465,0.016877350273517777
49.47,0.0172583156556243
49.475,0.017575073060108082
49.480000000000004,0.01782404059152043
49.485,0.018002460110160712
49.49,0.01810846429713564
49.495000000000005,0.018141124791952734
49.5,0.01810047959745731
49.505,0.0179875386245385
49.51,0.01780426698574189
49.515,0.017553546403476616
49.52,0.01723911584629434
49.525,0.01686549321328812
49.53,0.016437880497633728
49.535000000000004,0.01596205538769624
49.54,0.015444252632235589
49.545,0.014891038750413088
49.550000000000004,0.014309183748736132
49.555,0.01370553345292791
49.56,0.013086885870425391
49.565,0.012459874686577166
49.57,0.011830862582815627
49.575,0.011205846585834678
49.58,0.01059037712303379
49.585,0.009989491916190474
49.59,0.009407665299981716
49.595,0.008848773044665137
49.6,0.008316072293961696
49.605000000000004,0.007812195831618851
49.61,0.007339159558025443
49.615,0.00689838180211666
49.620000000000005,0.006490712921092268
49.625,0.006116473532433275
49.63,0.005775499690592767
49.635,0.005467193340738419
49.64,0.005190576460959662
49.645,0.004944347411427685
49.65,0.0047269381563133095
49.655,0.0045365711833245115
49.660000000000004,0.0043713151160815755
49.665,0.004229138189291604
49.67,0.0041079589227353
49.675000000000004,0.004005693487226125
49.68,0.003920299398406435
49.685,0.0038498152984947076
49.69,0.0037923966913164797
49.695,0.0037463475807022473
49.7,0.003710148029558602
49.705,0.003682477701069109
49.71,0.0036622354731830065
49.715,0.003648555231386269
49.72,0.0036408179425775934
49.725,0.0036386601021766458
49.730000000000004,0.0036419786243782476
49.735,0.003650932220185754
49.74,0.003665939274027308
49.745000000000005,0.0036876722019305586
49.75,0.0037170482393318327
49.755,0.0037552165847800634
49.76,0.00380354180300424
49.765,0.0038635833842182166
49.77,0.003937071355122335
49.775,0.004025877857328108
49.78,0.004131984637117725
49.785000000000004,0.0042574464436491155
49.79,0.0044043504021482605
49.795,0.004574771515521547
49.800000000000004,0.004770724560875905
49.805,0.004994112773779591
49.81,0.0052466738583092365
49.815,0.005529924022527055
49.82,0.005845100905741418
49.825,0.00619310643936366
49.83,0.006574450850120428
49.835,0.006989199175325922
49.84,0.007436921794234053
49.845,0.007916650586864193
49.85,0.008426842395877543
49.855000000000004,0.008965351476536654
49.86,0.00952941257488149
49.865,0.010115636149702567
49.870000000000005,0.010720017066969234
49.875,0.011337957817712407
49.88,0.011964306971758987
49.885,0.012593413157706124
49.89,0.013219194387822597
49.895,0.013835222025960547
49.9,0.014434818152178508
49.905,0.015011164531671284
49.910000000000004,0.015557420875087047
49.915,0.016066849602790256
49.92,0.01653294393798177
49.925000000000004,0.01694955586276592
49.93,0.017311020299764834
49.935,0.017612271868173934
49.94,0.017848950672807007
49.945,0.018017493863553113
49.95,0.018115210113201385
49.955,0.018140334699332072
49.96,0.018092063518416523
49.965,0.017970565071479427
49.97,0.01777697021885416
49.975,0.017513340252442333
49.980000000000004,0.017182614566216614
49.985,0.016788539855227214
49.99,0.016335583349711413
49.995000000000005,0.01582883302057425
50.0,0.015273888022612425
50.005,0.01467674279620823
50.01,0.014043668286156219
50.015,0.013381093628826335
50.02,0.01269549142834947
50.025,0.011993269423800967
50.03,0.011280670936827164
50.035000000000004,0.010563686032149633
50.04,0.009847974839843232
50.045,0.009138803986935784
50.050000000000004,0.008440996614947238
50.055,0.007758896013633887
50.06,0.007096342505953146
50.065,0.006456662882897035
50.07,0.005842671412317202
50.075,0.005256681239192318
50.08,0.004700524854287735
50.085,0.004175582223989949
50.09,0.0036828151498671247
50.095,0.0032228064479138396
50.1,0.002795802596012642
50.105000000000004,0.0024017585891273896
50.11,0.002040383854593486
50.115,0.0017111882023490566
50.120000000000005,0.0014135269228967573
50.125,0.0011466442710021951
50.13,0.0009097147083032553
50.135,0.0007018813924135614
50.14,0.0005222915104878822
50.145,0.000370128148573734
50.15,0.0002446384713954419
50.155,0.00014515804785852904
50.160000000000004,7.113121640447972e-05
50.165,2.212741748794378e-05
50.17,-2.146545259358243e-06
50.175000000000004,-1.838340957188364e-06
50.18,2.3053947455387025e-05
50.185,7.268177005129162e-05
50.19,0.00014734194743110107
50.195,0.000247468400716655
50.2,0.00037361978695438225
50.205,0.0005264630630459344
50.21,0.0007067530185582704
50.215,0.0009153078502848189
50.22,0.0011529808871868497
50.225,0.0014206286300741944
50.230000000000004,0.0017190753331668418
50.235,0.002049074441436538
50.24,0.0024112672843061844
50.245000000000005,0.0028061395438774284
50.25,0.0032339761266211298
50.255,0.0036948152036835324
50.26,0.00418840231046147
50.265,0.004714145534977732
50.27,0.005271072943450861
50.275,0.005857793508077691
50.28,0.0064724628896080105
50.285000000000004,0.007112755484619981
50.29,0.0077758441718494
50.295,0.008458389159706314
50.300000000000004,0.00915653725648724
50.305,0.009865932743171157
50.31,0.010581740815947427
50.315,0.011298684292466277
50.32,0.01201109393859312
50.325,0.012712972373790876
50.33,0.013398071067708628
50.335,0.014059979466459538
50.34,0.01469222478883836
50.345,0.015288380548650338
50.35,0.01584218139999649
50.355000000000004,0.01634764149866541
50.36,0.0167991732478896
50.365,0.017191703076449016
50.370000000000005,0.017520780788622403
50.375,0.017782679065540208
50.38,0.017974479863703152
50.385,0.018094144777570875
50.39,0.018140566876766684
50.395,0.018113602101138326
50.4,0.018014078952390378
50.405,0.01784378594845748
50.410000000000004,0.01760543706886608
50.415,0.01730261616209816
50.42,0.01693970201155537
50.425000000000004,0.016521776382155906
50.43,0.016054517916970212
50.435,0.015544085152875198
50.44,0.014996992198732073
50.445,0.014419980734018623
50.45,0.013819891958700481
50.455,0.013203541953668463
50.46,0.012577603623014966
50.465,0.011948497989070717
50.47,0.011322297145017757
50.475,0.010704640640504692
50.480000000000004,0.010100666536239089
50.485,0.009514957813003377
50.49,0.008951504306669023
50.495000000000005,0.00841367986492969
50.5,0.007904234006325339
50.505,0.0074252970207169255
50.51,0.006978397178905027
50.515,0.0065644885291096244
50.52,0.00618398764071415
50.525,0.005836817608759759
50.53,0.005522457643262868
50.535000000000004,0.00523999663736241
50.54,0.004988189208836147
50.545,0.004765512853972531
50.550000000000004,0.004570225004285611
50.555,0.004400418952912766
50.56,0.004254077785101451
50.565,0.0041291256198379145
50.57,0.004023475627367379
50.575,0.003935074432191765
50.58,0.00386194264061146
50.585,0.003802211339646533
50.59,0.0037541545032144796
50.595,0.003716217311457215
50.6,0.0036870404379408805
50.605000000000004,0.0036654803920737056
50.61,0.003650626019080172
50.615,0.003641811263410559
50.620000000000005,0.00363862428837194
50.625,0.0036409130287234706
50.63,0.003648787224115879
50.635,0.003662616952513853
50.64,0.0036830276495077863
50.645,0.0037108915703415457
50.65,0.0037473156226357496
50.655,0.003793625477704232
50.660000000000004,0.0038513458577944526
50.665,0.003922176893901952
50.67,0.0040079664645422675
50.675000000000004,0.004110678453316474
50.68,0.004232356910898183
50.685,0.004375086172799136
50.69,0.004540947069603618
50.695,0.004731969473105835
50.7,0.004950081545226581
50.705,0.005197056200930916
50.71,0.005474455452789684
50.715,0.00578357347145797
50.72,0.00612537937229618
50.725,0.006500460904632632
50.730000000000004,0.006908970386156454
50.735,0.007350574361925766
50.74,0.007824408583591236
50.745000000000005,0.008329039974054098
50.75,0.008862437268234657
50.755,0.00942195197974982
50.76,0.010004311241544883
50.765,0.010605623887403937
50.77,0.01122140088520851
50.775,0.011846590901072318
50.78,0.012475631370950424
50.785000000000004,0.013102514988872827
50.79,0.013720871011098978
50.795,0.014324060231587055
50.800000000000004,0.014905281939594062
50.805,0.015457690637578736
50.81,0.015974519818858113
50.815,0.016449209695117872
50.82,0.016875535449365486
50.825,0.017247732405941463
50.83,0.017560614451205936
50.835,0.017809682134505067
50.84,0.01799121712443963
50.845,0.01810236007924715
50.85,0.01814116950882294
50.855000000000004,0.018106659829392413
50.86,0.01799881751288268
50.865,0.01781859498567684
50.870000000000005,0.01756788268562559
50.875,0.017249460424210383
50.88,0.01686692987070515
50.885,0.016424630562266174
50.89,0.015927542310389953
50.895,0.015381177214287334
50.9,0.014791464685529832
50.905,0.014164632947771594
50.910000000000004,0.013507090389403231
50.915,0.012825309944133778
50.92,0.012125719366498089
50.925000000000004,0.011414599872246356
50.93,0.010697995169824281
50.935,0.009981632416621977
50.94,0.00927085614524259
50.945,0.008570575722572471
50.95,0.007885226449747762
50.955,0.007218744009648503
50.96,0.006574551618443891
50.965,0.005955558951155737
50.97,0.005364171694278497
50.975,0.004802310420750189
50.980000000000004,0.004271437393612132
50.985,0.003772589868725973
50.99,0.003306418474959827
50.995000000000005,0.002873229312440273
51.0,0.002473028484787143
51.005,0.0021055678972334846
51.01,0.0017703912728261884
51.015,0.0014668794712191513
51.02,0.001194294326662515
51.025,0.0009518203521263757
51.03,0.0007386037785077626
51.035000000000004,0.0005537885042383728
51.04,0.0003965486340642421
51.045,0.0002661173631951508
51.050000000000004,0.0001618120341576046
51.055,8.305525040591677e-05
51.06,2.9391968243169808e-05
51.065,5.025217182166863e-07
51.07,-3.788444011682251e-06
51.075,1.6492854734248552e-05
51.08,6.147005795573146e-05
51.085,0.00013141326821514143
51.09,0.0002267315492894273
51.095,0.0003479613279051552
51.1,0.0004957507164466968
51.105000000000004,0.0006708397970967006
51.11,0.000874036930351707
51.115,0.00110619119062072
51.120000000000005,0.0013681610797431354
51.125,0.0016607797369330157
51.13,0.0019848169353089418
51.135,0.002340938255285252
51.14,0.002729661923918769
51.145,0.0031513139324799155
51.15,0.003605982167943722
51.155,0.004093470427497081
51.160000000000004,0.004613253319222466
51.165,0.005164433174684291
51.17,0.005745700222005823
51.175000000000004,0.006355297351348099
51.18,0.0069909908811123245
51.185,0.007650048753880867
51.19,0.008329227575075038
51.195,0.009024769837310487
51.2,0.00973241253911894
51.205,0.010447408210833231
51.21,0.011164559099572813
51.215,0.011878264935820226
51.22,0.012582584318362677
51.225,0.013271309318014346
51.230000000000004,0.013938052428812853
51.235,0.014576344498728133
51.24,0.015179741788671208
51.245000000000005,0.015741939834491347
51.25,0.016256891381583927
51.255,0.01671892530696084
51.26,0.0171228632153273
51.265,0.017464130257252464
51.27,0.01773885672830744
51.275,0.017943967156703877
51.28,0.018077253873229893
51.285000000000004,0.01813743248261801
51.29,0.018124177203397096
51.295,0.01803813468692539
51.300000000000004,0.0178809156427846
51.305,0.01765506435260278
51.31,0.01736400691092399
51.315,0.01701197975220481
51.32,0.016603940682770713
51.325,0.016145465187843655
51.33,0.01564263122205034
51.335,0.015101895984205527
51.34,0.014529968326645104
51.345,0.013933680443390273
51.35,0.013319862340420485
51.355000000000004,0.01269522232174225
51.36,0.012066236342047176
51.365,0.011439048625099701
51.370000000000005,0.010819385422884409
51.375,0.010212483255120475
51.38,0.00962303241433915
51.385,0.009055136003336628
51.39,0.008512284283970217
51.395,0.007997343692061065
51.4,0.0075125595152201186
51.405,0.007059570945209259
51.410000000000004,0.006639437014641203
51.415,0.0062526717928736986
51.42,0.0058992871591438956
51.425000000000004,0.0055788414712445444
51.43,0.005290492506542677
51.435,0.005033053148332911
51.44,0.004805048428647041
51.445,0.004604772686832348
51.45,0.004430345778862588
51.455,0.0042797674389305485
51.46,0.004150969070487065
51.465,0.004041862400997687
51.47,0.00395038458550534
51.475,0.003874539474764571
51.480000000000004,0.003812434875382076
51.485,0.0037623157243653615
51.49,0.003722593170515154
51.495000000000005,0.0036918696110276317
51.5,0.00366895976493109
51.505,0.0036529078848349383
51.51,0.003643001212012137
51.515,0.0036387797725018303
51.52,0.0036400425926285188
51.525,0.0036468503895591697
51.53,0.0036595247599240377
51.535000000000004,0.0036786438598890303
51.54,0.0037050345380134075
51.545,0.003739760853832985
51.550000000000004,0.0037841088943326717
51.555,0.0038395677848628296
51.56,0.003907806790760748
51.565,0.003990648414260001
51.57,0.004090037419263837
51.575,0.004208005758689737
51.58,0.004346633441953074
51.585,0.004508005462282583
51.59,0.004694165004353934
51.595,0.0049070632771677225
51.6,0.00514850645236109
51.605000000000004,0.005420100346979595
51.61,0.005723193653418335
51.615,0.0060588206919920395
51.620000000000005,0.006427644834449353
51.625,0.006829903908691648
51.63,0.007265359042079922
51.635,0.007733248518700719
51.64,0.008232248307979972
51.645,0.008760440951927961
51.65,0.009315294476923697
51.655,0.009893652900174743
51.660000000000004,0.010491739737840788
51.665,0.011105175680476975
51.67,0.01172901128208892
51.675000000000004,0.012357775119141934
51.68,0.012985537422366633
51.685,0.013605988675958969
51.69,0.014212532145414514
51.695,0.014798388744804214
51.7,0.015356712118176574
51.705,0.01588071132157154
51.71,0.016363778062725487
51.715,0.016799615126508627
51.72,0.01718236240213855
51.725,0.01750671684318661
51.730000000000004,0.01776804276556021
51.735,0.01796246909412247
51.74,0.01808697054234898
51.745000000000005,0.01813943019000419
51.75,0.018118681540435944
51.755,0.018024528821698027
51.76,0.01785774504327975
51.765,0.01762004807791584
51.77,0.01731405578021139
51.775,0.01694322183941921
51.78,0.016511754668680823
51.785000000000004,0.01602452212317118
51.79,0.015486945204102653
51.795,0.01490488412911617
51.800000000000004,0.014284520230450681
51.805,0.013632237085836607
51.81,0.012954504103532827
51.815,0.012257765492272199
51.82,0.01154833716857695
51.825,0.010832313708462493
51.83,0.010115486977838373
51.835,0.00940327757236048
51.84,0.0087006797209348
51.845,0.008012219841063484
51.85,0.0073419285281985935
51.855000000000004,0.006693325388575033
51.86,0.006069415843859005
51.865,0.0054726987873792154
51.870000000000005,0.004905183818172176
51.875,0.004368416668382835
51.88,0.003863511397362629
51.885,0.003391187927416439
51.89,0.002951813545728932
51.895,0.0025454470735333246
51.9,0.002171884510413946
51.905,0.0018307050841430694
51.910000000000004,0.0015213167628944646
51.915,0.0012430004239969428
51.92,0.0009949520025847036
51.925000000000004,0.0007763220639400714
51.93,0.0005862523601694036
51.935,0.00042390902790767626
51.94,0.00028851217167036314
51.945,0.00017936164847853764
51.95,9.585892670666007e-05
51.955,3.7524934576260716e-05
51.96,4.013850542917974e-06
51.965,-4.877197151015593e-06
51.97,1.0797467474864264e-05
51.975,5.113355471872416e-05
51.980000000000004,0.00011637418626536666
51.985,0.00020690316201266157
51.99,0.0003232341277876749
51.995000000000005,0.00046599566036809037
52.0,0.0006359123030628133
52.005,0.000833781613064577
52.01,0.0010604473119038005
52.015,0.001316768682420033
52.02,0.001603586413851943
52.025,0.001921685174981036
52.03,0.002271753281184452
52.035000000000004,0.0026543399288989633
52.04,0.0030698105826019173
52.045,0.0035183012296453597
52.050000000000004,0.003999672344221494
52.055,0.004513463539113971
52.06,0.005058850011876004
52.065,0.0056346020055801915
52.07,0.006239048611234921
52.075,0.006870047299955218
52.08,0.007524960619701204
52.085,0.008200641472466685
52.09,0.008893428334264541
52.095,0.009599151656065175
52.1,0.010313152500710743
52.105000000000004,0.01103031421948586
52.11,0.01174510766139747
52.115,0.01245165002331916
52.120000000000005,0.013143777030762749
52.125,0.013815127665125715
52.13,0.014459240165287213
52.135,0.0150696575396978
52.14,0.015640040351385665
52.145,0.016164284115053107
52.15,0.0166366382802714
52.155,0.017051823524795395
52.160000000000004,0.01740514391758552
52.165,0.017692590501425798
52.17,0.017910932964312565
52.175000000000004,0.018057796324384867
52.18,0.018131719964905813
52.185,0.01813219686980716
52.19,0.01805969154672482
52.195,0.017915635824543585
52.2,0.01770240246868582
52.205,0.01742325730557326
52.21,0.017082291293647245
52.215,0.016684334634902598
52.22,0.01623485560618576
52.225,0.015739847248198657
52.230000000000004,0.015205705364774502
52.235,0.014639101470965699
52.24,0.014046854343483517
52.245000000000005,0.013435803713861105
52.25,0.01281268939882807
52.255,0.01218403879462926
52.26,0.011556065227363632
52.265,0.010934579132399591
52.27,0.010324913506508437
52.275,0.009731864518045086
52.28,0.009159647638558255
52.285000000000004,0.008611869162024277
52.29,0.00809151253893603
52.295,0.007600938586627137
52.300000000000004,0.007141898332200469
52.305,0.006715557031640174
52.31,0.006322527759055063
52.315,0.005962912889334149
52.32,0.005636351789059191
52.325,0.005342073076421983
52.33,0.005078949904573804
52.335,0.004845556848593446
52.34,0.004640227129669938
52.345,0.004461109074794578
52.35,0.004306220885367473
52.355000000000004,0.004173502956469122
52.36,0.004060867155726289
52.365,0.0039662426163116216
52.370000000000005,0.003887617740185423
52.375,0.00382307821724881
52.38,0.0037708409671937115
52.385,0.0037292839853340087
52.39,0.0036969721313029336
52.395,0.0036726789370364887
52.4,0.00365540453403429
52.405,0.0036443898037504946
52.410000000000004,0.0036391268527470174
52.415,0.0036393658932660725
52.42,0.0036451185914887912
52.425000000000004,0.0036566579113171682
52.43,0.0036745144537279617
52.435,0.0036994692581115984
52.44,0.003732543003914124
52.445,0.0037749815279184418
52.45,0.0038282375558522652
52.455,0.003893948543961745
52.46,0.003973910532001579
52.465,0.004070047934002563
52.47,0.004184379232376578
52.475,0.004318978599290979
52.480000000000004,0.004475933548235389
52.485,0.004657298816361788
52.49,0.0048650467968283095
52.495000000000005,0.005101014975545937
52.5,0.00536685098046874
52.505,0.0056639560144660095
52.51,0.005993427615099023
52.515,0.00635600285751714
52.52,0.006752003281365049
52.525,0.007181282972981151
52.53,0.0076431813602653165
52.535000000000004,0.008136482362708364
52.54,0.008659381585754744
52.545,0.009209463231389492
52.550000000000004,0.009783688320712969
52.555,0.010378395669732754
52.56,0.010989316836763408
52.565,0.011611605952555948
52.57,0.012239884967609527
52.575,0.012868304408105047
52.58,0.013490619236094403
52.585,0.014100278872415828
52.59,0.014690529899120008
52.595,0.01525452941360328
52.6,0.01578546650630841
52.605000000000004,0.016276688894990343
52.61,0.016721831397063625
52.615,0.017114942683924994
52.620000000000005,0.01745060665476217
52.625,0.01772405481035122
52.63,0.017931266186721473
52.635,0.018069051752519272
52.64,0.018135120636337376
52.645,0.01812812614200965
52.65,0.018047690184793908
52.655,0.01789440551581123
52.660000000000004,0.0176698158637123
52.665,0.017376374870394784
52.67,0.017017385392474438
52.675000000000004,0.016596921368766004
52.68,0.01611973496025243
52.685,0.01559115206542927
52.69,0.015016959556170661
52.695,0.014403287695383682
52.7,0.01375649115914257
52.705,0.013083031928861288
52.71,0.012389367046683475
52.715,0.011681843861094166
52.72,0.010966604959605775
52.725,0.01024950450981521
52.730000000000004,0.009536037237975137
52.735,0.008831280781397055
52.74,0.008139851694497935
52.745000000000005,0.007465874954373675
52.75,0.006812966449594171
52.755,0.006184227619652205
52.76,0.005582251173722241
52.765,0.005009136632235567
52.77,0.004466514329607207
52.775,0.003955576449083509
52.78,0.00347711366533332
52.785000000000004,0.003031556004996716
52.79,0.0026190166106410118
52.795,0.002239337194277269
52.800000000000004,0.0018921340861446367
52.805,0.0015768439140702029
52.81,0.0012927680783585416
52.815,0.0010391153251099183
52.82,0.0008150418372476764
52.825,0.0006196883852751522
52.83,0.0004522141756730935
52.835,0.00031182712723132333
52.84,0.0001978103781222762
52.845,0.00010954488732034529
52.85,4.6528039321147574e-05
52.855000000000004,8.388196625769284e-06
52.86,-5.104832655289347e-06
52.865,5.966571384720398e-06
52.870000000000005,4.167009787486853e-05
52.875,0.00010222165115231219
52.88,0.00018797938706360817
52.885,0.0002994336478421289
52.89,0.0004371928087054666
52.895,0.0006019650695265888
52.9,0.0007945362416923452
52.905,0.0010157436203663828
52.910000000000004,0.0012664460700877456
52.915,0.0015474905173000764
52.92,0.0018596751099160258
52.925000000000004,0.0022037093972038235
52.93,0.002580171977776935
52.935,0.0029894661830969227
52.94,0.003431774483450667
52.945,0.0039070124361249015
52.95,0.004414783128410704
52.955,0.004954333197169092
52.96,0.005524511628054896
52.965,0.006123732639451873
52.97,0.00674994403441076
52.975,0.0074006024458803665
52.980000000000004,0.008072656900946384
52.985,0.0087625420808628
52.99,0.009466182540361245
52.995000000000005,0.01017900898355606
53.0,0.010895987451686295
53.005,0.011611661977038779
53.01,0.012320210888010052
53.015,0.013015516539869765
53.02,0.013691247773444104
53.025,0.014340953924797617
53.03,0.014958168713402387
53.035000000000004,0.015536521855246122
53.04,0.016069855816159162
53.045,0.016552344742290614
53.050000000000004,0.016978612327338993
53.055,0.017343845200819885
53.06,0.01764389837761371
53.065,0.017875389400927588
53.07,0.018035778054510843
53.075,0.01812342887949825
53.08,0.018137654256705105
53.085,0.018078736402529216
53.09,0.017947927338731517
53.095,0.01774742663033635
53.1,0.017480337448866123
53.105000000000004,0.01715060225622267
53.11,0.016762920093228217
53.115,0.01632264804536021
53.120000000000005,0.015835689949639686
53.125,0.015308375749395253
53.13,0.01474733510744386
53.135,0.014159368944064
53.14,0.01355132246920121
53.145,0.012929963059669092
53.15,0.01230186598283467
53.155,0.011673310547692495
53.160000000000004,0.011050188756648538
53.165,0.010437927999120689
53.17,0.009841428781150796
53.175000000000004,0.009265017946329834
53.18,0.008712417343456735
53.185,0.00818672744910387
53.19,0.0076904250645633
53.195,0.007225373899178322
53.2,0.0067928466151396805
53.205,0.0063935567507567015
53.21,0.006027698853824148
53.215,0.005694995136519054
53.22,0.005394747001027156
53.225,0.005125889868722311
53.230000000000004,0.004887049867937421
53.235,0.004676601084081966
53.24,0.004492722238266467
53.245000000000005,0.0043334518353619345
53.25,0.004196740991980974
53.255,0.0040805033220783216
53.26,0.00398266141107273
53.265,0.003901189545676864
53.27,0.0038341524892477885
53.275,0.003779740190915648
53.28,0.0037362983966751084
53.285000000000004,0.003702355192939377
53.29,0.0036766435532153974
53.295,0.003658119983596775
53.300000000000004,0.003645979373211053
53.305,0.0036396661498399163
53.31,0.003638881829261426
53.315,0.003643589021046667
53.32,0.003654011928130141
53.325,0.00367063334400225
53.33,0.003694188120377029
53.335,0.003725653048939792
53.34,0.0037662330758001517
53.345,0.0038173437504014363
53.35,0.0038805898029590224
53.355000000000004,0.003957739751357714
53.36,0.0040506964566136006
53.365,0.004161463584252623
53.370000000000005,0.004292107983494553
53.375,0.004444718069797737
53.38,0.004621358393016806
53.385,0.004824020685230579
53.39,0.005054571817341369
53.395,0.005314699241663945
53.4,0.005605854660823084
53.405,0.005929196834099315
53.410000000000004,0.006285534604465681
53.415,0.006675271397897475
53.42,0.007098352599824054
53.425000000000004,0.007554217344157621
53.43,0.008041756345370743
53.435,0.008559277457703018
53.44,0.00910448064194469
53.445,0.00967444395350725
53.45,0.010265622029919541
53.455,0.010873858342172582
53.46,0.011494412183807867
53.465,0.012122001011402261
53.47,0.012750858309999558
53.475,0.01337480668053459
53.480000000000004,0.013987345306976096
53.485,0.014581750421967854
53.49,0.015151186844985176
53.495000000000005,0.015688828151155576
53.5,0.016187982584810356
53.505,0.016642221451171224
53.51,0.017045506470900307
53.515,0.01739231243976036
53.52,0.017677741557051263
53.525,0.01789762593773503
53.53,0.018048615133594126
53.535000000000004,0.018128245940175702
53.54,0.01813499232072502
53.545,0.018068293955337822
53.550000000000004,0.017928562637962386
53.555,0.017717166508901983
53.56,0.017436392862045125
53.565,0.01708939097404283
53.57,0.01668009704373219
53.575,0.016213143864334256
53.58,0.015693758266809965
53.585,0.01512764964412483
53.59,0.014520893008157287
53.595,0.013879810017563443
53.6,0.013210851283162128
53.605000000000004,0.012520483000230342
53.61,0.011815080610631412
53.615,0.011100831775433306
53.620000000000005,0.01038365047176626
53.625,0.009669103533138212
53.63,0.008962350463438185
53.635,0.008268096885281295
53.64,0.007590561546489738
53.645,0.006933456432246743
53.65,0.006299979204502648
53.655,0.005692816936374356
53.660000000000004,0.005114159916368877
53.665,0.0045657241729379905
53.67,0.00404878130248143
53.675000000000004,0.003564194168685475
53.68,0.003112457075848951
53.685,0.002693739085032121
53.69,0.002307929237997719
53.695,0.001954682572348432
53.7,0.0016334659368757443
53.705,0.0013436027497149006
53.71,0.0010843159749169828
53.715,0.0008547687172262286
53.72,0.0006541019534007653
53.725,0.0004814690219803186
53.730000000000004,0.0003360665859198919
53.735,0.00021716185748199557
53.74,0.0001241159390000246
53.745000000000005,5.640318164312763e-05
53.75,1.3626498882181315e-05
53.755,-4.471397778368653e-06
53.76,1.99913448081096e-06
53.765,3.30776985652953e-05
53.77,8.895277225767773e-05
53.775,0.00016995651460838257
53.78,0.0002765554673530568
53.785000000000004,0.000409337165974355
53.79,0.0005689926867340489
53.795,0.0007562951794453099
53.800000000000004,0.0009720744623904487
53.805,0.001217187806729303
53.81,0.0014924870821380054
53.815,0.0017987825187120166
53.82,0.002136803412010835
53.825,0.0025071562072032094
53.83,0.0029102805008980326
53.835,0.003346403628675887
53.84,0.003815494630147853
53.845,0.0043172185210025305
53.85,0.004850891929219614
53.855000000000004,0.005415441276689137
53.86,0.006009364795843908
53.865,0.006630699748980007
53.870000000000005,0.007276996273656522
53.875,0.00794529928252885
53.88,0.008632139806188377
53.885,0.009333537071515963
53.89,0.010045012446784796
53.895,0.010761616157829224
53.9,0.011477967395414623
53.905,0.012188308067131004
53.910000000000004,0.012886570053332491
53.915,0.0135664553556758
53.92,0.014221528057380084
53.925000000000004,0.014845316510154305
53.93,0.015431423686372625
53.935,0.0159736431829387
53.94,0.01646607798621602
53.945,0.016903258792176246
53.95,0.01728025849946846
53.955,0.017592799404120285
53.96,0.01783734971018447
53.965,0.0180112061638269
53.97,0.01811255998132566
53.975,0.01814054371404694
53.980000000000004,0.01809525728673833
53.985,0.017977772131835934
53.99,0.017790113069864333
53.995000000000005,0.017535218355845927
54.0,0.017216879047509792
54.005,0.016839659560126563
54.01,0.016408801874796097
54.015,0.01593011638415831
54.02,0.015409862727768342
54.025,0.014854624201039002
54.03,0.014271179405447754
54.035000000000004,0.013666374738427578
54.04,0.013047001120980894
54.045,0.012419678044249594
54.050000000000004,0.011790747592332451
54.055,0.011166180619753163
54.06,0.01055149672427902
54.065,0.009951699108945888
54.07,0.009371224891687291
54.075,0.008813910904684974
54.08,0.008282974572800583
54.085,0.007781009056515131
54.09,0.007309991525033865
54.095,0.006871303171010368
54.1,0.006465759409119087
54.105000000000004,0.006093648601005697
54.11,0.005754777615921469
54.115,0.005448522566975811
54.120000000000005,0.005173883135281443
54.125,0.004929539013559747
54.13,0.004713907141764118
54.135,0.004525198571575295
54.14,0.004361473965598606
54.145,0.004220696912710764
54.15,0.004100784404322155
54.155,0.0039996539769235895
54.160000000000004,0.003915267162065028
54.165,0.0038456690142614214
54.17,0.0037890235852786613
54.175000000000004,0.0037436453024537464
54.18,0.003708026269547804
54.185,0.003680859555039495
54.19,0.003661058560435082
54.195,0.0036477725729902044
54.2,0.0036403986069043145
54.205,0.003638589621359065
54.21,0.0036422591870781465
54.215,0.0036515826406913754
54.22,0.003666994739245255
54.225,0.0036891837920732806
54.230000000000004,0.003719082220058123
54.235,0.0037578534633884164
54.24,0.003806875143993027
54.245000000000005,0.0038677183758855094
54.25,0.003942123122451235
54.255,0.004031969515349676
54.26,0.004139245083819354
54.265,0.004266007893723334
54.27,0.004414345668472208
54.275,0.004586331052552239
54.28,0.004783973290164667
54.285000000000004,0.005009166721677616
54.29,0.005263636645414849
54.295,0.005548883255080739
54.300000000000004,0.0058661245298807785
54.305,0.006216239129946288
54.31,0.006599710517942725
54.315,0.007016573682896876
54.32,0.0074663659807399085
54.325,0.007948083708491538
54.33,0.008460146086783027
54.335,0.009000368339187048
54.34,0.009565945499101502
54.345,0.010153448452292935
54.35,0.010758833526697487
54.355000000000004,0.011377466664065139
54.36,0.012004162856307232
54.365,0.012633241113437776
54.370000000000005,0.013258594746616836
54.375,0.013873776231594803
54.38,0.014472095370830829
54.385,0.015046728927732289
54.39,0.01559083938801109
54.395,0.016097700034947593
54.4,0.016560823138952685
54.405,0.016974087781363778
54.410000000000004,0.017331863674613146
54.415,0.017629127321029614
54.42,0.01786156699084529
54.425000000000004,0.018025673274692622
54.43,0.018118812389367633
54.435,0.01813927996131781
54.44,0.0180863336603565
54.445,0.017960203767636074
54.45,0.017762081527330054
54.455,0.017494085874290022
54.46,0.017159209865127423
54.465,0.016761248782493965
54.47,0.01630471244592968
54.475,0.015794724699723872
54.480000000000004,0.015236913346519998
54.485,0.014637293965652276
54.49,0.01400215106208691
54.495000000000005,0.013337919892663308
54.5,0.012651072069708391
54.505,0.01194800772081095
54.51,0.0112349565639569
54.515,0.010517889807189817
54.52,0.009802444279607414
54.525,0.009093859719225605
54.53,0.008396929660978714
54.535000000000004,0.007715965928152713
54.54,0.007054776340197577
54.545,0.006416654916000297
54.550000000000004,0.005804383580525041
54.555,0.005220244184217293
54.56,0.004666039499753083
54.565,0.004143121792470339
54.57,0.003652427527653046
54.575,0.0031945168101987775
54.58,0.0027696162082806453
54.585,0.00237766371054704
54.59,0.002018354670543232
54.595,0.001691187730080479
54.6,0.001395509833896913
54.605000000000004,0.0011305595890394038
54.61,0.0008955083465047586
54.615,0.0006894984992407149
54.620000000000005,0.0005116786047303368
54.625,0.00036123502506524297
54.63,0.00023741986533210024
54.635,0.00013957505074269072
54.64,6.7152435480472e-05
54.645,1.9729879130014893e-05
54.65,-2.976754396129787e-06
54.655,-1.10569214785243e-06
54.660000000000004,2.5354543902983417e-05
54.665,7.656482302606515e-05
54.67,0.00015283098107926607
54.675000000000004,0.0002545952899352111
54.68,0.0003824238326728402
54.685,0.0005369898096523329
54.69,0.0007190528165339494
54.695,0.0009294341709025211
54.7,0.0011689883965280146
54.705,0.0014385710353255199
54.71,0.0017390030193009665
54.715,0.002071031919683719
54.72,0.0024352904823583543
54.725,0.002832252974728
54.730000000000004,0.003262189980238972
54.735,0.0037251224142558215
54.74,0.004220775661526233
54.745000000000005,0.0047485348706999275
54.75,0.005307402564234565
54.755,0.005895959834484543
54.76,0.006512332481854344
54.765,0.007154163509866862
54.77,0.007818593408774888
54.775,0.008502249629078307
54.78,0.00920124655585397
54.785000000000004,0.00991119715622446
54.79,0.010627237247081922
54.795,0.011344063062686871
54.800000000000004,0.012055982450849712
54.805,0.012756979630061949
54.81,0.013440792993211659
54.815,0.014101004959680807
54.82,0.0147311423913834
54.825,0.015324785592753187
54.83,0.0158756834669731
54.835,0.01637787199921803
54.84,0.01682579291349029
54.845,0.017214409145971388
54.85,0.017539313668763157
54.855000000000004,0.017796828251420038
54.86,0.01798408892318548
54.865,0.018099115222817375
54.870000000000005,0.01814086078936583
54.875,0.018109243401816855
54.88,0.018005153266742013
54.885,0.01783043905578552
54.89,0.0175878719756426
54.895,0.01728108888722346
54.9,0.016914516212139574
54.905,0.016493276989628214
54.910000000000004,0.01602308397881913
54.915,0.015510122100103274
54.92,0.014960923770608758
54.925000000000004,0.014382240791515954
54.93,0.013780916415083055
54.935,0.013163761033350596
54.94,0.012537434637636125
54.945,0.011908338792441242
54.95,0.011282520394953366
54.955,0.010665588964830164
54.96,0.010062648659587836
54.965,0.009478245673026464
54.97,0.008916331152484247
54.975,0.008380239303878767
54.980000000000004,0.007872679940984284
54.985,0.007395744399278925
54.99,0.0069509234654443475
54.995000000000005,0.006539135793588002
55.0,0.006160765161387971
55.005,0.005815704879310601
55.01,0.005503407680389927
55.015,0.005222939489003764
55.02,0.004973035572509943
55.025,0.004752157722744066
55.03,0.004558551270235078
55.035000000000004,0.00439030090737802
55.04,0.004245384466575075
55.045,0.004121723971167057
55.050000000000004,0.004017233433003309
55.055,0.003929863015389223
55.06,0.0038576393078093574
55.065,0.003798701565178364
55.07,0.003751333853577732
55.075,0.003713993110447844
55.08,0.0036853331781938614
55.085,0.0036642248987709958
55.09,0.0036497723729572717
55.095,0.0036413254888218866
55.1,0.003638488812852523
55.105000000000004,0.0036411269171596206
55.11,0.0036493661900191543
55.115,0.003663593146216837
55.120000000000005,0.0036844492221213
55.125,0.003712822008493988
55.13,0.0037498328495766398
55.135,0.00379682071448606
55.14,0.00385532223691909
55.145,0.003927047820174945
55.15,0.0040138537172382804
55.155,0.004117710027797372
55.160000000000004,0.004240664600534849
55.165,0.004384802896955087
55.17,0.004552203960379586
55.175000000000004,0.004744892739257267
55.18,0.004964789142675841
55.185,0.005213654346402308
55.19,0.0054930350291364505
55.195,0.005804206383798416
55.2,0.006148114924481973
55.205,0.006525322277331824
55.21,0.006935951306116905
55.215,0.007379636061685346
55.22,0.007855477155093382
55.225,0.008362004224597541
55.230000000000004,0.00889714718450918
55.235,0.009458217903365096
55.24,0.01004190384875514
55.245000000000005,0.010644275051525653
55.25,0.011260805483157554
55.255,0.011886409599974002
55.26,0.012515494403441352
55.265,0.01314202689519206
55.27,0.013759616290379029
55.275,0.014361609812574727
55.28,0.014941200342597938
55.285000000000004,0.015491543672361274
55.29,0.016005882629610113
55.295,0.016477674942748877
55.300000000000004,0.016900721407836272
55.305,0.017269290736720677
55.31,0.017578237426121746
55.315,0.017823109085782107
55.32,0.018000239922002947
55.325,0.01810682746408787
55.33,0.018140990149170477
55.335,0.01810180400729422
55.34,0.017989317397635318
55.345,0.017804543496644953
55.35,0.01754943099668793
55.355000000000004,0.017226814205827168
55.36,0.016840344406606533
55.365,0.016394404910656135
55.370000000000005,0.015894012705594207
55.375,0.015344709920196209
55.38,0.014752448522585837
55.385,0.014123471711865676
55.39,0.013464195370104903
55.395,0.01278109273891559
55.4,0.012080585156137857
55.405,0.011368941303505409
55.410000000000004,0.010652186956242815
55.415,0.009936026738280646
55.42,0.00922577889978271
55.425000000000004,0.008526323643380351
55.43,0.007842065088176753
55.435,0.007176906547233131
55.44,0.006534238459067865
55.445,0.005916938026748753
55.45,0.005327379401594001
55.455,0.004767453107749731
55.46,0.004238593299964677
55.465,0.003741811432439235
55.47,0.003277734915281272
55.475,0.002846649404808055
55.480000000000004,0.0024485434494190272
55.485,0.0020831543327011204
55.49,0.0017500140695370092
55.495000000000005,0.0014484946539545795
55.5,0.001177851778252581
55.505,0.0009372663833784323
55.51,0.0007258835116199513
55.515,0.0005428480493110399
55.52,0.0003873370381290986
55.525,0.0002585883207372186
55.53,0.00015592535009040231
55.535000000000004,7.877804800066057e-05
55.54,2.6699640259642e-05
55.545,-6.205786921321954e-07
55.550000000000004,-3.348573532954875e-06
55.555,1.84989984248346e-05
55.56,6.505524253244688e-05
55.565,0.0001365993723904113
55.57,0.0002335489468383578
55.575,0.00035644801146772487
55.58,0.0005059511629403879
55.585,0.0006828035782016073
55.59,0.0008878170725741263
55.595,0.0011218422935104222
55.6,0.001385737204258497
55.605000000000004,0.0016803320793137289
55.61,0.0020063913086501017
55.615,0.0023645724074912167
55.620000000000005,0.0027553827253150587
55.625,0.003179134478772383
55.63,0.0036358988473281784
55.635,0.0041254600135367525
55.64,0.004647270156727501
55.645,0.0052004065347937
55.65,0.005783531908718942
55.655,0.006394859647913975
55.660000000000004,0.007032124926556804
55.665,0.007692563440013345
55.67,0.008372899053505023
55.675000000000004,0.009069341716777757
55.68,0.00977759684470314
55.685,0.010492887161511533
55.69,0.011209987741246152
55.695,0.011923274643521609
55.7,0.012626787157365982
55.705,0.013314303221548585
55.71,0.013979427119402033
55.715,0.01461568805201452
55.72,0.015216647703354624
55.725,0.015776014446650777
55.730000000000004,0.01628776143684263
55.735,0.016746245485787625
55.74,0.017146323393319562
55.745000000000005,0.01748346228060882
55.75,0.017753840488687445
55.755,0.01795443576468614
55.76,0.018083097750768218
55.765,0.0181386022293637
55.77,0.018120685126973513
55.775,0.018030054933412032
55.78,0.017868382908730496
55.785000000000004,0.017638271211858125
55.79,0.017343199830946787
55.795,0.016987453927001184
55.800000000000004,0.016576033838802573
55.805,0.01611455055906319
55.81,0.0156091099070359
55.815,0.015066188917593593
55.82,0.014492508095827361
55.825,0.013894903179991758
55.83,0.013280199903412893
55.835,0.012655094962415347
55.84,0.012026046021826886
55.845,0.011399173117290218
55.85,0.010780173304443252
55.855000000000004,0.010174249849804085
55.86,0.009586056723954073
55.865,0.00901965862318832
55.870000000000005,0.00847850627610569
55.875,0.007965426361646877
55.88,0.007482625013928157
55.885,0.007031703615156815
55.89,0.006613685370160383
55.895,0.006229051035044009
55.9,0.005877782115183194
55.905,0.005559409853846731
55.910000000000004,0.005273068391462132
55.915,0.005017550578907404
55.92,0.004791365062195574
55.925000000000004,0.004592793411030804
55.93,0.0044199462351777186
55.935,0.004270817402668214
55.94,0.0041433356460496285
55.945,0.004035413002088095
55.95,0.0039449896785113125
55.955,0.003870075070954382
55.96,0.003808784764948392
55.965,0.003759373448869896
55.97,0.003720263736723406
55.975,0.0036900709492003747
55.980000000000004,0.00366762393861364
55.985,0.0036519820581429607
55.99,0.0036424483816819703
55.995000000000005,0.003638579269547878
56.0,0.003640190358687144
56.005,0.003647359029705005
56.01,0.003660423372885191
56.015,0.0036799776440588072
56.02,0.0037068641694936177
56.025,0.0037421616319992523
56.03,0.0037871696481617256
56.035000000000004,0.00384338953361274
56.04,0.003912501152352199
56.045,0.003996335756576652
56.050000000000004,0.004096844750138828
56.055,0.0042160643565596345
56.06,0.004356076230553008
56.065,0.004518964140959092
56.07,0.004706766952411456
56.075,0.004921428257699034
56.08,0.0051647431519015186
56.085,0.005438302797127648
56.09,0.005743437590975731
56.095,0.006081159925967583
56.1,0.006452107698319054
56.105000000000004,0.006856489886818196
56.11,0.007294035666788545
56.115,0.007763948642615759
56.120000000000005,0.008264867857128877
56.125,0.00879483726828667
56.13,0.009351285353215388
56.135,0.009931016401850457
56.14,0.010530214896199652
56.145,0.011144464117673891
56.15,0.01176877981308877
56.155,0.01239765934319692
56.160000000000004,0.013025146286185674
56.165,0.013644909961385565
56.17,0.014250338795196882
56.175000000000004,0.014834645906059762
56.18,0.015390984753675951
56.185,0.015912572204413777
56.19,0.016392815950410977
56.195,0.01682544289078436
56.2,0.017204624881415498
56.205,0.0175250981865247
56.21,0.01778227304256319
56.215,0.017972329968650058
56.22,0.01809229983227567
56.225,0.018140125169807675
56.230000000000004,0.018114700890130564
56.235,0.0180158931651917
56.24,0.017844536073489792
56.245000000000005,0.01760240630913046
56.25,0.017292177017665722
56.255,0.016917352494466797
56.26,0.016482186084708417
56.265,0.015991584103566936
56.27,0.01545099895188784
56.275,0.01486631481845535
56.28,0.014243729428688567
56.285000000000004,0.013589635238854925
56.29,0.012910503279755403
56.295,0.012212772560982188
56.300000000000004,0.01150274755845615
56.305,0.010786505867450558
56.31,0.010069817618557408
56.315,0.009358077760762029
56.32,0.00865625183175922
56.325,0.007968835381053196
56.33,0.0072998267948030104
56.335,0.006652712922113224
56.34,0.006030466604029172
56.345,0.005435554979445811
56.35,0.004869957282046755
56.355000000000004,0.004335190742322581
56.36,0.0038323431617381942
56.365,0.003362110743474034
56.370000000000005,0.002924839799780088
56.375,0.0025205710505655787
56.38,0.002149085324145261
56.385,0.0018099495982788483
56.39,0.001502562450601097
56.395,0.001226198117822097
56.4,0.0009800484944686438
56.405,0.0007632625265148185
56.410000000000004,0.0005749825628817984
56.415,0.00041437732994187293
56.42,0.0002806712784201304
56.425000000000004,0.00017317012057416203
56.43,9.128243654282775e-05
56.435,3.4537265958964336e-05
56.44,2.597637623762833e-06
56.445,-4.729989946021182e-06
56.45,1.2509605916241617e-05
56.455,5.44216388483898e-05
56.46,0.00012125842757099159
56.465,0.0002134124022256101
56.47,0.0003314050115976741
56.475,0.00047587154857620106
56.480000000000004,0.0006475419308240582
56.485,0.0008472174960072465
56.49,0.001075743909406679
56.495000000000005,0.0013339803271401607
56.5,0.0016227650249343029
56.505,0.0019428777735290836
56.51,0.0022949993362972876
56.515,0.0026796685665004816
56.52,0.003097237701195077
56.525,0.0035478265691857302
56.53,0.004031276569469
56.535000000000004,0.004547105402705753
56.54,0.005094463671087013
56.545,0.005672094576109288
56.550000000000004,0.0062782980420994505
56.555,0.006910900663093855
56.56,0.007567232902605525
56.565,0.008244114964259808
56.57,0.008937852688234216
56.575,0.00964424470139491
56.58,0.01035860186303239
56.585,0.011075779792196982
56.59,0.011790224945137595
56.595,0.01249603432831492
56.6,0.013187028506187914
56.605000000000004,0.01385683708808827
56.61,0.014498995394124137
56.615,0.015107050499750585
56.620000000000005,0.015674674399875244
56.625,0.016195781596778147
56.63,0.016664648080503497
56.635,0.017076028393599785
56.64,0.017425267354127527
56.645,0.017708402975991078
56.65,0.01792225727405139
56.655,0.01806451190158498
56.660000000000004,0.01813376598145311
56.665,0.018129574024889905
56.67,0.01805246246079406
56.675000000000004,0.017903924018455086
56.68,0.01768638994215621
56.685,0.01740318079434644
56.69,0.017058437310183194
56.695,0.016657033453590486
56.7,0.016204474378803013
56.705,0.015706782458714486
56.71,0.01517037485550432
56.715,0.014601936270533855
56.72,0.014008290527385725
56.725,0.01339627451787706
56.730000000000004,0.012772617779205575
56.735,0.01214383061332569
56.74,0.011516103197312333
56.745000000000005,0.010895217637408194
56.75,0.010286474361915765
56.755,0.009694633716456735
56.76,0.009123873082529599
56.765,0.008577759360843373
56.77,0.008059236221278354
56.775,0.007570625155583599
56.78,0.007113639077674705
56.785000000000004,0.006689407000838088
56.79,0.006298508179146012
56.795,0.005941014035894199
56.800000000000004,0.005616536192855293
56.805,0.005324278967950846
56.81,0.005063094800920709
56.815,0.004831541198285549
56.82,0.004627937939662097
56.825,0.004450423455637065
56.83,0.004297009461162737
56.835,0.004165633097777288
56.84,0.004054206001622873
56.845,0.003960659863733618
56.85,0.0038829881837854074
56.855000000000004,0.003819284032061887
56.86,0.0037677737300998437
56.865,0.003726846437039244
56.870000000000005,0.0036950796821270115
56.875,0.003671260922676667
56.88,0.0036544052277613925
56.885,0.0036437691921718807
56.89,0.003638861180064839
56.895,0.003639447979654431
56.9,0.00364555792765639
56.905,0.003657480530457058
56.910000000000004,0.00367576257979918
56.915,0.003701200726802689
56.92,0.0037348304522479836
56.925000000000004,0.0037779113458384916
56.93,0.003831908593554534
56.935,0.003898470567752277
56.94,0.003979402424166167
56.945,0.0040766356319625885
56.95,0.00419219340741428
56.955,0.004328152078588943
56.96,0.0044865984901001355
56.965,0.004669583654817622
56.97,0.004879072980621402
56.975,0.005116893535475953
56.980000000000004,0.005384678968933798
56.985,0.005683812872407046
56.99,0.0060153715319888335
56.995000000000005,0.006380067201098072
57.0,0.006778193184382886
57.005,0.007209572172026668
57.01,0.007673509389270805
57.015,0.008168752208149499
57.02,0.00869345791070586
57.025,0.00924517127308988
57.03,0.009820813558562236
57.035000000000004,0.0104166843492699
57.04,0.011028477416967775
57.045,0.011651311522506091
57.050000000000004,0.012279776652722063
57.055,0.012907995754734003
57.06,0.013529701530977434
57.065,0.014138327319834332
57.07,0.0147271105403739
57.075,0.015289206645270781
57.08,0.015817811017765138
57.085,0.016306285826189537
57.09,0.016748288493879215
57.095,0.017137898219544923
57.1,0.017469736887392173
57.105000000000004,0.01773908074687114
57.11,0.01794195944535204
57.115,0.018075239343659177
57.120000000000005,0.018136688509557075
57.125,0.018125021393750274
57.13,0.018039921862779806
57.135,0.017882044007514253
57.14,0.017652990899641452
57.145,0.017355272225600515
57.15,0.016992242406274727
57.155,0.01656802144212577
57.160000000000004,0.01608740121766772
57.165,0.015555740387696915
57.17,0.014978851204517696
57.175000000000004,0.014362881744997225
57.18,0.013714196956552627
57.185,0.013039261774501654
57.19,0.012344529278589533
57.195,0.011636336495804755
57.2,0.010920810012379434
57.205,0.010203783088581275
57.21,0.009490725469841976
57.215,0.008786686607034966
57.22,0.008096252528453363
57.225,0.007423516191632729
57.230000000000004,0.006772060772755495
57.235,0.006144955046165634
57.24,0.005544759765367502
57.245000000000005,0.004973543787569312
57.25,0.004432908563664739
57.255,0.003924019574375492
57.26,0.0034476432812287072
57.265,0.0030041882099611783
57.27,0.002593748857447231
57.275,0.002216151214000206
57.28,0.0018709988163765345
57.285000000000004,0.0015577183733830324
57.29,0.0012756041397592455
57.295,0.001023860346911487
57.300000000000004,0.0008016411201134943
57.305,0.0006080874280429693
57.31,0.0004423607114971695
57.315,0.0003036729248990788
57.32,0.0001913127982102747
57.325,0.00010466818663523725
57.33,4.324441822811664e-05
57.335,6.678587775116318e-06
57.34,-5.250237001414945e-06
57.345,7.385090601226552e-06
57.35,4.4661790655459166e-05
57.355000000000004,0.00010680504191162843
57.36,0.00019418175681151784
57.365,0.0003072902548437728
57.370000000000005,0.00044674585086013074
57.375,0.0006132623893095879
57.38,0.0008076297796213439
57.385,0.0010306876226109374
57.39,0.001283295061127454
57.395,0.001566297051799559
57.4,0.0018804873238549291
57.405,0.002226568382708294
57.410000000000004,0.0026051090155529977
57.415,0.003016499871097089
57.42,0.0034609078110037217
57.425000000000004,0.003938229859665299
57.43,0.004448047713816905
57.435,0.004989583902323957
57.44,0.0055616608049309235
57.445,0.006162663842994576
57.45,0.006790510226970525
57.455,0.007442624688614785
57.46,0.008115923622899146
57.465,0.008806809007985805
57.47,0.00951117336239804
57.475,0.010224416819845317
57.480000000000004,0.010941477160439916
57.485,0.01165687333149279
57.49,0.012364762620190817
57.495000000000005,0.013059011218174987
57.5,0.013733277456410065
57.505,0.01438110649867852
57.51,0.014996034789398038
57.515,0.015571702076524474
57.52,0.016101968393172683
57.525,0.016581033021420666
57.53,0.01700355217578675
57.535000000000004,0.01736475198973153
57.54,0.017660533343416773
57.545,0.01788756517974832
57.550000000000004,0.01804336319712263
57.555,0.018126351193878065
57.56,0.01813590284634614
57.565,0.01807236232752274
57.57,0.01793704285769593
57.575,0.017732203038875127
57.58,0.01746100157527053
57.585,0.01712743172004849
57.59,0.016736237475477367
57.595,0.01629281414945183
57.6,0.015803096364912506
57.605000000000004,0.015273436938699092
57.61,0.014710480254450431
57.615,0.014121033791152371
57.620000000000005,0.01351194136731948
57.625,0.012889961430882835
57.63,0.012261653376587134
57.635,0.011633274435340013
57.64,0.011010689179485667
57.645,0.010399293150246791
57.65,0.009803951564702373
57.655,0.00922895352614006
57.660000000000004,0.008677981663169021
57.665,0.008154096677007061
57.67,0.007659735897920683
57.675000000000004,0.007196724641715946
57.68,0.006766298932090464
57.685,0.006369137996477647
57.69,0.006005404864875885
57.695,0.005674793383048993
57.7,0.005376579994084807
57.705,0.005109678727414746
57.71,0.004872697959378058
57.715,0.00466399765893577
57.72,0.004481745995767561
57.725,0.004323974362068661
57.730000000000004,0.004188630030539819
57.735,0.004073625835018468
57.74,0.003976886414785774
57.745000000000005,0.003896390698203689
57.75,0.0038302104214813504
57.755,0.003776544576704177
57.76,0.0037337497635658856
57.765,0.0037003664752285337
57.77,0.0036751413942294198
57.775,0.0036570457930533706
57.78,0.003645290146500113
57.785000000000004,0.003639335055560723
57.79,0.003638898569375568
57.795,0.0036439599673841194
57.800000000000004,0.003654760036071708
57.805,0.003671797842677793
57.81,0.003695823976607948
57.815,0.0037278302006735764
57.82,0.0037690354287007732
57.825,0.003820867931274119
57.83,0.0038849436634977863
57.835,0.003963040616003166
57.84,0.00405706911080328
57.845,0.004169038001753833
57.85,0.004301016795892565
57.855000000000004,0.004455093787009368
57.86,0.00463333038935243
57.865,0.0048377119745719455
57.870000000000005,0.005070095649870154
57.875,0.005332155562834728
57.88,0.005625326487971094
57.885,0.005950746611647517
57.89,0.006309200614524002
57.895,0.006701064310588478
57.9,0.007126252257029009
57.905,0.007584169878818159
57.910000000000004,0.008073671741804844
57.915,0.008593027661259356
57.92,0.009139898322406026
57.925000000000004,0.009711322022418756
57.93,0.010303713998055741
57.935,0.010912879589685787
57.94,0.011534042193577676
57.945,0.012161886589048265
57.95,0.012790617788127179
57.955,0.013414035067807362
57.96,0.014025620312267506
57.965,0.014618639245085774
57.97,0.015186253595011578
57.975,0.015721641720993773
57.980000000000004,0.016218124783144106
57.985,0.01666929517605098
57.99,0.017069143693149158
57.995000000000005,0.01741218176426429
58.0,0.017693555133845962
58.005,0.017909145507530866
58.01,0.01805565702424161
58.015,0.018130684853431944
58.02,0.018132763797787277
58.025,0.01806139544653007
58.03,0.017917053154469897
58.035000000000004,0.01770116488157214
58.04,0.017416074678237692
58.045,0.017064984307467057
58.050000000000004,0.016651877129898907
58.055,0.01618142690365687
58.06,0.01565889455886804
58.065,0.01509001627120199
58.07,0.014480886287838501
58.075,0.013837837940279485
58.08,0.013167326138034952
58.085,0.012475814370976224
58.09,0.011769668901777663
58.095,0.011055062397982596
58.1,0.01033788878529407
58.105000000000004,0.009623690614287028
58.11,0.008917599736317783
58.115,0.008224291620422264
58.120000000000005,0.007547953211833658
58.125,0.006892263855036163
58.13,0.006260388484390589
58.135,0.0056549820383065
58.14,0.00507820385923452
58.145,0.004531740726065436
58.15,0.004016837097784887
58.155,0.003534331139007918
58.160000000000004,0.00308469513233689
58.165,0.002668078950623709
58.17,0.002284355364512436
58.175000000000004,0.0019331660718977517
58.18,0.0016139674707442708
58.185,0.0013260753237793743
58.19,0.0010687076004214369
58.195,0.0008410249017987148
58.2,0.0006421679967050231
58.205,0.00047129209423224516
58.21,0.00032759757405853573
58.215,0.0002103569679596795
58.22,0.00011893804940937835
58.225,5.28229367213473e-05
58.230000000000004,1.1623148080674994e-05
58.235,-4.909424612330095e-06
58.24,3.124358401222077e-06
58.245000000000005,3.577364992461696e-05
58.25,9.32362704237355e-05
58.255,0.00017585325210911495
58.26,0.00028409927993411355
58.265,0.00041856904287418395
58.27,0.0005799595238187294
58.275,0.0007690482789950437
58.28,0.0009866677865089102
58.285000000000004,0.0012336759923963214
58.29,0.001510923234030237
58.295,0.0018192157951482102
58.300000000000004,0.0021592764313957957
58.305,0.0025317023037478847
58.31,0.0029369208694722815
58.315,0.0033751444053322643
58.32,0.003846323962378051
58.325,0.0043501036926176795
58.33,0.004885776610542791
58.335,0.005452242979417932
58.34,0.006047972617386321
58.345,0.006670972495811611
58.35,0.007318761055163492
58.355000000000004,0.007988350664508204
58.36,0.008676239610625913
58.365,0.009378414900815812
58.370000000000005,0.010090366994031541
58.375,0.010807117357622076
58.38,0.011523259435719524
58.385,0.012233013273029059
58.39,0.012930293610917687
58.395,0.013608790827490225
58.4,0.014262063599819186
58.405,0.014883641677290171
58.410000000000004,0.015467136671933446
58.415,0.016006358329107684
58.42,0.01649543336034398
58.425000000000004,0.016928923623893866
58.43,0.01730194025511622
58.435,0.01761025028172014
58.44,0.017850372342721244
58.445,0.018019658339085254
58.45,0.0181163582138808
58.455,0.018139665535755967
58.46,0.018089742170154466
58.465,0.01796772099776689
58.47,0.017775686385959943
58.475,0.017516632876372284
58.480000000000004,0.017194403294524818
58.485,0.016813608183319673
58.49,0.01637952906888529
58.495000000000005,0.01589800856499224
58.5,0.015375330692261713
58.505,0.014818095001139397
58.51,0.014233088171170749
58.515,0.013627156670590779
58.52,0.013007083863737279
58.525,0.012379474616896147
58.53,0.01175065003605269
58.535000000000004,0.011126554479155004
58.54,0.010512676449014435
58.545,0.009913984429040568
58.550000000000004,0.009334878180570882
58.555,0.00877915552076658
58.56,0.008249994135177019
58.565,0.007749947594668072
58.57,0.007280954418401819
58.575,0.006844358784865889
58.58,0.006440941323436533
58.585,0.006070958323981301
58.59,0.005734187676912583
58.595,0.005429979882958236
58.6,0.005157312555271076
58.605000000000004,0.004914846950937246
58.61,0.004700985216180342
58.615,0.004513927191615252
58.620000000000005,0.004351725795072703
58.625,0.004212340173884499
58.63,0.004093685982484274
58.635,0.003993682298800927
58.64,0.00391029483100791
58.645,0.0038415751892291183
58.65,0.0037856961007929346
58.655,0.0037409825272192165
58.660000000000004,0.0037059387076272543
58.665,0.0036792711944191314
58.67,0.0036599079757635433
58.675000000000004,0.003647013789321668
58.68,0.003640001729574349
58.685,0.003638541239023599
58.69,0.003642562549649918
58.695,0.0036522576147524077
58.7,0.0036680775403797328
58.705,0.0036907264915002624
58.71,0.0037211520212282467
58.715,0.003760531743956186
58.72,0.003810256255103006
58.725,0.003871908192929041
58.730000000000004,0.003947237341644261
58.735,0.004038131690453639
58.74,0.004146584402139553
58.745000000000005,0.004274656693845635
58.75,0.004424436706158552
58.755,0.0045979945291136914
58.76,0.004797333665366388
58.765,0.005024339340309325
58.77,0.005280724219318245
58.775,0.005567972249528097
58.78,0.0058872815182802185
58.785000000000004,0.006239507187673965
58.79,0.00662510573932984
58.795,0.0070440819137154165
58.800000000000004,0.007495939867233403
58.805,0.007979640166393409
58.81,0.008493564299893563
58.815,0.009035488392957092
58.82,0.00960256774939694
58.825,0.01019133371934089
58.83,0.010797704190718349
58.835,0.0114170087141936
58.84,0.012044028926137429
58.845,0.01267305450252465
58.85,0.013297954397472722
58.855000000000004,0.013912262596058156
58.86,0.014509277067663362
58.865,0.015082170055684685
58.870000000000005,0.015624107328903847
58.875,0.016128373553851105
58.88,0.016588500566363962
58.885,0.01699839505152312
58.89,0.017352461982554246
58.895,0.017645720171927337
58.9,0.01787390642390818
58.905,0.01803356506777476
58.910000000000004,0.018122120083511106
58.915,0.018137927579971347
58.92,0.018080307043597088
58.925000000000004,0.017949550489568367
58.93,0.01774690941098811
58.935,0.017474560169119968
58.94,0.017135549192083488
58.945,0.01673371999369877
58.95,0.01627362457629289
58.955,0.015760422210014724
58.96,0.015199768875213238
58.965,0.01459770080669287
58.97,0.013960515590834888
58.975,0.013294654140459272
58.980000000000004,0.01260658663900216
58.985,0.01190270519986214
58.99,0.011189225581688333
58.995000000000005,0.01047209982653996
59.0,0.009756941208507897
59.005,0.009048962377445235
59.01,0.008352927117467601
59.015,0.00767311569482132
59.02,0.0070133033858184035
59.025,0.006376751443852413
59.03,0.005766209500350783
59.035000000000004,0.005183928195258147
59.04,0.004631680699823448
59.045,0.004110791718749951
59.050000000000004,0.00362217254079944
59.055,0.003166360733244389
59.06,0.002743563137300953
59.065,0.00235370092060716
59.07,0.0019964555501195136
59.075,0.0016713146811682122
59.08,0.0013776170888157857
59.085,0.0011145958991143345
59.09,0.0008814195069146713
59.095,0.0006772296837009861
59.1,0.0005011764850471057
59.105000000000004,0.00035244966278424883
59.11,0.00023030635988108283
59.115,0.0001340949390702395
59.120000000000005,6.32748363912361e-05
59.125,1.7432378433823725e-05
59.13,-3.707477747414041e-06
59.135,-2.735019804279981e-07
59.14,2.7755343891378015e-05
59.145,8.054933045592572e-05
59.15,0.00015842327459780758
59.155,0.0002618277478066977
59.160000000000004,0.0003913361919285485
59.165,0.0005476279666218886
59.17,0.0007314673743907818
59.175000000000004,0.0009436787375789457
59.18,0.0011851176446100453
59.185,0.001456638534059973
59.19,0.001759058858993967
59.195,0.0020931201481131367
59.2,0.0024594463872587013
59.205,0.0028585002454297737
59.21,0.003290537796445392
59.215,0.0037555625135130555
59.22,0.004253279449097036
59.225,0.004783050639790787
59.230000000000004,0.005343852906840141
59.235,0.005934239324481894
59.24,0.006552305720447293
59.245000000000005,0.007195663624408155
59.25,0.007861421095078924
59.255,0.008546172823375997
59.26,0.009246000818265543
59.265,0.00995648682991046
59.27,0.010672737448093272
59.275,0.011389422530520221
59.28,0.012100827268916703
59.285000000000004,0.01280091779634418
59.29,0.013483419792311935
59.295,0.01414190905745727
59.300000000000004,0.0147699125388705
59.305,0.015361017798593224
59.31,0.015908988470865637
59.315,0.016407882851297018
59.32,0.016852172454193237
59.325,0.01723685716574863
59.33,0.017557573527007264
59.335,0.017810692744539836
59.34,0.0179934052008619
59.345,0.01810378858736783
59.35,0.018140857233170493
59.355000000000004,0.018104590792674458
59.36,0.017995941120695136
59.365,0.01781681689774217
59.370000000000005,0.01757004632738557
59.375,0.017259318974410576
59.38,0.016889108522029517
59.385,0.016464578850424516
59.39,0.015991476357516632
59.395,0.015476011841940363
59.4,0.014924735508394349
59.405,0.014344408761051142
59.410000000000004,0.01374187639959601
59.415,0.01312394265065464
59.42,0.012497254153640114
59.425000000000004,0.01186819262465022
59.43,0.011242779429466054
59.435,0.010626593781200455
59.44,0.010024705720805827
59.445,0.009441624504539448
59.45,0.00888126250211485
59.455,0.008346914247130854
59.46,0.007841249872903688
59.465,0.00736632183257413
59.47,0.006923583544038436
59.475,0.006513918418283637
59.480000000000004,0.006137677621259385
59.485,0.005794724880988866
59.49,0.005484486671495148
59.495000000000005,0.0052060061760190735
59.5,0.004957999543025338
59.505,0.00473891309116059
59.51,0.004546980276411539
59.515,0.0043802774080514695
59.52,0.004236777272686787
59.525,0.004114399991758333
59.53,0.004011060597708838
59.535000000000004,0.003924712956019594
59.54,0.0038533897861094957
59.545,0.003795238641314702
59.550000000000004,0.0037485537935921798
59.555,0.003711804035300026
59.56,0.003683656459240847
59.565,0.003662996305999866
59.57,0.003648942982771186
59.575,0.0036408623577429133
59.58,0.0036383754223132327
59.585,0.0036413633936056983
59.59,0.0036499693018846036
59.595,0.003664596078224003
59.6,0.003685901124158897
59.605000000000004,0.0037147873163618783
59.61,0.0037523903707776807
59.615,0.003800062473384491
59.620000000000005,0.003859352073233957
59.625,0.003931979732722191
59.63,0.004019809950020381
59.635,0.004124818894917226
59.64,0.004249058051461141
59.645,0.004394613829051153
59.65,0.004563563290151507
59.655,0.00475792625378002
59.660000000000004,0.004979614158116874
59.665,0.005230376213658516
59.67,0.005511743533851643
59.675000000000004,0.0058249721015748435
59.68,0.0061709856013649755
59.685,0.006550319317007336
59.69,0.006963066454856559
59.695,0.0074088283896607265
59.7,0.007886670438942645
59.705,0.008395084838625166
59.71,0.00893196260739515
59.715,0.00949457594186498
59.72,0.010079572671315873
59.725,0.010682984109497085
59.730000000000004,0.011300247378841277
59.735,0.011926242936191045
59.74,0.012555347621642454
59.745000000000005,0.013181503077071
59.75,0.013798298865065561
59.755,0.014399069074784165
59.76,0.01497700065493035
59.765,0.015525251190208422
59.77,0.016037073361605536
59.775,0.01650594293514729
59.78,0.01692568682706508
59.785000000000004,0.017290607615564113
59.79,0.017595600844074966
59.795,0.017836261563054734
59.800000000000004,0.018008976828198797
59.805,0.018111001275109118
59.81,0.018140513417407078
59.815,0.018096650959691374
59.82,0.017979524118636903
59.825,0.017790206702535727
59.83,0.017530705456039186
59.835,0.017203908905941034
59.84,0.016813517603566197
59.845,0.01636395823631176
59.85,0.01586028452713606
59.855000000000004,0.015308068167179556
59.86,0.01471328320015175
59.865,0.014082187318287254
59.870000000000005,0.01342120343106501
59.875,0.012736804643310506
59.88,0.012035405467869964
59.885,0.011323261686122521
59.89,0.010606380822295591
59.895,0.009890444703003709
59.9,0.009180745085501485
59.905,0.008482132854108926
59.910000000000004,0.007798980845368675
59.915,0.007135159953520542
59.92,0.006494027838440886
59.925000000000004,0.005878429271465535
59.93,0.005290706948802182
59.935,0.004732721454971056
59.94,0.0042058789735826
59.945,0.003711165313809772
59.95,0.0032491848383831012
59.955,0.002820202940483796
59.96,0.0024241907997613055
59.965,0.0020608712637866233
59.97,0.0017297648233496332
59.975,0.0014302347835415397
59.980000000000004,0.0011615308635262167
59.985,0.000922830589388024
59.99,0.0007132779600551586
59.995000000000005,0.0005320189804054465
60.0,0.00037823374545320476
60.005,0.00025116484592013766
60.01,0.00015014192963369588
60.015,7.460230555714209e-05
60.02,2.4107520452343323e-05
60.025,-1.6441354814423353e-06
60.03,-2.809217931902877e-06
60.035000000000004,2.0605176559093663e-05
60.04,6.87416044524436e-05
60.045,0.00014188835878869988
60.050000000000004,0.00024047144582362012
60.055,0.0003650424653689477
60.06,0.0005162624181536124
60.065,0.0006948814783127588
60.07,0.0009017148038976686
60.075,0.0011376144876509287
60.08,0.0014034378123071178
60.085,0.0017000120327912427
60.09,0.0020280959900711437
60.095,0.002388338957974412
60.1,0.002781237226539446
60.105000000000004,0.0032070890509547922
60.11,0.003665948716768952
60.115,0.004157580608978861
60.120000000000005,0.004681414303549403
60.125,0.005236501823580042
60.13,0.00582147832105484
60.135,0.006434527526989697
60.14,0.007073353383963976
60.145,0.007735159289566695
60.15,0.00841663635916845
60.155,0.009113962037073264
60.160000000000004,0.009822810242173574
60.165,0.010538374034261722
60.17,0.011255401510148033
60.175000000000004,0.011968245311358316
60.18,0.012670925722254367
60.185,0.013357206904540675
60.19,0.014020685331132654
60.195,0.014654888992566839
60.2,0.015253385458912305
60.205,0.015809896420808656
60.21,0.01631841592535821
60.215,0.0167733291916754
60.22,0.0171695286637501
60.225,0.01750252384290718
60.230000000000004,0.01776854147505702
60.235,0.01796461282089723
60.24,0.018088645055634345
60.245000000000005,0.01813947427793039
60.25,0.018116898173644813
60.255,0.01802168703204643
60.26,0.017855572535673048
60.265,0.01762121450506271
60.27,0.017322146528798044
60.275,0.016962702128481055
60.28,0.016547923751893734
60.285000000000004,0.016083457429225234
60.29,0.015575436343464588
60.295,0.015030356846402526
60.300000000000004,0.014454950575252923
60.305,0.013856056305080244
60.31,0.0132404950125391
60.315,0.01261495134044921
60.32,0.011985864262712198
60.325,0.01135932928124106
60.33,0.01074101396701721
60.335,0.010136088108524177
60.34,0.009549169191423346
60.345,0.008984283405560234
60.35,0.008444841905717482
60.355000000000004,0.00793363162670957
60.36,0.007452819614265138
60.365,0.007003969548188493
60.370000000000005,0.006588068950190262
60.375,0.006205565438255789
60.38,0.005856410342731877
60.385,0.005540108007497935
60.39,0.005255769162463508
60.395,0.00500216685721
60.4,0.004777793583353507
60.405,0.004580918368510822
60.410000000000004,0.004409642796050939
60.415,0.0042619550768563386
60.42,0.004135781468865396
60.425000000000004,0.0040290345000557615
60.43,0.0039396575971952785
60.435,0.00386566585080228
60.44,0.0038051827586693676
60.445,0.003756472877739725
60.45,0.003717970387457692
60.455,0.0036883036167912886
60.46,0.0036663156200592573
60.465,0.003651080905058446
60.47,0.0036419184171236144
60.475,0.0036384008754427326
60.480000000000004,0.0036403605378958863
60.485,0.0036478914445798177
60.49,0.0036613481613830268
60.495000000000005,0.0036813410112433997
60.5,0.0037087277511332895
60.505,0.0037446016248656733
60.51,0.0037902757010619403
60.515,0.003847263392072975
60.52,0.003917255051046897
60.525,0.004002090553376192
60.53,0.004103727800379708
60.535000000000004,0.004224207126409141
60.54,0.004365611656027113
60.545,0.004530023743430256
60.550000000000004,0.004719477728944099
60.555,0.004935909373228853
60.56,0.00518110246993686
60.565,0.0054566332955854335
60.57,0.005763813720488287
60.575,0.006103633979863687
60.58,0.006476706273385702
60.585,0.006883210523215055
60.59,0.007322843766967679
60.595,0.007794774769873669
60.6,0.008297605523495122
60.605000000000004,0.008829341318165262
60.61,0.009387371045253445
60.615,0.009968459284948494
60.620000000000005,0.010568751558309941
60.625,0.01118379387422408
60.63,0.011808567370863443
60.635,0.012437538453813346
60.64,0.013064724371389502
60.645,0.013683773656484988
60.65,0.014288060324012974
60.655,0.014870790166149561
60.660000000000004,0.015425116957462848
60.665,0.015944265892013476
60.67,0.016421661167704826
60.675000000000004,0.01685105430865974
60.68,0.01722664962291276
60.685,0.017543223130140007
60.69,0.017796231379357152
60.695,0.01798190681031997
60.7,0.01809733669306013
60.705,0.018140523187504698
60.71,0.01811042268508345
60.715,0.01800696328902518
60.72,0.017831040044470114
60.725,0.017584488280597554
60.730000000000004,0.017270036168703484
60.735,0.016891238277963794
60.74,0.016452392496105972
60.745000000000005,0.015958443164056035
60.75,0.015414873619352676
60.755,0.01482759154153257
60.76,0.014202810567745416
60.765,0.013546931560806996
60.77,0.012866426725835822
60.775,0.012167729456709964
60.78,0.01145713241475832
60.785000000000004,0.01074069588696247
60.79,0.010024167993847755
60.795,0.00931291781757082
60.800000000000004,0.008611882040540308
60.805,0.007925525233240194
60.81,0.007257813514573996
60.815,0.006612200966475967
60.82,0.005991627882618644
60.825,0.005398529719784051
60.83,0.004834855451781195
60.835,0.004302093938401086
60.84,0.0038013068777402736
60.845,0.0033331669218465976
60.85,0.0028979995883595677
60.855000000000004,0.0024958276810096436
60.86,0.002126417042904727
60.865,0.0017893225864309414
60.870000000000005,0.001483933677592475
60.875,0.0012095180819975404
60.88,0.0009652638136214975
60.885,0.0007503183465895624
60.89,0.0005638247600352475
60.895,0.00040495448951261004
60.9,0.0002729364348950103
60.905,0.00016708225197559212
60.910000000000004,8.680770385238734e-05
60.915,3.1649996218602316e-05
60.92,1.2810475421357048e-06
60.925000000000004,-4.483332848599815e-06
60.93,1.4321630573584099e-05
60.935,5.781064268189917e-05
60.94,0.0001262451913673912
60.945,0.00022002629228978776
60.95,0.00033968313568377706
60.955,0.00048585765306907724
60.96,0.0006592850424413932
60.965,0.0008607703123382215
60.97,0.0010911609466792704
60.975,0.0013513158359219624
60.980000000000004,0.0016420706897033455
60.985,0.001964200216383105
60.99,0.0023183774532116175
60.995000000000005,0.002705130729503402
61.0,0.0031247988680807026
61.005,0.00357748535293112
61.01,0.004063012323637594
61.015,0.004580875392500516
61.02,0.005130200402211571
61.025,0.005709703366408192
61.03,0.006317654920355409
61.035000000000004,0.006951850687835659
61.04,0.007609588989605953
61.045,0.008287657313481134
61.050000000000004,0.008982328892070512
61.055,0.009689370605961756
61.06,0.010404063242340555
61.065,0.01112123487387251
61.07,0.011835307805842632
61.075,0.012540359150044367
61.08,0.013230194655815097
61.085,0.013898434953336647
61.09,0.014538612872854628
61.095,0.015144280017533873
61.1,0.01570912028959981
61.105000000000004,0.016227067664857486
61.11,0.01669242514659075
61.115,0.017099981597890945
61.120000000000005,0.017445123004314667
61.125,0.01772393471956235
61.13,0.01793329139412947
61.135,0.018070931551143588
61.14,0.01813551420905668
61.145,0.01812665547302572
61.15,0.018044943672890668
61.155,0.017891932324609172
61.160000000000004,0.017670110954192353
61.165,0.017382854578485762
61.17,0.017034353357495036
61.175000000000004,0.016629524603722246
61.18,0.016173909885601745
61.185,0.015673560412093224
61.19,0.015134914187296289
61.195,0.01456466857740324
61.2,0.013969651941749817
61.205,0.01335669784267779
61.21,0.012732525084768298
61.215,0.012103626465034267
61.22,0.0114761686558289
61.225,0.01085590513394763
61.230000000000004,0.010248103523309737
61.235,0.009657488171743722
61.24,0.00908819825912488
61.245000000000005,0.008543761241408987
61.25,0.008027081011555026
61.255,0.007540439790677311
61.26,0.007085512479880762
61.265,0.006663391987595801
61.27,0.006274623918162803
61.275,0.005919248937820143
61.28,0.005596851136251857
61.285000000000004,0.005306610755656749
61.29,0.00504735975338555
61.295,0.0048176387992304726
61.300000000000004,0.0046157544595271105
61.305,0.004439835490019917
61.31,0.0042878873307143905
61.315,0.004157844068231498
61.32,0.004047617292067152
61.325,0.003955141420271424
61.33,0.003878415203345753
61.335,0.0038155392285239564
61.34,0.003764749339359108
61.345,0.0037244459623182458
61.35,0.0036932193836261007
61.355000000000004,0.0036698710579885496
61.36,0.003653431048689648
61.365,0.003643171705474374
61.370000000000005,0.0036386176773135263
61.375,0.003639552341391822
61.38,0.0036460207036785874
61.385,0.00365832879773742
61.39,0.003677039576064356
61.395,0.003702965257451618
61.4,0.003737156064489433
61.405,0.0037808852651606273
61.410000000000004,0.003835630415139679
61.415,0.003903050696481447
61.42,0.003984960257380266
61.425000000000004,0.0040832974824596135
61.43,0.004200090165313419
61.435,0.004337416617579137
61.44,0.00449736282712454
61.445,0.004681975880808764
61.45,0.004893213987379852
61.455,0.005132893573410513
61.46,0.005402634080315494
61.465,0.005703801255405594
61.47,0.006037449903015357
61.475,0.0064042672316322324
61.480000000000004,0.00680451810057825
61.485,0.00723799361314903
61.49,0.0077039646275025575
61.495000000000005,0.00820114183648002
61.5,0.008727644106823362
61.505,0.009280976743173852
61.51,0.009858021257539207
61.515,0.010455038061511601
61.52,0.011067683264201378
61.525,0.011691040443391643
61.53,0.012319667871832252
61.535000000000004,0.012947661228455587
61.54,0.013568731324607342
61.545,0.014176295834996466
61.550000000000004,0.014763583478622166
61.555,0.015323748557353412
61.56,0.015849993262744277
61.565000000000005,0.016335694735232664
61.57,0.01677453351692293
61.575,0.0171606198269032
61.58,0.017488613987183044
61.585,0.01775383739833103
61.59,0.01795237065923061
61.595,0.018081135786275127
61.6,0.018137959969081408
61.605000000000004,0.01812161889931474
61.61,0.018031858399545797
61.615,0.017869393813597867
61.620000000000005,0.017635887385907267
61.625,0.017333904596135596
61.63,0.01696685110909968
61.635,0.016538892606646982
61.64,0.016054860270067195
61.645,0.015520145052519752
61.65,0.01494058410786181
61.655,0.014322342844447888
61.660000000000004,0.013671796007230341
61.665,0.012995411030878756
61.67,0.012299636610379139
61.675000000000004,0.01159079906807392
61.68,0.010875008652895701
61.685,0.01015807743188546
61.690000000000005,0.009445449940770345
61.695,0.008742147267891909
61.7,0.008052724795390986
61.705,0.007381243393350445
61.71,0.006731253506901069
61.715,0.006105791270508476
61.72,0.005507385548529697
61.725,0.004938074633006551
61.730000000000004,0.004399431219329841
61.735,0.0038925942354008924
61.74,0.003418306095888113
61.745000000000005,0.002976954003967691
61.75,0.0025686139949545606
61.755,0.002193096524471194
61.76,0.0018499925204826795
61.765,0.0015387189526112621
61.77,0.0012585631022723476
61.775,0.0010087248478396482
61.78,0.0007883564065687132
61.785000000000004,0.0005965990819165601
61.79,0.0004326166706445367
61.795,0.0002956252693523398
61.800000000000004,0.00018491929068009672
61.805,9.98935601878026e-05
61.81,4.006140784684753e-05
61.815000000000005,5.068701862832176e-06
61.82,-5.29620482197241e-06
61.825,8.903368732528227e-06
61.83,4.775416568428281e-05
61.835,0.0001114906141733707
61.84,0.00020048834133101767
61.845,0.0003152535858287342
61.85,0.00045640852732109494
61.855000000000004,0.0006246725643266338
61.86,0.0008208395972486571
61.865,0.0010457514106030352
61.870000000000005,0.001300267288804946
61.875,0.0015852300686693965
61.88,0.0019014288984351424
61.885,0.002249559067477591
61.89,0.002630179371298169
61.895,0.0030436675904326194
61.9,0.0034901747909721337
61.905,0.0039695792795768625
61.910000000000004,0.004481441184323032
61.915,0.005024958759138443
61.92,0.005598927628332362
61.925000000000004,0.006201704288283594
61.93,0.006831175257966393
61.935,0.0074847333028174035
61.940000000000005,0.008159262160035041
61.945,0.008851131124163913
61.95,0.009556200746128951
61.955,0.010269840709565159
61.96,0.010986960709541194
61.965,0.011702054840213805
61.97,0.012409259632445213
61.975,0.013102425452011346
61.980000000000004,0.013775200504003493
61.985,0.014421126203203016
61.99,0.015033742173734765
61.995000000000005,0.015606698670421082
62.0,0.016133873776901453
62.005,0.016609492389324743
62.01,0.017028243701830093
62.015,0.017385393778326375
62.02,0.01767688974400272
62.025,0.017899452261339377
62.03,0.018050653193967037
62.035000000000004,0.01812897576659367
62.04,0.018133855037390845
62.045,0.018065697129756586
62.050000000000004,0.017925876367684168
62.055,0.017716710207139386
62.06,0.017441412619220387
62.065000000000005,0.017104027309343905
62.07,0.016709342836890073
62.075,0.01626279227926375
62.08,0.015770340553007856
62.085,0.0152383628345234
62.09,0.014673517707681327
62.095,0.014082618695155702
62.1,0.013472507729510141
62.105000000000004,0.012849933869230057
62.11,0.012221440217338397
62.115,0.011593261559468715
62.120000000000005,0.010971234727666257
62.125,0.01036072316613712
62.13,0.009766556617066158
62.135,0.009192986320012864
62.14,0.008643655620357293
62.145,0.008121585438463086
62.15,0.007629173678918022
62.155,0.0071682073563348325
62.160000000000004,0.006739885987602889
62.165,0.0063448546536406525
62.17,0.005983245057288755
62.175000000000004,0.005654722887683761
62.18,0.005358539851826549
62.185,0.005093588817031147
62.190000000000005,0.004858460639882267
62.195,0.004651501402322289
62.2,0.004470868945522177
62.205,0.004314587762431543
62.21,0.004180601483223079
62.215,0.004066822348963939
62.22,0.003971177225344125
62.225,0.00389164983819823
62.230000000000004,0.003826319036156711
62.235,0.003773392977864276
62.24,0.0037312392229433833
62.245000000000005,0.0036984107620603446
62.25,0.003673668061380697
62.255,0.0036559972192403145
62.26,0.0036446243406076106
62.265,0.0036390262295515046
62.27,0.0036389374843176017
62.275,0.003644354055504867
62.28,0.0036555333003928103
62.285000000000004,0.003672990532942677
62.29,0.0036974920386947385
62.295,0.0037300444950021383
62.300000000000004,0.0037718807116238207
62.305,0.0038244415928723186
62.31,0.00388935421511194
62.315000000000005,0.003968405921562557
62.32,0.00406351435852903
62.325,0.004176693414849275
62.33,0.004310015085924768
62.335,0.004465567358793443
62.34,0.004645408312815569
62.345,0.004851516747752527
62.35,0.005085739784639998
62.355000000000004,0.005349738038175289
62.36,0.005644929121832121
62.365,0.005972430418150765
62.370000000000005,0.006333002220500816
62.375,0.0067269925175246215
62.38,0.007154284843684522
62.385,0.007614250744591544
62.39,0.008105708499527964
62.395,0.008626889784711267
62.4,0.009175415955283484
62.405,0.009748285545988722
62.410000000000004,0.010341874445593646
62.415,0.010951949976302444
62.42,0.011573699811741278
62.425000000000004,0.012201776292172895
62.43,0.012830356256181119
62.435,0.013453216014834624
62.440000000000005,0.014063820562398632
62.445,0.014655425568960823
62.45,0.015221190161607723
62.455,0.015754297995172806
62.46,0.016248083667008473
62.465,0.016696161177584656
62.47,0.01709255088994155
62.475,0.017431801330133112
62.480000000000004,0.01770910220033528
62.485,0.017920385149267304
62.49,0.018062409181695216
62.495000000000005,0.018132828039810533
62.5,0.0181302374762069
62.505,0.018054201010208715
62.51,0.017905253488557094
62.515,0.0176848825353062
62.52,0.017395488720836738
62.525,0.0170403259862546
62.53,0.016623424483785953
62.535000000000004,0.01614949851797931
62.54,0.015623842664144405
62.545,0.015052219405120582
62.550000000000004,0.014440741740774143
62.555,0.013795754198699939
62.56,0.013123715527839863
62.565000000000005,0.012431086084312426
62.57,0.011724222560161479
62.575,0.011009282283456656
62.58,0.010292138833847275
62.585,0.009578310238914867
62.59,0.00887290051123557
62.595,0.008180554836368259
62.6,0.0075054282795754546
62.605000000000004,0.006851167516284562
62.61,0.006220904771925717
62.615,0.005617262907984255
62.620000000000005,0.0050423704145643455
62.625,0.004497884943310382
62.63,0.003985023961925904
62.635,0.0035046010998289745
62.64,0.003057066793834551
62.645,0.0026425519127144526
62.65,0.002260913142135834
62.655,0.0019117790261047318
62.660000000000004,0.0015945956925946803
62.665,0.0013086714227301677
62.67,0.0010532193549352975
62.675000000000004,0.000827397739055602
62.68,0.0006303472749276118
62.685,0.0004612251667184264
62.690000000000005,0.0003192356203329805
62.695,0.0002036565804889312
62.7,0.00011386256967188535
62.705,4.934353442040407e-05
62.71,9.719641805794321e-06
62.715,-5.248007153828488e-06
62.72,4.349235128871948e-06
62.725,3.8570066463711195e-05
62.730000000000004,9.762162778964578e-05
62.735,0.00018185378602342261
62.74,0.00029174931421649397
62.745000000000005,0.000427909983115482
62.75,0.0005910385946983343
62.755,0.000781917007495192
62.76,0.0010013802402699667
62.765,0.001250286780174914
62.77,0.0015294852840268547
62.775,0.0018397779297671946
62.78,0.0021818807621221126
62.785000000000004,0.0025563814790503514
62.79,0.002963695214051043
62.795,0.0034040189977417867
62.800000000000004,0.0038772857074373945
62.805,0.004383118451393386
62.81,0.0049207864615290475
62.815000000000005,0.005489163688691789
62.82,0.0060866914048407494
62.825,0.006711346185714007
62.83,0.00736061470220406
62.835,0.008031476746847233
62.84,0.008720397873641872
62.845,0.009423332927667616
62.85,0.010135741571367873
62.855000000000004,0.010852616677457405
62.86,0.011568526165774529
62.865,0.01227766849245171
62.870000000000005,0.012973941588914073
62.875,0.013651024584575566
62.88,0.014302471167880526
62.885,0.014921812934662881
62.89,0.015502670609453872
62.895,0.016038870567665953
62.9,0.016524563727099206
62.905,0.01695434357126757
62.910000000000004,0.01732335990620726
62.915,0.017627424880473086
62.92,0.017863107899948716
62.925000000000004,0.01802781628521899
62.93,0.018119858890642604
62.935,0.018138490404957963
62.940000000000005,0.018083934644970157
62.945,0.01795738586146456
62.95,0.01776098780183588
62.955,0.017497791043936672
62.96,0.017171689854052374
62.965,0.01678734051106545
62.97,0.016350063639549717
62.975,0.015865733590118225
62.980000000000004,0.01534065825229547
62.985,0.014781452911677206
62.99,0.014194911807724253
62.995000000000005,0.013587880981855704
63.0,0.012967135772633753
63.005,0.012339265994462778
63.01,0.01171057139746523
63.015,0.011086969521830525
63.02,0.010473917515330555
63.025,0.00987634894315903
63.03,0.009298626076013505
63.035000000000004,0.008744507641239352
63.04,0.008217131569402625
63.045,0.007719011877938442
63.050000000000004,0.007252048520033583
63.055,0.006817548784640692
63.06,0.006416258674738273
63.065000000000005,0.006048402594814206
63.07,0.005713729662959466
63.075,0.005411564988463624
63.08,0.005140864345612783
63.085,0.004900270787974392
63.09,0.00468817189833004
63.095,0.0045027565305701955
63.1,0.004342070073189319
63.105000000000004,0.004204067435688685
63.11,0.00408666312587691
63.115,0.00398777793830396
63.120000000000005,0.003905381916669448
63.125,0.003837533369828172
63.13,0.003782413826756814
63.135,0.0037383588928603384
63.14,0.003703885035974186
63.145,0.0036777123703127246
63.15,0.0036587835330074703
63.155,0.0036462787589554985
63.160000000000004,0.003639627256125492
63.165,0.0036385149682575785
63.17,0.003642888792675901
63.175000000000004,0.0036529572893830298
63.18,0.00366918788890791
63.185,0.0036923005729245784
63.190000000000005,0.0037232579735511084
63.195,0.0037632518100636503
63.2,0.0038136855668753356
63.205,0.003876153306217489
63.21,0.003952414515753677
63.215,0.004044364908780018
63.22,0.004154003131617401
63.225,0.004283393385827949
63.230000000000004,0.004434624047062741
63.235,0.004609762454391486
63.24,0.004810806159137648
63.245000000000005,0.005039631051703353
63.25,0.005297936936333514
63.255,0.005587191282057091
63.26,0.005908572052323535
63.265,0.006262910684657896
63.27,0.006650636463575665
63.275,0.007071723682942732
63.28,0.007525643123667436
63.285000000000004,0.00801131947716982
63.29,0.00852709639300997
63.295,0.009070710834023998
63.300000000000004,0.009639278360687342
63.305,0.010229290829535387
63.31,0.01083662778877681
63.315000000000005,0.011456582561464757
63.32,0.012083903654904304
63.325,0.01271285169891101
63.33,0.013337271637645642
63.335,0.013950679367319196
63.34,0.014546361470895164
63.345,0.015117486156078996
63.35,0.015657222983119112
63.355000000000004,0.016158868522563097
63.36,0.01661597469465903
63.365,0.017022476289533017
63.370000000000005,0.017372814010563786
63.375,0.01766204940412308
63.38,0.017885968172222988
63.385,0.01804116867703698
63.39,0.018125132875063343
63.395,0.018136277485439223
63.4,0.018073983848957198
63.405,0.017938605662720875
63.410000000000004,0.017731454528778556
63.415,0.017454764012896362
63.42,0.017111633619066424
63.425000000000004,0.016705954732966433
63.43,0.016242321129233517
63.435,0.01572592705551301
63.440000000000005,0.015162456196751606
63.445,0.014557964961827707
63.45,0.013918763538626422
63.455,0.013251298034006709
63.46,0.012562036765775275
63.465,0.011857363435790802
63.47,0.01114347948713501
63.475,0.01042631749274392
63.480000000000004,0.009711466920123257
63.485,0.009004113135109293
63.49,0.00830899003060992
63.495000000000005,0.007630346228491902
63.5,0.006971924425144493
63.505,0.006336953118438515
63.51,0.005728149696999196
63.515,0.005147733678258604
63.52,0.004597448748805633
63.525,0.004078592194900921
63.53,0.0035920502901980456
63.535000000000004,0.0031383382380330005
63.54,0.0027176433355267093
63.545,0.002329870115981514
63.550000000000004,0.001974686345047161
63.555,0.0016515688743190537
63.56,0.001359848484039805
63.565000000000005,0.0010987529852450884
63.57,0.000867447971249824
63.575,0.0006650747332068718
63.58,0.0004907849528572594
63.585,0.00034377188320400265
63.59,0.0002232978025424881
63.595,0.00012871759130478333
63.6,5.949833150395434e-05
63.605000000000004,1.5234864834352824e-05
63.61,-4.338727516181411e-06
63.615,6.582561921722463e-07
63.620000000000005,3.0256412252141485e-05
63.625,8.463539373865236e-05
63.63,0.00016411896314094676
63.635,0.0002691659396903967
63.64,0.0004003570551065483
63.645,0.0005583777439177595
63.65,0.0007439969141933567
63.655,0.000958041777034957
63.660000000000004,0.0012013688537444445
63.665,0.0014748313351402587
63.67,0.0017792430363963163
63.675000000000004,0.0021153392759813983
63.68,0.0024837351013298203
63.685,0.0028848813996811273
63.690000000000005,0.003319019548111868
63.695,0.0037861353921133656
63.7,0.004285913469905367
63.705,0.004817692534963669
63.71,0.005380423549981472
63.715,0.005972631434870479
63.72,0.006592381934211744
63.725,0.007237255025302147
63.730000000000004,0.00790432629392157
63.735,0.00859015767408522
63.74,0.009290798847583659
63.745000000000005,0.010001800448865339
63.75,0.010718239995696877
63.755,0.011434761179614839
63.76,0.012145626801832066
63.765,0.01284478522851984
63.77,0.013525949793173453
63.775,0.014182690087029215
63.78,0.014808533586474937
63.785000000000004,0.0153970755802888
63.79,0.015942094914791483
63.795,0.016437672677753312
63.800000000000004,0.01687831064208467
63.805,0.017259046083410112
63.81,0.017575559511215033
63.815000000000005,0.017824271912267875
63.82,0.01800242830048404
63.825,0.018108164720274544
63.83,0.018140556309155897
63.835,0.018099644624719247
63.84,0.017986443109052175
63.845,0.017802920300809433
63.85,0.017551961164983254
63.855000000000004,0.017237307656984058
63.86,0.016863480341633874
63.865,0.016435683502145082
63.870000000000005,0.015959696696729253
63.875,0.015441756094926262
63.88,0.014888429168987471
63.885,0.0143064864067739
63.89,0.01370277365285233
63.895,0.013084088492647084
63.9,0.01245706377870448
63.905,0.011828060990850986
63.910000000000004,0.011203075631307513
63.915,0.01058765633474934
63.92,0.009986838815901677
63.925000000000004,0.009405095246833639
63.93,0.008846299134280144
63.935,0.008313705313099717
63.940000000000005,0.007809944262838542
63.945,0.00733702963002969
63.95,0.006896377581313118
63.955,0.006488836437602785
63.96,0.00611472493463161
63.965,0.005773877421482609
63.97,0.005465694331961757
63.975,0.005189196335832591
63.980000000000004,0.0049430806950567785
63.985,0.004725778485644483
63.99,0.004535511514715651
63.995000000000005,0.004370347926101914
64.0,0.0042282556665700355
64.005,0.004107153148532383
64.01,0.00400495660313771
64.015,0.003919623760110902
64.02,0.0038491936148998818
64.025,0.0037918221485482295
64.03,0.003745813951521182
64.035,0.0037096497677301388
64.04,0.00368201002096169
64.045,0.0036617944155152293
64.05,0.00364813771512168
64.055,0.003640421803261601
64.06,0.003638284117365372
64.065,0.0036416225261147878
64.07000000000001,0.00365059669443607
64.075,0.003665625947918194
64.08,0.0036873836174411423
64.08500000000001,0.00371678781428475
64.09,0.003754988560211281
64.095,0.0038033511768813533
64.1,0.0038634358305826844
64.105,0.003936973129303301
64.11,0.004025835685842694
64.115,0.004132005592734522
64.12,0.00425753780617022
64.125,0.00440451950382581
64.13,0.004575025573545943
64.135,0.004771070497322505
64.14,0.004994557024255997
64.145,0.005247222172684474
64.15,0.005530581259337808
64.155,0.005845870825071486
64.16,0.006193991496543205
64.165,0.006575451997253623
64.17,0.006990315673540692
64.175,0.0074381510438144005
64.18,0.007917987981311825
64.185,0.00842828120442718
64.19,0.008966882763672857
64.19500000000001,0.00953102516047366
64.2,0.010117316616621963
64.205,0.010721749818419113
64.21000000000001,0.011339725190463668
64.215,0.01196608940460564
64.22,0.012595189416124697
64.225,0.013220941844259926
64.23,0.013836916990236148
64.235,0.014436436248008278
64.24,0.015012681112324344
64.245,0.015558811465357536
64.25,0.016068090361134324
64.255,0.016534012123671005
64.26,0.01695043029457821
64.265,0.017311681795696643
64.27,0.017612703649859895
64.275,0.017849138724628233
64.28,0.01801742723291966
64.285,0.018114881145450568
64.29,0.018139739196662674
64.295,0.018091200820897768
64.3,0.017969438056326226
64.305,0.017775585219510504
64.31,0.017511706900513957
64.315,0.01718074556183069
64.32000000000001,0.01678645067552509
64.325,0.016333291902697056
64.33,0.015826359259836664
64.33500000000001,0.015271253530691808
64.34,0.014673970352617971
64.345,0.014040781431830851
64.35,0.013378116236850701
64.355,0.01269244729532204
64.36,0.011990181888126727
64.365,0.011277562533280161
64.37,0.01056057818999534
64.375,0.009844887625831689
64.38,0.009135755899073672
64.385,0.008438004425066481
64.39,0.007755974660661025
64.395,0.007093505035738801
64.4,0.00645392043237436
64.405,0.005840033234500552
64.41,0.005254154763235874
64.415,0.004698115776903933
64.42,0.004173294625314128
64.425,0.003680651630164178
64.43,0.003220768279355468
64.435,0.0027938898844457327
64.44,0.0023999704418624646
64.44500000000001,0.0020387185500947425
64.45,0.0017096433583878579
64.455,0.0014120996597868363
64.46000000000001,0.0011453313682765476
64.465,0.0009085127516925695
64.47,0.0007007869096296027
64.475,0.0005213010956806041
64.48,0.00036923857323833964
64.485,0.00024384678113897884
64.49,0.0001444616451847791
64.495,7.052792891362736e-05
64.5,2.16155511048588e-05
64.505,-2.568168194367823e-06
64.51,-2.170357988303187e-06
64.515,2.2811446980075534e-05
64.52,7.252923824924151e-05
64.525,0.00014728035660332983
64.53,0.00024749920605948716
64.535,0.00037374487602437334
64.54,0.0005266846885025878
64.545,0.00070707371805101
64.55,0.0009157303508531278
64.555,0.0011535079970008688
64.56,0.0014212631158851963
64.565,0.0017198197871284293
64.57000000000001,0.002049931135967853
64.575,0.002412238018568935
64.58,0.0028072254828233056
64.58500000000001,0.0032351776360552975
64.59,0.003696131683103232
64.595,0.004189832029098284
64.6,0.004715685472472586
64.605,0.0052727186419812
64.61,0.005859538939356312
64.615,0.00647430034171137
64.62,0.007114675475168752
64.625,0.00777783539075827
64.63,0.008460438447986718
64.635,0.009158629625556358
64.64,0.009868051437930347
64.645,0.010583867424660554
64.65,0.011300798906255238
64.655,0.01201317536087032
64.66,0.0127149983770245
64.665,0.013400018698312977
64.67,0.014061825389223515
64.675,0.014693945667918484
64.68,0.015289953456083083
64.685,0.01584358424113219
64.69,0.016348853445350642
64.69500000000001,0.016800175166935105
64.7,0.017192477939239836
64.705,0.017521314052793002
64.71000000000001,0.017782959012571098
64.715,0.017974497883813
64.72,0.01809389559059582
64.725,0.018140048681487997
64.73,0.018112816647843033
64.735,0.018013031532980506
64.74,0.017842485308065648
64.745,0.01760389523490602
64.75,0.017300848203618102
64.755,0.01693772572754426
64.76,0.01651961193628182
64.765,0.016052187424925535
64.77,0.015541612236773972
64.775,0.014994401522251621
64.78,0.01441729753054588
64.785,0.013817141565823476
64.79,0.013200749367257458
64.795,0.012574793080190716
64.8,0.011945692590671797
64.805,0.011319518523912109
64.81,0.010701908682502648
64.815,0.01009799915560805
64.82000000000001,0.009512370785774493
64.825,0.008949011159788967
64.83,0.008411291820586086
64.83500000000001,0.007901959977395734
64.84,0.007423143653436881
64.845,0.006976368936797428
64.85,0.006562587812990017
64.855,0.0061822149385264424
64.86,0.005835171668532979
64.865,0.005520935663859916
64.87,0.005238594470522884
64.875,0.004986901568534208
64.88,0.004764333526519948
64.885,0.004569147056774803
64.89,0.0043994349356388796
64.895,0.004253179925250983
64.9,0.004128306004329119
64.905,0.004022726373091423
64.91,0.003934387842389864
64.915,0.003861311346941232
64.92,0.003801628428981907
64.925,0.0037536136298617073
64.93,0.0037157127941921386
64.935,0.0036865673424927303
64.94,0.003665034599365624
64.94500000000001,0.0036502042798468026
64.95,0.003641411238870379
64.955,0.0036382445782079235
64.96000000000001,0.0036405531857089946
64.965,0.003648447756529616
64.97,0.003662299313005768
64.975,0.0036827342117966566
64.98,0.003710625592537209
64.985,0.0037470811969368967
64.99,0.0037934274668800505
64.995,0.0038511898171389447
65.0,0.003922068978807758
65.005,0.004007913323588852
65.01,0.00411068710598439
65.015,0.004232434610636382
65.02,0.004375240255675372
65.025,0.004541184789183639
65.03,0.004732297822097387
65.035,0.004950507066471488
65.04,0.005197584789268461
65.045,0.005475092150321714
65.05,0.00578432226046921
65.055,0.006126242968441886
65.06,0.006501440556377247
65.065,0.006910065684838429
65.07000000000001,0.007351783067885975
65.075,0.00782572647521107
65.08,0.008330460724682354
65.08500000000001,0.00886395235825077
65.09,0.009423550648349988
65.095,0.010005980485448873
65.1,0.010607348508600012
65.105,0.01122316359336395
65.11,0.011848372471643387
65.115,0.012477410859592197
65.12,0.013104270001154106
65.125,0.013722578024498944
65.13,0.014325694963787328
65.135,0.014906819757101175
65.14,0.015459106994065053
65.145,0.015975790714577442
65.15,0.01645031214358994
65.155,0.016876447939665695
65.16,0.017248435346125746
65.165,0.01756109058093358
65.17,0.017809916893170907
65.175,0.017991198964203647
65.18,0.018102080711763335
65.185,0.018140624079435952
65.19,0.01810584701281215
65.19500000000001,0.017997739527920942
65.2,0.017817257529578967
65.205,0.017566294788863956
65.21000000000001,0.017247634234834663
65.215,0.016864880372885693
65.22,0.016422375240271236
65.225,0.015925100768850342
65.23,0.015378570766756638
65.235,0.014788715924503038
65.24,0.014161765308315921
65.245,0.013504127718448444
65.25,0.012822276086584594
65.255,0.012122637777615353
65.26,0.011411493265942596
65.265,0.01069488520692019
65.27,0.009978539439593703
65.275,0.009267798962532936
65.28,0.008567571441943755
65.285,0.007882290361916233
65.29,0.007215889519684993
65.295,0.006571790221775231
65.3,0.005952900251958937
65.305,0.00536162345842861
65.31,0.004799878662176127
65.315,0.004269126486308394
65.32000000000001,0.003770402679231566
65.325,0.00330435651257055
65.33,0.0028712928887628664
65.33500000000001,0.002471216881208882
65.34,0.0021038795341432603
65.345,0.0017688238789110855
65.35,0.001465430247439059
65.355,0.0011929601043103588
65.36,0.000950597741947945
65.365,0.0007374893087415124
65.37,0.0005527787472543455
65.375,0.00039564031994654414
65.38,0.00026530747876807315
65.385,0.00016109790926455148
65.39,8.243462825480163e-05
65.395,2.8863061430878245e-05
65.4,6.405350403554388e-08
65.405,-4.137213409457184e-06
65.41,1.6233592194686564e-05
65.415,6.130065439069465e-05
65.42,0.00013133460084147064
65.425,0.0002267449869357563
65.43,0.0003480686819476997
65.435,0.0004959541773672527
65.44,0.0006711418563909444
65.44500000000001,0.0008744402881273317
65.45,0.001106698649107063
65.455,0.0013687754240185868
65.46000000000001,0.0016615036028904129
65.465,0.0019856526673489583
65.47,0.002341887753453342
65.475,0.00273072648476802
65.48,0.003152494084232238
65.485,0.0036072775037574445
65.49,0.004094879440325272
65.495,0.004614773241353731
65.5,0.005166059827727665
65.505,0.0057474278798856915
65.51,0.006357118623668612
65.515,0.006992896620966249
65.52,0.007652027994112132
65.525,0.008331267500757633
65.53,0.009026855796729905
65.535,0.009734528098000794
65.54,0.010449535253965081
65.545,0.0111666779809525
65.55,0.01188035467801285
65.555,0.012584622861496086
65.56,0.013273273815503472
65.565,0.013939919584622373
65.57000000000001,0.014578090943217603
65.575,0.015181344480883041
65.58,0.015743376487556304
65.58500000000001,0.016258140893270934
65.59,0.016719968191452494
65.595,0.017123682016922714
65.6,0.017464709938316503
65.605,0.017739185015500425
65.61,0.017944034837896083
65.615,0.01807705502974244
65.62,0.018136964653670873
65.625,0.018123441472155832
65.63,0.018037135687386296
65.635,0.01787966148491904
65.64,0.017653566467899395
65.645,0.017362279822314974
65.65,0.01701004077686008
65.655,0.016601809574979143
65.66,0.016143163734394506
65.665,0.01564018280184598
65.67,0.015099325106064043
65.675,0.014527300156892409
65.68,0.013930940339154319
65.685,0.0133170753985965
65.69,0.012692412955715326
65.69500000000001,0.01206342789603454
65.7,0.011436263033409944
65.705,0.010816642920651987
65.71000000000001,0.010209802143474889
65.715,0.009620428882435306
65.72,0.009052624007612309
65.725,0.00850987548194837
65.73,0.007995047428849489
65.735,0.007510382857422115
65.74,0.007057518757829229
65.745,0.006637512074787466
65.75,0.0062508749341176895
65.755,0.005897617441243952
65.76,0.005577296367656359
65.765,0.005289068104888273
65.77,0.005031744358772627
65.775,0.004803849194252585
65.78,0.004603676192751038
65.785,0.004429344655716427
65.79,0.004278853958959772
65.795,0.004150135332261939
65.8,0.004041100502097716
65.805,0.003949686781876238
65.81,0.0038738983251001002
65.815,0.0038118433712734934
65.82000000000001,0.0037617674049175154
65.825,0.0037220822224722783
65.83,0.0036913909537685807
65.83500000000001,0.0036685091215378773
65.84,0.0036524818390853975
65.845,0.00364259725179851
65.85,0.0036383963199242333
65.855,0.003639679021530229
65.86,0.0036465070297511393
65.865,0.003659202888843971
65.87,0.003678345681721318
65.875,0.0037047631490754185
65.88,0.0037395201954044666
65.885,0.00378390369122128
65.89,0.003839403470252023
65.895,0.0039076894165019915
65.9,0.003990584546518239
65.905,0.004090034019226252
65.91,0.004208070048409951
65.915,0.004346772755662975
65.92,0.004508227083242389
65.925,0.004694475989541758
65.93,0.00490747026969629
65.935,0.005149015484890995
65.94,0.005420716638024459
65.94500000000001,0.005723921400258902
65.95,0.006059662863574289
65.955,0.006428602969114294
65.96000000000001,0.0068309779219788425
65.965,0.007266547049077587
65.97,0.0077345466786979955
65.975,0.008233650695302686
65.98,0.008761939461180646
65.985,0.00931687876706988
65.99,0.00989531038335656
65.995,0.010493455618522773
66.0,0.011106933046978185
66.005,0.011730791254070283
66.01,0.01235955705205427
66.015,0.012987299166557165
66.02,0.013607706889274596
66.025,0.014214182653869756
66.03,0.01479994694357245
66.035,0.015358153406126007
66.04,0.015882011556882958
66.045,0.016364914029608713
66.05,0.01680056499947824
66.055,0.017183106193613185
66.06,0.017507236824151562
66.065,0.017768323841224287
66.07000000000001,0.017962499129374976
66.075,0.01808674062122151
66.08,0.01813893480422024
66.08500000000001,0.01811791869973689
66.09,0.018023500084119348
66.095,0.017856455463963528
66.1,0.01761850607880433
66.105,0.01731227294715154
66.11,0.016941212651804705
66.115,0.016509536173124673
66.12,0.016022113560914875
66.125,0.015484367604532423
66.13,0.014902159882222321
66.135,0.014281672650426458
66.14,0.013629289978830172
66.145,0.01295148134893509
66.15,0.012254690650646438
66.155,0.011545233121175613
66.16,0.010829202338857868
66.165,0.010112388896668989
66.17,0.00940021189287421
66.175,0.008697663882461626
66.18,0.008009269484134052
66.185,0.007339057416260175
66.19,0.006690545376676127
66.19500000000001,0.006066736888904245
66.2,0.005470128995364476
66.205,0.004902729524314253
66.21000000000001,0.004366082545082861
66.215,0.003861300583078986
66.22,0.003389102173935399
66.225,0.002949853376708944
66.23,0.0025436119500374943
66.235,0.002170173001365683
66.24,0.0018291150344476037
66.245,0.0015198454597058486
66.25,0.0012416447558072363
66.255,0.000993708609938082
66.26,0.0007751874801122938
66.265,0.0005852231397562857
66.27,0.0004229818627627946
66.275,0.0002876839933116937
66.28,0.00017862971626003699
66.285,9.522090113905923e-05
66.29,3.6978936693174425e-05
66.295,3.558505434809317e-06
66.3,-5.242731302587092e-06
66.305,1.0521449536053662e-05
66.31,5.094730439514361e-05
66.315,0.00011627848475626035
66.32000000000001,0.0002068992895494226
66.325,0.0003233238177862141
66.33,0.00046618103802065214
66.33500000000001,0.0006361958107259369
66.34,0.0008341659199246898
66.345,0.001060935210398739
66.35,0.0013173629708824741
66.355,0.001604289767368705
66.36,0.001922500004130967
66.365,0.0022726815817275536
66.37,0.0026553831230131664
66.375,0.003070969355200681
66.38,0.0035195753618193493
66.385,0.004001060547048851
66.39,0.004514963292640672
66.395,0.005060457411699915
66.4,0.005636311624504842
66.405,0.0062408533769602315
66.41,0.006871938399006794
66.415,0.007526927427118579
66.42,0.008202671517754112
66.425,0.008895507304426786
66.43,0.009601263441776808
66.435,0.010315279288349188
66.44,0.011032436632788745
66.44500000000001,0.011747204951387147
66.45,0.012453700307865745
66.455,0.013145757582119444
66.46000000000001,0.013817015240036312
66.465,0.01446101137382172
66.47,0.015071289243671515
66.475,0.015641510086098265
66.48,0.016165570519639516
66.485,0.01663772153058929
66.49,0.017052685751629326
66.495,0.017405769599520227
66.5,0.01769296682147825
66.505,0.01791105011505323
66.51,0.018057647754972095
66.515,0.018131302557122808
66.52,0.018131511040344606
66.525,0.01805874126819873
66.53,0.017914428566911056
66.535,0.01770094905810282
66.54,0.017421571709341777
66.545,0.017080390333966022
66.55,0.016682237642051234
66.555,0.016232584022908725
66.56,0.015737424193631
66.565,0.015203155175893102
66.57000000000001,0.014636449231200999
66.575,0.014044125413349207
66.58,0.013433023276544276
66.58500000000001,0.012809882030200725
66.59,0.012181228070648586
66.595,0.011553273373650086
66.6,0.010931826725339988
66.605,0.010322219227891338
66.61,0.009729244966056427
66.615,0.009157117197016618
66.62,0.008609439923390028
66.625,0.008089194282071333
66.63,0.007598738801135596
66.635,0.007139822288921849
66.64,0.006713607888896078
66.645,0.006320706702508616
66.65,0.005961219297097031
66.655,0.005634783416097022
66.66,0.005340626253751424
66.665,0.005077619746021611
66.67,0.004844337461362258
66.675,0.004639111823950159
66.68,0.004460090568861652
66.685,0.004305291502712194
66.69,0.004172654813484833
66.69500000000001,0.004060092336224397
66.7,0.003965533333832649
66.705,0.0038869664852683172
66.71000000000001,0.0038224778901034817
66.715,0.003770284995214146
66.72,0.0037287664261227427
66.725,0.003696487760343925
66.73,0.0036722233215632505
66.735,0.003654974092258345
66.74,0.003643981851214978
66.745,0.0036387396346426754
66.75,0.003638998604394079
66.755,0.0036447713829875217
66.76,0.003656331884709929
66.765,0.003674211642151648
66.77,0.0036991925946346926
66.775,0.0037322962765427015
66.78,0.003774769320795013
66.785,0.003828065176950002
66.79,0.003893821937748676
66.795,0.003973836178141177
66.8,0.0040700327307510165
66.805,0.004184430365071989
66.81,0.004319103394403889
66.815,0.0044761393128958105
66.82000000000001,0.004657592665139987
66.825,0.004865435466204104
66.83,0.005101504628983733
66.83500000000001,0.005367447005575343
66.84,0.0056646628163470325
66.845,0.0059942484089159365
66.85,0.006356939464934541
66.855,0.006753055935799779
66.86,0.007182450139204377
66.865,0.007644459573857176
66.87,0.008137866095946578
66.875,0.00866086314548653
66.88,0.009211032695937149
66.885,0.009785333519459982
66.89,0.010380102212774744
66.895,0.010991068196457121
66.9,0.011613383600202809
66.905,0.012241668567206432
66.91,0.012870072066256455
66.915,0.01349234780362707
66.92,0.014101944297735258
66.925,0.014692107621623762
66.93,0.015255994792980232
66.935,0.015786795275129606
66.94,0.016277857624608316
66.94500000000001,0.016722817962936176
66.95,0.01711572671779038
66.955,0.017451169971188563
66.96000000000001,0.017724381792113775
66.965,0.017931344120576398
66.97,0.01806887110132749
66.975,0.018134675241398668
66.98,0.018127413349262156
66.985,0.018046710889137785
66.99,0.017893164125567296
66.995,0.017668320185258324
67.0,0.01737463591729238
67.005,0.017015417127922206
67.01,0.016594740388484297
67.015,0.016117360127779534
67.02,0.015588604110760684
67.025,0.015014260651156519
67.03,0.01440046101850001
67.035,0.01375356046061782
67.04,0.013080021109182383
67.045,0.012386299758517794
67.05,0.01167874314244699
67.055,0.01096349290665799
67.06,0.010246401994269405
67.065,0.00953296367127976
67.07000000000001,0.008828253930637686
67.075,0.008136887546935867
67.08,0.007462987631079443
67.08500000000001,0.0068101681657246615
67.09,0.006181528686825644
67.095,0.005579660040494261
67.1,0.00500665995947891
67.105,0.004464157092469279
67.11,0.003953342063335086
67.115,0.003475004131122006
67.12,0.00302957206349852
67.125,0.0026171579091007757
67.13,0.0022376024553629748
67.135,0.0018905212776054725
67.14,0.0015753504146562847
67.145,0.0012913908391438689
67.15,0.0010378510212798453
67.155,0.0008138870115947938
67.16,0.0006186395785821031
67.165,0.00045126804549866506
67.17,0.00031098055248712786
67.175,0.00019706055023882563
67.18,0.00010888938657449554
67.185,4.5964896349032225e-05
67.19,7.915939325621457e-06
67.19500000000001,-5.48714762948799e-06
67.2,5.67380130585271e-06
67.205,4.1467022464547476e-05
67.21000000000001,0.00010210895464268788
67.215,0.00018795825950934653
67.22,0.00029950574220694026
67.225,0.00043736018274431743
67.23,0.0006022301129160468
67.235,0.0007949015892330102
67.24,0.0010162120503101058
67.245,0.001267020389926543
67.25,0.001548173435925726
67.255,0.0018604690991228523
67.26,0.0022046165427047626
67.265,0.002581193821962202
67.27,0.0029906035617059956
67.275,0.0034330273595397642
67.28,0.003908379733488232
67.285,0.004416262569137075
67.29,0.004955921146883924
67.295,0.005526202953360482
67.3,0.006125520583623256
67.305,0.006751820114487828
67.31,0.007402556378320213
67.315,0.008074676559832739
67.32000000000001,0.00876461349364277
67.325,0.00946828992554316
67.33,0.010181134834819972
67.33500000000001,0.010898112669259774
67.34,0.01161376604833464
67.345,0.012322272119007494
67.35,0.013017512333728831
67.355,0.013693154952314046
67.36,0.014342749092463691
67.365,0.014959828649388385
67.37,0.015538023931885192
67.375,0.016071178429292843
67.38,0.016553467743932515
67.385,0.01697951744804982
67.39,0.017344516448666525
67.395,0.017644322401508816
67.4,0.0178755558078052
67.405,0.018035679666027704
67.41,0.01812306192442037
67.415,0.01813701848515592
67.42,0.018077835124195474
67.425,0.0179467673773388
67.43,0.01774601819997912
67.435,0.01747869395018853
67.44,0.017148740004365948
67.44500000000001,0.0167608579807208
67.45,0.01632040715476535
67.455,0.015833293124476455
67.46000000000001,0.015305847138339601
67.465,0.014744699694098529
67.47,0.014156652076714238
67.475,0.013548549402020882
67.48,0.012927158517491932
67.485,0.012299053760870038
67.49,0.011670513152743922
67.495,0.011047427097697238
67.5,0.01043522113191031
67.505,0.009838793708979665
67.51,0.009262469477199886
67.515,0.00870996800475865
67.52,0.008184387453969322
67.525,0.007688202328715477
67.53,0.007223274102710064
67.535,0.006790873302934486
67.54,0.006391711466298133
67.545,0.006025981300027183
67.55,0.005693403357348359
67.555,0.005393277578081168
67.56,0.005124538126935363
67.565,0.0048858100860602605
67.57000000000001,0.004675466704641806
67.575,0.004491686073953893
67.58,0.0043325062678567505
67.58500000000001,0.004195878161291411
67.59,0.004079715304279308
67.595,0.003981940382394633
67.6,0.0039005279328714337
67.605,0.0038335431053448943
67.61,0.003779176355220404
67.615,0.0037357740406473994
67.62,0.0037018649508175905
67.625,0.0036761828381469686
67.63,0.003657685050077464
67.635,0.003645567365332558
67.64,0.0036392751366453938
67.645,0.0036385108266823937
67.65,0.003643238001164173
67.655,0.0036536818158217077
67.66,0.0036703260003303484
67.665,0.003693906313411377
67.67,0.0037254004112836636
67.675,0.0037660140485520355
67.68,0.003817163512924271
67.685,0.0038804541890229416
67.69,0.0039576551498941015
67.69500000000001,0.004050669698246079
67.7,0.004161501812561141
67.705,0.004292218511514179
67.71000000000001,0.004444908222450472
67.715,0.004621635335964491
67.72,0.0048243912415539825
67.725,0.005055042274173971
67.73,0.0053152751485683325
67.735,0.005606540623524836
67.74,0.00592999630688773
67.745,0.0062864496854881935
67.75,0.0066763026324121455
67.755,0.007099498796508286
67.76,0.007555475410477186
67.765,0.008043121147821353
67.77,0.008560741713701248
67.775,0.009106034848262112
67.78,0.009676076358168473
67.785,0.010267318651653312
67.79,0.010875603041817783
67.795,0.011496186791742247
67.8,0.012123785508990181
67.805,0.012752631070419795
67.81,0.013376544760664189
67.815,0.013989024790951987
67.82000000000001,0.014583346808851871
67.825,0.015152675470993415
67.83,0.015690184639773008
67.83500000000001,0.016189183310530098
67.84,0.016643244006289137
67.845,0.017046330121587516
67.85,0.017392918557312953
67.855,0.017678114013818913
67.86,0.017897751451016575
67.865,0.018048483552327355
67.87,0.018127850459734418
67.875,0.018134329623897827
67.88,0.018067364273221642
67.885,0.017927369727736675
67.89,0.017715717553862476
67.895,0.017434698294742645
67.9,0.017087464229895488
67.905,0.016677954254461724
67.91,0.016210803501611082
67.915,0.01569124074615047
67.92,0.015124976904388632
67.925,0.014518088075966773
67.93,0.013876896572796227
67.935,0.013207853233414113
67.94,0.01251742407754719
67.94500000000001,0.011811983998107678
67.95,0.011097719772589443
67.955,0.01038054420206791
67.96000000000001,0.009666022700645982
67.965,0.008959313158019455
67.97,0.00826511943827768
67.975,0.007587658435411981
67.98,0.006930640232262419
67.985,0.006297260583313147
67.99,0.005690204688630018
67.995,0.005111661031554249
68.0,0.004563343933989827
68.005,0.0040465234073767675
68.01,0.003562060871306727
68.015,0.00311044934115845
68.02,0.0026918567522491443
68.025,0.0023061711899829973
68.03,0.0019530469050677013
68.035,0.0016319501265451564
68.04,0.0013422038150836535
68.045,0.0010830306313280857
68.05,0.0008535935213656032
68.055,0.0006530334364331924
68.06,0.00048050381057662683
68.065,0.00033520150978472163
68.07000000000001,0.000216394042845236
68.075,0.00012344288787202728
68.08,5.5822835975660734e-05
68.08500000000001,1.3137290433153093e-05
68.09,-4.870513398936779e-06
68.095,1.6896116014353257e-06
68.1,3.2857816292364284e-05
68.105,8.882311667829379e-05
68.11,0.00016991818399147984
68.115,0.0002766100324580467
68.12,0.00040948661395634467
68.125,0.0005692393521115058
68.13,0.0007566416585209623
68.135,0.0009725235158097867
68.14,0.0012177422459926923
68.145,0.0014931496457313287
68.15,0.0017995557341539126
68.155,0.00213768944959547
68.16,0.0025081567234863655
68.165,0.0029113964769909018
68.17,0.0033476352036316825
68.175,0.0038168409349470522
68.18,0.004318677514582703
68.185,0.00485246024178565
68.19,0.005417114065124906
68.19500000000001,0.006011135614652829
68.2,0.006632560443906144
68.205,0.007278936900831923
68.21000000000001,0.007947308060501257
68.215,0.008634203104428195
68.22,0.009335639439814969
68.225,0.010047136690253922
68.23,0.010763743459644814
68.235,0.011480077487899365
68.24,0.01219037945443091
68.245,0.012888580280069561
68.25,0.013568381322738077
68.255,0.014223346376098789
68.26,0.014847003892235477
68.265,0.015432957356338761
68.27,0.0159750013083233
68.275,0.016467240110216608
68.28,0.01690420625920197
68.285,0.017280974858863374
68.29,0.017593270782803927
68.295,0.017837565136993305
68.3,0.018011157840938097
68.305,0.018112243486967827
68.31,0.018139958133680523
68.315,0.018094405264527325
68.32000000000001,0.01797665984189223
68.325,0.017788750105921736
68.33,0.017533617542383695
68.33500000000001,0.01721505618045427
68.34,0.016837633080434955
68.345,0.016406592490092464
68.35000000000001,0.015927746645971297
68.355,0.015407356579761
68.36,0.014852006510704285
68.365,0.01426847549241117
68.37,0.01366360991254112
68.375,0.013044200242259052
68.38,0.012416865114499132
68.385,0.011787945388586962
68.39,0.011163410375093719
68.395,0.010548777861529857
68.4,0.009949049031170887
68.405,0.009368658829060905
68.41,0.008811441817726973
68.415,0.008280613109906909
68.42,0.007778763561713475
68.425,0.00730786809169004
68.43,0.006869305735113684
68.435,0.006463889877949214
68.44,0.006091907008775266
68.44500000000001,0.005753162302548631
68.45,0.005447030371792394
68.455,0.00517250960202098
68.46000000000001,0.004928278599823699
68.465,0.004712753429839012
68.47,0.004524144475476888
68.47500000000001,0.0043605119318232965
68.48,0.0042198191112738925
68.485,0.004099982909041344
68.49,0.003998920932142269
68.495,0.003914594935748195
68.5,0.0038450503361304733
68.505,0.003788451670266646
68.51,0.003743113959023159
68.515,0.003707529993248526
68.52,0.0036803936072671295
68.525,0.0036606190333455246
68.53,0.0036473564406930975
68.535,0.0036400037627534083
68.54,0.0036382149027880447
68.545,0.0036419043870220963
68.55,0.0036512485065907097
68.555,0.003666682958994971
68.56,0.0036888969673964933
68.565,0.0037188238260631445
68.57000000000001,0.003757627795383911
68.575,0.0038066872500721605
68.58,0.0038675739753109006
68.58500000000001,0.003942028509585249
68.59,0.00403193144870162
68.595,0.00413927065998454
68.60000000000001,0.004266104406917215
68.605,0.004414520455345183
68.61,0.004586591323439748
68.615,0.004784325948063994
68.62,0.005009618170271679
68.625,0.005264192589017114
68.63,0.005549548492821188
68.635,0.005866902747948544
68.64,0.006217132696438199
68.645,0.006600720283426398
68.65,0.007017698794244964
68.655,0.00746760371256272
68.66,0.007949429318056644
68.665,0.008461592699308795
68.67,0.009001906869418264
68.675,0.009567564614005875
68.68,0.010155134582156222
68.685,0.010760570925889112
68.69,0.01137923752771286
68.69500000000001,0.012005947492355062
68.7,0.01263501817177115
68.705,0.013260341501936779
68.71000000000001,0.013875468918158163
68.715,0.01447370956138272
68.72,0.015048239951543252
68.72500000000001,0.015592222775392628
68.73,0.016098931980121023
68.735,0.016561880966847298
68.74,0.016974950407373512
68.745,0.017332512041164705
68.75,0.01762954480114587
68.755,0.01786173974310401
68.76,0.01802559054082309
68.765,0.018118466723826998
68.77,0.018138667386203622
68.775,0.01808545374082371
68.78,0.017959059606582173
68.785,0.0177606796784886
68.79,0.017492436180212678
68.795,0.017157325222548536
68.8,0.016759144846712815
68.805,0.016302407282481113
68.81,0.015792238394794822
68.815,0.015234267590056305
68.82000000000001,0.014634511617845902
68.825,0.013999255717223491
68.83,0.013334935451133845
68.83500000000001,0.012648022330026265
68.84,0.011944915999258399
68.845,0.011231845353162129
68.85000000000001,0.010514780474490948
68.855,0.009799356814411908
68.86,0.009090812529400694
68.865,0.008393939418670726
68.87,0.007713047465653489
68.875,0.007051942592724458
68.88,0.006413916908798001
68.885,0.0058017504564631395
68.89,0.005217723265310781
68.895,0.004663636381124547
68.9,0.0041408404591685155
68.905,0.003650270493215757
68.91,0.0031924852686380234
68.915,0.00276771019728983
68.92,0.0023758822787494083
68.925,0.002016696048289468
68.93,0.0016896494967086895
68.935,0.0013940890814403417
68.94,0.0011292530778841403
68.94500000000001,0.0008943126518445865
68.95,0.0006884101469000203
68.955,0.0005106941944601484
68.96000000000001,0.00036035134051681794
68.965,0.00023663397044793033
68.97,0.00013888437108311447
68.97500000000001,6.655482652206945e-05
68.98,1.9223677129170946e-05
68.985,-3.3926935316857046e-06
68.99,-1.431971641957519e-06
68.995,2.511786988437792e-05
69.0,7.64182411644998e-05
69.005,0.00015277549691572467
69.01,0.0002546323895185054
69.015,0.0003825554307641532
69.02,0.0005372181818372734
69.025,0.0007193805180900625
69.03,0.000929863939985065
69.035,0.0011695230450126104
69.04,0.001439213325746369
69.045,0.0017397555302833823
69.05,0.0020718969003663545
69.055,0.0024362696980855247
69.06,0.002833347545973197
69.065,0.0032634002165199405
69.07000000000001,0.0037264476478959807
69.075,0.004222214082803433
69.08,0.004750083369597036
69.08500000000001,0.005309056583145733
69.09,0.0058977132360702456
69.095,0.006514177437209057
69.10000000000001,0.007156090413483085
69.105,0.007820590823630624
69.11,0.008504304267319185
69.115,0.009203343301589229
69.12,0.009913319130351539
69.125,0.010629365921666079
69.13,0.011346178423288222
69.135,0.012058063208652214
69.14,0.012759003483168385
69.145,0.013442736932770316
69.15,0.014102845619149207
69.155,0.014732856428292251
69.16,0.015326350099318375
69.165,0.015877076397789125
69.17,0.016379072603172062
69.175,0.0168267821627488
69.18,0.017215170144858405
69.185,0.017539832032113623
69.19,0.017797092440822837
69.19500000000001,0.017984090526944385
69.2,0.018098849174364773
69.205,0.018140325509925503
69.21000000000001,0.01810844086968899
69.215,0.018004089001486534
69.22,0.017829122024195954
69.22500000000001,0.017586314417243898
69.23,0.017279306066527056
69.235,0.01691252610536509
69.24,0.016491099914318852
69.245,0.016020742178270098
69.25,0.015507639297005937
69.255,0.014958324699158254
69.26,0.014379550726722812
69.265,0.013778160707058618
69.27,0.01316096466273109
69.275,0.012534621800497803
69.28,0.011905532524526308
69.285,0.011279742244155955
69.29,0.010662858713899936
69.295,0.010059984106376874
69.3,0.009475662466080337
69.305,0.008913842684581397
69.31,0.008377856659020466
69.315,0.007870411893673435
69.32000000000001,0.007393597459294909
69.325,0.006948901964870302
69.33,0.006537242008684885
69.33500000000001,0.00615899946443399
69.34,0.005814065912757016
69.345,0.005501892548961607
69.35000000000001,0.005221543962301567
69.355,0.004971754294670561
69.36,0.004750984423067095
69.365,0.004557478971249473
69.37,0.004389322126964856
69.375,0.004244491411212081
69.38,0.004120908718302729
69.385,0.004016488100300641
69.39,0.003929179916778214
69.395,0.0038570110942406366
69.4,0.0037981213509206135
69.405,0.0037507953273565597
69.41,0.0037134906317783933
69.415,0.003684861858940902
69.42,0.0036637806706291687
69.425,0.003649352041022458
69.43,0.0036409267717788935
69.435,0.003638110369845973
69.44,0.003640768361965384
69.44500000000001,0.0036490280921066265
69.45,0.003663277019455402
69.455,0.0036841575000057247
69.46000000000001,0.0037125580069892195
69.465,0.0037496007159154576
69.47,0.003796625362331385
69.47500000000001,0.0038551692678687743
69.48,0.0039269434298625505
69.485,0.004013804587608583
69.49,0.004117723203670209
69.495,0.0042407473518037975
69.5,0.004384962566093442
69.505,0.004552447796032588
69.51,0.004745227717544154
69.515,0.0049652217768692
69.52,0.005214190488475268
69.525,0.00549367966436165
69.53,0.0058049634234169645
69.535,0.006148986999077621
69.54,0.006526310536600022
69.545,0.006937055229425226
69.55,0.0073808532856887155
69.555,0.007856803323829098
69.56,0.008363432868577547
69.565,0.008898669635058809
69.57000000000001,0.009459823247500054
69.575,0.010043578930051922
69.58,0.010646004522158137
69.58500000000001,0.011262571909519181
69.59,0.011888193624333354
69.595,0.01251727496270405
69.60000000000001,0.013143781493592854
69.605,0.013761321325347353
69.61,0.014363240945964861
69.615,0.014942732911915613
69.62,0.015492953131190035
69.625,0.016007145007776558
69.63,0.016478767314403342
69.635,0.01690162235249204
69.64,0.017269980782245398
69.645,0.017578699458304925
69.65,0.01782332871496095
69.655,0.0180002057906421
69.66,0.018106531490623468
69.665,0.018140427697467487
69.67,0.018100973976487467
69.675,0.01798822223266683
69.68,0.017803189116207818
69.685,0.01754782664457366
69.69,0.01722497222960584
69.69500000000001,0.01683827997264231
69.7,0.016392135664393237
69.705,0.015891558389235172
69.71000000000001,0.015342091959780646
69.715,0.014749689596172288
69.72,0.014120595312984818
69.72500000000001,0.013461225377934483
69.73,0.012778053004673495
69.735,0.012077499117786772
69.74,0.01136583163572169
69.745,0.010649075261518703
69.75,0.009932933284833467
69.755,0.009222722407784545
69.76,0.008523321122325456
69.765,0.007839131723169857
69.77,0.007174055633246468
69.775,0.00653148138044557
69.78,0.0059142842761570336
69.785,0.005324836637697672
69.79,0.004765027241369069
69.795,0.0042362886086859675
69.8,0.003739630694431284
69.805,0.0032756795601383004
69.81,0.0028447196738587976
69.815,0.0024467385637469974
69.82000000000001,0.0020814726625877356
69.825,0.001748453303452635
69.83,0.001447051962437662
69.83500000000001,0.0011765239719090381
69.84,0.0009360500609423283
69.845,0.0007247751978955996
69.85000000000001,0.0005418443208320411
69.855,0.0003864346358961601
69.86,0.00025778424898859065
69.865,0.00015521696080095237
69.87,7.816311132341491e-05
69.875,2.6176398972038717e-05
69.88,-1.0533684676183874e-06
69.885,-3.6916171239180506e-06
69.89,1.8245543933981256e-05
69.895,6.489176418328357e-05
69.9,0.0001365267809981252
69.905,0.0002335686424289607
69.91,0.00035656183341292724
69.915,0.0005061613257102415
69.92,0.0006831125918149716
69.925,0.00088822764957186
69.93,0.0011223572413765481
69.935,0.0013863593053620171
69.94,0.0016810639577746755
69.94500000000001,0.0020072352875475374
69.95,0.0023655303549592333
69.955,0.002756455895491783
69.96000000000001,0.003180323345821634
69.965,0.0036372029391689153
69.97,0.00412687774647047
69.97500000000001,0.004648798675304988
69.98,0.005202041562471393
69.985,0.0057852676120973
69.99,0.006396688521178362
69.995,0.0070340377004392
70.0,0.0076945490210746925
70.005,0.008374944498083181
70.01,0.009071432245047362
70.015,0.009779715897856534
70.02,0.010495016506528287
70.025,0.01121210762384095
70.03,0.011925363991561966
70.035,0.012628823832834257
70.04,0.013316264318739002
70.045,0.013981289306506994
70.05,0.014617427947776207
70.055,0.015218242282333705
70.06,0.01577744146517901
70.065,0.01628899986490495
70.07000000000001,0.01674727593753289
70.075,0.01714712854091971
70.08,0.017484027239241584
70.08500000000001,0.017754153161476438
70.09,0.017954487134140606
70.095,0.01808288210955311
70.10000000000001,0.018138117337656467
70.105,0.01811993229578235
70.11,0.0180290390242277
70.115,0.017867112255522954
70.12,0.017636757459335684
70.125,0.017341457702265473
70.13,0.01698550091959561
70.135,0.016573889865568958
70.14,0.016112237539424257
70.145,0.01560665132586081
70.15,0.015063609359650343
70.155,0.014489832774728484
70.16,0.013892157470717592
70.165,0.013277408892751197
70.17,0.01265228302705168
70.175,0.01202323644542247
70.18,0.011396387752668602
70.185,0.01077743228671224
70.19,0.010171571365798826
70.19500000000001,0.009583456837244597
70.2,0.00901715115693591
70.205,0.008476102750385905
70.21000000000001,0.007963135982620884
70.215,0.007480454711341622
70.22,0.007029658121519233
70.22500000000001,0.006611767336330843
70.23,0.0062272611772975495
70.235,0.005876119385691325
70.24,0.005557871629630284
70.245,0.005271650675748418
70.25,0.00501624820966029
70.255,0.004790171923144904
70.26,0.00459170264019626
70.265,0.004418950428760837
70.27,0.004269908810080381
70.275,0.004142506354161135
70.28,0.004034655107524543
70.285,0.003944295445964752
70.29,0.0038694370770002706
70.295,0.0038081960270262005
70.3,0.0037588275394331294
70.305,0.003719754881960524
70.31,0.0036895941138287425
70.315,0.003667174895544356
70.32000000000001,0.0036515574450212973
70.325,0.0036420457433021455
70.33,0.003638197087264162
70.33500000000001,0.0036398280669826706
70.34,0.0036470170197149127
70.345,0.003660102983360891
70.35000000000001,0.0036796811391703876
70.355,0.003706594704066646
70.36,0.0037419232027497973
70.365,0.0037869670317525195
70.37,0.0038432282103757487
70.375,0.003912387215714297
70.38,0.003996275807382155
70.385,0.004096845776642155
70.39,0.004216133598894167
70.395,0.004356221031144081
70.4,0.0045191917805924575
70.405,0.004707084473642098
70.41,0.004921842276573329
70.415,0.005165259660707022
70.42,0.005438926960177781
70.425,0.0057441735371739355
70.43,0.006082010541756944
70.435,0.006453074425811778
70.44,0.0068575725318851255
70.44500000000001,0.007295232223050618
70.45,0.007765255136710891
70.455,0.008266278222045287
70.46000000000001,0.008796343250580207
70.465,0.009352876459686854
70.47,0.009932679891797136
70.47500000000001,0.010531935823063776
70.48,0.011146225425054723
70.485,0.011770562485430958
70.49,0.012399442613908462
70.495,0.013026907900744789
70.5,0.013646626493724057
70.505,0.014251986010552997
70.51,0.014836199165273456
70.515,0.015392419449881345
70.52,0.01591386422016683
70.525,0.016393942124587113
70.53,0.016826381482843544
70.535,0.01720535601840112
70.54,0.017525604280393736
70.545,0.017782539165196454
70.55,0.017972344172292765
70.555,0.018092053404870967
70.56,0.018139612819773276
70.565,0.018113920850943543
70.57000000000001,0.018014847221195396
70.575,0.017843229502418012
70.58,0.017600847748468595
70.58500000000001,0.01729037825545987
70.59,0.01691532819578967
70.595,0.01647995346183251
70.60000000000001,0.015989162539973734
70.605,0.015448409594039703
70.61,0.014863580147022049
70.615,0.014240872821588368
70.62,0.013586680539038554
70.625,0.012907474377819028
70.63,0.012209693004326283
70.635,0.011499640193157745
70.64,0.01078339252221383
70.645,0.010066718832323573
70.65,0.009355012560625653
70.655,0.008653237561091487
70.66,0.007965887575434039
70.665,0.00729695910845507
70.67,0.006649937098652359
70.675,0.0060277924890748125
70.68,0.005432990570309215
70.685,0.004867508810439958
70.69,0.004332862782476354
70.69500000000001,0.003830138762484836
70.7,0.003360031574956679
70.705,0.0029228863134811434
70.71000000000001,0.002518742645709615
70.715,0.002147380517112829
70.72,0.0018083661921846073
70.72500000000001,0.0015010977006273407
70.73,0.0012248488896111631
70.735,0.0009788114151474403
70.74,0.0007621341243804203
70.745,0.0005739593951208377
70.75,0.00041345609834442243
70.755,0.0002798489306113927
70.76,0.000172443937265232
70.765,9.065010456299483e-05
70.77,3.39969357591452e-05
70.775,2.1479669029822457e-06
70.78,-5.0898090375862785e-06
70.785,1.2239378888674601e-05
70.79,5.4241290047080115e-05
70.795,0.00012116877215112565
70.8,0.00021341475233993545
70.805,0.0003315011290732084
70.81,0.0004760635836347227
70.815,0.000647832345294308
70.82000000000001,0.0008476089729057001
70.825,0.0010762392476402205
70.83,0.0013345823239658827
70.83500000000001,0.0016234763454319179
70.84,0.001943700808811677
70.845,0.002295936052262526
70.85000000000001,0.002680720344899079
70.855,0.0030984051751588026
70.86,0.0035491094563973036
70.865,0.004032673506729978
70.87,0.004548613784086442
70.875,0.0050960794962939815
70.88,0.005673812311792759
70.885,0.0062801105021712544
70.89,0.006912798912726004
70.895,0.007569206191174516
70.9,0.008246150692791332
70.905,0.008939936415227834
70.91,0.009646360191993608
70.915,0.010360731184444916
70.92,0.011077903457803018
70.925,0.011792322108291842
70.93,0.01249808302538824
70.935,0.013189005946873777
70.94,0.013858719988544266
70.94500000000001,0.014500760347992525
70.95,0.01510867437947283
70.955,0.015676134778129125
70.96000000000001,0.016197057180196595
70.965,0.016665719139339785
70.97,0.01707687718146289
70.97500000000001,0.01742587849820154
70.98,0.01770876383130826
70.985,0.017922358225142432
70.99,0.018064346605676462
70.995,0.018133331540283848
71.0,0.018128871081856346
71.005,0.018051495216909075
71.01,0.017902700168171748
71.015,0.017684920528118653
71.02,0.017401479986098423
71.025,0.01705652211425246
71.03,0.01665492336379515
71.035,0.016202190975263875
71.04,0.015704348971400606
71.045,0.015167815703623688
71.05,0.014599276589720489
71.055,0.014005555701928074
71.06,0.013393489725292085
71.065,0.012769807564112057
71.07000000000001,0.012141018494979505
71.075,0.011513311323728459
71.08,0.010892466488051866
71.08500000000001,0.010283782506704142
71.09,0.009692017629866712
71.095,0.009121347016037618
71.10000000000001,0.008575335270265327
71.105,0.008056923746210032
71.11,0.007568431648628859
71.115,0.007111569675606333
71.12,0.006687464734824289
71.125,0.0062966941155746525
71.13,0.0059393274432402166
71.135,0.005614974727718547
71.14,0.005322838874320723
71.145,0.005061771118413105
71.15,0.004830327972154436
71.155,0.004626828430887464
71.16,0.004449410345413796
71.165,0.004296085048212994
71.17,0.00416478948473209
71.175,0.004053435269440353
71.18,0.003959954232977125
71.185,0.0038823401611263186
71.19,0.0038186865420879457
71.19500000000001,0.0037672202322978077
71.2,0.0037263310273720762
71.205,0.003694597180392445
71.21000000000001,0.003670806945121008
71.215,0.003653976245876156
71.22,0.0036433625779045964
71.22500000000001,0.003638475237458555
71.23,0.0036390819639467095
71.235,0.0036452120512302233
71.24,0.003657155956225233
71.245,0.0036754614012841635
71.25,0.0037009259358461444
71.255,0.003734585892991582
71.26,0.003777701655111265
71.265,0.0038317391272828516
71.27,0.0038983473131706248
71.275,0.0039793318970415825
71.28,0.004076624759034253
71.285,0.004192249393927483
71.29,0.0043282822612162875
71.295,0.004486810175470701
71.3,0.00466988394539225
71.305,0.004879468588232072
71.31,0.005117390585644088
71.315,0.005385282797844226
71.32000000000001,0.0056845278193922155
71.325,0.006016200732306132
71.33,0.006381012382721707
71.33500000000001,0.006779254473533669
71.34,0.007210747913909188
71.345,0.007674795988950933
71.35000000000001,0.008170143997904944
71.355,0.008694947050432944
71.36,0.009246747689495294
71.365,0.009822464927943031
71.37,0.01041839613025175
71.375,0.01103023293546812
71.38,0.011653092112720032
71.385,0.012281561853910716
71.39,0.012909763564838528
71.395,0.01353142871295887
71.4,0.014139989756344562
71.405,0.01472868363185853
71.41,0.015290665740018028
71.415,0.015819131866976477
71.42,0.01630744505024495
71.425,0.0167492640473057
71.43,0.01713866984357537
71.435,0.0174702865331966
71.44,0.017739392958695532
71.44500000000001,0.017942021694146604
71.45,0.01807504229334711
71.455,0.018136226216057594
71.46000000000001,0.018124291426005357
71.465,0.018038925342040102
71.47,0.017880785565822066
71.47500000000001,0.017651478560395617
71.48,0.01735351720752476
71.485,0.016990258861792285
71.49,0.016565826136393014
71.495,0.016085013161060147
71.5,0.015553180432277713
71.505,0.01497614161797145
71.51,0.014360045774122199
71.515,0.013711258393858117
71.52,0.013036244536046127
71.525,0.012341457008655965
71.53,0.01163323220086454
71.535,0.010917695737553856
71.54,0.010200679636025
71.545,0.009487652168317595
71.55,0.008783661128511255
71.555,0.008093290756924887
71.56,0.007420632139531591
71.565,0.006769266544003116
71.57000000000001,0.006142260840464431
71.575,0.0055421739227146105
71.58,0.004971072863421355
71.58500000000001,0.004430557434528026
71.59,0.0039217915642630885
71.595,0.003445540307168926
71.60000000000001,0.0030022109392016105
71.605,0.002591896873318511
71.61,0.0022144231851335405
71.615,0.0018693926665012128
71.62,0.0015562314473296368
71.625,0.0012742333641067027
71.63,0.001022602381933968
71.635,0.0008004925018196829
71.64,0.0006070446987764822
71.645,0.0004414205370955049
71.65,0.0003028321994755778
71.655,0.00019056873373990424
71.66,0.00010401838864021462
71.665,4.2686946393366565e-05
71.67,6.21200183542614e-06
71.675,-5.626846229368883e-06
71.68,7.098095382837566e-06
71.685,4.446459439488848e-05
71.69,0.00010669836296550717
71.69500000000001,0.00019416681745032527
71.7,0.0003073687374196554
71.705,0.00044691983857125805
71.71000000000001,0.0006135342926760767
71.715,0.0008080022482359617
71.72,0.0010311634428679106
71.72500000000001,0.0012838770407039846
71.73,0.0015669878914250646
71.735,0.0018812894776711886
71.74,0.002227483908647798
71.745,0.002606139417284936
71.75,0.0030176459349258167
71.755,0.003462169438751772
71.76,0.0039396059027794195
71.765,0.004449535810705285
71.77,0.004991180324219968
71.775,0.005563360314502219
71.78,0.0061644595707708305
71.785,0.006792393569886812
71.79,0.007444585238136625
71.795,0.008117949124876844
71.8,0.008808885361073493
71.805,0.009513284659291799
71.81,0.010226545433020817
71.815,0.010943603877883845
71.82000000000001,0.011658977540655258
71.825,0.012366822542297484
71.83,0.013061004189555803
71.83500000000001,0.01373518025456022
71.84,0.014382895706425813
71.845,0.014997687191453224
71.85000000000001,0.015573195077575264
71.855,0.01610328045088849
71.86,0.016582144077471384
71.865,0.017004444078274616
71.87,0.01736540889048399
71.875,0.017660942059464446
71.88,0.017887715506248014
71.885,0.01804324816179559
71.89,0.018125967242731633
71.895,0.018135249956003463
71.9,0.018071444035854256
71.905,0.017935866214592977
71.91,0.017730778476234832
71.915,0.01745934269905547
71.92,0.017125555033977946
71.925,0.016734162039107048
71.93,0.016290561188412767
71.935,0.01580068883859198
71.94,0.015270899083031253
71.94500000000001,0.014707837111458844
71.95,0.014118310737785578
71.955,0.013509163657637657
71.96000000000001,0.012887153762964232
71.965,0.012258839493764384
71.97,0.011630476770058351
71.97500000000001,0.01100792854755639
71.98,0.010396588497936676
71.985,0.009801319773316663
71.99,0.009226409273253466
71.995,0.008675537339289718
72.0,0.008151762356796155
72.005,0.007657519359117515
72.01,0.007194631429751297
72.015,0.006764332463189859
72.02,0.006367299693206263
72.025,0.006003694318616581
72.03,0.005673208537144703
72.035,0.0053751173410105935
72.04,0.005108333515288166
72.045,0.004871464402818049
72.05,0.004662869148865489
72.055,0.00448071530563432
72.06,0.004323033846376667
72.065,0.0041877718135676645
72.07000000000001,0.004072841987849074
72.075,0.003976169119050965
72.08,0.0038957323952142353
72.08500000000001,0.0038296039470542276
72.09,0.003775983280874584
72.095,0.0037332276150550125
72.10000000000001,0.003699878151519842
72.105,0.003674682356781145
72.11,0.003656612348819005
72.115,0.0036448794954429403
72.12,0.0036389453251740866
72.125,0.003638528835880608
72.13,0.0036436102640873963
72.135,0.003654431349197934
72.14,0.0036714920939344697
72.145,0.003695543993276873
72.15,0.003727579672029968
72.155,0.003768818849173572
72.16,0.003820690529334092
72.165,0.003884811316599013
72.17,0.003962959750525297
72.175,0.004057046587406354
72.18,0.004169080985547247
72.185,0.004301132612114067
72.19,0.004455289762038461
72.19500000000001,0.0046336136790010585
72.2,0.004838089379797239
72.205,0.005070573422283786
72.21000000000001,0.005332739203144143
72.215,0.005626020538704424
72.22,0.005951554450042806
72.22500000000001,0.006310124247512761
72.23,0.006702104178534896
72.235,0.007127407051450874
72.24,0.007585436378271027
72.245,0.008075044674789922
72.25,0.00859449959899905
72.255,0.00914145961093027
72.26,0.009712960756502298
72.265,0.010305416044200655
72.27,0.010914628661698345
72.275,0.011535819981929762
72.28,0.012163672948165782
72.285,0.012792390979250001
72.29,0.013415772055530795
72.295,0.014027297110892789
72.3,0.014620231309212528
72.305,0.015187736244318017
72.31,0.01572299059200688
72.315,0.016219316293401675
72.32000000000001,0.01667030699170624
72.325,0.017069955183799834
72.33,0.017412774433310574
72.33500000000001,0.017693913010660367
72.34,0.017909255489655607
72.345,0.018055509158685368
72.35000000000001,0.018130272548461335
72.355,0.018132083958136036
72.36,0.018060448528707695
72.365,0.017915843140720256
72.37,0.01769969917371128
72.375,0.017414363916870457
72.38,0.017063042120430083
72.385,0.01664971982232899
72.39,0.01617907309855937
72.395,0.015656364798456224
72.4,0.01508733259512951
72.405,0.014478071796546033
72.41,0.013834916360533356
72.415,0.013164321398015488
72.42,0.01247275019852978
72.425,0.011766568452923565
72.43,0.011051947924080707
72.435,0.010334781344141675
72.44,0.009620609829131155
72.44500000000001,0.00891456360395182
72.45,0.0082213163703031
72.455,0.00754505321366139
72.46000000000001,0.006889451572746452
72.465,0.006257674474252184
72.47,0.005652374984773445
72.47500000000001,0.005075710646430309
72.48,0.0045293665363548286
72.485,0.004014585536108228
72.49,0.0035322043745935616
72.495,0.00308269405423367
72.5,0.002666203332397643
72.505,0.0022826040328718378
72.51,0.001931537077176415
72.515,0.0016124582532697218
72.52,0.0013246828761084295
72.525,0.0010674286210563544
72.53,0.000839855939279488
72.535,0.0006411055821056166
72.54,0.00047033286163267185
72.545,0.0003267383670332302
72.55,0.0002095949321521129
72.555,0.0001182707114066317
72.56,5.22482668495472e-05
72.565,1.1139609497730352e-05
72.57000000000001,-5.3028424979062894e-06
72.575,2.8205958291123434e-06
72.58,3.5559625830433594e-05
72.58500000000001,9.31126050640052e-05
72.59,0.00017582107654912082
72.595,0.0002841601948122552
72.60000000000001,0.00041872506179707614
72.605,0.0005802130029297636
72.61,0.0007694018306705352
72.615,0.0009871241807037912
72.62,0.0012342380427057265
72.625,0.001511593671967404
72.63,0.0018199971327863551
72.635,0.00216017081287756
72.64,0.0025327113492146225
72.645,0.0029380455125123106
72.65,0.0033763847260317448
72.655,0.003847679021435013
72.66,0.004351571367333662
72.665,0.004887353438730813
72.67,0.005453924015652589
72.675,0.006049751304932016
72.68,0.006672840561567028
72.685,0.0073207084309423465
72.69,0.00799036544108489
72.69500000000001,0.008678308028738257
72.7,0.009380521383288709
72.705,0.010092494223847837
72.71000000000001,0.010809246403752582
72.715,0.01152536992802311
72.72,0.012235083627469834
72.72500000000001,0.012932301302164717
72.73,0.013610712707126993
72.735,0.014263876253725272
72.74,0.014885321816962005
72.745,0.015468661549629559
72.75,0.016007706168473135
72.755,0.016496583788729424
72.76,0.016929858098432504
72.765,0.017302642464315454
72.77,0.017610706515959862
72.775,0.017850571815948513
72.78,0.018019593456202188
72.785,0.018116024769028627
72.79,0.01813906283938138
72.795,0.01808887309495333
72.8,0.017966591944308163
72.805,0.017774307167996994
72.81,0.01751501652690024
72.815,0.017192565800968396
72.82000000000001,0.01681156815827478
72.825,0.01637730736748466
72.83,0.015895627860150086
72.83500000000001,0.015372815020381125
72.84,0.014815469293456118
72.845,0.014230377781323966
72.85000000000001,0.013624386913942743
72.855,0.013004279578204603
72.86,0.012376659757102004
72.865,0.0117478473086301
72.87,0.011123785026903477
72.875,0.010509959588478779
72.88,0.00991133744304662
72.885,0.009332316170205246
72.89,0.0087766913106897
72.895,0.008247638235403087
72.9,0.0077477082108927675
72.905,0.007278837508440716
72.91,0.006842368154854839
72.915,0.006439078757809469
72.92,0.006069223743859098
72.925,0.005732579319207787
72.93,0.005428494495852476
72.935,0.005155945603194212
72.94,0.004913592825049662
72.94500000000001,0.004699837444832156
72.95,0.004512878647265239
72.955,0.004350768894725299
72.96000000000001,0.00421146706978881
72.965,0.004092888741544343
72.97,0.0039929530688618264
72.97500000000001,0.00390962599273692
72.98,0.003840959493956575
72.985,0.00378512679268872
72.99,0.0037404534508809206
72.995,0.0037054444007158516
73.0,0.0036788069658013622
73.005,0.003659469969424345
73.01,0.0036465990345626864
73.015,0.003639608177870221
73.02,0.0036381677877862085
73.025,0.003642209052892406
73.03,0.0036519248813517147
73.035,0.003667767319192383
73.04,0.0036904414435542376
73.045,0.003720895679076186
73.05,0.003760308456911332
73.055,0.0038100711211392913
73.06,0.003871766976204505
73.065,0.003947146375151256
73.07000000000001,0.004038097764097248
73.075,0.004146614635941681
73.08,0.004274758395943934
73.08500000000001,0.004424617216777449
73.09,0.004598261050967167
73.095,0.004797693081474819
73.10000000000001,0.005024798021674215
73.105,0.00528128782364945
73.11,0.005568645515690918
73.115,0.005888068057975815
73.12,0.0062404092801244815
73.125,0.0066261241329481635
73.13,0.007045215640355096
73.135,0.007497186074768791
73.14,0.00798099397523444
73.145,0.008495018690805267
73.15,0.009037034130297883
73.155,0.009604193347282575
73.16,0.010193025455400573
73.165,0.010799446170675964
73.17,0.01141878299187482
73.175,0.012045815679890381
73.18,0.01267483226711974
73.185,0.013299700351279142
73.19,0.013913952898992221
73.19500000000001,0.014510887243375237
73.2,0.015083675411322162
73.205,0.01562548340215031
73.21000000000001,0.016129596576181626
73.215,0.01658954793123968
73.22,0.016999245772247207
73.22500000000001,0.017353097128200545
73.23,0.017646123268278302
73.235,0.017874063805685125
73.24,0.018033466172092005
73.245,0.018121757675004346
73.25,0.01813729790145402
73.255,0.018079409885487507
73.26,0.017948389180453717
73.265,0.017745490724841773
73.27,0.017472894158515828
73.275,0.01713364894963121
73.28,0.01673160135193541
73.285,0.016271305756465182
73.29,0.015757923429838172
73.295,0.015197111930312701
73.3,0.014594908636297532
73.305,0.013957611840879736
73.31,0.013291662737024978
73.315,0.012603531380587896
73.32000000000001,0.011899609380098042
73.325,0.011186111648541441
73.33,0.010468989084834845
73.33500000000001,0.009753853569428372
73.34,0.009045916157965905
73.345,0.00834993888912905
73.35000000000001,0.007670200182889886
73.355,0.007010473414812424
73.36,0.0063740179273938935
73.365,0.005763581470789703
73.37,0.00518141286804763
73.375,0.004629283568350573
73.38,0.004108516673758444
73.385,0.0036200220092830193
73.39,0.003164335831847609
73.395,0.002741663835793773
73.4,0.002351926210130806
73.405,0.001994803612902274
73.41,0.0016697830591621
73.415,0.001376202845951191
73.42,0.0011132957771806673
73.425,0.0008802300715626821
73.43,0.00067614745912703
73.435,0.0005001980771539571
73.44,0.0003515718675928259
73.44500000000001,0.00022952626011263355
73.45,0.00013340998393762682
73.455,6.268290880909189e-05
73.46000000000001,1.6931846036113973e-05
73.465,-4.117725965643165e-06
73.47,-5.940344476630666e-07
73.47500000000001,2.752450803882034e-05
73.48,8.040871260261984e-05
73.485,0.0001583739133052542
73.49,0.0002618711597488499
73.495,0.00039147431892971873
73.5,0.0005478631069493201
73.505,0.000731802100329304
73.51,0.0009441157982035264
73.515,0.0011856598549324637
73.52,0.001457288651897315
73.525,0.0017598194486829755
73.53,0.002093993435129171
73.535,0.002460434102273368
73.54,0.0028596034633849854
73.545,0.0032917567700980754
73.55,0.0037568965071326232
73.555,0.004254726573206469
73.56,0.004784607694295673
73.565,0.005345515233230458
73.57000000000001,0.0059360006756534744
73.575,0.0065541581503332225
73.58,0.007197597403855838
73.58500000000001,0.007863424659639406
73.59,0.008548232756659502
73.595,0.009248101876455195
73.60000000000001,0.009958612010908752
73.605,0.010674868108033309
73.61,0.01139153854988706
73.615,0.012102907267767193
73.62,0.012802939399101376
73.625,0.01348535993701816
73.63,0.01414374434698118
73.635,0.01477161962610296
73.64,0.015362573798348933
73.645,0.01591037138777196
73.65,0.016409072013829018
73.655,0.01685314894187684
73.66,0.017237604216788327
73.665,0.017558076916195375
73.67,0.017810941114156265
73.675,0.017993390339363202
73.68,0.018103505641676065
73.685,0.01814030484881357
73.69,0.018103771175482564
73.69500000000001,0.017994860017942926
73.7,0.017815483497891194
73.705,0.017568473080785907
73.71000000000001,0.017257521340766857
73.715,0.016887104653541485
73.72,0.016462389216371776
73.72500000000001,0.015989123327955213
73.73,0.015473519237538369
73.735,0.014922128132837997
73.74,0.014341711928850032
73.745,0.013739115471658181
73.75,0.013121142590506452
73.755,0.012494439114441036
73.76,0.011865385576175669
73.765,0.011240001832756974
73.77,0.010623865315302794
73.775,0.010022044065781444
73.78,0.009439045181096617
73.785,0.0088787787682989
73.79,0.008344537048714074
73.795,0.007838987845701695
73.8,0.00736418135017658
73.805,0.00692156880726813
73.81,0.006512031579390509
73.815,0.006135918937140161
73.82000000000001,0.0057930928893590306
73.825,0.005482978383398063
73.83,0.005204617279725099
73.83500000000001,0.0049567246137218746
73.84,0.004737745801810966
73.845,0.004545913605591423
73.85000000000001,0.004379303842053872
73.855,0.0042358889980453895
73.86,0.0041135890770647165
73.865,0.004010319162234488
73.87,0.003924033324711473
73.875,0.003852764629866723
73.88,0.003794661102330066
73.885,0.0037480175955155737
73.89,0.0037113035787269544
73.895,0.0036831869025566455
73.9,0.003662553631912091
73.905,0.003648524051137081
73.91,0.0036404649448579726
73.915,0.0036379982470339054
73.92,0.003641006130581048
73.925,0.0036496325820635223
73.93,0.0036642814764930587
73.935,0.00368561113399557
73.94,0.0037145253113470833
73.94500000000001,0.0037521605528549884
73.95,0.0037998698071812775
73.955,0.0038592022059877884
73.96000000000001,0.00393187890016744
73.965,0.004019764866968867
73.97,0.004124836631067552
73.97500000000001,0.0042491458924374115
73.98,0.004394779122944392
73.985,0.004563813280229034
73.99,0.004758267898462343
73.995,0.004980053940576212
74.0,0.005230919941791257
74.005,0.005512396135307185
74.01,0.005825737415543486
74.015,0.00617186617241039
74.02,0.006551316195134049
74.025,0.006964179006585525
74.03,0.00741005412692175
74.035,0.007888004870949317
74.04,0.008396521352455721
74.045,0.008933492384862518
74.05,0.009496187917285681
74.055,0.01008125353530076
74.06,0.010684718364586843
74.065,0.011302017448514334
74.07000000000001,0.011928029330462664
74.075,0.01255712915926921
74.08,0.013183257162406647
74.08500000000001,0.013800001816701268
74.09,0.01440069650058362
74.095,0.014978527864869307
74.10000000000001,0.015526653639689414
74.105,0.016038327112323003
74.11,0.016507025123843277
74.115,0.016926576125584347
74.12,0.017291284673341067
74.125,0.017596048695203592
74.13,0.017836465989532257
74.135,0.0180089266648622
74.14,0.01811068864833487
74.145,0.018139933909651518
74.15,0.018095803695615587
74.155,0.017978411768773128
74.16,0.01778883540742271
74.165,0.017529084671807027
74.17,0.017202051179026512
74.175,0.01681143828128384
74.18,0.016361675124034747
74.185,0.015857817503789562
74.19,0.01530543876877033
74.19500000000001,0.014710514189136603
74.2,0.014079302245139758
74.205,0.01341822620493005
74.21000000000001,0.012733759120450827
74.215,0.012032315067632027
74.22,0.011320149042351346
74.22500000000001,0.010603267478433764
74.23,0.009887350851325749
74.235,0.009177689357279917
74.24,0.008479132160179148
74.245,0.007796050264591514
74.25,0.007132312670892205
74.255,0.006491275126174756
74.26,0.005875780511839679
74.265,0.0052881696924078625
74.27,0.004730301510397439
74.275,0.004203580522350592
74.28,0.0037089910461656217
74.285,0.0032471361045836034
74.29,0.0028182799122014046
74.295,0.0024223926384259187
74.3,0.0020591962900917693
74.305,0.0017282106860694313
74.31,0.0014287986236714012
74.315,0.0011602094712652722
74.32000000000001,0.0009216205521407339
74.325,0.0007121757996930711
74.33,0.0005310212780622603
74.33500000000001,0.0003773372534692232
74.34,0.00025036658631016895
74.345,0.00014943927709204496
74.35000000000001,7.399305711469628e-05
74.355,2.358994944040571e-05
74.36,-2.0712399389777314e-06
74.365,-3.1465267479489564e-06
74.37,2.0357541553328584e-05
74.375,6.858406490994895e-05
74.38,0.00014182185910488476
74.385,0.00024049741706821948
74.39,0.00036516277493925386
74.395,0.0005164793037084614
74.4,0.0006951974685172058
74.405,0.0009021326229903259
74.41,0.0011381369481422432
74.415,0.0014040676930036078
74.42,0.0017007519457319376
74.425,0.0020289482360862365
74.43,0.0023893053728807345
74.435,0.002782319021016555
74.44,0.0032082866445257707
74.44500000000001,0.003667261571319358
74.45,0.004159007063282871
74.455,0.00468295141385866
74.46000000000001,0.005238145214436329
74.465,0.005823222050953092
74.47,0.006436363974017922
74.47500000000001,0.007075273156296191
74.48,0.007737151166889333
74.485,0.008418687269244884
74.49,0.009116057071878458
74.495,0.009824932718636603
74.5,0.010540505601685624
74.505,0.011257522307097645
74.51,0.01197033417169635
74.515,0.012672960430748503
74.52,0.013359164498201181
74.525,0.014022542443424157
74.53,0.014656622232141814
74.535,0.015254971817999063
74.54,0.01581131370049249
74.545,0.016319643169754983
74.55,0.01677434711727699
74.555,0.01717032007173458
74.56,0.01750307400369877
74.565,0.01776883846875421
74.57000000000001,0.017964647827199087
74.575,0.018088412578322277
74.58,0.018138972299801992
74.58500000000001,0.018116128233003792
74.59,0.01802065421930621
74.595,0.01785428540696188
74.60000000000001,0.017619684919239376
74.605,0.01732038940675551
74.61,0.01696073514774099
74.615,0.016545766982147825
74.62,0.016081132921499375
74.625,0.015572967685955064
74.63,0.015027768698754329
74.635,0.01445226819643608
74.64,0.013853305085977041
74.645,0.01323770002788649
74.65,0.012612136928751738
74.655,0.011983053645735708
74.66,0.011356544228547705
74.665,0.010738274512878121
74.67,0.010133412324531577
74.675,0.009546573014748816
74.68,0.008981780525832761
74.685,0.008442443704748115
74.69,0.007931347172181802
74.69500000000001,0.007450655698924891
74.7,0.007001930772009501
74.705,0.006586157838734508
74.71000000000001,0.006203782590684881
74.715,0.0058547546042078125
74.72,0.005538576659246175
74.72500000000001,0.005254358124016534
74.73,0.005000870895280229
74.735,0.004776606522836957
74.74,0.00457983330137246
74.745,0.004408652284506154
74.75,0.004261051348180445
74.755,0.004134956599076922
74.76,0.004028280585554711
74.765,0.003938966911883668
74.77,0.003865030989755436
74.775,0.0038045967657787116
74.78,0.003755929358993493
74.785,0.003717463609199889
74.79,0.003687828589189923
74.795,0.0036658681664459847
74.8,0.003650657717085004
74.805,0.003641517096738947
74.81,0.0036380199634119073
74.815,0.0036399995294648553
74.82000000000001,0.003647550792261367
74.825,0.0036610292651261256
74.83,0.0036810461954922546
74.83500000000001,0.003708460228778021
74.84,0.0037443654481508215
74.845,0.003790075698216988
74.85000000000001,0.0038471050902693094
74.855,0.003917144584764998
74.86,0.004002034557855083
74.865,0.004103733290276246
74.87,0.004224281359469728
74.875,0.004365761982305649
74.88,0.004530257440356067
74.885,0.004719801823867442
74.89,0.004936330454230031
74.895,0.005181626488109714
74.9,0.005457265360037766
74.905,0.005764557890756805
74.91,0.006104493059094551
74.915,0.006477681606291696
74.92,0.006884301805394344
74.925,0.007324048869392641
74.93,0.0077960895858737445
74.935,0.008299023844351439
74.94,0.008830854741582073
74.94500000000001,0.009388968925957641
74.95,0.009970128728795657
74.955,0.010570477468384354
74.96000000000001,0.011185559049568639
74.965,0.011810352661338896
74.97,0.012439322971719236
74.97500000000001,0.013066485758780999
74.98,0.013685488404043156
74.985,0.014289704137791404
74.99,0.014872338375095495
74.995,0.015426544950557286
75.0,0.01594554957794614
75.005,0.016422777442095082
75.01,0.016851981518030357
75.015,0.017227368010374278
75.02,0.01754371525145615
75.025,0.01779648247401866
75.03,0.017981905119015096
75.035,0.018097073709448352
75.04,0.018139993837088753
75.045,0.018109625425807963
75.05,0.018005900131051078
75.055,0.0178297164888761
75.06,0.017582913179083448
75.065,0.0172682215113511
75.07000000000001,0.016889198914455505
75.075,0.016450145802558325
75.08,0.015956008665082066
75.08500000000001,0.015412272577020047
75.09,0.014824846525630875
75.095,0.014199945017740134
75.10000000000001,0.013543969355215069
75.105,0.012863391764767584
75.11,0.012164645273038843
75.115,0.01145402181807853
75.12,0.010737580649362144
75.125,0.010021068581842485
75.13,0.009309853171579618
75.135,0.008608869406579345
75.14,0.007922580041803684
75.145,0.007254949310453895
75.15,0.006609429381370546
75.155,0.005988958650963383
75.16,0.0053959707308681715
75.165,0.004832412833206234
75.17,0.004299772167508209
75.175,0.0037991089133466716
75.18,0.0033310943534772264
75.185,0.0028960527958679094
75.19,0.0024940060018812105
75.19500000000001,0.0021247189422304302
75.2,0.001787745825878595
75.205,0.0014824754806266327
75.21000000000001,0.001208175292262581
75.215,0.0009640330455060742
75.22,0.0007491961236092415
75.22500000000001,0.000562807642800145
75.23,0.00040403919008236144
75.235,0.0002721199172730504
75.24,0.00016636181876539258
75.245,8.618106811758564e-05
75.25,3.111533851574144e-05
75.255,8.370576942660912e-07
75.26,-4.837427941278057e-06
75.265,1.405720551040518e-05
75.27,5.763620898671662e-05
75.275,0.0001261615977213859
75.28,0.0002200348825931453
75.285,0.00033978570031056865
75.29,0.0004860563665960438
75.295,0.0006595823860757744
75.3,0.0008611689823094792
75.305,0.0010916637481921398
75.31,0.0013519255644673933
75.315,0.0016427899997086826
75.32000000000001,0.001965031478900592
75.325,0.002319322603566931
75.33,0.002706191108229561
75.33500000000001,0.0031259750555907573
75.34,0.0035787770031969757
75.345,0.0040644179979807404
75.35000000000001,0.0045823923984507076
75.355,0.005131824642685245
75.36,0.005711429201511464
75.365,0.0063194750493380525
75.37,0.006953756054198124
75.375,0.007611568716725969
75.38,0.008289698673731749
75.385,0.008984417315399895
75.39,0.009691489732315262
75.395,0.010406195019704967
75.4,0.011123359706395775
75.405,0.011837404749968528
75.41,0.012542406161617947
75.415,0.01323216888330947
75.42,0.013900313073499149
75.425,0.01454037146517706
75.43,0.015145895965957834
75.435,0.01571057120732533
75.44,0.01622833232619314
75.44500000000001,0.016693483919350882
75.45,0.01710081686013254
75.455,0.017445719533291992
75.46000000000001,0.01772428004380089
75.465,0.01793337609147727
75.47,0.01807074948831655
75.47500000000001,0.018135062708161342
75.48,0.018125935404711413
75.485,0.018043959466851334
75.49,0.017890691899509648
75.495,0.017668625568347807
75.5,0.017381138602935664
75.505,0.017032423982598743
75.51,0.016627401484356596
75.515,0.01617161473846096
75.52,0.015671116576307043
75.525,0.015132346161930599
75.53,0.01456200154899534
75.535,0.013966911315876018
75.54,0.0133539087903074
75.545,0.012729712116733793
75.55,0.012100813043158354
75.555,0.01147337684840366
75.56,0.010853155322969599
75.565,0.010245414165328981
75.57000000000001,0.009654875617048475
75.575,0.009085676626522599
75.58,0.008541342349126069
75.58500000000001,0.008024774360592346
75.59,0.007538252595935546
75.595,0.007083449744870407
75.60000000000001,0.0066614566162073174
75.605,0.0062728168582548705
75.61,0.005917569348749652
75.615,0.005595296576723641
75.62,0.005305177383791104
75.625,0.005046042534891271
75.63,0.004816431718341896
75.635,0.004614650728710146
75.64,0.0044388277543703225
75.645,0.00428696786457472
75.65,0.004157004961307109
75.655,0.004046850623090847
75.66,0.003954439417421796
75.665,0.003877770390104285
75.67,0.0038149445544883864
75.675,0.0037641982963099174
75.68,0.0037239326851656873
75.685,0.0036927387368157483
75.69,0.003669418707169192
75.69500000000001,0.0036530035188885035
75.7,0.0036427664250955893
75.705,0.0036382330096208617
75.71000000000001,0.0036391876021765364
75.715,0.0036456761667251064
75.72,0.0036580056871947653
75.72500000000001,0.003676740045957194
75.73,0.003702692358208748
75.735,0.003736913696249511
75.74,0.003780678117191627
75.745,0.003835463891242341
75.75,0.003902930826097162
75.755,0.003984893591984395
75.76,0.0040832909767432035
75.765,0.004200151043885825
75.77,0.004337552226644448
75.775,0.004497580472136775
75.78,0.004682282651216951
75.785,0.004893616569660253
75.79,0.005133398054383065
75.795,0.005403245743428542
75.8,0.00570452437350788
75.805,0.006038287530437003
75.81,0.006405221001624994
75.815,0.006805588031298271
75.82000000000001,0.007239177929470486
75.825,0.007705259603117298
75.83,0.008202541663166585
75.83500000000001,0.008729140796880586
75.84,0.00928256007138728
75.845,0.009859678747009326
75.85000000000001,0.010456755019493613
75.855,0.011069442870624613
75.86,0.011692823895725013
75.865,0.012321454585471514
75.87,0.012949429094256004
75.875,0.013570457018222015
75.88,0.014177955175604495
75.885,0.014765151828829204
75.89,0.015325201256207066
75.895,0.015851306082012684
75.9,0.016336844345907764
75.905,0.016775497955549667
75.91,0.017161378945182548
75.915,0.017489149874826637
75.92,0.01775413476361365
75.925,0.017952417157509615
75.93,0.01808092228432656
75.935,0.018137480738744216
75.94,0.018120871732634214
75.94500000000001,0.018030844643661226
75.95,0.017868118324997795
75.955,0.017634358404251316
75.96000000000001,0.017332133544890382
75.965,0.01696485232870515
75.97,0.016536683030388133
75.97500000000001,0.016052459054112234
75.98,0.015517573169006482
75.985,0.014937863918749628
75.99,0.014319497663670688
75.995,0.013668849667091365
76.0,0.012992387462041677
76.005,0.012296559446919986
76.01,0.011587691283825308
76.015,0.010871892239968872
76.02,0.010154973122965316
76.025,0.009442376979745148
76.03,0.008739123231656265
76.035,0.008049765463958636
76.04,0.007378362670273475
76.045,0.006728463384442662
76.05,0.00610310183709295
76.055,0.005504805034746596
76.06,0.004935609489846726
76.065,0.004397086224502189
76.07000000000001,0.003890372621947691
76.075,0.003416209697990169
76.08,0.00297498341572755
76.08500000000001,0.002566768736236291
76.09,0.002191375210339963
76.095,0.001848393031440132
76.10000000000001,0.0015372386001413219
76.105,0.0012571987890344083
76.11,0.0010074732196270197
76.115,0.0007872139934104183
76.12,0.0005955624277891314
76.125,0.0004316824506060968
76.13,0.00029479039277213737
76.135,0.00018418099049066772
76.14,9.924946738021356e-05
76.145,3.950961146012566e-05
76.15,4.607793789135339e-06
76.155,-5.6670997552796915e-06
76.16,8.62215927766724e-06
76.165,4.756286177881597e-05
76.17,0.00011138996809767487
76.175,0.0002004796075432136
76.18,0.000315338475800897
76.185,0.0004565891497210206
76.19,0.000624951349859737
76.19500000000001,0.000821219210002333
76.2,0.0010462346445851978
76.205,0.0013008569514543211
76.21000000000001,0.0015859288520543302
76.215,0.0019022392382153086
76.22,0.00225048299312558
76.22500000000001,0.002631218347124431
76.23,0.003044822352457288
76.235,0.0034914451792324996
76.24,0.003970964072166794
76.245,0.004482937935357256
76.25,0.0050265636446304995
76.255,0.005600635306118207
76.26,0.006203507775792261
76.265,0.006833065831562735
76.27,0.007486700428689375
76.275,0.008161293455263063
76.28,0.008853212359074547
76.285,0.009558315886895485
76.29,0.010271972008688124
76.295,0.010989088843057715
76.3,0.011704159096193933
76.305,0.012411318148437545
76.31,0.013104415499238797
76.315,0.013777098816131428
76.32000000000001,0.014422909343934975
76.325,0.015035386934794559
76.33,0.015608182490918665
76.33500000000001,0.016135175177979022
76.34,0.016610591403676267
76.345,0.01702912229771769
76.35000000000001,0.017386036252787562
76.355,0.01767728308367822
76.36,0.017899586451171956
76.365,0.018050521468204295
76.37,0.018128574790694074
76.375,0.018133185013752495
76.38,0.018064761825257847
76.385,0.017924683057671587
76.39,0.01771526954115643
76.395,0.01743973840821411
76.4,0.017102136243707378
76.405,0.01670725414255969
76.41,0.016260527322742746
76.415,0.015767922408173263
76.42,0.01523581582326372
76.425,0.014670866927858128
76.43,0.014079889550632885
76.435,0.013469725472809557
76.44,0.012847123169812846
76.44500000000001,0.012218624765086616
76.45,0.011590463711083743
76.455,0.01096847520439681
76.46000000000001,0.010358020803984402
76.465,0.009763928174514547
76.47,0.009190446343346537
76.47500000000001,0.008641216363443505
76.48,0.008119256836732092
76.485,0.007626963372420192
76.49,0.007166120756146199
76.495,0.006737926381335413
76.5,0.006343023343548637
76.505,0.005981541523734535
76.51,0.00565314497406888
76.515,0.005357083962064024
76.52,0.00509225012345027
76.525,0.00485723329343557
76.53,0.004650378743223271
76.535,0.004469843708604593
76.54,0.004313652275891755
76.545,0.004179747856134952
76.55,0.00406604264845134
76.555,0.003970463638632182
76.56,0.0038909948218788237
76.565,0.003825715449567113
76.57000000000001,0.0037728342020455496
76.575,0.003730719264451121
76.58,0.0036979243419419383
76.58500000000001,0.003673210689763007
76.59,0.0036555652557728746
76.595,0.0036442150414461166
76.60000000000001,0.0036386377808477165
76.605,0.0036385690225721103
76.61,0.0036440056754344363
76.615,0.003655206049534121
76.62,0.0036726863937300847
76.625,0.003697213897445595
76.63,0.0037297960976099276
76.635,0.003771666605617341
76.64,0.0038242670555375113
76.645,0.003889225167222232
76.65,0.003968328826593037
76.655,0.004063496106636144
76.66,0.0041767411921851405
76.665,0.004310136229137562
76.67,0.004465769195224567
76.675,0.004645697987592179
76.68,0.0048519010386627315
76.685,0.00508622490720434
76.69,0.0053503294429919634
76.69500000000001,0.005645631287658048
76.7,0.005973246643780072
76.705,0.006333934420760912
76.71000000000001,0.0067280410273120594
76.715,0.007155448236042972
76.72,0.00761552566898871
76.72500000000001,0.008107089545124069
76.73,0.00862836937649547
76.735,0.009176984287851297
76.74,0.009749930560829512
76.745,0.010343581857451767
76.75,0.010953703351347599
76.755,0.011575480701857543
76.76,0.012203564425391278
76.765,0.012832129782765378
76.77,0.013454951808380855
76.775,0.014065494569027948
76.78,0.014657013200384483
76.785,0.015222666722920053
76.79,0.01575563913735678
76.795,0.01624926585336084
76.8,0.016697162149974076
76.805,0.017093350123126072
76.81,0.017432380461464447
76.815,0.017709445418049086
76.82000000000001,0.017920479532286038
76.825,0.01806224497700981
76.83,0.018132398868893063
76.83500000000001,0.018129540466219396
76.84,0.01805323684381932
76.845,0.017904026372939086
76.85000000000001,0.01768340009076752
76.855,0.017393761794558316
76.86,0.017038368397848558
76.865,0.016621252710887546
76.87,0.016147131333244857
76.875,0.015621300735265464
76.88,0.015049524870786257
76.885,0.014437917773438613
76.89,0.013792824570330708
76.895,0.013120704185944021
76.9,0.012428016750437365
76.905,0.011721118362025607
76.91,0.01100616542302646
76.915,0.010289030302459423
76.92,0.009575229577450273
76.925,0.008869865623168494
76.93,0.008177581848411108
76.935,0.007502531453098982
76.94,0.006848359204346011
76.94500000000001,0.006218195418568939
76.95,0.005614661088474193
76.955,0.005039882906828552
76.96000000000001,0.00449551683023941
76.965,0.003982778755553085
76.97,0.003502480885229531
76.97500000000001,0.0030550723848632444
76.98,0.0026406830175842444
76.985,0.0022591685322943533
76.99,0.0019101567064083724
76.995,0.0015930930683198952
77.0,0.0013072854609696982
77.005,0.0010519467377654301
77.01,0.0008262350074756952
77.015,0.0006292909605045693
77.02,0.00046027191121700284
77.025,0.00031838228147929026
77.03,0.00020290032403491587
77.035,0.00011320094677225168
77.04,4.8774544196911185e-05
77.045,9.241779071800238e-06
77.05,-5.635719150043426e-06
77.055,4.0512433059324005e-06
77.06,3.836191302436509e-05
77.065,9.750396743762879e-05
77.07000000000001,0.0001818277823969483
77.075,0.0002918165976851794
77.08,0.00042807259355726046
77.08500000000001,0.000591298909436766
77.09,0.0007822776547063981
77.095,0.001001843998718499
77.10000000000001,0.0012508564647872866
77.105,0.0015301636193481016
77.11,0.00184056741102534
77.115,0.0021827835073082724
77.12,0.002557399070956201
77.125,0.0029648285377605887
77.13,0.003405268074006429
77.135,0.0038786495254043984
77.14,0.004384594806257525
77.145,0.004922371797897895
77.15,0.005490852958020653
77.155,0.006088477938636316
77.16,0.006713221591610363
77.165,0.007362568787399937
77.17,0.008033497474006168
77.175,0.008722471354388972
77.18,0.009425443458361826
77.185,0.010137871713002511
77.19,0.010854747385366181
77.19500000000001,0.011570636968119885
77.2,0.012279737718028372
77.205,0.012975946643411618
77.21000000000001,0.01365294227203151
77.215,0.014304278049895203
77.22,0.014923485724832375
77.22500000000001,0.01550418658918673
77.23,0.01604020801849515
77.235,0.016525702362802264
77.24,0.01695526496333244
77.245,0.017324047883995775
77.25,0.017627865899491724
77.255,0.017863291360882272
77.26,0.01802773479620612
77.265,0.0181195084637622
77.27,0.018137870575145598
77.275,0.01808304851413567
77.28,0.017956240056626882
77.285,0.017759592356313192
77.29,0.017496159198294947
77.295,0.017169837786390474
77.3,0.0167852870043248
77.305,0.016347829695043004
77.31,0.015863341999889258
77.315,0.015338133144268795
77.32000000000001,0.014778819278511435
77.325,0.014192195035871435
77.33,0.013585106389964352
77.33500000000001,0.012964328174920325
77.34,0.012336449296455498
77.345,0.011707768234128224
77.35000000000001,0.01108420094491791
77.355,0.010471202733192797
77.36,0.009873705118543796
77.365,0.009296068179395434
77.37,0.008742048361604304
77.375,0.00821478127792119
77.38,0.007716778641967181
77.385,0.007249938162015468
77.39,0.006815564981057065
77.395,0.006414403087923404
77.4,0.0060466750331098496
77.405,0.005712128260931593
77.41,0.005410086403761838
77.415,0.005139503964267433
77.42,0.004899022935356712
77.425,0.004687030049515428
77.43,0.004501713517234052
77.435,0.004341118283671008
77.44,0.004203199005226921
77.44500000000001,0.004085870115154044
77.45,0.003987052499165422
77.455,0.003904716443229095
77.46000000000001,0.003836920635487129
77.465,0.0037818471052997182
77.47,0.003737832065557223
77.47500000000001,0.0037033926830858377
77.48,0.003677249848430264
77.485,0.0036583470381709726
77.49,0.0036458653760452764
77.495,0.0036392349948823517
77.5,0.00363814278617059
77.505,0.00364253660500842
77.51,0.003652625966520995
77.515,0.003668879240407319
77.52,0.0036920173194644468
77.525,0.003723003704600547
77.53,0.0037630309289458097
77.535,0.00381350322125229
77.54,0.0038760153047046053
77.545,0.00395232722961758
77.55,0.004044335158987167
77.555,0.004154038060844911
77.56,0.004283500315550803
77.565,0.004434810320424809
77.57000000000001,0.004610035265644186
77.575,0.00481117237064943
77.58,0.005040097000636123
77.58500000000001,0.005298508233281041
77.59,0.005587872604474242
77.595,0.005909366936208471
77.60000000000001,0.006263821319670626
77.605,0.0066516634950559705
77.61,0.0070728660265899634
77.615,0.007526897799941423
77.62,0.008012681469285354
77.625,0.008528558536291087
77.63,0.009072263742343267
77.635,0.009640910394814739
77.64,0.010230988114660278
77.645,0.010838374282254648
77.65,0.011458360176440863
77.655,0.012085692440347628
77.66,0.012714630075745248
77.665,0.013339016689350558
77.67,0.01395236718079218
77.675,0.014547967522265282
77.68,0.01511898573224002
77.685,0.01565859163091332
77.69,0.016160082513131613
77.69500000000001,0.01661701149159711
77.7,0.017023315006007067
77.705,0.017373435844383778
77.71000000000001,0.01766243803554346
77.715,0.017886110113579434
77.72,0.018041053562093623
77.72500000000001,0.01812475367969313
77.73,0.018135630673498326
77.735,0.018073069437093636
77.74,0.01793742720443703
77.745,0.017730019018408427
77.75,0.01745308171259552
77.755,0.017109717815984027
77.76,0.016703821436138355
77.765,0.016239988713934395
77.77,0.01572341586983228
77.775,0.015159788140145736
77.78,0.01455516305081872
77.785,0.013915851469526785
77.79,0.013248299756302373
77.795,0.012558976077126971
77.8,0.011854263604995197
77.805,0.011140362916847835
77.81,0.010423205423901294
77.815,0.009708379184505844
77.82000000000001,0.009001067958113396
77.825,0.008306003882438517
77.83,0.007627433727176225
77.83500000000001,0.006969098284256958
77.84,0.006334224139708411
77.845,0.0057255268027258666
77.85000000000001,0.005145223976908753
77.855,0.004595057632867494
77.86,0.00407632346110276
77.865,0.003589906279286126
77.87,0.003136319990027836
77.875,0.0027157507528894342
77.88,0.0023281021323846574
77.885,0.0019730410959590827
77.89,0.0016500438643403115
77.895,0.001358440749911427
77.9,0.0010974592507215775
77.905,0.0008662647927475398
77.91,0.000663998634089058
77.915,0.000489812545181767
77.92,0.0003428999763959162
77.925,0.00022252349793450144
77.93,0.0001280383622492276
77.935,5.891208885203114e-05
77.94,1.4740007453904747e-05
77.94500000000001,-4.7432772772963705e-06
77.95,3.4348053829999503e-07
77.955,3.003142664108338e-05
77.96000000000001,8.450075422472558e-05
77.965,0.0001640757410539262
77.97,0.00026921568228222004
77.97500000000001,0.00040050173099803743
77.98,0.0005586196737779048
77.985,0.0007443386869931956
77.99,0.0009584861521858556
77.995,0.0012019186492699951
78.0,0.0014754893030852756
78.005,0.0017800117266322246
78.01,0.0021162208890439516
78.015,0.0024847313330873533
78.02,0.0028859932785865183
78.025,0.0033202472696292062
78.03,0.003787478151133783
78.035,0.004287369296950061
78.04,0.0048192581385038125
78.045,0.005382094170556684
78.05,0.0059744007147610745
78.055,0.006594241809375845
78.06,0.00723919564277864
78.065,0.00790633596160717
78.07000000000001,0.008592222846591113
78.075,0.009292904153710424
78.08,0.010003928763545389
78.08500000000001,0.010720372559600122
78.09,0.011436877768812082
78.095,0.012147705946606635
78.10000000000001,0.012846804480485474
78.105,0.01352788603846733
78.11,0.014184519899973935
78.115,0.014810233616714186
78.12,0.015398622966763753
78.125,0.01594346771457822
78.13,0.016438850300467323
78.135,0.01687927427621716
78.14,0.01725977910380294
78.145,0.017576047853154364
78.15,0.01782450440074257
78.155,0.01800239692515504
78.16,0.018107864842846766
78.165,0.01813998679923401
78.17,0.018098807916928195
78.175,0.017985345178125556
78.18,0.017801570556386537
78.185,0.017550372267358227
78.19,0.017235495260806033
78.19500000000001,0.01686146277253897
78.2,0.016433481380921933
78.205,0.0159573325181519
78.21000000000001,0.015439253775788586
78.215,0.014885813580605145
78.22,0.014303782901244233
78.22500000000001,0.013700007600316866
78.23,0.013081284837550555
78.235,0.012454246629935994
78.24,0.011825253250403733
78.245,0.01120029867231409
78.25,0.01058492973132985
78.255,0.009984180129684717
78.26,0.009402519869940562
78.265,0.008843820189454732
78.27,0.008311333607760929
78.275,0.0078076882939086545
78.28,0.007334895635136007
78.285,0.006894369630430219
78.29,0.006486956559150769
78.295,0.006112973270912647
78.3,0.005772252405856548
78.305,0.005464192882577379
78.31,0.0051878140603420775
78.315,0.004941812100302201
78.32000000000001,0.004724617189050484
78.325,0.004534450451806116
78.33,0.004369379552163544
78.33500000000001,0.004227372149031794
78.34,0.004106346547783524
78.345,0.004004219040587564
78.35000000000001,0.003918947572513876
78.355,0.003848571493631159
78.36,0.0037912472640835304
78.365,0.0037452800629498295
78.37,0.0037091513171891854
78.375,0.0036815422137117526
78.38,0.003661353285526192
78.385,0.003647720177238606
78.39,0.0036400256916392162
78.395,0.00363790821068213
78.4,0.003641266560128281
78.405,0.003650261361610785
78.41,0.0036653128841528937
78.415,0.003687095375923599
78.42,0.0037165278263308066
78.425,0.0037547610823644995
78.43,0.0038031612241757884
78.435,0.0038632890959098276
78.44,0.003936875887904812
78.44500000000001,0.004025794684945794
78.45,0.004132027926459614
78.455,0.0042576307752844045
78.46000000000001,0.004404690461398353
78.465,0.004575281756521221
78.47,0.004771418845859188
78.47500000000001,0.00499500399024555
78.48,0.005247773519336363
78.485,0.005531241855420532
78.49,0.005846644436910964
78.495,0.006194880581787743
78.5,0.00657645750504976
78.505,0.006991436856827349
78.51,0.007439385289174538
78.515,0.007919330661938062
78.52,0.008429725563694035
78.525,0.008968419833550456
78.53,0.009532643722252487
78.535,0.010119003207996968
78.54,0.010723488792415026
78.545,0.011341498828155494
78.55,0.011967878084178096
78.555,0.012596971839560211
78.56,0.013222695316880362
78.565,0.013838617753403781
78.57000000000001,0.014438059856981766
78.575,0.015014202851563851
78.58,0.015560206793892917
78.58500000000001,0.01606933537479449
78.59,0.01653508402314685
78.595,0.016951307846746033
78.60000000000001,0.01731234577282237
78.605,0.01761313723667257
78.61,0.017849327876071186
78.615,0.018017360977552244
78.62,0.018114551818371183
78.625,0.018139142600247737
78.63,0.0180903363051641
78.635,0.01796830851795761
78.64,0.017774197020195004
78.645,0.017510069708393416
78.65,0.017178872121078825
78.655,0.016784356513635856
78.66,0.0163309949840027
78.665,0.01582387959723519
78.67,0.015268612770032775
78.675,0.014671191338017309
78.68,0.014037887769390522
78.685,0.013375131864229672
78.69,0.012689396072218528
78.69500000000001,0.01198708721336672
78.7,0.011274446999358645
78.705,0.010557463279067036
78.71000000000001,0.009841793453869485
78.715,0.009132701007885657
78.72,0.008435005625646141
78.72500000000001,0.007753046925667917
78.73,0.007090661439196566
78.735,0.0064511721349216344
78.74,0.0058373895073700055
78.745,0.005251623049915111
78.75,0.004695701783560935
78.755,0.004171002437848514
78.76,0.0036784838513561624
78.765,0.0032187261807177237
78.77,0.0027919735686365854
78.775,0.0023981790111333723
78.78,0.0020370502760007625
78.785,0.0017080958508985944
78.79,0.0014106700307423559
78.795,0.0011440163882161514
78.8,0.0009073089971463055
78.805,0.0006996909000365203
78.81,0.0005203094172880895
78.815,0.00036834799036555843
78.82000000000001,0.00024305433341320626
78.825,0.00014376473062277517
78.83,6.992437171277066e-05
78.83500000000001,2.1103655467619165e-05
78.84,-2.9895801921895476e-06
78.845,-2.501922661886369e-06
78.85000000000001,2.2569642986719485e-05
78.855,7.237765146403397e-05
78.86,0.00014721996456523723
78.865,0.00024753147099731976
78.87,0.0003738716927310648
78.875,0.0005269083181962397
78.88,0.0007073967069812781
78.885,0.0009161554351058143
78.89,0.0011540379932464262
78.895,0.0014219007990265986
78.9,0.0017205677565188537
78.905,0.0020507916694443296
78.91,0.0024132129190856944
78.915,0.002808315916699833
78.92,0.0032363839673941186
78.925,0.0036974533069127347
78.93,0.004191267205847282
78.935,0.004717231169300007
78.94,0.005274370383990146
78.94500000000001,0.0058612906762327555
78.95,0.006476144334824241
78.955,0.007116602209773504
78.96000000000001,0.007779833519421686
78.965,0.008462494769457152
78.97,0.009160729103925291
78.97500000000001,0.009870177265977276
78.98,0.010586001134711864
78.985,0.011302920530045668
78.99,0.012015263639298723
78.995,0.012717031019022329
79.0,0.013401972684597752
79.005,0.014063677319992252
79.01,0.014695672144068084
79.015,0.015291531488486498
79.02,0.015844991678029885
79.025,0.016350069406676937
79.03,0.01680118047298862
79.035,0.017193255523004325
79.04,0.01752184934065326
79.045,0.017783240263916866
79.05,0.01797451647572501
79.055,0.018093646240039618
79.06,0.018139529593909742
79.065,0.018112029589900658
79.07000000000001,0.018011981822795065
79.075,0.017841181724989497
79.08,0.01760234985039233
79.08500000000001,0.017299076135984137
79.09,0.016935744832920818
79.095,0.016517442439841545
79.10000000000001,0.016049851507435875
79.105,0.015539133588475806
79.11,0.01499180487564189
79.115,0.014414608187657052
79.12,0.013814384931919221
79.125,0.013197950503474942
79.13,0.012571976285041586
79.135,0.011942881022449114
79.14,0.011316733867708706
79.145,0.010699170870825725
79.15,0.01009532614345332
79.155,0.009509778383510081
79.16,0.008946512922751282
79.165,0.00840889899252062
79.17,0.007899681487003818
79.175,0.007420986156706277
79.18,0.006974336901649281
79.185,0.0065606836395968315
79.19,0.0061804391096185185
79.19500000000001,0.005833522922928935
79.2,0.005519411187739465
79.205,0.005237190100388034
79.21000000000001,0.004985612000497852
79.215,0.004763152527424097
79.22,0.0045680676732757775
79.22500000000001,0.004398449696751072
79.23,0.004252281036878358
79.235,0.004127485532382735
79.24,0.0040219764141160574
79.245,0.003933700680492258
79.25,0.003860679595939054
79.255,0.003801045159820937
79.26,0.003753072482592046
79.265,0.003715208075679044
79.27,0.0036860941088466825
79.275,0.0036645887244539654
79.28,0.003649782509722338
79.285,0.003641011232776617
79.29,0.003637864936442412
79.295,0.0036401934645267295
79.3,0.003648108469896938
79.305,0.0036619819220652383
79.31,0.003682441101076961
79.315,0.0037103600330736786
79.32000000000001,0.0037468472960813237
79.325,0.0037932301043865913
79.33,0.003851034566690892
79.33500000000001,0.003921962015666747
79.34,0.0040078613168343935
79.345,0.004110697096178839
79.35000000000001,0.004232513872591603
79.355,0.004375396146382826
79.36,0.004541424581954168
79.365,0.0047326285281465985
79.37,0.004950935245284782
79.375,0.0051981163497298866
79.38,0.005475732145315604
79.385,0.005785074679414137
79.39,0.006127110529895674
79.395,0.006502424507084825
79.4,0.006911165608753933
79.405,0.0073529967128109774
79.41,0.00782704960060343
79.415,0.008331886979000558
79.42,0.008865473190326156
79.425,0.00942515526027421
79.43,0.010007655829738837
79.435,0.010609079338191663
79.44,0.011224932562861056
79.44500000000001,0.011850160297182555
79.45,0.012479196533412562
79.455,0.013106031062605439
79.46000000000001,0.013724290882741741
79.465,0.014327335267807939
79.47,0.014908362804636255
79.47500000000001,0.015460528172273058
79.48,0.015977065960399273
79.485,0.016451418411378427
79.49,0.01687736366467618
79.495,0.017249140890015724
79.5,0.01756156864431091
79.505,0.017810152885246566
79.51,0.01799118131553712
79.515,0.01810180112236992
79.52,0.018140077693026058
79.525,0.01810503251208928
79.53,0.01799665914970916
79.535,0.01781591699701579
79.54,0.01756470316818337
79.545,0.01724580371676865
79.55,0.016862825990816788
79.555,0.016420114533449492
79.56,0.01592265340106991
79.565,0.0153759581140811
79.57000000000001,0.014785960643912688
79.575,0.014158890900020538
79.58,0.013501158094236132
79.58500000000001,0.012819235154651665
79.59,0.012119549054627754
79.595,0.011408379523537349
79.60000000000001,0.010691768160050685
79.605,0.009975439480541581
79.61,0.009264734944714803
79.615,0.008564560512823505
79.62,0.007879347847215001
79.625,0.007213028853463754
79.63,0.006569022924459489
79.635,0.005950235946723836
79.64,0.005359069926118565
79.645,0.004797441927104629
79.65,0.004266810928765352
79.655,0.0037682111691133002
79.66,0.0033022905587518636
79.665,0.002869352800376035
79.67,0.0024694019345830043
79.675,0.0021021881434979406
79.68,0.001767253765062371
79.685,0.0014639786028687318
79.69,0.0011916237513656114
79.69500000000001,0.0009493732824576995
79.7,0.0007363732621761265
79.705,0.0005517676781707781
79.71000000000001,0.0003947309508329777
79.715,0.0002644967907405871
79.72,0.00016038322692679685
79.72500000000001,8.181369123322346e-05
79.73,2.8334080423089714e-05
79.735,-3.742486084888641e-07
79.74,-4.485575789466706e-06
79.745,1.5974980255670235e-05
79.75,6.11321489332739e-05
79.755,0.00013125708444033934
79.76,0.00022675983482756124
79.765,0.00034817771289397115
79.77,0.0004961595901440408
79.775,0.0006714461512533632
79.78,0.0008748461739376268
79.785,0.001107208936916404
79.79,0.0013693929070508482
79.795,0.0016622309244525013
79.8,0.0019864921774921385
79.805,0.0023428413565396156
79.81,0.002731795479038901
79.815,0.0031536789970765255
79.82000000000001,0.0036085779241616933
79.825,0.004096293853539379
79.83,0.004616298867711421
79.83500000000001,0.005167692472538121
79.84,0.005749161796078539
79.845,0.0063589463952009595
79.85000000000001,0.006994809069341912
79.855,0.007654014116241115
79.86,0.008333314440090334
79.865,0.009028948854943764
79.87,0.009736650789864854
79.875,0.010451669408897857
79.88,0.011168803894083368
79.885,0.01188245131004706
79.89,0.012586668088864883
79.895,0.013275244726450808
79.9,0.013941792818425114
79.905,0.014579843066016451
79.91,0.01518295239090861
79.915,0.015744817839458136
79.92,0.01625939453201042
79.925,0.01672101458369113
79.93,0.017124503666515523
79.935,0.017465291774975356
79.94,0.01773951474267932
79.94500000000001,0.017944103228032304
79.95,0.018076856159758847
79.955,0.01813649606729939
79.96000000000001,0.018122704267376832
79.965,0.018036134522553482
79.97,0.017878404503079537
79.97500000000001,0.01765206514213702
79.98,0.01736054872461068
79.985,0.017008097279990864
79.99,0.016599673493708167
79.995,0.01614085692042977
80.0,0.015637728701424436
80.005,0.015096748296599571
80.01,0.014524625874102526
80.015,0.013928194007839068
80.02,0.013314282181315917
80.025,0.012689597328055413
80.03,0.01206061326051966
80.035,0.011433471377564786
80.04,0.010813894527458956
80.045,0.010207115355775898
80.05,0.009617819925264115
80.055,0.009050106866453689
80.06,0.008507461837432118
80.065,0.007992746642912607
80.07000000000001,0.007508202007553422
80.075,0.007055462714351535
80.08,0.006635583614977847
80.08500000000001,0.006249074887502815
80.09,0.005895944858789193
80.095,0.0055757487108252235
80.10000000000001,0.005287641446338753
80.105,0.0050304335913757825
80.11,0.0048026482418901395
80.115,0.004602578220078257
80.12,0.004428342272511543
80.125,0.0042779394160170625
80.13,0.004149300706921544
80.135,0.004040337871624722
80.14,0.003948988382671992
80.145,0.0038732566979184924
80.15,0.0038112514912480577
80.155,0.0037612187967104305
80.16,0.00372157106036608
80.165,0.003690912147124692
80.17,0.003668058385868922
80.175,0.003652055753034955
80.18,0.0036421933007608834
80.185,0.003638012926238822
80.19,0.003639315561781202
80.19500000000001,0.003646163839190697
80.2,0.003658881252990742
80.205,0.003678047814847041
80.21000000000001,0.003704492160299777
80.215,0.0037392800406848004
80.22,0.003783699111932659
80.22500000000001,0.0038392399178235337
80.23,0.003907572962249972
80.235,0.003990521777159639
80.24,0.004090031917059811
80.245,0.004208135856779371
80.25,0.004346913829514243
80.255,0.004508450726218527
80.26,0.004694789277364109
80.265,0.004907879862464881
80.27,0.005149527429741951
80.275,0.005421336165094104
80.28,0.0057246527145622395
80.285,0.006060508937750342
80.29,0.006429565340788201
80.295,0.006832056500153172
80.3,0.007267739937621087
80.305,0.007735850018988799
80.31,0.008235058537998441
80.315,0.008763443670702031
80.32000000000001,0.009318468965815896
80.325,0.009896973941231124
80.33,0.010495177691428381
80.33500000000001,0.011108696669221985
80.34,0.011732577486920803
80.345,0.012361345188132589
80.35000000000001,0.012989066990336084
80.355,0.013609430990921823
80.36,0.014215838790175184
80.365,0.014801510441365906
80.37,0.0153595995969944
80.375,0.015883316234994282
80.38,0.01636605391904311
80.385,0.016801518220155742
80.39,0.01718385271028211
80.395,0.017507758866429413
80.4,0.01776860628295651
80.405,0.0179625298121735
80.41,0.018086510615752616
80.415,0.01813843859847708
80.42,0.018117154309805983
80.425,0.018022469083881276
80.43,0.017855162933308577
80.435,0.01761696047368133
80.44,0.01731048589469708
80.44500000000001,0.016939198679498446
80.45,0.016507312381790484
80.455,0.016019699250186648
80.46000000000001,0.015481783865730847
80.465,0.014899429169556555
80.47,0.014278818343377964
80.47500000000001,0.013626335948089263
80.48,0.012948451538090211
80.485,0.012251608681356885
80.49,0.01154212193381099
80.495,0.01082608387125461
80.5,0.010109283810809444
80.505,0.009397139347409933
80.51,0.008694641357845256
80.515,0.00800631265633811
80.52,0.007336180079189347
80.525,0.0066877594110295036
80.53,0.006064052271625542
80.535,0.005467553848037099
80.54,0.004900270193521905
80.545,0.004363743710218415
80.55,0.0038590853863365027
80.555,0.003387012367664255
80.56,0.002947889482030064
80.565,0.0025417734238262213
80.57000000000001,0.002168458406037743
80.575,0.0018275222078152353
80.58,0.0015183716803433
80.58500000000001,0.0012402869033847352
80.59,0.0009924633160265373
80.595,0.0007740512691878365
80.60000000000001,0.000584192558152008
80.605,0.00042205359509916995
80.61,0.0002868549645307361
80.615,0.0001778971807196994
80.62,9.458251554111952e-05
80.625,3.643281982894375e-05
80.63,3.1032812944989385e-06
80.635,-5.607903639163201e-06
80.64,1.0246036381514334e-05
80.645,5.076190555936e-05
80.65,0.00011618388641371213
80.655,0.00020689677831287057
80.66,0.0003234151340827385
80.665,0.00046636831553459324
80.67,0.0006364815001160817
80.675,0.0008345526995037211
80.68,0.001061425881065059
80.685,0.001317960339613844
80.69,0.0016049965165638724
80.69500000000001,0.0019233185507259165
80.7,0.0022736139257801824
80.705,0.0026564306890763945
80.71000000000001,0.003072132827854901
80.715,0.003520854518578531
80.72,0.004002454091926566
80.72500000000001,0.004516468694516718
80.73,0.005062070751066017
80.735,0.005638027453635175
80.74,0.006242664599179548
80.745,0.0068738361700617645
80.75,0.007528901087109574
80.755,0.008204708555485496
80.76,0.008897593361147926
80.765,0.009603382357976642
80.77,0.010317413196005987
80.775,0.01103456609749287
80.78,0.011749309162293997
80.785,0.012455757319852268
80.79,0.013147744602324707
80.795,0.013818908960463006
80.8,0.014462788340001254
80.805,0.015072926255992769
80.81,0.01564298462055902
80.815,0.016166861161700297
80.82000000000001,0.016638808407506644
80.825,0.017053550952137897
80.83,0.01740639756836515
80.83500000000001,0.01769334471613604
80.84,0.017911168111965026
80.845,0.018057499296112667
80.85000000000001,0.01813088452750833
80.855,0.018130823869348944
80.86,0.018057788951459486
80.865,0.0179132186053792
80.87,0.017699492318165255
80.875,0.01741988220616264
80.88,0.017078484943716887
80.885,0.01668013575545757
80.89,0.016230307146010148
80.895,0.015734995513110306
80.9,0.015200599097259015
80.905,0.014633790906987798
80.91,0.01404139027218676
80.915,0.013430236567575804
80.92,0.01280706839264667
80.925,0.01217841113921736
80.93,0.01155047542844656
80.935,0.010929068391515528
80.94,0.010319519229977203
80.94500000000001,0.00972661993942836
80.95,0.009154581555648633
80.955,0.008607005784146082
80.96000000000001,0.008086871441413734
80.965,0.007596534761287188
80.97,0.00713774232637121
80.97500000000001,0.006711655163600838
80.98,0.006318882396444181
80.985,0.005959522780392135
80.99,0.005633212432648804
80.995,0.005339177119930483
81.0,0.005076287558711812
81.005,0.0048431163089652784
81.01,0.004637994996463668
81.015,0.0044590707634757365
81.02,0.004304361021706171
81.025,0.004171805751894908
81.03,0.004059316757485387
81.035,0.003964823431752862
81.04,0.0038863147320404856
81.045,0.003821877169028376
81.05,0.003769728719050347
81.055,0.0037282486396053027
81.06,0.0036960032284940603
81.065,0.0036717676033845015
81.07000000000001,0.003654543600558613
81.075,0.0036435738984935268
81.08,0.0036383524658538894
81.08500000000001,0.0036386314166450932
81.09,0.0036444243322714537
81.095,0.0036560060799930294
81.10000000000001,0.003673909126594599
81.105,0.003698916313535139
81.11,0.003732050032114964
81.115,0.003774557713539073
81.12,0.0038278935326960806
81.125,0.003893696220396148
81.13,0.003973762887626631
81.135,0.004070018786317853
81.14,0.004184482973357717
81.145,0.004319229902790767
81.15,0.0044763470489881385
81.155,0.004657888762566564
81.16,0.00486582667890012
81.165,0.005101997135220415
81.17,0.005368046205266097
81.175,0.005665373123106221
81.18,0.005995073042583954
81.185,0.006357880246964598
81.19,0.006754113094473269
81.19500000000001,0.0071836221288617
81.2,0.007645742913435782
81.205,0.008139255235050769
81.21000000000001,0.00866235036216878
81.215,0.009212608033074332
81.22,0.009786984765291606
81.22500000000001,0.01038181492994994
81.23,0.010992825804233775
81.235,0.01161516751223246
81.24,0.012243458385732708
81.245,0.01287184583194545
81.25,0.013494082300390176
81.255,0.014103615404781777
81.26,0.014693690709595586
81.265,0.015257465154199679
81.27,0.01578812857734846
81.275,0.0162790303781577
81.28,0.016723807987752082
81.285,0.01711651359605071
81.29,0.01745173547561052
81.295,0.017724710271799893
81.3,0.0179314228372931
81.305,0.018068690502630602
81.31,0.01813422916353602
81.315,0.018126699142122504
81.32000000000001,0.018045729462137672
81.325,0.01789191991039729
81.33,0.01766682102003614
81.33500000000001,0.017372892855824773
81.34,0.01701344418025741
81.345,0.01659255420346284
81.35000000000001,0.01611497962648656
81.355,0.015586050084678504
81.36,0.015011555336343463
81.365,0.014397627657992018
81.37,0.013750622869689977
81.375,0.013077003252817576
81.38,0.012383225351278782
81.385,0.011675635281651608
81.39,0.010960373744126173
81.395,0.01024329245278821
81.4,0.009529883209303591
81.405,0.008825220357064012
81.41,0.00813391688552656
81.415,0.007460094034737352
81.42,0.006807363875507733
81.425,0.006178824035572461
81.43,0.005577063493431567
81.435,0.005004178189452091
81.44,0.004461795082480791
81.44500000000001,0.003951103233461595
81.45,0.0034728904822856066
81.455,0.003027584335267619
81.46000000000001,0.002615295744740287
81.465,0.0022358645717179826
81.47,0.0018889056349014055
81.47500000000001,0.0015738543835031038
81.48,0.001290011361597454
81.485,0.0010365847639044468
81.49,0.0008127305081067071
81.495,0.0006175893615865125
81.5,0.00045032076475415295
81.505,0.00031013308057958877
81.51,0.0001963100731524614
81.515,0.00010823348050520432
81.52,4.5401589344989945e-05
81.525,7.44375801199626e-06
81.53,-5.869145974619973e-06
81.535,5.381590152231386e-06
81.54,4.1264752047104336e-05
81.545,0.00010199731368137899
81.55,0.00018793844431552742
81.555,0.00029957941272740207
81.56,0.00043752940473762436
81.565,0.0006024972845857235
81.57000000000001,0.0007952693542367939
81.575,0.0010166831959104172
81.58,0.0012675977317058162
81.58500000000001,0.0015488596907244911
81.59,0.001861266745304846
81.595,0.0022055276705845728
81.60000000000001,0.0025822199766079024
81.605,0.0029917455791208525
81.61,0.003434285199910292
81.615,0.003909752314244841
81.62,0.004417747602108335
81.625,0.004957514982985245
81.63,0.005527900440197797
81.635,0.006127314940295392
81.64,0.0067537028288437995
81.645,0.007404517132457045
81.65,0.008076703188070411
81.655,0.008766691978841834
81.66,0.009470404437010416
81.665,0.010183267812386987
81.67,0.010900244955230676
81.675,0.011615877069679925
81.68,0.012324340118663457
81.685,0.013019514649656116
81.69,0.013695068341757377
81.69500000000001,0.014344550095316322
81.7,0.01496149398208857
81.705,0.015539530907567212
81.71000000000001,0.016072505388656566
81.715,0.016554594489704755
81.72,0.016980425667359356
81.72500000000001,0.017345190113964293
81.73,0.01764474813469974
81.735,0.017875723197640525
81.74,0.018035581525843725
81.745,0.01812269448360837
81.75,0.018136381505343024
81.755,0.018076931935119944
81.76,0.017945604833819573
81.765,0.017744606553733888
81.77,0.017477046648430417
81.775,0.017146873415249786
81.78,0.016758791056048494
81.785,0.01631816104020345
81.79,0.015830890730306635
81.795,0.0153033126815032
81.8,0.014742058227575683
81.805,0.014153929016892164
81.81,0.013545770069676166
81.815,0.012924347701353867
81.82000000000001,0.01229623531575541
81.825,0.011667709640743595
81.83,0.01104465947767963
81.83500000000001,0.010432508503757987
81.84,0.009836153113742085
81.845,0.009259915755070125
81.85000000000001,0.00870751370793954
81.855,0.00818204281480206
81.86,0.007685975276125134
81.865,0.007221170324154258
81.87,0.006788896345376827
81.875,0.00638986287051857
81.88,0.006024260761908096
81.885,0.005691808910125218
81.89,0.005391805789281889
81.895,0.005123184305045214
81.9,0.004884568491284824
81.905,0.004674330759590006
81.91,0.004490648570373956
81.915,0.004331559566093546
81.92,0.004195014380122153
81.925,0.004078926498988444
81.93,0.003981218709383061
81.935,0.003899865800482072
81.94,0.0038329333092730344
81.94500000000001,0.003778612199682563
81.95,0.003735249443885369
81.955,0.0037013745360721106
81.96000000000001,0.0036757220100950283
81.965,0.0036572500571371847
81.97,0.0036451553481748333
81.97500000000001,0.0036388841634229317
81.98,0.0036381399151693685
81.985,0.0036428871280494574
81.99,0.0036533519127887604
81.995,0.0036700189379775816
82.0,0.003693624871678347
82.005,0.0037251482366995603
82.01,0.00376579559802126
82.015,0.003816983983618183
82.02,0.003880319433624546
82.025,0.003957571577617003
82.03,0.004050644160638939
82.035,0.0041615414743549906
82.04,0.004292330706929803
82.045,0.004445100296901039
82.05,0.004621914474428834
82.055,0.0048247642849919
82.06,0.0050555155250879835
82.065,0.005315854169207768
82.07000000000001,0.005607230028941146
82.075,0.005930799556768562
82.08,0.006287368878808763
82.08500000000001,0.00667733831030759
82.09,0.007100649758079669
82.095,0.007556738547684461
82.10000000000001,0.008044491305902568
82.105,0.008562211582209045
82.11,0.009107594889989912
82.115,0.009677714780639946
82.12,0.010269021427475877
82.125,0.010877353980188076
82.13,0.011497967665594189
82.135,0.012125576239057523
82.14,0.012754409964422564
82.145,0.013378288808507222
82.15,0.01399071000826524
82.155,0.014584948625405048
82.16,0.015154169155575659
82.165,0.01569154575033238
82.17,0.016190388159898816
82.175,0.01664427013001557
82.18,0.01704715673486845
82.185,0.017393526988513486
82.19,0.017678488099441836
82.19500000000001,0.017897877882333546
82.2,0.018048352160917602
82.205,0.01812745443372421
82.21000000000001,0.018133665649315844
82.215,0.018066432592412696
82.22,0.017926174120027838
82.22500000000001,0.017714265233067295
82.23,0.017432999732008625
82.235,0.017085532906154555
82.24,0.01667580635385235
82.245,0.01620845755230249
82.25,0.015688717224886517
82.255,0.01512229781292973
82.26,0.014515276506582353
82.265,0.013873976270005528
82.27,0.013204848169255712
82.275,0.012514358046672669
82.28,0.011808880243407316
82.285,0.011094600649752095
82.29,0.01037743088717491
82.295,0.009662934945215085
82.3,0.008956269094760216
82.305,0.008262135436041262
82.31,0.007584749004209357
82.315,0.006927817974384354
82.32000000000001,0.006294536188812927
82.325,0.005687586969173708
82.33,0.00510915698974479
82.33500000000001,0.004560958861377529
82.34,0.004044261006722394
82.345,0.0035599233982068768
82.35000000000001,0.0031084377589980505
82.355,0.00268997089687506
82.36,0.0023044099385955974
82.365,0.001951408346379857
82.37,0.001630431728876225
82.375,0.001340802588296608
82.38,0.0010817432818859274
82.385,0.000852416596925476
82.39,0.0006519634598052271
82.395,0.00047953740084194507
82.4,0.0003343354897448192
82.405,0.0002156255333103374
82.41,0.00012276938631056167
82.415,5.5242281448014685e-05
82.42,1.2648113297542007e-05
82.425,-5.269357240172577e-06
82.43,1.38060246312674e-06
82.435,3.263869291249277e-05
82.44,8.869446957676663e-05
82.44500000000001,0.0001698811174971615
82.45,0.000276666123937952
82.455,0.0004096378586808669
82.46000000000001,0.0005694880928379664
82.465,0.0007569905006956645
82.47,0.0009729752285916327
82.47500000000001,0.0012182996497327458
82.48,0.001493815486376171
82.485,0.001800332546292971
82.49,0.002138579408531349
82.495,0.0025091614890477842
82.5,0.0029125170307064963
82.505,0.00334887168262199
82.51,0.0038181924643936327
82.515,0.004320142043750863
82.52,0.0048540343873302305
82.525,0.005418792965521391
82.53,0.0060129128014434485
82.535,0.0066344277341734426
82.54,0.007280884317637515
82.545,0.007949323783627449
82.55,0.008636273459554644
82.555,0.009337748928530232
82.56,0.010049268064456385
82.565,0.010765877845447136
82.57000000000001,0.011482194557551395
82.575,0.012192457649277344
82.58,0.012890597080133404
82.58500000000001,0.013570313563782577
82.59,0.01422517060532158
82.595,0.014848696757667312
82.60000000000001,0.015434496022852073
82.605,0.015976363887574507
82.61,0.016468406094627852
82.615,0.01690515694836492
82.62,0.01728169376579558
82.625,0.01759374400465674
82.63,0.017837781683766707
82.635,0.018011109903682154
82.64,0.018111926643882725
82.645,0.018139371478945066
82.65,0.018093551461539903
82.655,0.017975545092731693
82.66,0.017787384041149323
82.665,0.017532013032081295
82.67,0.017213229071920466
82.675,0.01683560187301225
82.68,0.016404377953541882
82.685,0.015925371398200383
82.69,0.015404844632666226
82.69500000000001,0.014849382800797173
82.7,0.01426576540798763
82.705,0.01366083883032232
82.71000000000001,0.01304139308666663
82.715,0.012414045948091257
82.72,0.011785137044196148
82.72500000000001,0.011160634136910375
82.73,0.010546053197550975
82.735,0.009946393383536645
82.74,0.00936608746083678
82.745,0.008808967715960847
82.75,0.008278246943316248
82.755,0.007776513688607878
82.76,0.007305740613549716
82.765,0.0068673045913598685
82.77,0.006462016973657114
82.775,0.006090162372117902
82.78,0.005751544263087993
82.785,0.005445535755669084
82.79,0.005171133936778816
82.795,0.004927016324915101
82.8,0.004711598107853376
82.805,0.004523088999600411
82.81,0.004359548727224549
82.815,0.004218940326802034
82.82000000000001,0.004099180597582297
82.825,0.003998187217955973
82.83,0.003913922167941397
82.83500000000001,0.0038444312270469183
82.84,0.00378787941933334
82.845,0.0037425823611429987
82.85000000000001,0.0037070335324630443
82.855,0.0036799275360569483
82.86,0.0036601794373510854
82.865,0.0036469402900349834
82.87,0.00363960894949528
82.875,0.003637840265617703
82.88,0.0036415497228999213
82.885,0.003650914569596042
82.89,0.0036663714460297148
82.895,0.0036886104913372852
82.9,0.003718565875759361
82.905,0.0037574026817317474
82.91,0.003806500038470606
82.915,0.003867430403876604
82.92,0.003941934892635501
82.925,0.004031894565502903
82.93,0.004139297628399596
82.935,0.004266202542360098
82.94,0.0044146971151217684
82.94500000000001,0.004586853737508889
82.95,0.0047846810373854964
82.955,0.005010072354529882
82.96000000000001,0.005264751585871252
82.965,0.00555021711132575
82.97,0.005867684680671559
82.97500000000001,0.0062180303128638315
82.98,0.0066017344311237736
82.985,0.0070188286115335785
82.99,0.00746884645974788
82.995,0.00795078023201512
83.0,0.008463044878826764
83.005,0.009003451196214485
83.01,0.009569189716238213
83.015,0.010156826844582412
83.02,0.010762314552220431
83.025,0.011381014656976163
83.03,0.012007738372034282
83.035,0.01263680138733747
83.04,0.013262094261445867
83.045,0.013877167386965539
83.05,0.014475329243865076
83.055,0.015049756108457046
83.06,0.015593610871341923
83.065,0.016100168146572003
83.07000000000001,0.016562942471090025
83.075,0.016975816112861253
83.08,0.01733316284566655
83.08500000000001,0.01762996404043804
83.09,0.017861913547911
83.095,0.018025508133959534
83.10000000000001,0.018118120650413516
83.105,0.01813805366928989
83.11,0.018084571955981232
83.115,0.017957912876518378
83.12,0.017759274586069296
83.125,0.017490782604880906
83.13,0.01715543610590231
83.135,0.016757035894649164
83.14,0.01630009661659315
83.145,0.01578974616174378
83.15,0.015231615542735
83.155,0.014631722681304637
83.16,0.01399635355066664
83.165,0.013331944019881803
83.17,0.012644965494910565
83.175,0.01194181713780651
83.18,0.011228727014188422
83.185,0.01051166407862425
83.19,0.00979626240007292
83.19500000000001,0.009087758547781988
83.2,0.00839094258063966
83.205,0.007710122636726879
83.21000000000001,0.007049102736356616
83.215,0.006411173073768595
83.22,0.005799111803279189
83.22500000000001,0.005215197129942339
83.23,0.004661228367806913
83.235,0.004138554558835494
83.24,0.0036481092212987676
83.245,0.003190449818651686
83.25,0.002765800603269142
83.255,0.002374097584472601
83.26,0.002015034476920974
83.265,0.0016881086198470285
83.27,0.001392665982259178
83.275,0.0011279445079348527
83.28,0.000893115177382775
83.285,0.0006873202854877913
83.29,0.0005097085376388755
83.295,0.00035946666511277314
83.3,0.0002358473344152845
83.305,0.00013819319574959188
83.31,6.595696358047132e-05
83.315,1.8717461731987406e-05
83.32000000000001,-3.8084060433232064e-06
83.325,-1.7577827996651668e-06
83.33,2.48819084956442e-05
83.33500000000001,7.627262093881648e-05
83.34,0.00015272122856624382
83.345,0.0002546709660423696
83.35000000000001,0.0003826887744668994
83.355,0.0005374485767732917
83.36,0.0007197105281266936
83.365,0.0009302963124246943
83.37,0.0011700606001951996
83.375,0.0014398588342832142
83.38,0.001740511577911441
83.385,0.002072765741469418
83.39,0.0024372531018936883
83.395,0.0028344466336607255
83.4,0.0032646152962509944
83.405,0.0037277780468514266
83.41,0.004223657982542761
83.415,0.004751637647279594
83.42,0.005310716663641912
83.425,0.005899472959594476
83.43,0.006516028947929797
83.435,0.00715802407335886
83.44,0.007822595157730206
83.44500000000001,0.00850636594542209
83.45,0.009205447159761349
83.455,0.009915448237652669
83.46000000000001,0.010631501693865175
83.465,0.011348300785900989
83.47,0.012060150810700776
83.47500000000001,0.012761033958270218
83.48,0.013444687207492478
83.485,0.014104692261618368
83.49,0.014734576033077929
83.495,0.015327919698179926
83.5,0.01587847388786301
83.505,0.016380277181788472
83.51,0.016827774756674074
83.515,0.017215933819542784
83.52,0.01754035237254925
83.525,0.017797357886465193
83.53,0.017984092654387496
83.535,0.018098582913793848
83.54,0.01813978929094162
83.545,0.018107636686842454
83.55,0.018003022401188673
83.555,0.01782780200866796
83.56,0.01758475326936093
83.565,0.017277519101902783
83.57000000000001,0.016910531356977287
83.575,0.01648891776136452
83.58,0.01601839493001478
83.58500000000001,0.015505150743383211
83.59,0.014955719644103027
83.595,0.014376854513436399
83.60000000000001,0.013775398753633539
83.605,0.013158162014342167
83.61,0.012531802714494944
83.615,0.011902720094077779
83.62,0.011276958068705767
83.625,0.010660122622628165
83.63,0.010057313937281265
83.635,0.009473073901951068
83.64,0.008911349145744651
83.645,0.008375469251159728
83.65,0.007868139406408403
83.655,0.00739144641190137
83.66,0.00694687669328431
83.665,0.006535344788495934
83.67,0.006157230662244828
83.675,0.005812424161653951
83.68,0.005500374940632824
83.685,0.005220146250975333
83.69,0.004970471106638286
83.69500000000001,0.004749809467965882
83.7,0.004556405251086915
83.705,0.004388342138315515
83.71000000000001,0.004243597339335992
83.715,0.004120092619551485
83.72,0.0040157420723541115
83.72500000000001,0.0039284962542227575
83.73,0.003856382430325933
83.735,0.003797540784124198
83.74,0.0037502565323845882
83.745,0.0037129879562920465
83.75,0.00368439040537627
83.755,0.0036633363637061933
83.76,0.0036489316813901884
83.765,0.003640528076332944
83.77,0.0036377319986367813
83.775,0.0036404099321014766
83.78,0.003648690179241132
83.785,0.0036629611459209066
83.79,0.0036838661103686388
83.795,0.003712294430268992
83.8,0.003749369114517398
83.805,0.0037964306671740555
83.81,0.003855017098867819
83.815,0.00392684000268595
83.82000000000001,0.004013756604687391
83.825,0.004117737731130333
83.83,0.004240831680696111
83.83500000000001,0.004385124059714585
83.84,0.004552693722834178
83.845,0.004745565072044933
83.85000000000001,0.004965657088899178
83.855,0.0052147296235975915
83.86,0.005494327618652761
83.865,0.005805724114912536
83.87,0.006149863060997518
83.875,0.00652730311650096
83.88,0.006938163799093289
83.885,0.007382075468605365
83.89,0.007858134744854084
83.895,0.00836486703296302
83.9,0.008900197842343971
83.905,0.009461434546654601
83.91,0.010045260120527644
83.915,0.01064774020649395
83.92,0.011264344598679088
83.925,0.011889983901223644
83.93,0.012519061700380973
83.935,0.013145542129983312
83.94,0.013763032189444857
83.94500000000001,0.014364877630793416
83.95,0.014944270686466865
83.955,0.015494367382466123
83.96000000000001,0.01600841170288092
83.965,0.016479863468504163
83.97,0.016902526491939796
83.97500000000001,0.017270673388495084
83.98,0.01757916337919596
83.985,0.017823549530326943
83.99,0.0180001721226688
83.995,0.018106235246982294
84.0,0.01813986424038916
84.005,0.01810014221432965
84.01,0.01798712462818486
84.015,0.017801831615564367
84.02,0.017546218527115798
84.025,0.017223125886189905
84.03,0.016836210619377567
84.035,0.016389861002021888
84.04,0.015889098219716402
84.045,0.01533946777113826
84.05,0.01474692413154699
84.055,0.014117712131028526
84.06,0.013458248422359986
84.065,0.012775006189961857
84.07000000000001,0.01207440594311393
84.075,0.011362714833481391
84.08,0.010645956487909558
84.08500000000001,0.009929832857363152
84.09,0.009219659091371568
84.095,0.008520311966250915
84.10000000000001,0.007836191946701376
84.105,0.007171198560691039
84.11,0.0065287184197799775
84.115,0.0059116249396691245
84.12,0.005322288598097913
84.125,0.00476259641974508
84.13,0.004233979288901679
84.135,0.0037374456575829385
84.14,0.003273620235241026
84.145,0.0028427862995554776
84.15,0.0024449303561908664
84.155,0.0020797879853864387
84.16,0.001746889837380472
84.165,0.0014456068695647417
84.17,0.0011751940537658712
84.175,0.0009348319073287925
84.18,0.0007236653251392333
84.185,0.0005408392972816589
84.19,0.00038553119550277515
84.19500000000001,0.0002569793897910788
84.2,0.00015450803021066495
84.205,7.754787577257671e-05
84.21000000000001,2.565309941154892e-05
84.215,-1.4859763443619833e-06
84.22,-4.034237799781584e-06
84.22500000000001,1.7992756337237292e-05
84.23,6.472920049599429e-05
84.235,0.00013645535737855097
84.24,0.00023358976553899957
84.245,0.0003566773501064713
84.25,0.0005063734586543411
84.255,0.0006834238598778519
84.26,0.0008886407741264257
84.265,0.0011228750386442776
84.27,0.0013869845657641378
84.275,0.0016817993128972475
84.28,0.0020080830658191218
84.285,0.002366492428975242
84.29,0.002757533520744815
84.295,0.0031815169954700906
84.3,0.0036385121367494833
84.305,0.004128300900193338
84.31,0.0046503329177358665
84.315,0.005203682600395609
84.32000000000001,0.005787009590797254
84.325,0.0063985239084711765
84.33,0.00703595719574146
84.33500000000001,0.007696541494027542
84.34,0.008376996963548322
84.345,0.009073529875934128
84.35000000000001,0.00978184208443622
84.355,0.01049715295989273
84.36,0.01121423453084347
84.365,0.011927460217993513
84.37,0.012630867176639526
84.375,0.013318231809680725
84.38,0.013983157547407643
84.385,0.014619173493681359
84.39,0.015219842046885645
84.395,0.01577887314650539
84.4,0.01629024238053489
84.405,0.016748309854698107
84.41,0.01714793649203017
84.415,0.017484594307141776
84.42,0.017754467226211545
84.425,0.017954539164485084
84.43,0.018082666393176794
84.435,0.018137631641124585
84.44,0.0181191779445129
84.44500000000001,0.018028020905433095
84.45,0.017865838736248918
84.455,0.017635240227093618
84.46000000000001,0.017339711528897794
84.465,0.016983543358868758
84.47,0.016571740891102138
84.47500000000001,0.016109919136120254
84.48,0.015604187045365592
84.485,0.015061023856432598
84.49,0.014487151330833115
84.495,0.013889405529241117
84.5,0.01327461160540011
84.505,0.012649464833064172
84.51,0.012020420686187805
84.515,0.011393596333824973
84.52,0.01077468539104487
84.525,0.010168887221343681
84.53,0.00958085154288213
84.535,0.009014638564647015
84.54,0.008473694402777454
84.545,0.00796084110243811
84.55,0.00747828023889241
84.555,0.007027608794006213
84.56,0.006609845804907977
84.565,0.006225468153377989
84.57000000000001,0.005874453812703351
84.575,0.005556330872369841
84.58,0.005270230722237201
84.58500000000001,0.005014943880601308
84.59,0.004788977082675672
84.595,0.004590610406215667
84.60000000000001,0.004417953376181671
84.605,0.004268999166860077
84.61,0.004141676186293353
84.615,0.004033896491175248
84.62,0.0039436006264570445
84.625,0.0038687986129506413
84.63,0.003807606919667972
84.635,0.0037582813466299214
84.64,0.003719245817953909
84.645,0.0036891171331856487
84.65,0.003666725763896206
84.655,0.003651132795095935
84.66,0.0036416431175348707
84.665,0.003637814967382562
84.67,0.003639465890409109
84.675,0.003646675183179904
84.68,0.003659782833698999
84.685,0.0036793849512166688
84.69,0.0037063256452128934
84.69500000000001,0.003741685284696983
84.7,0.0037867650478728976
84.705,0.003843067659253574
84.71000000000001,0.0039122742103545605
84.715,0.003996216969197164
84.72,0.0040968481149734615
84.72500000000001,0.004216204375148358
84.73,0.004356367608672862
84.735,0.004519421460252637
84.74,0.004707404316681263
84.745,0.00492225891585818
84.75,0.00516577910289584
84.755,0.00543955438088517
84.76,0.005744913072847524
84.765,0.006082865082317923
84.77,0.006454045412192855
84.775,0.006858659763356201
84.78,0.007296433681204917
84.785,0.007766566830103017
84.79,0.008267694059547637
84.795,0.008797854948166872
84.8,0.00935447348728502
84.805,0.009934349465815728
84.81,0.010533662948233768
84.815,0.011147992990583333
84.82000000000001,0.01177235141710753
84.825,0.012401232081934666
84.83,0.013028675585051275
84.83500000000001,0.013648348899543805
84.84,0.014253638834325955
84.845,0.01483775769981932
84.85000000000001,0.01539385902110979
84.855,0.01591516064638654
84.86,0.01639507218537517
84.865,0.016827323383253656
84.87,0.01720608983783478
84.875,0.017526112391060167
84.88,0.01778280660727205
84.885,0.017972358975654856
84.89,0.018091806844822145
84.895,0.01813909960147697
84.9,0.018113139215188312
84.905,0.018013798968240735
84.91,0.017841919936024908
84.915,0.017599285540043752
84.92,0.017288575235077985
84.925,0.01691329907725958
84.93,0.01647771551149191
84.935,0.015986735200044677
84.94,0.015445814073427044
84.94500000000001,0.014860838990443881
84.95,0.014238009472325786
84.955,0.013583718904513375
84.96000000000001,0.012904438412945751
84.965,0.012206606317331392
84.97,0.011496525689128845
84.97500000000001,0.010780272083845688
84.98,0.010063613049098308
84.985,0.009351940505531786
84.99,0.008650216617372308
84.995,0.007962933314338727
85.0,0.007294085214450519
85.005,0.006647155340141708
85.01,0.00602511273170947
85.015,0.005430420826876059
85.02,0.0048650553232558735
85.025,0.004330530133067612
85.03,0.003827930002769264
85.035,0.0033579483754788697
85.04,0.0029209291234124635
85.045,0.0025169108594473855
85.05,0.002145672644979335
85.055,0.001806780029689925
85.06,0.001499630494233628
85.065,0.0012234974964036027
85.07000000000001,0.0009775724532024022
85.075,0.0007610041130745593
85.08,0.0005729348838052761
85.08500000000001,0.00041253378135808205
85.09,0.00027902574912974654
85.095,0.00017171716721708918
85.10000000000001,9.001742879688468e-05
85.105,3.345650269356848e-05
85.11,1.6984331584896095e-06
85.115,-5.449250185989799e-06
85.12,1.196977297808488e-05
85.125,5.4061809437261354e-05
85.13,0.00012108023708212734
85.135,0.00021341848100164817
85.14,0.0003315988909977641
85.145,0.00047625753695812456
85.15,0.0006481249607848127
85.155,0.0008480029420585566
85.16,0.00107673737840841
85.165,0.0013351874219664772
85.17,0.0016241910829792872
85.175,0.0019445275832072895
85.18,0.002296876833652206
85.185,0.0026817765172291175
85.19,0.0030995773709072694
85.19500000000001,0.003550397389757265
85.2,0.004034075806782056
85.205,0.0045501278339621365
85.21000000000001,0.005097701279787259
85.215,0.005675536275298043
85.22,0.006281929434077682
85.22500000000001,0.0069147038478529765
85.23,0.0075711863430782955
85.235,0.008248193421550809
85.24,0.008942027233597827
85.245,0.00964848281460462
85.25,0.010362867623523897
85.255,0.011080034168415409
85.26,0.011794426182095918
85.265,0.012500138435374453
85.27,0.01319098983749356
85.275,0.013860609011334901
85.28,0.014502531032295707
85.285,0.015110303536079783
85.29,0.01567759992131812
85.295,0.016198336962624182
85.3,0.016666793783443268
85.305,0.017077728899177913
85.31,0.0174264918836613
85.315,0.01770912621400811
85.32000000000001,0.01792245997438613
85.325,0.018064181372281496
85.33,0.018132896430039125
85.33500000000001,0.018128166750848607
85.34,0.018050525890302538
85.345,0.017901473571825477
85.35000000000001,0.017683447745426406
85.355,0.017399775234842707
85.36,0.01705460245588597
85.365,0.016652808352063175
85.37,0.016199902254363963
85.375,0.01570190983902009
85.38,0.015165250647239503
85.385,0.014596610814407995
85.39,0.014002814659509255
85.395,0.013390698659879519
85.4,0.012766991082500567
85.405,0.012138200175701996
85.41,0.011510513368275355
85.415,0.01088970942472045
85.42,0.010281084947564523
85.425,0.009689396086216107
85.43,0.009118815769273425
85.435,0.008572906299722405
85.44,0.008054606709464451
85.44500000000001,0.0075662339094719755
85.45,0.007109496377180946
85.455,0.006685518908854604
85.46000000000001,0.006294876824670226
85.465,0.005937637947827312
85.47,0.005613410672678398
85.47500000000001,0.005321396489339492
85.48,0.0050604454256113485
85.485,0.004829112998107732
85.49,0.004625717416091746
85.495,0.004448395950282347
85.5,0.004295159549982053
85.505,0.004163944964762578
85.51,0.004052663788317368
85.515,0.003959247991609516
85.52,0.0038816916479760266
85.525,0.003818088665135777
85.53,0.003766666436209487
85.535,0.0037258153956041262
85.54,0.00369411452226287
85.545,0.003670352868977822
85.55,0.0036535472179134165
85.555,0.0036429559671191103
85.56,0.0036380893478425522
85.565,0.0036387160532636124
85.57000000000001,0.003644866336996122
85.575,0.003656831608861072
85.58,0.0036751605244806362
85.58500000000001,0.0037006515338113832
85.59,0.003734341824253251
85.595,0.0037774925728779607
85.60000000000001,0.0038315704056390842
85.605,0.003898224958746699
85.61,0.003979262445853671
85.615,0.004076615158965069
85.62,0.004192306871408924
85.625,0.004328414173901507
85.63,0.004487023850360927
85.635,0.004670186503833662
85.64,0.004879866759415208
85.645,0.0051178905099504846
85.65,0.005385889823212864
85.655,0.005685246293570145
85.66,0.006017033794901039
85.665,0.006381961761222854
85.67,0.006780320288815034
85.675,0.00721192850010155
85.68,0.0076760877341719436
85.685,0.008171541211464017
85.69,0.008696441863012438
85.69500000000001,0.009248329991795146
85.7,0.00982412235475394
85.705,0.010420114092248411
85.71000000000001,0.011031994705547277
85.715,0.011654878966748328
85.72,0.012283353269086916
85.72500000000001,0.01291153747360596
85.73,0.01353316181037556
85.735,0.014141657856463041
85.74,0.014730262066152022
85.745,0.015292129789518327
85.75,0.01582045721847436
85.755,0.016308608263194913
85.76,0.016750243021320443
85.765,0.017139444270604542
85.77,0.01747083832273688
85.775,0.017739706622577955
85.78,0.017942084678331582
85.785,0.018074845247618043
85.79,0.0181357631918857
85.795,0.018123559996809036
85.8,0.01803792664372139
85.805,0.017879524254702517
85.81,0.017649962692210863
85.815,0.017351758041918686
85.82000000000001,0.016988270598375266
85.825,0.01656362559375424
85.83,0.016082619407526977
85.83500000000001,0.015550614381471206
85.84,0.01497342560156767
85.845,0.014357203104186311
85.85000000000001,0.013708312927590782
85.855,0.013033220253856115
85.86,0.012338377616430307
85.865,0.011630120764476004
85.87,0.010914574357080653
85.875,0.01019756916522141
85.88,0.00948457198177266
85.885,0.008780628940115776
85.89,0.008090322486836499
85.895,0.007417741831567071
85.9,0.0067664663275568415
85.905,0.00613956093662793
85.91,0.005539582687143607
85.915,0.0049685968637565026
85.92,0.004428201554459221
85.925,0.003919559132258499
85.93,0.0034434332406281243
85.935,0.0030002299038898173
85.94,0.0025900414479753664
85.94500000000001,0.0022126920326606125
85.95,0.0018677837030809386
85.955,0.0015547420095742837
85.96000000000001,0.0012728603696303686
85.965,0.0010213424822445027
85.97,0.0007993422240994974
85.97500000000001,0.0006060005767696275
85.98,0.00044047922962109354
85.985,0.00030199059379676374
85.99,0.00018982403668033054
85.995,0.00010336820165418592
86.0,4.212932670485947e-05
86.005,5.745508205763639e-06
86.01,-6.003122591295913e-06
86.015,6.81167564770685e-06
86.02,4.426821989800267e-05
86.025,0.00010659275666707879
86.03,0.00019415320801008384
86.035,0.0003074488141454612
86.04,0.0004470956928805947
86.045,0.0006138083435232033
86.05,0.000808377154056128
86.055,0.0010316419988845027
86.06,0.0012844620631113912
86.065,0.0015676820885266451
86.07000000000001,0.00188209531002137
86.075,0.0022284034386901297
86.08,0.0026071741515387714
86.08500000000001,0.003018796659379319
86.09,0.003463436052381752
86.095,0.003940987250295791
86.10000000000001,0.004451029519993099
86.105,0.004992782651692451
86.11,0.005565066003320851
86.115,0.006166261726749056
86.12,0.006794283560925152
86.125,0.007446552620660185
86.13,0.0081199816047679
86.135,0.008810968792271723
86.14,0.00951540308451726
86.145,0.01022868117093978
86.15,0.010945737658378363
86.155,0.011661088690317456
86.16,0.012368889218908663
86.165,0.013063003665013895
86.17,0.013737089241029565
86.175,0.014384690722671678
86.18,0.014999344959552019
86.185,0.015574692943580715
86.19,0.01610459681710452
86.19500000000001,0.016583258836512016
86.2,0.017005339035744527
86.205,0.017366068163340742
86.21000000000001,0.017661352437585265
86.215,0.017887866767885896
86.22,0.018043133326315797
86.22500000000001,0.018125582758294456
86.23,0.01813459581079968
86.235,0.018070523788786375
86.24,0.017934686946318834
86.245,0.017729350657582188
86.25,0.01745767998330905
86.255,0.017123673977792464
86.26,0.016732081761659856
86.265,0.01628830297875794
86.27,0.015798275722914923
86.275,0.015268355366174546
86.28,0.01470518790409514
86.285,0.014115581485075523
86.29,0.013506379680489289
86.295,0.012884339822729629
86.3,0.012256019393188211
86.305,0.011627672996937122
86.31,0.011005161966565424
86.315,0.010393878099467457
86.32000000000001,0.009798682476159115
86.325,0.009223859786082755
86.33,0.008673088077873814
86.33500000000001,0.008149423414099743
86.34,0.007655298525797605
86.345,0.0071925342583636365
86.35000000000001,0.006762362371530273
86.355,0.006365458100836108
86.36,0.006001980809708485
86.365,0.005671621043878972
86.37,0.005373652341875257
86.375,0.0051069862417527645
86.38,0.004870229050784047
86.385,0.0046617390892231825
86.39,0.004479683290831815
86.395,0.0043220922095743575
86.4,0.004186912657885955
86.405,0.004072057363750936
86.41,0.00397545118824949
86.415,0.0038950735805611814
86.42,0.0038289970673885954
86.425,0.003775421671140089
86.43,0.00373270523097724
86.435,0.00369938965973049
86.44,0.0036742232103970096
86.44500000000001,0.0036561788489111735
86.45,0.003644468838759199
86.455,0.0036385556384741537
86.46000000000001,0.003638159197372051
86.465,0.0036432607117477533
86.47,0.0036541028763081573
86.47500000000001,0.0036711866319800723
86.48,0.0036952643814303077
86.485,0.003727329613707253
86.49,0.0037686028547341266
86.495,0.0038205138450975173
86.5,0.003884679839091909
86.505,0.003962879926457941
86.51,0.004057025298341621
86.515,0.004169125417837094
86.52,0.004301250112019872
86.525,0.004455487676526815
86.53,0.004633899183148493
86.535,0.004838469292023362
86.54,0.005071054009677667
86.545,0.005333325978792658
86.55,0.0056267180544100626
86.555,0.005952366087779382
86.56,0.0063110520149205485
86.565,0.006703148511615353
86.57000000000001,0.007128566631614319
86.575,0.007586707968574302
86.58,0.008076422981407205
86.58500000000001,0.008595977165402502
86.59,0.009143026748422045
86.595,0.00971460551917147
86.60000000000001,0.010307124252307176
86.605,0.01091638397618766
86.61,0.011537604036373494
86.615,0.012165465535616704
86.62,0.01279417029557095
86.625,0.013417514997996705
86.63,0.014028979625312132
86.635,0.014621828781049118
86.64,0.015189223925901274
86.645,0.015724344054078188
86.65,0.016220511892640843
86.655,0.01667132233779256
86.66,0.017070769595839863
86.665,0.017413369372128784
86.67,0.017694272470428984
86.675,0.017909366342259148
86.68,0.01805536143481845
86.685,0.01812985964969016
86.69,0.018131402792263884
86.69500000000001,0.01805949956550279
86.7,0.01791463038426855
86.705,0.017698230057675346
86.71000000000001,0.017412649119776802
86.715,0.01706109531689748
86.72,0.016647557370152555
86.72500000000001,0.01617671367759499
86.73,0.0156538290123045
86.735,0.015084642546518978
86.74,0.014475250651404536
86.745,0.01383198791051754
86.75,0.013161309635492557
86.755,0.012469678913856086
86.76,0.011763460861722308
86.765,0.011048826333656336
86.77,0.010331666864548339
86.775,0.009617522130714207
86.78,0.008911520726037736
86.785,0.008218334579662923
86.79,0.007542146911895031
86.795,0.006886633250893226
86.8,0.006254954710151139
86.805,0.005649762480437914
86.81,0.005073212297689977
86.815,0.004526987534653415
86.82000000000001,0.00401232949075947
86.825,0.0035300734563925573
86.83,0.0030806891505514855
86.83500000000001,0.00266432421300955
86.84,0.002280849518983885
86.845,0.0019299052115115956
86.85000000000001,0.001610946468228569
86.855,0.001323288155619995
86.86,0.0010661476545594795
86.865,0.0008386852664150624
86.87,0.0006400417257017565
86.875,0.0004693724479314376
86.88,0.0003258782328908749
86.885,0.00020883221788381423
86.89,0.0001176029391179445
86.895,5.167340424880318e-05
86.9,1.0656118235259637e-05
86.905,-5.695972447293269e-06
86.91,2.5173632213944253e-06
86.915,3.534637704528942e-05
86.92,9.298996493084521e-05
86.925,0.00017579018234914479
86.93,0.0002842226538096737
86.935,0.00041888289578850824
86.94,0.0005804685761980899
86.94500000000001,0.0007697577648784204
86.95,0.0009875832542700635
86.955,0.0012348030778905894
86.96000000000001,0.0015122674081675669
86.965,0.0018207820884326154
86.97,0.0021610691373883384
86.97500000000001,0.0025337246658514445
86.98,0.002939174754983398
86.985,0.003377629972399987
86.99,0.0038490393261110256
86.995,0.004353044597984024
87.0,0.004888936119160192
87.005,0.005455611181606201
87.01,0.006051536376380895
87.015,0.006674715236826501
87.02,0.007322662608146402
87.025,0.007992387171928073
87.03,0.008680383509975798
87.035,0.009382634988739369
87.04,0.010094628583519949
87.045,0.010811382529052338
87.05,0.011527487388736546
87.055,0.012237160776237488
87.06,0.01293431554928759
87.065,0.013612640838939427
87.07000000000001,0.0142656947918951
87.075,0.014887007410070652
87.08,0.015470191390367205
87.08500000000001,0.01600905842402156
87.09,0.016497738037095644
87.095,0.016930795751978422
87.10000000000001,0.017303347175541717
87.105,0.01761116454652978
87.11,0.017850772361128975
87.115,0.018019528910599547
87.12,0.018115690927302808
87.125,0.018138459021493247
87.13,0.018088002193060504
87.135,0.01796546038821134
87.14,0.01777292480847592
87.145,0.017513396442723206
87.15,0.017190724031976856
87.155,0.016809523375549418
87.16,0.016375080488721494
87.165,0.01589324162440775
87.17,0.015370293532651402
87.175,0.014812837554032399
87.18,0.014227661212359521
87.185,0.013621610897807557
87.19,0.013001469016749923
87.19500000000001,0.012373838665137527
87.2,0.01174503844877961
87.205,0.011121009592546471
87.21000000000001,0.010507236940728859
87.215,0.009908684904026188
87.22,0.009329748872747956
87.22500000000001,0.008774222106008978
87.23,0.008245277653244898
87.235,0.0077454644707266596
87.24,0.0072767165760829755
87.245,0.006840373839215985
87.25,0.006437212841230888
87.255,0.006067486140906908
87.26,0.005730968256354885
87.265,0.005427006707638071
87.27,0.005154576537991673
87.275,0.0049123368555186175
87.28,0.004698688079549207
87.285,0.004511828737824075
87.29,0.004349810836896673
87.295,0.004210592994597917
87.3,0.00409209069507277
87.305,0.003992223178903576
87.31,0.003908956621219595
87.315,0.0038403433748874782
87.32000000000001,0.003784557154773216
87.325,0.0037399241253373017
87.33,0.0037049499139464315
87.33500000000001,0.003678342617819741
87.34,0.0036590318978754754
87.345,0.003646184264972041
87.35000000000001,0.0036392146605888076
87.355,0.0036377944216875206
87.36,0.003641855696178392
87.365,0.003651592349631916
87.37,0.0036674573703922575
87.375,0.0036901567503119237
87.38,0.00372063978757331
87.385,0.003760085732237073
87.39,0.0038098866787177332
87.395,0.003871626599112332
87.4,0.003947056416426342
87.405,0.0040380650345199776
87.41,0.004146646276706356
87.415,0.004274861736303315
87.42,0.004424799617639863
87.425,0.0045985297345660925
87.43,0.004798054948835784
87.435,0.005025259459385367
87.44,0.005281854502833028
87.44500000000001,0.0055693221847210594
87.45,0.005888858334428093
87.455,0.0062413154447540364
87.46000000000001,0.006627146930522798
87.465,0.007046354093922957
87.47,0.007498437317558171
87.47500000000001,0.007982353106985585
87.48,0.008496478665186658
87.485,0.009038585678457167
87.49,0.009605824943797359
87.495,0.010194723332315192
87.5,0.01080119438238114
87.505,0.011420563536027828
87.51,0.012047608673938726
87.515,0.012676616181245492
87.52,0.013301452297135086
87.525,0.013915648967653738
87.53,0.014512502889715506
87.535,0.015085185874422535
87.54,0.015626864154008047
87.545,0.01613082378603181
87.55,0.016590598934989487
87.555,0.017000099531657042
87.56,0.017353734668169807
87.565,0.0176465280785294
87.57000000000001,0.017874222192808986
87.575,0.018033367555268853
87.58,0.018121394810400204
87.58500000000001,0.018136667032926823
87.59,0.01807851081520795
87.595,0.01794722525686865
87.60000000000001,0.017744068751760267
87.605,0.0174712242262558
87.61,0.017131744195495457
87.615,0.016729477660142322
87.62,0.016268981404067517
87.625,0.015755418695626133
87.63,0.015194448672851024
87.635,0.01459210985954229
87.64,0.013954701256192692
87.645,0.013288664334602629
87.65,0.01260046902213574
87.655,0.011896506419148523
87.66,0.01118299059000094
87.665,0.01046587128626797
87.67,0.009750758990382025
87.675,0.009042863158462922
87.68,0.00834694407916814
87.685,0.007667278320866444
87.69,0.007007637352959506
87.69500000000001,0.006371278602289365
87.7,0.0057609479324085555
87.705,0.005178892345337971
87.71000000000001,0.004626881563867258
87.715,0.004106237083512099
87.72,0.0036178672622355634
87.72500000000001,0.0031623070437429845
87.73,0.0027397609729025163
87.735,0.0023501482580705613
87.74,0.001993148747178708
87.745,0.0016682488135559836
87.75,0.001374786275826434
87.755,0.0011119936153356491
87.76,0.0008790388747019762
87.765,0.0006750637431571782
87.77,0.000499218439754312
87.775,0.0003506930984213952
87.78,0.00022874543556161697
87.785,0.0001327245490850837
87.79,6.209074338797693e-05
87.795,1.643131608526638e-05
87.8,-4.527731604258775e-06
87.805,-9.140825852575057e-07
87.81,2.7294401228450393e-05
87.815,8.026907301872388e-05
87.82000000000001,0.00015832578473068404
87.825,0.00026191606613101825
87.83,0.00039161420942601666
87.83500000000001,0.0005481002885463493
87.84,0.0007321391539258926
87.845,0.0009445554817837376
87.85000000000001,0.0011862049923014872
87.855,0.0014579420086242578
87.86,0.0017605835961536087
87.865,0.0020948706038828036
87.87,0.00246142602681676
87.875,0.002860711219351053
87.88,0.0032929806087160785
87.885,0.0037582356870000666
87.89,0.004256179196111987
87.895,0.004786170546639212
87.9,0.005347183639059949
87.905,0.005937768365198437
87.91,0.006556017149828008
87.915,0.007199537951546375
87.92,0.00786543515282645
87.925,0.00855029973601873
87.93,0.009250210050204544
87.935,0.009960744324548187
87.94,0.010677005861037259
87.94500000000001,0.011393661562770774
87.95,0.012104994098208977
87.955,0.012804967606960815
87.96000000000001,0.013487306395688847
87.965,0.014145585594278032
87.97,0.014773332251973414
87.97500000000001,0.01536413485681365
87.98,0.015911758827069633
87.985,0.016410265110870625
87.99,0.016854128731033313
87.995,0.017238353898683556
88.0,0.017558582235189135
88.005,0.017811190691894296
88.01,0.017993375952691792
88.015,0.018103222435541966
88.02,0.018139751476752508
88.025,0.01810294986124461
88.03,0.01799377653600942
88.035,0.017814147072506614
88.04,0.017566896206275828
88.045,0.017255719528442626
88.05,0.01688509611221889
88.055,0.01646019447793634
88.06,0.015986764828234357
88.065,0.015471020865039264
88.07000000000001,0.014919514760386221
88.075,0.014339008939561637
88.08,0.013736348293981848
88.08500000000001,0.013118336252368579
88.09,0.012491617830328039
88.095,0.011862572372372426
88.10000000000001,0.01123721822201773
88.105,0.010621131022443109
88.11,0.010019376810934233
88.115,0.009436460518625012
88.12,0.008876289983312802
88.125,0.008342155108227445
88.13,0.00783672140021352
88.135,0.00736203678251357
88.14,0.006919550321832446
88.145,0.006510141327261465
88.15,0.006134157169409349
88.155,0.005791458133977301
88.16,0.0054814676384289385
88.165,0.005203226217624035
88.17,0.004955447791775924
88.175,0.0047365768732117175
88.18,0.004544845528442032
88.185,0.004378329081277776
88.19,0.004234999718979893
88.19500000000001,0.0041127773272240375
88.2,0.004009577040801293
88.205,0.003923353137593288
88.21000000000001,0.003852139030439794
88.215,0.003794083216896782
88.22,0.0037474811338773506
88.22500000000001,0.0037108029298654754
88.23,0.0036827172155307064
88.235,0.0036621108826242477
88.24,0.0036481050952280325
88.245,0.003640067556888317
88.25,0.0036376211469020567
88.255,0.003640648996654769
88.26,0.003649296051551343
88.265,0.00366396713289896
88.27,0.0036853214819358993
88.275,0.0037142637377006738
88.28,0.0037519312749416667
88.285,0.0037996778067579395
88.29,0.003859053149010805
88.295,0.0039317790421682375
88.3,0.004019720943464922
88.305,0.004124855732994703
88.31,0.004249235326673428
88.315,0.0043949462582393295
88.32000000000001,0.004564065379701887
88.325,0.004758611938851409
88.33,0.004980496421099545
88.33500000000001,0.005231466684209707
88.34,0.0055130520774469005
88.345,0.005826506403455056
88.35000000000001,0.006172750752840628
88.355,0.006552317415478015
88.36,0.006965296225660111
88.365,0.007411284843133359
88.37,0.007889344573651869
88.375,0.008397963403162123
88.38,0.008935027933294037
88.385,0.009497805859318476
88.39,0.010082940517079919
88.395,0.010686458838424784
88.4,0.011303793782492022
88.405,0.011929821974490551
88.41,0.012558916868236736
88.415,0.013185017274139454
88.42,0.013801710581546445
88.425,0.014402329457197993
88.43,0.014980060254998762
88.435,0.015528060852446401
88.44,0.016039585146717883
88.44500000000001,0.016508111057717656
88.45,0.016927468578494143
88.455,0.01729196424857804
88.46000000000001,0.01759649838945876
88.465,0.017836671555151895
88.47,0.018008876916866257
88.47500000000001,0.018110375702534043
88.48,0.01813935334848793
88.485,0.01809495465266764
88.49,0.017977296933651132
88.495,0.017787460948234468
88.5,0.01752746008116901
88.505,0.017200189046846504
88.51,0.016809354005051347
88.515,0.016359386565071077
88.52,0.01585534460009086
88.525,0.015302803119990216
88.53,0.014707738621407174
88.535,0.014076410374688209
88.54,0.013415242005624606
88.545,0.012730706511728584
88.55,0.012029217529097025
88.555,0.011317029266248113
88.56,0.010600147060841891
88.565,0.009884250034083664
88.57000000000001,0.009174626816225384
88.575,0.008476124844836619
88.58,0.007793113288332876
88.58500000000001,0.0071294592470660945
88.59,0.006488516551041101
88.595,0.005873126186150657
88.60000000000001,0.005285627181235597
88.605,0.004727876631980266
88.61,0.004201277464407127
88.615,0.003706812501349077
88.62,0.0032450834226089853
88.625,0.0028163532620437692
88.63,0.0024205911762162913
88.635,0.0020575183298197075
88.64,0.001726653868830752
88.645,0.001427360081656559
88.65,0.0011588859859794631
88.655,0.0009204087019352158
88.66,0.0007110720978946716
88.665,0.0005300222978394942
88.67,0.00037643974023282567
88.675,0.00024956755569327527
88.68,0.0001487360993367437
88.685,7.338352566779727e-05
88.69,2.3072336017518347e-05
88.69500000000001,-2.4981467489394726e-06
88.7,-3.483396658664553e-06
88.705,2.011058951971456e-05
88.71000000000001,6.842745653179438e-05
88.715,0.00014175654412557082
88.72,0.00024052483317227313
88.72500000000001,0.0003652847969641826
88.73,0.0005166981779551882
88.735,0.0006955157320567285
88.74,0.0009025530092579004
88.745,0.0011386622780134026
88.75,0.0014047007538247058
88.755,0.0017014953562766166
88.76,0.0020298043030564372
88.765,0.002390275935947095
88.77,0.002783405292213992
88.775,0.0032094890422431632
88.78,0.0036685795526505416
88.785,0.004160438958825452
88.79,0.004684494267284123
88.795,0.005239794633755679
88.8,0.005824972072803192
88.805,0.00643820694970465
88.81,0.007077199662383293
88.815,0.0077391499461256785
88.82000000000001,0.008420745206880298
88.825,0.009118159213056032
88.83,0.00982706232863606
88.83500000000001,0.010542644274018187
88.84,0.011259650120830855
88.845,0.011972429898577275
88.85000000000001,0.012675001791556895
88.855,0.013361128465138705
88.86,0.01402440558473117
88.865,0.014658361093392358
88.87,0.015256563329867134
88.875,0.015812735606985484
88.88,0.016320874462273594
88.885,0.016775368465875573
88.89,0.017171114238429652
88.895,0.017503626227039604
88.9,0.017769136806663255
88.905,0.01796468344551272
88.91,0.018088179977574725
88.915,0.01813846946883757
88.92,0.018115356726262632
88.925,0.018019619151928623
88.93,0.017852995370425617
88.935,0.01761815181430393
88.94,0.01731862820463448
88.94500000000001,0.016958763581961023
88.95,0.01654360518381992
88.955,0.01607880300691633
88.96000000000001,0.015570493310804068
88.965,0.01502517459178776
88.97,0.014449579685209102
88.97500000000001,0.013850547629367327
88.98,0.01323489876562789
88.985,0.012609316261588788
88.99,0.011980236852490833
88.995,0.01135375313170428
89.0,0.01073552919374876
89.005,0.01013073089548655
89.01,0.009543971448053412
89.015,0.008979272539168193
89.02,0.008440040702485163
89.025,0.007929058237969855
89.03,0.007448487635542733
89.035,0.006999888184282099
89.04,0.006584243251577249
89.045,0.006201996598329984
89.05,0.00585309604292128
89.055,0.005537042797870484
89.06,0.005252944866633413
89.065,0.004999572990994849
89.07000000000001,0.00477541777725321
89.075,0.004578746785870891
89.08,0.004407660540197256
89.08500000000001,0.004260146581009039
89.09,0.004134130864086316
89.095,0.004027525958574696
89.10000000000001,0.003938275647809686
89.105,0.0038643956656434497
89.11,0.0038040104093313154
89.115,0.003755385562061564
89.12,0.003716956626054646
89.125,0.0036873534202374048
89.13,0.0036654206276879875
89.135,0.003650234495467697
89.14,0.003641115791989176
89.145,0.003637639116937143
89.15,0.0036396386395694987
89.155,0.003647210317335975
89.16,0.003660710613325735
89.165,0.0036807517018833114
89.17,0.0037081931192262108
89.175,0.0037441297898221926
89.18,0.003789876336114384
89.185,0.003846947570122161
89.19,0.003917035060625462
89.19500000000001,0.0040019796856372025
89.2,0.004103740105755982
89.205,0.004224357141568547
89.21000000000001,0.004365914101966517
89.215,0.0045304931951122285
89.22,0.004720128259558365
89.22500000000001,0.004936754175695057
89.23,0.005182153460518535
89.235,0.005457900703570218
89.24,0.005765305672452925
89.245,0.006105356085170044
89.25,0.006478661219817994
89.255,0.006885397695119977
89.26,0.007325258893732922
89.265,0.00779740962008546
89.27,0.008300447654590926
89.275,0.008832373895060641
89.28,0.009390572739746972
89.285,0.00997180426580968
89.29,0.010572209582420555
89.295,0.011187330485011415
89.3,0.01181214420886434
89.305,0.012441113680701221
89.31,0.013068253204810532
89.315,0.013687209009709989
89.32000000000001,0.014291353540546226
89.325,0.014873891834898956
89.33,0.015427977789865821
89.33500000000001,0.01594683764165694
89.34,0.016423897566710366
89.345,0.016852911995790976
89.35000000000001,0.017228089037786276
89.355,0.017544209344194428
89.36,0.017796734841205364
89.365,0.017981903979304548
89.37,0.01809681054434975
89.375,0.0181394635698382
89.38,0.018108826521853416
89.385,0.018004834617869392
89.39,0.01782838989350921
89.395,0.017581334388019343
89.4,0.017266402556799676
89.405,0.016887154695364615
89.41,0.016447893749820253
89.415,0.015953568362068182
89.42,0.015409665348311563
89.425,0.014822095005076363
89.43,0.014197072710512515
89.435,0.013541000204373432
89.44,0.012860349734019394
89.44500000000001,0.012161553956477889
89.45,0.011450904083218916
89.455,0.010734458323174323
89.46000000000001,0.010017962180448592
89.465,0.009306781680955112
89.47,0.008605850112516578
89.47500000000001,0.007919628410185453
89.48,0.007252078915570337
89.485,0.006606651879586423
89.49,0.005986283796795888
89.495,0.005393406428016334
89.5,0.004829965220285004
89.505,0.004297445728289162
89.51,0.003796906610030959
89.515,0.0033290177756057915
89.52,0.002894102320698977
89.525,0.0024921809623839053
89.53,0.0021230177968281083
89.535,0.0017861663286637963
89.54,0.0014810148464547979
89.545,0.0012068303563257388
89.55,0.0009628004127879564
89.555,0.0007480723089887675
89.56,0.0005617891990650214
89.565,0.00040312282168719626
89.57000000000001,0.0002713025822337345
89.575,0.00016564081461717395
89.58,8.55541043375263e-05
89.58500000000001,3.058059338303942e-05
89.59,3.9322068153338496e-07
89.595,-5.191129319901885e-06
89.60000000000001,1.3793417665081131e-05
89.605,5.746265952491503e-05
89.61,0.00012607914094997508
89.615,0.00022004486857252203
89.62,0.000339889926821102
89.625,0.00048625701651316966
89.63,0.0006598819492482644
89.635,0.0008615701637966211
89.64,0.001092169361907036
89.645,0.001352538414404414
89.65,0.001643512747443232
89.655,0.0019658665014716803
89.66,0.002320271840625665
89.665,0.002707255902040906
89.67,0.003127155986181407
89.675,0.003580073720298671
89.68,0.004065829055310388
89.685,0.0045839150922457605
89.69,0.005133454859567621
89.69500000000001,0.005713161281127199
89.7,0.0063213016649434906
89.705,0.006955668118848735
89.71000000000001,0.00761355531728114
89.715,0.008291747041333508
89.72,0.008986512834194826
89.72500000000001,0.009693615991217541
89.73,0.01040833391189011
89.735,0.011125491576752466
89.74,0.011839508593698866
89.745,0.01254445987064301
89.75,0.013234149541020201
89.755,0.01390219729210429
89.76,0.014542135759668895
89.765,0.015147517159213919
89.77,0.01571202685390105
89.775,0.016229601147482953
89.78,0.016694546235221708
89.785,0.01710165500742633
89.79,0.01744631825700793
89.795,0.017724626847446245
89.8,0.017933461538575557
89.805,0.0180705674392172
89.81,0.018134610489752845
89.815,0.01812521390181132
89.82000000000001,0.0180429731324665
89.825,0.017889448685700415
89.83,0.017667136773830805
89.83500000000001,0.017379418647912814
89.84,0.017030490112446728
89.845,0.0166252734143697
89.85000000000001,0.01616931424989332
89.855,0.015668667075512843
89.86,0.015129772216877058
89.865,0.0145593284154657
89.87,0.013964164467022755
89.875,0.013351113463006214
89.88,0.01272689288455453
89.885,0.0120979934260248
89.89,0.011470578968449274
89.895,0.01085039961003531
89.9,0.01024271911829544
89.905,0.009652257622221327
89.91,0.009083149832267878
89.915,0.008538918597174927
89.92,0.008022463168813943
89.925,0.00753606119074135
89.93,0.007081383135197683
89.935,0.006659517706806284
89.94,0.006271006592374562
89.94500000000001,0.00591588687772493
89.95,0.0055937394473382085
89.955,0.005303741739350443
89.96000000000001,0.0050447233237900235
89.965,0.004815222905842909
89.97,0.004613545506948036
89.97500000000001,0.004437818747343059
89.98,0.004286047325340547
89.985,0.00415616495836435
89.99,0.00404608321471045
89.995,0.003953736812264186
90.0,0.0038771250934570567
90.005,0.0038143494994786753
90.01,0.003763646960084799
90.015,0.003723419190279964
90.02,0.0036922579373661613
90.025,0.003668966261126727
90.03,0.0036525759459601903
90.035,0.003642361151258461
90.04,0.003637848397948856
90.045,0.0036388229712580773
90.05,0.003645331795589013
90.055,0.003657682807731988
90.06,0.003676440822479976
90.065,0.0037024198536876884
90.07000000000001,0.0037366718254241427
90.075,0.003780471585758338
90.08,0.0038352981211358106
90.08500000000001,0.0039028118663391176
90.09,0.003984828014373498
90.095,0.004083285757125132
90.10000000000001,0.004200213428136479
90.105,0.0043376895818596495
90.11,0.004497800124058315
90.115,0.004682591708172978
90.12,0.0048940217352466675
90.125,0.005133905429961061
90.13,0.005403860624330292
90.135,0.005705251040401649
90.14,0.006039129041898406
90.145,0.006406178990022937
90.15,0.006806662509273309
90.155,0.007240367110298962
90.16,0.007706559743088093
90.165,0.008203946930642303
90.17,0.008730643174658326
90.175,0.009284149298025568
90.18,0.00986134230340241
90.185,0.010458478164537155
90.19,0.011071208731216586
90.19500000000001,0.011694613610366389
90.2,0.012323247507474377
90.205,0.012951203048523041
90.21000000000001,0.013572188612613445
90.215,0.01417962016057217
90.22,0.014766725498034816
90.22500000000001,0.015326658881761546
90.23,0.015852623371152674
90.235,0.016337997909580793
90.24,0.01677646577528691
90.245,0.01716214082400569
90.25,0.01748968786143479
90.255,0.017754433534058478
90.26,0.017952464343196084
90.265,0.018080708738501983
90.27,0.01813700072870006
90.275,0.018120123056093007
90.28,0.018029828663742364
90.285,0.017866839922199063
90.29,0.01763282585141468
90.295,0.017330358306423932
90.3,0.016962848792992702
90.305,0.01653446818481541
90.31,0.016050052112522195
90.315,0.015514995165833767
90.32000000000001,0.014935137279568522
90.325,0.014316645767802783
90.33,0.01366589641201088
90.33500000000001,0.01298935684224034
90.34,0.012293475157719058
90.345,0.011584576358352194
90.35000000000001,0.01086876872525977
90.355,0.010151861802651041
90.36,0.009439297143973846
90.365,0.008736092498025982
90.37,0.008046799648898428
90.375,0.0073754757078923205
90.38,0.0067256672924926875
90.385,0.006100406724833363
90.39,0.005502219148349141
90.395,0.004933139292008448
90.4,0.004394736500268337
90.405,0.003888146607961218
90.41,0.0034141092293058506
90.415,0.002973009084194622
90.42,0.002564920057219311
90.425,0.0021896507932428477
90.43,0.0018467907488517454
90.435,0.001535755755378787
90.44,0.0012558322759872453
90.44500000000001,0.001006219674946962
90.45,0.0007860699383974712
90.455,0.000594524398169316
90.46000000000001,0.0004307471141951069
90.465,0.00029395465231385476
90.47,0.00018344207366960408
90.47500000000001,9.860500144925899e-05
90.48,3.8957682857276854e-05
90.485,4.146993729629844e-06
90.49,-6.037646182037481e-06
90.495,8.341541297793298e-06
90.5,4.7372395711703374e-05
90.505,0.00011129041124613437
90.51,0.00020047222052643754
90.515,0.0003154249774584006
90.52,0.0004567716565853086
90.525,0.0006252323013624661
90.53,0.0008216012791155691
90.535,0.00104672063406408
90.54,0.0013014496773564588
90.545,0.0015866310135512762
90.55,0.001903053277652944
90.555,0.002251410944239751
90.56,0.002632261677044667
90.565,0.0030459817965198255
90.57000000000001,0.0034927205743429113
90.575,0.003972354189658134
90.58,0.00448444031825268
90.58500000000001,0.005028174454205114
90.59,0.005602349180369615
90.595,0.006205317706760027
90.60000000000001,0.006834963066468802
90.605,0.007488674398096862
90.61,0.008163331736440682
90.615,0.008855300676881228
90.62,0.009560438157585338
90.625,0.010274110430202654
90.63,0.010991224033389813
90.635,0.011706270282637377
90.64,0.012413383404595635
90.645,0.013106412031529402
90.65,0.013779003293695524
90.655,0.014424698265916192
90.66,0.015037037030491973
90.665,0.015609671141405101
90.67,0.016136480848675916
90.675,0.01661169407984886
90.68,0.017030003904412894
90.685,0.017386681053075392
90.69,0.0176776780378205
90.69500000000001,0.017899721527534496
90.7,0.01805038989378005
90.705,0.01812817323310867
90.71000000000001,0.01813251368798774
90.715,0.01806382451979971
90.72,0.01792348707937208
90.72500000000001,0.01771382557895862
90.73,0.01743806032045825
90.735,0.017100240774702513
90.74,0.016705160577920708
90.745,0.01625825709286488
90.75,0.01576549865373522
90.755,0.015233262934700065
90.76,0.01466821007213781
90.765,0.014077154200013098
90.77,0.013466936945942365
90.775,0.01284430619951138
90.78,0.012215803100254163
90.785,0.011587659763414138
90.79,0.0109657097440099
90.795,0.010355312710050413
90.8,0.009761294242998986
90.805,0.009187901151058497
90.81,0.0086387721888741
90.815,0.008116923633821216
90.82000000000001,0.007624748793240599
90.825,0.007164030218541839
90.83,0.006735963174401505
90.83500000000001,0.006341188765972561
90.84,0.005979835048675497
90.845,0.005651564433366119
90.85000000000001,0.005355625745540493
90.855,0.0050909093864728305
90.86,0.004856004168374284
90.865,0.00464925454988574
90.87,0.004468817161043859
90.875,0.004312715680746315
90.88,0.00417889330168375
90.885,0.004065262180854123
90.89,0.003969749425531965
90.895,0.003890339301318768
90.9,0.0038251114641294492
90.905,0.0037722751178497216
90.91,0.0037301990750346903
90.915,0.0036974377577640993
90.92,0.0036727532126716866
90.925,0.003655133239842401
90.93,0.0036438057396726425
90.935,0.0036382493788368504
90.94,0.003638200659171604
90.94500000000001,0.0036436574499878055
90.95,0.003654879016946555
90.955,0.0036723825462681714
90.96000000000001,0.0036969361335237316
90.965,0.0037295481772940953
90.97,0.0037714530926209466
90.97500000000001,0.0038240932450073206
90.98,0.0038890969992388946
90.985,0.003968252784830817
90.99,0.004063479102210721
90.995,0.004176790432567579
91.0,0.004310259072024536
91.005,0.0044659729883615995
91.01,0.004645989895258218
91.015,0.004852287856190074
91.02,0.005086712865224996
91.025,0.005350924004476454
91.03,0.005646336939987506
91.035,0.0059740666907757145
91.04,0.006334870777351398
91.045,0.006729094023496529
91.05,0.007156616434709662
91.055,0.007616805703285934
91.06,0.008108475982002261
91.065,0.008629854612404841
91.07000000000001,0.00917855848238247
91.075,0.009751581614651172
91.08,0.010345295437925728
91.08500000000001,0.010955462972340513
91.09,0.011577267857624918
91.095,0.012205358781859132
91.10000000000001,0.012833909425456369
91.105,0.01345669354311596
91.11,0.014067174273161953
91.115,0.014658606216901404
91.12,0.015224148289142647
91.125,0.015756984839764954
91.13,0.016250452093714784
91.135,0.01669816661389234
91.14,0.017094152236232674
91.145,0.017432961818101944
91.15,0.017709790172489193
91.155,0.01792057473837616
91.16,0.018062080865625774
91.165,0.01813196905565917
91.17,0.01812884208219856
91.175,0.018052270585293684
91.18,0.017902796469705606
91.185,0.017681914194731974
91.19,0.017392030792883872
91.19500000000001,0.01703640615636104
91.2,0.016619075760289093
91.205,0.016144758503592982
91.21000000000001,0.015618752755585774
91.215,0.01504682394309853
91.22,0.014435087135719726
91.22500000000001,0.013789888059402955
91.23,0.013117685813323732
91.235,0.012424940300373777
91.24,0.011718007021265464
91.245,0.011003041449658468
91.25,0.01028591473903262
91.255,0.00957214201239509
91.26,0.00886682400172134
91.265,0.00817460233452394
91.27,0.007499628339679987
91.275,0.006845544870822451
91.28,0.006215480330888923
91.285,0.005612053838307318
91.29,0.005037390284490684
91.295,0.004493143926476151
91.3,0.003980529087298734
91.305,0.0035003565383213697
91.31,0.0030530741717900156
91.315,0.0026388106423365087
91.32000000000001,0.0022574207606638197
91.325,0.0019085315361095923
91.33,0.001591587896220048
91.33500000000001,0.001305897245407639
91.34,0.0010506721519645268
91.345,0.0008250705835202155
91.35000000000001,0.0006282332215501452
91.355,0.0004593174915308307
91.36,0.00031752803198625834
91.365,0.0002021434052236204
91.37,0.00011253890554252521
91.375,4.8205376982995984e-05
91.38,8.76397942327356e-06
91.385,-6.023127525705565e-06
91.39,3.7537974067088087e-06
91.395,3.815455112712862e-05
91.4,9.73873489273358e-05
91.405,0.00018180307696469278
91.41,0.00029188544279123985
91.415,0.00042823703692129733
91.42,0.0005915613368787653
91.425,0.0007826407034361438
91.43,0.001002310456152511
91.435,0.001251429154504713
91.44,0.0015308452734643652
91.44500000000001,0.0018413605316238701
91.45,0.0021836902167544636
91.455,0.00255842095537151
91.46000000000001,0.0029659664824244203
91.465,0.0034065220966752463
91.47,0.0038800186096530354
91.47500000000001,0.004386076736842881
91.48,0.004923963005184717
91.485,0.005492548374546047
91.49,0.006090270872098458
91.495,0.006715103620544838
91.5,0.0073645296851481135
91.505,0.0080355251638764
91.51,0.008724551903704025
91.515,0.009427561114112137
91.52,0.010140008982624238
91.525,0.010856885167108032
91.53,0.011572754729151313
91.535,0.01228181372412962
91.54,0.012977958235858011
91.545,0.013654866189419579
91.55,0.01430609078965972
91.555,0.01492516393777521
91.56,0.01550570749738256
91.565,0.01604154984782724
91.57000000000001,0.016526844777260408
91.575,0.016956189490702656
91.58,0.017324738318087896
91.58500000000001,0.01762830866764631
91.59,0.017863475845189214
91.595,0.018027653596099924
91.60000000000001,0.018119157591435453
91.605,0.018137249576554382
91.61,0.018082160510751066
91.615,0.01795509170559484
91.62,0.017758193728631966
91.625,0.017494523580211307
91.63,0.01716798140952136
91.635,0.016783228709712716
91.64,0.01634559054736684
91.645,0.015860944857571724
91.65,0.015335602203712995
91.655,0.014776179601525996
91.66,0.0141894720770388
91.665,0.01358232553496208
91.67,0.012961514301846222
91.675,0.012333626370779172
91.68,0.011704958946666011
91.685,0.01108142639688836
91.69,0.010468482178108474
91.69500000000001,0.009871055756971003
91.7,0.009293505014223769
91.705,0.008739584107278375
91.71000000000001,0.008212426325080457
91.715,0.007714541071294434
91.72,0.007247823803762543
91.72500000000001,0.0068135775139808175
91.73,0.0064125441720079834
91.735,0.006044944469683955
91.74,0.005710524174192599
91.745,0.00540860543744337
91.75,0.005138141488181702
91.755,0.004897773256256954
91.76,0.004685886622528557
91.765,0.004500669153253867
91.77,0.004340165349692171
91.775,0.004202329615229594
91.78,0.004085076309061186
91.785,0.003986326408839336
91.79,0.0039040504442269253
91.795,0.0038363074838638767
91.8,0.0037812800596730423
91.805,0.003737304993830959
91.81,0.0037029001544776063
91.815,0.0036767872108212085
91.82000000000001,0.003657910481398574
91.825,0.0036454519814647784
91.83,0.003638842771150265
91.83500000000001,0.003637770692531631
91.84,0.003642184561076116
91.845,0.003652294849377291
91.85000000000001,0.0036685708692295593
91.855,0.003691734426358506
91.86,0.0037227498929910396
91.865,0.0037628106179690146
91.87,0.003813321576073836
91.875,0.003875878152924006
91.88,0.003952240962762588
91.885,0.004044306618880444
91.89,0.004154074411266251
91.895,0.0042836088991746735
91.9,0.004434998501037235
91.905,0.00461031025694858
91.91,0.004811541052795576
91.915,0.005040565726512014
91.92,0.005299082626175178
91.925,0.005588557351343226
91.93,0.0059101655788662555
91.935,0.006264736048660069
91.94,0.006652694951968741
91.94500000000001,0.007074013117996714
91.95,0.007528157531048407
91.955,0.008014048802312601
91.96000000000001,0.008530026279089498
91.965,0.00907382247491384
91.97,0.009642548438463905
91.97500000000001,0.010232691548178963
91.98,0.01084012701148751
91.985,0.011460144057878097
91.99,0.012087487461993618
91.995,0.012716414593899827
92.0,0.013340767720208646
92.005,0.013954060742658925
92.01,0.014549579022361314
92.015,0.01512049038953478
92.02,0.01565996492685784
92.025,0.016161300656754918
92.03,0.01661805188937393
92.035,0.0170241567201046
92.04,0.017374060028821248
92.045,0.01766282833479238
92.05,0.01788625301301039
92.055,0.018040938677501117
92.06,0.01812437397966704
92.065,0.018134982623386975
92.07000000000001,0.018072153065617158
92.075,0.01793624608640698
92.08,0.017728580178143716
92.08500000000001,0.017451395449946006
92.09,0.017107797464245067
92.095,0.016701683055377003
92.10000000000001,0.016237650736478315
92.105,0.015720898704092434
92.11,0.015157113749612705
92.115,0.014552354516112587
92.12,0.01391293255243653
92.125,0.013245294471122548
92.13,0.012555908283591322
92.135,0.011851156632207704
92.14,0.011137239224037643
92.145,0.01042008630419744
92.15,0.009705284518084056
92.155,0.008998016012888854
92.16,0.008303011167082985
92.165,0.007624514892079048
92.17,0.0069662660704779
92.175,0.006331489371696364
92.18,0.005722898419717737
92.185,0.005142709101226828
92.19,0.004592661665403952
92.19500000000001,0.004074050203627166
92.2,0.0035877580747349924
92.205,0.0031342978768957863
92.21000000000001,0.0027138546300289335
92.215,0.002326330928182685
92.22,0.0019713929387448204
92.22500000000001,0.0016485162506292284
92.23,0.001357030707699991
92.235,0.0010961634949744337
92.24,0.0008650798708855767
92.245,0.0006629210610340497
92.25,0.0004888389251813674
92.255,0.000342027112169907
92.26,0.00022174848498313082
92.265,0.00012735866956947728
92.27,5.832562434043842e-05
92.275,1.4245168405986608e-05
92.28,-5.147568444564474e-06
92.285,2.9205342217536456e-08
92.29,2.9807186502972538e-05
92.295,8.436710951642556e-05
92.3,0.00016403376892204502
92.305,0.000269266936789081
92.31,0.0004006481885721058
92.315,0.0005588636635132094
92.32000000000001,0.0007446828067942945
92.325,0.0009589331702546389
92.33,0.0012024713921485741
92.33500000000001,0.0014761505308218403
92.34,0.0017807839958479121
92.345,0.0021171064056657585
92.35000000000001,0.0024857317960069736
92.355,0.0028871097173128746
92.36,0.003321479877396172
92.365,0.0037888261173772975
92.37,0.004288830642911634
92.375,0.004820829559262663
92.38,0.0053837708882973345
92.385,0.005976176349214768
92.39,0.006596108268386303
92.395,0.007241143040292997
92.4,0.007908352567167043
92.405,0.008594295071610247
92.41,0.009295016578459325
92.415,0.010006064210170251
92.42,0.010722512212065993
92.425,0.011439001343308774
92.43,0.012149791910228913
92.435,0.012848830320692173
92.44,0.013529828576430702
92.44500000000001,0.014186355645190218
92.45,0.014811939155762843
92.455,0.015400175378541547
92.46000000000001,0.015944844999637553
92.465,0.016440031817481326
92.47,0.016880241169097587
92.47500000000001,0.017260514709725783
92.48,0.017576538077967996
92.485,0.017824738049526445
92.49,0.0180023659761801
92.495,0.018107564656723696
92.5,0.018139416254513208
92.505,0.01809796946621134
92.51,0.017984244824148732
92.515,0.01780021774528251
92.52,0.017548779704206652
92.525,0.01723367865108827
92.53,0.016859440500326173
92.535,0.01643127412911838
92.54,0.01595496284741671
92.545,0.015436745671436825
92.55,0.014883191982526967
92.555,0.014301073230694072
92.56,0.013697235294074517
92.565,0.013078474904855142
92.57000000000001,0.012451423240332105
92.575,0.011822439362415338
92.58,0.011197515710286154
92.58500000000001,0.010582197314995767
92.59,0.009981515860019385
92.595,0.009399939172300975
92.60000000000001,0.008841336213464501
92.605,0.008308957181306198
92.61,0.007805427928694542
92.615,0.007332757577376725
92.62,0.006892357953276473
92.625,0.0064850732896371
92.63,0.0061112185451399625
92.635,0.005770624647318812
92.64,0.005462688996150433
92.645,0.005186429637738854
92.65,0.004940541630380935
92.655,0.004723454269459637
92.66,0.004533387997410543
92.665,0.00436840999697008
92.67,0.004226487639108711
92.675,0.004105539122551072
92.68,0.004003480801498593
92.685,0.0039182708372949016
92.69,0.0038479489361944452
92.69500000000001,0.0037906720392664184
92.7,0.0037447459160653285
92.705,0.0037086526789238405
92.71000000000001,0.003681074280095342
92.715,0.0036609120840354614
92.72,0.0036473026185999957
92.72500000000001,0.0036396296084195735
92.73,0.003637532382796427
92.735,0.003640910727224188
92.74,0.003649926222461908
92.745,0.0036650000836011554
92.75,0.0036868074783750204
92.755,0.003716268276630408
92.76,0.003754534152354161
92.765,0.0038029719462957523
92.77,0.0038631431817881534
92.775,0.003936779632680576
92.78,0.004025754856657127
92.785,0.004132051640336698
92.79,0.00425772535342972
92.795,0.004404863277474469
92.8,0.004575540067197181
92.805,0.004771769609608789
92.81,0.004995453674807138
92.815,0.005248327901437477
92.82000000000001,0.005531905814146754
92.825,0.005847421744848091
92.83,0.00619577369857538
92.83500000000001,0.006577467376965629
92.84,0.006992562728608931
92.845,0.00744062453342309
92.85000000000001,0.007920678632018507
92.855,0.008431175476523833
92.86,0.008969962688716748
92.865,0.009534268262221701
92.87,0.010120695925639467
92.875,0.010725233990172
92.88,0.011343278731150264
92.885,0.011969673010852944
92.89,0.012598760427124489
92.895,0.013224454804152685
92.9,0.01384032431350235
92.905,0.014439688976064957
92.91,0.015015729745957884
92.915,0.01556160685634822
92.92,0.016070584638466556
92.925,0.016536159630945235
92.93,0.016952188512846078
92.935,0.017313012224654756
92.94,0.01761357262108021
92.94500000000001,0.01784951811978175
92.95,0.018017295089450158
92.955,0.018114222124097523
92.96000000000001,0.01813854490239919
92.965,0.018089469963499027
92.97,0.017967176448529187
92.97500000000001,0.017772805613439857
92.98,0.01750842866881186
92.985,0.017176994237530607
92.99,0.016782257363693986
92.995,0.016328692587681104
93.0,0.015821394028233016
93.005,0.0152659657364147
93.01,0.01466840574912709
93.015,0.014034987295978851
93.02,0.013372140509229524
93.025,0.012686337757930488
93.03,0.011983985399258046
93.035,0.011271324335162092
93.04,0.010554341300405667
93.045,0.009838692325448761
93.05,0.009129639315176519
93.055,0.00843200021893864
93.06,0.007750112810857246
93.065,0.007087811719308945
93.07000000000001,0.006448417993617284
93.075,0.005834740234750058
93.08,0.005249086102837808
93.08500000000001,0.004693282878044158
93.09,0.004168705665552608
93.095,0.0036763118173155362
93.10000000000001,0.003216680155873064
93.105,0.0027900536524558817
93.11,0.002396384300684673
93.115,0.002035379036214202
93.12,0.0017065456837075388
93.125,0.00140923803934756
93.13,0.0011426993341672187
93.135,0.0009061034482038544
93.14,0.0006985933669856337
93.145,0.000519316478429177
93.15,0.00036745640295698934
93.155,0.00024226113130831894
93.16,0.00014306730711277638
93.165,6.932054780409147e-05
93.17,2.0591733313451988e-05
93.175,-3.4107784323070267e-06
93.18,-2.8330321595621683e-06
93.185,2.2328538430746447e-05
93.19,7.222701251330399e-05
93.19500000000001,0.00014716077437443298
93.2,0.00024756519836166557
93.205,0.00037400024019373923
93.21000000000001,0.0005271339551724541
93.215,0.0007077219885935904
93.22,0.0009165831063988605
93.22500000000001,0.0011545708793856413
93.23,0.0014225416833268945
93.235,0.0017213192448659598
93.24,0.0020516560455412503
93.245,0.002414191989521086
93.25,0.002809410849017091
93.255,0.0032375951244070222
93.26,0.003698780078680741
93.265,0.004192707844381971
93.27,0.004718782628893692
93.275,0.005276028172730207
93.28,0.005863048721701958
93.285,0.006477994871461945
93.29,0.0071185356905800745
93.295,0.00778183855981851
93.3,0.008464558125535149
93.305,0.009162835692468008
93.31,0.009872310227837744
93.315,0.010588141946069385
93.32000000000001,0.01130504916312347
93.325,0.012017358772805409
93.33,0.012719070297112722
93.33500000000001,0.013403933023877102
93.34,0.014065535255269879
93.345,0.014697404213084297
93.35000000000001,0.015293114640883232
93.355,0.015846403705403134
93.36,0.016351289376409284
93.365,0.016802189159719205
93.37,0.017194035820466524
93.375,0.017522386644564847
93.38,0.017783522811399166
93.385,0.017974535631708477
93.39,0.01809339671767418
93.395,0.01813900960618753
93.4,0.018111240919459703
93.405,0.018010929814174403
93.41,0.017839875192429133
93.415,0.01760080090826932
93.42,0.017297299953320078
93.425,0.01693375932216412
93.43,0.016515267887811547
93.435,0.01604751016054351
93.44,0.015536649204413777
93.44500000000001,0.014989202256082024
93.45,0.01441191270338038
93.455,0.013811622056007167
93.46000000000001,0.013195145361557081
93.465,0.01256915323791219
93.47,0.011940063285265978
93.47500000000001,0.011313943177913899
93.48,0.010696427207442127
93.485,0.010092647502318641
93.49,0.009507180609325872
93.495,0.008944009598533142
93.5,0.008406501384186527
93.505,0.00789739853874849
93.51,0.007418824534255464
93.515,0.0069723010773756755
93.52,0.00655877601288779
93.525,0.006178660157877047
93.53,0.005831871375761466
93.535,0.005517884218756208
93.54,0.0052357835304643885
93.545,0.004984320507988471
93.55,0.004761969859920612
93.555,0.004566986856625377
93.56,0.0043974632390160195
93.565,0.004251381122420739
93.57000000000001,0.004126664206172137
93.575,0.004021225752453006
93.58,0.003933012948285963
93.58500000000001,0.0038600473892524967
93.59,0.0038004615334221725
93.595,0.0037525310626957964
93.60000000000001,0.003714703157062793
93.605,0.00368562073804668
93.61,0.0036641427681604055
93.615,0.0036493607094692238
93.62,0.0036406112458680917
93.625,0.0036374853638757813
93.63,0.003639833865847139
93.635,0.0036477693650109055
93.64,0.003661664780539753
93.645,0.0036821483182628567
93.65,0.003710094893072058
93.655,0.0037466139213977456
93.66,0.0037930333915432435
93.665,0.003850880108013488
93.67,0.003921856006159352
93.675,0.004007810446233773
93.68,0.004110708426166454
93.685,0.004232594699201897
93.69,0.004375553847394187
93.69500000000001,0.004541666450631254
93.7,0.0047329615943789705
93.705,0.004951366084998909
93.71000000000001,0.005198650885551714
93.715,0.0054763754412512355
93.72,0.0057858307318880975
93.72500000000001,0.006127982060357695
93.73,0.006503412760206828
93.735,0.00691227016149476
93.74,0.007354215299940847
93.745,0.00782837796274194
93.75,0.00833331873978338
93.755,0.008866999767246142
93.76,0.009426765817444505
93.765,0.010009337276571273
93.77,0.010610816377351284
93.775,0.011226707794623536
93.78,0.011851954377863905
93.785,0.012480988391867953
93.79,0.013107798171997587
93.795,0.013726009583926668
93.8,0.014328981140582897
93.805,0.014909911078710536
93.81,0.015461954168134895
93.815,0.0159783455513427
93.82000000000001,0.01645252849270662
93.825,0.016878282618677076
93.83,0.017249849031010456
93.83500000000001,0.017562048634388816
93.84,0.017810390103072393
93.845,0.01799116417070934
93.85000000000001,0.01810152130337883
93.855,0.01813953034172755
93.86,0.018104216319677846
93.865,0.017995576370310573
93.87,0.017814573381016885
93.875,0.01756310781675552
93.88,0.01724396886331192
93.885,0.01686076671848369
93.89,0.01641784843624805
93.895,0.01592020020227025
93.9,0.015373339252157336
93.905,0.014783198840248701
93.91,0.014156009720267093
93.915,0.013498181514599139
93.92,0.012816187147080882
93.925,0.01211645319684962
93.93,0.011405258644970218
93.935,0.010688644029656302
93.94,0.009972332540581164
93.94500000000001,0.009261664093209276
93.95,0.008561542937506772
93.955,0.007876398907761484
93.96000000000001,0.007210162014203547
93.965,0.006566249729672791
93.97,0.005947566038882357
93.97500000000001,0.005356511100956141
93.98,0.004795000219333545
93.985,0.004264490724985137
93.99,0.003766015342174356
93.995,0.003300220617530769
94.0,0.002867409051114045
94.005,0.002467583648905425
94.01,0.00210049372904475
94.015,0.001765680934855851
94.02,0.0014625245408868004
94.025,0.001190285271254865
94.03,0.0009481469768104489
94.035,0.0007352556422137724
94.04,0.0005507552999379772
94.045,0.00039382052995029504
94.05,0.00026368530186449135
94.055,0.00015966799003092058
94.06,8.119244246346247e-05
94.065,2.780502819985098e-05
94.07000000000001,-8.123820111408109e-07
94.075,-4.8335281946079375e-06
94.08,1.5717021867173164e-05
94.08500000000001,6.096454454140865e-05
94.09,0.00013118072199524988
94.095,0.00022677609593912962
94.10000000000001,0.00034828842383949343
94.105,0.0004963669579516328
94.11,0.0006717526847661581
94.115,0.0008752545911381304
94.12,0.0011077220573958435
94.125,0.001370013532356662
94.13,0.001662961705143573
94.135,0.001987335469480378
94.14,0.0023437990681998144
94.145,0.002732868910561237
94.15,0.003154868674810629
94.155,0.0036098834329401086
94.16,0.004097713670498493
94.165,0.004617830201965489
94.17,0.005169331112496067
94.175,0.005750901974048261
94.18,0.0063607806687020485
94.185,0.006996728228999771
94.19,0.007656007122267994
94.19500000000001,0.008335368394511988
94.2,0.009031049013000114
94.205,0.009738780615229814
94.21000000000001,0.010453810675819852
94.215,0.011170936838318823
94.22,0.011884554830814409
94.22500000000001,0.012588719998372966
94.23,0.01327722204820958
94.235,0.0139436721267856
94.24,0.014581600863365907
94.245,0.015184565514005044
94.25,0.015746263884782508
94.255,0.01626065229179119
94.26,0.016722064476798693
94.265,0.017125328157334252
94.27,0.01746587576023728
94.275,0.01773984590185762
94.28,0.017944172319602103
94.285,0.01807665725544183
94.29,0.01813602671597181
94.295,0.018121965581755717
94.3,0.018035131185278885
94.305,0.01787714469044488
94.31,0.017650560368963397
94.315,0.01735881361210545
94.32000000000001,0.01700614925611177
94.325,0.01659753243441031
94.33,0.016138544741654215
94.33500000000001,0.015635268917378653
94.34,0.01509416555337495
94.345,0.014521945476282383
94.35000000000001,0.01392544144829344
94.355,0.013311482688031617
94.36,0.012686775439210152
94.365,0.012057792436444004
94.37,0.011430673659379664
94.375,0.010811140245458262
94.38,0.010204422894865672
94.385,0.00961520554572104
94.39,0.009047584583303347
94.395,0.00850504335416602
94.4,0.007990441338105114
94.405,0.007506016969657026
94.41,0.007053402818984367
94.415,0.006633651639521787
94.42,0.006247271656953046
94.425,0.005894269415806619
94.43,0.00557419850457741
94.435,0.0052862125347807876
94.44,0.0050291208497466044
94.44500000000001,0.00480144557501383
94.45,0.004601478772181089
94.455,0.00442733863220468
94.46000000000001,0.004277023812693237
94.465,0.004148465197055806
94.47,0.004039574511857769
94.47500000000001,0.003948289389973603
94.48,0.003872614595019197
94.485,0.003810659236945124
94.49,0.0037606699011552003
94.495,0.0037210596855061784
94.5,0.0036904331923067746
94.505,0.003667607558950181
94.51,0.0036516296276682403
94.515,0.003641789359836438
94.52,0.003637629592388932
94.525,0.0036389522143855033
94.53,0.003645820818865983
94.535,0.00365855985315916
94.54,0.003677750260410284
94.545,0.003704221572922828
94.55,0.003739040391014914
94.555,0.003783495157992478
94.56,0.003839077129261348
94.565,0.00390745743002352
94.57000000000001,0.003990460108433513
94.575,0.004090031115199011
94.58,0.00420820318624493
94.58500000000001,0.0043470566664094434
94.59,0.004508676394231692
94.595,0.004695104871019318
94.60000000000001,0.004908292058892982
94.605,0.005150042290537726
94.61,0.005421958931714599
94.615,0.005725387599984089
94.62,0.006061358918362458
94.625,0.006430531953002472
94.63,0.006833139647316244
94.635,0.007268937711238266
94.64,0.007737158543037026
94.645,0.008236471839232706
94.65,0.00876495358325613
94.655,0.009320065075829831
94.66,0.009898643575859012
94.665,0.010496905957971592
94.67,0.011110466548426956
94.675,0.011734369981169834
94.68,0.012363139527099776
94.685,0.01299084089296798
94.69,0.013611160979035475
94.69500000000001,0.014217500552138773
94.7,0.014803079234994243
94.705,0.015361050686991007
94.71000000000001,0.015884625351169745
94.715,0.0163671977259483
94.72,0.01680247478276442
94.72500000000001,0.01718460194519622
94.73,0.01750828296335527
94.735,0.017768890083338817
94.74,0.01796256113501471
94.745,0.018086280518183173
94.75,0.018137941565051108
94.755,0.01811638836290541
94.76,0.018021435813281528
94.765,0.017853867444408422
94.77,0.017615411255711422
94.775,0.017308694616247067
94.78,0.016937179916766354
94.785,0.016505083289146683
94.79,0.016017279185970068
94.795,0.015479193983640727
94.8,0.014896691987502209
94.805,0.014275957306129072
94.81,0.013623374991436066
94.815,0.012945414669115252
94.82000000000001,0.012248519583792472
94.825,0.011539003606248599
94.83,0.010822958306729191
94.83500000000001,0.010106171721343316
94.84,0.009394059937893218
94.845,0.008691612149114292
94.85000000000001,0.008003349360393486
94.855,0.007333296520108945
94.86,0.006684967494731353
94.865,0.006061361995408632
94.87,0.005464973349175395
94.875,0.00489780582956989
94.88,0.004361400167772089
94.885,0.003856865811350474
94.89,0.0033849185126548775
94.895,0.002945921865814327
94.9,0.0025399314990846023
94.905,0.0021667407287866425
94.91,0.0018259266082143455
94.915,0.0015168954287165803
94.92,0.001238926870375412
94.925,0.0009912161244614026
94.93,0.0007729134345679789
94.935,0.0005831606188513305
94.94,0.0004211242280980354
94.94500000000001,0.000286025088830244
94.95,0.00017716404501977312
94.955,9.394377319066338e-05
94.96000000000001,3.588658688993829e-05
94.965,2.648181227891261e-06
94.97,-5.972711175861937e-06
94.97500000000001,9.971231091032706e-06
94.98,5.0577361171505464e-05
94.985,0.00011609039447124658
94.99,0.00020689563145070977
94.995,0.00032350808003567266
95.0,0.00046655749602364516
95.005,0.0006367693746975878
95.01,0.0008349419550777171
95.015,0.0010619193276339978
95.02,0.0013185607922872045
95.025,0.0016057066652903629
95.03,0.001924140818451825
95.035,0.002274550317257429
95.04,0.002657482630978869
95.045,0.0030733010044103892
95.05,0.0035221387037474017
95.055,0.004003852982696898
95.06,0.004517979748570156
95.065,0.005063690033471957
95.07000000000001,0.005639749496634039
95.075,0.0062444822806977385
95.08,0.006875740615894799
95.08500000000001,0.007530881601706341
95.09,0.008206752587245347
95.095,0.008899686505770887
95.10000000000001,0.009605508405591934
95.105,0.010319554224253125
95.11,0.011036702612994276
95.115,0.011751420293585113
95.12,0.012457821057548557
95.125,0.013149738089254015
95.13,0.013820808823222563
95.135,0.01446457106049337
95.14,0.015074568572185143
95.145,0.015644463950074794
95.15,0.016168156035806902
95.155,0.016639898904792005
95.16,0.017054419119940434
95.165,0.017407027817512244
95.17,0.017693724178528214
95.175,0.017911286947622784
95.18,0.018057350940466677
95.185,0.018130465868821943
95.19,0.018130135349849752
95.19500000000001,0.018056834589096127
95.2,0.017912005933219177
95.205,0.01769803224267008
95.21000000000001,0.017418188789982025
95.215,0.017076575117904724
95.22,0.016678028970105174
95.22500000000001,0.016228024971894683
95.23,0.015732561203467554
95.235,0.015198037126499031
95.24,0.01463112649658882
95.245,0.014038648919086683
95.25,0.013427443587030297
95.255,0.012804248486716574
95.26,0.012175588001724691
95.265,0.01154767139356494
95.27,0.01092630413317508
95.275,0.010316813515739653
95.28,0.009723989441294378
95.285,0.009152040718102938
95.29,0.008604566748132925
95.295,0.008084544021404128
95.3,0.00759432647101832
95.305,0.007135658449296756
95.31,0.006709698860206004
95.315,0.006317054845291992
95.32000000000001,0.005957823343882396
95.325,0.005631638842952924
95.33,0.0053377256791904415
95.33500000000001,0.0050749533467140395
95.34,0.004841893395184371
95.345,0.004636876650685018
95.35000000000001,0.004458049661950625
95.355,0.004303429445456253
95.36,0.0041709557746774095
95.365,0.004058540422073431
95.37,0.003964112912454798
95.375,0.003885662482527419
95.38,0.003821276056160894
95.385,0.003769172140505539
95.39,0.00372773062741083
95.395,0.003695518537224163
95.4,0.0036713117839929366
95.405,0.0036541130603264527
95.41,0.0036431659469606525
95.415,0.0036379653476516435
95.42,0.003638264331163049
95.425,0.0036440774405848836
95.43,0.003655680498597158
95.435,0.003673606908505711
95.44,0.0036986404162546727
95.44500000000001,0.0037318042723615275
95.45,0.0037743467080710857
95.455,0.00382772262519282
95.46000000000001,0.003893571394121942
95.465,0.003973690662938623
95.47,0.004070006103380486
95.47500000000001,0.004184537060127447
95.48,0.0043193581277396476
95.485,0.004476556759935413
95.49,0.004658187112288381
95.495,0.004866220438582758
95.5,0.005102492498298972
95.505,0.005368648583589319
95.51,0.005666086938923343
95.515,0.005995901520044811
95.52,0.006358825207797736
95.525,0.006755174761746474
95.53,0.007184798945818471
95.535,0.0076470313827741165
95.54,0.008140649783555887
95.545,0.00866384323910907
95.55,0.00921418924587769
95.555,0.009788642060645003
95.56,0.010383533823024038
95.565,0.010994589661702747
95.57000000000001,0.011616957689632557
95.575,0.0122452544232452
95.58,0.012873625705125846
95.58500000000001,0.013495822725030138
95.59,0.014105292191526786
95.595,0.014695279160452657
95.60000000000001,0.01525894049385812
95.605,0.015789466408797637
95.61,0.016280207151019965
95.61500000000001,0.01672480146590516
95.62,0.017117303312979004
95.625,0.01745230316148394
95.63,0.017725040242460466
95.635,0.017931502329801674
95.64,0.018068509949493716
95.645,0.018133782395395315
95.65,0.018125983513733956
95.655,0.01804474589683025
95.66,0.01789067286314605
95.665,0.017665318361380855
95.67,0.01737114567961129
95.675,0.017011466543824127
95.68,0.016590362808376113
95.685,0.01611259345187932
95.69,0.015583489983455934
95.69500000000001,0.015008843608228517
95.7,0.014394787611422544
95.705,0.013747678385058748
95.71000000000001,0.013073978358665528
95.715,0.012380143824504586
95.72,0.011672520278715126
95.72500000000001,0.01095724747248994
95.73,0.010240175886686131
95.735,0.009526795854061021
95.74000000000001,0.008822180063155827
95.745,0.008130939713456797
95.75,0.007457194168367209
95.755,0.0068045535825689285
95.76,0.0061761136699001185
95.765,0.00557446153682406
95.77,0.005001691326292246
95.775,0.004459428304073754
95.78,0.003948859963793794
95.785,0.003470772723517257
95.79,0.0030255928249758313
95.795,0.002613430122142546
95.8,0.0022341235475744625
95.805,0.0018872871622681586
95.81,0.0015723558247291436
95.815,0.0012886296498191285
95.82000000000001,0.0010353165567815736
95.825,0.0008115723306310052
95.83,0.0006165377378875014
95.83500000000001,0.00044937233722408543
95.84,0.00030928471507640776
95.845,0.00019555895034528703
95.85000000000001,0.0001075771724596275
95.855,4.483812160632761e-05
95.86,6.97165612889572e-06
95.86500000000001,-6.2508244769771785e-06
95.87,5.089941440404588e-06
95.875,4.1063289896975386e-05
95.88,0.00010188673180572261
95.885,0.00018791994491884623
95.89,0.000299654663040716
95.895,0.00043770047819546853
95.9,0.0006027665883150402
95.905,0.0007956395405015471
95.91,0.001017157060750229
95.915,0.001268178099517403
95.92,0.001549549285645213
95.925,0.0018620680522190014
95.93,0.0022064427848578205
95.935,0.0025832504458449534
95.94,0.002992892239577216
95.94500000000001,0.0034355480086905033
95.95,0.003911130182469691
95.955,0.004419238231179179
95.96000000000001,0.00495911470932775
95.965,0.005529604092217255
95.97,0.006129115712695921
95.97500000000001,0.006755592180457626
95.98,0.007406484710774208
95.985,0.008078736787940244
95.99000000000001,0.00876877753832872
95.995,0.009472526076223176
96.0,0.010185407916978306
96.005,0.01090238431021362
96.01,0.011617995040573703
96.015,0.012326414885613701
96.02,0.01302152348560881
96.025,0.013696987939454175
96.03,0.01434635692963937
96.035,0.014963164707559429
96.04,0.015541042777794445
96.045,0.01607383668910245
96.05,0.016555724973677854
96.055,0.016981336978830086
96.06,0.0173458661901833
96.065,0.01764517557023737
96.07000000000001,0.017875891563321034
96.075,0.01803548362650531
96.08,0.018122326549928403
96.08500000000001,0.01813574330989809
96.09,0.01807602682917775
96.095,0.017944439701160775
96.10000000000001,0.0177431916852413
96.105,0.017475395537985605
96.11,0.01714500248389328
96.11500000000001,0.016756719314614088
96.12,0.01631590969787311
96.125,0.015828482763886598
96.13,0.015300772376477312
96.135,0.014739410705800537
96.14,0.014151199763478672
96.145,0.013542984471847319
96.15,0.01292153061156398
96.155,0.012293410648648972
96.16,0.01166490001340037
96.165,0.011041885898862347
96.17,0.010429790117505888
96.175,0.009833506998944586
96.18,0.009257356783411552
96.185,0.008705054457003314
96.19,0.008179693535961263
96.19500000000001,0.00768374391127935
96.2,0.007219062568179169
96.205,0.006786915747117206
96.21000000000001,0.006388010968064961
96.215,0.006022537244001924
96.22,0.005690211799171507
96.22500000000001,0.005390331638913892
96.23,0.0051218284071730125
96.235,0.0048833250875812695
96.24000000000001,0.004673193252601848
96.245,0.00448960973096213
96.25,0.004330611733291967
96.255,0.004194149651499224
96.26,0.00407813690900749
96.265,0.003980496394731414
96.27,0.0038992031506581704
96.275,0.003832323103173163
96.28,0.0037780477262163714
96.285,0.0037347246080774443
96.29,0.00370088395029311
96.295,0.0036752610705217403
96.3,0.0036568150061681293
96.305,0.003644743323052105
96.31,0.0036384932315776716
96.315,0.0036377690962050456
96.32000000000001,0.003642536402958335
96.325,0.003653022220452995
96.33,0.003669712158492877
96.33500000000001,0.0036933437967093807
96.34,0.003724896526795085
96.345,0.003765577726100755
96.35000000000001,0.0038168051644598133
96.355,0.003880185539007819
96.36,0.003957489036957806
96.36500000000001,0.004050619846362125
96.37,0.004161582572502098
96.375,0.004292444572737253
96.38,0.004445294296408164
96.385,0.004622195812054031
96.39,0.004825139819141455
96.395,0.005055991573856389
96.4,0.005316436307593264
96.405,0.00560792288123757
96.41,0.005931606587903815
96.415,0.006288292188624922
96.42,0.006678378435694299
96.425,0.007101805488520796
96.43,0.007558006759889935
96.435,0.00804586682333408
96.44,0.008563687066647674
96.44500000000001,0.009109160770044866
96.45,0.009679359223774497
96.455,0.0102707303596965
96.46000000000001,0.010879111158757837
96.465,0.011499754806568063
96.47,0.012127373201657576
96.47500000000001,0.012756194991997205
96.48,0.013380038823086693
96.485,0.013992400956894357
96.49000000000001,0.014586555869360751
96.495,0.015155667895445646
96.5,0.015692911479039395
96.505,0.016191597128205615
96.51,0.016645299817064085
96.515,0.017047986305051666
96.52,0.01739413772697418
96.525,0.017678863807297773
96.53,0.01789800522454499
96.535,0.018048220952103122
96.54,0.018127057855174655
96.545,0.01813300038887178
96.55,0.018065498905620814
96.555,0.017924975807645183
96.56,0.01771280953970944
96.565,0.017431297167007642
96.57000000000001,0.01708359699713924
96.575,0.0166736533361167
96.58,0.01620610601174377
96.58500000000001,0.015686187698456422
96.59,0.015119612366657265
96.595,0.01451245829681369
96.60000000000001,0.013871049107102351
96.605,0.01320183608943637
96.61,0.012511284906850051
96.61500000000001,0.01180576934667954
96.62,0.011091474407773916
96.625,0.010374310528298736
96.63,0.009659840268724906
96.635,0.008953218275930652
96.64,0.008259144881453295
96.645,0.007581833255869697
96.65,0.006924989662136838
96.655,0.006291806024657731
96.66,0.005684963782140784
96.665,0.005106647795059871
96.67,0.004558568959197373
96.675,0.004041994104621693
96.68,0.003557781753515954
96.685,0.0031064223337162744
96.69,0.002688081523089636
96.69500000000001,0.0023026454878003477
96.7,0.0019497669004095997
96.705,0.0016289107476588072
96.71000000000001,0.0013393990731440653
96.715,0.0010804539302013971
96.72,0.0008512379476570686
96.72500000000001,0.0006508920272951801
96.73,0.00047856979623905893
96.735,0.00033346852945026484
96.74000000000001,0.00021485633200279963
96.745,0.00012209543754093666
96.75,5.466152128841273e-05
96.755,1.2158970684621184e-05
96.76,-5.667926178441014e-06
96.765,1.072110090188233e-06
96.77,3.242033160899549e-05
96.775,8.85668342388568e-05
96.78,0.00016984531828645455
96.785,0.0002767237451789528
96.79,0.0004097909036224756
96.795,0.0005697389123913155
96.8,0.0007573417093533763
96.805,0.0009734296042607227
96.81,0.0012188600214502188
96.815,0.0014944846079449903
96.82000000000001,0.0018011129589883268
96.825,0.0021394732927086935
96.83,0.0025101705077759107
96.83500000000001,0.002913642166185504
96.84,0.003350113069597427
96.845,0.0038195492221575478
96.85000000000001,0.00432161211237414
96.855,0.004855614369432715
96.86,0.005420477981221694
96.86500000000001,0.006014696359057936
96.87,0.006636301622817697
96.875,0.007282838526535329
96.88,0.007951346454145636
96.885,0.008638350873528822
96.89,0.009339865538724013
96.895,0.010051406570031673
96.9,0.010768019315385402
96.905,0.011484318603965704
96.91,0.012194542649979212
96.915,0.012892620451619763
96.92,0.01357225207603463
96.925,0.014227000741005469
96.93,0.014850395102406821
96.935,0.015436039681201663
96.94,0.01597773091515009
96.94500000000001,0.016469575933076186
96.95,0.016906110853447842
96.955,0.01728241521286833
96.96000000000001,0.017594219062985417
96.965,0.017837999342873445
96.97,0.018011062344825746
96.97500000000001,0.018111609444133592
96.98,0.018138783742152498
96.985,0.018092695870052466
96.99000000000001,0.017974427877085475
96.995,0.017786014868974576
97.0,0.017530404818323575
97.005,0.017211397716238253
97.01,0.016833565932458328
97.015,0.016402158260959254
97.02,0.015922990637161405
97.025,0.015402326883457107
97.03,0.014846753068972873
97.035,0.01426304915051091
97.04,0.013658061491074847
97.045,0.013038579654210736
97.05,0.012411220545370583
97.055,0.011782322560691227
97.06,0.011157851907004357
97.065,0.010543322734729799
97.07000000000001,0.00994373216915534
97.075,0.009363510790407759
97.08,0.00880648860329103
97.08500000000001,0.008275876076968558
97.09,0.0077742594412058
97.095,0.0073036090949720744
97.10000000000001,0.006865299743884279
97.105,0.0064601407005770994
97.11,0.006088414695152977
97.11500000000001,0.00574992350179393
97.12,0.005444038722732358
97.125,0.005169756143391879
97.13,0.004925752192594501
97.135,0.004710441179232028
97.14,0.0045220321472365654
97.145,0.004358584354845263
97.15,0.004218060562052095
97.155,0.004098377472470993
97.16,0.0039974528367223705
97.165,0.003913248860742513
97.17,0.003843811689044685
97.175,0.0037873068341800487
97.18,0.003742050510241013
97.185,0.0037065368885818017
97.19,0.003679461342606327
97.19500000000001,0.003659739773584414
97.2,0.0036465241220866723
97.205,0.003639214168167381
97.21000000000001,0.003637465711033205
97.215,0.003641195196007904
97.22,0.0036505808307712717
97.22500000000001,0.003666060201441501
97.23,0.0036883243653240694
97.235,0.003718308370628587
97.24000000000001,0.0037571781239800206
97.245,0.003806313510927195
97.25,0.0038672876634326947
97.255,0.003941842273696317
97.26,0.004031858868086768
97.265,0.004139325991705078
97.27,0.004266302302845304
97.275,0.004414875650707195
97.28,0.00458711829788605
97.285,0.0047850385616659
97.29,0.005010529278269615
97.295,0.005265313639810643
97.3,0.0055508891146498485
97.305,0.00586847033187432
97.31,0.006218931983243081
97.315,0.006602752964900205
97.32000000000001,0.007019963138647611
97.325,0.0074700942260435
97.33,0.007952136454161263
97.33500000000001,0.008464502628793724
97.34,0.009005001322826445
97.345,0.009570820808331604
97.35000000000001,0.010158525241738658
97.355,0.010764064407229768
97.36,0.011382798052650855
97.36500000000001,0.012009535495568713
97.37,0.012638590759753043
97.375,0.013263853023811834
97.38,0.013878871636464396
97.385,0.014476954415535204
97.39,0.01505127739515899
97.395,0.015595003671730723
97.4,0.016101408529671346
97.405,0.016564007646607593
97.41,0.016976684891893967
97.415,0.017333816081475106
97.42,0.01763038503214176
97.425,0.017862088397883724
97.43,0.01802542604637125
97.435,0.018117774161673594
97.44,0.018137438802845907
97.44500000000001,0.018083688298162315
97.45,0.017956763570097678
97.455,0.017757866243087506
97.46000000000001,0.01748912514191403
97.465,0.017153542508715702
97.47,0.016754921920693278
97.47500000000001,0.016297780443416343
97.48,0.015787247996030374
97.485,0.015228957200903892
97.49000000000001,0.014628927152749327
97.495,0.013993444560249202
97.5,0.01332894559686082
97.505,0.012641901563860358
97.51,0.011938711135769609
97.515,0.011225601547614872
97.52,0.010508540621184892
97.525,0.009793161038189169
97.53,0.009084697776646777
97.535,0.008387939149557155
97.54,0.0077071914446271705
97.545,0.007046256774945192
97.55,0.006408423414178799
97.555,0.005796467624929136
97.56,0.005212665782210024
97.565,0.0046588154640847534
97.57000000000001,0.004136264095562225
97.575,0.003645943716250599
97.58,0.003188410464263214
97.58500000000001,0.0027638874305928596
97.59,0.0023723096316672354
97.595,0.0020133699605837663
97.60000000000001,0.0016865651033866058
97.605,0.001391240540391081
97.61,0.0011266338829978295
97.61500000000001,0.0008919159269811239
97.62,0.0006862289183453552
97.625,0.000508721637761278
97.63,0.0003585810022010971
97.635,0.00023505996052664013
97.64,0.00013750152771130342
97.645,6.535884997466157e-05
97.65,1.82112360954112e-05
97.655,-4.223888641179986e-06
97.66,-2.083122573300414e-06
97.665,2.464666309189012e-05
97.67,7.612796534156585e-05
97.675,0.00015266817924292075
97.68,0.00025471102269380985
97.685,0.000382823867072446
97.69,0.0005376809978723252
97.69500000000001,0.0007200428502045497
97.7,0.0009307312917119503
97.705,0.001170601065812349
97.71000000000001,0.001440507564803628
97.715,0.0017412711658266744
97.72,0.0020736384469239866
97.72500000000001,0.0024382406973444404
97.73,0.0028355502418211387
97.735,0.0032658352232779464
97.74000000000001,0.0037291136149839588
97.745,0.004225107364563385
97.75,0.004753197707300316
97.755,0.0053123828089525205
97.76,0.005901239008482051
97.765,0.0065178870168534075
97.77,0.007159964491929571
97.775,0.007824606413318946
97.78,0.008508434664985742
97.785,0.009207558131670623
97.79,0.009917584478724706
97.795,0.01063364456336302
97.8,0.011350430149892787
97.805,0.012062245255531678
97.81,0.01276307105340635
97.815,0.01344664381442584
97.82000000000001,0.01410654488372387
97.825,0.014736301201775603
97.83,0.01532949438419351
97.83500000000001,0.01587987593178397
97.84,0.016381485729500156
97.845,0.016828770688604777
97.85000000000001,0.017216700163267262
97.855,0.017540874682453023
97.86,0.017797624580673244
97.86500000000001,0.017984095297272518
97.87,0.018098316433494688
97.875,0.018139252124043992
97.88,0.018106830845496802
97.885,0.018001953458572473
97.89,0.017826479002209794
97.895,0.017583188525726712
97.9,0.017275727987524192
97.905,0.0169085319616471
97.91,0.016486730526303006
97.915,0.0160160422298965
97.92,0.015502656436432005
97.925,0.014953108602913545
97.93,0.014374152150494979
97.935,0.013772630553720688
97.94,0.013155353088045274
97.94500000000001,0.012528977380345196
97.95,0.011899901502054888
97.955,0.011274167870304552
97.96000000000001,0.010657380693483987
97.965,0.010054638155363449
97.97,0.00947047998400663
97.97500000000001,0.00890885053986068
97.98,0.008373077084161906
97.985,0.007865862483178887
97.99000000000001,0.007389291261194586
97.995,0.0069448476552196325
98.0,0.006533444137311051
98.005,0.006155458759035781
98.01,0.005810779630131435
98.015,0.005498854859707691
98.02,0.005218746358993442
98.025,0.004969186012047544
98.03,0.004748632861002022
98.035,0.0045553301129910295
98.04,0.004387360944546614
98.045,0.004242702253817399
98.05,0.004119275677630263
98.055,0.004014995351352635
98.06,0.003927812029738131
98.065,0.0038557533181089454
98.07000000000001,0.00379695986649331
98.075,0.003749717470163283
98.08,0.003712485085420103
98.08500000000001,0.0036839188188524385
98.09,0.0036628919791970027
98.095,0.003648511295272161
98.10000000000001,0.003640129403651368
98.105,0.0036373537002661275
98.11,0.0036400516287809284
98.11500000000001,0.0036483524525817157
98.12,0.0036626455269077596
98.125,0.003683575054514776
98.13,0.00371203127984443
98.135,0.0037491380471430524
98.14,0.0037962366307571216
98.145,0.0038548657319661395
98.15,0.003926737540754566
98.155,0.0040137097709225245
98.16,0.0041177536127916525
98.165,0.004240917590063731
98.17,0.004385287380760161
98.175,0.004552941744046635
98.18,0.004745904806249257
98.185,0.004966095082304278
98.19,0.005215271755561801
98.19500000000001,0.005494978895830727
98.2,0.005806488462248183
98.205,0.006150743114362811
98.21000000000001,0.0065283000208733455
98.215,0.006939277019069934
98.22,0.007383302614158538
98.22500000000001,0.007859471421696185
98.23,0.008366306720866135
98.235,0.008901731809260127
98.24000000000001,0.009463051803169975
98.245,0.010046947422463148
98.25,0.010649482105971941
98.255,0.011266123551976648
98.26,0.011891780431010801
98.265,0.012520854616070665
98.27,0.013147308803247881
98.275,0.013764748881030187
98.28,0.0143665198645202
98.285,0.014945813663125307
98.29,0.015495786422754065
98.295,0.016009682710333095
98.3,0.01648096339970806
98.305,0.016903433820232294
98.31,0.01727136854929512
98.315,0.017579629181625478
98.32000000000001,0.017823771524930976
98.325,0.018000138910856833
98.33,0.018105938725355486
98.33500000000001,0.018139299770567163
98.34,0.018099308713139806
98.345,0.01798602457700582
98.35000000000001,0.01780047098780102
98.355,0.017544606637748927
98.36,0.017221275169610806
98.36500000000001,0.0168341363412452
98.37,0.016387580918689082
98.375,0.015886632192309236
98.38,0.01533683735098279
98.385,0.014744152125661714
98.39,0.014114822163627139
98.395,0.013455264501640585
98.4,0.012771952294102107
98.405,0.0120713056320092
98.41,0.011359590896912408
98.415,0.010642830636410139
98.42,0.00992672545759632
98.425,0.009216588953048443
98.43,0.008517296177632971
98.435,0.00783324576180533
98.44,0.0071683353327109955
98.44500000000001,0.006525949580794332
98.45,0.005908960020875043
98.455,0.005319735286615668
98.46000000000001,0.004760160647123257
98.465,0.004231665344889279
98.47,0.0037352563259140936
98.47500000000001,0.0032715569448455994
98.48,0.00284084928619599
98.485,0.0024431188308779994
98.49000000000001,0.0020781003052867675
98.495,0.0017453236753137702
98.5,0.0014441593791092444
98.505,0.0011738620275645317
98.51,0.000933611926327238
98.515,0.0007225538967792211
98.52,0.0005398329822623449
98.525,0.0003846267203471143
98.53,0.0002561737466779679
98.535,0.00015379856147385018
98.54,7.693234456784825e-05
98.545,2.5129744669616372e-05
98.55,-1.9183993042494463e-06
98.555,-4.3764323289525314e-06
98.56,1.7740638563690236e-05
98.565,6.456755454298246e-05
98.57000000000001,0.00013638510488672706
98.575,0.00023361231946195105
98.58,0.0003567945649793902
98.58500000000001,0.000506587565353156
98.59,0.0006837373859409634
98.595,0.000889056449838499
98.60000000000001,0.0011233956889720176
98.605,0.0013876129893994893
98.61,0.0016825381483291935
98.61500000000001,0.0020089346477440984
98.62,0.0023674586334587744
98.625,0.002758615605012338
98.63,0.0031827154315884343
98.635,0.0036398264438943784
98.64,0.0041297294784214955
98.645,0.004651872887583508
98.65,0.005205329652026691
98.655,0.005788757847980719
98.66,0.006400365812819331
98.665,0.007037883414827917
98.67,0.007698540861202474
98.675,0.00837905645133219
98.68,0.009075634611196648
98.685,0.009783975405245116
98.69,0.010499296522144874
98.69500000000001,0.011216368461930415
98.7,0.011929563321817938
98.705,0.01263291718718662
98.71000000000001,0.01332020569151382
98.715,0.013985031838718243
98.72,0.014620924685726067
98.72500000000001,0.01522144699207928
98.73,0.01578030948561704
98.735,0.016291488977991264
98.74000000000001,0.01674934723105892
98.745,0.017148747239453144
98.75,0.017485163477331866
98.755,0.017754782675510228
98.76,0.01795459184782544
98.765,0.018082450594434363
98.77,0.018137145131639443
98.775,0.018118422065995787
98.78,0.01802700056964568
98.785,0.01786456234415823
98.79,0.017633719508282297
98.795,0.017337961304953353
98.8,0.01698158123956972
98.805,0.016569586910968326
98.81,0.016107595344962533
98.815,0.015601717062757814
98.82000000000001,0.01505843240506266
98.825,0.014484463762570954
98.83,0.013886647354247827
98.83500000000001,0.013271808041235289
98.84,0.012646640380904017
98.845,0.012017598745149627
98.85000000000001,0.011390798862596085
98.855,0.010771932619540792
98.86,0.010166197419145817
98.86500000000001,0.009578240843950425
98.87,0.00901212084983527
98.875,0.008471281237152795
98.88,0.007958541725145096
98.885,0.0074761016005204795
98.89,0.007025555637060421
98.895,0.006607920780014709
98.9,0.006223671967502398
98.905,0.005872785400356406
98.91,0.005554787585994703
98.915,0.00526880853483469
98.92,0.005013637595220999
98.925,0.004787780544344145
98.93,0.004589516712153241
98.935,0.0044169550803196955
98.94,0.0042680884758459214
98.94500000000001,0.004140845144900318
98.95,0.004033137155234456
98.955,0.003942905221991921
98.96000000000001,0.003868159680603167
98.965,0.0038070174442665916
98.97,0.003757734871997931
98.97500000000001,0.0037187365458504207
98.98,0.00368864000849789
98.985,0.0036662765447784684
98.99000000000001,0.003650708109267764
98.995,0.0036412405052502136
99.0,0.0036374329107265006
99.005,0.00363910382987637
99.01,0.003646333521096057
99.015,0.0036594629250084054
99.02,0.0036790890811684296
99.025,0.0037060569941702592
99.03,0.0037414478791439887
99.035,0.0037865636979039774
99.04,0.0038429078818680296
99.045,0.003912162138112407
99.05,0.003996159244113784
99.055,0.004096851767461551
99.06,0.004216276687946774
99.065,0.0043565159658580654
99.07000000000001,0.004519653182942562
99.075,0.004707726484722841
99.08,0.004922678179045903
99.08500000000001,0.005166301481978053
99.09,0.0054401850628433834
99.095,0.0057456562017623725
99.10000000000001,0.00608372355155673
99.105,0.006455020661165989
99.11,0.006859751585023943
99.11500000000001,0.007297640044843234
99.12,0.007767883726337743
99.125,0.008269115372911529
99.13,0.0087993723639741
99.135,0.009356076438592709
99.14,0.009936025126037862
99.145,0.010535396273287034
99.15,0.011149766815471196
99.155,0.011774146608317437
99.16,0.012403027747190265
99.165,0.013030449337627203
99.17,0.013650077177235431
99.175,0.014255297264476496
99.18,0.014839321506240566
99.185,0.015395303463151322
99.19,0.015916461478706623
99.19500000000001,0.016396206127360813
99.2,0.016828268586124295
99.205,0.01720682633330739
99.21000000000001,0.017526622511496726
99.215,0.017783075361556655
99.22,0.017972374371069577
99.22500000000001,0.018091560144284813
99.23,0.018138585507315952
99.235,0.018112355974757577
99.24000000000001,0.018012748398810174
99.245,0.017840607367119787
99.25,0.017597719676885504
99.255,0.017286767949919124
99.26,0.016911265132623754
99.265,0.016475472228037802
99.27,0.01598430207920387
99.275,0.015443212385982008
99.28,0.014858091345271163
99.285,0.014235139378005357
99.29,0.0135807503336558
99.295,0.012901395383540404
99.3,0.012203512499674218
99.305,0.011493404046053257
99.31,0.01077714455288259
99.315,0.010060500270206774
99.32000000000001,0.009348861596862434
99.325,0.008647189002957134
99.33,0.007959972600662724
99.33500000000001,0.007291205115443233
99.34,0.006644367649847993
99.345,0.006022427335404146
99.35000000000001,0.005427845752684846
99.355,0.004862596824450449
99.36,0.004328192797860453
99.36500000000001,0.0038257168866007163
99.37,0.003355861149156425
99.375,0.002918968233446506
99.38,0.0025150756959106957
99.385,0.0021439617116181253
99.39,0.0018051911144780775
99.395,0.0014981608352435671
99.4,0.0012221439417618996
99.405,0.0009763316119770771
99.41,0.0007598724961348502
99.415,0.0005719090321996134
99.42,0.0004116103820845929
99.425,0.00027820173728487774
99.43,0.00017098981329333185
99.435,8.938441226236105e-05
99.44,3.29159695541259e-05
99.44500000000001,1.2490394653910664e-06
99.45,-5.8083103004046704e-06
99.455,1.1700791182407688e-05
99.46000000000001,5.388319995727753e-05
99.465,0.00012099282524136168
99.47,0.0002134235914771354
99.47500000000001,0.0003316983004897356
99.48,0.00047645341188773394
99.485,0.0006484197802247849
99.49000000000001,0.0008483994069532486
99.495,0.001077238305144057
99.5,0.0013357956245192426
99.505,0.0016249092411033672
99.51,0.0019453581002810694
99.515,0.0022978216840847665
99.52,0.0026828370871179175
99.525,0.0031007542920411524
99.53,0.0035516903727810245
99.535,0.004035483473369794
99.54,0.004551647555761207
99.545,0.005099329024995214
99.55,0.005677266469652054
99.555,0.006283754840747946
99.56,0.006916615470780485
99.565,0.007573173360341912
99.57000000000001,0.008250243152328807
99.575,0.008944125144626724
99.58,0.009650612569739536
99.58500000000001,0.010365011180500261
99.59,0.011082171923405326
99.595,0.01179653716550888
99.60000000000001,0.012502200556138376
99.605,0.01319298017576287
99.61,0.013862504153017596
99.61500000000001,0.0145043074432607
99.62,0.01511193796490673
99.625,0.01567906982445777
99.63,0.01619962093801064
99.635,0.0166678720062734
99.64,0.017078583539877457
99.645,0.017427107502975048
99.65,0.017709490116715187
99.655,0.017922562514051776
99.66,0.0180640161935699
99.665,0.018132460642306114
99.67,0.018127461024633362
99.675,0.018049554472959528
99.68,0.017900244222154527
99.685,0.017681971587187206
99.69,0.017398066534155987
99.69500000000001,0.01705267832917201
99.7,0.01665068841295181
99.705,0.016197608211939496
99.71000000000001,0.01569946505778219
99.715,0.01516267968339946
99.72,0.014593938942262241
99.72500000000001,0.014000067398974636
99.73,0.013387901320584206
99.735,0.01276416833469085
99.74000000000001,0.012135375656040281
99.745,0.011507709332320815
99.75,0.01088694644914412
99.755,0.010278381687111704
99.76,0.009686769088233405
99.765,0.009116279345228406
99.77,0.008570472452845479
99.775,0.00805228511445577
99.78,0.007564031942042249
99.785,0.00710741918611113
99.79,0.006683569526883204
99.795,0.006293056310317624
99.8,0.005935945553542155
99.805,0.005611844031678359
99.81,0.005319951816536772
99.815,0.005059117726121443
99.82000000000001,0.004827896279335775
99.825,0.004624604898512352
99.83,0.004447380273031598
99.83500000000001,0.0042942329689763525
99.84,0.004163099540417825
99.845,0.004051891560434839
99.85000000000001,0.003958541141600769
99.855,0.0038810426460331726
99.86,0.0038174904027008516
99.86500000000001,0.003766112343194905
99.87,0.003725299542810534
99.875,0.0036936317088088755
99.88,0.0036698986952949375
99.885,0.0036531181447052308
99.89,0.0036425493607221554
99.895,0.003637703512091814
99.9,0.0036383502484680953
99.905,0.0036445207857479234
99.91,0.003656507489258387
99.915,0.0036748599503387824
99.92,0.0037003775216670753
99.925,0.0037340982472573447
99.93,0.0037772841006291635
99.935,0.003831402430167774
99.94,0.003898103506059236
99.94500000000001,0.0039791940726310315
99.95,0.004076606833827157
99.955,0.004192365842230039
99.96000000000001,0.004328547819273609
99.965,0.004487239517538377
99.97,0.004670491333253146
99.97500000000001,0.004880267497414437
99.98,0.0051183933117400215
99.985,0.005386500048571108
99.99000000000001,0.005685968298534405
99.995,0.006017870723360019
100.0,0.006382915340271467
