0.0,0.0,8.01483324153196e-11,0.0,0.0,2.9316993277461734e-11,0.0,0.0,49.04673021799112,0.0
0.005,0.0,-0.016650067082667253,0.0,0.0,0.03326748996972384,0.0,0.0,49.02383817004992,0.0
0.01,0.0,-0.0072018959949677885,0.0,0.0,0.014466454748870206,0.0,0.0,48.97488819660912,0.0
0.015,-2.7076124167048472e-14,-0.012183591047689735,-7.122150275676179e-15,7.389842618638968e-15,0.02433815587778554,1.424501243015768e-15,-1.641356695431839e-15,48.88608687505267,-6.218164582419013e-27
0.02,1.7437927548513108e-19,-0.009417483305596441,-3.2966087083797415e-20,-7.259988379238569e-20,0.018957979790535262,4.0947640409883317e-20,1.0752891012962911e-20,48.76430363808163,6.900556499553857e-32
0.025,3.0369319129851276e-19,-0.01059337037439434,-1.455536252533066e-20,-1.3229011597370154e-19,0.021219571431473128,5.162047346558564e-20,1.9772162393340474e-20,48.60501747363411,1.1714425869873852e-31
0.03,4.347568974675956e-19,-0.009762235334441094,6.973019763511976e-21,-1.9323824932954127e-19,0.019665668734567987,6.112807815220194e-20,2.901606777007344e-20,48.40929706965101,1.5786243227418321e-31
0.035,5.673409999320876e-19,-0.009839404750668024,3.2283330686770193e-20,-2.554447481485031e-19,0.019785208958062128,6.913519057537303e-20,3.8491529496128757e-20,48.17517927511924,2.2258829323596747e-31
0.04,7.00994634623395e-19,-0.0094545691221537,6.194890719078222e-20,-3.187970115104252e-19,0.019071740942003146,7.532020753423059e-20,4.818703677903118e-20,47.90188721650538,2.715865312972777e-31
0.045,8.350870697832124e-19,-0.009214536671832363,9.645374854003272e-20,-3.830879547886306e-19,0.01859416516057877,7.937394498319551e-20,5.807582158117177e-20,47.58788317962236,3.26383989111045e-31
0.05,9.687394450747992e-19,-0.008869501852995398,1.361575615636196e-19,-4.4798048591419475e-19,0.017933137010480493,8.100959822672697e-20,6.810985166884651e-20,47.23174132568128,3.834417401144516e-31
0.055,1.100824798548171e-18,-0.008506183993491234,1.8128000861538967e-19,-5.130049781026619e-19,0.017222518018272126,7.99679482371231e-20,7.821937697782725e-20,46.83181628870828,4.475804321438235e-31
0.06,1.229945236718818e-18,-0.008101878715857325,2.3187581930141905e-19,-5.775454493978071e-19,0.01643277649360897,7.602623879601062e-20,8.831050350562012e-20,46.38638126987317,4.889210642552669e-31
0.065,1.3544282057343435e-18,-0.007653027053365236,2.8781403551277636e-19,-6.408348365266699e-19,0.015552673401018069,6.900680090257636e-20,9.826426274499565e-20,45.89361774970581,5.426276834567737e-31
0.07,1.4723304656631162e-18,-0.007167288549332795,3.4875833707704717e-19,-7.01953919422273e-19,0.014596178077916022,5.87865498977476e-20,1.0793623936434463e-19,45.35163380027352,5.919247166129829e-31
0.075,1.5814518662837954e-18,-0.006635504149128835,4.1414965372664904e-19,-7.598350525247697e-19,0.013547744388517913,4.5306896563508464e-20,1.1715695949455994e-19,44.758497879656545,6.461920302147293e-31
0.08,1.6793639815865647e-18,-0.006063342645870051,4.831935013371711e-19,-8.132732331293631e-19,0.0124156863741689,2.858346079538029e-20,1.2573346578464662e-19,44.11225345414644,7.055857047713627e-31
0.085,1.7634505141648975e-18,-0.005446372646048303,5.548520483197739e-19,-8.609432263911326e-19,0.011193352430595382,8.715450759724837e-21,1.3345186861096882e-19,43.410953139000114,7.292093263095429e-31
0.09,1.8309636710278005e-18,-0.004787209207488985,6.278434235836947e-19,-9.014249061566406e-19,0.00988421384305127,-1.4106101022407547e-20,1.4008124525204305e-19,42.65268214412481,7.600700276741118e-31
0.095,1.879094380104113e-18,-0.004084861476549406,7.006489084653365e-19,-9.332360120191804e-19,0.008487265445850767,-3.95916542865532e-20,1.4537876268874331e-19,41.83559094990676,7.842221152885309e-31
0.1,1.905057445427272e-18,-0.0033410915370559735,7.715297793286677e-19,-9.548730181525741e-19,0.007005275653796161,-6.734879681183247e-20,1.4909615529794505e-19,40.95792473412071,8.027941895688562e-31
0.105,1.9061895804693483e-18,-0.002556949591856039,8.385545966519429e-19,-9.648593245062553e-19,0.005440648505441459,-9.688078377268214e-20,1.509874410789045e-19,40.01805630191262,8.139118080520078e-31
0.11,1.8800587140994754e-18,-0.0017346931841011326,8.996378307768947e-19,-9.61800147442287e-19,0.0037976182954508886,-1.2758865001294516e-19,1.5081779081001956e-19,39.01451841141114,8.103872348383832e-31
0.115,1.824581278784956e-18,-0.0008768804010088616,9.525900308876195e-19,-9.44442657266568e-19,0.002081362912406348,-1.5877743392454208e-19,1.483733266530241e-19,37.946037081802366,8.027836457556716e-31
0.12,1.738143567632579e-18,1.31430443843783e-05,9.951792889032283e-19,-9.117395461373352e-19,0.00029848747057314995,-1.8966696073822247e-19,1.4347156640071225e-19,36.81156452060881,7.5614672045773135e-31
0.125,1.6197221434832625e-18,0.0009314254665966359,1.0252030279648732e-18,-8.629136169389325e-19,-0.001543087109979524,-2.194074463666425e-19,1.3597212963689666e-19,35.610311643607744,7.428641517981693e-31
0.13,1.4689975465806105e-18,0.0018733171141249727,1.0405684290230043e-18,-7.975205448965986e-19,-0.0034340532343151153,-2.4709996630595844e-19,1.2578724665012716e-19,34.34177950107478,6.722476504004031e-31
0.135,1.2864549215711752e-18,0.0028335026482224634,1.0393790294844951e-18,-7.155065730362436e-19,-0.005363731792712656,-2.7182156510933823e-19,1.1289154223780393e-19,33.00578913956659,5.790781823947963e-31
0.14,1.0734648921575946e-18,0.003806014825002535,1.020024279674078e-18,-6.172576652728674e-19,-0.0073201105445548365,-2.926544832550433e-19,9.733052204156945e-20,31.60250931351589,5.501774332432735e-31
0.145,8.32338083401427e-19,0.004784267108739471,9.812681699641553e-19,-5.03636580740083e-19,-0.009289910075693797,-3.087186617885704e-19,7.92271729564003e-20,30.132481468583606,4.0634422279814425e-31
0.15,5.663472030676765e-19,0.005761111101271865,9.223325128288291e-19,-3.760044926583794e-19,-0.01125869003617197,-3.1920637277429345e-19,5.878610876924137e-20,28.596641416615856,3.2475854426386734e-31
0.155,2.7971158019152745e-19,0.006728903535297093,8.429701434583738e-19,-2.3622417980812193e-19,-0.013210989767330261,-3.2341753921872813e-19,3.629475211026424e-20,26.996337129234,2.0512336067558715e-31
0.16,-2.245947608993932e-20,0.0076795941890068775,7.435232481020486e-19,-8.664247779611998e-20,-0.015130498895274513,-3.2079407777836173e-19,1.2121146066312076e-20,25.333342109964324,1.2386669765784502e-31
0.165,-3.3426622728948237e-19,0.008604827223976486,6.249622862887341e-19,6.994941945312272e-20,-0.017000265978339257,-3.1095144694560173e-19,-1.3291867756340764e-20,23.609863850073197,-3.690704254393991e-32
0.17,-6.491604267279044e-19,0.009496060745490809,4.889015672213743e-19,2.3037810327851875e-19,-0.0188029359127313,-2.937055355451286e-19,-3.9436188223589436e-20,21.82854693655939,-1.7586057319436814e-31
0.17500000000000002,-9.601265648340601e-19,0.010344694757066009,3.3758847207569162e-19,3.9117156541462934e-19,-0.020521012559669316,-2.6909309860603767e-19,-6.575158709951624e-20,19.992470460497056,-2.953593473672263e-31
0.18,-1.2598968082601163e-18,0.011142211596670393,1.7386455371502238e-19,5.486619651674111e-19,-0.022137142220159944,-2.373841495201392e-19,-9.164208912726127e-20,18.10513947211358,-3.9418942379543424e-31
0.185,-1.5411915301626607e-18,0.011880323847968555,1.0982338808473582e-21,6.991039002576512e-19,-0.023634413445563496,-1.9908504806245353e-19,-1.1649503213449217e-19,16.170470339040225,-5.241806968756641e-31
0.19,-1.7969751702157157e-18,0.01255111952623622,-1.769095333301541e-19,8.388033252601949e-19,-0.024996658208166878,-1.549314713765002e-19,-1.3970203513574209e-19,14.192769984881522,-6.453524546327477e-31
0.195,-2.0207155132041877e-18,0.01314721697999488,-3.5604356589440693e-19,9.642512794358475e-19,-0.026208762866119173,-1.0587099578525346e-19,-1.6068093289175313e-19,12.176709121444798,-7.814544624729295e-31
0.2,-2.2066335060898926e-18,0.013661903429806443,-5.320120427576793e-19,1.0722559250119125e-18,-0.02725695628932101,-5.30356171678853e-20,-1.788976169788447e-19,10.12728971469138,-9.328562225970537e-31
0.20500000000000002,-2.349930570096358e-18,0.014089271593732633,-7.004972865117553e-19,1.1600661320712038e-18,-0.02812909104787309,2.294845434487199e-21,-1.9388666904385447e-19,8.049807069962824,-9.570743933923488e-31
0.21,-2.4469810740364416e-18,0.014424340249561851,-8.573125762055233e-19,1.2254800249834183e-18,-0.028814891194258507,5.87369314461954e-20,-2.0526969021839402e-19,5.949807046089955,-1.0168123101962853e-30
0.215,-2.49547920986729e-18,0.014663158975068313,-9.985571892175507e-19,1.2669325375718243e-18,-0.029306169692091544,1.1485326441577622e-19,-2.1277032413000153e-19,3.8330390350834342,-1.0924104263234654e-30
0.22,-2.4945318708917323e-18,0.014802891424125164,-1.120761739512327e-18,1.283557082828341e-18,-0.029597002709621734,1.692053913046212e-19,-2.1622513596106104e-19,1.705405451452144,-1.0732157042890764e-30
0.225,5.4098059118177214e-14,0.01484187599488962,1.4191695910626415e-14,-1.4746972760488352e-14,-0.0296838581735841,-2.837038334793156e-15,3.2764639624931705e-15,-0.4270914318368959,1.2406957970792738e-26
0.23,-3.613129694646153e-19,0.014779661930120369,-3.659065386946088e-18,6.757792731529703e-19,-0.029565671381135417,1.6583930822592098e-18,-1.603114339091043e-19,-2.558404393139025,-6.154052388625047e-31
0.23500000000000001,-5.450513694975396e-14,0.014617017423688594,-1.3254634919161941e-14,1.4877037423522364e-14,-0.029243868930251438,2.5757736896293432e-15,-3.2912478264244753e-15,-4.68249696274154,-1.2524806542524425e-26
0.24,5.433182129325996e-14,0.014355915286515142,1.392466074488657e-14,-1.4842344590557197e-14,-0.028722340023364268,-2.756201973965021e-15,3.2912151186611133e-15,-6.793398936898356,1.2488702681290078e-26
0.245,-8.262716504703068e-17,0.013999486499557179,3.343542323256429e-16,1.5330757710533152e-17,-0.02800734663053106,-9.023579823988421e-17,3.170214024269086e-19,-8.885260736167073,-2.3205977712697285e-29
0.25,-5.422581790526336e-14,0.013551955034131424,-1.4266729725979197e-14,1.481737769373344e-14,-0.027107394226106862,2.8528541688323895e-15,-3.2901327108271352e-15,-10.952405664233908,-1.2466254122504382e-26
0.255,-7.630165361231743e-17,0.013018546489362848,3.2941671800802873e-16,1.2829681059646827e-17,-0.026033045044570713,-8.815748987474101e-17,6.46879563992489e-19,-12.989379186899999,-2.1282204281516247e-29
0.26,-5.4300640570239457e-14,0.01240538043130357,-1.3937210159746275e-14,1.4829113904401895e-14,-0.024796702086874234,2.763946426193144e-15,-3.2891920044241897e-15,-14.990994423453262,-1.2482103068799287e-26
0.265,1.025357298053185e-16,0.011719344955395172,-3.250477719290942e-16,-2.4597211784892897e-17,-0.02341235040682932,9.154966587495492e-17,1.09103842483372e-18,-16.952373147459642,3.0093797307622836e-29
0.27,1.0389669710231244e-16,0.010967958184807003,-3.188617013475715e-16,-2.5745379397685836e-17,-0.02189528041515132,8.98123349166908e-17,1.320091600509064e-18,-18.868981704588084,1.777462238665549e-29
0.275,-5.427904950288603e-14,0.010159225298068009,-1.394152054211453e-14,1.4818945120890713e-14,-0.020261787873337767,2.7660701254158374e-15,-3.2874885674513616e-15,-20.736661384199046,-1.2474587332148328e-26
0.28,1.0686104623989215e-16,0.009301488904029043,-3.0713861831888263e-16,-2.796159575150102e-17,-0.018528873355521114,8.697029993421185e-17,1.7423501490066844e-18,-22.551652914108967,2.0019974142297687e-29
0.28500000000000003,5.423729944531954e-14,0.008403280378828981,1.4262820918927718e-14,-1.482118712579627e-14,-0.0167139347452121,-2.8487198215360888e-15,3.290159232126157e-15,-24.31061488546075,1.2468297357523743e-26
0.29,-5.425901109533694e-14,0.007473175889785466,-1.3946818952227825e-14,1.4809358194362066e-14,-0.014834471267022309,2.7676142314442663e-15,-3.2858331501119187e-15,-26.01063604747415,-1.2467769705338243e-26
0.295,6.665141028565324e-17,0.006519660525469817,-1.381151810643759e-16,-2.1266564941136112e-17,-0.012907803329653689,4.02460747546181e-17,2.0860655824925838e-18,-27.64924154085089,2.3609252151004805e-29
0.3,-9.62055673287466e-17,0.005551000563187358,2.673595218387975e-16,2.8040630637983916e-17,-0.010950811980833919,-7.290687715130553e-17,-3.002221494920309e-18,-29.224393257925673,-3.626702415468665e-29
0.305,-2.6993966956620134e-14,0.004575133192631142,-7.395107407478413e-15,7.370906463509513e-15,-0.008979707539893411,1.5006502711559962e-15,-1.6410659840589495e-15,-30.734484621339618,-6.187503169904064e-27
0.31,-4.18015801771928e-17,0.00359956547247009,2.8408095148984206e-16,-2.813449115699434e-19,-0.007009824629086836,-7.522102928205852e-17,2.2583564525332466e-18,-32.178330167095204,-3.281301132442317e-30
0.315,-2.7140982349649373e-14,0.0026312944603859023,-7.00496167519268e-15,7.413469637649987e-15,-0.005055455950973453,1.392021078916372e-15,-1.6450466179300998e-15,-33.55515038816125,-6.2339959596295375e-27
0.32,2.7080444568622144e-14,0.0016767422417558464,7.107632656163641e-15,-7.389166920941765e-15,-0.00312971659658956,-1.419454888169504e-15,1.6406231711293465e-15,-34.86455235557571,6.2170003314143305e-27
0.325,5.727399413767362e-17,0.0007417071580562151,-2.624828414058113e-16,-6.854548711497613e-18,-0.0012444455246480857,7.208848027609457e-17,-1.7561060118489177e-18,-36.106506671458334,7.149615482566435e-30
0.33,5.4166605890455824e-14,-0.00016866760699940642,1.4228508755530904e-14,-1.4783418566994843e-14,0.0005898619384865356,-2.8434666679215573e-15,3.282767560261346e-15,-37.28132133165582,1.2438578986699296e-26
0.335,-2.705900320200543e-14,-0.0010499079193380112,-7.244959803040018e-15,7.391438548365365e-15,0.002364082324383787,1.4579536456124683e-15,-1.643299813712176e-15,-38.3896130817313,-6.213558545925717e-27
0.34,-3.023148443213132e-19,-0.0018982108950353904,1.2507393013026466e-16,-8.390948886783273e-18,0.004070468714040487,-3.2289824399157975e-17,2.1887357269947888e-18,-39.432276845239144,3.47577922521157e-30
0.34500000000000003,-1.3499092724504052e-14,-0.0027104326785121202,-3.663004846603678e-15,3.684345037507082e-15,0.005702626695708091,7.408819487575622e-16,-8.202091154136016e-16,-40.41045378049602,-3.0923208803293928e-27
0.35000000000000003,1.3511332692181029e-14,-0.0034840627486261155,3.716170696952826e-15,-3.692418410825093e-15,0.007255460392322277,-7.538689156261265e-16,8.212255145033083e-16,-41.32549849231354,3.0919333152163424e-27
0.355,-1.353870406494635e-14,-0.004217190551571548,-3.5040993542717997e-15,3.6915709161879795e-15,0.008725106385440995,6.972495336728937e-16,-8.199588026878168e-16,-42.178945889364414,-3.104282170043305e-27
0.36,1.3586114284736765e-14,-0.004908463709824673,3.4215114476635967e-15,-3.706662589892213e-15,0.010108845567216918,-6.738633795364584e-16,8.210391791720174e-16,-42.972478129395355,3.1176114737228413e-27
0.365,-1.3513361510530299e-14,-0.005557038363626532,-3.543010770037824e-15,3.6820878021725815e-15,0.011405002867878267,7.081951436748814e-16,-8.185889719402992e-16,-43.70789204797286,-3.0979907469258057e-27
0.37,1.3480628217269969e-14,-0.006162525986347589,3.762330589110423e-15,-3.681060248209044e-15,0.012612837644986996,-7.679047217567124e-16,8.197346541969207e-16,-44.38706741542139,3.08575311375492e-27
0.375,-1.3463119710136347e-14,-0.006724937740635539,-3.7390876958733726e-15,3.672376403116691e-15,0.013732428870969926,7.613901170614975e-16,-8.186347601384242e-16,-45.011936314930765,-3.079488449598661e-27
0.38,-2.71158727186815e-14,-0.007244623744931289,-6.929299718385908e-15,7.394779236115878e-15,0.0147645522163522,1.3715358027988057e-15,-1.640614809582271e-15,-45.5844538836063,-6.227495756724537e-27
0.385,1.3577720038949812e-14,-0.0077222176174984725,3.4237884442264204e-15,-3.7028333737750525e-15,0.015710563537918887,-6.754936347367881e-16,8.204973490564577e-16,-46.10657061372349,3.1211889840824158e-27
0.39,-1.3548887471753156e-14,-0.008158576456814615,-3.4931999289676683e-15,3.695419398896664e-15,0.016572278664344964,6.930112114039199e-16,-8.202835254215756e-16,-46.58020636205602,-3.1104062988011184e-27
0.395,1.3547153703803301e-14,-0.00855472419392811,3.4953291003579304e-15,-3.6934583744772915e-15,0.017351857597699194,-6.957612665119423e-16,8.195829273259027e-16,-47.007226178883556,3.1077850181723744e-27
0.4,1.3524411120938498e-14,-0.00891180050862772,3.579237832793368e-15,-3.68872810941412e-15,0.018051695857501215,-7.188047574551032e-16,8.195535582717573e-16,-47.38941803131168,3.1031165613904547e-27
0.405,-1.1029872101765665e-19,-0.009231006714621515,-1.0030876409309754e-18,7.095780766769633e-19,0.018674321053945064,-1.0720099467291127e-18,-2.4349924839683056e-19,-47.72847246333927,-5.44954964243185e-31
0.41000000000000003,2.70657787101463e-14,-0.009513561441572449,7.085614981803751e-15,-7.380847971160136e-15,0.019222295806187617,-1.4168159825699514e-15,1.6392148795399582e-15,-48.02596421215079,6.211952233815341e-27
0.41500000000000004,4.343003269142401e-18,-0.009760656867996431,-1.8889270631389988e-17,-1.4717699059068055e-19,0.019698131499989557,3.577149263219302e-18,-2.0095129396272694e-19,-48.28333577776196,6.528143273515411e-31
0.42,1.3528930313506743e-14,-0.009973419531590366,3.5525971165482972e-15,-3.6889774862838e-15,0.02010421002516871,-7.120760166474574e-16,8.194519374797166e-16,-48.501882928266284,3.104117135675203e-27
0.425,-7.220788036555783e-19,-0.010152877578924802,-6.327418842246117e-19,9.21153389084227e-19,0.020442714328327227,-1.6265560368459408e-18,-1.7050655336666315e-19,-48.68274211232376,-5.869853735140443e-31
0.43,1.3533292607280903e-14,-0.010299928902995248,3.5326017934203576e-15,-3.6896081094322615e-15,0.020715566904746296,-7.068694502633435e-16,8.194200400753239e-16,-48.82687974305764,3.1051887836709136e-27
0.435,8.772423667912902e-19,-0.010415318322955613,-7.693490189492683e-18,6.625371563584326e-19,0.02092438124748952,7.544032413351021e-20,-1.4885315186522131e-19,-48.9350833170354,-5.514835324688819e-31
0.44,2.7058470897154072e-14,-0.010499616528171885,7.096427127158531e-15,-7.378134421778923e-15,0.021070420967747694,-1.420602678923193e-15,1.6389517748516338e-15,-49.0079543300201,6.208694781256463e-27
0.445,-1.3529808081113117e-14,-0.010553204894691248,-3.553289646447289e-15,3.690491510869371e-15,0.021154568137671248,7.083745630055709e-16,-8.196742965672452e-16,-49.04590295677116,-3.1053481587390943e-27
0.45,1.3526962366390756e-14,-0.010576262536666547,3.5535190513834526e-15,-3.688099857724213e-15,0.021177301003000082,-7.130419620408525e-16,8.194082941204498e-16,-49.049144467241646,3.1033193591067593e-27
0.455,-1.3525017451986944e-14,-0.010568764345869397,-3.5522493575532996e-15,3.688264509524824e-15,0.02113868380478756,7.081236827208284e-16,-8.192979358613946e-16,-49.01769736090403,-3.1034531596559185e-27
0.46,2.078542895457549e-18,-0.010530474344172092,-1.3667640052713926e-17,5.495146884724281e-19,0.021038362564141266,1.1519562329128093e-18,-1.273747296261373e-19,-48.95138320624878,2.1312997925252384e-31
0.465,-8.820185074852799e-18,-0.010460954143326262,2.7859232691057705e-17,2.74200916455822e-18,0.020875572880717286,-1.028639403449713e-17,-1.2784646263249962e-19,-48.849828187401044,-4.3936959661063526e-30
0.47000000000000003,1.353094166952852e-14,-0.010359566299364076,3.5406317514260023e-15,-3.6890205468291594e-15,0.020649155373121175,-7.099311354675698e-16,8.194678112251094e-16,-48.7124663638718,3.1048649373440124e-27
0.47500000000000003,-1.3502302817731003e-18,-0.010225489699379864,-3.0121665238441063e-19,1.2646468692431237e-18,0.02035758399598464,-2.8154955557343103e-18,-1.361408970186517e-19,-48.53854466382172,-9.600541644693374e-31
0.48,-1.2764249487197195e-18,-0.010057737195964478,-2.698725549053666e-19,1.2503229189548693e-18,0.01999899818969375,-2.9302484444279573e-18,-1.4303759295371042e-19,-48.32712963468701,-1.0524570244936536e-30
0.485,-1.172252135031559e-18,-0.009855176414973243,-2.3674376473671633e-19,1.224829046039473e-18,0.019571253225858953,-3.0443773754416633e-18,-1.5222383577879004e-19,-48.07711598518404,-1.1416294020167086e-30
0.49,1.3535683590131393e-14,-0.009616560009369834,3.530577755086574e-15,-3.690476540126529e-15,0.019071970505653013,-7.075277965917916e-16,8.19592742589148e-16,-47.78723695382132,3.106791952353144e-27
0.495,-8.673774093856593e-19,-0.009340553870096358,-2.196069001477641e-19,1.1447425282485501e-18,0.01849860596966124,-3.245884484865561e-18,-1.7988706005696601e-19,-47.4560765424896,-1.1289383173623791e-30
0.5,-6.85058360160486e-19,-0.00902577834708751,-2.058005295760965e-19,1.0946265231190049e-18,0.01784852186252195,-3.3487303877688013e-18,-1.9829522248746428e-19,-47.08208365106745,-7.912716432798808e-31
0.505,-8.617252791349741e-18,-0.008670847001511106,3.081529890019916e-17,2.664746611628528e-18,0.017119073326391288,-1.1907134406805513e-17,-2.204175458563842e-19,-46.663588142727264,-2.6041900961633797e-30
0.51,1.3532830013171969e-14,-0.008274415239334587,3.554725873836928e-15,-3.690749987138278e-15,0.016307696099449487,-7.143718750070799e-16,8.197591895562402e-16,-46.19881886007085,3.1059348232232507e-27
0.515,-9.512781125355043e-18,-0.00783522956520244,3.5899613452807695e-17,2.8238166657895404e-18,0.015412014986541323,-1.346412662621482e-17,-2.811988947696071e-19,-45.68592359882756,-2.50277641502047e-30
0.52,-1.3514704058616072e-14,-0.007352182002485108,-3.5407878135156924e-15,3.682769394365269e-15,0.014429942427742759,7.042007611242266e-16,-8.184972678115224e-16,-45.12299102247179,-3.0985737656518095e-27
0.525,-1.3491480359164143e-14,-0.006824368242085654,-3.7221205028141474e-15,3.685119552400364e-15,0.013359799792443283,7.525595178030874e-16,-8.206212325424675e-16,-44.508074482839646,-3.0878707084780244e-27
0.53,5.825918419323531e-19,-0.006251147273054869,1.0369799282400012e-16,-6.989761395822476e-18,0.012200433261131849,-3.099709275973354e-17,1.9109252995786406e-18,-43.839217675367586,3.444790556295856e-30
0.535,-1.3438792971219041e-14,-0.005632203084658727,-3.873478853553568e-15,3.6710415606514866e-15,0.01095133529421588,7.943525046159945e-16,-8.196737015829644e-16,-43.11448202748611,-3.0929501764660846e-27
0.54,-4.062556278682394e-14,-0.004967607508348237,-1.0567181549072799e-14,1.1081989515390549e-14,0.009612768423664875,2.101857119879711e-15,-2.4608086777832942e-15,-42.33197567757041,-9.327508482927408e-27
0.545,1.3566810562186677e-14,-0.004257879874387527,3.453463321573351e-15,-3.699188812621584e-15,0.008185883413275974,-6.868568542692131e-16,8.199516512336336e-16,-41.48988385711618,3.1139825722388074e-27
0.55,1.3512900381222434e-14,-0.003504048715157637,3.6621281602427236e-15,-3.6885760936271e-15,0.006672837801168896,-7.437981685064225e-16,8.199449706113108e-16,-40.586500444379254,3.1088591633086377e-27
0.555,3.150736468952895e-17,-0.0027077039782170687,-4.86611182354002e-17,-1.0206498940194262e-17,0.0050769010155065075,1.0025240497704808e-17,7.475890599041382e-19,-39.62026040361063,7.931580933711062e-30
0.56,2.7130191270913203e-14,-0.0018710491118554273,6.940006753277975e-15,-7.40026196326456e-15,0.003402550641482094,-1.3784320891000637e-15,1.6408134442508343e-15,-38.58977277752195,6.231249476197563e-27
0.5650000000000001,-6.074470502562794e-17,-0.000996941051667477,3.0553963225978234e-16,8.211707570519983e-18,0.0016555547528653847,-8.656019113662237e-17,6.255269739251861e-19,-37.493853845776286,-2.022805553352693e-29
0.5700000000000001,2.7136396332257327e-14,-8.8925025281128e-05,6.9263481684645514e-15,-7.402012327635204e-15,-0.0001569668539573854,-1.3744287783282268e-15,1.6408512094389389e-15,-36.33156001524734,6.2306452816483416e-27
0.5750000000000001,-6.605982972574456e-17,0.0008487464902913189,3.237571365904296e-16,9.655468423950952e-18,-0.0020265029750135,-9.140582946369736e-17,3.780672813031186e-19,-35.1022199606989,-2.073514162367592e-29
0.58,9.126290775353642e-17,0.0018111032202341448,-1.8358161817726972e-16,-2.876478908546283e-17,-0.003943138821867365,4.82780562615547e-17,2.41808436486933e-18,-33.80546549630852,2.5300495181627875e-29
0.585,-2.7060237074113487e-14,0.0027924664945260247,-7.19135358137376e-15,7.389105503772392e-15,-0.005895571137457978,1.43964808426213e-15,-1.6430331338107435e-15,-32.44126062481542,-6.2152397903752275e-27
0.59,-1.5831398312319352e-17,0.00378646965509688,2.2125439066106188e-16,-6.957322518852823e-18,-0.007871155543568875,-6.214378611535246e-17,2.1746814543387913e-18,-31.009928190876867,-1.4778236225856678e-29
0.595,7.030819364239475e-17,0.004786101759009398,-2.1887889298848737e-16,-1.526384222979635e-17,-0.009855994987262306,5.7065819091504e-17,-5.841191933569716e-19,-29.512173552430852,1.5289804147215764e-29
0.6,-2.0235846539784534e-17,0.005783762425906502,2.269549083132159e-16,-4.97746814476091e-18,-0.011835048421119154,-6.345219130705723e-17,1.7281431099285626e-18,-27.9491046937988,1.2643827437154328e-29
0.605,-5.409997096033884e-14,0.006771342525624391,-1.4636094341682395e-14,1.4785862378386795e-14,-0.013792295362890172,2.950541465922664e-15,-3.289100185380669e-15,-26.32224821451129,-1.2419955603225436e-26
0.61,1.0825940077273722e-13,0.007740316233082467,2.90153055390771e-14,-2.9572752790588016e-14,-0.01571091698157545,-5.840375048668335e-15,6.571706589219697e-15,-24.633560675628047,2.485813933387101e-26
0.615,-5.4297786329148275e-14,0.00868185445270342,-1.3699132609262956e-14,1.4811153113311336e-14,-0.017573521625010358,2.6970274183527693e-15,-3.2848998172900642e-15,-22.88543482854596,-1.2435289052027778e-26
0.62,2.1320299950872826e-16,0.009586952020796957,-7.113313137398961e-16,-4.730082489589446e-17,-0.01936239660631145,1.9299903351210177e-16,2.2949928349271646e-19,-21.080700329357697,5.867913801414613e-29
0.625,-7.056606192179582e-17,0.01044656728346638,2.1618066061385258e-16,2.1392430827003785e-17,-0.021059782111024106,-6.201471735481614e-17,-3.438640331331199e-18,-19.222618627159925,-2.8454508041919187e-30
0.63,1.6944780513119753e-17,0.011251771716388248,2.661724716722607e-16,-2.6114800113289817e-17,-0.02264816933798386,-7.124308027251331e-17,5.652401275436574e-18,-17.314871817000352,2.576296280154991e-29
0.635,-5.407572040843455e-14,0.01199390917948051,-1.4668798315028227e-14,1.4776888517452607e-14,-0.024110605898755466,2.9613774029193684e-15,-3.2881324399214685e-15,-15.361545366454095,-1.2419397233355798e-26
0.64,-5.850012963328038e-17,0.012664752910694688,2.293716094121509e-16,1.4532955759314456e-17,-0.0254310099540902,-6.44656457744195e-17,-2.1457420315571907e-18,-13.367104750306261,-1.3489730060382315e-29
0.645,3.5000781647220515e-17,0.013256665297291192,2.795131374674439e-16,-3.601547730609546e-17,-0.026594475183486566,-7.331924832536988e-17,7.537666438444316e-18,-11.33636616173513,1.872220502981675e-29
0.65,-5.406441124371278e-14,0.01376274854192161,-1.467804064093904e-14,1.477218008416146e-14,-0.02758757043820026,2.965093765393434e-15,-3.287415666647547e-15,-9.274461603912716,-1.242916325681825e-26
0.655,5.4014298387377466e-14,0.014176986589191642,1.5175477409607952e-14,-1.477901953691823e-14,-0.028398609016306864,-3.099225520976264e-15,3.2900245373601588e-15,-7.186798802506772,1.241233919100098e-26
0.66,8.816771661283502e-17,0.014494371294489383,-4.66517575161742e-16,-3.4072477180522265e-18,-0.0290178963836496,1.2605164136639147e-16,-5.532730478359929e-18,-5.07901650507851,-3.942314856209303e-30
0.665,-8.383372956316364e-17,0.01471100839187045,6.008812492027974e-16,-1.7406549413948245e-18,-0.029437933590784837,-1.610448112373775e-16,4.463564626204187e-18,-2.9569358542141444,9.036352011891319e-30
0.67,2.2838310113016316e-16,0.014824206026275988,-7.83790351054259e-16,-4.8534506190541186e-17,-0.029653582765064357,2.1549592755380874e-16,-2.1967987233062573e-19,-0.8265086196691911,6.317235852429223e-29
0.675,-8.665569069881532e-17,0.01483252821721237,2.1305956159953708e-16,3.021801349698762e-17,-0.02966217306052954,-5.912644101546471e-17,-4.964991520679822e-18,1.3062368362372077,-2.5493431048847544e-29
0.68,1.0878427843866185e-17,0.014735833729645265,2.6163446353606985e-16,-2.2484041775456527e-17,-0.029463568598245615,-6.765184815179274e-17,5.2115665404138036e-18,3.4352509337991535,8.356598826068831e-30
0.685,-1.0820330143296989e-13,0.0145352742451621,-2.889923473732313e-14,2.954189614122665e-14,-0.02906016287313662,5.809840098027917e-15,-6.567923270821465e-15,5.5545186172771395,-2.486289652076666e-26
0.6900000000000001,2.715705131770237e-16,0.014233273362918908,-1.1374035425748026e-15,-4.2423790367013915e-17,-0.02845683350017225,3.1058775040058125e-16,-4.407769078493602e-18,7.658114491088892,4.377749254202812e-29
0.6950000000000001,-1.6200321606518166e-16,0.01383347225664977,9.278258398729308e-16,1.1190927737026906e-17,-0.02766083271480113,-2.4908839967144023e-16,5.732475197871074e-18,9.740256384914687,3.4672040210020775e-29
0.7000000000000001,-1.0820244805427254e-13,0.013340652095564565,-2.889149865887484e-14,2.9540899573150363e-14,-0.026681632714513626,5.808629358822767e-15,-6.567369002371254e-15,11.795356432007448,-2.4838843000834558e-26
0.705,2.6648555967958977e-16,0.012760631385859256,-1.115033850846811e-15,-4.177135351757211e-17,-0.02553072454644223,3.0522736218495727e-16,-3.989283041907454e-18,13.81806880739806,4.4496384938496874e-29
0.71,-1.5719619129204638e-16,0.012100144869599205,9.005330333420576e-16,1.0798802041958205e-17,-0.02422137776888178,-2.4096894861990337e-16,5.890602461840004e-18,15.803333363184933,-2.3116460037356876e-29
0.715,-1.0820445380718711e-13,0.011366704371212677,-2.8878522334343587e-14,2.9540902363264913e-14,-0.02276836944751892,5.805866156240973e-15,-6.5668551330314336e-15,17.746414503172886,-2.485299150547469e-26
0.72,2.547485817440631e-16,0.010568450369419224,-1.07994898215945e-15,-3.888787176684676e-17,-0.021187692185520746,2.961236380556796e-16,-3.778792985202961e-18,19.64293476149726,9.634421000016017e-29
0.725,-1.5399863848465065e-16,0.009713992995067144,8.611941081334939e-16,1.2086177120320698e-17,-0.019496245233895593,-2.2990584952145645e-16,5.69371610123518e-18,21.488902677435,-2.5091937154883036e-29
0.73,-1.0820891978001935e-13,0.008812251598470766,-2.885990707353884e-14,2.9541655748476766e-14,-0.017711522499226362,5.801347113796896e-15,-6.566354870827775e-15,23.28073469717162,-2.4839055377919852e-26
0.735,2.373912039581086e-16,0.007872297616259516,-1.032161107945224e-15,-3.4285502655777085e-17,-0.015851303290773444,2.8323170995411404e-16,-3.708243143181039e-18,25.01527096696051,3.702813144280257e-29
0.74,-1.5135301425397738e-16,0.006903199236568014,8.116556452753501e-16,1.438555708148209e-17,-0.013933355865404451,-2.1641884541244159e-16,5.2535211579012865e-18,26.68978501477632,-2.845277266780167e-29
0.745,-5.403861405323238e-14,0.005913879331963301,-1.493328468485714e-14,1.4778950884331765e-14,-0.0119751552834515,3.0367942160343176e-15,-3.2891226007742784e-15,28.3019874420358,-1.2411584507591417e-26
0.75,5.426806690634908e-14,0.0049129829971406025,1.447272819815442e-14,-1.4852198249069824e-14,-0.009993631165485795,-2.9008822472765306e-15,3.2987330335049856e-15,29.850023860431705,1.2486971509457548e-26
0.755,-5.415093922543997e-14,0.003908760837219916,-1.432927537892878e-14,1.478747410502254e-14,-0.008004938550371321,2.8744414471289857e-15,-3.284558875016204e-15,31.332467407097944,-1.244522685079971e-26
0.76,9.76652528296754e-17,0.0029089688340206976,-3.6911004660755686e-16,-1.727174610848305e-17,-0.006024267015931173,1.0409194066771546e-16,3.3957576945773687e-19,32.74830625713985,1.4079233019659712e-29
0.765,5.413122364585339e-14,0.001920787273789415,1.439193377905154e-14,-1.4777728600026588e-14,-0.004065678654725957,-2.8850727853929277e-15,3.2848085842128786e-15,34.096926616843966,1.2426403485709366e-26
0.77,-7.719700226878984e-17,0.0009507570981881486,4.3006805746278466e-16,6.8789256058883035e-18,-0.0021419890807550246,-1.1258224718018503e-16,3.908929217461333e-18,35.37809173282244,-8.07921605708044e-30
0.775,7.989733908775883e-17,4.733278345270264e-06,-3.4189271862623874e-16,-1.088687458570097e-17,-0.00026467736248037,9.628506554252166e-17,-8.809185534161384e-20,36.591917481435026,2.4798871406112337e-29
0.78,-4.2380233713230687e-17,-0.0009121407593788433,4.136414695352913e-16,-9.44155238038617e-18,0.0015561666698999943,-1.0672179975721313e-16,7.035515033477888e-18,37.73884512182652,-1.8239815136725497e-29
0.785,1.0266929882296309e-16,-0.0017954445537107233,-3.079431335901409e-16,-2.5120132446496855e-17,0.003311861800895599,8.855766810266887e-17,3.138509531198663e-18,38.81961179393204,2.3305922751318423e-29
0.79,5.414592553829894e-14,-0.002641474068710181,1.4363574098399084e-14,-1.4783584360380726e-14,0.004995123823661629,-2.8767506508868263e-15,3.286338537928135e-15,39.83521933132479,1.2441297614429032e-26
0.795,-4.674799922477592e-17,-0.0034472265736376073,3.603354524295373e-16,-3.291853968545291e-18,0.006600032226742769,-9.265840027893127e-17,5.850634885250007e-18,40.78690193206998,-3.6486661627828704e-30
0.8,7.959955136975035e-17,-0.0042103651213807325,-2.7782654334620542e-16,-1.6285117657464124e-17,0.008121968058830475,7.975768369441893e-17,2.2655136747670132e-18,41.67609320107128,2.8129964763752257e-29
0.805,4.080575363403571e-17,-0.004929181351020162,-2.7820095059276985e-16,2.932211495201763e-18,0.009557535668790251,7.796025874763536e-17,-1.094350036493072e-18,42.504393030311036,5.099164844661531e-31
0.81,-5.087500272877619e-17,-0.0056025455601584895,3.0714799479951636e-16,2.5181047037139617e-18,0.010904467515501892,-7.931966534033709e-17,4.699258437638822e-18,43.27353474176601,-1.3881527995452603e-29
0.8150000000000001,5.646501216635931e-17,-0.006229851445048951,-2.420573090933612e-16,-8.020822440545757e-18,0.012161516832136954,6.88643443308314e-17,1.5012722325256158e-18,43.98535286523817,1.2294113777918442e-29
0.8200000000000001,5.4075291810659016e-14,-0.006810957751307356,1.4473284646766772e-14,-1.475800602055266e-14,0.013328344082992771,-2.909143175693502e-15,3.2834972246441897e-15,44.641751872613504,1.2406630465213036e-26
0.8250000000000001,2.877508863133761e-17,-0.007346125530844461,-5.377731735522609e-17,-9.241140739923597e-18,0.01440539383071382,1.8154671587456514e-17,3.7469526828045035e-18,45.244676140579266,8.523948268870078e-30
0.8300000000000001,-2.6046918753195638e-18,-0.007835955563741948,-6.078962156892183e-17,6.8128267806013375e-18,0.015393774961793838,1.8434939851601612e-17,8.719699337823374e-19,45.79608136197152,-5.962903761227783e-30
0.835,5.4184101084255225e-14,-0.008281325673463513,1.4311496241208112e-14,-1.480003099620473e-14,0.016295136045329173,-2.862617314039589e-15,3.2898759160738457e-15,46.297907582457775,1.2448874175816596e-26
0.84,-5.415901814836087e-14,-0.008683330098447684,-1.4264099521569632e-14,1.4784995616784576e-14,0.017111546942921052,2.856203733337152e-15,-3.2810253076913043e-15,46.75205399392824,-1.2440428482984919e-26
0.845,5.4126415676112955e-14,-0.009043218761121352,1.4276247878749672e-14,-1.476884662787701e-14,0.01784538304045924,-2.8563133990748723e-15,3.284056149906522e-15,47.16035557976268,1.2424963620912139e-26
0.85,-2.5083523265176043e-17,-0.009362343122456096,1.6868000199901683e-16,-4.392096339894892e-19,0.01849921564667767,-4.320654691352151e-17,4.7274346257411404e-18,47.52456167176839,-1.2111794438461383e-29
0.855,1.1906463533507057e-17,-0.009642103859524909,-8.251697218853813e-17,6.661031130156229e-19,0.01907571168622013,2.386316418406064e-17,2.221476089014611e-18,47.84631645133054,-3.611634502787755e-31
0.86,-1.390238368428874e-17,-0.009883902099609543,4.840810516380522e-17,3.1488981305500253e-18,0.01957753770738435,-1.1697852387398555e-17,3.0843793011600564e-18,48.127141404194,-3.639323923333157e-30
0.865,-4.561425599417899e-18,-0.010089098200449342,4.413482424497542e-17,-1.2813862720282222e-18,0.020007277858155703,-1.0373372021106287e-17,3.909490919302136e-18,48.36841971798937,1.4282987576614966e-31
0.87,-1.2574788404570485e-17,-0.01025897046444868,-2.7680504255418898e-17,8.1757800919681e-18,0.020367354031577634,7.807096298174114e-18,1.583234769522781e-18,48.571382601897554,-7.552044790974144e-30
0.875,-6.085174863026396e-18,-0.010394684683264543,-2.0922349011370922e-17,4.297356126147764e-18,0.020659963484760624,6.099856009447621e-18,2.4028793554383677e-18,48.73709749366441,-3.485668615728581e-30
0.88,-1.3594259689641621e-17,-0.010497263048820926,3.85494809960037e-17,3.2757712017209928e-18,0.020887021931102367,-9.97345397811053e-18,3.1999934620763856e-18,48.86645812001671,-5.9692267767865295e-30
0.885,6.539018636138986e-18,-0.010567563347736009,-7.840188926046837e-18,-3.223815751761663e-18,0.021050114650961405,2.830723694797874e-18,3.98002105850466e-18,48.96017637110576,3.1308187742025696e-30
0.89,-2.7069160724136122e-14,-0.010606256669560832,-7.100130402612349e-15,7.383965775358196e-15,0.02115046065004833,1.4193376089573972e-15,-1.6365706901377213e-15,49.01877595400383,-6.213290326474823e-27
0.895,2.706760685876805e-14,-0.010613818371090655,7.10303077329873e-15,-7.384948822288992e-15,0.021188888149083596,-1.4198067967039047e-15,1.6438488997344717e-15,49.04258779268203,6.2139835234578265e-27
0.9,-5.758290080070299e-18,-0.010590515606026862,2.137997750564383e-18,1.7465318971294862e-18,0.021165812605460133,-9.561802271419858e-19,3.301824277481091e-18,49.0317471530078,-1.7198601498871408e-30
0.905,-2.7077109778116124e-14,-0.010536406007754184,-7.106799654240916e-15,7.388067991557602e-15,0.02108123211424129,1.420090542725959e-15,-1.6372570599258373e-15,48.98619247350525,-6.2166671528971946e-27
0.91,2.8033541275427825e-18,-0.010451337372819669,3.067765326834375e-17,-4.970462954360731e-18,0.020934727371987094,-8.440742369940469e-18,4.8535551776893594e-18,48.90566589776706,5.6891198265540146e-30
0.915,-2.7098766776954086e-14,-0.010334954840625521,-7.09374876116225e-15,7.397557894357402e-15,0.02072547519836121,1.4153084296828426e-15,-1.6387809107378244e-15,48.78971550982323,-6.225258791950493e-27
0.92,2.7076840637185667e-14,-0.010186709372076663,7.0978505700377405e-15,-7.389728469245813e-15,0.020452265109014434,-1.4190738802994109e-15,1.6448386936440676e-15,48.63769928687292,6.2180525953642614e-27
0.925,-2.708638759396462e-14,-0.010005876324592933,-7.081161004972261e-15,7.390173254262037e-15,0.020113535392226822,1.4121734447341004e-15,-1.6372736124618754e-15,48.448790787892484,-6.2185337660570995e-27
0.93,2.7071620642177307e-14,-0.009791572836296503,7.052875031582445e-15,-7.38386869260697e-15,0.019707407267667065,-1.4079697396854949e-15,1.6434164399947003e-15,48.22198661049313,6.212860174376279e-27
0.935,-2.364211092680417e-17,-0.009542784724313691,2.778937896930943e-17,7.772033240459326e-18,0.01923173995572114,-9.859834309416813e-18,2.6749742596710247e-18,47.95611564659948,-7.480254639108592e-30
0.9400000000000001,5.414240384288281e-14,-0.00925839563691877,1.4141443479064344e-14,-1.4768633084699752e-14,0.018684185895359917,-2.8243161262554733e-15,3.283608786085652e-15,47.64985017741717,1.2426961601150565e-26
0.9450000000000001,4.775541324749984e-17,-0.008937220792157419,-1.7318843314064893e-16,-1.2312138689331771e-17,0.018062261306091898,4.538080398868434e-17,4.457074684747981e-18,47.30171884321042,1.6419408651457488e-29
0.9500000000000001,-6.786061983296305e-17,-0.008578049014184685,1.542042157535597e-16,1.950419808503492e-17,0.017363424473728628,-4.542463092214927e-17,1.8323144270514507e-18,46.910121522384486,-1.9603990101754995e-29
0.9550000000000001,5.41750340704187e-14,-0.008179680896098773,1.399126012050118e-14,-1.4773443691341893e-14,0.016585161581502916,-2.7842046826721848e-15,3.2831512318731028e-15,46.47334614791185,1.2436070392509194e-26
0.96,-2.0407878810387673e-17,-0.007740982702227228,5.027486403425849e-17,3.746141692623593e-18,0.01572508375486592,-1.6556493301658886e-17,3.754669683639483e-18,45.989587473456865,-5.062146401694161e-30
0.965,-5.0985498932856e-17,-0.007260931827159922,4.3002301518574734e-17,1.944659425331302e-17,0.014781027422607451,-1.6110920388380135e-17,8.627870432349135e-19,45.45696779117607,-1.8003635017103195e-29
0.97,5.422236283444432e-14,-0.0067386752449696274,1.4128997522496986e-14,-1.480812722572515e-14,0.013751167221087712,-2.8186665790174847e-15,3.2908596801770753e-15,44.87355957475879,1.2460606985222502e-26
0.975,-5.4217076781296945e-14,-0.006173583949067307,-1.4166675570902031e-14,1.480279864738089e-14,0.012634128464824812,2.8228144176177168e-15,-3.2822127312789854e-15,44.237410001382216,-1.2460175868452717e-26
0.98,5.421498889932277e-14,-0.005565313813029604,1.3915788415375254e-14,-1.478789044585412e-14,0.011429106970595626,-2.7635475809738414e-15,3.2852200569433917e-15,43.546567269278896,1.244767397715781e-26
0.985,-1.1363853111774641e-17,-0.004913862976199113,7.417898461626289e-17,-3.3094632381143335e-18,0.010135989076346164,-2.33461101106626e-17,5.4021080921778135e-18,42.799108594795634,-2.5447956165906852e-30
0.99,-4.630944472664615e-17,-0.0042196316845739545,6.416787558983411e-17,1.4803018796090906e-17,0.00875547227798279,-2.2392778094337572e-17,2.0378826902780222e-18,41.99316972911118,-1.896899667728629e-29
0.995,-5.412755124317814e-14,-0.0034834801173744268,-1.4348118096919165e-14,1.47717209283205e-14,0.007289180969010545,2.8734544189078645e-15,-3.278216045634081e-15,41.126975791388475,-1.242785510729135e-26
1.0,-2.2127371734267048e-17,-0.0027067812031873473,8.106294162062958e-17,1.1672301055965497e-18,0.005739777227873333,-2.6079276639141955e-17,4.733588272276832e-18,40.198873165920965,-5.051467751715045e-31
1.0050000000000001,-6.009079594535212e-17,-0.0018914702963428454,6.854664790748794e-17,2.1042557170356627e-17,0.0041110610277854676,-2.4506704102784592e-17,1.0136224328380526e-18,39.20736216066407,-1.384284507998091e-29
1.01,-5.4137276739493606e-14,-0.0010400882688017532,-1.437340986978837e-14,1.477816745345904e-14,0.002408060276408719,2.8793544618907285e-15,-3.2795896709144544e-15,38.151130072854464,-1.243088099403825e-26
1.0150000000000001,-3.212686725734025e-17,-0.00015581436320388775,8.607604882038753e-17,5.552170373365469e-18,0.0006370990682995625,-2.8026646539172344e-17,4.037982428165575e-18,37.02908425863458,-6.335196764864677e-30
1.02,-7.262097145639417e-17,0.0007575090069877888,7.106637330489707e-17,2.6968837525342567e-17,-0.0011941498445224852,-2.578540299486902e-17,-6.991434680166507e-21,35.840384752660896,-2.6544305940864124e-29
1.025,-5.414569043423376e-14,0.00169536343346266,-1.439824009367884e-14,1.4784105266154854e-14,-0.003076637499063395,2.885513885609461e-15,-3.2809128959048197e-15,34.58447594280145,-1.2438750477093102e-26
1.03,-3.963445154210943e-17,0.0026525583949421616,8.963250118019024e-17,9.01421822295536e-18,-0.004999941078963843,-2.914592796418755e-17,3.4386614082165332e-18,33.26111676739083,-1.98051437545565e-29
1.035,-8.192449593492171e-17,0.003623244738051312,7.237622680833651e-17,3.160045019405428e-17,-0.006952293183928759,-2.6257362800570883e-17,-8.726796035704973e-19,31.870408872340555,-3.8785209797844136e-29
1.04,-5.415071561120022e-14,0.004600950011763416,-1.4421306178449275e-14,1.4788448371503155e-14,-0.008920644195697491,2.8917149551260735e-15,-3.282009521875626e-15,30.412822150884995,-1.2442395128534464e-26
1.045,-4.283767881320248e-17,0.0055786257901786485,9.256756330040469e-17,1.0619889080203467e-17,-0.010890764123672625,-2.9568869227918967e-17,3.0776022764889652e-18,28.88921708179071,-2.5179663600732507e-29
1.05,-8.610382956412335e-17,0.006548714948444001,7.351362966365796e-17,3.3931153460831454e-17,-0.012847368061059683,-2.6132538536533442e-17,-1.4256915647623714e-18,27.300863291419514,-3.8829518872984946e-29
1.055,-5.4150542944884666e-14,0.007503236361237953,-1.4440970928282997e-14,1.4790179322294833e-14,-0.014774291708334886,2.8975568988370303e-15,-3.2827117031025877e-15,25.64945379439614,-1.2443712224042536e-26
1.06,-4.040699431063192e-17,0.00843388328271999,9.595595202345301e-17,9.61395071466477e-18,-0.016654686480180203,-2.9598471780923235e-17,3.070365574246134e-18,23.937114404338807,-1.6285597589751028e-29
1.065,-8.395274165647208e-17,0.009332138564943193,7.565789998290778e-17,3.3240731815571296e-17,-0.018471252790746462,-2.5776827297890854e-17,-1.552216956786991e-18,22.166407872725877,-3.9831954706027986e-29
1.07,-1.26892087813754e-16,0.010189403369544436,5.3167660300051065e-17,5.69031802984771e-17,-0.020206500990539666,-2.092611195740576e-17,-6.234518490377777e-18,20.34033238767733,-6.373136838266942e-29
1.075,-1.6819777891435932e-16,0.010997132522462039,2.8893715276664936e-17,8.007681539669303e-17,-0.021843026831263046,-1.508781216238399e-17,-1.0889442011076436e-17,18.462314157471372,-6.677403246922281e-29
1.08,1.0872544612337394e-13,0.011746985221073203,2.8020002427876252e-14,-2.9732344706029586e-14,-0.02336381417980249,-5.557802308329439e-15,6.596293004123995e-15,16.53619391712122,2.4986875707033595e-26
1.085,-1.0845739238516795e-13,0.012430967354696065,-2.8396727373315527e-14,2.962441239905257e-14,-0.02475253208160666,5.6660386667394654e-15,-6.573719200289157e-15,14.566207307715622,-2.492666431597061e-26
1.09,-1.8839938239948746e-16,0.013041586846014752,7.717668249859512e-16,3.187695001642922e-17,-0.02599384654001824,-2.1099914808029316e-16,4.527788670463119e-18,12.556959219468151,-6.377330836142431e-29
1.095,-2.325328572033813e-16,0.01357199511042495,7.560219234808545e-16,5.547513246892309e-17,-0.027073712917498938,-2.0849649828500619e-16,-1.4866148452723304e-19,10.513392312383683,-1.0470078838957352e-28
1.1,1.0856570015291204e-13,0.014016124116665196,2.792538871940843e-14,-2.964386558246273e-14,-0.027979660950975926,-5.539558918917047e-15,6.578423133803141e-15,8.440750074314622,2.4940997074516277e-26
1.105,-3.2128842588593737e-16,0.014368811094286116,7.203649144145779e-16,1.0316588203343953e-16,-0.02870104525247541,-2.0253235061065265e-16,-9.64806532750284e-18,6.344534902035669,-1.4538402060911386e-28
1.11,5.4471199675381685e-14,0.014625905100942305,1.3343405002260638e-14,-1.48670967113213e-14,-0.02922927349615634,-2.5990194755780448e-15,3.2923028453372926e-15,4.230461820764642,1.2521191532700317e-26
1.115,-5.4415283053778037e-14,0.01478435645795173,-1.385515428508078e-14,1.4879110647660576e-14,-0.029557987257348373,2.736465688227927e-15,-3.2955896918666492e-15,2.104408565895273,-1.2506172619541973e-26
1.12,1.1082365000343421e-16,0.014842279613347387,-2.174591577892415e-16,-3.7964112033730096e-17,-0.029683198419959922,6.282404746874557e-17,6.3327408108996505e-18,-0.027637151701938478,4.0126475475760667e-29
1.125,-5.435007012396894e-14,0.014798995384211366,-1.382579406412617e-14,1.4844754592780782e-14,-0.02960337658534229,2.732235244771674e-15,-3.289614061898129e-15,-2.15963229984078,-1.2533498707556192e-26
1.1300000000000001,-5.438545369731548e-14,0.014655045241838138,-1.3850308939246023e-14,1.4864912049108594e-14,-0.029319484108341953,2.7382188139512074e-15,-3.293872050782844e-15,-4.285534151237389,-1.2522471011328653e-26
1.135,-1.6098977772196349e-18,0.014412177307491447,-2.841191780262246e-16,2.4913278886580985e-17,-0.028834952029839656,7.799063319176341e-17,-6.813756695840137e-18,-6.399355907991449,-1.916568616882188e-29
1.1400000000000001,1.004717619049375e-16,0.014073311339060979,-2.2997609898300866e-16,-3.0094233638080065e-17,-0.02815560795447425,6.829523081438673e-17,3.380782079463949e-18,-8.495221347886229,2.8044331895750683e-29
1.145,-5.434478175781128e-14,0.01364247167123267,-1.3845054147333442e-14,1.4845340415332068e-14,-0.027289548531740593,2.7402299926942597e-15,-3.291349356353618e-15,-10.56741754682152,-1.2534912555754292e-26
1.1500000000000001,5.4176159886681014e-14,0.01312470539404842,1.4330260938839236e-14,-1.4794393121966328e-14,-0.026246967833642998,-2.8658542576601236e-15,3.285740468581491e-15,-12.610444778726574,1.2445723911980388e-26
1.155,8.527365836363923e-17,0.012525973269532642,-6.095821551678788e-16,8.313750381861232e-18,-0.025039941844639202,1.6817314155541298e-16,-8.414065392478502e-18,-14.619062774115664,-7.385525598978767e-30
1.16,5.43193006287537e-14,0.011853029182404384,1.4035680024867833e-14,-1.484229208916046e-14,-0.02368218004346545,-2.78250499650933e-15,3.2908723644223433e-15,-16.58833261000295,1.2479358137063522e-26
1.165,-5.424693411518553e-14,0.011113284452051175,-1.4181427066899894e-14,1.4823846296021208e-14,-0.02218875093269901,2.8331270131769713e-15,-3.292132064992641e-15,-18.51365361872244,-1.2486174270667665e-26
1.17,1.1328901976524578e-16,0.010314664258842754,-5.735011474922118e-16,-7.924510743967088e-18,-0.020575784583016343,1.6047454774199434e-16,-6.2432293050792614e-18,-20.390794827835144,1.5869407109703043e-29
1.175,-4.7176401684998005e-17,0.009465459560388467,4.1885519993412237e-16,-5.770574235560608e-18,-0.01886017307401744,-1.0656590126768851e-16,2.4811667971014964e-18,-22.215920573927832,-3.9631836114328395e-29
1.18,-5.420685837792191e-14,0.008574176996617666,-1.4167519724413678e-14,1.48033316342232e-14,-0.017059262964977506,2.8317477118021503e-15,-3.2893640073643194e-15,-23.985610073012552,-1.246271224292539e-26
1.185,-1.0128372025942814e-16,0.007649395723120733,3.714344194363644e-16,2.5188445304445667e-17,-0.015190556168562352,-9.609125732765111e-17,-4.3322299710594636e-18,-25.696870861624053,-3.917515037711864e-29
1.19,5.431058125793436e-14,0.006699626988478258,1.371842035168698e-14,-1.4812247366538705e-14,-0.01327142742735532,-2.6989743055407407e-15,3.2800919825839183e-15,-27.347146154676665,1.2468020493790362e-26
1.195,-2.2162394976706928e-17,0.0057331880317263995,6.778277285795266e-17,9.612585126802833e-18,-0.011318857791025039,-1.3363416308050306e-17,-5.0722030451281015e-18,-28.934316286090528,-2.9523894509298247e-29
1.2,1.2346533368882784e-16,0.0047580850498150085,-1.72742160479959e-16,-4.4014068433025976e-17,-0.009349200658306245,5.556113761314611e-17,2.0343989535824878e-18,-30.456694505985787,3.2264275794056055e-29
1.205,-2.7190606379171122e-14,0.00378191212882939,-6.784736242176556e-15,7.423599413756565e-15,-0.007377967466695168,1.3361528512093882e-15,-1.6488817558322812e-15,-31.913017504202383,-6.2666919368753466e-27
1.21,2.7162567876849138e-14,0.002811768030497319,6.931169852587028e-15,-7.413565700214605e-15,-0.005419658410815487,-1.3658966568582883e-15,1.6390020564441724e-15,-33.30243110310894,6.239319437273906e-27
1.215,1.0716808558785561e-17,0.0018541859363097046,-6.961842815478464e-17,3.7444302427514785e-18,-0.0034876174205678012,2.338153241208903e-17,-6.462318942427011e-18,-34.62447162892117,-7.651761669173815e-30
1.22,2.926345570294216e-17,0.0009150841893301731,-5.601034000531306e-17,-6.560115878658769e-18,-0.00159392741496589,2.0500224853379215e-17,-4.7303280464254615e-18,-35.87904350777971,4.104199985067063e-30
1.225,4.5432192672910914e-17,-2.6944796616135136e-07,-4.278523954280523e-17,-1.5687757108501058e-17,0.0002506598602778354,1.7479120492983225e-17,-3.1969111705093583e-18,-37.06639366243249,8.161469441096817e-30
1.23,-2.712211256940356e-14,-0.0008872753733868421,-6.937764547941993e-15,7.401144784599902e-15,0.002036763752094828,1.3784256428488645e-15,-1.6474809450272989e-15,-38.187083293903214,-6.240186664002746e-27
1.235,9.188997109797712e-18,-0.0017420054475820734,7.136581578961341e-17,-6.780716408233544e-18,0.0037563810625087513,-1.4244396294714296e-17,-4.144467172475627e-18,-39.241957627186586,4.279345056060625e-30
1.24,-1.3504861776547446e-14,-0.0025611943382557456,-3.599004990349677e-15,3.684329960155357e-15,0.005402865967987225,7.273749044915318e-16,-8.253456942659099e-16,-40.23211418372799,-3.1016783133516947e-27
1.245,1.3557076917867599e-14,-0.003342214189260062,3.5086384444363853e-15,-3.69706641971251e-15,0.006970884743950023,-6.941547562979802e-16,8.141940311122001e-16,-41.158870113090856,3.1092866044522556e-27
1.25,-1.349568430915054e-14,-0.00408304598475695,-3.586551153157804e-15,3.678623488303482e-15,0.00845634983657817,7.240163370277501e-16,-8.24523277516214e-16,-42.023729081670986,-3.0972693626752674e-27
1.2550000000000001,-1.3548578455923654e-14,-0.004782236676405205,-3.4529287270313588e-15,3.69420909053605e-15,0.009856334875394168,6.86523903311753e-16,-8.261668655138687e-16,-42.828348169524595,-3.1093013976269456e-27
1.26,2.7131480933105474e-14,-0.005438850100055959,6.942920218200064e-15,-7.400284753214657e-15,0.011168976879101677,-1.3724303479097796e-15,1.6347276410805888e-15,-43.57450518075944,6.234652196553863e-27
1.2650000000000001,-1.3537591333856608e-14,-0.006052416966461749,-3.506736126874529e-15,3.692620487312796e-15,0.012393369228849593,7.005357882030775e-16,-8.265871688698902e-16,-44.26406672196997,-3.1056375884514833e-27
1.27,3.856164572326805e-17,-0.006622878637983831,-1.1335732332477296e-16,-8.061745407284966e-18,0.013529446595537564,3.3559254133563273e-17,-6.5654685217123104e-18,-44.89895735018516,2.7812430505329614e-30
1.2750000000000001,1.353949664253878e-14,-0.00715052556405027,3.560132041186302e-15,-3.693224957983964e-15,0.014577862617390025,-7.099644557859382e-16,8.13320225069023e-16,-45.48113004217276,3.1050100522283862e-27
1.28,-1.3502758069954252e-14,-0.007635943368327958,-3.613912583243824e-15,3.683372869822303e-15,0.015539875118111723,7.292941975238267e-16,-8.2616451430047e-16,-46.01253819140203,-3.0984387190034413e-27
1.285,-1.353920257186151e-14,-0.008079949975353884,-3.4818939346461824e-15,3.691045175176697e-15,0.01641722057052064,6.929221396668349e-16,-8.263369753409057e-16,-46.49510928693278,-3.1068661794969455e-27
1.29,5.76161177013251e-19,-0.008483544960128597,3.6727728087650546e-17,-1.3254129813235899e-18,0.017212005431602506,-8.412679471033755e-18,-6.589549940819606e-18,-46.930720396564425,1.6355149092289705e-30
1.295,1.3544914928436692e-14,-0.008847847968873168,3.5333903131659153e-15,-3.694253702898702e-15,0.01792658725155505,-7.038237461740094e-16,8.130578472294568e-16,-47.321175529256315,3.1073021794042135e-27
1.3,-1.4021701333738247e-18,-0.009174053049427755,2.85422346015459e-17,2.3987404603495972e-20,0.018563476899290166,-6.932172628076653e-18,-6.93539814693633e-18,-47.66818493197826,-8.379308986913621e-31
1.305,-1.3504326057808139e-14,-0.009463380033011504,-3.581838951833773e-15,3.681390084842419e-15,0.01912523812180389,7.194761809881778e-16,-8.2568533586787e-16,-47.97334633881763,-3.0962429889840856e-27
1.31,-1.3542076143035295e-14,-0.009717027700219205,-3.471631555164358e-15,3.691238503943743e-15,0.01961439768433948,6.887064002374069e-16,-8.263551450169044e-16,-48.23812817523792,-3.10826401930407e-27
1.315,1.0087332375721051e-17,-0.009936138388383142,-1.0131127619632674e-17,-2.806010237165432e-18,0.020033366919980367,2.8258937083545345e-18,-6.8099768187435435e-18,-48.463854703434585,2.1264160621224025e-30
1.32,-1.3531607182987548e-14,-0.010121760714937977,-3.522509668992776e-15,3.689811124746966e-15,0.020384371333950213,7.01885975812341e-16,-8.265337925165079e-16,-48.65169307987198,-3.1051136393871644e-27
1.325,1.353782933120717e-14,-0.010274819715363037,3.5350248233419815e-15,-3.691314107982624e-15,0.02066938605786639,-7.062838481168371e-16,8.125635219141096e-16,-48.802642291639685,3.1067328159341962e-27
1.33,4.290551544839764e-18,-0.010396089350649618,-6.2380851434308196e-18,-4.76069589043863e-19,0.020890085919912593,6.753856202019242e-19,-7.099595414788074e-18,-48.91752393442914,5.150816606827941e-31
1.335,1.3529954463880609e-14,-0.010486175749321092,3.5529065505602816e-15,-3.688928318214304e-15,0.021047802846615227,-7.118962733579738e-16,8.123805121418196e-16,-48.99697479495501,3.1041015019604417e-27
1.34,-1.3524277107036389e-14,-0.010545494888461349,-3.5493278607294388e-15,3.68822572615653e-15,0.021143491903810485,7.080563376580142e-16,-8.263976270127244e-16,-49.04144120195207,-3.1034711858485676e-27
1.345,3.587808054313287e-18,-0.010574266264640642,1.4874043092429114e-18,-6.453408044278172e-19,0.021177709074727602,-2.246764239976318e-18,-6.914017818050487e-18,-49.05117511991,5.5403661521129465e-31
1.35,1.3529469457403672e-14,-0.01057250172351587,3.560263437120084e-15,-3.689138075456824e-15,0.021150595357086743,-7.147175374705439e-16,8.12579793295101e-16,-49.026231961545506,3.1041810752343008e-27
1.355,-1.3525237126424987e-14,-0.01054000602128724,-3.559771626621232e-15,3.6894542368334785e-15,0.021061875882825376,7.098341354543132e-16,-8.265627362693609e-16,-48.966470109527556,-3.104407573338824e-27
1.36,1.353000667083121e-14,-0.010476376984186686,3.5507841832293683e-15,-3.68866547813828e-15,0.020910861152790616,-7.128273309987934e-16,8.12516657757865e-16,-48.87155214192951,3.103526067524043e-27
1.365,-1.3530402719856003e-14,-0.010381014423501256,-3.5283689694235623e-15,3.689818719377072e-15,0.020696465532189734,7.008111228329873e-16,-8.262729465584484e-16,-48.74094777106505,-3.1033850684808367e-27
1.37,1.1838824745400437e-17,-0.010253129858440957,-2.873487121723696e-17,-2.1351982605591444e-18,0.020417227153929574,4.509377909813705e-18,-6.707117505981338e-18,-48.57393850931406,2.286143289197329e-30
1.375,-7.380028555109352e-19,-0.010091766032758187,1.5663855016344863e-17,7.024348699808023e-19,0.020071347265886885,-7.95252042889193e-18,-6.7397761328782195e-18,-48.36962408948119,-2.0459357064730566e-30
1.3800000000000001,-1.3521762022345408e-14,-0.009895815998575586,-3.576372893410553e-15,3.6894107000937695e-15,0.01965672865842194,7.128098249423936e-16,-8.264829847123224e-16,-48.12693066756017,-3.1041844750827405e-27
1.385,1.3533048151723289e-14,-0.009664051125767514,3.5492306763591886e-15,-3.689579182344073e-15,0.01917103287910571,-7.138050761618324e-16,8.129100771822797e-16,-47.84462084703058,3.104904406516348e-27
1.3900000000000001,1.3545770783010816e-14,-0.009395151145028535,3.5285594191090834e-15,-3.693989900246371e-15,0.018611740469907545,-7.081285357589185e-16,8.135196612609138e-16,-47.521305559954094,3.1077877372406995e-27
1.395,-1.4299984913510667e-17,-0.009087742111283603,8.176072395362773e-17,2.8398020343231838e-18,0.017976226675060047,-2.7021141812185053e-17,-6.3194318567832566e-18,-47.155457843456816,-4.575244223365838e-30
1.4000000000000001,1.3547393700392627e-14,-0.008740435088220977,3.5203523971215906e-15,-3.6939120171122356e-15,0.01726183965496375,-7.064886963286805e-16,8.135424901315373e-16,-46.74542854089437,3.1089021052375504e-27
1.405,6.335030014556939e-18,-0.008351874276605997,-5.664300043635989e-18,-3.277752439590319e-19,0.01646599387507308,-3.837024942242075e-18,-6.468759705654323e-18,-46.28946395250794,9.564159766960259e-32
1.41,1.3538493028364751e-14,-0.00792078484096237,3.590484978824332e-15,-3.694481305124385e-15,0.015586269612523296,-7.257695269557823e-16,8.143801526400063e-16,-45.78572544221492,3.104604698682413e-27
1.415,-1.3500632499719553e-14,-0.007446027207059558,-3.6348627837767406e-15,3.684708050654865e-15,0.014620517743082928,7.270222667772327e-16,-8.259149026271784e-16,-45.232310991420796,-3.09612122408421e-27
1.42,2.7040350264399576e-14,-0.006926654317148007,7.270615839709462e-15,-7.380091269520879e-15,0.013566973115572978,-1.4712305432016905e-15,1.6345863755585345e-15,-44.62727866649431,6.212531542076969e-27
1.425,-1.3513084585826269e-14,-0.006361971795072918,-3.60727977290326e-15,3.6891289659731414e-15,0.012424376184469565,7.187887717286697e-16,-8.263620597627823e-16,-43.968671937718064,-3.103506765470043e-27
1.43,1.3534996379421613e-14,-0.00575159736112596,3.6469959737866225e-15,-3.6962356478968805e-15,0.011192087294595865,-7.416968712500816e-16,8.15410958889908e-16,-43.25454675181524,3.10507376887967e-27
1.435,-1.3491654312065148e-14,-0.005095525952640401,-3.65815250365198e-15,3.68301460747519e-15,0.009870216306111956,7.325858190200251e-16,-8.25685510112328e-16,-42.483000226768304,-3.097883913806597e-27
1.44,1.3531402629152505e-14,-0.00439418832823435,3.651423124857555e-15,-3.694327448031341e-15,0.008459738824143415,-7.433995934316177e-16,8.152090517494589e-16,-41.652200786960805,3.101225366519588e-27
1.445,1.3556680470730734e-14,-0.003648513256990782,3.546889711989667e-15,-3.6984693851949256e-15,0.00696261501577311,-7.150900507447507e-16,8.150129600013704e-16,-40.760419517584154,3.112702677570446e-27
1.45,-7.877005319837381e-19,-0.002859981766476949,3.9996376513082236e-17,1.8519516344760743e-18,0.005381898421916276,-1.806137448516784e-17,-6.069734662723692e-18,-39.806062462049205,-4.085180960361441e-30
1.455,1.1827720192549495e-17,-0.0020306786309731706,4.895050643249068e-17,-4.776308125736848e-18,0.003721833588720358,-2.0052625722856272e-17,-4.757242573129706e-18,-38.787703538530906,7.285553970227738e-30
1.46,2.5877468928045673e-17,-0.0011633358619462797,5.796606344450364e-17,-1.210955333497436e-17,0.001987942020988953,-2.190334113650752e-17,-3.31455095820692e-18,-37.70411769923885,1.3846940505062494e-29
1.465,7.358324304295387e-17,-0.00026136782328478603,-5.637256379560819e-17,-2.654046374056663e-17,0.00018708661199440257,1.0059098239825724e-17,-1.753803414727546e-18,-36.55431390594981,2.7037734985788384e-29
1.47,5.067194467001944e-17,0.0006711064572471059,-7.619997855588785e-17,-1.3359716389007883e-17,-0.0016724847456401903,1.434812564837252e-17,-4.259068591857666e-18,-35.33756744957522,9.32053975930188e-30
1.475,-2.706014945444727e-14,0.0016292512018623029,-7.061773561527524e-15,7.382787417116676e-15,-0.003581118671128536,1.4014403289789946e-15,-1.6454316790177e-15,-34.0534511008575,-6.223410384756103e-27
1.48,1.1943786617938254e-16,0.002607519312434192,-2.0098252972132582e-16,-3.719469355347324e-17,-0.005527769764889001,4.9891841519308704e-17,-1.012190459316928e-18,-32.701864543606945,3.48664410632024e-29
1.485,-2.7041545233291846e-14,0.003599670446106984,-7.212046579736725e-15,7.385811032326214e-15,-0.0075000406420429044,1.4416707261705434e-15,-1.6472813863200277e-15,-31.283061521209262,-6.223998712876537e-27
1.49,2.7133268985948265e-14,0.004598809866095621,7.184124370144049e-15,-7.415490857260244e-15,-0.009484258097586462,-1.4458969231232984e-15,1.6409709743510538e-15,-29.797674111468027,6.224341056255449e-27
1.495,-2.7011680366903817e-14,0.005597442834513799,-7.20437826254606e-15,7.370922640488963e-15,-0.011465587618900486,1.4412037799737196e-15,-1.6443596539664554e-15,-28.246733548276747,-6.2017840128576025e-27
1.5,6.783080533235337e-17,0.006587548477540395,7.501002876679225e-17,-3.2047340717845424e-17,-0.013428176947812176,-2.405389830747633e-17,1.040871200045572e-18,-26.631687025433727,2.1874983710044476e-29
1.5050000000000001,8.5377515054711e-17,0.007560671001598962,8.143327759378528e-17,-4.096249525083317e-17,-0.015355341520077559,-2.4445957446961272e-17,2.831611621136659e-18,-24.954409949079714,2.0785482242001192e-29
1.51,-5.414417868213642e-14,0.008508029033123421,-1.4540371986243556e-14,1.480575134544488e-14,-0.017229778393726747,2.92029996446971e-15,-3.295675887643839e-15,-23.217213158066755,-1.2457643384608922e-26
1.5150000000000001,5.413675362022415e-14,0.009420640154402804,1.460370575437396e-14,-1.4790563448601088e-14,-0.0190338151058711,-2.9499318022226644e-15,3.28319214275043e-15,-21.422844697420185,1.2473352626774064e-26
1.52,9.883962073751501e-17,0.010289457839490979,-2.80861632170415e-16,-1.876455527837618e-17,-0.020749678727426613,7.174648931641601e-17,-4.200472426653585e-18,-19.57448581708666,1.577571960878528e-29
1.5250000000000001,-5.398705120197556e-14,0.01110552120012187,-1.4471645027727278e-14,1.4722286451501423e-14,-0.02235978932989724,2.9092701538599757e-15,-3.279352027903565e-15,-17.675740965637317,-1.2391880727256123e-26
1.53,2.1392371681738513e-16,0.011860110628830967,-6.052578921422473e-16,-5.0374055851147873e-17,-0.023847067894550378,1.6247097928005011e-16,-1.1751585196342622e-18,-15.730621665357251,7.422420993454837e-29
1.5350000000000001,-3.1754309492149504e-17,0.01254490711474432,3.8193300980022184e-16,-5.367454092210188e-18,-0.02519524464489109,-1.0631502382064851e-16,3.011462195054497e-19,-13.743524279381674,5.238352823867551e-30
1.54,-5.407887625388437e-14,0.01315215053628549,-1.4539576454876097e-14,1.4773730268978175e-14,-0.02638917122258988,2.9245988976807715e-15,-3.288742442277535e-15,-11.719201812770486,-1.2431141675992541e-26
1.545,-9.343551372588513e-18,0.013674793384183204,3.9632077065748767e-16,-1.7714761154659505e-17,-0.027415117721275806,-1.0854664270979518e-16,3.1958058097616808e-18,-9.662730027396229,2.4420086261423136e-29
1.55,-5.4059261364450267e-14,0.01410664490002489,-1.4537919828357233e-14,1.4763792489300285e-14,-0.02826105127144274,2.925820108057018e-15,-3.2863929926909607e-15,-7.579468284640793,-1.2428895297984279e-26
1.555,1.1533788461454016e-17,0.01444249850104029,4.0537852820410417e-16,-2.8880148746472545e-17,-0.02891688822666083,-1.089774575591489e-16,5.891925773826217e-18,-5.475015660089415,2.3490775677704968e-29
1.56,-5.3953301652709425e-14,0.014678245729797368,-1.4876332044225678e-14,1.473744369432704e-14,-0.02937470439492529,3.020070131535241e-15,-3.2842210815066803e-15,-3.3551629947037824,-1.2396804992710419e-26
1.565,2.0714625295692193e-16,0.014810962258849258,-2.6991088853448554e-16,-7.356760419266722e-17,-0.02962890815837227,7.735426049332888e-17,8.238629396256701e-18,-1.225841651786343,6.880245521646292e-29
1.57,-5.4118733819139603e-14,0.014838975357008621,-1.4196396116884803e-14,1.47663689777382e-14,-0.02967636300701315,2.8361879110268342e-15,-3.2822868794506244e-15,0.9069301638587142,-1.2415364508383129e-26
1.575,3.091861250394607e-16,0.014761898631675763,-6.104698252345923e-16,-9.78748835557032e-17,-0.029516454122287428,1.724798751507648e-16,1.01557040328152e-17,3.0371026012323092,8.44151048262693e-29
1.58,-1.0835549838252426e-13,0.014580643516893588,-2.8463189458110693e-14,2.9588406814864916e-14,-0.029151105002753752,5.688441520368189e-15,-6.5723768840499325e-15,5.158649911945243,-2.4896173055433885e-26
1.585,1.0845064521148117e-13,0.01429739911861816,2.9268784643636664e-14,-2.9682954177869685e-14,-0.028584733896778403,-5.894429955828539e-15,6.5948963105968165e-15,7.265625772793317,2.4994387129728232e-26
1.59,-1.0835135876902211e-13,0.013915582420352735,-2.847168208712035e-14,2.9587059724271047e-14,-0.027824158936354593,5.693461348521336e-15,-6.571335792347402e-15,9.352217216801137,-2.489513788790936e-26
1.595,3.113255139832722e-16,0.01343976932631108,-6.128991675182915e-16,-9.931504739734267e-17,-0.026878450834345813,1.7696551083577117e-16,1.2186268640576188e-17,11.412796244733215,1.3715098061323966e-28
1.6,-1.0835519852025948e-13,0.012875592421103477,-2.847656561300932e-14,2.9588819676483865e-14,-0.025758739838565248,5.695694718042116e-15,-6.570685381954478e-15,13.441968249459077,-2.4900809785182145e-26
1.605,2.993243576554209e-16,0.01222962447166509,-6.096255819845351e-16,-9.430165298637669e-17,-0.024477980959076717,1.7658980092353333e-16,1.234491460609836e-17,15.434616473013964,7.937902039189025e-29
1.61,-1.0836155838422006e-13,0.011509244123637075,-2.8481454493037143e-14,2.959175414206988e-14,-0.023050692910302928,5.697623504062183e-15,-6.570195462858916e-15,17.38594181815727,-2.4868663402811206e-26
1.615,1.0842643396291669e-13,0.010722484551720868,2.918985854241809e-14,-2.966674107004601e-14,-0.02149266096327551,-5.870538168859408e-15,6.5942332076234895e-15,19.291497452304338,2.4919419614529968e-26
1.62,-1.0836973756399819e-13,0.00987788085660668,-2.849157740019029e-14,2.959627893383032e-14,-0.019820640896028863,5.701781187932588e-15,-6.57000417136764e-15,21.147217776936106,-2.4897739546930569e-26
1.625,2.586433680111303e-16,0.008984306845547962,-6.003347744197962e-16,-7.615651703386235e-17,-0.018052037637602325,1.7475104852564304e-16,1.1335143877439996e-17,22.94944146093551,9.518556619323494e-29
1.6300000000000001,-1.083826224362672e-13,0.008050816607344302,-2.849569379934889e-14,2.96021544342864e-14,-0.016204600880570297,5.7024984951054945e-15,-6.569946640614138e-15,24.69492838247546,-2.491450711489856e-26
1.635,5.430573022387029e-14,0.007086491311291354,1.4261735856399617e-14,-1.485201572783523e-14,-0.014296122001638878,-2.8400980792219344e-15,3.3005994423228713e-15,26.380870449484544,1.2471475458546867e-26
1.6400000000000001,-5.4088325757702305e-14,0.006100290133247199,-1.4541953695340702e-14,1.477464916579692e-14,-0.012344151749758225,2.9365288936583845e-15,-3.2799583162287827e-15,28.004896398327986,-1.243289845889452e-26
1.645,-2.311505762068186e-17,0.00510092074388524,2.8285875937509013e-16,-6.873858133028826e-18,-0.010365739868575474,-6.802056450718125e-17,9.39587787730259e-18,29.56507078610865,-1.0037518265974119e-29
1.6500000000000001,-5.41092422341085e-14,0.004096714928046197,-1.4534326497665943e-14,1.4783582988212354e-14,-0.008377202527881877,2.933540200302166e-15,-3.280406806179072e-15,31.059887491239394,-1.2443318875715274e-26
1.655,5.4249992171155974e-14,0.003095528572423234,1.4233676065829386e-14,-1.4823970396290005e-14,-0.006393922240391703,-2.834860428227373e-15,3.297355730775348e-15,32.48825812796789,1.2475842575309398e-26
1.6600000000000001,-5.0359827155975023e-17,0.002104654734203848,2.468243458839171e-16,8.26818846781046e-18,-0.00443018414512153,-5.96434444693906e-17,7.862540846313828e-18,33.84949584668533,-2.4645445463584747e-29
1.665,5.422241095291156e-14,0.0011307586178261886,1.4219872875788e-14,-1.4809970411411303e-14,-0.00249904480652674,-2.8322645976465317e-15,3.2956653791614947e-15,35.143295046606084,1.2451187193144744e-26
1.67,-6.762947809945727e-17,0.00017982592077459003,2.2212690424788205e-16,1.803465054021773e-17,-0.0006122371073473687,-5.396158218462717e-17,6.833321876413711e-18,36.3697075614601,-4.6942336069590204e-29
1.675,5.413209824619512e-14,-0.0007428652318317575,1.4447969487347224e-14,-1.4783697822510428e-14,0.0012198853367522133,-2.8960094564431484e-15,3.2939959436672627e-15,37.529115899791165,1.242836222370596e-26
1.68,3.8130472237173466e-17,-0.0016327589708460266,-2.645942699727468e-16,2.720021498544643e-18,0.0029883770887835226,7.763265643213457e-17,5.892780604638875e-18,38.62220412093031,-4.791429311994288e-30
1.685,5.411052169231723e-14,-0.002486018615840635,1.442146185339858e-14,-1.4771770907110006e-14,0.0046856947724904785,-2.890645851684022e-15,3.2924361800649633e-15,39.649926921071476,1.245738182435394e-26
1.69,1.6244091752895668e-18,-0.003299511523735532,2.1593520955099727e-16,-1.768494542686042e-17,0.00630566676166211,-5.0342866150797195e-17,1.5048937071273264e-17,40.61347747827431,1.2219687402270657e-29
1.695,-5.409468156484982e-14,-0.004070778305234057,-1.4436426873959104e-14,1.476544477968013e-14,0.00784343506656171,2.9075377510025313e-15,-3.271909287094736e-15,41.51425457543486,-1.2425203763670458e-26
1.7,-1.5312474558411332e-17,-0.004797997902581841,1.895135941871914e-16,-7.768158348817514e-18,0.009295382399699292,-4.463068643299217e-17,1.374273056189588e-17,42.35382947675412,3.754107178408323e-30
1.705,-5.411465289329015e-14,-0.005479935022083993,-1.4420234981381386e-14,1.4773584620815292e-14,0.01065903706927429,2.901815935786224e-15,-3.272502486024366e-15,43.13391299237887,-1.2431059378729078e-26
1.71,-3.0136191332210095e-17,-0.006115890612637287,1.6457209599068103e-16,9.618036368448333e-19,0.011932970941685994,-3.950105802620997e-17,1.2590576729998207e-17,43.85632311040233,-9.67716021395881e-30
1.715,-5.413285506124371e-14,-0.006705640509947486,-1.4401489616898562e-14,1.4780638540006787e-14,0.013116682586343131,2.8952714872365934e-15,-3.27295558284214e-15,44.52295353072773,-1.2436557287309658e-26
1.72,-4.221179986421279e-17,-0.007249374779650708,1.4100321923027021e-16,8.231948607596796e-18,0.014210479310364121,-3.4792551542847506e-17,1.1633254763664539e-17,45.13574337881387,-2.585415733712701e-29
1.725,-5.414889598970441e-14,-0.007747636232451782,-1.438063341050982e-14,1.4786476776933956e-14,0.01521535510862293,2.888140023685123e-15,-3.273254568918909e-15,45.696648331119015,-1.2441562481573693e-26
1.73,5.4159512681730287e-14,-0.00820125508794689,1.4202946174030003e-14,-1.478218710891843e-14,0.016132866380566213,-2.8348617606980103e-15,3.2951114630700795e-15,46.20761333636096,1.2438153038124189e-26
1.735,-5.477492441539662e-17,-0.008611289364129249,1.0673447275628169e-16,1.6424299089842187e-17,0.016965013123794392,-2.7729818399178753e-17,1.0549544653698206e-17,46.67054707143547,-1.9144546061671013e-29
1.74,5.4142894287394176e-14,-0.00897896469330739,1.4198686630410303e-14,-1.4774070133614517e-14,0.017714121956061035,-2.835321806513673e-15,3.294019207362144e-15,47.087298234296746,1.2431274686307444e-26
1.745,5.4135377866390195e-14,-0.00930561742140057,1.4196843477269267e-14,-1.4770414015084388e-14,0.018382735895428937,-2.8355831178159692e-15,3.2935286421315885e-15,47.45963373974396,1.24279564743985e-26
1.75,-2.7124662660951886e-14,-0.009592642522576966,-6.9771529333256266e-15,7.399494779086554e-15,0.018973510703780505,1.3857368482492842e-15,-1.6286465458039605e-15,47.78921885528028,-6.238121326519038e-27
1.7550000000000001,6.227653604816383e-20,-0.009841445199694654,-4.908817009458676e-17,4.585274383747399e-19,0.019489120590684195,1.3628707354924168e-17,1.2709060647290632e-17,48.077599289834765,1.4437682381775493e-30
1.76,-4.883738671443799e-17,-0.010053395296760748,-1.957012745668706e-17,2.2248024985287586e-17,0.019932170135071203,3.27274122585426e-18,9.2042307437007e-18,48.326185229595765,-1.9306325995699029e-29
1.7650000000000001,2.704490566785766e-14,-0.010229790704959996,7.155932482702278e-15,-7.380704417033315e-15,0.02030511804731816,-1.4348351678158038e-15,1.6535756855526313e-15,48.536237298923275,6.207615627511964e-27
1.77,-2.5842114507338972e-17,-0.010371819047222175,-9.915515339270287e-18,9.66086437328877e-18,0.02061020747589737,8.521039529844975e-19,1.1834666516533524e-17,48.70885441772811,-8.405779806957735e-30
1.7750000000000001,-3.037601181886884e-17,-0.010480533015662097,-1.0253712362087876e-17,1.173835575285752e-17,0.020849411150308583,2.81614778736341e-19,1.1572963566933119e-17,48.84496351661991,-9.993038624315031e-30
1.78,-3.466016026795593e-17,-0.010556820380468235,-1.0569231871290343e-17,1.3693124309021184e-17,0.021024377783319892,-2.738502817991146e-19,1.1323111948841093e-17,48.94531107562601,-1.164795769389122e-29
1.7850000000000001,-2.7090024547011e-14,-0.01060139124860715,-7.099216340279827e-15,7.39042867966222e-15,0.021136399911725334,1.4159713117431394e-15,-1.6272564005031862e-15,49.010456445342626,-6.21878773433279e-27
1.79,-1.1901344840570109e-17,-0.010614756075790321,-1.955600247449116e-18,1.3433211662169018e-18,0.021186378905618142,-2.348178415005521e-18,1.3814104037033897e-17,49.04076692401377,-1.1573303483833213e-30
1.795,2.703346507178308e-14,-0.010597223013256052,7.093513006213811e-15,-7.371348720029298e-15,0.021174808935349176,-1.4216689424909069e-15,1.651906127056602e-15,49.036414559224795,6.202672114658125e-27
1.8,-1.732923461456611e-17,-0.01054888784032082,-1.1881761318308201e-17,4.415605876579094e-18,0.021101765717403964,-8.2976175778761155e-19,1.3323332007393846e-17,48.99737466113446,-3.783131052499358e-30
1.805,-5.830654933356976e-17,-0.010469638302165407,1.563356012857501e-18,2.3515381919455166e-17,0.02096690912651411,-6.571533145067397e-18,1.0075206081273714e-17,48.92342601534566,-2.0356947599203236e-29
1.81,-1.6380308046469005e-17,-0.01035915603304094,-4.4092839916468794e-17,6.059820946548994e-18,0.020769488418899584,6.8467068289393095e-18,1.285338798209401e-17,48.81415279974625,-4.081130563779724e-30
1.815,2.7044059888443376e-14,-0.010216927811484311,7.126883531896587e-15,-7.379993320601647e-15,0.020508365113926175,-1.431488726333774e-15,1.6540464954962306e-15,48.66894821315123,6.2109802763138214e-27
1.82,2.700730113798203e-14,-0.01004226033083011,7.121678368474767e-15,-7.361521717573516e-15,0.020182039051768186,-1.4321347965699927e-15,1.650717453639297e-15,48.487019837757764,6.1961310641900524e-27
1.825,2.7064223532480853e-14,-0.009834298587150236,7.027466622904081e-15,-7.382653207776537e-15,0.01978868932113187,-1.4053535609724576e-15,1.6536900441495396e-15,48.26739676158424,6.211037194780106e-27
1.83,-4.057934740121697e-17,-0.009592050906686467,-7.003568254091573e-18,1.4386116601087644e-17,0.01932621786485811,-5.375087077200507e-18,1.1898477883843594e-17,48.008938495336395,-1.0447868517181664e-29
1.835,-4.374598005451227e-17,-0.009314417500046801,-8.060436047571202e-18,1.585569489860003e-17,0.018792312448063342,-5.545906696796793e-18,1.165856860423961e-17,47.71034571918452,-1.5382379195958652e-29
1.84,-4.673086765023796e-17,-0.009000224099072085,-9.229031797662551e-18,1.7254873479884927e-17,0.018184508365045815,-5.650141026071339e-18,1.142340366440779e-17,47.3701728992718,-1.8051964924726193e-29
1.845,-4.9490848833731446e-17,-0.008648259944333603,-1.0502326282250382e-17,1.8564226300494487e-17,0.01750026853375175,-5.684799289620598e-18,1.1195861931940607e-17,46.98684280683988,-1.6609670521775837e-29
1.85,-5.197632198671098e-17,-0.008257321342878043,-1.1867710881965482e-17,1.9760677775533846e-17,0.016737067155375485,-5.648464874960409e-18,1.0979403904070117e-17,46.55866296985498,-2.274965901656585e-29
1.855,-5.4131832000139773e-17,-0.007826257734922848,-1.3306708483511776e-17,2.081772023149778e-17,0.015892483677909297,-5.541494322650642e-18,1.0778039699938951e-17,46.08384407420034,-2.1709679864983532e-29
1.86,-5.589698166119633e-17,-0.007354022147993078,-1.4794795644823537e-17,2.1705792993455544e-17,0.014964305434723713,-5.366211171558448e-18,1.0596270869897101e-17,45.56052031633628,-1.6016667315015799e-29
1.865,-5.720768981013384e-17,-0.00683972447264658,-1.6301368011651132e-17,2.2392837549812612e-17,0.013950633349097075,-5.127083452829944e-18,1.0439003425299724e-17,44.98677168951427,-2.520547788596348e-29
1.87,-5.799780926221772e-17,-0.006282691267038842,-1.7789882300820598e-17,2.2845039274308044e-17,0.012850001166938796,-4.83087176286406e-18,1.0311430099040007e-17,44.360648157801016,-1.7085759592724436e-29
1.875,-5.820110491360367e-17,-0.005682518256797664,-1.921820764585735e-17,2.302776045233818e-17,0.011661487558569661,-4.486733347900561e-18,1.0218880756501043e-17,43.68019564664193,-1.9497040368011043e-29
1.8800000000000001,-5.775357652849098e-17,-0.005039136439584979,-2.0539216348974716e-17,2.2906661745055155e-17,0.010384840904251291,-4.106266672062883e-18,1.0166641096098625e-17,42.94348373483404,-3.0473385712275195e-29
1.885,-5.659609144170258e-17,-0.004352866042509618,-2.1701638703383868e-17,2.244899979762688e-17,0.009020597500352778,-3.7034807153265504e-18,1.0159741320018157e-17,42.148634901594534,-3.984009953785344e-29
1.8900000000000001,-5.46772704950304e-17,-0.0036244769395601395,-2.265119830981644e-17,2.1625077614866337e-17,0.007570199887496187,-3.2946739378809033e-18,1.0202718278674029e-17,41.29385513050745,-3.722755705177687e-29
1.895,-5.195654663549244e-17,-0.0028552418829086434,-2.3332033066799912e-17,2.0409811975342693e-17,0.006036107444870709,-2.8982096290823354e-18,1.0299356651465814e-17,40.37746562915622,-2.3632705379726844e-29
1.9000000000000001,-4.8407291056914295e-17,-0.002046987290977853,-2.3688392860751943e-17,1.8784369081652824e-17,0.004421900041919002,-2.534177360139392e-18,1.045241692592452e-17,39.397935370218434,4.26963066295596e-30
1.905,-4.4019878072363825e-17,-0.001202138055553803,-2.3666588237416083e-17,1.6737806619292453e-17,0.002732369008967339,-2.223934552476262e-18,1.0663360158600882e-17,38.3539141102777,-1.7025114302401364e-29
1.9100000000000001,-3.880453899188484e-17,-0.00032375191348776866,-2.321714561603292e-17,1.426864835935535e-17,0.0009735924976865817,-1.9895277418159914e-18,1.0932081586962805e-17,37.24426549143567,-1.3088852073863936e-29
1.915,-3.279383926214133e-17,0.0005844548450042453,-2.229710482306312e-17,1.1386307487570422e-17,-0.000847013305772748,-1.8529998434747215e-18,1.125666693231956e-17,36.068099782315684,-5.190926994646867e-29
1.92,-2.6044604237431924e-17,0.0015180901179263628,-2.087237508938167e-17,8.112268141283891e-18,-0.002720657079890998,-1.8355973642831883e-18,1.1633186490618634e-17,34.82480576850321,-5.557641892520676e-29
1.925,-1.8639119295775067e-17,0.0024720888879770087,-1.892004763308389e-17,4.480932389901382e-18,-0.0046371730259267,-1.956899692875995e-18,1.2055542654163383e-17,33.51408126918702,-3.6264834407317965e-29
1.93,-1.0685441517021388e-17,0.003440723052051453,-1.6430548207710328e-17,5.400431152616201e-19,-0.00658504011468608,-2.2339008341054764e-18,1.2515386152872105e-17,32.13596171931629,-4.0208760666222796e-29
1.935,-2.3166839887205042e-18,0.004417633683260647,-1.3409503245903792e-17,-3.649397167313437e-18,-0.008551444891750748,-2.6800816366773843e-18,1.3002114907904443e-17,30.690846244795313,-7.381280624130276e-30
1.94,6.310829359831351e-18,0.00539587529686969,-9.879190128424461e-18,-8.013775184068888e-18,-0.010522365795054611,-3.3045170152767357e-18,1.3502966856660546e-17,29.17952064328525,-1.234608924199466e-29
1.945,1.502059124484445e-17,0.006367981410747348,-5.87944705337819e-18,-1.2468123972068302e-17,-0.012482707504389623,-4.111067188815346e-18,1.4003214430724034e-17,27.60317669777158,-2.3276288037928723e-29
1.95,-5.441663143833219e-14,0.007326042381336606,-1.40193879250147e-14,1.4888328594793043e-14,-0.014416454443448856,2.7731117339543387e-15,-3.2892277058357327e-15,25.96342726474233,-1.2533838993979748e-26
1.955,3.834132372618665e-17,0.008261803687290126,-1.9292439669058897e-18,-2.3430799227848583e-17,-0.01630686878878862,-2.8835079291677988e-18,1.5204110977087772e-17,24.262316626228955,3.50538197447e-29
1.96,1.0824975173964173e-13,0.009166779001674286,2.8390054072992702e-14,-2.952596556065358e-14,-0.01813671787654414,-5.679080087633681e-15,6.569228361949037e-15,22.50232564678418,2.489304904774185e-26
1.965,2.284737249368384e-16,0.010032373581076115,-6.231021069973879e-16,-6.877131427909245e-17,-0.019888525341670515,1.6809491131967305e-16,1.6566706825332727e-17,20.686371351395138,4.7650555600187337e-29
1.97,-1.0857309896657593e-13,0.010850023018612376,-2.7866091634073946e-14,2.963898681204576e-14,-0.021544850906281,5.518535340345391e-15,-6.56497623593955e-15,18.81780063409026,-2.5037563504553352e-26
1.975,-1.0856354055008026e-13,0.01161133472158582,-2.785656454667262e-14,2.963397013028112e-14,-0.023088579994180236,5.517147881149402e-15,-6.564559339314371e-15,16.90037790804798,-2.490081225726112e-26
1.98,-1.0872408733288422e-13,0.012308240367254086,-2.7192346086639245e-14,2.9662469546851494e-14,-0.024503232036693134,5.337317552874328e-15,-6.564034598271935e-15,14.93826663196145,-2.5067239191402223e-26
1.985,-1.0836327121231832e-13,0.012933141385424562,-2.850197145630096e-14,2.958611000144443e-14,-0.025773263246463785,5.696908904541853e-15,-6.563348335946575e-15,12.936004769316927,-2.489367589993273e-26
1.99,-3.2077005057692664e-16,0.013479057840186215,5.555224931813853e-16,1.163732131320865e-16,-0.026884365079865802,-1.5952252334401282e-16,-9.181434958107609e-18,10.898474377130743,-1.189294171922624e-28
1.995,1.0854006868792725e-13,0.013939766948354304,2.7751651915019262e-14,-2.96158135870676e-14,-0.027823751607016334,-5.493881940682783e-15,6.575068509932682e-15,8.830865653821508,2.4863940013288804e-26
2.0,-2.832015576731559e-16,0.014309926067269885,5.745299114860358e-16,9.757789321930808e-17,-0.0285804186345473,-1.6096578901690766e-16,-7.191064096568797e-18,6.738635909033011,-1.6086889705811737e-28
2.005,1.0858286284168848e-13,0.014585188463257737,2.7761572942433864e-14,-2.9636498018727873e-14,-0.029145373239586547,-5.4930018928015925e-15,6.577233369583317e-15,4.627464048116941,2.491127508038194e-26
2.0100000000000002,-5.4395645372911074e-14,0.014762292635040808,-1.4012826715901897e-14,1.4884486832273595e-14,-0.02951182790863527,2.781215449879919e-15,-3.2965238211943806e-15,2.503201275349678,-1.2585187996808712e-26
2.015,5.4204515110305114e-14,0.014839130155067437,1.4189159893029883e-14,-1.4796602600835678e-14,-0.029675340473062306,-2.8278277394790608e-15,3.287865346070883e-15,0.37181881982280274,1.2373432588039133e-26
2.02,7.354707749255674e-17,0.014814795265507996,-4.0752607241198334e-16,-5.270580627744969e-19,-0.029633918340891796,1.1488454224828615e-16,-2.420260905600133e-18,-1.7606464289654902,8.025780548849799e-30
2.025,5.4335561774240097e-14,0.014689599780737694,1.3872155396297849e-14,-1.483609750059926e-14,-0.029388055373260613,-2.738540996614387e-15,3.290069885372373e-15,-3.8881474404408394,1.2461843781908315e-26
2.0300000000000002,-5.430063348654628e-14,0.014465069310759304,-1.3973736019770002e-14,1.4836136774879246e-14,-0.028940725556864777,2.7773747743811015e-15,-3.2912292524984512e-15,-6.0046827409884465,-1.2480906648941145e-26
2.035,1.374380483464068e-16,0.01414390725317105,-3.7191626409648143e-16,-3.3837799029205645e-17,-0.028297314674873064,1.09615166433467e-16,9.823546586422753e-19,-8.104351317843452,3.808110290936263e-29
2.04,-2.4057640138047297e-16,0.01372993708834258,5.716607715041385e-16,8.118613293765441e-17,-0.027465506715998345,-1.5284642040221904e-16,-1.2005389336400986e-17,-10.181405771105009,-2.6691719743733707e-29
2.045,4.723720335712384e-17,0.013228022410785911,-4.203889152661389e-16,1.619937065750304e-17,-0.026455118717635173,1.205371753133345e-16,-1.0737234437893725e-17,-12.230302807532697,-2.4181155769676947e-29
2.05,5.421273954255112e-14,0.012643961260337733,1.4186595553831775e-14,-1.4796932356721324e-14,-0.025277891029148236,-2.822324047115535e-15,3.280672053099023e-15,-14.245750239733798,1.2359901930748057e-26
2.055,5.608252401510704e-18,0.01198436917957224,-6.563813031863555e-17,9.771741693915861e-18,-0.023947249002659987,2.6856793844363614e-17,-8.299215167622595e-18,-16.22274974377254,-5.501642490522029e-29
2.06,2.7155900657883586e-17,0.011256544744654207,-5.4012426395791346e-17,-1.6245399043745629e-18,-0.02247802694331824,2.5123675509589347e-17,-7.173865829676764e-18,-18.1566347426806,-5.40480475514464e-30
2.065,5.443301602614653e-14,0.010468328454820153,1.3584212666672684e-14,-1.4858802892909542e-14,-0.0208861797021882,-2.654259071619134e-15,3.2829863953159076e-15,-20.043102900949904,1.2477627474021969e-26
2.07,-5.431690911159322e-14,0.009627954018213813,-1.3662645615734724e-14,1.4822594192873626e-14,-0.01918848091652592,2.6991879131099957e-15,-3.2941054314563057e-15,-21.87824285052637,-1.2523371692965274e-26
2.075,7.992455812197838e-17,0.008743898909472136,-1.8469902922934666e-17,-3.0580630349126016e-17,-0.01740221385625773,1.802085400125248e-17,-4.5944981091090365e-18,-23.658554903671615,4.7965533004573187e-29
2.08,-1.7320762791498666e-16,0.007824739477854337,5.332000637814007e-16,5.222170935806195e-17,-0.015544873521577074,-1.371419933983694e-16,-1.5325445186681922e-17,-25.380965641881645,-6.890754111273141e-29
2.085,1.5856314775469595e-16,0.006879010001753727,-6.519077022939974e-16,-2.010436129831413e-17,-0.013633879954653594,1.8778206653107106e-16,-1.4444879376471275e-17,-27.042836403869824,2.4705238059121632e-29
2.09,2.7005106100215953e-14,0.005915072866486071,7.510158727476591e-15,-7.376583931224862e-15,-0.011686306814254976,-1.518814835182312e-15,1.6299272455137367e-15,-28.641965816803744,6.1694354019076884e-27
2.095,7.043314701068118e-17,0.004941000307709942,-1.8141776713861854e-16,-1.3287090855252002e-17,-0.009718640863212613,6.082714914857475e-17,-1.2974025762477655e-17,-30.176586624887296,-3.860222170321157e-30
2.1,-2.708602602773215e-14,0.003964472281936082,-7.016896020892715e-15,7.39338295521713e-15,-0.007746567171977858,1.4067780777142983e-15,-1.6555359446820903e-15,-31.64535716805683,-6.248073236049565e-27
2.105,2.7107608212161776e-14,0.0029926836047593497,7.074212591314131e-15,-7.393989901247154e-15,-0.0057847856383972385,-1.4002442001804055e-15,1.6264058266124495e-15,-33.04734794389028,6.208647700958814e-27
2.11,6.01838835714735e-17,0.00203227964938435,-1.702544935672579e-16,-9.631353565445565e-18,-0.0038468664536850383,5.738753217428049e-17,-1.5921554680934384e-17,-34.38202374598692,-1.922174483410923e-29
2.115,2.712604999332899e-14,0.0010892961976054494,7.090077627509261e-15,-7.404863485864454e-15,-0.0019451353415291806,-1.4039345395381066e-15,1.6270298270529132e-15,-35.64922192490581,6.2139158266418014e-27
2.12,-2.7074015897826238e-14,0.00016912505003574552,-7.020664376690883e-15,7.3868038137833e-15,-9.059731175398156e-05,1.4077478721896592e-15,-1.6572943415276725e-15,-36.84912733920259,-6.247105834609319e-27
2.125,2.7103134925632407e-14,-0.0007235087302746024,7.080550180364913e-15,-7.393388474805963e-15,0.0017071094369143225,-1.4028388909270931e-15,1.6235665860858744e-15,-37.98224458262262,6.206707303367836e-27
2.13,2.7109505949326638e-14,-0.0015845519678236997,7.0873702558365e-15,-7.397381681822505e-15,0.003439724511942188,-1.4046597518458153e-15,1.6237583167645289e-15,-39.04936806743275,6.220805670799156e-27
2.1350000000000002,-2.7090575200694726e-14,-0.0024106151108611584,-6.977098827586422e-15,7.390720080003744e-15,0.005100349852163788,1.3949098086138123e-15,-1.6593057800036936e-15,-40.05155053093408,-6.213738541438369e-27
2.14,1.3565590128790165e-14,-0.0031989546909159117,3.5930733065029055e-15,-3.705559649850523e-15,0.006683410854208205,-7.107207258989905e-16,8.032097222941091e-16,-40.9900705051354,3.119201258176986e-27
2.145,3.08571551288307e-17,-0.003947440137764602,-2.0906721469531746e-17,-8.812834946838247e-18,0.008184592891268494,1.5137900148441873e-17,-1.8727466480680578e-17,-41.86639925186993,2.2692248771947696e-30
2.15,4.063563630854645e-14,-0.004654514973140067,1.0647540363242837e-14,-1.1087388092198849e-14,0.009600758357265704,-2.11850857067961e-15,2.4416090401885835e-15,-42.6821676258469,9.330007973384684e-27
2.1550000000000002,-2.7069751167389966e-14,-0.005319150662444372,-7.041578093801413e-15,7.384132801108766e-15,0.010929852966267362,1.4112625500333504e-15,-1.6604096645963012e-15,-43.439133279569404,-6.22817954633976e-27
2.16,1.358948849718202e-14,-0.005940795599855164,3.4576706347278472e-15,-3.708159965393942e-15,0.01217080160441597,-6.757709813017641e-16,8.008322327226054e-16,-44.13914857335647,3.113663279512541e-27
2.165,1.3516507681252821e-14,-0.006519317090273091,3.700636815038062e-15,-3.691234916983863e-15,0.013323388062989494,-7.429198412240822e-16,7.998137034039056e-16,-44.78412950134246,3.0931799216059825e-27
2.17,-1.3497676086296653e-14,-0.007054945745146313,-3.604809920636806e-15,3.68143389061223e-15,0.014388141934233545,7.317808523981561e-16,-8.403865880749857e-16,-45.376025897801355,-3.095658854526783e-27
2.1750000000000003,1.3544306505212152e-14,-0.00754821564304109,3.575865543574729e-15,-3.695888106335636e-15,0.01536621596136456,-7.099111080330622e-16,7.990102238815946e-16,-45.916793133522845,3.1100164175907687e-27
2.18,-1.3518981992226198e-14,-0.007999906744792895,-3.532610152570294e-15,3.6858722449725875e-15,0.0162592671297368,7.111360259872316e-16,-8.408823798217493e-16,-46.40836547048637,-3.106817520397094e-27
2.185,-1.3516001225264936e-14,-0.008410987140166526,-3.5310083536428438e-15,3.684125044522316e-15,0.017069339810152684,7.104176475003828e-16,-8.407133735787301e-16,-46.852631198928734,-3.1091242178119334e-27
2.19,3.964930873258647e-18,-0.00878255912000725,4.548318709671005e-17,-3.0881426806921e-18,0.017798754015885265,-7.09263797794955e-18,-2.140669000118431e-17,-47.25140964437776,-5.962534631946409e-30
2.195,1.3550616750216358e-14,-0.009115806384244252,3.518105815180832e-15,-3.695454305116302e-15,0.018449998470632778,-6.962925808728563e-16,7.978728856189723e-16,-47.606430098808616,3.1086405496681044e-27
2.2,1.355071867250859e-14,-0.009411947323094694,3.5241753672492184e-15,-3.696061790420513e-15,0.019025634930651236,-6.983258751266128e-16,7.979644227836391e-16,-47.919312704071004,3.1089066818959257e-27
2.205,1.3555512611808506e-14,-0.009672187614604866,3.5109305303936475e-15,-3.6974706086300425e-15,0.019528202650535675,-6.951129125027758e-16,7.980447204186557e-16,-48.191551290340705,3.1108747059570648e-27
2.21,-1.352647917088998e-14,-0.009897683273706548,-3.5051932684367458e-15,3.686546609091038e-15,0.019960141197840287,7.009359522563108e-16,-8.411785779744362e-16,-48.42449816012766,-3.10779852462378e-27
2.215,-1.3517406021796757e-14,-0.01008950280590426,-3.556517556759435e-15,3.685822311517981e-15,0.020323714834496798,7.14273875792056e-16,-8.414793447702113e-16,-48.61935078967371,-3.100666582211487e-27
2.22,1.3534279642180066e-14,-0.01024859583783666,3.55862118544525e-15,-3.6910898836846634e-15,0.02062095037069689,-7.099165850075484e-16,7.974500784358973e-16,-48.77714041661021,3.105717280449713e-27
2.225,2.7075062501575745e-14,-0.010375767774398525,7.070792439535653e-15,-7.383290349427257e-15,0.02085358269515858,-1.4097123146227519e-15,1.6171644574852369e-15,-48.89872247603905,6.2122570812414245e-27
2.23,-2.7046801387117754e-14,-0.010471655986030726,-7.089360500724764e-15,7.374156095507638e-15,0.021023010205491133,1.4181330717160013e-15,-1.6605115569321106e-15,-48.98476884713175,-6.2054048311166885e-27
2.235,-1.3519300150504672e-14,-0.010536714516391044,-3.5466622801677946e-15,3.686002669443178e-15,0.021130261037955123,7.097486905730513e-16,-8.411439209419501e-16,-49.03576187615434,-3.10157852987141e-27
2.24,2.7063845941818715e-14,-0.010571199171309331,7.107335990946869e-15,-7.380515182953583e-15,0.02117596657504528,-1.4211709824111506e-15,1.6173138601345851e-15,-49.05199014483401,6.210372706652937e-27
2.245,-1.3524996149770126e-14,-0.010575162324720111,-3.5533331704240205e-15,3.689159490752253e-15,0.021160347500694954,7.102565075549343e-16,-8.414450189410064e-16,-49.033545963081735,-3.104668253441557e-27
2.25,1.3530197561556059e-14,-0.01054844597062754,3.566479300504962e-15,-3.689502172405544e-15,0.021083205326325682,-7.149911241983147e-16,7.978970795135602e-16,-48.980324569999176,3.104931600487023e-27
2.255,-1.351897510880226e-14,-0.010490687443684976,-3.56443596366796e-15,3.6873795391616314e-15,0.020943927826179376,7.124759728788179e-16,-8.409451535291966e-16,-48.892025041144784,-3.1026211607581953e-27
2.2600000000000002,1.3534325411263584e-14,-0.010401321721310808,3.545066693814639e-15,-3.689712072243872e-15,0.020741501825140674,-7.101918153712549e-16,7.981029375352659e-16,-48.76815290470962,3.104849648831018e-27
2.265,3.655605945979928e-18,-0.010279596000749791,6.054842721405327e-18,-1.7590698597045279e-19,0.02047453453102932,-3.880948081178889e-18,-2.1162652944464056e-17,-48.60802448301835,-1.4158197425155171e-30
2.27,5.278540733330916e-18,-0.010124582285598649,9.07026921087688e-18,-9.70438864385489e-19,0.020141286040541218,-5.082823984221651e-18,-2.079824973219591e-17,-48.41077298119774,-1.5896534239196783e-30
2.275,1.3532256134102805e-14,-0.009935199599631517,3.585036896677348e-15,-3.691054801252037e-15,0.0197397118569711,-7.221784357468784e-16,7.993049743911946e-16,-48.17535635428236,3.1106477559289623e-27
2.2800000000000002,-1.351499060313532e-14,-0.009710240197613018,-3.588183825599406e-15,3.688048229135069e-15,0.019267514254497797,7.164014589249936e-16,-8.402323678340117e-16,-47.90056698725317,-3.1084271181704315e-27
2.285,1.3530848827095386e-14,-0.009448397809613596,3.5915283474947045e-15,-3.690479649515554e-15,0.018722202172007485,-7.249311054739063e-16,7.997677682861952e-16,-47.585043225405954,3.100556872262789e-27
2.29,-1.352226864892657e-14,-0.009148306678881113,-3.5381661840532067e-15,3.688376746785484e-15,0.018101165194092772,7.020309580354736e-16,-8.393456224858141e-16,-47.227282793683976,-3.1117303258408538e-27
2.295,1.3165582910963816e-17,-0.008808575984886602,-1.704570800305384e-17,-1.752102093128562e-18,0.01740174856827892,-3.753861053284644e-19,-1.965090082107179e-17,-46.82565813459668,1.7219410317343335e-30
2.3000000000000003,1.3532869244570383e-14,-0.008427841324461838,3.603834291366506e-15,-3.691631538582846e-15,0.016621348782976497,-7.295276944178639e-16,8.009153489216724e-16,-46.37843369378119,3.1060492353556876e-27
2.305,-1.3520966338800311e-14,-0.00800480817594007,-3.535507138629382e-15,3.688357850538973e-15,0.015757506308361258,6.999314100145053e-16,-8.384719711147789e-16,-45.88378515943302,-3.1095814373553714e-27
2.31,1.3561645267508835e-14,-0.007538306850108256,3.4955670885275993e-15,-3.696922991321831e-15,0.01480801208330007,-7.009114811938309e-16,8.01465239067473e-16,-45.339820653806115,3.105273833515374e-27
2.315,-2.704810057167604e-14,-0.007027350824742484,-7.084896625185735e-15,7.377414725832745e-15,0.013771022294946533,1.4086303098592415e-15,-1.6573538733941706e-15,-44.74460384655015,-6.224645173943827e-27
2.32,1.3597537346495435e-14,-0.006471192686959171,3.407191397038433e-15,-3.70709589362469e-15,0.01264517074551108,-6.77150210322553e-16,8.030966089543583e-16,-44.09617893192915,3.1163770889688782e-27
2.325,1.3511085110170813e-14,-0.005869387762828637,3.7640098029671065e-15,-3.691571076766419e-15,0.011429694927521439,-7.746411736014536e-16,8.04014430921973e-16,-43.39259738353225,3.0981807768845215e-27
2.33,-1.3497728089545226e-14,-0.005221855659868879,-3.632762872647385e-15,3.686002768357121e-15,0.010124554093920324,7.241865567796031e-16,-8.373164666342491e-16,-42.631946356180485,-3.1147529613869995e-27
2.335,2.705802304836875e-14,-0.004528939923375219,7.288975274248754e-15,-7.387164243151028e-15,0.008730552182711904,-1.4778375333172508e-15,1.6252052984273605e-15,-41.81237856742283,6.210344732894631e-27
2.34,1.3606063181890654e-14,-0.0037914732804438245,3.3639689489084625e-15,-3.706591299976476e-15,0.007249457391118597,-6.669718215240713e-16,8.040805686846515e-16,-40.93214344339478,3.1218656641693583e-27
2.345,-1.3566167319944874e-14,-0.003010827564594365,-3.3102398063821493e-15,3.696000358864229e-15,0.005684109341487442,6.357124843610992e-16,-8.34939682899667e-16,-39.98961926178518,-3.1520436392604593e-27
2.35,-2.6970048516641338e-14,-0.0021889720344887564,-7.371100473452713e-15,7.363330991967657e-15,0.0040385239277895835,1.484160988341987e-15,-1.6549690458623166e-15,-38.983345980729666,-6.204268340670711e-27
2.355,-2.70069850221502e-14,-0.001328514322437968,-7.131729458568995e-15,7.363424642228968e-15,0.002317977029889562,1.4195702894725203e-15,-1.652309351994602e-15,-37.912058382597046,-6.23316448061347e-27
2.36,6.245873682093636e-17,-0.0004327385570519482,-1.701484512126399e-16,-9.853483107029296e-18,0.0005290762453356024,3.6693799730232076e-17,-1.4983400687363377e-17,-36.77471911903628,1.575866273653416e-29
2.365,2.711205920006409e-14,0.0004943691076704226,7.21202346746755e-15,-7.405840982468546e-15,-0.0013201913215112882,-1.4571985390427888e-15,1.6304215817755757e-15,-35.57055119137756,6.233054417823728e-27
2.37,7.516822344437487e-17,0.0014481071558520853,-1.798337562700114e-16,-1.4705352460541604e-17,-0.0032204356898546393,3.9422923063326225e-17,-1.327024623219547e-17,-34.29906936070967,-9.034543232466415e-30
2.375,-2.7955637595716572e-18,0.00242306108728485,2.3225894982485497e-16,-7.807740020513598e-18,-0.005160870955386088,-7.204075633873802e-17,-1.0109215330527432e-17,-32.96010994555885,1.3376850450423046e-29
2.38,8.680128472220378e-17,0.0034131179143912505,-1.8970693618030852e-16,-1.9117494679323763e-17,-0.00712934699427592,4.224764635512062e-17,-1.1556409186687281e-17,-31.553858441400468,-1.6527996890192423e-29
2.3850000000000002,2.7140340816573173e-14,0.004411501738644574,7.226966776939055e-15,-7.41984855898749e-15,-0.00911242303858728,-1.4602581724981175e-15,1.6351579689530304e-15,-30.080874377148895,6.226442259846761e-27
2.39,-2.699125111784721e-14,0.005410825319060564,-7.153206085951656e-15,7.359268761543137e-15,-0.011095471514153132,1.4252006525865527e-15,-1.6483017935963522e-15,-28.54211282775485,-6.2181424852837844e-27
2.395,-3.68880405068465e-18,0.006403159775842937,7.270590009853275e-17,6.20457567001505e-18,-0.013062818189794712,-2.989871710044133e-17,-1.1983292828912445e-17,-26.93894201193274,-5.175306266609968e-29
2.4,5.399467011110587e-14,0.0073801226872518555,1.5247872148980916e-14,-1.476831018932066e-14,-0.014997917512744152,-3.128892966993874e-15,3.2794158917720087e-15,-25.273156435706614,1.242006430924216e-26
2.4050000000000002,2.1361148122889236e-16,0.008332985386445557,-5.154547716560857e-16,-5.5494643224084774e-17,-0.016883566810292905,1.341031534023504e-16,-5.1554617555730664e-18,-23.546985088123662,2.435181130843733e-29
2.41,-1.8753602677781343e-18,0.00925279181018368,4.260150666984653e-16,-2.1869918738329038e-17,-0.018702140864576222,-1.213716827619131e-16,-1.603323020385093e-18,-21.763094263918106,5.742322190598524e-29
2.415,1.555154458992518e-16,0.01013049752475581,-5.748494463272202e-16,-2.1682319917162977e-17,-0.020435864664165138,1.480222971266092e-16,-1.0504771394255356e-17,-19.92458466298922,-2.938430714763947e-30
2.42,-7.11271059749506e-17,0.010957113716401068,3.9625644621149205e-16,1.4892338082997032e-17,-0.0220670996251755,-1.1623287127247388e-16,-7.13418751402342e-18,-18.034982521849805,-6.822574590094278e-29
2.4250000000000003,5.418182375684009e-14,0.011723863089997622,1.4672976845071305e-14,-1.481615524040134e-14,-0.023578648198878227,-2.968517225758749e-15,3.286160407653489e-15,-16.098224637640286,1.2482024498379349e-26
2.43,1.5315680721570778e-16,0.012422339014008799,-2.335900050161336e-16,-4.7430150055295315e-17,-0.02495406568789349,5.978269917968787e-17,-3.014835001352818e-19,-14.118637271964184,3.093746346111413e-29
2.435,-5.4141114405733225e-14,0.01304466642042712,-1.4156917397285337e-14,1.4776290781501265e-14,-0.026177971008962686,2.8187216055350618e-15,-3.287341130806608e-15,-12.100909052072982,-1.2473033058379289e-26
2.44,2.924760019792452e-16,0.013583651221622972,-5.521010412450509e-16,-9.231330929699974e-17,-0.027236346037526005,1.500639884092259e-16,6.495052896924978e-18,-10.05005812386931,5.703150608941453e-29
2.445,-5.414573945065161e-14,0.014032933250746282,-1.454632363025932e-14,1.4808838176187224e-14,-0.02811682111453706,2.9215798129382612e-15,-3.2953178236104023e-15,-7.971393943268087,-1.2454828630912046e-26
2.45,5.4264349911458656e-14,0.014387112188771312,1.4331796165706202e-14,-1.4831502299508766e-14,-0.028808928998913075,-2.8732171240901782e-15,3.2899203141634564e-15,-5.8704742302007595,1.2493835994280936e-26
2.455,-4.25792758832739e-17,0.01464186573720383,4.1353527590388607e-16,-1.930612699781738e-18,-0.029304326946856918,-1.1580458789770656e-16,1.924418458242301e-18,-3.753057724637305,2.941768339236604e-29
2.46,-5.408602646942409e-14,0.014794042966173038,-1.4522904762503474e-14,1.4776116335497e-14,-0.029596975749456078,2.919257114931859e-15,-3.286410598288743e-15,-1.6250534975550686,-1.2514834147363151e-26
2.465,-2.0923885480310627e-18,0.014841732777824745,4.3160408089239097e-16,-2.4417756626063547e-17,-0.029683272717008435,-1.1795217392474122e-16,8.081225154231326e-18,0.5075323416351658,4.28541239159438e-30
2.47,-5.404816309239198e-14,0.014784306358322397,-1.4507978161877385e-14,1.475529287849096e-14,-0.029562127479991318,2.918253139526154e-15,-3.2805689693513104e-15,2.638651629193358,-1.2496045991723848e-26
2.475,1.2484217784768675e-16,0.014622432744062053,1.038637411653943e-16,-6.277317518384521e-17,-0.029234990098871094,-2.516775537572552e-17,1.3881598774280475e-17,4.762269866684349,5.121112516717024e-29
2.48,1.42305758924282e-16,0.014358063935262066,1.0584221416275984e-16,-7.186076914961656e-17,-0.028705816692038866,-2.3474874010763026e-17,1.6547887794781617e-17,6.8724216973663665,2.991338321041402e-29
2.485,1.5711697492397637e-16,0.01399439313351536,1.0581894016462866e-16,-7.947456537290469e-17,-0.027980986758919357,-2.1240955615506097e-17,1.895896814123176e-17,8.963265170511225,7.088037467823198e-29
2.49,1.6893710679782482e-16,0.013535784649178595,1.0383923509402345e-16,-8.54611969691773e-17,-0.027069161270290465,-1.8535305388326305e-17,2.108863735531679e-17,11.029133854512494,1.1605032516851417e-29
2.495,1.7751674723179143e-16,0.012987681996463607,1.0000383033171697e-16,-8.971571678574797e-17,-0.025981101648881122,-1.5440354311115806e-17,2.291883617833285e-17,13.064585921307476,8.005416083634512e-29
2.5,-2.16617464028296e-13,0.012356492436651934,-5.760362427233034e-14,5.917363593489077e-14,-0.024729441390917373,1.15622480934204e-14,-1.3141056142121038e-14,15.06444940108247,-4.980748886112753e-26
2.505,1.085552554247022e-13,0.011649454007788052,2.7838969463899132e-14,-2.962536883905592e-14,-0.023328427263564322,-5.5126019516500715e-15,6.5794684482886655e-15,17.023862909829134,2.4901740702106333e-26
2.5100000000000002,1.0788313424968174e-13,0.010874489348054794,3.040549661466011e-14,-2.9492465772758664e-14,-0.021793630709026957,-6.212882506158509e-15,6.58091320000969e-15,18.938311265776562,2.476268522513328e-26
2.515,-1.0812192635649143e-13,0.010040050786706445,-2.904929959309519e-14,2.951429033646826e-14,-0.020141647942011787,5.857003794353253e-15,-6.552936518305891e-15,20.80365554013061,-2.4770770228324145e-26
2.52,-1.0795743556525778e-13,0.00915496220095946,-2.9658467574708584e-14,2.947948414368859e-14,-0.01838978818513226,6.023741431547381e-15,-6.551312367089715e-15,22.616157219321277,-2.4774161812289554e-26
2.525,-8.013024038831906e-17,0.008228254639739419,-2.79516531070403e-17,4.53444267643551e-17,-0.016555757883921274,9.224262449940503e-18,3.634527381829775e-18,24.372496292294226,-9.510320178406276e-29
2.5300000000000002,5.413001650833776e-14,0.007269016442343457,1.488813476368079e-14,-1.4816028817047876e-14,-0.014657363589861916,-3.0130184853741785e-15,3.3089705784285813e-15,26.06978321479442,1.2450353415131874e-26
2.535,-1.083240323350406e-13,0.006286240253146502,-2.876215408179052e-14,2.9590599493964866e-14,-0.012712222624941205,5.7739704903537285e-15,-6.55985040147431e-15,27.705564822111263,-2.4934247119169486e-26
2.54,5.443581367642147e-14,0.005288689993598439,1.3711225842567107e-14,-1.4877257580184758e-14,-0.01073749584607242,-2.691372930542314e-15,3.3108749904082797e-15,29.277824387352652,1.2498449496112849e-26
2.545,-6.428924655862316e-17,0.004284776672854207,-2.1768123467807496e-17,3.479846737018051e-17,-0.00874965359844282,9.209560702858265e-18,9.664838474311011e-18,30.784976122779646,-3.497363123588635e-29
2.5500000000000003,5.413698114071113e-14,0.00328245106274494,1.482604108863604e-14,-1.481672890541552e-14,-0.006764266086776161,-2.995499248846929e-15,3.3124044146794743e-15,32.22585451196398,1.2440034100897612e-26
2.555,-1.0830592114597182e-13,0.0022891197794479012,-2.872225093759638e-14,2.957697095049477e-14,-0.00479583704291997,5.765251952736567e-15,-6.553093153497551e-15,33.59969893668398,-2.4925667098213668e-26
2.56,1.2671712977659508e-16,0.0013115676369537255,-2.255110103557025e-16,-4.60505596181445e-17,-0.002857658309778799,7.07762103858781e-17,2.5233860823821292e-17,34.906134111352024,2.0350131595018493e-29
2.565,-5.415270938502474e-14,0.0003559109343100886,-1.420916230642053e-14,1.4775670654809303e-14,-0.0009617187285186901,2.8460810490510024e-15,-3.26195274368154e-15,36.14514688747362,-1.2443069995707802e-26
2.57,5.428460526508963e-14,-0.0005724375653031188,1.37395460465162e-14,-1.480654741620456e-14,0.0008813679723829182,-2.704554947647604e-15,3.3035644928946655e-15,37.317059999691914,1.2449747728759527e-26
2.575,5.409542507504276e-14,-0.0014687869445459967,1.4455222745420744e-14,-1.476877674028586e-14,0.002662392087160015,-2.900113307793004e-15,3.3042990439267656e-15,38.4225033409278,1.2469041762855792e-26
2.58,-5.4145454571156253e-14,-0.0023291663803810536,-1.4205254253536693e-14,1.4770924608407494e-14,0.004373549274177435,2.845142103691785e-15,-3.258690718442427e-15,39.46238334100987,-1.2446470842324633e-26
2.585,5.42681505332481e-14,-0.0031503133496997293,1.3790202105234394e-14,-1.480335375061578e-14,0.006008414524529826,-2.7189263266436872e-15,3.3056752572156324e-15,40.437851003485264,1.2454567805851505e-26
2.59,5.4100022818121587e-14,-0.00392964551410202,1.4425780469387363e-14,-1.4769683754983637e-14,0.007561888758687019,-2.892637330281212e-15,3.3062793406931964e-15,41.350269126198626,1.2393162070857602e-26
2.595,1.2333912158466356e-17,-0.004665225061902589,-2.0611067129985674e-16,7.57499269731776e-18,0.009030129854934899,6.014322497031337e-17,2.0833940560482724e-17,42.201179189624774,-1.543016743225028e-29
2.6,5.4103290839790534e-14,-0.005355710861113749,1.4405998344688273e-14,-1.477030906717415e-14,0.010410457864011846,-2.887937421746058e-15,3.3074151762047737e-15,42.99226835584762,1.2389155671610018e-26
2.605,1.1916778738838153e-17,-0.006000308276753685,-1.8394657220902657e-16,5.629071099913961e-18,0.011701258792427893,5.3715462361278087e-17,2.2552367235063795e-17,43.72533696701609,-1.060981230300658e-29
2.61,5.410764687943609e-14,-0.006598707943130222,1.4385412177066528e-14,-1.4771285490699183e-14,0.012901865638426102,-2.8829780809335894e-15,3.3084554126977546e-15,44.40226688815465,1.2388699096018491e-26
2.615,1.170334317425942e-17,-0.007151028712607754,-1.6156303087599047e-16,3.671680028765122e-18,0.014012444678769498,4.723780637591985e-17,2.4127338426678852e-17,45.02499098006382,-8.442128815244516e-30
2.62,5.4112802947066136e-14,-0.007657750133059693,1.436408476397439e-14,-1.477250634232997e-14,0.01503386980353838,-2.877800316303938e-15,3.3093924578514978e-15,45.59546394610975,1.2413408543184516e-26
2.625,1.1383754424112811e-17,-0.008119655459740471,-1.3911768140465273e-16,1.836870009464635e-18,0.015967602355786426,4.0723924277130756e-17,2.5544249099983253e-17,46.11563474148839,-1.2359105152745111e-31
2.63,5.411853215285463e-14,-0.008537762827828033,1.434212739760324e-14,-1.4773899073089772e-14,0.01681556622060043,-2.8724583388869425e-15,3.3102260579038495e-15,46.58742069685388,1.2413218685444941e-26
2.6350000000000002,1.0725989812960113e-17,-0.008913271862633465,-1.1670203966510097e-16,2.1576319419132793e-19,0.01758003793863594,3.4171388608337134e-17,2.6797360933628388e-17,47.01268345960656,-4.46813246865313e-30
2.64,5.4124677413533797e-14,-0.009247501967315941,1.431969017029543e-14,-1.4775427304474474e-14,0.018263526034822064,-2.867014643386319e-15,3.3109630383424623e-15,47.39320683112849,1.2438171652162935e-26
2.645,9.578057756955039e-18,-0.009541840885262332,-9.435342556758482e-17,-1.1423555161048268e-18,0.01886867404967063,2.7566623311434023e-17,2.788903483660795e-17,47.730676536588106,6.062246522700023e-30
2.65,-2.3946707889133354e-17,-0.009797695665640482,4.171725208441288e-17,4.8010032779662836e-18,0.019398159032263607,-9.871150806516336e-18,2.838052677533928e-17,48.026661948544195,-4.29844330304802e-30
2.6550000000000002,-2.7083735098204268e-14,-0.010016446184956784,-7.142009249330296e-15,7.39119987318492e-15,0.0198546046202992,1.4309889573447338e-15,-1.6126945530515636e-15,48.28259975908857,-6.221672976698928e-27
2.66,-2.708235624075554e-14,-0.010199405669697903,-7.135696730784986e-15,7.389921882024408e-15,0.020240502188592302,1.4289649746143647e-15,-1.6121787374613741e-15,48.499779582520155,-6.218897291309878e-27
2.665,-1.3042455158117818e-17,-0.010347785812722776,2.6715449927471527e-17,2.406879104368515e-19,0.02055814128191713,-6.754673570064548e-18,2.9732604417249656e-17,48.679331459686075,-2.2071511369129135e-30
2.67,-4.104075718593368e-18,-0.010462665533789384,1.825309367431056e-18,-2.3623624547597358e-18,0.020809547415858276,-2.760795033952404e-19,3.0143562401824e-17,48.82221522904658,2.7782662717015986e-30
2.6750000000000003,2.705129029616264e-14,-0.0105449662792374,7.083848431207263e-15,-7.378893710696248e-15,0.020996434877872616,-1.4156425288454745e-15,1.6688753049461443e-15,48.92921172552667,6.2090557587557325e-27
2.68,-3.0188475763970237e-17,-0.01059543170591759,-7.004535673840132e-18,1.1046963254712689e-17,0.02112016470677247,-6.980031301358788e-22,2.793262865820672e-17,49.000915771603076,-9.361294109945164e-30
2.685,-2.7428847413127193e-17,-0.010614610914764455,-6.6212847775326605e-18,9.526933981877893e-18,0.02118171235100874,-4.0783955866535687e-19,2.832341355856329e-17,49.037730927092404,-7.996419561032023e-30
2.69,2.7024788805981895e-14,-0.010602850528850016,7.089640692465996e-15,-7.366552437113471e-15,0.021181650198549562,-1.419631346202623e-15,1.66704421592292e-15,49.039865969425264,6.198621434757949e-27
2.695,-1.9346591046169127e-17,-0.010560286131576557,-1.392303699580479e-17,5.843244556156836e-18,0.021120133228841098,1.0326636873676266e-18,2.908228213871509e-17,49.00733308750986,-4.813725170480275e-30
2.7,-2.7105578363396297e-14,-0.01048684436241576,-7.084131357831893e-15,7.396538138541371e-15,0.02099689732256138,1.41111956111967e-15,-1.6118843907708398e-15,48.93994777664496,-6.225520688580119e-27
2.705,-1.953848333234512e-17,-0.010382244280790154,1.3688763824509695e-17,3.5496209119306615e-18,0.02081126870607619,-6.960559352248223e-18,2.984008962425887e-17,48.837330435301894,-3.973750903680427e-30
2.71,-2.7091797620222717e-14,-0.01024600888851701,-7.110754910785917e-15,7.391518808521492e-15,0.020562178630498806,1.4179210488238987e-15,-1.6111898646661676e-15,48.69890967226191,-6.2221037516360445e-27
2.715,-4.667857379456256e-17,-0.010077477208730201,1.5341222625606996e-17,1.6660339242132222e-17,0.020248193870841646,-9.341755032482703e-18,2.749428175997067e-17,48.52392734215881,-1.4390535406307316e-29
2.72,2.7056656506275883e-14,-0.009875822342229057,7.056594547932809e-15,-7.380496433942799e-15,0.019867547457941725,-1.4118533289822362e-15,1.6693840245224411e-15,48.311445336713106,6.2097656519973335e-27
2.725,-4.1333814963819716e-17,-0.009640076259238128,2.6796402131523558e-17,1.2873928423726681e-17,0.01941819107351961,-1.2793008271909766e-17,2.821082919537183e-17,48.06035416165549,-8.953667749244947e-30
2.73,-2.710953087557298e-14,-0.009369157146338125,-7.121141871070486e-15,7.400652021332114e-15,0.01889784722986576,1.4184851886808835e-15,-1.6130974664495597e-15,47.76938333877508,-6.237982751679612e-27
2.735,-6.990570003486796e-18,-0.00906190211202329,-6.499703477776076e-17,2.7569846816415566e-18,0.018304074437985207,1.211083900033226e-17,2.9010759334234424e-17,47.43711366912405,-2.3064736331073094e-30
2.74,5.413493590927303e-14,-0.008717103901277667,1.4135138181118041e-14,-1.4768363676098522e-14,0.01763434335344982,-2.8261620507540167e-15,3.3096771783690706e-15,47.061991393514475,1.2423085392995229e-26
2.745,4.008554629451354e-17,-0.00833355425695892,-1.9813588720955761e-16,-1.0514610798563308e-17,0.016886117703357684,4.8247518320691065e-17,2.990454145700397e-17,46.64234428066456,3.127184549503037e-30
2.75,-9.397503294596856e-17,-0.007910088736950982,1.7907443652010426e-16,2.6621964074649585e-17,0.01605695164476373,-5.650411575432799e-17,2.6602945623251986e-17,46.17639966209154,-3.4710205877935836e-29
2.755,5.4122968852913744e-14,-0.007445636303209824,1.4110713339083636e-14,-1.4760697163021134e-14,0.01514458343557834,-2.821177190356655e-15,3.3076030777896107e-15,45.66230442087148,1.239651491042563e-26
2.7600000000000002,3.3739893108384964e-17,-0.006939274689191421,-2.556878999910056e-16,-3.091739953997218e-18,0.014147048548181829,6.223450336350801e-17,2.746740343302646e-17,45.098146917088094,-1.0588425961223412e-30
2.765,-1.2717163782145175e-16,-0.006390284272532298,2.1203647229327539e-16,4.043025947185265e-17,0.013062789983749212,-6.720068060042186e-17,2.377827537210461e-17,44.4819808142708,-2.318998158402727e-29
2.77,5.842973153073276e-17,-0.005798206367021663,-2.8310385109090446e-16,-1.3300439651173408e-17,0.011890775169348444,7.014657787957926e-17,2.855269862544582e-17,43.81185073618488,6.213423258176283e-30
2.775,-1.1924763316896864e-16,-0.0051629045831127485,2.439146358042682e-16,3.395701894348e-17,0.010630617791377972,-7.554994847814639e-17,2.4682517556044756e-17,43.08581965068104,-3.917810867041725e-29
2.7800000000000002,5.4134462405668076e-14,-0.004484621958617652,1.4079923421758981e-14,-1.4763875692290946e-14,0.009282698544978985,-2.813416602925036e-15,3.3065593381448227e-15,42.301997838800034,1.2398796256551487e-26
2.785,5.441837650972887e-17,-0.003764039597811575,-3.3819084126076926e-16,-6.879524439377274e-18,0.007848280399059604,8.402008151605339e-17,2.5845092404993327e-17,41.458573262073024,-2.326283299979206e-30
2.79,-1.4833322433538676e-16,-0.0030023321530556757,2.723774502873409e-16,4.646051446343492e-17,0.006329624156265368,-8.443893243204277e-17,2.154737149757149e-17,40.553843093508355,-1.1544482806383136e-28
2.795,8.638518882499935e-17,-0.0022012190594296044,-3.600280867901697e-16,-2.0902869766276222e-17,0.004730093169769134,9.106702224087471e-17,2.7321283550416647e-17,39.58624612959075,-1.073892641639906e-29
2.8000000000000003,-1.316385685399381e-16,-0.0013630101645283332,3.0471557288965504e-16,3.581971160735722e-17,0.0030542460749245492,-9.232082218887009e-17,2.2840483007898126e-17,38.554395748316,-4.218912079045746e-29
2.805,5.41586335339667e-14,-0.0004906413705683121,1.405548053438239e-14,-1.4773175032116237e-14,0.0013079134233890954,-2.806117534337701e-15,3.3057689751578123e-15,37.45711302794345,1.2414723007429924e-26
2.81,8.6432035253754e-17,0.00041229416546428865,-4.0889137413084427e-16,-1.6570413487778336e-17,-0.0005017403472891147,1.0380484040985245e-16,2.4439376072599176e-17,36.29345959037007,-2.330660741179587e-30
2.815,-1.540240415117766e-16,0.0013415325645880216,3.297504579344321e-16,4.567355404604389e-17,-0.0023661841133559847,-9.973110158921522e-17,1.9516340971524187e-17,35.062769691214015,-9.721879103404991e-29
2.82,5.415677083130518e-14,0.0022921341561286113,1.4034604769628281e-14,-1.476966065675067e-14,-0.004275507491342978,-2.8003766895247363e-15,3.3030353860948243e-15,33.76468103430187,1.2356372640053579e-26
2.825,5.4188503573846117e-14,0.0032584928632317656,1.3737688224553685e-14,-1.476166078625624e-14,-0.006218440960182647,-2.7209586161815403e-15,3.2979869096029453e-15,32.39916376007723,1.2419769789895115e-26
2.83,5.4272523104508866e-14,0.004234365260110451,1.37605878527879e-14,-1.48050814106213e-14,-0.008182405603349707,-2.7231435846402842e-15,3.3053478465513446e-15,30.966547034298973,1.2470590703093388e-26
2.835,-5.4166605013979363e-14,0.0052129114515508945,-1.4427420011805173e-14,1.4796556189846908e-14,-0.010153600032950294,2.890389628043084e-15,-3.2661186524087995e-15,29.46754265324995,-1.2480208779917585e-26
2.84,-5.896430525444449e-17,0.006186756281053363,9.047497643451089e-17,1.894304015649764e-17,-0.012117116415168994,-3.1725549334103306e-17,1.809995198661473e-17,27.903265086168833,-1.1706216901143734e-28
2.845,-1.0280494454970169e-16,0.007148066489584437,7.007102240031928e-17,4.3053567848918124e-17,-0.014057098578149407,-2.7691483755779646e-17,1.2516726919484015e-17,26.275247396304678,-5.622255533072707e-29
2.85,-1.4616276100712162e-16,0.008088644365884079,4.739087412794392e-17,6.728454942961314e-17,-0.01595692776682256,-2.2589272732002257e-17,6.811741244721178e-18,24.585452516220546,-7.415117557609443e-29
2.855,-1.0822613451888974e-13,0.009000037949455475,-2.8981263522766295e-14,2.955542474407658e-14,-0.017799445569593786,5.826814530749898e-15,-6.552288778368596e-15,22.836279409299436,-2.4910779533572385e-26
2.86,-1.089291727625142e-13,0.009873662058687671,-2.6494747710700567e-14,2.971147414262358e-14,-0.019567200482725866,5.1464618129198575e-15,-6.5581551942823284e-15,21.03056371758484,-2.5055982194567527e-26
2.865,3.391975654989361e-16,0.010700936370461989,-1.1643335288981833e-15,-7.774422517342206e-17,-0.021242723468631652,3.1772986142557447e-16,1.8114690668891567e-17,19.171572587397076,1.1291249474829532e-28
2.87,-2.0916550651901185e-16,0.011473424551645905,7.424470671317788e-16,4.6538575943981624e-17,-0.022808816447522418,-2.0497343614979744e-16,1.2400005842536646e-17,17.262993462808105,-5.674466919356817e-29
2.875,2.6373512457202645e-16,0.012182986260043549,-1.2357674399930295e-15,-3.301965888354268e-17,-0.024248857263557966,3.3431893264591676e-16,6.5797225660701526e-18,15.30891675828703,1.783124477625877e-29
2.88,-2.951223895251668e-16,0.012821923470525576,7.118894869425404e-16,9.355026424155317e-17,-0.025547101786145276,-1.987204728789246e-16,7.077596684111682e-19,13.313812443164394,-2.135395341918867e-28
2.8850000000000002,1.085017258916215e-13,0.013383130290748113,2.7891014516895285e-14,-2.960533116436629e-14,-0.026688989773589356,-5.531460786819089e-15,6.578007918440884e-15,11.282500709557155,2.4920291542077145e-26
2.89,1.0863863236900838e-13,0.013860230636964843,2.7196679205937818e-14,-2.961836264252624e-14,-0.027661428639660812,-5.343410660564774e-15,6.5722029945444715e-15,9.220117025491422,2.4935522887618498e-26
2.895,4.3750067277558366e-17,0.014247709958837618,1.331845889579758e-16,-2.857113497436903e-17,-0.02845306200272546,-3.15787785153712e-17,1.292953780475985e-17,7.132072015436584,-6.81970688716722e-29
2.9,9.908733262285516e-19,0.014541026063653817,1.1371993472869517e-16,-5.216157072581766e-18,-0.02905450479822491,-2.817308217253421e-17,6.895921124492186e-18,5.024006733571628,-2.6312507429572986e-29
2.9050000000000002,-4.1295992480378886e-17,0.014736708795609843,9.204013138089925e-17,1.8165727562030758e-17,-0.029458543426983397,-2.3742117273886136e-17,8.005869077022791e-19,2.90174401708472,-1.0689954448454806e-28
2.91,-8.209685357955013e-17,0.01483242911925231,6.862766898719232e-17,4.10430888768039e-17,-0.029660288266896373,-1.8366174806520673e-17,-5.2618423613517695e-18,0.7712367043724697,-3.713127198016491e-29
2.915,-5.422095360728964e-14,0.014827054319894728,-1.4148900470058839e-14,1.481115056865735e-14,-0.02965728290607217,2.825102461229463e-15,-3.2878781859731053e-15,-1.3614864080979636,-1.2620364758816058e-26
2.92,-5.425795551457757e-14,0.01472066765722957,-1.4171791397394522e-14,1.4832078878387817e-14,-0.029449554181013582,2.8306244429996604e-15,-3.293651516808486e-15,-3.4903759423090044,-1.2572029377885458e-26
2.9250000000000003,5.4362182957996287e-14,0.01451456887355107,1.366373531944318e-14,-1.483035127898907e-14,-0.02903961510671138,-2.6820175448912873e-15,3.2830136358660764e-15,-5.609417677623771,1.2556276672400809e-26
2.93,-3.94402799463303e-18,0.014211245146000806,-2.8372635759152945e-16,3.179958621481263e-17,-0.02843240760989829,8.058035022174319e-17,-1.3857388224534818e-17,-7.712687676967246,-3.46099800068385e-29
2.935,9.523066228210046e-17,0.013814315873148075,-2.3119415893231064e-16,-2.155502648631192e-17,-0.027635196649214322,7.161000780221815e-17,-5.364514536504045e-18,-9.794405838029686,1.1422145038967103e-29
2.94,-5.434901740234583e-14,0.013328455997594801,-1.3850218622981108e-14,1.4853724020250397e-14,-0.02665741287222545,2.7450584438813108e-15,-3.301474160605736e-15,-11.84898695121867,-1.2576819072554631e-26
2.945,5.416719049146861e-14,0.012759298432101218,1.4324116496058686e-14,-1.47835554360319e-14,-0.025510456020157335,-2.860534043473849e-15,3.2737827343254948e-15,-13.871088412083209,1.2252458805645524e-26
2.95,1.1625660688742038e-16,0.01211331427104767,-2.151222724159e-16,-3.252653151829649e-17,-0.024207453994193884,6.999462913077402e-17,-8.43928421679444e-18,-15.855653826351343,5.518270135802946e-29
2.955,-5.439721197136204e-14,0.011397685833046012,-1.3527021619769488e-14,1.4852959302554788e-14,-0.022762999552924157,2.659900680587686e-15,-3.30338667514254e-15,-17.797951848067473,-1.2438886666867165e-26
2.96,5.435170302259495e-14,0.010620162655811782,1.3693385636253587e-14,-1.482566502065914e-14,-0.021192861380029626,-2.6861170682201587e-15,3.2702827463908883e-15,-19.69360971677378,1.2487012282515956e-26
2.965,5.414914996193335e-14,0.009788916138958825,1.431029815751548e-14,-1.4773233100468528e-14,-0.019513681645378256,-2.8563526469346394e-15,3.265006006731277e-15,-21.5386410868015,1.2469337172446129e-26
2.97,9.692505329793234e-17,0.008912389695694856,-2.1091610183810795e-16,-2.30331194031502e-17,-0.017742671962537315,6.942952196188999e-17,-1.674704664275314e-17,-23.329467877984712,-1.112653028042709e-30
2.975,-5.430388395712397e-14,0.007999151805833549,-1.3875400760347856e-14,1.4833748304724225e-14,-0.015897310531670428,2.7563170369776904e-15,-3.3096338365878675e-15,-25.062936014081803,-1.263324873983567e-26
2.98,5.42400222963825e-14,0.007057755109215691,1.401550365226396e-14,-1.4795672457376397e-14,-0.013995051268040015,-2.774427985730628e-15,3.2615774627978834e-15,-26.736325045900696,1.2422874452368863e-26
2.985,-2.7119913993384797e-14,0.006096603101838127,-7.055675364258138e-15,7.414257266972863e-15,-0.01205305306022808,1.4161378160650699e-15,-1.6686571083417788e-15,-28.347351781500688,-6.325985255530106e-27
2.99,7.806854032209739e-17,0.005123831406038448,-2.0316424852057194e-16,-1.467710081867953e-17,-0.010087929811334106,6.769800128480955e-17,-2.4129057636277182e-17,-29.894168158845122,-6.785508149602009e-29
2.995,9.634381566656442e-17,0.004147199445355909,-1.855066346441758e-16,-2.5408254843469877e-17,-0.008115530753414646,6.372463756313618e-17,-2.3355758285561348e-17,-31.375353696001355,-5.817368558146654e-29
3.0,-3.843068562051907e-17,0.003174000373590502,2.0928802769434018e-16,1.0429250138173453e-17,-0.006150753251539243,-4.550000620965494e-17,-2.735376868217851e-17,-32.78990293695261,-1.1986872303776406e-29
3.005,8.415677435534104e-17,0.0022109859382197783,-1.7874838825506309e-16,-2.0481828656478598e-17,-0.004207388353840713,6.123401501197338e-17,-2.666341153114945e-17,-34.13720837922163,-1.931739377019686e-29
3.0100000000000002,2.711444034180374e-14,0.0012643101270271018,7.0611170569342155e-15,-7.396580561326158e-15,-0.002298002389203191,-1.3961936302114755e-15,1.6122251939865984e-15,-35.41703941738288,6.181888186018421e-27
3.015,7.19688055884458e-17,0.0003394867852080097,-1.7102898574709997e-16,-1.5746003532970685e-17,-0.0004338509417465275,5.829541939673238e-17,-2.9650087720179566e-17,-36.62951787036688,1.2072643451981383e-29
3.02,-2.706405712432326e-14,-0.0005586323549096051,-7.036874060599124e-15,7.3830159657299e-15,0.001375168944463212,1.4128627505712873e-15,-1.6712072555485935e-15,-37.775090673506504,-6.289621169534625e-27
3.025,-2.707950390026915e-14,-0.0014258694220359303,-6.915107021813238e-15,7.380905986191356e-15,0.0031205392253994546,1.3800668468200545e-15,-1.6706122665812738e-15,-38.85450032033949,-6.313074656307865e-27
3.0300000000000002,5.636036844675522e-17,-0.002258711368739341,-9.22785273444193e-17,-1.5215421907872773e-17,0.004795109678276788,3.6184830454600864e-17,-3.180461948474293e-17,-39.868753622057326,2.5214088696652643e-29
3.035,1.3548622140541979e-14,-0.003054295872829016,3.626548250257318e-15,-3.699838875940269e-15,0.006393061903985142,-7.1968727092774565e-16,7.877147338096047e-16,-40.81908933186382,3.1335957988436003e-27
3.04,-1.349382338390839e-14,-0.003810379860112789,-3.645702032282018e-15,3.684066456334449e-15,0.007909850791094186,7.451817955024627e-16,-8.5469573227352705e-16,-41.70694514369123,-3.1109409338903692e-27
3.045,4.0602586492094317e-14,-0.004525303147516979,1.0778639847031002e-14,-1.1081298997203329e-14,0.009342124532878415,-2.1536783575437926e-15,2.4264242660254112e-15,-42.53392453588873,9.291517414842307e-27
3.0500000000000003,7.072253548319395e-17,-0.0051979427338437745,-1.6560295735415515e-16,-1.81079412922122e-17,0.010687636192379557,5.4465308082040306e-17,-3.476078976889127e-17,-43.3017638832492,1.2779445585438097e-29
3.055,-4.196113497203227e-18,-0.005827660293952874,1.0073492864551881e-16,-2.0298745377045372e-18,0.011945132782354762,-1.885772201094497e-17,-3.566529949278554e-17,-44.01230020844944,-1.7079443953304356e-29
3.06,2.7148357694770905e-14,-0.006414250525700993,6.9770539924915266e-15,-7.410262785415298e-15,0.013114247621651032,-1.3761871420404318e-15,1.6060908900065415e-15,-44.66743989805723,6.2269242094814404e-27
3.065,-1.3533526198856301e-14,-0.006957879498948216,-3.508148569934893e-15,3.691297217572856e-15,0.014195379773354944,7.053450034085354e-16,-8.573435131322296e-16,-45.269128650223394,-3.1083316018090182e-27
3.0700000000000003,1.357818264561897e-14,-0.007459029438010134,3.462418460907602e-15,-3.704086707069016e-15,0.015189573954813795,-6.783545396444323e-16,7.831201137354613e-16,-45.81932287851254,3.093652829229445e-27
3.075,-4.3125577254672855e-18,-0.00791843827114036,7.710881122220057e-17,-1.3428141148998446e-18,0.016098402250040778,-1.4451348929825435e-17,-3.756647941403679e-17,-46.31996274524193,2.658264494888857e-31
3.08,-1.3506843694036088e-14,-0.008337043535995292,-3.570040889172518e-15,3.682300830386459e-15,0.016923845030117235,7.214199393770134e-16,-8.572771835141232e-16,-46.772946957059744,-3.097394813394571e-27
3.085,1.402353409913069e-17,-0.008715925981121586,1.2016390463788152e-17,-5.74456462588816e-18,0.0176681785153896,2.497303696319693e-18,-3.787855544129196e-17,-47.18010941653446,1.5335495195554757e-29
3.09,1.102475045034431e-17,-0.009056258583875376,9.190943290185117e-18,-4.277954553553785e-18,0.018333868718821478,2.652123244447567e-18,-3.83208408782513e-17,-47.54319779061472,-4.250511989087016e-30
3.095,1.3550619431795441e-14,-0.009359255477825457,3.5437120408795836e-15,-3.697685679140161e-15,0.018923469148067085,-7.030217270152378e-16,7.816310849520448e-16,-47.86385402663062,3.1131111713704228e-27
3.1,-1.3518694294043107e-14,-0.009626129158554875,-3.544144686937247e-15,3.685451999155891e-15,0.01943953099128315,7.123214682335038e-16,-8.581587940467478e-16,-48.14359682624096,-3.0935186528672648e-27
3.105,4.472372975339755e-18,-0.009858047230892453,2.3566888780902257e-17,-2.5346380925599454e-18,0.01988451794568391,-2.763412778976991e-18,-3.87413766999664e-17,-48.38380606572851,-2.3084194839993537e-30
3.11,1.3543523522826676e-14,-0.010056097193583469,3.5287259846054098e-15,-3.693519081583426e-15,0.020260732680990046,-7.008098932429146e-16,7.8066010539535e-16,-48.58570914117576,3.1097492777396605e-27
3.115,9.130233175148635e-18,-0.01022125299638077,6.368657189217859e-18,-3.5695607460442325e-18,0.020570250024132264,1.0196215204942676e-18,-3.870443376201783e-17,-48.75036920531248,2.1807303799366535e-31
3.12,7.098093983046002e-18,-0.010354349149828579,3.6275045365124565e-18,-2.4491565717311973e-18,0.020814863940429973,1.1743181962703956e-18,-3.884643855463521e-17,-48.878675260716875,1.3471220651340327e-30
3.125,2.7072943483550403e-14,-0.010456055858220736,7.087828782556172e-15,-7.3836476682644e-15,0.02099603812815154,-1.4142799414983086e-15,1.6005466244115204e-15,-48.97133406970815,6.213067297132595e-27
3.13,-1.3522000535383321e-14,-0.010526862465582099,-3.5465461340182345e-15,3.687035972322694e-15,0.021114873097848985,7.100251977622608e-16,-8.581690136141343e-16,-49.02886384750894,-3.1025154551909196e-27
3.1350000000000002,1.3538207398900539e-14,-0.010567062910084246,3.5580435620406166e-15,-3.692903646951272e-15,0.021172075211790542,-7.110046516871262e-16,7.812510687890602e-16,-49.05158970541095,3.1074075054532617e-27
3.14,-1.3519346989094162e-14,-0.010576747229492867,-3.55504716629558e-15,3.68655790256035e-15,0.02116794280718537,7.114329508342091e-16,-8.578243049765099e-16,-49.03964082201904,-3.102028447850598e-27
3.145,6.459667719871727e-18,-0.010555797841057313,-3.190473265869832e-19,-1.552513453402657e-18,0.021102356417504353,-1.6213710418556176e-19,-3.8249554858170506e-17,-48.992949325267915,1.8178740046767e-30
3.15,1.3527536940126606e-14,-0.01050388973192895,3.5733660922718064e-15,-3.688768085850296e-15,0.020974780741497057,-7.169201835504137e-16,7.813717113922595e-16,-48.911250879604374,3.1024575276404377e-27
3.1550000000000002,-1.3518580356883246e-14,-0.010420495335424107,-3.564599619958485e-15,3.687230317657299e-15,0.0207842757960659,7.125357882309701e-16,-8.572885748432127e-16,-48.79408698147854,-3.104149239654585e-27
3.16,2.6718725050449357e-18,-0.010304895388614455,9.53942949481547e-18,-6.823576186795628e-20,0.020529517690373922,-4.340745614417948e-18,-3.759325645327996e-17,-48.64080897618098,-2.4678737827500597e-30
3.165,1.3534173794362353e-14,-0.010156193475182818,3.546536770214203e-15,-3.689541610179515e-15,0.020208829251766147,-7.110622229071391e-16,7.821704895490308e-16,-48.450583817396335,3.1042896703534124e-27
3.17,3.1470015540337753e-18,-0.00997333538408185,1.4450552949968878e-17,-2.798632950296328e-19,0.019820218263706835,-6.5694554973539615e-18,-3.6839238060316376e-17,-48.22240159832154,-8.863638899670667e-30
3.1750000000000003,-1.3518280112156197e-14,-0.009755135570003404,-3.582654635720644e-15,3.68908034774143e-15,0.019361431691402586,7.153099809446722e-16,-8.564079827423027e-16,-47.95508488995843,-3.1126302005442668e-27
3.18,1.3516404009353484e-14,-0.009500303419308409,3.615971717125192e-15,-3.685541524388684e-15,0.01883000850212113,-7.314683908570555e-16,7.832591150987182e-16,-47.64729992130118,3.083347907214217e-27
3.185,1.3540550697309547e-14,-0.009207480709207516,3.5463316416010026e-15,-3.6917549200785e-15,0.018223354206558184,-7.126906804496737e-16,7.84124725474949e-16,-47.29756964263838,3.111213589107213e-27
3.19,-1.3525374690750276e-14,-0.0088752789320381,-3.5297551286002792e-15,3.689320355005257e-15,0.01753881720952677,6.996932660317919e-16,-8.546971905697842e-16,-46.904288702400024,-3.0983732756277805e-27
3.1950000000000003,1.2621675225932872e-17,-0.008502324567153607,-8.2233390542197e-18,-2.0747588356581983e-18,0.016773776221480574,-2.7021841233551106e-18,-3.456681143091592e-17,-46.465740365806006,-1.0409938799908077e-29
3.2,1.0371805050323518e-17,-0.008087306404533479,-1.1905287893267746e-17,-4.805970576723977e-19,0.015925737949551433,-2.334581792612252e-18,-3.435846509621051e-17,-45.980115389028796,-1.7214409467536855e-29
3.205,1.3531493478888045e-14,-0.007629026840128006,3.621770312827714e-15,-3.692034060956252e-15,0.014992436987963487,-7.347682357995203e-16,7.868856763483708e-16,-45.44553284588973,3.106473179564065e-27
3.21,-4.054908269012176e-14,-0.007126461079977275,-1.0744278684376837e-14,1.1061074973029584e-14,0.013971952610525307,2.1486441166976778e-15,-2.4915530444727525e-15,-44.86006288525851,-9.311502602510954e-27
3.215,-1.3491330355907061e-14,-0.00657881175606434,-3.6498741569324184e-15,3.683063921852124e-15,0.012862820678609665,7.301629991482396e-16,-8.520027731029189e-16,-44.22175136462313,-3.1078331798407656e-27
3.22,-1.35294115480746e-14,-0.005985573463611615,-3.524911854618909e-15,3.692445485184598e-15,0.011664155826615286,6.953418676490732e-16,-8.518681103665421e-16,-43.52864628049374,-3.0967861609087805e-27
3.225,1.3565113992086581e-14,-0.005346591951052915,3.4917573200728184e-15,-3.697585379124787e-15,0.01037577265223888,-7.011897122208241e-16,7.891564287773428e-16,-42.77882587327724,3.099991463106518e-27
3.23,-1.352747421368003e-14,-0.0046621282123027186,-3.5216701689098367e-15,3.6917813006148035e-15,0.008998308364873253,6.9364711861716e-16,-8.503723439849611e-16,-41.97042824707695,-3.1174873574229867e-27
3.235,1.3547162277039226e-14,-0.003932916747658055,3.7146417507304714e-15,-3.705258068398837e-15,0.007533340997561311,-7.611537045240015e-16,7.94029026554779e-16,-41.10168229655388,3.1147494428212702e-27
3.24,-4.0520591633756596e-14,-0.0031602266092960463,-1.0962852234474527e-14,1.1065295351979088e-14,0.005983502952794595,2.204420325153395e-15,-2.4903236932036366e-15,-40.170939686876004,-9.306986640233505e-27
3.245,4.014028236526767e-17,-0.002345909600492746,-1.0736477327364002e-17,-1.2805467119956245e-17,0.004352580876989975,-5.374727691199166e-18,-2.61713400320422e-17,-39.176707578969506,8.142851717855259e-30
3.25,3.4262229198925944e-17,-0.0014924521679375857,-1.749534740483351e-17,-9.140670598046289e-18,0.0026456108830359426,-4.1538756590860115e-18,-2.6061813173895255e-17,-38.117681746202365,-5.605479903774947e-29
3.255,2.7146333285506477e-14,-0.0006030083490315974,6.972921215213694e-15,-7.405792617400921e-15,0.0008689448167586988,-1.3928112654997012e-15,1.6161563581043076e-15,-36.99277967035409,6.2461670867964806e-27
3.2600000000000002,-2.7031508262845332e-14,0.00031856736593738333,-7.12931039023354e-15,7.374686126142213e-15,-0.0009696891565695864,1.4174279566400907e-15,-1.6644945359453598e-15,-35.80117316651821,-6.24754050628697e-27
3.265,1.1816601766336193e-16,0.001267709540812234,-2.764320295329969e-16,-2.9958162138084085e-17,-0.0028611669142506457,6.642719737504337e-17,-2.2052262304425156e-17,-34.54232003234503,-3.8995023555220747e-29
3.27,5.1885012710860944e-18,0.0022391346758610098,1.083136620208602e-16,-3.686832255938079e-18,-0.004794959305080226,-3.9322446653185786e-17,-2.2164684278725153e-17,-33.2159941921001,-2.61846590243516e-29
3.275,2.71250146719084e-14,0.0032268592780866356,7.088297457403397e-15,-7.403408619818442e-15,-0.006759169422373645,-1.4247463160489018e-15,1.6206905758303743e-15,-31.822313766241084,6.1979503889095906e-27
3.2800000000000002,-2.7107999948965156e-14,0.004224228348562065,-6.860229299465296e-15,7.392274790849623e-15,-0.008740590147624516,1.342971398721657e-15,-1.6611442519563644e-15,-30.361766491190856,-6.282131140914804e-27
3.285,1.2732057991590502e-16,0.005223963833870471,-3.1704641419306506e-16,-3.078055046360471e-17,-0.010724807121022195,7.69711766477924e-17,-1.8134098006026738e-17,-28.835231901586887,-1.4449558964716736e-30
3.29,-4.0679759502359605e-17,0.00621823288987855,2.55018828261291e-16,8.122937607445035e-18,-0.01269632990643288,-8.00425776376223e-17,-1.860029033840964e-17,-27.243999703395534,9.163317196266388e-29
3.295,5.422875853926515e-14,0.007198730001647391,1.4201563137785604e-14,-1.480525474332921e-14,-0.01463876117774987,-2.845719738756482e-15,3.268700308193631e-15,-25.58978379100551,1.2439482718249424e-26
3.3000000000000003,5.421401799782766e-14,0.008156782197630719,1.4188994174983907e-14,-1.4796856820245565e-14,-0.016535003032885243,-2.842825477195215e-15,3.26828213347773e-15,-23.874731404237277,1.2480622650669053e-26
3.305,1.4855288598287054e-17,0.009083467346059138,2.945604364626989e-16,-2.2547054386544934e-17,-0.018367490969453115,-8.760584701525068e-17,-8.997782693728698e-18,-22.101426985762963,-1.355042519003996e-28
3.31,-5.405926437496229e-14,0.009969745228218585,-1.4607440848214305e-14,1.4768440339083517e-14,-0.020118455243192557,2.9370389030878224e-15,-3.2989147576021434e-15,-20.272890375458772,-1.2409399068429523e-26
3.315,-2.9085656144158644e-17,0.010806605326337149,2.750717483978713e-16,6.763410116553028e-19,-0.021770210055933603,-8.409676322319772e-17,-1.0758312529849255e-17,-18.392569072426866,-2.1143172304179364e-28
3.3200000000000003,5.425836660299852e-14,0.01158521935792578,1.4198809821710817e-14,-1.4819937704081937e-14,-0.02330545117935401,-2.8425935564924705e-15,3.2778892741589585e-15,-16.464324408245844,1.2504384180649557e-26
3.325,-1.6676095723519707e-16,0.012297098784785021,5.770754553243894e-16,4.544759280542522e-17,-0.024707569212196745,-1.681876139323344e-16,-1.3244992442377074e-17,-14.492411591976548,-1.7595766067280015e-28
3.33,5.425524617581843e-14,0.012934256748337702,1.4567228780849233e-14,-1.4847656472004642e-14,-0.025960960737293703,-2.9383728604255123e-15,3.289349274770631e-15,-12.481453720208526,1.2481877102297027e-26
3.335,-5.415249095371281e-14,0.013489360551432128,-1.4311736362731312e-14,1.4791045344965492e-14,-0.027051329875604324,2.8577325012208044e-15,-3.2931874565889527e-15,-10.436409981037809,-1.238176580888e-26
3.34,5.4112578991836544e-14,0.013955883228106813,1.4870580586992044e-14,-1.4800605803840483e-14,-0.027965978300514394,-3.022422911153154e-15,3.2866938616370712e-15,-8.362538413711224,1.2386202424363238e-26
3.345,-6.915135330834873e-17,0.014328235077783802,2.4981502997110505e-16,2.1853312379974932e-17,-0.028694063773357925,-7.548759057753679e-17,-6.081673276066462e-18,-6.265353723351012,-2.830572188763637e-29
3.35,3.585545098621868e-17,0.014601884881514593,3.0371578477681163e-16,-3.52670057222346e-17,-0.029226831837036116,-8.477630860618906e-17,6.464018473405807e-18,-4.150580768574931,7.471363566679388e-30
3.355,-5.4063131576830496e-14,0.014773455482298914,-1.4662728594489016e-14,1.47730179359735e-14,-0.02955779943131631,2.9561367160075057e-15,-3.286997351419717e-15,-2.0241044567283666,-1.2422985944454615e-26
3.36,-3.7035905528222277e-17,0.014840799841934427,2.637559707835451e-16,3.5654900789934745e-18,-0.029682900197229856,-7.638583558225835e-17,2.2448941548079862e-18,0.10808312935931141,-1.502454237354639e-28
3.365,5.4258726010684644e-14,0.014803046933067776,1.416816007631187e-14,-1.481995093397734e-14,-0.02960056926988841,-2.8291653987130727e-15,3.2915611079072538e-15,2.239937470110334,1.2308448217514192e-26
3.37,3.0563896301822564e-17,0.014660623531170813,2.9184488654590906e-16,-3.314939132776987e-17,-0.02931178267095902,-7.939452555466994e-17,1.253198934994475e-17,4.365417265593553,-5.135594023250915e-29
3.375,1.0851392643811565e-13,0.014415243077834816,2.804879846885985e-14,-2.962156505815296e-14,-0.028820031485992104,-5.576094185214212e-15,6.5783322494121544e-15,6.478540031308544,2.4958834213301112e-26
3.38,-5.1411152166766414e-17,0.014069870879566793,2.434140685996106e-16,1.0981535007234153e-17,-0.028131249860550156,-6.853917681211461e-17,7.365394289404469e-18,8.573436662618583,-1.5689009036563822e-28
3.3850000000000002,5.109585774977608e-17,0.013628658561316342,2.9016448810217583e-16,-4.441347617468361e-17,-0.027253685588590315,-7.576368585895093e-17,1.9633378322476666e-17,10.644404019823455,-1.0863482994420841e-28
3.39,1.0852705581842398e-13,0.013096855852516853,2.805525894293941e-14,-2.962987874947798e-14,-0.02619772138578469,-5.57479264290536e-15,6.5849777466525236e-15,12.685954642782029,2.4876834430813922e-26
3.395,-3.6250154704322773e-17,0.012480698486733388,2.36645653063281e-16,2.8950747033619537e-18,-0.024975660222963825,-6.350161975074823e-17,1.3846443963669616e-17,14.69286277979473,-1.5124189371972713e-28
3.4,6.12741983002037e-17,0.011787280419184754,2.785247023862406e-16,-4.9606260361851004e-17,-0.0236014670107636,-6.957706499082476e-17,2.553403770048906e-17,16.660206010661607,-4.4994656008050803e-29
3.4050000000000002,-1.0843663974910043e-13,0.011024406535462106,-2.8975995396051904e-14,2.966426506503041e-14,-0.022090487865739306,5.820916996600436e-15,-6.5742496332837415e-15,18.583401859021446,-2.499802270368106e-26
3.41,1.0844753452031305e-13,0.0102004441197181,2.874628084029841e-14,-2.964685590619912e-14,-0.02045915196602266,-5.757572770816445e-15,6.6013956684474945e-15,20.45823891446547,2.4912834501942948e-26
3.415,-1.0824597929925209e-13,0.009324157033596236,-2.8870489891802805e-14,2.9559786519713596e-14,-0.018724655607698537,5.802098728125871e-15,-6.550855562412477e-15,22.280902114339806,-2.4867152154316222e-26
3.42,-1.0799444652385574e-13,0.00840455201102941,-2.943125333632512e-14,2.9477795230412775e-14,-0.016904658337765,5.959716148871854e-15,-6.539646900621857e-15,24.047991978979507,-2.480978667030746e-26
3.4250000000000003,2.1234736979359858e-16,0.0074507169115349825,-6.864881883477416e-16,-5.0868276177947926e-17,-0.015016967746319665,1.9188789444575543e-16,2.453608642562106e-17,25.756537718064834,5.285613047243839e-29
3.43,-6.754368174534409e-17,0.006471673040202575,1.9153744060475336e-16,1.949444553184732e-17,-0.013079257778457531,-4.971699555883962e-17,2.1610798472654982e-17,27.404004266957365,-2.2631222376881145e-29
3.435,1.8919714685679688e-17,0.005476237497674674,2.2559982006372107e-16,-2.6754112367562102e-17,-0.011108794549301138,-5.4623295939063657e-17,3.1859863636893636e-17,28.988293421256515,-3.396444704248881e-29
3.44,-5.4099119378928514e-14,0.004472895075814165,-1.461088424061685e-14,1.478146732541331e-14,-0.009122193404991208,2.9511262373339753e-15,-3.2604977421106443e-15,30.507739351217715,-1.2506276465182955e-26
3.4450000000000003,5.4230476983255445e-14,0.0034696916991805438,1.4149653243711959e-14,-1.481041622163357e-14,-0.0071352090135548,-2.8163362184100313e-15,3.3151878414218588e-15,31.961098869808005,1.2418987522283705e-26
3.45,-5.427103825719837e-14,0.002474139695138433,-1.3770383170767079e-14,1.4800786300622602e-14,-0.005162553917458013,2.724238877545859e-15,-3.253246091945922e-15,33.347536901326805,-1.2463147941744267e-26
3.455,1.82991412157087e-16,0.0014931468819057159,-5.947383662974097e-16,-4.4848057973899545e-17,-0.003217758028768003,1.68452791883667e-16,3.2702419741210675e-17,34.66660766150024,6.884578455659943e-29
3.46,-5.884535422706111e-17,0.0005329557751849734,1.615447667597596e-16,1.6277514552950005e-17,-0.0013130578470992305,-3.971013306938903e-17,3.001759820988223e-17,35.918232096178976,-7.982609261911912e-29
3.465,1.5550761296274356e-17,-0.00040088511574509766,1.868054772955309e-16,-2.3030467823086603e-17,0.0005406698125653975,-4.2951733017299677e-17,3.8609055229351544e-17,37.10267215773439,2.5039780495125895e-29
3.47,-5.4102829063486566e-14,-0.001303551243989176,-1.4541590026701078e-14,1.477722683629406e-14,0.002333953039908465,2.934278806093531e-15,-3.251499351664118e-15,38.2205024967609,-1.2442980468313953e-26
3.475,5.4207287383283854e-14,-0.002170936262189116,1.4153104213327363e-14,-1.4800158781098243e-14,0.004058724589341978,-2.817055368623899e-15,3.320505276052592e-15,39.27258015447974,1.2466464108001675e-26
3.48,-5.4242622231813724e-14,-0.0029996470329507474,-1.3851018456738564e-14,1.479264025644214e-14,0.0057083041331082995,2.747766429260179e-15,-3.2456030565136813e-15,40.260012808895695,-1.2510904963614278e-26
3.485,1.4458832933159269e-16,-0.003786976445226742,-4.785499977580226e-16,-3.5330571147758445e-17,0.007277350390765491,1.372172744799135e-16,3.8649209719550473e-17,41.18412611022435,2.72059792209152e-29
3.49,-4.989265582441345e-17,-0.00453086878491149,1.2545506295877162e-16,1.423523423507341e-17,0.008761790566126137,-2.9177724523848565e-17,3.630122788609173e-17,42.046430596907214,-5.368159605652031e-29
3.495,1.2336155627314052e-17,-0.005229875804179329,1.426450615764127e-16,-1.8194092809384205e-17,0.010158736075780439,-3.096897957219252e-17,4.322111910524674e-17,42.84858864175486,-1.3204216366311493e-29
3.5,-5.4110191430224094e-14,-0.005883104051626731,-1.446002245717528e-14,1.4774517508845223e-14,0.011466380718474056,2.9129781554514503e-15,-3.244563746975808e-15,43.592381830239965,-1.2412317723849883e-26
3.505,5.418375764118704e-14,-0.0064901586270593725,1.4161214493757889e-14,-1.4789436663369897e-14,0.012683889306913443,-2.8200835977832677e-15,3.3238707695785495e-15,44.27967912087128,1.2421259995328128e-26
3.5100000000000002,-5.4211188156260784e-14,-0.007051082408240816,-1.3943967866612087e-14,1.478446903378812e-14,0.013811281695851108,2.7735512813873875e-15,-3.23998987278258e-15,44.91240608715049,-1.2429194671003431e-26
3.515,1.026711447114537e-16,-0.007566291956301541,-3.4385911556669085e-16,-2.500948164498705e-17,0.014849307425102154,9.999375003517985e-17,4.2715336025773815e-17,45.49251549106239,1.5776312556299457e-29
3.52,-3.928711927805421e-17,-0.008036518907815093,8.588600780255018e-17,1.2067121386783173e-17,0.015799328409791258,-1.8659154814301193e-17,4.0677607898189025e-17,46.021959386667234,-1.563258050404285e-29
3.525,1.2734078015185474e-17,-0.008462741984057942,9.659864191141545e-17,-1.4656214926562588e-17,0.016663190649303772,-1.9290943109604397e-17,4.6175920439243016e-17,46.502662913925114,5.5888556957777754e-30
3.5300000000000002,-5.412125829940111e-14,-0.008846131135172186,-1.4371393870629025e-14,1.477335523401502e-14,0.017443112936952332,2.8887942910815553e-15,-3.239704915654013e-15,46.93649989281725,-1.2421409311743161e-26
3.535,5.416434749945354e-14,-0.009187987216488835,1.4174401204316143e-14,-1.4780857280691154e-14,0.018141568414385745,-2.8250728183503927e-15,3.3258628520256124e-15,47.325270301442444,1.2434839549020727e-26
3.54,-5.417853284426092e-14,-0.009489690055890065,-1.4045493243650572e-14,1.4776472742436667e-14,0.01876118413876071,2.800817819975326e-15,-3.2362872375377806e-15,47.67067968163722,-1.2449603408835236e-26
3.545,4.8958654782102523e-17,-0.009752645196090093,-1.5467312950836932e-16,-1.2927697131781143e-17,0.019304635937523074,4.734356682980189e-17,4.5230768506487563e-17,47.97432049728114,1.0840782683002862e-29
3.5500000000000003,5.460619791306194e-18,-0.009978241869975868,5.438279421445431e-17,-7.596788431461604e-18,0.019774565523412946,-9.363940544227223e-18,4.658172726108405e-17,48.23765544124349,-1.3266695694087558e-30
3.555,1.0032915289635446e-17,-0.010167808556430735,-5.5205085868911415e-17,-1.3098072244056996e-18,0.020173494163636008,1.9257863921307222e-17,4.470276069639476e-17,48.46200267951757,3.077923595777536e-31
3.56,-2.709078344524226e-14,-0.010322577935366617,-7.043747659677575e-15,7.3903765631679e-15,0.0205037532122887,1.4075335519283641e-15,-1.5954709102502189e-15,48.64852300170348,-6.215822929323956e-27
3.565,2.5739876460709762e-17,-0.010443656190944672,-3.042701370669959e-17,-1.1036274571002657e-17,0.02076742229296258,1.304299314912495e-17,4.7161163543514215e-17,48.798208844996886,1.0577538621898054e-29
3.5700000000000003,-2.7082315498537432e-14,-0.010531996105000108,-7.118039209662088e-15,7.391965821519761e-15,0.02096627811270224,1.4268580411810285e-15,-1.5960642018419922e-15,48.911875153863235,-6.219752700581824e-27
3.575,2.2562008160512793e-18,-0.010588375462304622,1.3627368910501392e-17,-2.8125686534150226e-18,0.021101749012018445,2.946977090547011e-20,4.641117795035476e-17,48.990152038469375,2.2120171092063904e-30
3.58,-2.7062523597846672e-14,-0.010613381285959012,-7.108403705994998e-15,7.381380189502163e-15,0.021174886110337354,1.4247615595849724e-15,-1.5938209021203946e-15,49.03347919661702,-6.210951739812926e-27
3.585,-4.702551136424719e-18,-0.010607398437868287,-2.941607486370631e-18,1.9133202815891725e-18,0.021186337755558782,3.574032430845745e-18,4.557154152124479e-17,49.04210207244541,-1.6195239653823627e-30
3.59,6.019371981902433e-18,-0.01057060203114002,-1.6827200757422539e-18,-3.521744656845851e-18,0.02113633692813721,3.487840596665783e-18,4.659323677855162e-17,49.01606973009274,2.731075105408304e-30
3.595,1.6819056099984015e-17,-0.01050295787655875,-3.382285294677961e-19,-9.011328910055026e-18,0.021024698837379674,3.3697433657552686e-18,4.759051454196156e-17,48.9552344301651,7.29957682260416e-30
3.6,-1.2961012493631646e-17,-0.010404223815729807,2.7434959359546748e-17,3.580520297739617e-18,0.020850824095830944,-5.475192897254141e-18,4.554230565792988e-17,48.85925290788194,-3.8660011774888856e-30
3.605,1.3510390037227773e-17,-0.010273957745687845,-3.058776429871946e-17,-5.081025906816627e-18,0.020613717875079374,1.059326784063172e-17,4.6480639010646276e-17,48.72758935836365,4.6450970140471426e-30
3.61,-2.8798866142408095e-17,-0.010111532489028185,4.227111477034582e-17,1.0224149223354213e-17,0.02031201032384189,-1.0569543106535016e-17,4.429572747859996e-17,48.55952014718265,-1.4807742286003615e-29
3.615,6.6415228359349484e-18,-0.009916150504833965,-4.866542096255772e-17,-3.2452653672964903e-19,0.019943996573431377,1.4511586713366448e-17,4.518892020387031e-17,48.35414026971335,-5.099684485280759e-30
3.62,-3.455591068431705e-17,-0.009686868063068843,1.6533850442783143e-17,1.50432479849765e-17,0.019507674984971857,-4.572963445433671e-18,4.2839955415664214e-17,48.110371591988155,-1.6365450647505986e-29
3.625,2.709482060846674e-14,-0.009422622647357493,6.9949224328084474e-15,-7.390048852122798e-15,0.019000807008666243,-1.389395174282093e-15,1.6853710377435612e-15,47.826972907172184,6.2209101749397e-27
3.63,1.2879950758271213e-17,-0.00912226345048861,-7.037655873709102e-17,-1.8154563079464953e-18,0.018420976911720288,1.97349444859527e-17,4.456294293662787e-17,47.50255184783822,-7.745119646315676e-30
3.6350000000000002,5.4132262935792524e-14,-0.008784588970002005,1.4243088898123373e-14,-1.4770491299989076e-14,0.017765664233259315,-2.8490356798712924e-15,3.325664780211653e-15,47.13557868866256,1.2432607334125406e-26
3.64,4.157961238055545e-17,-0.008408386782368993,-7.566685701881295e-17,-1.577623428174346e-17,0.017032329096267063,2.180790834896295e-17,4.638042781641167e-17,46.7244020713439,2.4948356567333837e-30
3.645,-5.4225921157560857e-14,-0.007992481258373374,-1.4044165623128642e-14,1.4799558812379103e-14,0.016218499960089616,2.7934570711366436e-15,-3.24061646569336e-15,46.267266674419524,-1.2464106596683808e-26
3.65,5.413500946286081e-14,-0.007535780197331476,1.4256312477596857e-14,-1.477288410111172e-14,0.015321873309133593,-2.8530891151062325e-15,3.325056065010458e-15,45.76233283616442,1.2392445001516666e-26
3.6550000000000002,-5.4088680317899936e-14,-0.0070373291085878975,-1.447104608093237e-14,1.4764548458284827e-14,0.014340420970590628,2.9105956195448604e-15,-3.2392723189370902e-15,45.20769811977121,-1.2432402443745584e-26
3.66,-1.0274336192362921e-16,-0.006496365043242136,3.8027826160267635e-16,2.0371917111709842e-17,0.013272498965520185,-1.0454779773313078e-16,4.2299440632407595e-17,44.60142078829483,-6.342627355783861e-29
3.665,5.157799881924553e-19,-0.0059123774052523,-1.2940546778857138e-16,8.913489130233083e-18,0.01211696879941826,3.306635151456528e-17,3.8932533439170325e-17,43.94154512445935,-5.246695628461197e-29
3.67,6.195382665192776e-17,-0.00528516435299764,-1.1298280127029562e-16,-2.302909005865969e-17,0.01087331502203881,3.1172941419684754e-17,4.425399972673032e-17,43.22612850154824,1.0740026446175357e-29
3.6750000000000003,-5.4257749305857423e-14,-0.004614892987532926,-1.3972370499164355e-14,1.480968541995835e-14,0.009541762928364506,2.772066491716473e-15,-3.245228245414123e-15,42.45327006865496,-1.2546983193572684e-26
3.68,5.414785192264513e-14,-0.0039021582839318114,1.4284182729692953e-14,-1.4781119902582372e-14,0.008123403114367989,-2.8609700064042766e-15,3.3231484374884123e-15,41.62114087146163,1.2409594485848306e-26
3.685,-5.4067099028885166e-14,-0.0031480387750910666,-1.4573771265223535e-14,1.4761808583302384e-14,0.006620301245192195,2.9372251929957824e-15,-3.2438391812815487e-15,40.7280151861072,-1.2410776349708947e-26
3.69,-1.2930182009969145e-16,-0.002354147988349098,5.167763873827946e-16,2.3131073084418256e-17,0.005035606346169175,-1.42601098537261e-16,3.873165280469944e-17,39.772302790045245,-6.814324327652145e-29
3.6950000000000003,1.408214295740647e-17,-0.0015226817339026866,-1.6766578357737509e-16,5.507155458249457e-18,0.003373646442980771,4.2580346791076576e-17,3.446423226292956e-17,38.752581845541386,-8.101460059340654e-29
3.7,5.412532477704951e-14,-0.0006564569181648494,1.428849014434301e-14,-1.4769664348724518e-14,0.0016400095874473664,-2.863639504573621e-15,3.317518473333103e-15,37.66763201975583,1.239733698536669e-26
3.705,5.676858889025306e-17,0.00024105813339758697,-1.6288027055658106e-16,-1.59853223548964e-17,-0.0001583932605768723,4.287041804939468e-17,3.6376118750646467e-17,36.51646741531025,-2.2757708856589225e-29
3.71,-5.4324167255686344e-14,0.0011657266485727291,-1.3915848883150225e-14,1.4838853279416698e-14,-0.002013289235605953,2.7535314283232092e-15,-3.2566289733252487e-15,35.29836883991603,-1.2496470384102389e-26
3.715,5.4136279222677124e-14,0.002112733892957408,1.4300359094830372e-14,-1.4775351435656354e-14,-0.00391502517572917,-2.8661929321658918e-15,3.3152989147440354e-15,34.01291490036646,1.2493888000519484e-26
3.72,7.193874864015563e-17,0.0030765983491534143,-1.7607842528761845e-16,-2.1916274798215592e-17,-0.005852582616469704,4.703646589308997e-17,3.373606022099723e-17,32.660011376687564,-4.161953893256692e-30
3.725,-5.433198805000141e-14,0.0040511924434412094,-1.3890321630981286e-14,1.484128828669699e-14,-0.00781362416401521,2.746591325230186e-15,-3.260661755631437e-15,31.23991830435334,-1.2583243260505086e-26
3.73,5.4150799258514575e-14,0.005029783704863178,1.4313452572676125e-14,-1.4782766765827465e-14,-0.009784567197172578,-2.8688493160549612e-15,3.3127828059150574e-15,29.75327418215198,1.2443335021525091e-26
3.735,8.975136439655056e-17,0.006005092657211719,-1.8513374258839677e-16,-2.9366993926108115e-17,-0.011750702281887015,5.0256228108069397e-17,3.079216470289659e-17,28.201116726200432,4.5993470478825574e-29
3.74,-5.4334880703448896e-14,0.006969364482991125,-1.3865966812796869e-14,1.4841447404049366e-14,-0.013696335992065656,2.740146598650754e-15,-3.2649012291319836e-15,26.584899602841297,-1.2620120534191009e-26
3.745,5.416717265120323e-14,0.007914462310431247,1.4327617608349642e-14,-1.479114098740688e-14,-0.015604977799071662,-2.871773859467916e-15,3.3098456700230595e-15,24.90650461256488,1.2357566989600063e-26
3.75,1.0860535261080938e-13,0.008831972284411904,2.7642716599369624e-14,-2.963925947242057e-14,-0.017459551563774767,-5.465501399700968e-15,6.594696841485975e-15,23.16824884107484,2.4916781020548287e-26
3.755,-9.896213558930927e-17,0.009713324560465253,4.1677194885529647e-16,1.8388479674861503e-17,-0.01924264010021659,-1.1587881551118176e-16,2.133159673669848e-17,21.372886366666823,-1.3899755334764045e-28
3.7600000000000002,-1.0831453467902252e-13,0.010549927310599116,-2.8688911287330855e-14,2.957998636982592e-14,-0.020936756749179608,5.747460278973555e-15,-6.552608127636006e-15,19.523604195288787,-2.5010934593011114e-26
3.765,1.0812283883588019e-13,0.011333306258499931,2.9554959268837935e-14,-2.954804546841214e-14,-0.022524630082799035,-5.987261845301301e-15,6.5911119111764744e-15,17.62401219408723,2.4912503027269475e-26
3.77,4.21337473823903e-16,0.012055253494345664,-1.5209291694916135e-15,-8.821639377532053e-17,-0.023989505689897328,4.1383649867676883e-16,1.6766596696393077e-17,15.678126911413429,7.043387413369508e-29
3.775,8.026817186873655e-19,0.012707977417484528,4.942303882722824e-16,-3.7128922403362045e-17,-0.02531545297678406,-1.3289295796927897e-16,2.4904236353742574e-17,13.690349293292915,-1.9586306792191754e-29
3.7800000000000002,-1.9090427308343213e-16,0.013284250339523851,4.047863124709693e-16,6.610767428236355e-17,-0.02648766686054671,-1.173780707436188e-16,3.2311582969457836e-18,11.665436439649667,-1.137572403498437e-28
3.785,1.087452647875769e-13,0.013777548793626693,2.7646916991838162e-14,-2.970825521172168e-14,-0.027492758779317228,-5.462127082993289e-15,6.59448639360331e-15,9.608467679738904,2.4993284413866332e-26
3.79,-1.0831461149249235e-13,0.01418218828281681,-2.869576767659558e-14,2.958052615512148e-14,-0.028319029087811032,5.747339538157936e-15,-6.56419114703312e-15,7.524805382149665,-2.4966294349209123e-26
3.795,-1.9570751026339655e-16,0.014493436318872455,4.1313994341110363e-16,6.80268919503967e-17,-0.028956706395234733,-1.1997631041443686e-16,-2.97019241771906e-18,5.420051041598857,-1.9245374452160724e-29
3.8000000000000003,1.6855684579196919e-16,0.014707615458789292,-5.569683756539353e-16,-3.739638892939497e-17,-0.029398157314417972,1.5008627187236954e-16,4.935414742239243e-18,3.2999973096297595,-5.686391803160024e-29
3.805,-1.47519504121624e-16,0.014822179159054372,4.3793378774457396e-16,4.225357138743931e-17,-0.029638048336863676,-1.2380653511481902e-16,-2.1358697997601642e-18,1.1705767360356099,-1.460759794532794e-28
3.81,2.1546530712984148e-16,0.014835767035108915,-5.328895985172266e-16,-6.262578617617422e-17,-0.02967346003042337,1.4597882008927605e-16,5.634576545254242e-18,-0.9621919208851928,4.7058354525366823e-29
3.815,-1.0209449982448227e-16,0.01474823478785936,4.635560126666741e-16,1.7443500618315665e-17,-0.029503954153156542,-1.2879844113573417e-16,-1.4957338304745888e-18,-3.092258893011593,-9.706787605620653e-29
3.8200000000000003,5.426723921203971e-14,0.01456065579384358,1.4027108478292971e-14,-1.481568579164866e-14,-0.029131580173626048,-2.789956293462767e-15,3.282587437039022e-15,-5.213599148732484,1.2461324064191837e-26
3.825,-5.4297418035088095e-14,0.01427529715193998,-1.3782673094341727e-14,1.4817372601949515e-14,-0.02856083067149484,2.7190455482079667e-15,-3.29226137386501e-15,-7.320267707847545,-1.2635795822963681e-26
3.83,6.976501089569309e-17,0.013895572608760176,-2.1508178236098874e-16,-1.4948758823834006e-17,-0.027798547628563597,5.702951429606085e-17,-8.290501390296148e-18,-9.406453558417594,2.569974483604038e-29
3.835,5.416802517295789e-14,0.01342596615296543,1.4360152886536826e-14,-1.4792459846833197e-14,-0.02685376948055307,-2.8807412341167887e-15,3.2753585615610487e-15,-11.466531249793103,1.2457197465987042e-26
3.84,-5.4036454488234784e-14,0.012871938907750291,-1.478339380918234e-14,1.4765722299395606e-14,-0.025737543860643086,2.9930825182885584e-15,-3.2985381267863145e-15,-13.495109292199018,-1.2566439740683836e-26
3.845,-1.968042552705097e-16,0.012239815402892873,7.68627031768173e-16,4.0449315954994663e-17,-0.024462694523208484,-2.114338255876257e-16,-1.5021987845121557e-17,-15.487074584216693,-5.281104519213509e-29
3.85,1.712647405815053e-17,0.01153665482706856,-2.3424244788240943e-16,1.25822380700384e-17,-0.023043562205444346,6.109320978705478e-17,-2.152623210672859e-17,-17.437632188389447,-8.666762833253135e-29
3.855,9.643303548918837e-17,0.01077011197381239,-1.8718306459129603e-16,-3.081445701732876e-17,-0.021495716953054966,5.230187140272168e-17,-1.5111655314747956e-17,-19.342339896263695,2.2886537635420747e-29
3.86,5.287359750212189e-17,0.009948289895731932,-2.0701871431431268e-16,-7.68806722110048e-18,-0.01983566097601397,5.588202417913855e-17,-2.1402477942713416e-17,-21.197137151065423,-3.5509469254377374e-29
3.865,5.422538234040965e-14,0.009079593115586704,1.403197495883068e-14,-1.479599828940117e-14,-0.018080522768300966,-2.790609577730274e-15,3.2611424012428337e-15,-22.99836803228813,1.2357360675310676e-26
3.87,1.6230490587048696e-16,0.008172576888981098,-4.840561141559727e-16,-4.091080359118064e-17,-0.016247752148203176,1.3332402382063224e-16,-2.164313864750178e-17,-24.74279814329307,1.0937327776812815e-29
3.875,-1.1470865566027691e-16,0.0072358079926289065,3.978575560463082e-16,2.7724327748344255e-17,-0.014354830371573257,-1.092374577666486e-16,-2.742872037654469e-17,-26.427625373268416,-1.4880344329683794e-28
3.88,2.7194876884981128e-14,0.006277726812385254,6.794757659921872e-15,-7.421137701745098e-15,-0.012418990298456833,-1.3335051159477437e-15,1.6160960858710717e-15,-28.05048463591447,6.235861378122821e-27
3.8850000000000002,-2.7155122758552202e-14,0.005306528018792278,-7.0422039935435656e-15,7.423700263755604e-15,-0.010456965737105861,1.4007157208937727e-15,-1.6762966878341964e-15,-29.609446797007617,-6.361740192912558e-27
3.89,3.293066484317326e-17,0.004330048911086237,-1.9039045039903429e-16,-1.8121727684519073e-19,-0.008484764663222677,5.243067731622391e-17,-3.288068495632727e-17,-31.103012110759938,-3.8270092227788623e-29
3.895,2.7104339343799e-14,0.0033556757757509104,7.08159582484928e-15,-7.399002005812887e-15,-0.006517475123729355,-1.4112149907163853e-15,1.610048779654911e-15,-32.53009856777647,6.215068554047118e-27
3.9,-2.710552182575367e-14,0.00239026714530155,-7.0235767429911486e-15,7.397154004884996e-15,-0.004569106033834203,1.3990925578510872e-15,-1.6758581649345895e-15,-33.89002562901806,-6.27482332383814e-27
3.9050000000000002,2.7082431149273035e-14,0.001440092482866362,7.071345914653491e-15,-7.387722357066377e-15,-0.0026524596307737625,-1.408812866841311e-15,1.6050512268563127e-15,-35.18249387346526,6.219771569110366e-27
3.91,3.6503513690854375e-17,0.0005107872789551493,-1.654949413437923e-16,-4.6343566075025355e-18,-0.0007790423201683438,4.7292592947382897e-17,-3.753570401622466e-17,-36.40756112079913,-2.718962595702079e-29
3.915,-2.7102735585853716e-14,-0.00039267146685517673,-7.033390229792998e-15,7.396073788221228e-15,0.0010409923953673683,1.4028429286618807e-15,-1.679728648298032e-15,-37.56561560998603,-6.281962693013644e-27
3.92,2.7104494701156512e-14,-0.001265979056753963,6.954839340949462e-15,-7.39013645059009e-15,0.002798867423358331,-1.3763762880596881e-15,1.6005631979349899e-15,-38.657346818330225,6.264768389559069e-27
3.9250000000000003,-5.750208725467536e-17,-0.002105499178369996,1.8168811973140336e-16,1.4513863281381045e-17,0.004487178977754525,-4.6612573049984794e-17,-4.130615769172359e-17,-39.6837144940819,-7.123556490133525e-29
3.93,-1.3487636246169832e-14,-0.002908250091593345,-3.750793687975499e-15,3.684448905912234e-15,0.006099862991497673,7.677914263598704e-16,-8.620781009648464e-16,-40.645916452996545,-3.102198853297243e-27
3.935,-4.8883721800578733e-17,-0.0036718747591635292,1.6830216198050512e-16,1.1029792342721243e-17,0.007632141318580921,-4.2131494565463904e-17,-4.2895458059595896e-17,-41.54535565706429,-9.805197507748239e-29
3.94,1.3550390786744774e-14,-0.004394607573019016,3.471366253973655e-15,-3.694098334685191e-15,0.009080445967398987,-6.839395934582081e-16,7.762259335911429e-16,-42.38360705393438,3.098790226724661e-27
3.9450000000000003,-1.3589826050008215e-14,-0.005075228007370924,-3.3566940157550726e-15,3.704113789176458e-15,0.010442329465632838,6.611039455755839e-16,-8.647211176015418e-16,-43.162384608167784,-3.169667014765063e-27
3.95,3.513216663498904e-18,-0.005713011841976368,-3.214973427846943e-17,2.728164206887807e-19,0.011716362159326366,1.340097739470388e-17,-4.550848643362081e-17,-43.88350890771945,6.535483556836834e-30
3.955,1.3513594547879588e-14,-0.006307676487026015,3.604945942219442e-15,-3.686582916805207e-15,0.012902019228960171,-7.196910522648438e-16,7.736578131117399e-16,-44.548875676328194,3.0886642325036957e-27
3.96,-1.3497374630742145e-14,-0.006859323052843536,-3.698456219355827e-15,3.6845454772741285e-15,0.013999567227699572,7.552575467822788e-16,-8.667105133911068e-16,-45.16042547302196,-3.1014984463644136e-27
3.9650000000000003,1.3527749827928393e-14,-0.0073683783832620975,3.5636477865651086e-15,-3.690533481154576e-15,0.015009936710239202,-7.078328762152121e-16,7.726141110050844e-16,-45.720114807643114,3.050793059215793e-27
3.97,-1.351510345814614e-14,-0.007835538600062364,-3.609949983813147e-15,3.686353698659794e-15,0.015934612145493077,7.317561800196908e-16,-8.674373972393548e-16,-46.229888859016256,-3.1141093882745396e-27
3.975,1.3530494000337438e-14,-0.008261706631920163,3.563354138807949e-15,-3.6919684534592215e-15,0.01677550531761085,-7.072352655052427e-16,7.717325433495897e-16,-46.6916559308606,3.108673383421219e-27
3.98,-1.351344839612713e-14,-0.008647940899244588,-3.598848198927813e-15,3.684609691614425e-15,0.017534844592454135,7.293135282260949e-16,-8.680361705242582e-16,-47.107263751131136,-3.1076949040881285e-27
3.985,-1.1836157335441434e-17,-0.008995401322387409,5.988634414047132e-17,3.03894340371214e-19,0.018215070218275287,-9.863455867730609e-18,-4.879798961185804e-17,-47.47847767839469,-1.4311538061544622e-29
3.99,6.103558050600103e-18,-0.009305297157297332,-1.7095476516212687e-17,-2.713984251366991e-18,0.01881872460077716,1.1228050750927619e-17,-4.9338746703386825e-17,-47.80696085093501,-2.4070143554373493e-31
3.995,1.3529115330010812e-14,-0.009578845186680951,3.5565358003904845e-15,-3.691012439941477e-15,0.019348367403978273,-7.047693758022438e-16,7.69911274344408e-16,-48.094256295398424,3.1055115079399043e-27
4.0,7.70591841658047e-18,-0.00981722377810712,-1.1797928326110281e-17,-3.907963867606599e-18,0.019806483720749668,1.029014779440933e-17,-4.968206649445917e-17,-48.341770983049344,2.7557334290871348e-30
4.005,-1.3531212494627289e-14,-0.010021538297806387,-3.535674004857933e-15,3.688232309014713e-15,0.020195411712411016,7.129446079148208e-16,-8.696595635665598e-16,-48.55076181729889,-3.108282089638181e-27
4.01,1.3541063849702402e-14,-0.010192786456421743,3.5344430198555155e-15,-3.6950635154917955e-15,0.020517274549588294,-6.978971068221578e-16,7.697086525858717e-16,-48.72232351891397,3.1081807402961756e-27
4.015,-1.3529114178738213e-14,-0.010331830064167491,-3.531988157175615e-15,3.686967634474949e-15,0.020773920801520518,7.124465335541376e-16,-8.697119669354806e-16,-48.857378373897646,-3.1028196787738155e-27
4.0200000000000005,1.3535839998612985e-14,-0.01043937242296522,3.539812100499196e-15,-3.693032157544454e-15,0.02096688092023058,-6.991784138920637e-16,7.692229794327796e-16,-48.95666780699252,3.107469231393655e-27
4.025,1.3534418005855345e-14,-0.010515937535657827,3.558618515152713e-15,-3.693633942140944e-15,0.021097324515974236,-7.039539622203882e-16,7.694414477490088e-16,-49.020745742363935,3.107770767651896e-27
4.03,-1.3522544680206113e-14,-0.010561856393309199,-3.554443906871589e-15,3.685482780546167e-15,0.021166033287471464,7.191603275232969e-16,-8.697490394799683e-16,-49.04997372170327,-3.1011526273053886e-27
4.035,1.3533785213331412e-14,-0.010577258535839462,3.547597437833957e-15,-3.692579685754487e-15,0.02117338434056215,-7.007431932944056e-16,7.692632775117316e-16,-49.04451775349108,3.1071738328185887e-27
4.04,1.3527018861591764e-14,-0.010562064641788993,3.5463351351114645e-15,-3.689397919775697e-15,0.021119334866076755,-7.005561185487724e-16,7.68862558617186e-16,-49.004346874560106,3.104035577547183e-27
4.045,2.705809235565195e-14,-0.010515988393969167,7.123765605006906e-15,-7.381508493716436e-15,0.021003427554452614,-1.4171400592406401e-15,1.5892022938643123e-15,-48.9292334188803,6.20899501272835e-27
4.05,-1.3526736276421182e-14,-0.010438539656590251,-3.549913899071909e-15,3.687215171324703e-15,0.020824797603065548,7.185366657403229e-16,-8.694592571722354e-16,-48.8187549920635,-3.103345429765283e-27
4.055,1.3532401456529389e-14,-0.010329033981150815,3.543178652495696e-15,-3.691534018270912e-15,0.02058218951684765,-6.989069163869492e-16,7.697905818952437e-16,-48.672298164181086,3.103193905142463e-27
4.0600000000000005,6.00427720890211e-18,-0.010186606955301158,-7.736359403169193e-18,-3.2588017020993954e-18,0.020273990800635744,1.1379203623651361e-17,-4.926577148756713e-17,-48.48906390154379,3.537813252514574e-30
4.065,-1.352553354668236e-14,-0.010010232556361132,-3.540484544012198e-15,3.6861443336366925e-15,0.019898265106187196,7.166870444601688e-16,-8.68303330227118e-16,-48.268074763142124,-3.1063630058727255e-27
4.07,7.13907047825258e-18,-0.009798746628156607,-8.365346940401999e-18,-3.678210234460663e-18,0.019452801860309066,1.1952222404166594e-17,-4.843725917982285e-17,-48.00818389735383,-6.971349950268469e-31
4.075,1.093509696597984e-17,-0.009550876230804306,-3.5252925297319127e-17,-3.532503955208826e-18,0.01893517565251379,1.9305569125230767e-17,-4.8231812566774885e-17,-47.70808587532909,5.193206574784193e-31
4.08,1.3519308524491656e-14,-0.009265273606878566,3.592065102795068e-15,-3.6887032013856795e-15,0.018342812014054743,-7.113875922950406e-16,7.718124546110904e-16,-47.36632939821496,3.102177872775798e-27
4.085,5.66015155349641e-18,-0.008940552231344157,-1.1960965476350035e-17,-2.67627325398555e-18,0.017673062045929555,1.330089542435893e-17,-4.707159514051896e-17,-46.98133191307426,5.7016049588955024e-30
4.09,1.3527083101000602e-14,-0.008575332276521408,3.532622341161719e-15,-3.688074272938334e-15,0.016923292765497422,-6.952239881454556e-16,7.723951998938808e-16,-46.55139616709604,3.097444308567189e-27
4.095,-1.05263236693063e-17,-0.008168286731027763,1.543682580395137e-17,3.0492971642079498e-18,0.01609097771481416,5.6642224802857135e-18,-4.646691202455831e-17,-46.074728714478255,-2.1005386210859635e-29
4.1,1.3528032287909688e-14,-0.0077181930205654226,3.5328766179291188e-15,-3.688576815092229e-15,0.01517380248400002,-6.950478084566226e-16,7.739498057268132e-16,-45.54946037935617,3.0753485409200255e-27
4.105,-1.3556461657604374e-14,-0.007223989030251232,-3.4954917215135945e-15,3.697668988473278e-15,0.01416977248864626,7.04591013119141e-16,-8.650007629889331e-16,-44.97366865377331,-3.1160701327296705e-27
4.11,-1.3497342083356253e-14,-0.006684831158025872,-3.746152029025536e-15,3.6877040988841314e-15,0.013077328154263768,7.72741682734552e-16,-8.646741081504879e-16,-44.34540198570846,-3.142181782606563e-27
4.115,1.3501933343530249e-14,-0.006100153494038807,3.619673413676061e-15,-3.682597503150906e-15,0.01189546756074833,-7.187734997483209e-16,7.76388070563078e-16,-43.66270588076029,3.0587345508536058e-27
4.12,-4.576214062851964e-18,-0.005469731966314839,-2.0721493412320312e-17,2.5611701795991957e-18,0.01062386389375547,1.55673170146804e-17,-4.225088326016325e-17,-42.92365070437329,-9.664588748212305e-30
4.125,-1.0197452007402033e-17,-0.00479374509299646,-2.4294236243700016e-17,5.4603682582878015e-18,0.009262992690295846,1.6227970538760394e-17,-4.170269719763508e-17,-42.126361032496185,-1.5026336050070508e-29
4.13,-1.3582814950403876e-14,-0.004072834129289049,-3.482431972791619e-15,3.709061955626149e-15,0.007814244977382145,6.99933760327943e-16,-8.61786551214393e-16,-41.26904635096575,-3.189150987548571e-27
4.135,-1.3576308242035764e-14,-0.0033081635237266482,-3.471382631931453e-15,3.704842507689767e-15,0.00628004887889233,6.971537640950091e-16,-8.597036477095011e-16,-40.35003286074115,-3.182793042861139e-27
4.14,-1.545707530458142e-17,-0.002501472668981819,-9.095718636291535e-17,1.2636737271627162e-17,0.004663967169186378,3.304004992721235e-17,-3.9909735930032534e-17,-39.367796088717434,-4.6259157962448885e-29
4.1450000000000005,-4.947831214147586e-18,-0.001655125674076885,-8.519707737174195e-17,6.789836387155782e-18,0.002970796135102205,3.1726902272279267e-17,-3.744088691310219e-17,-38.32099396078088,-7.360325507212852e-29
4.15,-2.7111273351836718e-14,-0.0007721493087018416,-7.076996608932329e-15,7.400704890380799e-15,0.0012066361809459636,1.4204615287592436e-15,-1.6768791357078416e-15,-37.20849993487407,-6.287552371167236e-27
4.155,-1.7609622711277065e-17,0.00014373483107021912,-9.489360984942735e-17,1.3280013070625298e-17,-0.0006210450687405,3.31551737030997e-17,-3.576134225205199e-17,-36.02943575095337,-3.826397564405631e-29
4.16,-2.7094898768413034e-14,0.0010880950213731921,-7.207809813675377e-15,7.402113770450367e-15,-0.0025033853516163163,1.454631641288262e-15,-1.6753119306970719e-15,-34.783203302679794,-6.220688207285206e-27
4.165,-1.009693436709577e-16,0.0020557815246320388,1.6353317846580313e-16,3.385298782877641e-17,-0.004430118079078227,-3.901807912079088e-17,-3.3828063464053246e-17,-33.46951510540612,-5.018336336931188e-29
4.17,2.7044972683066907e-14,0.0030409407434603963,7.167440112358821e-15,-7.38116556314812e-15,-0.0063895988364564005,-1.4298998337345835e-15,1.6126765396270586e-15,-32.08842279813956,6.2172478512177184e-27
4.175,-6.756144416953461e-18,0.004037039516703089,-2.503429257038898e-16,1.870666262445709e-17,-0.008368858913826216,7.25871816652662e-17,-3.161097865678057e-17,-30.640343104371738,-1.7078709438730328e-29
4.18,-2.7124834841614312e-14,0.0050369120229589726,-7.22269753976544e-15,7.416681701189029e-15,-0.010353700293691759,1.4552070876830338e-15,-1.6712773696228861e-15,-29.126080664443343,-6.293994718970237e-27
4.1850000000000005,-1.6986781691171342e-17,0.006032824247270696,-2.6004725915587205e-16,2.370821401232817e-17,-0.012328823833954061,7.321244942137066e-17,-2.897828946624863e-17,-27.54684716446972,3.0530312272302005e-29
4.19,5.4056266286665997e-14,0.007016550729986193,1.460479619601597e-14,-1.4764349594899094e-14,-0.014277986018370825,-2.942078826813805e-15,3.2631772505452437e-15,-25.904276209867,1.234679221069225e-26
4.195,-5.4260190042561404e-14,0.00797947981018865,-1.418717625385646e-14,1.482182973108608e-14,-0.016184204225822896,2.833845294516953e-15,-3.308378575121645e-15,-24.20043342713076,-1.2559219087016195e-26
4.2,5.4241686465674655e-14,0.008912725216177364,1.365921664004668e-14,-1.4783308468513364e-14,-0.018029981063236278,-2.6876353766563212e-15,3.2614785525176975e-15,-22.437821344934115,1.2428008888538096e-26
4.205,-2.778245833258555e-16,0.009807258849747313,6.75673888884962e-16,7.868459210883254e-17,-0.01979756526012011,-1.8582299402553315e-16,-2.23242403116029e-17,-20.61937867158662,-8.346621307865077e-29
4.21,1.3073533775102331e-18,0.010654053426975452,-2.5490240267944995e-16,1.2169096240468143e-17,-0.021469232015846273,6.901486243984101e-17,-1.7124217179505443e-17,-18.74847368425483,-1.3248333677528372e-28
4.215,-5.4276919984837073e-14,0.011444233778547641,-1.4173116489721608e-14,1.4827249343434837e-14,-0.02302758241751235,2.8259865824504878e-15,-3.301327614050994e-15,-16.828891548936767,-1.2551744513041662e-26
4.22,-5.871066257641967e-17,0.012169235854031513,-2.8468005838177044e-16,4.360866956240456e-17,-0.02445585293115471,7.237921800514328e-17,-1.9107971408286878e-17,-14.864815509937067,-9.636596325140054e-29
4.225,-2.2759826106993205e-17,0.012820967319782994,-2.6247472517508964e-16,2.3462554464053373e-17,-0.025738228815924913,6.691370268453096e-17,-1.3205036156129321e-17,-12.860802016914999,-1.057688519281842e-28
4.23,-5.430563308481434e-14,0.013391960475345854,-1.4169049677320478e-14,1.4839938492527646e-14,-0.026860145747491515,2.8204103984649307e-15,-3.2975777213599467e-15,-10.821749992964403,-1.2557128055367788e-26
4.235,5.424795665153943e-14,0.013875527427856582,1.3642743981462058e-14,-1.478790879885368e-14,-0.027808586447321204,-2.689766369947618e-15,3.27622841447059e-15,-8.752864579183527,1.2492725871066203e-26
4.24,-3.006241721261476e-16,0.014265893649650252,7.529527947643471e-16,8.125918572675424e-17,-0.02857234275496978,-2.1392348617062136e-16,-8.046544045060861e-18,-6.659615832461753,2.6984625766253114e-29
4.245,1.1961130410018807e-17,0.014558320310626982,-2.340535914304389e-16,2.676300608741948e-18,-0.02914225204695242,5.72790823054348e-17,-1.221305624096183e-18,-4.547692970988621,-1.2163092690250045e-28
4.25,-8.164319218831477e-17,0.01474920922115075,-2.79231333273867e-16,5.2864013034887016e-17,-0.029511396028766512,6.439592739516722e-17,-8.897611017171431e-18,-2.4229548809334673,-1.2821308789777331e-28
4.255,5.4031947791083954e-14,0.014836177440642473,1.46963823066968e-14,-1.4763955687450292e-14,-0.029675245057163124,-2.9784769439437756e-15,3.2897250997711728e-15,-0.2913776965411259,1.244555545691004e-26
4.26,-5.4314500387657585e-14,0.014818113423558543,-1.4146996780458099e-14,1.4841431166438854e-14,-0.02963176335163098,2.809431528094296e-15,-3.2860810223886623e-15,1.8409996618406943,-1.2551443182025058e-26
4.265,-7.248205359891139e-17,0.014695200060629077,-2.621728544542918e-16,4.656347188490331e-17,-0.02938144970434564,5.790170637870729e-17,-2.0150064479429344e-18,3.9681310449894767,-8.060134583990461e-29
4.2700000000000005,-1.0854123000827404e-13,0.014468911918257277,-2.80105522724633e-14,2.962660177240697e-14,-0.028927329407594016,5.553053784417963e-15,-6.562758470591955e-15,6.084018757295947,-2.4911656231809423e-26
4.275,3.9531297591316516e-17,0.014141984415957154,-1.9811160524683543e-16,-1.451184429023739e-17,-0.028274886409661804,4.45856455806646e-17,1.3243695661122342e-17,8.182768386976317,-1.3968445879661576e-28
4.28,-4.7554223007770075e-17,0.013718352741520334,-2.3830746076447123e-16,3.2424484346227234e-17,-0.02743194746513211,5.1217156174650974e-17,5.942350136430689e-18,10.258641831893101,-1.1742127589809412e-28
4.285,-1.3404741653740298e-16,0.013203068759125358,-2.7343280904130826e-16,7.845447196049966e-17,-0.026408511549973923,5.577337690289701e-17,-1.1838484845967359e-18,12.306107616453222,-2.236150874724674e-28
4.29,1.0821025630028416e-13,0.012602192890483366,2.967000411779539e-14,-2.961298958399855e-14,-0.02521653943190927,-6.0214047823073695e-15,6.604346748591067e-15,14.319887668325496,2.4885285351416903e-26
4.295,-1.0815448367628948e-13,0.011922668767681444,-3.0034413654885243e-14,2.9594336912701767e-14,-0.02386970643729569,6.098769444992202e-15,-6.56823064561834e-15,16.29499981673193,-2.4812090429339912e-26
4.3,1.0804869544416633e-13,0.011172180886624972,2.956466707298816e-14,-2.952338736615905e-14,-0.022383122087475726,-6.000930719444927e-15,6.58990561667881e-15,18.226795383352126,2.4884721677200384e-26
4.305,-1.0853943113052108e-13,0.010359001136663437,-2.8025425648238044e-14,2.9628719083099314e-14,-0.020773035607092538,5.5551088111066865e-15,-6.5523358993126926e-15,20.1109913628064,-2.4921602966361117e-26
4.3100000000000005,2.7166013962990875e-17,0.009491833053424159,-1.7591823462004157e-16,-8.522877318701658e-18,-0.01905652482246012,3.6355195891985286e-17,2.2928330623261778e-17,21.94369681928755,4.495039765725347e-29
4.315,-4.874212935611286e-17,0.008579649086769336,-2.0705211643695678e-16,3.230677511175789e-17,-0.017251184356936733,4.130755583316973e-17,1.6447158406702733e-17,23.721433262815708,7.54845278355353e-30
4.32,-5.430119676788493e-14,0.007631533689171022,-1.412478343888407e-14,1.4835491299534793e-14,-0.015374818232828602,2.7997599043828765e-15,-3.266382467508778e-15,25.441148904145727,-1.2436699096959914e-26
4.325,5.424788142688592e-14,0.006656532160050688,1.3756656234859374e-14,-1.4795816214052197e-14,-0.013445146285292253,-2.728257041974072e-15,3.3078918980286944e-15,27.100226817619344,1.2475584524316645e-26
4.33,-2.282349185556291e-16,0.005663508817185914,7.01230752294635e-16,5.142023262659296e-17,-0.01147952960147336,-2.0461792356645792e-16,2.515868633161242e-17,28.69648716260489,-2.3239617361458466e-28
4.335,1.3282000955467762e-16,0.004661020136452976,-4.196652599869781e-16,-4.023343342839126e-17,-0.009494722802173783,1.0458428622971934e-16,3.2198864490826344e-17,30.228183725161877,-4.9134860513080035e-29
4.34,-5.42295069325381e-14,0.003657202136395199,-1.44086767858675e-14,1.482403109968129e-14,-0.007506657629591018,2.877840186707305e-15,-3.2626992470736716e-15,31.693995136276406,-1.2518149784629123e-26
4.345,-9.214288873750618e-17,0.002659672508194433,4.0594734374008506e-16,8.057567273958806e-18,-0.005530251928206553,-1.2079965711541534e-16,3.320985797563965e-17,33.09301120156465,-1.5566502792415926e-29
4.3500000000000005,5.596191818371444e-17,0.001675456781654816,-4.151281603114713e-16,-6.521792838566852e-19,-0.003579266821148508,1.0106254698153571e-16,2.780481643015798e-17,34.42471484452617,-8.429118055544819e-29
4.355,-9.10097711456497e-17,0.0007109271688889862,3.8022445553197563e-16,1.0592709436959646e-17,-0.0016661888395361757,-1.1307289865625022e-16,3.420249169474449e-17,35.6889602025674,-3.492041396549011e-29
4.36,4.814528867226376e-17,-0.0002282379670432988,-3.9092280826283356e-16,2.369716581867821e-18,0.00019784849790482895,9.529454461395103e-17,2.9095641178257954e-17,36.88594745026644,6.864421038835753e-30
4.365,-8.843239409977395e-17,-0.0011370763867724065,3.5362382558973133e-16,1.2427502494538093e-17,0.0020031074551951633,-1.0503865304685748e-16,3.5121831628952935e-17,38.01619493222053,-9.982599573743254e-29
4.37,4.105197858527036e-17,-0.0020113476919370044,-3.6441000641431e-16,4.805729888478219e-18,0.003741258682765647,8.898794557043527e-17,3.03244767713002e-17,39.080509185535185,2.313802807215523e-30
4.375,-8.432316848259844e-17,-0.00284752743195682,3.262273309160134e-16,1.3521387430816078e-17,0.005405365675500207,-9.668569391993423e-17,3.5980177875484e-17,40.079953415590914,-4.8988494743598055e-29
4.38,3.4731332241688846e-17,-0.003642782178406634,-3.3592879049293457e-16,6.66829684603117e-18,0.006989841180526923,8.226206350483638e-17,3.149125638108498e-17,41.01581496355638,-2.6098436447149104e-29
4.385,-7.8709353361226e-17,-0.0043949368900122465,2.980758481502127e-16,1.389413147901804e-17,0.008490379731128428,-8.800060636663781e-17,3.6781148391876846e-17,41.8895722653656,-8.730361755360729e-29
4.39,-5.4070096829823687e-14,-0.005102433857651079,-1.449801320014071e-14,1.4756777894507936e-14,0.00990387967529216,2.9127835131893237e-15,-3.2440907447098e-15,42.70286175960337,-1.2417403951628931e-26
4.3950000000000005,-2.4157170296825376e-17,-0.005764279622461288,8.772857722073162e-17,4.181598317980075e-18,0.011228338972060214,-2.9313666897746454e-17,3.750887969876801e-17,43.45744515744204,-3.5837518119713756e-29
4.4,5.4163732123359995e-14,-0.006379990309991257,1.4119750357681121e-14,-1.4775853411155418e-14,0.012462750640011677,-2.820468870816956e-15,3.318767040938805e-15,44.15517743154188,1.2415647471056285e-26
4.405,-2.1922860809666086e-17,-0.006949531767070027,7.706016755034743e-17,4.850879331552484e-18,0.013606982495957709,-2.5031803939577736e-17,3.810330618615349e-17,44.79797583550135,-1.883801875456556e-29
4.41,1.9492338468249454e-17,-0.00747325574987201,8.609639930030864e-17,-1.6027399061775097e-17,0.014661657740788314,-2.4820479720887406e-17,4.2334184250154214e-17,45.38779021085122,-2.3462174350232813e-29
4.415,-5.4122656095861306e-14,-0.007951838575547043,-1.4434613040047768e-14,1.4780555821884543e-14,0.015628032292326566,2.8975346184209974e-15,-3.245810300507779e-15,45.926574791473385,-1.2439462159832778e-26
4.42,1.9310818125285654e-17,-0.008386218612621121,7.39692499511826e-17,-1.4107596028422146e-17,0.01650787033837986,-2.0247733081179412e-17,4.2470573828358125e-17,46.41626167034299,6.795655703932032e-30
4.425,-5.412678210268833e-14,-0.008777533265469373,-1.4400807939704417e-14,1.478085267942592e-14,0.017303330326903676,2.8899288876003855e-15,-3.244991359251376e-15,46.858736049918434,-1.2439441286297029e-26
4.43,5.4132770803047867e-14,-0.009127064281237551,1.449540829628835e-14,-1.4787375618067457e-14,0.018016846163206424,-2.9157093923602284e-15,3.3261986878098777e-15,47.25581336257558,1.2453842186274979e-26
4.4350000000000005,-5.415731738932642e-14,-0.009436179864251493,-1.426923473488835e-14,1.4786651434679013e-14,0.018651022540090878,2.8557658000012924e-15,-3.2443749071856955e-15,47.6092183134608,-1.2448283195468198e-26
4.44,8.120180982416303e-14,-0.009706284908047813,2.1490374207202266e-14,-2.2162927559227144e-14,0.019208535258009363,-4.305747450400956e-15,4.964097289973282e-15,47.920565871655555,1.864507603330212e-26
4.445,-2.704214319531911e-14,-0.009938774232692182,-7.13975651049161e-15,7.377676143570225e-15,0.019692036876215013,1.4326077613876357e-15,-1.5991961185959685e-15,48.19134421407638,-6.2075611566445734e-27
4.45,2.0466077136610118e-17,-0.010134991214059141,3.7216508915547974e-17,-9.311434356584546e-18,0.02010407772504408,-6.049150359383804e-18,4.2260004563519404e-17,48.422899607572965,8.546504058451342e-30
4.455,-2.704647464436245e-14,-0.01029618868342741,-7.129240248483102e-15,7.379792780418305e-15,0.020447030259056476,1.4311495219663209e-15,-1.5993298356359123e-15,48.616423205466305,-6.206628983975479e-27
4.46,-2.7028706185565782e-14,-0.01042349920659369,-7.070620936396183e-15,7.366785039426016e-15,0.02072302536258519,1.4173712236867718e-15,-1.5964046586765348e-15,48.77293972333115,-6.200861855395838e-27
4.465,3.7698739108537485e-17,-0.010517905415449835,-4.5608072672951065e-17,-1.0278837134932408e-17,0.020933899158720237,1.854082717311583e-17,4.1718651304161944e-17,48.89329795801454,9.22270892249135e-30
4.47,2.7097974747138697e-14,-0.010580219628638421,7.12955233016884e-15,-7.396006980120842e-15,0.02108114887153789,-1.4197764705377894e-15,1.6827891165005119e-15,48.97816311142636,6.223246399222933e-27
4.4750000000000005,2.0282292588637567e-17,-0.010611065493840943,7.612647460558204e-18,-5.039450461538004e-18,0.0211658976630531,5.29026075270289e-18,4.115458264890375e-17,49.02801088508381,4.150607433501003e-30
4.48,2.7130465680675405e-14,-0.010610866106833594,7.117104491417111e-15,-7.410442766080686e-15,0.021188870826350126,-1.4136836369794635e-15,1.6850807997829067e-15,49.043123315100715,6.2355036538048496e-27
4.485,-2.7030179556627347e-14,-0.010579836568198164,-7.0999375294281465e-15,7.371640250345233e-15,0.02115038025392124,1.4284694938854565e-15,-1.5979516752022895e-15,49.02358632583115,-6.202828696191811e-27
4.49,4.613385884488684e-17,-0.01051798213750077,1.1077770626586189e-17,-1.708003252069359e-17,0.02105031850486938,7.537771822019155e-18,4.2909255792567025e-17,48.969288988192446,1.387064353777302e-29
4.495,-2.70056760639416e-14,-0.010425097655791582,-7.084973952817581e-15,7.358994695574862e-15,0.020888163205512456,1.4269213178233648e-15,-1.5959412423064262e-15,48.87992447881036,-6.192780871105361e-27
4.5,-2.7014379209962815e-14,-0.010300779391851478,-7.062608019393742e-15,7.361901957912801e-15,0.020662991634537775,1.4212778204383476e-15,-1.596517593245191e-15,48.75499274422382,-6.195000107664529e-27
4.505,2.3032096186747857e-17,-0.010144432307743756,6.666264661598568e-17,-8.931000432138173e-18,0.02037350274967764,-6.2359500318995655e-18,4.11747292421515e-17,48.593804887183815,2.9402667845853133e-30
4.51,4.307432653980249e-17,-0.009955290152576346,-2.287645183712815e-17,-1.1572729255590184e-17,0.020018050164892998,1.8601047710210926e-17,4.0458341472981394e-17,48.39548929605665,9.229658456177738e-30
4.515,7.396250548922974e-17,-0.0097324342726397,-1.7740735137561906e-17,-2.7000095771919614e-17,0.01959468509545559,1.915271043407626e-17,4.290348210305916e-17,48.158999549331725,2.2903974331323245e-29
4.5200000000000005,-2.7034849146157836e-14,-0.009474821740678152,-7.041592569081834e-15,7.37171037813538e-15,0.01910120821180783,1.4170141371520226e-15,-1.5995691860205123e-15,47.88312412950589,-6.206336781740276e-27
4.525,5.4189655910270404e-14,-0.0091813161984442,1.4225069206246602e-14,-1.4787690257563725e-14,0.01853523160564663,-2.8301283429912797e-15,3.3212801195976713e-15,47.56649798460105,1.244064414662968e-26
4.53,-5.402537378980274e-14,-0.008850722206451778,-1.4403058076114638e-14,1.473821046589495e-14,0.017894248818244307,2.9086797900228843e-15,-3.2400024382714564e-15,47.2076159744664,-1.2390133979695658e-26
4.535,1.9331146939394298e-17,-0.008481826428297978,2.7545936409971788e-16,-2.1539061526912744e-17,0.017175716815799547,-5.815527866400853e-17,4.268329899681083e-17,46.80484823358468,8.729391628353893e-30
4.54,1.1176820123875979e-16,-0.00807344301744628,-9.668522138698877e-17,-3.820076832121858e-17,0.016377143893137713,4.3406215923453163e-17,4.154531900310191e-17,46.35645747558408,3.2161563564783844e-29
4.545,1.081302008191295e-16,-0.0076244593163945495,-1.0696695717364911e-16,-3.535146296494979e-17,0.015496187384329119,4.616182271271238e-17,4.026185828651666e-17,45.86061825062256,2.97259365308047e-29
4.55,-5.415554681361686e-14,-0.007133891463688258,-1.4035737895031195e-14,1.4775203368308226e-14,0.014530758623948259,2.8081110348870943e-15,-3.2458342064265668e-15,45.315438148443235,-1.2468625917909033e-26
4.555,5.423786375351292e-14,-0.006600936213450481,1.425675802121349e-14,-1.4812473451444307e-14,0.013479133662045228,-2.834534269922816e-15,3.322225458028875e-15,44.71898091950414,1.2462895609627285e-26
4.5600000000000005,9.144198541643999e-17,-0.006025031533969383,-1.3969530436522871e-16,-2.3780538510291958e-17,0.012340070676742698,5.4619056869046976e-17,3.553079049840408e-17,44.06929145560965,1.3887725822650393e-29
4.565,5.4270960848252415e-14,-0.005405912347409725,1.4075795207645144e-14,-1.4814350100391087e-14,0.01111292595390978,-2.7856177040190358e-15,3.319158704056496e-15,43.36442254239722,1.2476416790508732e-26
4.57,5.431420404323987e-14,-0.00474367326702918,1.3874405395231084e-14,-1.4819952038409943e-14,0.009797780250352162,-2.7311463430894263e-15,3.3173402501701442e-15,42.602463253129415,1.2464741487930315e-26
4.575,1.0292406267579004e-16,-0.004038824034026334,6.494204403186495e-17,-4.5268345919996504e-17,0.008395550763481197,1.347591046576059e-18,3.8626817059229755e-17,41.78156881802358,2.4415966600250078e-29
4.58,8.947166986918194e-17,-0.0032923485290758947,6.382873223575176e-17,-3.8447396762201064e-17,0.006908112880864792,7.861799671711993e-19,3.6360005200187186e-17,40.89999174897811,6.054889723026927e-29
4.585,7.41520693350188e-17,-0.0025057571631847964,6.16055213942138e-17,-3.061424213130623e-17,0.005338406039626875,4.496730024630942e-19,3.3851642884583975e-17,39.95611395848364,1.8235059511155267e-29
4.59,5.706876539918518e-17,-0.0016811324745411582,5.817120769549881e-17,-2.1800790913480896e-17,0.003690529005794474,3.966102936915769e-19,3.11047722550381e-17,38.94847955610406,1.3816689859694326e-29
4.595,3.838299270230352e-17,-0.0008211735287346755,5.3446590314228415e-17,-1.2068248233583683e-17,0.0019698306556676926,6.835086448131847e-19,2.8127606343785837e-17,37.87582795401276,6.294163545051965e-29
4.6000000000000005,5.446572190546371e-14,7.077652232112541e-05,1.3844976746375409e-14,-1.489317626517144e-14,0.0001829682221625717,-2.718709776373961e-15,3.3239620442163315e-15,36.73712686908125,1.2513579434442978e-26
4.605,-5.424105638483994e-14,0.0009907056386211366,-1.3640382893499803e-14,1.4786699040766123e-14,-0.0016620409092098498,2.6985766405226164e-15,-3.2553585972573846e-15,35.53160475271654,-1.2502087063040992e-26
4.61,8.184662949947785e-17,0.0019339270806497666,8.784256249763996e-17,-3.712363831724312e-17,-0.0035558025978730257,-8.466363094287632e-18,2.9354382242917434e-17,34.25878214691092,-5.0000321140834873e-29
4.615,5.586067167962072e-17,0.0028950816780124455,8.107818429783685e-17,-2.3813164203196605e-17,-0.005487551954345804,-8.39144977601114e-18,2.556486999336022e-17,32.918501422588946,-6.095111216901551e-29
4.62,-5.399942961901954e-14,0.003868161252391644,-1.439639144860103e-14,1.472463924402641e-14,-0.00744519271647448,2.90494050852415e-15,-3.2551665518336096e-15,31.51095433544671,-1.2423195191924868e-26
4.625,1.2075599030911342e-16,0.00484654230535142,1.2195339745154996e-16,-6.025240619766123e-17,-0.009415369123132677,-1.8179020648762707e-17,2.9954660951369596e-17,30.036706816693556,1.8450901939763938e-29
4.63,8.83317130754144e-17,0.005823043093378999,1.1405392473087372e-16,-4.388755121156086e-17,-0.011383571123715797,-1.8611668026296405e-17,2.553708813896845e-17,28.49672041717608,6.859432171686805e-30
4.635,5.338045310984444e-17,0.0067899907520754255,1.035957744862277e-16,-2.6018085062131303e-17,-0.013334278204027328,-1.8287071972543518e-17,2.0803018782115405e-17,26.89236983547301,4.290829061237765e-29
4.64,1.6542612738664518e-17,0.007739312941218657,9.06283995399029e-17,-6.94035414702093e-18,-0.0152511325313327,-1.714033335734569e-17,1.580288280211821e-17,25.225455991616982,-2.0727729067357392e-29
4.6450000000000005,-2.1445019301675578e-17,0.008662638794547206,7.527951093596985e-17,1.2994719915032683e-17,-0.017117150737774978,-1.512856392835708e-17,1.0596921693278996e-17,23.498214154781216,9.008936192932222e-30
4.65,-1.0809629735842208e-13,0.009551417607021051,-2.8952626481572256e-14,2.949734062534216e-14,-0.018914959054910696,5.832722377085272e-15,-6.548105149386583e-15,21.71331669745634,-2.482015239182141e-26
4.655,1.7239346169859672e-16,0.010397051117372769,1.7994875928579622e-16,-9.354751031932753e-17,-0.020627062892316417,-3.703581604471715e-17,2.827003248210614e-17,19.873870132488506,7.34252368532372e-29
4.66,1.2703494074913694e-16,0.011191032218384578,1.6818958344730476e-16,-7.079516163612401e-17,-0.022236127236510583,-3.785444952194976e-17,2.263220585085089e-17,17.98340618252881,1.5794744116918166e-28
4.665,7.87132802982622e-17,0.011925091441199243,1.5283636656073739e-16,-4.620820018422278e-17,-0.023725278421693474,-3.7525250617777696e-17,1.6647088955646846e-17,16.045866748220842,-6.617403278933363e-30
4.67,2.848068592199512e-17,0.012591348327937624,1.3410350327578022e-16,-2.0292930502324162e-17,-0.02507840831437136,-3.599928369178874e-17,1.0401724549630765e-17,14.065582760733921,6.393859209761519e-31
4.675,-2.2523081220637867e-17,0.013182457879544529,1.1231477443605046e-16,6.389582743803495e-18,-0.02628047762053143,-3.3264874422708484e-17,3.993017553049053e-18,12.047247036826203,-5.087459101347878e-29
4.68,-1.0809875334081552e-13,0.013691755140911255,-2.8965913118264896e-14,2.9494748902879894e-14,-0.027317812280642784,5.827289161809681e-15,-6.555834287320185e-15,9.995881391241443,-2.4826138540245395e-26
4.6850000000000005,-1.086832564033267e-13,0.01411338837334597,-2.697061647789316e-14,2.962876197620193e-14,-0.02817837592907324,5.278192610584541e-15,-6.5624397562353856e-15,7.916798394358295,-2.4985778990381074e-26
4.69,1.0894776708824228e-13,0.014442438780605471,2.7373145357004767e-14,-2.9788876196970887e-14,-0.028852019287839425,-5.385875157326245e-15,6.597437732788903e-15,5.815558297039807,2.5034529288781927e-26
4.695,-1.0880292652132764e-13,0.014675025323413138,-2.7004596812963428e-14,2.9689337673944215e-14,-0.029330695769047566,5.27822335129999e-15,-6.57618142013377e-15,3.6979217652992524,-2.5071343672854734e-26
4.7,5.440700483778234e-14,0.014808383809352677,1.3729927235926437e-14,-1.4865066247785684e-14,-0.029608629382607887,-2.7133658308662435e-15,3.291635790051155e-15,1.5697991741755324,1.2464168730678375e-26
4.705,6.635878016655043e-17,0.014840930288670506,1.9153065306856399e-16,-4.919064178342274e-17,-0.029682443873795705,-5.929794543096405e-17,7.801677197569136e-18,-0.5628026940601707,-1.2168878691501783e-30
4.71,4.40873155698329e-18,0.014772289760529134,1.6423362332078364e-16,-1.6802575629942807e-17,-0.029551231791074883,-5.605368726538566e-17,5.896143830098402e-19,-2.6938356398840995,3.196906373694168e-29
4.715,-5.60937863258462e-17,0.014603309901872308,1.3414535202872561e-16,1.5284401973488318e-17,-0.029216580579074503,-5.140751660503142e-17,-6.568446854617705e-18,-4.817265762966404,-3.0435468674746e-29
4.72,5.443715206159339e-14,0.014336036781742223,1.37694403187217e-14,-1.4886121174016917e-14,-0.02868253048045233,-2.7275070134047826e-15,3.29178062145878e-15,-6.927128933396771,1.2514512365186739e-26
4.7250000000000005,-4.0766121723039237e-17,0.013973674599128572,1.491491724067283e-16,5.062260864156855e-18,-0.027955492705402207,-5.71237373611301e-17,-6.4112916621530194e-18,-9.017585041966582,1.1409706078788568e-29
4.73,2.08292056663416e-16,0.013520512674304541,-4.774209697755784e-16,-7.049374122563422e-17,-0.027044107767522974,1.1686552508290911e-16,4.905908502955973e-19,-11.08297009656529,1.0899618663250529e-29
4.735,1.0843190404776815e-13,0.01298183849755219,2.8689077050009355e-14,-2.9640881534634423e-14,-0.02595906406695292,-5.763518374552992e-15,6.57400820425677e-15,-13.117845281837884,2.4958649469459765e-26
4.74,-5.4277712263978644e-14,0.012363823364367477,-1.3735566891052342e-14,1.4795503855851563e-14,-0.024712871363021804,2.6905466941206683e-15,-3.290259626153229e-15,-15.117042186082315,-1.2361086613555779e-26
4.745,6.07868447167379e-17,0.01167339962331937,-1.5686297082750696e-16,-2.3795226910714922e-17,-0.02331960790921528,2.3573278830589705e-17,-7.259067433061838e-18,-17.0757034937743,2.0524367384163665e-29
4.75,5.4138799580841634e-14,0.01091812147517146,1.4395374711835605e-14,-1.4789705091817555e-14,-0.021794635234059,-2.909613035204819e-15,3.2753604335661096e-15,-18.98931856367369,1.241813046574086e-26
4.755,6.24085649284903e-17,0.010106019358971707,-1.4583337000338804e-16,-2.6171565050826176e-17,-0.020154304786430544,1.9774187526520074e-17,-8.100923097649861e-18,-20.85375343438305,2.2452635867462503e-29
4.76,5.413783703683623e-14,0.0092454522861658,1.43951976136772e-14,-1.478987412431836e-14,-0.018415650186867083,-2.910467380503513e-15,3.2740567544128106e-15,-22.66527493768481,1.2385561481796604e-26
4.765,3.131236446474368e-17,0.008344959160822896,-5.047302718421156e-16,1.707473819223188e-17,-0.016596085165176078,1.1231514786372479e-16,-2.0660909290172788e-17,-24.420568733240046,-1.9311318686261462e-30
4.7700000000000005,5.421572141386724e-14,0.007413113916001635,1.409079965113369e-14,-1.4805009321506536e-14,-0.014713105669088122,-2.827163067834123e-15,3.2726269203830013e-15,-26.11675121476316,1.2409641449334846e-26
4.775,-2.7168023224194473e-14,0.006458391392001772,-6.991622989216281e-15,7.417742004188422e-15,-0.012784011024180586,1.3652701366507597e-15,-1.6591862071980711e-15,-27.751375362756995,-6.333755386447767e-27
4.78,2.7074027598070086e-14,0.005489041021135677,7.115317404742521e-15,-7.394662887491175e-15,-0.010825647528875493,-1.4435306715913986e-15,1.627688308950929e-15,-29.322430739472715,6.176065981640678e-27
4.785,-2.7193319260529752e-14,0.004512973817583088,-6.853469187990016e-15,7.419650030981283e-15,-0.008854173930473053,1.3287446612469898e-15,-1.6593563330113237e-15,-30.828337925511427,-6.2800984965004154e-27
4.79,2.714693880502528e-14,0.0035376676224103676,6.843937720361183e-15,-7.409525352302592e-15,-0.006884864330835683,-1.3685017164980689e-15,1.6266477424748333e-15,-32.267937785908416,6.222022210881198e-27
4.795,-2.7179925484620224e-14,0.002570084436598563,-6.862606086347059e-15,7.413952296488966e-15,-0.0049319395087010776,1.332583968316719e-15,-1.6595033802416711e-15,-33.64047602999052,-6.28048461160695e-27
4.8,-2.7071386204592387e-14,0.0016166082068735932,-7.254374851605242e-15,7.390818103841906e-15,-0.0030084367889884334,1.4404920887040562e-15,-1.6595834561146236e-15,-34.94558358179053,-6.216264792761788e-27
4.805,-1.1805713371660399e-17,0.0006829959633876115,-2.3649254353212215e-18,-1.8077808450386773e-19,-0.0011261096545069904,-1.8080613516414474e-17,-1.7292769108644912e-17,-36.183253319544285,-7.902431920400295e-30
4.8100000000000005,-9.532449191912472e-18,-0.00022565113614803067,-5.123968536621424e-19,-1.254236292160132e-18,0.000704631670288336,-1.787503098354414e-17,-1.7606332599409566e-17,-37.35381376074017,-9.353423786449184e-30
4.815,-2.715670325452137e-14,-0.0011049018117716969,-7.024163132490709e-15,7.415783278473545e-15,0.0024747519003653906,1.3785928694430043e-15,-1.6634388624396463e-15,-38.457900279015334,-6.2643089690999516e-27
4.82,2.7045108598694397e-14,-0.0019509958931394067,7.097983427242116e-15,-7.377650699750511e-15,0.004176592380794375,-1.4353686497730496e-15,1.620074499337408e-15,-39.49642442874592,6.177910817649785e-27
4.825,-1.3571807763970891e-14,-0.0027608304240231973,-3.5119004424024692e-15,3.702322162836832e-15,0.005803841156890144,6.828643911132012e-16,-8.409227541834027e-16,-40.47054193217388,-3.1076283913713074e-27
4.83,-2.7106850298477467e-14,-0.0035319342877642157,-7.131262253187088e-15,7.400235885242947e-15,0.00735148444925926,1.4114484521998469e-15,-1.6631735941071859e-15,-41.381619855288506,-6.269048824505733e-27
4.835,1.3526108920184767e-14,-0.004262433361034823,3.436773860279084e-15,-3.6839164834095885e-15,0.008815733657883129,-6.933458834101834e-16,7.97135558230339e-16,-42.23120345736334,3.100361567146112e-27
4.84,1.3504418602376993e-14,-0.004951009972430143,3.59255939464301e-15,-3.684888046097475e-15,0.01019393951752079,-7.341155790244456e-16,7.982517311789655e-16,-43.02098315622576,3.08572383265044e-27
4.845,-2.851550562144704e-17,-0.00559684978846775,-1.7380340207742247e-17,1.1193416191538419e-17,0.011484489523319041,-7.889573927422483e-18,-2.3550756618083976e-17,-43.752761999473634,9.584104434306667e-30
4.8500000000000005,-1.3548693783819921e-14,-0.006199592722950342,-3.612795914051988e-15,3.699951832073382e-15,0.012686699755807496,7.151438828701993e-16,-8.439158738056445e-16,-44.4284239852406,-3.1075430098047988e-27
4.855,-1.3616319155045614e-14,-0.006759271708972392,-3.3336558056550293e-15,3.71207247200198e-15,0.013800694805404135,6.402517680828906e-16,-8.439491850720437e-16,-45.04990351919977,-3.1305592459916977e-27
4.86,1.3518128968629605e-14,-0.007276258278771763,3.5012895176518883e-15,-3.683765367836754e-15,0.014827293577880596,-7.055317005984554e-16,7.95253781034866e-16,-45.619156251189324,3.0770002779963364e-27
4.865,-2.998790349497615e-17,-0.007751200702074357,1.915966414238912e-17,1.0009180628559187e-17,0.015767882924279775,-1.3318989870508997e-17,-2.491766446988123e-17,-46.138131479356055,-1.753468985292888e-29
4.87,1.352357424370915e-14,-0.008184968787176672,3.511267168568897e-15,-3.686764284416989e-15,0.01662430415521854,-7.057897687616894e-16,7.949288377120378e-16,-46.60874627365055,3.1009537079755902e-27
4.875,-1.3545305722339123e-14,-0.008578595983259163,-3.5638720163374495e-15,3.695572871880563e-15,0.01739873629725608,7.077805250009443e-16,-8.45012903144627e-16,-47.0328614231467,-3.099325176312092e-27
4.88,1.3500912138332207e-14,-0.00893322628800064,3.593218961515965e-15,-3.681659221767155e-15,0.018093585839952908,-7.260674810168996e-16,7.939055083273056e-16,-47.412259281204626,3.1030391731008443e-27
4.885,-1.3543751792831805e-14,-0.00925006410127338,-3.564157593714112e-15,3.695032871660688e-15,0.018711384411973953,7.100823349192461e-16,-8.457667689189381e-16,-47.74862355013854,-3.108657087774984e-27
4.89,1.3514992087921209e-14,-0.009530327758163537,3.5404105259955525e-15,-3.684386319559081e-15,0.01925469520127443,-7.094808340515825e-16,7.93066523217277e-16,-48.043521022141235,3.1054782079618942e-27
4.8950000000000005,-7.068922805141203e-18,-0.009775205920455221,-2.8364159870412645e-17,3.110190548976996e-18,0.019726023803599446,6.568522121429262e-18,-2.6714990225614335e-17,-48.298385272369195,-4.3936852889930184e-30
4.9,-1.354207117223175e-14,-0.009985820181356075,-3.545684528851338e-15,3.693010578259113e-15,0.02012773976595561,7.086070156396121e-16,-8.464247450331154e-16,-48.514502286535446,-3.1093814815930132e-27
4.905,1.3522278572660345e-14,-0.010163190796063759,3.530564884360138e-15,-3.68706854104825e-15,0.02046201271260628,-7.033011352917441e-16,7.922987643983094e-16,-48.69299799398208,3.1009138528596393e-27
4.91,-1.3543853978270331e-14,-0.01030820691560308,-3.531059726372466e-15,3.692740582972075e-15,0.02073074557132415,7.068991222522017e-16,-8.469350831896227e-16,-48.83482766893998,-3.1072962319691676e-27
4.915,1.3526038698580928e-14,-0.010421603279901603,3.5414101824584373e-15,-3.689628052867662e-15,0.02093553259734371,-7.037488505763002e-16,7.921475663614139e-16,-48.940767165541885,3.104207919955559e-27
4.92,1.3518614975903551e-14,-0.010503938304040616,3.541262578747747e-15,-3.6863309861140656e-15,0.021077611669186425,-7.029728081854404e-16,7.913373905627675e-16,-49.011405945782286,3.101648189429967e-27
4.925,1.3526064147335507e-14,-0.010555580447451973,3.5444666799452215e-15,-3.690035145086327e-15,0.02115784117700592,-7.023376175599115e-16,7.916809905867694e-16,-49.047141871588884,3.1049931970054097e-27
4.93,-2.7058603050425746e-14,-0.01057669749228296,-7.10690884072915e-15,7.376926428281855e-15,0.02117667308827542,1.42846005659844e-15,-1.6669474630511435e-15,-49.04817773039901,-6.207301126171292e-27
4.9350000000000005,1.3524221112119001e-14,-0.01056724874514714,3.5534873986180235e-15,-3.6900677091019955e-15,0.021134144922704934,-7.025551039548996e-16,7.913112144833025e-16,-49.0145194777789,3.1049048877921096e-27
4.94,3.3120212753705847e-19,-0.010526987212465144,-7.565505552146274e-18,-2.4521920793006076e-18,0.021029875638191697,1.1423733705455623e-17,-2.82063437100212e-17,-48.945976186268254,3.0754199839804112e-30
4.945,1.3526757011687587e-14,-0.010455460200958555,3.5645346788550326e-15,-3.692298944506587e-15,0.02086307604137083,-7.030697410970272e-16,7.91428369764855e-16,-48.84216170003894,3.1077803497623545e-27
4.95,-1.3525085551754057e-14,-0.010352018518425155,-3.578204390829355e-15,3.686334094351506e-15,0.02063256211441633,7.289552958623408e-16,-8.480825455553883e-16,-48.70249800456082,-3.101706271179374e-27
4.955,1.3520656202854623e-14,-0.010215830436820283,3.585658587577758e-15,-3.691335154558676e-15,0.020336785077946118,-7.066135795853486e-16,7.91265447292511e-16,-48.526220330824465,3.105787091458526e-27
4.96,-1.3519859997764556e-14,-0.010045898168250744,-3.583967688681734e-15,3.6839336511172e-15,0.019973865854545636,7.329596284677807e-16,-8.478716531127226e-16,-48.312384018914614,-3.0980561055687077e-27
4.965,-3.336377925228551e-18,-0.009841081597073753,2.323146445243897e-18,-2.3981463659945764e-18,0.01954164173583095,1.4301405034997185e-17,-2.852004349333409e-17,-48.059873174956714,1.6712261124419506e-30
4.97,-2.063829212614299e-18,-0.009600126454145652,5.193163471004112e-18,-3.437527983898473e-18,0.01903772269266213,1.4733290214762436e-17,-2.8275617115301885e-17,-47.76741115750832,1.2503297588597322e-30
4.9750000000000005,-1.3524793548753633e-14,-0.009321694700659577,-3.603748560849335e-15,3.686960999148387e-15,0.01845955532984256,7.412485696280644e-16,-8.484189649679475e-16,-47.43357293070909,-3.1050096727041906e-27
4.98,1.3518209833270535e-14,-0.009004405100732527,3.58816221934018e-15,-3.691633158691505e-15,0.017804500088871578,-7.018052125096731e-16,7.916152671561076e-16,-47.056799321347924,3.1141364526563415e-27
4.985,-1.3528510325713647e-14,-0.008646872814871642,-3.615265027782201e-15,3.689031735876541e-15,0.017069913135792092,7.46275764033558e-16,-8.485431920665362e-16,-46.63541320734885,-3.1102211091919855e-27
4.99,1.3503877719213703e-14,-0.00824775671350153,3.627830025404818e-15,-3.6883142217552654e-15,0.016253240690122794,-7.106606393067765e-16,7.918738279788245e-16,-46.16763765887286,3.0820465010777498e-27
4.995,-1.3524814749856429e-14,-0.0078058113405106155,-3.619353638836785e-15,3.686933691966942e-15,0.015352120666022984,7.496182363275729e-16,-8.476598770506217e-16,-45.65161603577361,-3.104736719322335e-27
5.0,-1.8119668175060038e-17,-0.007319939711507573,5.2184828904959215e-18,2.3995307801946128e-18,0.014364489500529487,2.042340638269723e-17,-2.788076164078667e-17,-45.085434025440584,-9.870919683688293e-30
5.005,1.3519137045586552e-14,-0.006789252704876958,3.515973343575701e-15,-3.688446908907769e-15,0.013288697985501585,-6.777064312388118e-16,7.920261430032165e-16,-44.46714358209714,3.1153206507063818e-27
5.01,-2.5819117733412372e-17,-0.006213128379691568,5.759355439222136e-18,5.319706322117568e-18,0.012123629579292583,2.1851964453129198e-17,-2.7435831682354417e-17,-43.79478869593369,-5.986591619074591e-30
5.015,2.703808664385508e-14,-0.005591272549310133,7.060412448342938e-15,-7.373331778190469e-15,0.010868821833355469,-1.3845869410456012e-15,1.6118492395367717e-15,-43.06643288724931,6.1979039313133504e-27
5.0200000000000005,-5.979721458703498e-17,-0.004923784753955829,1.0507885905926566e-16,1.3508292057435553e-17,0.009524591336280253,-3.9438556739636085e-18,-2.6734297375454435e-17,-42.28018828121971,-3.180135676988864e-29
5.025,-1.3597898696524809e-14,-0.004211214866188584,-3.5028066664172e-15,3.711288946001806e-15,0.008092148617329542,7.212742843786453e-16,-8.47628281714453e-16,-41.43424607138578,-3.1399327889302935e-27
5.03,-1.349790937974875e-14,-0.0034546250222717845,-3.868748151911163e-15,3.689684114459257e-15,0.006573719526450361,8.219641241269651e-16,-8.464235525951094e-16,-40.52690813906993,-3.108016396660851e-27
5.035,-3.915922729316308e-17,-0.0026556429855304486,-4.802356784938902e-17,1.3613237676094598e-17,0.00497264612854309,3.8953319713168656e-17,-2.582574875644416e-17,-39.556619538076376,-4.489214339583868e-29
5.04,-5.0793125241186e-17,-0.001816512982273366,-5.2970093371805047e-17,1.9208306369941082e-17,0.0032934881721686793,4.023530762204282e-17,-2.5949241049186917e-17,-38.52200151030106,-9.853723620121875e-30
5.045,-6.288419416840849e-17,-0.0009401341978616529,-5.739345063319242e-17,2.497703907375661e-17,0.0015420957070304553,4.1223069119179973e-17,-2.603312088792341e-17,-37.42188463958188,-5.15617738313504e-29
5.05,-7.520719901397398e-17,-3.0096879697794066e-05,-6.113670753185787e-17,3.079711564407228e-17,-0.0002743216463159115,4.1872450835914504e-17,-2.6056570765050766e-17,-36.25534171029102,-5.503040285396189e-29
5.055,-8.749831918798966e-17,0.0009093006201652543,-6.403855401429181e-17,3.652747624463615e-17,-0.002147165132100781,4.214224473120119e-17,-2.599610791075492e-17,-35.02171978206289,-5.845077702863145e-29
5.0600000000000005,2.7001898891997013e-14,0.001873043436972921,7.214237373777491e-15,-7.372019273941825e-15,-0.004066429438587704,-1.4226153936876156e-15,1.6214226270309007e-15,-33.72067096275436,6.113513199354897e-27
5.065,-2.7160343512443576e-14,0.002855407563316703,-7.165313858545552e-15,7.421498280948588e-15,-0.0060207251122719185,1.4612531191098374e-15,-1.6639240464160202e-15,-32.35218132216018,-6.240658436235347e-27
5.07,-5.335298309881891e-19,0.0038499846378954317,-3.213544474342114e-16,1.179497638095544e-17,-0.00799732581116075,1.1303661609212275e-16,-2.029088320353721e-17,-30.91659737301277,-3.69736739348112e-29
5.075,2.6930865858823815e-14,0.004849723204728207,7.198019614065426e-15,-7.337069313409604e-15,-0.00998225579034795,-1.4217828865786194e-15,1.6188089823128565e-15,-29.41464953370761,6.1076541690725556e-27
5.08,2.68849588731606e-14,0.005846989179531192,7.349854914236804e-15,-7.326642042372235e-15,-0.011960408923712862,-1.4640201882010448e-15,1.6197405408146893e-15,-27.847471994184385,6.110704920682994e-27
5.085,-1.8604292293438185e-16,0.006833643099653841,8.360711381618088e-17,7.075905236476654e-17,-0.013915706392282345,-2.4049297805590886e-18,-2.3018003925913074e-17,-26.216618425825903,-1.123134164753827e-28
5.09,-1.3654094185251902e-16,0.007801136582060053,1.224916458584737e-16,4.2521448040656893e-17,-0.01583128636411857,-1.1426168345450201e-17,-1.6092078344614197e-17,-24.52407301457063,-9.778876701296516e-29
5.095,-5.424760589211647e-14,0.008740625854784412,-1.4776480596283188e-14,1.4851186579732698e-14,-0.01768972930142354,3.0095431963012065e-15,-3.3090279412593664e-15,-22.7722563501895,-1.2501964870407384e-26
5.1000000000000005,-5.5035914244663735e-17,0.009643098183815368,-1.6945482759174067e-16,2.3646337058048973e-17,-0.019473310763686413,6.587705545872134e-17,-1.2536429245956618e-17,-20.964025778446285,-2.612611774239906e-29
5.105,-2.6426783116503233e-17,0.010499514972821089,-5.143925151727644e-16,3.6071663315448004e-17,-0.02116427818596378,1.5633796676216692e-16,-1.6653807081769696e-17,-19.10266990999457,-4.69327457492044e-29
5.11,5.397412582745455e-14,0.011300961007961519,1.4365241847077548e-14,-1.47168730974284e-14,-0.022745148873909216,-2.866620309852154e-15,3.2688776025609415e-15,-17.191897085176095,1.2294113752016529e-26
5.115,-2.656493759087651e-16,0.012038801720109404,4.80747247512331e-16,7.64577180800039e-17,-0.02419901643234823,-1.1741915832985635e-16,-1.1633214617054095e-17,-15.235817710733564,-7.86324602008637e-29
5.12,-5.884334101017867e-17,0.012704843982803027,-5.261142734941665e-16,5.221025248476838e-17,-0.02550986457953286,1.5377936789978529e-16,-1.546683197187341e-17,-13.238920510781075,-5.22531340759268e-29
5.125,5.386167637187647e-14,0.013291491499074937,1.4714645041508243e-14,-1.4689021658153697e-14,-0.026662872543013805,-2.9674891076524933e-15,3.271334781843958e-15,-11.206042870261724,1.2374840438823854e-26
5.13,-1.1127931155360304e-16,0.013791900311133531,-1.6316370462327893e-16,4.936462054545422e-17,-0.027644711812158107,5.3019540775355477e-17,-8.783596454617377e-18,-9.142335582101104,-8.427260357897243e-29
5.135,5.394274307891855e-14,0.014200113559979854,1.4012809194399383e-14,-1.4674487771026e-14,-0.028443816480574924,-2.7835686754583473e-15,3.2645556632545154e-15,-7.053222448416211,1.2276448422256567e-26
5.14,5.3770230713074183e-14,0.014511191425313541,1.5089322919760745e-14,-1.4673474339713714e-14,-0.029050625061515234,-3.075600092754019e-15,3.2759370495743865e-15,-4.944355308352371,1.224772076210944e-26
5.1450000000000005,-5.425523779341483e-14,0.014721314257840845,-1.4738239554124624e-14,1.4849051883513537e-14,-0.02945778486302686,2.9823499744739903e-15,-3.294870528268448e-15,-2.8215651867050546,-1.2528363920374172e-26
5.15,-5.4293822009831303e-14,0.014827867699537478,-1.4748051499670752e-14,1.4869046644049998e-14,-0.02966031189747298,2.9808922082543733e-15,-3.297540514827061e-15,-0.690810355563535,-1.2522863525095873e-26
5.155,-2.636491827169141e-16,0.014829498639585381,1.91071947449051e-16,9.699337039151214e-17,-0.02965569644443633,-5.749467413011149e-17,-8.345110410963227e-18,1.4418778145015096,-1.1356116559779996e-28
5.16,5.4040444728394166e-14,0.014726147368364195,1.4109625799460858e-14,-1.4731283945909404e-14,-0.029443962371914267,-2.8163113745281736e-15,3.2812369306360943e-15,3.5704502810547787,1.2300106501552673e-26
5.165,-1.0848833724362e-13,0.014519047775408467,-2.8956212230222224e-14,2.966585297793361e-14,-0.0290276648294423,5.811212540352764e-15,-6.5805150208368765e-15,5.688896062753457,-2.497715490987562e-26
5.17,1.0760503478668047e-17,0.014210703324835094,-1.1705408829924594e-15,6.767695536525623e-17,-0.02841183575439743,3.038662469275552e-16,-1.3594143487642291e-17,7.791297303203944,-5.605184554038695e-29
5.175,-3.932631271482147e-16,0.013804829371750316,9.180766569884832e-16,1.0497582298399838e-16,-0.027603873578200933,-2.63231533922813e-16,2.840696285421947e-19,9.871882704692496,-9.575579410949825e-29
5.18,-2.523615264871551e-17,0.013306277096198471,-1.1541025007886135e-15,8.503933563051782e-17,-0.026613385537288536,2.935010631717771e-16,-1.5450414292055143e-17,11.925078418839917,-5.602157774193409e-29
5.1850000000000005,-4.148920371855602e-16,0.012720926830269264,9.08057666925425e-16,1.172893992474421e-16,-0.025451983461067584,-2.6612628732614834e-16,-1.088778872281639e-18,13.945555545154907,-1.1095805919890483e-28
5.19,-1.0841786663870345e-13,0.012055567192156502,-2.885768184631967e-14,2.962469614581075e-14,-0.0241330411138847,5.776937973365531e-15,-6.5693533622594155e-15,15.928273481855456,-2.4920780411519684e-26
5.195,9.013620326283068e-17,0.01131775460115847,-1.0400942122412078e-15,1.980859768400094e-17,-0.022671422126748553,2.62648761609747e-16,-1.3864478088216206e-18,17.86851847826037,-1.6401855820901116e-29
5.2,1.080908218059648e-13,0.010515664059880692,2.8702591985159324e-14,-2.948351709448227e-14,-0.02108318553868571,-5.777692996634072e-15,6.566416576464233e-15,19.761936860941614,2.473066683566379e-26
5.205,-4.1069302065482882e-16,0.00965792950445632,8.802968809769945e-16,1.1996769462824375e-16,-0.01938527760214015,-2.6490452088117065e-16,-9.608022892372492e-19,21.604562535283357,-7.316945309787409e-29
5.21,-1.0841317371583101e-13,0.008753485953477025,-2.8809402998562846e-14,2.962153311997304e-14,-0.01759521989278312,5.758616837222076e-15,-6.567695916602697e-15,23.39283850139076,-2.4929401597099423e-26
5.215,8.746098203647654e-17,0.007811408093942873,-9.531741395445874e-16,1.7037784628060114e-17,-0.015730800172960357,2.3419619182467036e-16,2.566914804766069e-19,25.123632256604225,-4.432005669855414e-30
5.22,-5.4451470686953554e-14,0.00684075975081555,-1.3990519349213919e-14,1.489451865221466e-14,-0.013809775601302476,2.7490100705416868e-15,-3.289021020526942e-15,26.794245091483756,-1.2540948604189134e-26
5.2250000000000005,-1.3140369346008543e-16,0.005850449255511592,-2.4871840713200673e-17,5.4632921989599454e-17,-0.011849593794536872,-2.0653691614308756e-17,2.0526834414166676e-18,28.40241540705579,-5.359120557161667e-29
5.23,-1.1801483746468845e-16,0.004849100241742121,-1.6143668111733277e-17,4.8104879035164513e-17,-0.009867141179142891,-2.2943353662675973e-17,3.122138511895532e-18,29.946316295926408,-4.841454960785845e-29
5.235,-1.0353071841466295e-16,0.003844934426687985,-7.762498919658998e-18,4.107794996739164e-17,-0.007878517774059901,-2.488905085436285e-17,4.239121687575428e-18,31.424547725903206,-3.5150088378059317e-29
5.24,-8.830680572402413e-17,0.0028456737312865243,1.1579272643752967e-19,3.3735736373229495e-17,-0.005898844607713727,-2.646844367032323e-17,5.375724710618526e-18,32.83612374965584,-3.5917605670360715e-29
5.245,-7.268716841629585e-17,0.0018584597719879525,7.363837420170272e-18,2.6253154813648683e-17,-0.003942109725429077,-2.7670830555506186e-17,6.505763889332935e-18,34.180455228610114,-3.0945401388340566e-29
5.25,-5.699497692475862e-17,0.0008897896276423012,1.3884083894798557e-17,1.8791878634012974e-17,-0.0020210431137286378,-2.849642567423316e-17,7.60546991917685e-18,35.45732860636201,-3.315179148137351e-29
5.255,-4.152478938634801e-17,-5.452479292955559e-05,1.9608861590898153e-17,1.1496764087700919e-17,-0.00014703869705101624,-2.895530961898112e-17,8.65401253147598e-18,36.66688130175725,-2.5380998055772745e-29
5.26,-1.0837803388151485e-13,-0.0009693872703664397,-2.8687151800183833e-14,2.960363109592274e-14,0.00166990424297353,5.724669983860759e-15,-6.565449892563097e-15,37.80957429964614,-2.4909139618870684e-26
5.265,5.4147461276894234e-14,-0.0018504214920795903,1.3995322449748663e-14,-1.4763308997241536e-14,0.0034211923723717064,-2.805481462741873e-15,3.287323203400923e-15,38.88616252624696,1.2419501965034556e-26
5.2700000000000005,-9.876377441304305e-17,-0.0026939711052875737,-3.6377920722644214e-18,4.418522642471358e-17,0.005099631485052214,-2.4475419747062146e-17,1.395138631574179e-18,39.89766357189303,-4.613697333043035e-29
5.275,-8.136838798587856e-17,-0.0034970744663844755,3.675975036091332e-18,3.561002596221406e-17,0.006699384483979998,-2.5219018863400802e-17,2.653774992791893e-18,40.84532530887081,-3.8491798334315274e-29
5.28,-6.409854372955791e-17,-0.004257437267973785,1.015201028625051e-17,2.718410734266813e-17,0.008215913536631092,-2.5559923479421724e-17,3.8713333619795634e-18,41.73059290835613,-2.582693886945665e-29
5.285,-4.720217313922018e-17,-0.004973389326917044,1.576788389978086e-17,1.9025500947108518e-17,0.009645897644730894,-2.552385126503202e-17,5.031148742140052e-18,42.55507572621477,-1.976390616869453e-29
5.29,-3.088678503102919e-17,-0.005643835888715643,2.052672702869853e-17,1.1230252545508579e-17,0.01098713714918631,-2.5142646863093474e-17,6.120103536210957e-18,43.32051447549606,-1.1864927991857791e-29
5.295,-1.5319300800110596e-17,-0.00626820181330956,2.4453956206535833e-17,3.872782431783475e-18,0.012238447043159795,-2.4452735292455386e-17,7.128522692336421e-18,44.028749055979745,-9.592051779497207e-30
5.3,-6.272939802687949e-19,-0.006846373504396652,2.7593745241238967e-17,-2.993077582492819e-18,0.01339954081902306,-2.349365861776241e-17,8.049964408819653e-18,44.68168735921398,-4.391438008870444e-30
5.305,5.411211876349743e-14,-0.007378635250187671,1.422206589901052e-14,-1.4758173876500214e-14,0.01447090947836216,-2.8599081970229516e-15,3.2855604818626177e-15,45.28127531715681,1.2406851432898071e-26
5.3100000000000005,-1.272404230561617e-16,-0.007865607745584313,2.889168752692146e-16,4.09337294628957e-17,0.015453699812447041,-9.500303183669718e-17,1.890292561364569e-18,45.82946841227162,-4.1181318553208376e-29
5.315,-3.592366188443069e-18,-0.008308184248788208,-1.2365112566126368e-16,1.2221405222551156e-17,0.016349590320885454,1.9311070097791427e-17,2.850816478862725e-18,46.32820482255994,-9.739287477183439e-30
5.32,5.4116381231214496e-14,-0.008707470104106108,1.4350030441174653e-14,-1.476861409673642e-14,0.01716067361428486,-2.8897718146246873e-15,3.287678332896524e-15,46.779380330271465,1.2415109402052876e-26
5.325,1.7826832391465988e-17,-0.009064723885934711,-9.722944903570626e-17,6.984392373920558e-19,0.017889340600603987,1.587744636511111e-17,4.568543328311256e-18,47.1848250872041,-1.5722301855963026e-30
5.33,5.414350668148331e-14,-0.009381301534819642,1.433069703945309e-14,-1.4779433509530228e-14,0.018538172656391794,-2.880884227420214e-15,3.2888368475475657e-15,47.5462822947374,1.2422868177421867e-26
5.335,-5.415415649902237e-14,-0.009658605342615978,-1.419731611283069e-14,1.4780054497525757e-14,0.01910983841194991,2.8289873072678177e-15,-3.2773229633066916e-15,47.86538882945968,-1.243673866656241e-26
5.34,2.7116755051175565e-14,-0.009898034937978473,7.085970509706571e-15,-7.403468627997742e-15,0.019607002491554226,-1.419517172652294e-15,1.6482364765309599e-15,48.143657821674225,6.22950909226026e-27
5.345,2.824687624137904e-17,-0.010100946122134857,-9.215032350574125e-17,-2.5513839586106225e-18,0.02003223930291398,2.0420097230694968e-17,4.0663249597831375e-18,48.382463176495826,2.8540664213140137e-30
5.3500000000000005,2.7078870096672084e-14,-0.010268611733017963,7.173009893538985e-15,-7.39029148524462e-15,0.02038796026716483,-1.4411652947609392e-15,1.646129775084931e-15,48.58302601379209,6.219803599511827e-27
5.355,2.2464715555398587e-17,-0.010402188765361586,1.1540406838553609e-17,-6.6224719175902294e-18,0.020676345446119626,-4.141626748607312e-18,5.244094017671018e-18,48.746402995229396,5.153725916083275e-30
5.36,2.7103723732197867e-14,-0.010502689867585957,7.152604759086082e-15,-7.399910963414702e-15,0.020899289975687907,-1.4319390742522815e-15,1.6471348231650331e-15,48.87347650069152,6.225983534791012e-27
5.365,-5.411591572010316e-14,-0.010570960723735201,-1.4209081305025113e-14,1.4765465779475902e-14,0.02105835761215502,2.8420565588918087e-15,-3.276405326978421e-15,48.96494661697001,-1.2424444388880432e-26
5.37,5.24039689100936e-17,-0.010607661400965362,8.191889014380855e-18,-1.951590159703511e-17,0.021154744016634197,2.235028227103486e-18,6.73497095738189e-18,49.02132490311749,1.6390510854650962e-29
5.375,2.91922190648135e-17,-0.010613253389167188,5.348921543941579e-18,-7.196175114062055e-18,0.021189249991223846,3.31590037284874e-18,4.213635007609887e-18,49.0429299015064,6.0493152164531566e-30
5.38,2.711920738049305e-14,-0.010587990933534464,7.107507734612528e-15,-7.401798510673835e-15,0.021162265354305987,-1.4139669294071333e-15,1.6459575921978878e-15,49.029884370872495,6.229040397777067e-27
5.385,4.371314787563079e-17,-0.010531917964398119,1.854925084205181e-17,-1.4273194414899466e-17,0.021073761263380675,3.2367258419401546e-18,5.047603862811989e-18,48.98211422602268,1.2004023556185382e-29
5.39,-2.7025545208120626e-14,-0.010444869708764681,-7.096167508326077e-15,7.372164420692747e-15,0.020923293026726242,1.4274349588498924e-15,-1.6359209088984214e-15,48.899349178029695,-6.204150224385743e-27
5.3950000000000005,5.775353334257955e-17,-0.010326478061841726,3.211667358765193e-17,-2.112658061022742e-17,0.020710010968791437,2.9794307692607637e-18,5.806722194586578e-18,48.78112507892695,1.777816154656845e-29
5.4,8.578622133351267e-17,-0.010176182534736178,-4.158115016258594e-17,-2.8726639126263776e-17,0.02043268248681329,2.47444932127138e-17,6.1604884805686125e-18,48.62678798349794,2.6698881155597604e-29
5.405,2.711209194662758e-14,-0.009993247648413472,7.174749315463222e-15,-7.400565220837951e-15,0.0200897229322905,-1.4253160609102628e-15,1.6448295798764319e-15,48.43549995015508,6.22714212248228e-27
5.41,7.461160145297066e-17,-0.009776781699868842,-7.056070543333622e-17,-1.974834442273106e-17,0.01967923719607967,3.4291640986808354e-17,3.582609658834528e-18,48.20624661042456,1.7886469270553643e-29
5.415,6.211383424644391e-17,-0.009525762115258907,6.848568582739479e-18,-1.898901182503423e-17,0.019199066867464865,1.472333069157366e-17,3.8113204242844346e-18,47.93784654158962,1.6941973527294666e-29
5.42,6.936087934285913e-17,-0.009239068161410735,8.707082726467838e-18,-2.215442421506943e-17,0.018646855794834494,1.572995801599112e-17,4.015990689077137e-18,47.62896247845282,1.7809030373932383e-29
5.425,7.643794957351763e-17,-0.00891551242450106,1.0793787114311329e-17,-2.5264450739184247e-17,0.01802011373030865,1.6620584726156223e-17,4.194003301052135e-18,47.27811440476497,1.9297633066847795e-29
5.43,8.327509776761065e-17,-0.008553881253417828,1.3108738183947853e-17,-2.828917155366907e-17,0.017316296636508355,1.7384348297419145e-17,4.339802269639925e-18,46.88369455487746,2.316421336574276e-29
5.4350000000000005,8.978930691558041e-17,-0.008152980286730838,1.5642568353771665e-17,-3.119149692551517e-17,0.016532897755205056,1.8012683712747214e-17,4.4467023588941395e-18,46.443984352701484,2.9302845771225626e-29
5.44,9.588487480535999e-17,-0.007711679857058229,1.8375657580913813e-17,-3.392720789651767e-17,0.01566753751512806,1.8499724836915123e-17,4.50690732231218e-18,45.95717330398586,3.1703853546725365e-29
5.445,1.0145435468661497e-16,-0.0072289667071299135,2.127745217414367e-17,-3.644526766599842e-17,0.014718072285141659,1.8842717621676315e-17,4.5115726326084575e-18,45.42137983608834,3.3139538922625396e-29
5.45,1.0638011129746788e-16,-0.006704000326173798,2.4305988673234844e-17,-3.8688438642406796e-17,0.013682700010221538,1.9042427712713897e-17,4.4509186609389015e-18,44.834674063384185,3.4395988838576566e-29
5.455,1.105365396051958e-16,-0.0061361688792622715,2.7407685803057905e-17,-4.059423546183833e-17,0.012560080463771328,1.910352102040924e-17,4.314399544832433e-18,44.195102425322084,3.9148732805132096e-29
5.46,1.1379297539919964e-16,-0.0055251471660717755,3.051746991067866e-17,-4.2096236417944273e-17,0.011349448888253733,1.9034892208716345e-17,4.090931737951747e-18,43.50071411575744,3.384016334852213e-29
5.465,1.1601730220387394e-16,-0.004870957631680994,3.355929812170297e-17,-4.3125764458551786e-17,0.01005074022646113,1.8849913152363385e-17,3.769184408114531e-18,42.74958918107946,3.715887235178043e-29
5.47,1.1708022759279127e-16,-0.004174028426369603,3.6447137856963267e-17,-4.361393396782631e-17,0.008664706865772587,1.856657157665723e-17,3.3379314082781975e-18,41.93986812771385,4.4902816250727685e-29
5.4750000000000005,1.1686016453892533e-16,-0.0034352503781356347,3.9086450706213436e-17,-4.3494041152941406e-17,0.007193036628066807,1.8207469685023483e-17,2.7864615058331843e-18,41.06978283082586,3.967623271859662e-29
5.48,1.1524861084354916e-16,-0.002656030538435772,4.137621245130514e-17,-4.270425435672832e-17,0.0056384599165966165,1.7799653965909234e-17,2.105039977347768e-18,40.13768848972193,3.8724117670605165e-29
5.485,1.1215587381895696e-16,-0.0018383423441434843,4.3211479138988837e-17,-4.1190536834141787e-17,0.004004854733068441,1.737425086287183e-17,1.2854106826504502e-18,39.14209632262981,3.509606187678084e-29
5.49,1.0751694057829864e-16,-0.0009847659692461264,4.448648172524586e-17,-3.8909709565016935e-17,0.002297326957318546,1.696588882760167e-17,3.213235055086795e-19,38.081706646378734,3.1881089679941876e-29
5.495,1.0129724983396755e-16,-9.852215594108316e-05,4.5098199734445235e-17,-3.5832537111204597e-17,0.0005222868736041164,1.6611895550556883e-17,-7.909321604678884e-19,36.95544193013349,4.35734337652358e-29
5.5,-5.3940074722968144e-14,0.0008165036596707864,-1.4399489306337514e-14,1.4703417823269308e-14,-0.0013125064296843902,2.9224768034739102e-15,-3.278731563318679e-15,35.76247937082474,-1.2358661481535412e-26
5.505,-5.415426302069617e-14,0.001755750769603992,-1.3625711725144397e-14,1.4749199810946344e-14,-0.0031979163017581413,2.710273589784068e-15,-3.280206611655298e-15,34.5022824898767,-1.241228678456563e-26
5.51,1.871026164741759e-16,0.0027139850719137826,9.879883910870317e-17,-8.37255177677657e-17,-0.005123432632572644,4.7817515656363135e-18,6.908969378295434e-18,33.174631217309056,7.967385476247761e-29
5.515,1.7257899748269921e-16,0.0036853172912074683,9.997413851923772e-17,-7.707737501159377e-17,-0.0070772042783460165,2.8539623117455674e-18,5.257519288009357e-18,31.779649900206024,6.730462919736979e-29
5.5200000000000005,-5.4217226781611825e-14,0.0046632365430880895,-1.3585804201557289e-14,1.4775997815193612e-14,-0.009046104262395716,2.694596039817067e-15,-3.2860936095246157e-15,30.317832655839567,-1.2434948268983177e-26
5.525,5.451452339273625e-14,0.005640659370691026,1.3769251317921615e-14,-1.4906484937934745e-14,-0.01101582893080888,-2.689196906333233e-15,3.29094396275161e-15,28.79006548611382,1.2540574145944384e-26
5.53,1.8874221564393718e-16,0.006610000074580569,-2.0179922117693525e-16,-6.326677157225029e-17,-0.012971034990457042,7.934295953237062e-17,-1.241613848883781e-18,27.19764458176642,6.623354787059989e-29
5.535,2.9482546619398065e-16,0.007563252412190025,-1.505491144416066e-16,-1.2136410988874592e-16,-0.014895505558470745,6.875574380279918e-17,9.640788747502395e-18,25.54229026856626,1.2755602184946205e-28
5.54,-2.914455507480086e-17,0.008492093619530294,3.898292975498557e-16,-2.8358221494568876e-18,-0.016772357634565083,-8.80228576591962e-17,-7.01530939943916e-18,23.826156096725736,6.50109606070254e-31
5.545,1.0887215691523201e-13,0.009387997041237384,2.7719277693544213e-14,-2.9768291203118425e-14,-0.018584271480904135,-5.4588508389583405e-15,6.585288724394782e-15,22.05183262992662,2.5080018784028788e-26
5.55,-1.0814129561009916e-13,0.01024236283577551,-2.863669227046349e-14,2.9497936176362124e-14,-0.020313753761740827,5.754310165057367e-15,-6.567351246560908e-15,20.222345575021006,-2.481605795184911e-26
5.555,-1.129270307228145e-17,0.011046655605596811,4.420128429084409e-16,-1.9507953382570512e-17,-0.02194341722336901,-1.0692192819438531e-16,-3.4400813442465226e-18,18.341147983056285,1.1004003155674835e-29
5.5600000000000005,1.0890850521726166e-13,0.011792549972504673,2.7726796466819786e-14,-2.979079723473843e-14,-0.023456277731554565,-5.465914475231059e-15,6.589807478883349e-15,16.41210636479057,2.5069328797656155e-26
5.565,1.0837326081850731e-13,0.012472081704252957,2.895427086040656e-14,-2.962161657642289e-14,-0.024836061676282384,-5.813534602873907e-15,6.570996458167453e-15,14.439480683949917,2.4911339573679012e-26
5.57,1.5130798676682134e-16,0.013077793840096774,-1.8105144576802262e-16,-5.635574785564317e-17,-0.026067506605315316,5.5106550681672497e-17,-1.724703396463028e-18,12.427898319768907,8.165862214789306e-29
5.575,2.402927144054118e-16,0.01360288367619944,-1.3072401351443526e-16,-1.0640839524244615e-16,-0.027136660099458254,4.3207264651443476e-17,8.431577421430848e-18,10.38232222936712,1.4272763712567061e-28
5.58,1.0834931522805367e-13,0.014041338637255762,2.897984485713037e-14,-2.961595780262702e-14,-0.028031161586397957,-5.828195672914795e-15,6.5717765062706075e-15,8.308013673078694,2.4928421691529982e-26
5.585,-1.080793540592115e-13,0.014388055154441304,-2.8563196979050144e-14,2.945024510273738e-14,-0.028740488387754226,5.720422720328891e-15,-6.555041462192132e-15,6.210489997558103,-2.4736985684363765e-26
5.59,2.224582914499289e-17,0.014638952032058228,5.525176184790603e-16,-5.606874597253151e-17,-0.02925618746316161,-1.5303274699395218e-16,7.970938155170764e-18,4.0954781026760045,8.343140162123872e-29
5.595,-5.419758868222333e-14,0.01479105015326354,-1.4080761315296076e-14,1.4785439706526183e-14,-0.029572045511912393,2.7929982302094987e-15,-3.2890910490582225e-15,1.9688643169503734,-1.2360447912301454e-26
5.6000000000000005,3.0164136966647036e-16,0.014842540872692211,-4.481699373675632e-16,-1.1951590769633147e-16,-0.02968422943743576,1.1685913479173436e-16,1.185179515789391e-17,-0.1633584852261727,7.599541194119876e-29
5.605,-3.628137399488616e-17,0.014792822484295698,5.448192921342146e-16,-3.0381084805280467e-17,-0.029591368710384813,-1.6028260490864447e-16,6.1903478858202015e-18,-2.2951456287596166,4.0873304515920315e-29
5.61,5.431267915243556e-14,0.014642513435759952,1.4102549607376444e-14,-1.4854129459715255e-14,-0.029294581258582753,-2.8230172002810135e-15,3.2917366367552695e-15,-4.42045629378657,1.2533391841625948e-26
5.615,1.4078386269549264e-16,0.014393438365445377,-1.213953244404125e-16,-6.886588640057306e-17,-0.02879745571843273,1.752522498097816e-17,9.224853169747402e-18,-6.533309105500377,1.2323034355716401e-28
5.62,5.421683602808769e-14,0.014048589006605994,1.4450624147130743e-14,-1.4836121918149715e-14,-0.028105966499367696,-2.9226456135941906e-15,3.294318131652242e-15,-8.627836687138098,1.245872866416405e-26
5.625,1.3124896605524222e-16,0.013612057950169287,-1.096605827824575e-16,-6.73784959910174e-17,-0.027228350710274185,9.628782632721899e-18,1.1730215477511001e-17,-10.698338227826108,9.100064252393009e-29
5.63,-5.434593005930106e-14,0.013088953296716,-1.3744413902680217e-14,1.482439654074385e-14,-0.026174928456399016,2.6836357839518436e-15,-3.284396683404059e-15,-12.739329175078574,-1.2510545124886204e-26
5.635,-5.4021890134161713e-14,0.012485290127131066,-1.46976189599895e-14,1.4737028772133972e-14,-0.024957886828545384,2.946111424896091e-15,-3.2762015213478146e-15,-14.745587235572085,-1.2378768208850976e-26
5.64,5.419113184965215e-14,0.011807869164258022,1.4449194388654244e-14,-1.4826499258239705e-14,-0.0235910315800254,-2.929536358397166e-15,3.2980895946663434e-15,-16.712193964790163,1.2489792838300329e-26
5.6450000000000005,-5.4032429757734735e-14,0.011064137224295223,-1.4682026823399487e-14,1.4739775870491e-14,-0.022089505590784597,2.9386642120350355e-15,-3.2736561984760335e-15,-18.634571342110455,-1.2380324851800389e-26
5.65,-2.107885852541115e-16,0.01026204847084955,8.157331900044005e-16,2.739027021328452e-17,-0.020469498946837916,-2.5366912036691217e-16,1.0414603686784246e-17,-20.50851284757589,-5.669203110597398e-29
5.655,-5.4043183448369363e-14,0.009409911325178655,-1.4667945317933295e-14,1.4743390654726068e-14,-0.01874794019761339,2.932759114746723e-15,-3.2712957134958053e-15,-22.330208697832155,-1.2381981739176878e-26
5.66,5.415721171478868e-14,0.008516241641174815,1.4433739025566477e-14,-1.480995005129037e-14,-0.016942194621435647,-2.930974923082388e-15,3.3006225101850627e-15,-24.09626502661856,1.2479603337062602e-26
5.665,-5.4134138161222354e-14,0.007589618455085656,-1.4351289998737925e-14,1.476355041900468e-14,-0.015069764559569876,2.844452629916819e-15,-3.2691007499575037e-15,-25.803716936433077,-1.2354664445961802e-26
5.67,-6.354305969069469e-17,0.006638543985630463,1.6803607294456e-16,4.222182492579234e-18,-0.013148007665677142,-8.023728739186022e-17,1.4033280469176347e-17,-27.450035473782428,-2.6254356318431404e-29
5.675,-2.7003790382255992e-14,0.005671319264678232,-7.36538048204226e-15,7.358179912579312e-15,-0.011193871965716085,1.4574953462748542e-15,-1.6234903255977878e-15,-29.03312870134718,-6.1127767651645724e-27
5.68,-2.7279127584883788e-14,0.004695926586506971,-6.545637335589765e-15,7.431231118863028e-15,-0.009223661779159897,1.231087557374826e-15,-1.6276551942826014e-15,-30.551337148112886,-6.251151296533451e-27
5.6850000000000005,-1.0137928328364995e-18,0.003719931671682275,-1.2271642910817184e-16,-3.491244991544958e-18,-0.007252831109987312,-1.344256042862592e-18,1.641770122916936e-17,-32.003424010665256,2.553442538299105e-29
5.69,2.7053175207549435e-14,0.002750398332480586,7.135381075026587e-15,-7.392152314002416e-15,-0.0052958084874390465,-1.4621538645046425e-15,1.660028701295452e-15,-33.38856055660229,6.2298088116182995e-27
5.695,-8.828020140403472e-18,0.001793822662264688,-1.1870561523121711e-16,8.102849921970492e-19,-0.003365861458199504,-2.166536388253759e-18,1.7887507912718604e-17,-34.706307237820326,1.768293088519342e-29
5.7,2.7044032026111028e-14,0.0008560818692018302,7.129864818150698e-15,-7.386341791026025e-15,-0.0014749896213857028,-1.4602475320123205e-15,1.6609821213904108e-15,-35.956591066456426,6.229990015644392e-27
5.705,-2.7165243060448254e-14,-5.7597627375116645e-05,-6.99148584833004e-15,7.411509791687244e-15,0.000366140841457252,1.3547627244819584e-15,-1.6229572066672971e-15,-37.13967982725385,-6.217915416617878e-27
5.71,-1.6426795869464556e-17,-0.0009426598057444835,-1.1200490126265003e-16,5.602294692255045e-18,0.002148237978495615,-2.1935291243525803e-18,1.9853589630662814e-17,-38.25615371311389,9.76266433448964e-30
5.715,-2.715961618927678e-14,-0.0017952189827923348,-7.001891144619017e-15,7.410712140881427e-15,0.003863386051826012,1.3595588239476865e-15,-1.6212888670403619e-15,-39.3068749600871,-6.2329526512700326e-27
5.72,-1.853044995799931e-17,-0.0026120508992732994,-1.0630450942445214e-16,7.414595042384854e-18,0.005505023528577624,-1.7797932100968533e-18,2.1027355405030914e-17,-40.29295604443583,2.737265388048876e-29
5.7250000000000005,1.3506618884547621e-14,-0.0033905675504115607,3.507143844495068e-15,-3.6843202643660854e-15,0.007067898851559562,-7.272353992216497e-16,8.422265843302791e-16,-41.215726972125374,3.112758044006516e-27
5.73,-8.420962958517632e-17,-0.004128787502523323,1.4834261835739362e-16,2.1388916911333416e-17,0.008548000160033098,-6.905110563370372e-17,2.2059838054602866e-17,-42.07670215471774,4.6600478192049325e-30
5.735,1.3480730088694117e-14,-0.004825291511210139,3.4912390873447578e-15,-3.669259028494412e-15,0.00994247269508719,-7.2178051375889645e-16,8.403880949137796e-16,-42.87754732121206,3.0921764872451683e-27
5.74,1.3494528264473387e-14,-0.005479175045728368,3.502024200022703e-15,-3.676230638071949e-15,0.011249516422779493,-7.226901802739989e-16,8.42090507712659e-16,-43.62004686709054,3.1098929048263096e-27
5.745,-1.3630576167779639e-14,-0.0060899976353354646,-3.3978946057911983e-15,3.7207068085308636e-15,0.012468283777291589,6.429055327808137e-16,-7.980923493188287e-16,-44.30607199287843,-3.1206166990859115e-27
5.75,4.057791410287647e-14,-0.006657722619472395,1.053112735770919e-14,-1.106096389040588e-14,0.013598756864269035,-2.1197660818240192e-15,2.4821441096551362e-15,-44.93754992800499,9.319097643160694e-27
5.755,-1.3559004920604639e-14,-0.007182662450688326,-3.63897924851516e-15,3.705034552230894e-15,0.014641631852519765,7.11871460420262e-16,-7.971527118662659e-16,-45.516434493138576,-3.1161008402661772e-27
5.76,1.34920850640694e-14,-0.007665418544846148,3.546267628578618e-15,-3.6763162261196126e-15,0.015598200893656156,-7.287479919624005e-16,8.432970612403705e-16,-46.044678198994795,3.1035288619010876e-27
5.765,-2.95869397663996e-17,-0.008106822936255753,-3.997240075240826e-17,1.2645389714209719e-17,0.016470227360176892,-7.750860563292772e-18,2.3524627977394415e-17,-46.52420603734792,-5.3557941534012165e-30
5.7700000000000005,-1.3574311443433803e-14,-0.00850788302476957,-3.5325820135490536e-15,3.705732076306055e-15,0.017259836355599134,6.877915055457488e-16,-7.961590948613021e-16,-46.956891081248905,-3.115656464401083e-27
5.775,-2.4523170106852853e-17,-0.00886972600998348,-3.295697534647963e-17,1.0391085664103366e-17,0.017969399398566566,-6.359350142858231e-18,2.3890034141025845e-17,-47.344531970191355,-9.872285591868344e-30
5.78,-1.3571712825026912e-14,-0.009193548486486236,-3.5115664250958034e-15,3.703532855636812e-15,0.018601432427127307,6.854449171445452e-16,-7.957730446154066e-16,-47.688832329818,-3.1176067951908744e-27
5.785,-1.355563909516074e-14,-0.009480569574385811,-3.557999524080697e-15,3.699466901036992e-15,0.019158499353775227,6.998230958526355e-16,-7.956590138812685e-16,-47.99138214613511,-3.1114855934212093e-27
5.79,-1.3552635164383907e-14,-0.009731986519504687,-3.580602813971259e-15,3.699781403084209e-15,0.019643122316692185,7.073887428130749e-16,-7.9610271845809865e-16,-48.25364109402014,-3.1118366516329252e-27
5.795,-1.354975205779627e-14,-0.009948936620880033,-3.576304513047002e-15,3.69821985325863e-15,0.020057703435227836,7.079469461546433e-16,-7.960450264928529e-16,-48.47692380481234,-3.111362504522686e-27
5.8,1.3504528811685062e-14,-0.010132461025435191,3.560355961077787e-15,-3.681302801224012e-15,0.020404452955279595,-7.197188322466022e-16,8.431812341849456e-16,-48.6623870443531,3.0975293838373063e-27
5.805,-4.061342371760582e-14,-0.010283475389037733,-1.0632634189136666e-14,1.1076572926197815e-14,0.020685328637922495,2.118880667795824e-15,-2.4352344553714335e-15,-48.811018768015295,-9.318225722225751e-27
5.8100000000000005,-1.3544466148721696e-14,-0.01040274530725327,-3.555744021625267e-15,3.694321722772208e-15,0.02090198531225873,7.074946344872113e-16,-7.961492676334642e-16,-48.92362901473202,-3.109820639512552e-27
5.815,-1.3547005132530395e-14,-0.010490863158601371,-3.55428644245068e-15,3.695261093830528e-15,0.021055731350864804,7.085490895032906e-16,-7.966421719804711e-16,-49.00084260208919,-3.109549672994538e-27
5.82,-1.4094029910446516e-17,-0.010548234487743002,-6.512467486604035e-18,4.1204620322078756e-18,0.021147496630948837,1.1404820010596364e-18,2.2757219550797746e-17,-49.04309358996801,-3.223706975121106e-30
5.825,-1.3540477151113958e-14,-0.01057506465179614,-3.557272216994495e-15,3.692136641401641e-15,0.021177811448064077,7.127720155320445e-16,-7.969580223820363e-16,-49.05062148352152,-3.1069852182029313e-27
5.83,1.351539351463928e-14,-0.010571352781411747,3.5432005945191695e-15,-3.685868018749509e-15,0.021146790589900988,-7.053617756723654e-16,8.415501882208047e-16,-49.02346915504897,3.1015742673350287e-27
5.835,-1.353530703336148e-14,-0.010536890234448038,-3.5587197052065384e-15,3.689380746376472e-15,0.02105413228131603,7.165517012721273e-16,-7.973931126098697e-16,-48.96148247384015,-3.1043987888722393e-27
5.84,-5.8759086238553754e-18,-0.010471261973528101,-2.0915368627079738e-17,3.4178397421566463e-19,0.020899121033814083,1.1590096516573141e-17,2.1526997789317295e-17,-48.86431164047023,-1.7862375839763677e-30
5.845,-1.2235409282275525e-17,-0.01037385510461064,1.0710633439003306e-17,7.770712321762726e-19,0.02068064663123259,4.646722457082407e-18,2.126384904482945e-17,-48.73141423494089,1.7485547185168127e-31
5.8500000000000005,-1.3529541720889317e-14,-0.01024387074217259,-3.5816912856746045e-15,3.6873031253509335e-15,0.020397225203169,7.275816228403162e-16,-7.98633738555208e-16,-48.562059993493925,-3.1045492391928435e-27
5.855,-1.3536271418268702e-14,-0.01008034068031094,-3.5509268429093274e-15,3.687902267806646e-15,0.02004703686585252,7.208515371489696e-16,-7.989425307236448e-16,-48.355337340891936,-3.101801876675329e-27
5.86,-2.7044846304453053e-14,-0.009882149588193556,-7.208396977321737e-15,7.374865647232576e-15,0.019627967449874717,1.4611560962194997e-15,-1.6194905727811937e-15,-48.110161708503696,-6.213941336036817e-27
5.865,-2.2008113230180174e-17,-0.009648061723780188,4.609681204491887e-17,1.2094636523761333e-18,0.019137665500853274,1.3632618844610196e-18,1.9614421140981394e-17,-47.82528567540355,-5.684289270332427e-32
5.87,1.3521989347853155e-14,-0.009376753044584518,3.5252466664270546e-15,-3.6906983166199765e-15,0.018573602519424526,-6.876013968967026e-16,8.384917899209983e-16,-47.499310969081115,3.1010435859456087e-27
5.875,-1.564291979217304e-17,-0.009066846497447045,-1.4903031262221057e-18,6.13091395192275e-19,0.017933148405699484,1.7274385851399518e-17,1.835865338125655e-17,-47.130702363181854,1.888612461633483e-30
5.88,-1.544753134261325e-17,-0.008716954410161293,6.482033077613335e-19,-1.7496198899841745e-19,0.017213653979847976,1.8313617300658868e-17,1.8054541029240392e-17,-46.71780350286443,1.081763678328657e-30
5.885,1.3492594086746048e-14,-0.00832572430608991,3.577430815523772e-15,-3.682078963525786e-15,0.016412541336620734,-6.97776368763656e-16,8.361260319133874e-16,-46.25885467922461,3.0968373246117615e-27
5.89,1.3500643052128498e-14,-0.007891888567073124,3.589788755301977e-15,-3.687447310148052e-15,0.015527403484824731,-6.991041482761202e-16,8.367311260358039e-16,-45.75201256060043,3.1206808094291762e-27
5.8950000000000005,-1.3472337413804877e-17,-0.00741431799501413,-3.718195157944752e-17,-1.3276327566218105e-19,0.0145561135819392,3.29460175179374e-17,1.6407153708505598e-17,-45.19537186976115,1.3911722941117627e-29
5.9,-1.3558486134480838e-14,-0.006892080193203753,-3.5515285320737905e-15,3.6937161112522854e-15,0.013496934782860848,7.341607150045639e-16,-8.040166472305266e-16,-44.58698897101256,-3.1105531535668097e-27
5.905,-2.230840974503091e-17,-0.006324497584714095,-4.3690049416927493e-17,3.326336552801513e-18,0.012348641884486256,3.7240791386137444e-17,1.4953823718274914e-17,-43.924907303800914,-9.650843595409822e-30
5.91,-1.3546144900361942e-14,-0.005711211600413435,-3.644931670834595e-15,3.693374865613451e-15,0.011110641355081441,7.619883457738815e-16,-8.055766787533097e-16,-43.20718456391639,-3.0862999571847004e-27
5.915,1.3479627340364538e-14,-0.005052241860269646,3.5474015012893542e-15,-3.677354223358409e-15,0.00978309372863606,-6.816414817390021e-16,8.326614347575906e-16,-42.431921494380774,3.095586961642456e-27
5.92,-1.3556350285111323e-14,-0.004348050615575971,-3.654658473341051e-15,3.697662188424604e-15,0.008367033934391088,7.666995059356161e-16,-8.071071376057164e-16,-41.59729210642909,-3.094817339015663e-27
5.925,-1.3610848608499981e-14,-0.003599597818208622,-3.504473769769863e-15,3.712195875866113e-15,0.006864487953677667,7.262449188119071e-16,-8.086009333929852e-16,-40.70157510170108,-3.0987064463423696e-27
5.93,-2.550906042515134e-17,-0.00280840370798785,-1.0331109652573246e-16,5.7996022234701844e-18,0.005278583249427982,5.900228506561688e-17,1.2328779868787258e-17,-39.743186220440904,1.11791412216889e-29
5.9350000000000005,-5.464815168340751e-17,-0.00197659135857009,-1.2206253245211192e-16,2.0858203945188462e-17,0.0036136421610564184,6.371348224766039e-17,9.188193543402583e-18,-38.72071118390131,-3.01839363035967e-29
5.94,2.6973215974202493e-14,-0.0011069364244065127,7.240121267223392e-15,-7.3638881187925e-15,0.001875270875473234,-1.424718154526705e-15,1.6516472098134273e-15,-37.63293885633885,6.249702912993949e-27
5.945,-2.716428022028989e-14,-0.00020289710904819458,-7.109391639803428e-15,7.414863687892684e-15,7.041883457503673e-05,1.4531506917431588e-15,-1.6321657285476974e-15,-36.478894192447484,-6.238992344625874e-27
5.95,-7.567769161545882e-17,0.0007313620925231135,-1.3044142619062623e-16,2.9743089398768024e-17,-0.0017925765527451176,6.739811404541638e-17,6.783576372062552e-18,-35.257870498749654,-3.026509537815819e-29
5.955,2.6956505251933062e-14,0.0016909603207295731,7.263042356747445e-15,-7.359536734473084e-15,-0.0037039733834589583,-1.4294060712117767e-15,1.6504249231673341e-15,-33.969460491283165,6.2298140348251505e-27
5.96,-1.356448760002487e-16,0.0026703044658091812,-4.272257949139577e-18,4.8341745987493055e-17,-0.005652637449898634,3.285714305105038e-17,4.187404941201024e-18,-32.61358560111162,-4.650188529477431e-29
5.965,-1.2457657876776837e-16,0.0036631124386872216,1.1006285548276358e-17,4.0981622724734904e-17,-0.007626088835579026,2.943939271152546e-17,5.458941978054663e-18,-31.190522954649538,-1.5681583363841207e-29
5.97,-1.0985322608276866e-16,0.0046624490900057936,2.772578761523559e-17,3.176433725107227e-17,-0.009610576203812116,2.5801198466180174e-17,7.075836550740337e-18,-29.70092944690311,-3.35742030211863e-29
5.9750000000000005,-1.1724044858044623e-16,0.005660783099472155,-3.0385225903014426e-16,6.078074302105386e-17,-0.011591195108863417,1.123409359129657e-16,-1.5516611212698033e-18,-28.14586232373405,-1.2418190377870512e-29
5.98,5.395188972623739e-14,0.006650064107290632,1.4559397788080483e-14,-1.4725306239150034e-14,-0.013552035144101637,-2.9025848149106787e-15,3.2881316020482874e-15,-26.52679571116006,1.2404677003620284e-26
5.985,-7.377523530342091e-17,0.007621811563438996,-2.736608691068191e-16,3.5787585128617646e-17,-0.01547636521102902,1.0549039088313352e-16,2.799553421050747e-18,-24.845632561930937,-4.1486996607579554e-29
5.99,-5.434103381363996e-14,0.008567228047965614,-1.4201685377338923e-14,1.4846202247720812e-14,-0.017346852375780486,2.865730305975867e-15,-3.2828868913707895e-15,-23.104711540240935,-1.2516300636679311e-26
5.995,-1.3068164377458023e-16,0.009477321603384325,-2.96315057739027e-16,6.506271281103737e-17,-0.019145806972886703,1.0736314125218694e-16,-3.287575732658819e-18,-21.306808437472768,-6.486542723316707e-29
6.0,-9.641860353127807e-17,0.010343048057265491,-2.7133126382135575e-16,4.566118192736816e-17,-0.020855461698246813,1.0105457251508213e-16,1.5446067030324293e-19,-19.455131793115637,-7.730645882977656e-29
6.005,-1.8139342078616433e-16,0.011155456238768124,-3.1092081606427205e-16,9.088020312047423e-17,-0.02245825889478681,1.0647622558563039e-16,-8.826926272108559e-18,-17.55331250267015,-9.121383493807485e-29
6.01,-3.9720328670431523e-16,0.011905847482026388,7.009144497452733e-16,1.186672173685616e-16,-0.02393716041670757,-1.6980233182797528e-16,-4.617997656266477e-18,-15.605387301801166,-8.257001268573615e-29
6.015000000000001,-9.07412935908782e-17,0.012585933776662728,-2.45939903789996e-16,4.0146996556559256e-17,-0.025275960491043747,8.981997233456231e-17,1.324096634103565e-19,-13.615776147914747,-1.056831312382224e-29
6.0200000000000005,-1.6969450075615506e-16,0.013187995744104342,-2.8092041016681525e-16,8.236283579288393e-17,-0.026459591053651366,9.404775055319853e-17,-8.448472685890738e-18,-11.589253650330196,-8.55349672479237e-29
6.025,-5.4349174093418013e-14,0.013705036633837153,-1.4504309501472486e-14,1.4872420483243566e-14,-0.02747442277129153,2.933527571166328e-15,-3.2936432000772364e-15,-9.53091483536657,-1.2597473458088855e-26
6.03,-1.0317940819079346e-17,0.014130923785330651,-9.421227206251205e-16,5.4747643144436825e-17,-0.02830853962349522,2.6907614098044986e-16,-1.1026010439924547e-17,-7.446135671084221,-1.7165325073174565e-29
6.035,-5.4537552892584344e-14,0.01446051825075756,-1.3809256302628573e-14,1.4911858164270293e-14,-0.02895198883466321,2.7381727728667063e-15,-3.2956336617766386e-15,-5.340528902164195,-1.2603039934235753e-26
6.04,-7.215149557924821e-18,0.014689783757702912,-9.244720107041582e-16,5.221535484384985e-17,-0.02939699058225642,2.595019817511404e-16,-1.2025691442883701e-17,-3.2198958676520775,3.991034444059947e-29
6.045,-5.4528586001153893e-14,0.014815874561250553,-1.377944805420387e-14,1.490564243616841e-14,-0.02963810612237694,2.7256017942920794e-15,-3.2960212072004877e-15,-1.0901750763934572,-1.2574749570223037e-26
6.05,1.362965335502861e-17,0.014837198478787172,-8.94578765346822e-16,4.02703708674665e-17,-0.029672358268697963,2.4748181066616424e-16,-1.152976935640336e-17,1.0426115980890032,1.0596416104355823e-28
6.055,-3.1023424187183814e-16,0.014753452283329693,1.0790616510514193e-16,1.235898225445473e-16,-0.02949929325058065,-3.167802770914614e-17,-1.823689927118192e-17,3.1724141771553676,-1.1224901645743937e-28
6.0600000000000005,-2.1677078531961042e-16,0.01456562950735929,1.641539819199189e-16,7.295647241238662e-17,-0.029120995738352917,-4.514999720958526e-17,-9.62987945306006e-18,5.293210327948973,-6.881473551163892e-29
6.065,-1.0807738629780828e-13,0.01427599817087355,-3.033234128111901e-14,2.956666336925772e-14,-0.028542040149076797,6.194452237713018e-15,-6.584022469450387e-15,7.399060625710508,-2.489221231563925e-26
6.07,-1.3013772493264335e-16,0.013888053126464683,-5.345327371851258e-16,8.616228673742888e-17,-0.02776939266612999,1.3634597765145564e-16,-2.1372776183701568e-17,9.48416236477901,-4.8402790677976276e-29
6.075,1.0811376761529249e-13,0.01340643862759805,2.9385958771437515e-14,-2.955241712793342e-14,-0.026812260440522095,-5.9408133647246e-15,6.571289448703529e-15,11.54290099158112,2.4888040400051257e-26
6.08,-3.7795104190393105e-16,0.012836852572377211,1.0610555001270702e-16,1.6164509891747122e-16,-0.025681898048773633,-4.5304557675058925e-17,-3.1937252126349274e-17,13.569898299944086,-1.1375330769422945e-28
6.085,-2.6883909328643004e-16,0.012185922397804916,1.6797021285681952e-16,1.0266615835932048e-16,-0.02439136865380931,-6.008182834519547e-17,-2.205109560636272e-17,15.560056610594355,-9.98112633352588e-29
6.09,-1.5576133884287488e-16,0.011461072936178596,2.2520184726646414e-16,4.2423963255856625e-17,-0.02295527874122172,-7.237746737292246e-17,-1.2060052630717135e-17,17.508598267015344,-1.375513910434512e-28
6.095,-1.084659642760268e-13,0.010670374671612137,-2.964401556796576e-14,2.971213176742033e-14,-0.021389487709640775,5.984133648338923e-15,-6.612948121407952e-15,19.411099892939728,-2.4991750469155033e-26
6.1000000000000005,1.07940357466184e-13,0.00982238769321242,2.998379900749987e-14,-2.950920515815399e-14,-0.01971079787674057,-6.116372921826231e-15,6.561257538765737e-15,21.26352098990384,2.4823572366558352e-26
6.105,-1.0866710991827018e-13,0.008926003027589502,-2.899282088237828e-14,2.97632146920673e-14,-0.017936647848429743,5.800852271463548e-15,-6.6193992277201505e-15,23.062226588278904,-2.5035501271742323e-26
6.11,1.0830906388791162e-13,0.007990281130837218,2.8405364675551696e-14,-2.9567579953485303e-14,-0.01608479807310914,-5.691508040152784e-15,6.553313870367744e-15,24.80400379770256,2.4870135357774234e-26
6.115,-5.471434121513004e-14,0.007024298638327764,-1.3165515201130285e-14,1.4961059777260853e-14,-0.014173032912253802,2.524914426364456e-15,-3.320664580403861e-15,26.48607224051684,-1.2567730165517503e-26
6.12,5.068506597298414e-17,0.006037003731606205,-9.774888926001288e-16,3.896375723138326e-17,-0.01221887897253282,2.389495304097959e-16,-3.323700361116315e-17,28.106088473809372,-7.497249015252965e-30
6.125,5.388997954195852e-14,0.005037082781463198,1.472194694251876e-14,-1.4697293551956005e-14,-0.010239345814227363,-3.005732063830833e-15,3.2538946258194317e-15,29.662144621291937,1.2350961334454968e-26
6.13,-5.4362404739606946e-14,0.004032840456581255,-1.4009153865965123e-14,1.485419365230113e-14,-0.008250695236753813,2.7563605334744586e-15,-3.3145304063639564e-15,31.152761537770928,-1.2458790953751727e-26
6.135,-5.40768471203425e-14,0.0030320994366377363,-1.5097289390264884e-14,1.4798112736004145e-14,-0.006268245580230314,3.0524001630854516e-15,-3.316472870577533e-15,32.5768769154071,-1.2271771496559877e-26
6.140000000000001,-1.4254965842299613e-16,0.0020421146287290526,2.2886523961736586e-16,4.37093487629117e-17,-0.004306206564237414,-8.981789805152639e-17,-2.958515480707297e-17,33.933828807404595,2.0028496686981402e-29
6.1450000000000005,-5.4220442403784574e-14,0.0010695087921561708,-1.4530547568345374e-14,1.4826982305352083e-14,-0.0023775523329732096,2.8965260023270727e-15,-3.3197499995107756e-15,35.22333509949514,-1.2450464315735294e-26
6.15,-1.3855337601513978e-16,0.00012022316094828511,2.180131870897554e-16,4.421347552358276e-17,-0.0004939308539775311,-8.777037001417963e-17,-3.316922304638313e-17,36.44546949106941,-4.9861044249356594e-29
6.155,-5.4216470044633674e-14,-0.000800509325671328,-1.4504482408747794e-14,1.482458486328447e-14,0.0013343944676904584,2.889139446577684e-15,-3.322350745802082e-15,37.60063456729594,-1.2440943449501541e-26
6.16,-1.302171347258826e-16,-0.0016881788531435404,2.0705503149958855e-16,4.2387658848660035e-17,0.0030985677714454596,-8.503110037508324e-17,-3.61573538097654e-17,38.68953254457559,-2.4052639942847488e-29
6.165,-5.420908535941958e-14,-0.0025389941382734094,-1.447683601338766e-14,1.4820207728769048e-14,0.004791133623228916,2.8819946888914044e-15,-3.324387581167999e-15,39.71313426154541,-1.2472308719746489e-26
6.17,-1.1844878678293493e-16,-0.0033498661315967126,1.954358210002253e-16,3.8770720573747885e-17,0.006406005683714966,-8.14459004322398e-17,-3.862317080384718e-17,40.67264696303117,-2.0431473753052013e-29
6.175,-5.4199326885728405e-14,-0.004118378784632171,-1.4448415575266133e-14,1.481446987738071e-14,0.007938409076984954,2.8752856886728782e-15,-3.325954136662714e-15,41.56948139321031,-1.236831388567157e-26
6.18,-1.0421817074450602e-16,-0.004842747704895345,1.8272920964951527e-16,3.391478221797012e-17,0.009384800429799611,-7.693684228742229e-17,-4.064699121971383e-17,42.40521867285062,-1.4063494637094177e-29
6.1850000000000005,-5.418822358372581e-14,-0.005521774482133424,-1.441986664187231e-14,1.480796575149816e-14,0.010742778459800206,2.8691278500413763e-15,-3.3271442955678452e-15,43.181577387781246,-1.2467257541702142e-26
6.19,-8.843946777768192e-17,-0.006154792330058001,1.6866351066492373e-16,2.8325465616310364e-17,0.012010977533236655,-7.149658472433857e-17,-4.2306096133520174e-17,43.900381269743235,-2.270749521478035e-29
6.195,-5.417669385416326e-14,-0.006741604185380723,-1.4391657392014564e-14,1.480121491635347e-14,0.013188950753630024,2.8635668069817747e-15,-3.3280438885772034e-15,44.56352779757265,-1.2457893591826974e-26
6.2,-7.189053836533446e-17,-0.007282425991125052,1.5312225121677397e-16,2.242305887349957e-17,0.014277053290072672,-6.517585799031333e-17,-4.366827904757758e-17,45.17295799378172,-8.363575898397702e-30
6.205,-5.416548367891907e-14,-0.007777819039182177,-1.436408646788524e-14,1.4794633324167664e-14,0.015276318630888852,2.858592542738189e-15,-3.328725775204127e-15,45.73062764734598,-1.2426359126045635e-26
6.21,-5.5170621749185693e-17,-0.008228631243023088,1.3612624882076483e-16,1.6524289150755588e-17,0.01618833484484128,-5.806771453135063e-17,-4.478858386635294e-17,46.238480140904514,-1.335901653293996e-29
6.215,-5.4155141671007986e-14,-0.008635932311063854,-1.433730659179393e-14,1.47885240618298e-14,0.01701512576452302,2.8541554305309147e-15,-3.3292479461710906e-15,46.6984210214874,-1.2450181889453018e-26
6.22,-3.869153712652691e-17,-0.009000956654613645,1.1780496642349828e-16,1.0841346202784098e-17,0.017759035301388337,-5.029157350924045e-17,-4.570868350811899e-17,47.11229441243266,-1.560762359679402e-29
6.2250000000000005,-3.062231104260399e-17,-0.009325046276785542,1.0798544594914637e-16,8.151248797150824e-18,0.018422616631376343,-4.609039910709583e-17,-4.610878950271867e-17,47.48186133195317,-1.145804301339381e-29
6.23,-5.4142144619998756e-14,-0.009609597593340347,-1.42989270951904e-14,1.4780751699897336e-14,0.01900852939166242,2.8484322810627096e-15,-3.3298399561272894e-15,47.80877995319808,-1.2429574380339878e-26
6.235,2.707815913517499e-14,-0.009856014887140496,7.154540936921411e-15,-7.390914438147923e-15,0.019519445868695584,-1.4467587777641133e-15,1.5947965549845218e-15,48.09458781705486,6.222997945877852e-27
6.24,-2.707170067347983e-14,-0.01006566530998132,-7.098430476537823e-15,7.388768995956592e-15,0.01995796361484281,1.4059768188635964e-15,-1.6886324639843048e-15,48.340685991206485,-6.215948960944178e-27
6.245,3.005556531396745e-17,-0.010239839449194932,-5.0144949169111e-17,-7.483449891756754e-18,0.020326529258376524,3.312118881750897e-18,-4.73773353201102e-17,48.54832515305069,7.085308318120037e-30
6.25,1.2484608415264874e-17,-0.01037971879937416,3.2614716315395894e-17,-4.6432012610819086e-18,0.02062737132393977,-1.7640039611961136e-17,-4.762082249885169e-17,48.718593565668805,3.2207626776875795e-30
6.255,3.21520349266736e-17,-0.010486344359151634,-2.7519835259275906e-17,-9.162912061902969e-18,0.020862441518936237,3.82676358972631e-19,-4.783816704428811e-17,48.85240691129198,1.0163537783308495e-29
6.26,2.273456866109729e-17,-0.010560594883667562,2.2154922618438798e-17,-7.78638590373977e-18,0.021033369109034084,-1.1552931612719562e-17,-4.803316513633247e-17,48.95049994294824,7.394592399461967e-30
6.265000000000001,-2.7048816546544883e-14,-0.010603166739408643,-7.102905137937124e-15,7.380584487989097e-15,0.02114142094397664,1.4153509529019428e-15,-1.6895218166709774e-15,49.013419919852694,-6.210448901309894e-27
6.2700000000000005,3.216782745754246e-17,-0.010614558799701523,1.1699458993529268e-17,-1.0496544018827752e-17,0.0211874733120041,-5.493737076926973e-18,-4.834490927863389e-17,49.04152179365037,8.738139352750558e-30
6.275,-2.704544601528878e-14,-0.01059506503549601,-7.091155540315936e-15,7.379178353400308e-15,0.02117199390776392,1.4153508566194356e-15,-1.689776197934675e-15,49.034965120180765,-6.209214251342662e-27
6.28,4.097062431807417e-17,-0.010544768494253454,1.3396942301694227e-18,-1.2856805153722869e-17,0.02109503254324352,5.195667519935027e-19,-4.8558203369559025e-17,48.99371268053706,1.1096444528230109e-29
6.285,-2.7047011722397854e-14,-0.010463543285661014,-7.06465834794065e-15,7.379118817250888e-15,0.020956221218760618,1.4112809494958885e-15,-1.6899826510046138e-15,48.91753080276527,-6.2085600694927656e-27
6.29,4.382813151657745e-17,-0.010351058372713773,1.1545896905048917e-17,-1.3816642456623062e-17,0.020754785339448745,8.929741999571487e-19,-4.8684184655265635e-17,48.80599138652099,1.1755840757611152e-29
6.295,4.617911572357454e-17,-0.010206788537784561,1.2082125970636478e-17,-1.43869175628138e-17,0.020489561208307805,2.2904069379651708e-18,-4.872307663229677e-17,48.658475642031796,1.3839330990237523e-29
6.3,4.826412452774669e-17,-0.01003002961723265,1.2656210016937565e-17,-1.4821485845604204e-17,0.020159028389400646,3.650409028109107e-18,-4.87529078424249e-17,48.47417956302509,1.862599447708609e-29
6.305,2.71226705930015e-14,-0.009819917180948323,7.156744530356329e-15,-7.404858439728289e-15,0.019761345315735923,-1.425268413013206e-15,1.5927723292453788e-15,48.25212116292474,6.239682995716764e-27
6.3100000000000005,5.130017612030464e-17,-0.009575451748307984,1.396788658573361e-17,-1.5142362411643256e-17,0.01929439962089674,6.1838641406867285e-18,-4.8811956347568354e-17,47.9911495064135,4.940249432935923e-30
6.315,5.226948326427636e-17,-0.009295527386849578,1.454289779308252e-17,-1.5015423418983752e-17,0.018755866410053557,7.43421199070525e-18,-4.88462253797276e-17,47.68995557462088,2.3945940225708337e-29
6.32,5.284181997544168e-17,-0.008978967171010765,1.5077706715759e-17,-1.468587725510898e-17,0.018143275221703448,8.662212500358688e-18,-4.8886715429636696e-17,47.347085001060904,2.0594331085985877e-29
6.325,5.2978378950685915e-17,-0.008624558655327519,1.5542229453353503e-17,-1.413341804657025e-17,0.017454085835744593,9.875497511271382e-18,-4.893749237951356e-17,46.96095271380264,3.5443753444254673e-31
6.33,5.2640114073391416e-17,-0.008231100617569709,1.5902496563238303e-17,-1.3337338257512383e-17,0.01668577662810833,1.1083312628030822e-17,-4.900254360355497e-17,46.52985950995586,-1.0206893867331428e-29
6.335,5.1789495201549596e-17,-0.0077974466184596025,1.6121183023188638e-17,-1.2277389822555798e-17,0.015835936948576546,1.2296477452735379e-17,-4.90856325668297e-17,46.0520105817553,3.253080332173205e-29
6.34,5.039249108453087e-17,-0.007322559217373126,1.6158311908138792e-17,-1.093476994650615e-17,0.014902371372421896,1.352729704712607e-17,-4.919013207182501e-17,45.5255359924349,2.711392434851274e-29
6.345,1.0845167038394625e-13,-0.006805560140694666,2.8303764711951073e-14,-2.960179741030478e-14,0.013883204851993014,-5.626592046841203e-15,6.520351491950456e-15,44.94851308479194,2.4929902655091848e-26
6.3500000000000005,-5.4010882083763296e-14,-0.006245790641312254,-1.434362652794586e-14,1.4733268704606136e-14,0.01277700219607425,2.898728219033146e-15,-3.3262409524777963e-15,44.31899077313463,-1.241941224691504e-26
6.355,1.2626032534138293e-16,-0.005642866519309564,5.083379892610697e-17,-4.9975007241947746e-17,0.011582879984615602,1.0718735224937471e-17,-4.1108779777505925e-17,43.63501564578664,3.3194997809387305e-29
6.36,1.2201470619690591e-16,-0.004996742124248499,5.245532503110415e-17,-4.7620220439434186e-17,0.01030063522432556,1.0857236071292007e-17,-4.1205805342853185e-17,42.894659760568175,8.916952979724739e-29
6.365,1.1605242599825527e-16,-0.004307763735472037,5.348646400268901e-17,-4.441781561278783e-17,0.008930856808106569,1.101994455141102e-17,-4.1409210784297503e-17,42.09604998544124,7.089679211381665e-29
6.37,1.0831519322561134e-16,-0.0035767317984003455,5.380647967068728e-17,-4.03272267604512e-17,0.007475048631008008,1.1250105474634117e-17,-4.172535213058787e-17,41.23739868035204,1.0067942766040428e-28
6.375,9.877903130903177e-17,-0.0028049534044498614,5.32979950819993e-17,-3.5323867960089386e-17,0.005935739410929841,1.1593760770708216e-17,-4.2157851923804626e-17,40.317035478496976,1.574814431407673e-29
6.38,8.746068107220958e-17,-0.00199429201773782,5.1851481027694485e-17,-2.9402616654269315e-17,0.004316583274984964,1.2098584589185163e-17,-4.2707009169373795e-17,39.33343986901482,5.0379663339602513e-29
6.385,7.44233820279798e-17,-0.0011472106696075457,4.9370126240392436e-17,-2.258106495404271e-17,0.0026224515990804775,1.2812464853538726e-17,-4.336924224114485e-17,38.28527423321209,3.819279824932862e-29
6.390000000000001,5.4439669816399486e-14,-0.0002668090758071173,1.4090359494193176e-14,-1.4892255444144572e-14,0.0008595054525954993,-2.773700949654249e-15,3.254637789722397e-15,37.17141693680043,1.256916182442061e-26
6.3950000000000005,-5.406034599538051e-14,0.0006431533968225267,-1.4147848038615408e-14,1.4743623111243906e-14,-0.0009647512214030485,2.850196798297277e-15,-3.321867079308357e-15,35.990995031679844,-1.2370224143921011e-26
6.4,6.476917915957001e-17,0.001578242288410081,3.495849404276627e-16,-4.209690946702629e-17,-0.0028414403888206152,-6.613867411649578e-17,-3.4632458733694845e-17,34.743416075488895,-2.0595065238237898e-30
6.405,5.439857816944749e-14,0.0025333496890525,1.4066023457339341e-14,-1.4870673125689422e-14,-0.0047603079901392675,-2.769446016779775e-15,3.2530562939159323e-15,33.42839854141569,1.2607051833740662e-26
6.41,1.328863006465996e-17,0.003502706437657821,3.566150815493358e-16,-1.79280740392256e-17,-0.006709750067273035,-7.080753750086815e-17,-3.6988036466755786e-17,32.04600025871329,2.0103954315667137e-28
6.415,3.2881569297961153e-16,0.004479914573252586,-4.2997970718458283e-16,-1.1440342043766873e-16,-0.008676871278794351,1.480438276868173e-16,-2.5754894393622734e-17,30.59664430773351,1.5331983894292105e-28
6.42,7.514192689418401e-17,0.005457993670574979,4.1545563547820763e-16,-5.5160760877739575e-17,-0.010647580319826488,-8.512055046670756e-17,-2.7205089977883e-17,29.081141785332598,1.340772849164662e-28
6.425,-5.411112401544501e-14,0.006429445679053458,-1.4133837276462663e-14,1.4763851455927148e-14,-0.012606715352646347,2.841725449439691e-15,-3.3188486535764454e-15,27.500710864526674,-1.2455919942246458e-26
6.43,5.4392966234780465e-14,0.007386336666300508,1.406286604855434e-14,-1.4871359388942927e-14,-0.01453821003782707,-2.771841492912472e-15,3.2594936295801503e-15,25.856991597384713,1.2402847616156783e-26
6.4350000000000005,4.268750044941363e-17,0.008320393550356187,9.763706092365229e-17,-1.6719663367047636e-17,-0.01642528799231968,-5.397232304057113e-18,-3.283364617478237e-17,24.152055948657605,1.2581685033178314e-28
6.44,-1.0803533414573495e-13,0.009223119520619605,-2.892475082934907e-14,2.946806341894426e-14,-0.018250692663698942,5.840704948364199e-15,-6.588419479616327e-15,22.388412608500467,-2.4861350220870824e-26
6.445,-1.0857727603289147e-13,0.010085917800452648,-2.7051459456978184e-14,2.958982350304954e-14,-0.019996942953412145,5.325521671007406e-15,-6.590862064243295e-15,20.569006204826238,-2.4883533885075456e-26
6.45,1.85474975362794e-16,0.010900229716668264,1.8979633331344143e-16,-9.953041946109649e-17,-0.021646608309282556,-2.761022106227144e-17,-1.1260025127019004e-17,18.697210630071037,1.2294367534771625e-28
6.455,1.3436348341234805e-16,0.011657679753390937,1.759203837333632e-16,-7.451489943618214e-17,-0.023182607768362118,-2.81488450539385e-17,-1.3839416591146535e-17,16.776816303565177,-2.068245328746013e-29
6.46,8.036026464314952e-17,0.01235022416093301,1.5820835092741871e-16,-4.768760470978471e-17,-0.024588508979164203,-2.74916390233656e-17,-1.6659091272327814e-17,14.812011307292174,1.0432708349672706e-29
6.465,2.4670693572245492e-17,0.012970300037771665,1.369454600445866e-16,-1.962816098261049e-17,-0.025848839075393926,-2.560364957220052e-17,-1.9625034797608384e-17,12.807356465618238,-1.4838677886389066e-28
6.47,-3.142031761421956e-17,0.013510971856149467,1.1253401037020344e-16,9.032105679455646e-18,-0.02694937818723986,-2.249108797326301e-17,-2.2634495682208798e-17,10.767754569573714,-4.567679731313102e-29
6.4750000000000005,1.0886323507906447e-13,0.013966068157543532,2.8094562184022764e-14,-2.980486013470581e-14,-0.027877446378369086,-5.565035393836925e-15,6.587528568098362e-15,8.698414086374708,2.5449896752124616e-26
6.48,-1.0835592866975334e-13,0.014330307759820471,-2.831684938950597e-14,2.9567213503727166e-14,-0.02862216015913077,5.6535829056202325e-15,-6.58232149749668e-15,6.604807825253545,-2.4936694860458807e-26
6.485,-1.0848487673064854e-16,0.014599409937929408,8.675981618653423e-16,-1.7474504262736656e-17,-0.029174662631632486,-2.306794763099085e-16,-2.304278509818927e-18,4.4926271590830815,3.9217520764679977e-29
6.49,9.450580383256897e-17,0.014770184219742077,-1.780520511322728e-16,-3.795431895106375e-17,-0.029528310911800304,5.0259631650630524e-17,-5.659585351387088e-18,2.3677325130180975,2.226283503586771e-28
6.495,5.432442583337242e-14,0.014840598593167442,1.4475983619422537e-14,-1.4889226709797117e-14,-0.029678817307726035,-2.905302814220132e-15,3.297350112795426e-15,0.23610093087410888,1.2468941305441542e-26
6.5,-5.4318198606251683e-14,0.014809823961343227,-1.3747004124903957e-14,1.481395198249019e-14,-0.02962434596942387,2.7064544765092846e-15,-3.2890894589580485e-15,-1.8962283919271847,-1.2589942647819232e-26
6.505,8.679525081961294e-17,0.01467824981560284,2.2188055362945002e-16,-7.036865671241421e-17,-0.0293655491901319,-6.135784653310519e-17,1.3513443821617025e-17,-4.023209667737351,6.364831298387833e-29
6.51,1.7480498236702186e-17,0.014447477843475554,1.9179858318920355e-16,-3.478364219418479e-17,-0.028905557421836647,-5.863486772838725e-17,1.000977339917051e-17,-6.138846193228172,-2.5675162557625893e-29
6.515000000000001,-4.98820122384734e-17,0.014120284997900967,1.5879985081178482e-16,3.272991901533145e-19,-0.028249906555487314,-5.444000111316649e-17,6.6032176272114865e-18,-8.237245169967059,-1.8613812110911845e-28
6.5200000000000005,3.280396238032038e-16,0.013700564271786675,-3.974365131069518e-16,-1.4597913212507319e-16,-0.02740642212681621,1.0487410544695872e-16,3.134952716445556e-17,-10.312670713598493,1.8632385936986146e-28
6.525,-5.445738737825642e-14,0.013193240375017012,-1.3433110634259496e-14,1.48522756897628e-14,-0.026385049065396515,2.608165644005826e-15,-3.2764321591738298e-15,-12.359594149839,-1.2462854078072238e-26
6.53,5.4415191054455824e-14,0.01260416818749377,1.3809861074337974e-14,-1.489088456100117e-14,-0.02519764387115231,-2.740831123392959e-15,3.3143726537309577e-15,-14.372740763940651,1.2525423429330361e-26
6.535,5.408576991057019e-14,0.011940010602558004,1.4759196730456595e-14,-1.4802162001122495e-14,-0.023857728715498183,-3.0058041001517627e-15,3.310737735451455e-15,-16.34713226678841,1.2511793192938289e-26
6.54,-8.112033450230535e-17,0.01120810543176276,5.266429826715495e-16,-1.8171735576586364e-17,-0.022380218900877935,-1.623712905794393e-16,3.059730101498378e-17,-18.278124348792808,4.6808153511574394e-29
6.545,-5.4280027218338724e-14,0.010416321781548277,-1.4090676404626039e-14,1.481236778948649e-14,-0.020781130241743995,2.7812394223696738e-15,-3.261729069951617e-15,-20.161438817712032,-1.2528404790333939e-26
6.55,1.601663564133141e-16,0.009572913709149589,-4.25014605994355e-16,-6.449403071524537e-17,-0.019077277072867105,9.499772017204587e-17,3.663577495001891e-17,-21.9931899476608,3.658840790371467e-28
6.555,-1.4507571150771372e-16,0.008686368991476456,4.720044239255616e-16,1.694701110162513e-17,-0.01728596558179163,-1.5423226623945306e-16,3.3694996779488763e-17,-23.76990480406411,-3.256292557613448e-29
6.5600000000000005,1.462005961901008e-16,0.007765265718362002,-4.09067080740207e-16,-5.922105346396861e-17,-0.015424695143380518,8.780526862280089e-17,4.234673235973837e-17,-25.488537442427386,-3.458413027453998e-29
6.565,-1.4640470661225214e-16,0.006818131154588514,4.553933886672297e-16,1.8691307102319268e-17,-0.01351087018547048,-1.520880365281108e-16,3.9609084637987875e-17,-27.14647701209939,3.9391157579099305e-29
6.57,2.718152346774808e-14,0.005853312207733552,6.704196830021068e-15,-7.427421981340996e-15,-0.011561534771800552,-1.3378416864128928e-15,1.6859747030912294e-15,-28.741549915496833,6.215435103327488e-27
6.575,2.7052082871340355e-14,0.004878859870458996,6.966554132374792e-15,-7.383370300911708e-15,-0.009593131127374477,-1.4126242661618993e-15,1.6834595914584603e-15,-30.27201628499378,6.254915795453499e-27
6.58,2.7095419766878855e-14,0.0039024238745355433,6.9966879960745375e-15,-7.4069252548769e-15,-0.007621285120023913,-1.4191663574118314e-15,1.6908620841879472e-15,-31.736561135700015,6.2830293699106074e-27
6.585,-7.349318030675914e-17,0.002931168399385342,1.4388206973535487e-16,7.833609618559041e-18,-0.005660630851217263,-6.958514660535504e-17,5.026307327144636e-17,-33.134280629172856,6.290120583110907e-29
6.59,-2.713068251390184e-14,0.0019716996586396363,-7.113336970123016e-15,7.398797459240627e-15,-0.003724660548158454,1.3909894041578271e-15,-1.589988936639021e-15,-34.464663950292646,-6.1260401423649476e-27
6.595,-7.259865591720629e-17,0.00103001368692901,1.3395938342796353e-16,9.317960347057574e-18,-0.0018256185024299043,-6.700760577096232e-17,5.5018045709098525e-17,-35.727571339021814,7.652474685882379e-29
6.6000000000000005,-2.7126672250876972e-14,0.00011146117891769336,-7.113127949430655e-15,7.398083044931592e-15,2.5576377318259347e-05,1.3912537477000084e-15,-1.5849807556483997e-15,-36.92320885112909,-6.138862023203415e-27
6.605,2.6948945511845007e-14,-0.0007792763278757775,7.338106235406399e-15,-7.35799284879802e-15,0.0018193726237569763,-1.5148368024910817e-15,1.6977102243291478e-15,-38.05210043189126,6.195615204252273e-27
6.61,-2.7120989779558522e-14,-0.0016381872716237922,-7.112616699387464e-15,7.396752335577896e-15,0.0035475979480423803,1.3920136826607837e-15,-1.5804008840872596e-15,-39.11505788226911,-6.251124336712217e-27
6.615,4.058323771983096e-14,-0.0024619257341811362,1.0616106586143922e-14,-1.1076783389359486e-14,0.005203440263372272,-2.1481340363582604e-15,2.524031359380377e-15,-40.11314928408782,9.356832153177602e-27
6.62,1.3446914731598249e-14,-0.003247786375823125,3.647882614938228e-15,-3.6688825601296155e-15,0.0067814074508874,-7.660570653453298e-16,8.827297259472277e-16,-41.04766642034651,3.1025221272335153e-27
6.625,-4.063721600103451e-14,-0.003993677453848932,-1.07772987130811e-14,1.1090993260500882e-14,0.008277261100964495,2.1338389981389503e-15,-2.396417981081664e-15,-41.920091693106336,-9.250865579107523e-27
6.63,1.3455020221990074e-14,-0.004698077293056713,3.695417612090005e-15,-3.67483401491493e-15,0.009687937015669945,-7.767815010937449e-16,8.874473325041211e-16,-42.73206499648491,3.1159245469901547e-27
6.635,-7.799712661332982e-17,-0.005359989363050488,2.4012451535436823e-17,2.6489054581751283e-17,0.011011445579722334,-3.469294775340474e-17,6.605830651469529e-17,-43.48535095574336,7.034205758498995e-29
6.640000000000001,1.349641176183565e-14,-0.00597889013977948,3.502412876686764e-15,-3.678847594787282e-15,0.012246769735135388,-7.229075126339391e-16,8.89056047996606e-16,-44.1818068935069,3.172949463101638e-27
6.6450000000000005,-2.7106274600759325e-14,-0.006554672042511811,-7.162083543127008e-15,7.398799037981946e-15,0.013393744194267754,1.410280180508464e-15,-1.5702843393695261e-15,-44.82335182993608,-6.1756715115923436e-27
6.65,1.3500687091855945e-14,-0.007087586477510399,3.5091876137299424e-15,-3.679956065482704e-15,0.014452942757664289,-7.227252649634415e-16,8.914911916080164e-16,-45.411936778072004,3.079195929925144e-27
6.655,-1.3573329228845926e-14,-0.007578185622286071,-3.562565581038737e-15,3.705153357153921e-15,0.015425552793910668,6.895912258617789e-16,-7.475602564041038e-16,-45.94951654102533,-3.0882850864235643e-27
6.66,1.34711054833261e-14,-0.008027261777854733,3.6067811946841476e-15,-3.67164399107486e-15,0.016313259436188332,-7.476438834746444e-16,8.926492323706317e-16,-46.43802317680077,3.1116871721595148e-27
6.665,-1.3572892509999939e-14,-0.008435794425771803,-3.5654791145117076e-15,3.706317555997354e-15,0.017118128653130782,6.923446301621335e-16,-7.462837095779553e-16,-46.87934125256106,-3.095479166050253e-27
6.67,-4.4350484666613214e-17,-0.008804892431022893,1.7955114748232957e-17,1.5209705631914627e-17,0.017842493536459614,-2.5122339617998383e-17,7.444554261040341e-17,-47.275284972118364,-7.589673381920342e-30
6.675,-1.3564804157316178e-14,-0.009135742084268372,-3.5611723145976516e-15,3.703104955541061e-15,0.018488851144240925,6.936535749717294e-16,-7.446274696268133e-16,-47.62757723113612,-3.1003236361401078e-27
6.68,1.348255727449407e-14,-0.00942956286751695,3.58608968069055e-15,-3.673666143739692e-15,0.019059762712439365,-7.375923341069152e-16,8.949293043552291e-16,-47.93783062487799,3.0805267730258057e-27
6.6850000000000005,-1.3573045657155416e-14,-0.009687558846160016,-3.524443361729893e-15,3.70505732772604e-15,0.019557765364595525,6.858319289808849e-16,-7.43946911214812e-16,-48.20753041141131,-3.113378120237729e-27
6.69,-3.42249700507079e-17,-0.009910880907519015,9.557053824762965e-18,1.2467021880863704e-17,0.01998528876992367,-1.8195857274422634e-17,7.61806436225571e-17,-48.438019417731546,-1.1776789178027809e-29
6.695,-1.3557403216113244e-14,-0.010100591391619673,-3.576391257991114e-15,3.7018083695100736e-15,0.020344583932020655,7.022782442858231e-16,-7.435335818066307e-16,-48.630484862828496,-3.1138023157647947e-27
6.7,1.3497495759817695e-14,-0.010257630721042688,3.5564888410429354e-15,-3.677634032262262e-15,0.02063766030467029,-7.248118528984731e-16,8.959469225964235e-16,-48.78594706369767,3.0958553682290625e-27
6.705,-1.3552688842201277e-14,-0.010382795411842949,-3.565920449063313e-15,3.6990902239817785e-15,0.020866233286639613,7.019872169659972e-16,-7.430144650298281e-16,-48.905249988240854,-3.109937237357541e-27
6.71,1.3499831309117634e-14,-0.01047671020798191,3.550674433393024e-15,-3.6782520205428426e-15,0.02103167805393724,-7.209614907766609e-16,8.958264490621557e-16,-48.989053615124796,3.0950452869254258e-27
6.715,-2.502384662259494e-17,-0.010539818051277905,-4.9822489495779e-18,9.528705080230695e-18,0.02113499817100717,-8.425813699712087e-18,7.631441444878524e-17,-49.037828069482124,-8.232453199729306e-30
6.72,-2.2771911910530356e-17,-0.01057236163652675,-2.470672687332322e-18,8.213218023205206e-18,0.021176799825493475,-7.839585329440713e-18,7.627565309202647e-17,-49.05184950111286,-6.940763892205432e-30
6.7250000000000005,-1.3552413925945098e-14,-0.010574379135988465,-3.5606586983589445e-15,3.6982197322767784e-15,0.021157276161124727,7.051335576101061e-16,-7.437471619143603e-16,-49.0311976861095,-3.112056159197425e-27
6.73,1.350600780237623e-14,-0.010545700653601386,3.5506890255001953e-15,-3.681674391667657e-15,0.021076202484293205,-7.161333748725869e-16,8.951659968993578e-16,-48.97575533706348,3.098805733539335e-27
6.735,-2.0885271146996786e-17,-0.010485949699329922,4.535868673842425e-19,6.446752217168212e-18,0.0209329418063664,-5.0783252435713835e-18,7.537040775188043e-17,-48.88520911832485,-5.3830885705543e-30
6.74,-1.3546680065935329e-14,-0.010394549590756696,-3.577554711746818e-15,3.695904069306695e-15,0.02072645413316465,7.1326308287869565e-16,-7.449401751447751e-16,-48.75905237134374,-3.109697636236706e-27
6.745,1.3499913922422566e-14,-0.010270735020995403,3.5821475222204735e-15,-3.68205846382968e-15,0.02045532481089296,-7.211397888080606e-16,8.938957386622593e-16,-48.596589566962635,3.0958635705668203e-27
6.75,-1.3537646788725476e-14,-0.010113567889504793,-3.622096933647665e-15,3.69400025759111e-15,0.020117792455772943,7.276354690300094e-16,-7.462860918942283e-16,-48.39694250597398,-3.1009125217308437e-27
6.755,2.702548692965719e-14,-0.009921958818623011,7.147336620220272e-15,-7.37186504487198e-15,0.019711795744878913,-1.4326482493579432e-15,1.7122569328786245e-15,-48.15905830082123,6.1985031525536925e-27
6.76,-1.3547862414840873e-14,-0.009694692196610788,-3.571686492890039e-15,3.6942497781265615e-15,0.019235021720120926,7.163989349159004e-16,-7.474175931948193e-16,-47.88171917167635,-3.094380043399689e-27
6.765000000000001,-1.3546271139537558e-14,-0.009430457810218229,-3.571327622203775e-15,3.692900059326656e-15,0.018684970482391705,7.175737241927996e-16,-7.480418960719325e-16,-47.56355409667043,-3.1002412412521023e-27
6.7700000000000005,-1.2557314465271194e-17,-0.009127885114502021,-5.029502693836354e-17,2.7182945499537286e-18,0.018059024354414532,1.681114729934701e-17,7.047463148680153e-17,-47.203052351345065,3.39430171655362e-29
6.775,-1.3541569069329235e-14,-0.008785586384291832,-3.643328228796899e-15,3.69458981982958e-15,0.017354532387194865,7.389887167716147e-16,-7.508594212169511e-16,-46.79857897163942,-3.093216629122615e-27
6.78,1.3492078522049712e-14,-0.008402197507223264,3.5933287164418845e-15,-3.683270136672704e-15,0.016568894409381585,-7.160673204255637e-16,8.882932940726864e-16,-46.348392161190596,3.115343891992798e-27
6.785,-2.137401376444151e-17,-0.007976431522202176,-2.5829958466062897e-17,3.015207595033122e-18,0.015699664063216545,1.3651357803469698e-17,6.754971215493906e-17,-45.850662657475056,2.8471591083280795e-29
6.79,-2.8302470712377825e-17,-0.007507128916344641,-3.1479723946213246e-17,5.993275943082413e-18,0.014744653246953732,1.6039840749006394e-17,6.582789185740045e-17,-45.3034950458336,-2.649427477061036e-29
6.795,1.3509851711816703e-14,-0.006993316045857512,3.4296734630631833e-15,-3.6820165772311444e-15,0.01370204435366773,-6.688582556347913e-16,8.831247109583482e-16,-44.704950993213075,3.1400437293291905e-27
6.8,1.3422911426034635e-14,-0.00643426322711349,3.823068025353387e-15,-3.6701441013777276e-15,0.012570505695677525,-7.743577581416646e-16,8.833870031233338e-16,-44.05307434191047,3.0583834978343116e-27
6.805,-1.3531720327744449e-14,-0.00582954695164517,-3.724985320833117e-15,3.6912315934727814e-15,0.011349317599808728,7.679726120497872e-16,-7.581816745963607e-16,-43.345917973233725,-3.0119616489132825e-27
6.8100000000000005,-1.3602595079560805e-14,-0.005179111854403118,-3.4980628863009706e-15,3.707767687479359e-15,0.010038488526831202,7.066727956565523e-16,-7.604056470105087e-16,-42.58157230885337,-3.0952373648026645e-27
6.815,2.7014331790885977e-14,-0.00448333156518288,7.06382804736488e-15,-7.369194143658358e-15,0.008638882212139265,-1.3970035482693636e-15,1.6975937486583156e-15,-41.75819528024476,6.24837227547934e-27
6.82,-1.1378149047298751e-16,-0.0037430701697900304,2.264881383053068e-16,2.3002563258478136e-17,0.00715232980888203,-4.8245615169015214e-17,5.696649509853535e-17,-40.874043545353246,-2.9742149345197215e-29
6.825,-2.7063759763732677e-14,-0.002959737459988787,-7.433105377671987e-15,7.390606430457909e-15,0.005581743926214244,1.5233415573278585e-15,-1.5870555939364171e-15,-39.927504686418644,-6.156770315784892e-27
6.83,5.4040544995025884e-14,-0.0021353407440471983,1.4351428236397608e-14,-1.474926425802349e-14,0.003931217238751117,-2.8636919328201784e-15,3.3339618766744747e-15,-38.91713006922011,1.2415564810294864e-26
6.835,-9.065391289102934e-17,-0.0012725310145782487,1.0141459946165598e-17,2.563074276130433e-17,0.002206110464356925,1.2452358539684023e-17,4.94470478544363e-17,-37.84166799465076,-3.0740600326797074e-31
6.84,-5.057881016402178e-17,-0.0003746352711146983,-1.0172859754103278e-16,1.363022870664733e-17,0.00041311602039684203,4.428958637519757e-17,4.873958183822507e-17,-36.700096720839774,1.385010432883458e-28
6.845,-2.7162529299896722e-14,0.000554314369281883,-7.087609639189611e-15,7.409303242121778e-15,-0.0014396897025079625,1.432334774471017e-15,-1.5942837695927707e-15,-35.49165689208688,-6.0239025673414734e-27
6.8500000000000005,-6.763402066226646e-17,0.0015095715369142226,-1.0948097453073694e-16,2.1128611070323778e-17,-0.0033428279999156985,4.722969250161131e-17,4.348767696149427e-17,-34.21588286206851,1.266434654568987e-28
6.855,-2.718296365461062e-14,0.002485675870190107,-7.086737564293772e-15,7.417864069933721e-15,-0.005285423338285966,1.4326506120164602e-15,-1.599798589015446e-15,-32.87263237071372,-6.151725238833995e-27
6.86,-8.240863522186525e-17,0.00347647107037119,-1.132810024098977e-16,2.739449153123842e-17,-0.007255241713835403,4.8825455275804614e-17,3.8210318098301435e-17,-31.462114004593616,8.510279263641379e-29
6.865,-6.381921482950834e-17,0.004475140682487222,-9.94925219908992e-17,1.651981624685161e-17,-0.009238763637384295,4.6517696256896386e-17,3.8144890674732654e-17,-29.98491185838254,6.545712831365033e-29
6.87,-9.251319732188412e-17,0.005474261105717915,-1.1321421192316e-16,3.137426491413779e-17,-0.011221290106931292,4.9388398919209596e-17,3.308976460437121e-17,-28.442006815018573,1.078074467149091e-28
6.875,-1.2195115609143852e-16,0.006465871272780532,-1.2562216090121808e-16,4.653834339982461e-17,-0.013187085341101579,5.158113459265707e-17,2.792195619085333e-17,-26.8347938758371,-9.647525352204008e-30
6.88,5.4088334664482124e-14,0.007441563932388817,1.4481196949559036e-14,-1.4789468986592725e-14,-0.015119557214319457,-2.8894909324147764e-15,3.322079057867449e-15,-25.165095002822707,1.2389594098865794e-26
6.885,-5.427985920856529e-14,0.008392591429085883,-1.434449524662382e-14,1.482536314723253e-14,-0.017001466271352683,2.8941629730765567e-15,-3.259376081975974e-15,-23.435166985464768,-1.2727644381149037e-26
6.890000000000001,-9.51486390452689e-18,0.00930998914539316,-4.105820483002621e-16,1.233600530350097e-17,-0.01881517113260145,1.3173846729149817e-16,2.4079060833179987e-17,-21.647703907260958,7.272189322896429e-29
6.8950000000000005,5.4021014082944515e-14,0.01018471028820045,1.4469889869902487e-14,-1.4755237569985266e-14,-0.020542895734990907,-2.8887194756133423e-15,3.308263818568075e-15,-19.805833873064408,1.2354091871743919e-26
6.9,-5.53546496202004e-17,0.01100777544550624,-4.378759765831772e-16,3.749450681511271e-17,-0.022167021367494044,1.370145633988233e-16,1.4035181241791047e-17,-17.913109753699768,2.75605745254173e-28
6.905,5.3978639597941565e-14,0.011770426386206623,1.4465605493878177e-14,-1.4733500057454928e-14,-0.023670388552432087,-2.889917445522998e-15,3.2989710036415956e-15,-15.9734938202714,1.240919199765559e-26
6.91,-9.765893652175744e-17,0.012464285449695467,-4.561170887617096e-16,6.04061171635624e-17,-0.025036610743967458,1.388767177325969e-16,4.254953174012042e-18,-13.991336260937516,2.422630075242584e-28
6.915,-5.4565881344386484e-14,0.013081515700505975,-1.3324068832689362e-14,1.4888239674061854e-14,-0.02625038475154895,2.612139118040907e-15,-3.2770393628616338e-15,-11.971347707339213,-1.2647324384850421e-26
6.92,-5.4055172705425173e-14,0.013614973260388297,-1.532697998392905e-14,1.479142930343139e-14,-0.027297790460892202,3.1579284011631185e-15,-3.281466163655022e-15,-9.918566033084634,-1.2454731368357414e-26
6.925,-2.715397737493483e-16,0.014058353693215508,6.161466461598581e-16,6.402409155474324e-17,-0.02816656990377453,-1.5257454433320164e-16,5.2607405388032894e-18,-7.838317821450142,-1.0819349363433053e-28
6.93,7.529725129044539e-17,0.014406323261880516,-7.333760171969393e-16,-2.1497550947641252e-18,-0.02884638661316785,2.1501700027803138e-16,1.4145935133349366e-18,-5.73617503058453,1.5475232766775406e-28
6.9350000000000005,-1.9760717835600792e-16,0.014654630994883178,2.8493903413862003e-16,5.475245959574611e-17,-0.029329038333557378,-6.436849179111291e-17,-2.227706400746735e-18,-3.6179075080352945,1.5009271496330548e-28
6.94,-5.426524142433683e-14,0.014800203278099389,-1.4656169732003572e-14,1.4846490716888024e-14,-0.029608638500505435,2.9692409766517674e-15,-3.297093223836428e-15,-1.4894321093471241,-1.2310314331492761e-26
6.945,-2.0221657454971374e-16,0.014841209597179272,2.9652557720279425e-16,5.781471911934358e-17,-0.029681741676654383,-7.035889700563731e-17,-8.816812638249385e-18,0.643240729401235,8.849329041459359e-29
6.95,-5.426562291992419e-14,0.014777103708610184,-1.4642061837865203e-14,1.4847414100703544e-14,-0.02954741943501915,2.9625884763835683e-15,-3.303342615251153e-15,2.7740620517088423,-1.2329204222953545e-26
6.955,-1.0570587965840296e-16,0.014608636992946344,-2.6624785357360014e-17,3.6946793218347414e-17,-0.02920728304604836,1.517999430796981e-17,-1.436800481420695e-17,4.8970001138250545,2.8282966639060323e-28
6.96,7.978305662125348e-17,0.014337841948488972,-6.919478675093674e-16,-2.238201534023641e-18,-0.028665445156576652,1.958096238726378e-16,-1.675878277268066e-17,7.006095812582817,1.7093379061446113e-28
6.965,-1.0857666936496862e-13,0.01396798822482026,-2.8533986368956015e-14,2.9680408388879915e-14,-0.027928435259354956,5.706903420587922e-15,-6.602120218703263e-15,9.095516840519618,-2.4849505097745355e-26
6.97,1.0295536552908442e-16,0.013503512610682833,-6.591717072043317e-16,-1.4264955555901114e-17,-0.0270050547591012,1.8460769197239008e-16,-2.0622593948427217e-17,11.15960963180681,2.987729979029893e-28
6.9750000000000005,-1.0854330761515117e-13,0.012949922964658356,-2.850534271366694e-14,2.9663866371988926e-14,-0.025906190839080523,5.697449966261739e-15,-6.6052089674388164e-15,13.19294822537805,-2.4936919735732257e-26
6.98,1.3569604168405197e-16,0.012313683771274953,-6.21746686239713e-16,-3.1211074649322605e-17,-0.024644587862212575,1.7305713275606664e-16,-2.3545966598212732e-17,15.190379251688608,3.16221310735128e-28
6.985,-1.0849898008638048e-13,0.011602080369819134,-2.84760078276278e-14,2.964199312088005e-14,-0.023234584109289358,5.688854663987709e-15,-6.607269800618593e-15,17.147062350659656,-2.4799506672636684e-26
6.99,1.0854216079294126e-13,0.010823074594391358,2.7165144676387556e-14,-2.958119844130941e-14,-0.02169182781196355,-5.33883332078289e-15,6.527527029541562e-15,19.058505447077906,2.5089978765227148e-26
6.995,1.0806221976546103e-13,0.009985147922812132,2.908857270049511e-14,-2.9492031634423816e-14,-0.02003296904560159,-5.864889082532448e-15,6.526599130244673e-15,20.920594433810347,2.485026850551318e-26
7.0,1.0808834834275585e-13,0.009097140363159895,2.909121600533873e-14,-2.950427137665861e-14,-0.0182753502078441,-5.8658390148040076e-15,6.5258046291909305e-15,22.729616951665054,2.47483614602948e-26
7.005,-3.253223791430659e-17,0.008168092745258093,-6.359550530411634e-16,5.980018913339594e-17,-0.016436694624715642,1.62262008406644e-16,-5.575784223065721e-17,24.48228008823377,3.6292890019935887e-28
7.01,5.404245221020199e-14,0.007207090602257438,1.4903146152465466e-14,-1.4781558503092727e-14,-0.014534805163251008,-3.030536407169901e-15,3.2479047751379774e-15,26.17572195239903,1.2491209699678583e-26
7.015000000000001,-5.4208188854638155e-14,0.006223116289739039,-1.4833337720011044e-14,1.4848518443170088e-14,-0.012587276173164241,2.9952193373645963e-15,-3.3456811306622824e-15,27.807517208080228,-1.2390758841493322e-26
7.0200000000000005,5.39721939209819e-14,0.005224915250963136,1.48438325221071e-14,-1.4739879525677727e-14,-0.01061123290205046,-3.020374140485462e-15,3.233999028123421e-15,29.37567676935246,1.2562271178334227e-26
7.025,-7.309778144800077e-17,0.004220870838686608,3.366744203978923e-17,3.098355275616509e-17,-0.008623093123176773,-1.9688397320286862e-17,-5.5447012067472146e-17,30.878641959591334,1.1037583618914074e-28
7.03,-4.358970862473161e-17,0.003218903751594837,4.6198051689445386e-17,1.6072327494718387e-17,-0.0066383653161921075,-2.2569491282298842e-17,-5.5257144705763824e-17,32.31527353099104,2.542614323870579e-29
7.035,5.4154335152055833e-14,0.0022263810937346307,1.3984809234251338e-14,-1.4760748230033537e-14,-0.004671478130077844,-2.7900789075713323e-15,3.2215919088132952e-15,33.68483600730532,1.2550583046824175e-26
7.04,-1.0280872108109415e-16,0.00125004718938726,1.956527021040101e-17,4.9191934059438986e-17,-0.002735644606389087,-1.9827160971488392e-17,-6.659463801796351e-17,34.9869778718908,2.662366376802333e-29
7.045,-7.326601824339002e-17,0.00029597480905607654,3.25577485732034e-17,3.392949525024377e-17,-0.000842766343609469,-2.2893875893532036e-17,-6.606327404276018e-17,36.221708159183954,4.77344548965352e-29
7.05,-4.432228924840713e-17,-0.0006304701744959118,4.39029906017705e-17,1.910407432093045e-17,0.0009966311044991016,-2.528116236498709e-17,-6.553672239871021e-17,37.38937002656676,1.0683970519456268e-28
7.055,-1.646990395005402e-17,-0.0015246413676912596,5.3541199850987685e-17,4.95173744717067e-18,0.0027734271237278563,-2.702741363217928e-17,-6.505086321296192e-17,38.49061189208461,3.4442174235814754e-29
7.0600000000000005,-5.42354351239951e-14,-0.002382614547226325,-1.4437526024528046e-14,1.4837319421323822e-14,0.00447990745055904,2.8830725152405877e-15,-3.3619362915776286e-15,39.52635671068658,-1.2395641951492095e-26
7.065,5.41336822594183e-14,-0.0032011707103158926,1.426416552208206e-14,-1.47698308176205e-14,0.00610973172204865,-2.8682874769076037e-15,3.2124870857411814e-15,40.49776994480693,1.2465082703480509e-26
7.07,-9.179377663954609e-17,-0.003977769945990417,2.45638699123132e-16,2.85434847693867e-17,0.007657884494534528,-8.185749964322381e-17,-7.346934631335328e-17,41.40622674887471,6.673399944920484e-31
7.075,-5.4153381754978426e-14,-0.0047105142226797625,-1.437634741947157e-14,1.4792546570757016e-14,0.009120599559167886,2.869468779417789e-15,-3.3588116258113264e-15,42.25327885271147,-1.2359456308984553e-26
7.08,5.411038909647244e-14,-0.005398098571703258,1.4247738350276184e-14,-1.4756192834873495e-14,0.010495269002746,-2.8657321798518094e-15,3.2044834969081328e-15,43.04062158076531,1.245986920282995e-26
7.085,-9.987701512302317e-17,-0.006039760477477785,2.0505028832269948e-16,3.6449252332115576e-17,0.011780340887995067,-7.221556796001429e-17,-8.032771824876156e-17,43.77006139514973,1.4565241214775273e-29
7.09,5.415395321958e-14,-0.006635221044819062,1.4259008638746285e-14,-1.477851738973196e-14,0.012975206724050281,-2.866956096389547e-15,3.2055829336648046e-15,44.44348430133064,1.2512314091833913e-26
7.095,-5.4146709666378645e-14,-0.007184622106825245,-1.4337698229273372e-14,1.4787100243949575e-14,0.014080079867902384,2.859410985107291e-15,-3.3635231233698553e-15,45.06282540317001,-1.2398539768236068e-26
7.1000000000000005,5.4074634846388986e-14,-0.0076884662816922855,1.4383989001334424e-14,-1.474855266469051e-14,0.01509587630739162,-2.902930025755496e-15,3.19866808953982e-15,45.63003984244355,1.2445057486594297e-26
7.105,-7.459527834279664e-18,-0.008147551924610141,-1.128610120982327e-16,1.585592348557276e-17,0.016024089611647696,1.5169345340983613e-17,-8.491242296818026e-17,46.14707531450938,-1.061036507251182e-29
7.11,5.411833143766683e-14,-0.008562911702957976,1.4370968112667878e-14,-1.4769170526567012e-14,0.016866670826090058,-2.8973475528741824e-15,3.2000062199621244e-15,46.61584630365453,1.2452909397669943e-26
7.115,-5.417382845854616e-14,-0.008935753805399571,-1.4185139618317293e-14,1.47891877948355e-14,0.017625912476034955,2.8189935983384237e-15,-3.3669516722796937e-15,47.03821014431202,-1.2420492617622857e-26
7.12,7.061007039897811e-17,-0.009267403992268441,-1.7285172620112868e-16,-1.8049036516968963e-17,0.018304336534882282,3.494952961723131e-17,-8.231873677643721e-17,47.41594497916778,3.2985592198866196e-29
7.125,2.7070783332607328e-14,-0.00955925221062337,7.180375282526615e-15,-7.388012461216184e-15,0.018904590461282567,-1.4528668658609605e-15,1.5568329645340946e-15,47.75072965398998,6.2387286317241576e-27
7.13,-1.6939190223477998e-17,-0.009812705923629927,1.811571827007102e-17,1.078589076573631e-17,0.01942935089047637,-1.805989574229378e-17,-8.725869168288758e-17,48.04412556476333,-2.7887262603572416e-30
7.135,2.709188134368296e-14,-0.010029140543089454,7.0915172843612295e-15,-7.39139859521392e-15,0.019881235333144787,-1.4280034438854142e-15,1.5552336885519474e-15,48.29756045396944,6.226668469009893e-27
7.140000000000001,-2.3631813142015503e-17,-0.01020986483332642,4.322683060554234e-17,1.2334441731014553e-17,0.02026272395095674,-2.4163995786194438e-17,-8.849457329760872e-17,48.5123141346847,-1.164388529149267e-29
7.1450000000000005,2.7081671475471587e-14,-0.010356082906864295,7.121052508293675e-15,-7.388437423985304e-15,0.020576091313287748,-1.4353826568467654e-15,1.5539413783696104e-15,48.689506115076725,6.22170129714055e-27
7.15,-2.7054368551435095e-14,-0.010468863819606877,-7.127077687940743e-15,7.383595739580637e-15,0.020823344458079873,1.4157321411822383e-15,-1.7278278401828894e-15,48.83008508693591,-6.207407734806179e-27
7.155,3.452570116658725e-19,-0.010549119038224752,9.536065244108998e-18,3.3969297691650765e-18,0.021006176712248248,-1.3054391474152603e-17,-8.839510144692213e-17,48.93482023934604,-3.1268009863634713e-30
7.16,1.5510766255362352e-17,-0.010597579325648532,1.1369382734603457e-17,-4.124778384310396e-18,0.02112592515415912,-1.2400199531252796e-17,-8.72680273761244e-17,49.00429436307286,3.4120808796205325e-30
7.165,-2.7078957361864417e-14,-0.010614781914035643,-7.107013959357839e-15,7.394697176252007e-15,0.02118353983644994,1.4107506915591544e-15,-1.7303780248317057e-15,49.038898710749095,-6.222299642629777e-27
7.17,2.7096070883183284e-14,-0.010601059421298853,7.105253820226705e-15,-7.39361170151082e-15,0.021179567297643587,-1.428360280538191e-15,1.5534825131657015e-15,49.03882958692398,6.2216869794539366e-27
7.175,-2.708391276489776e-14,-0.010556534912528281,-7.099134827267547e-15,7.396940105343448e-15,0.021114135438288884,1.4094590856131222e-15,-1.7308357057314775e-15,49.00408665021671,-6.223589388256653e-27
7.18,5.4181093616585593e-14,-0.01048112090703679,1.4182885214807415e-14,-1.478397007222168e-14,0.02098695400958661,-2.8398274704520764e-15,3.1945294521751494e-15,48.934472916608925,1.2443812755218137e-26
7.1850000000000005,-2.705815773020446e-14,-0.010374524263111251,-7.084738608602887e-15,7.383486891311695e-15,0.02079732293920955,1.407866969348918e-15,-1.7281123615034103e-15,48.829596464524755,-6.215062752578058e-27
7.19,-2.4570275182716145e-18,-0.010236255527646954,4.334926652576644e-17,3.584792641116419e-18,0.020544150599000943,-1.8559009583726068e-17,-8.830124164310971e-17,48.68887385127238,-8.325178828988765e-31
7.195,3.3114667410178745e-17,-0.010065642371071881,-3.472093252619271e-17,-7.734045690586626e-18,0.020225979477459077,3.9437465317297964e-18,-8.67332209108452e-17,48.51153525987445,8.14581357197271e-30
7.2,-2.7061067798300684e-14,-0.00986184836115811,-7.037006154512377e-15,7.381995919983017e-15,0.019841025203810148,1.3968801698989654e-15,-1.726602837549815e-15,48.29663140209691,-6.206499658020157e-27
7.205,2.1596729392905065e-17,-0.009623897605702147,-1.0463619748492395e-17,-3.334962881733111e-18,0.019387221795589937,-1.80741338364967e-18,-8.654804411738364e-17,48.04304221121739,1.9564431276772133e-29
7.21,3.6429689534969635e-17,-0.009350701960999075,-7.881643228196933e-18,-1.0626255662849197e-17,0.01886227995320411,-1.282192266188336e-18,-8.471674808802533e-17,47.74948736083917,1.6417901071414492e-29
7.215,5.152334472858811e-17,-0.00904109426385169,-4.785571872812395e-18,-1.8109529346340016e-17,0.018263750043892912,-9.210396544705019e-19,-8.276539596239155e-17,47.41453864807842,5.071732838211765e-29
7.22,-5.420651307022309e-14,-0.00869386613234191,-1.4128718203987544e-14,1.4805014876985457e-14,0.017589099056984026,2.8125752975035074e-15,-3.3715898638551708e-15,47.0366342757916,-1.2460056696749655e-26
7.2250000000000005,1.0842163165463407e-13,-0.008307810573173313,2.8161784352405252e-14,-2.9584131173291586e-14,0.016835795008681487,-5.610691348429605e-15,6.482272914038519e-15,46.61409506393246,2.4914829355268068e-26
7.23,-5.418759646046518e-14,-0.007881767557597286,-1.4104627591609396e-14,1.479422537047364e-14,0.016001399560821028,2.8082787726180887e-15,-3.3678853658131693e-15,46.145142609270984,-1.2442355811105097e-26
7.235,5.421695814031643e-14,-0.0074146742669221055,1.4203569261456045e-14,-1.4800298006342004e-14,0.015083667022665281,-2.837608234901854e-15,3.2032080275589253e-15,45.62791939752911,1.2455182869048348e-26
7.24,-5.4167333434711936e-14,-0.006905619399198315,-1.4079252743729899e-14,1.478253620151182e-14,0.014080656086377985,2.8036443305585778e-15,-3.363657677947397e-15,45.060510851511665,-1.243766978608031e-26
7.245,1.1417538583917162e-16,-0.006353897457348268,-1.7512077571263794e-16,-3.453781756783914e-17,0.01299083753940522,4.975801606670933e-17,-7.624934308030272e-17,44.44096927670156,1.201477891623702e-28
7.25,-9.287427557626451e-17,-0.005759069936676298,3.1592485534617675e-16,3.035648422293834e-17,0.011813218765894362,-8.701172432612562e-17,-8.219204465238288e-17,43.76733963031421,5.533409984822528e-29
7.255,6.352700558733533e-17,-0.005121021941381088,-2.200877091869448e-16,-5.407549246006668e-18,0.010547457024898677,6.070283473441278e-17,-7.953870381518161e-17,43.03768701218079,5.790340796834901e-29
7.26,5.422156877987373e-14,-0.004440022416300593,1.4200021084012956e-14,-1.4801398008820568e-14,0.009193986456608627,-2.8334561519646948e-15,3.2092782926925896e-15,42.2501257277801,1.2449191107428813e-26
7.265000000000001,9.847486735608898e-17,-0.0037167826425879014,-2.2932640144120063e-16,-2.210288311652623e-17,0.0077541292464644584,6.568067225992526e-17,-7.376398305292751e-17,41.40284973756302,1.6357304558647594e-28
7.2700000000000005,-5.4194326414866845e-14,-0.0029525105355006076,-1.4037107775528588e-14,1.479295600489924e-14,0.006230214988192984,2.79505149400442e-15,-3.3572969157615025e-15,40.494164252552125,-1.251744839239292e-26
7.275,1.3528744026187322e-16,-0.002148961830936713,-2.3655856789603253e-16,-4.0095577830409665e-17,0.004625679181899045,7.038235281273702e-17,-6.731574662789322e-17,39.52251819223524,1.699675279677694e-28
7.28,-5.4173093161927196e-14,-0.0013084853607807645,-1.401038460076062e-14,1.4779767245030385e-14,0.0029451595992355806,2.7899736397941014e-15,-3.3511998721157073e-15,38.48653716428762,-1.2318316893408938e-26
7.285,-1.255818823566157e-16,-0.0004340575634351751,4.362147708001761e-16,3.681721987667726e-17,0.0011945703898419424,-1.1566050195443454e-16,-7.123650561053098e-17,37.38505657954605,5.957442510150267e-29
7.29,8.134249250881892e-17,0.0004706859963050647,-2.9100981300062183e-16,-9.574511722939371e-18,-0.0006188387310999133,8.436889217505396e-17,-6.774244689069123e-17,36.21715446218794,1.2841886790722197e-30
7.295,5.4244352532832795e-14,0.001401437814735118,1.4207422889873429e-14,-1.481448272362925e-14,-0.0024864474536059333,-2.83019455311231e-15,3.2242684621882064e-15,34.98218347414434,1.251780580658731e-26
7.3,1.1398233383526036e-16,0.002353215815176668,-2.9384257007477296e-16,-2.6759626669136968e-17,-0.004398259322741183,8.73208112854179e-17,-6.029843676405982e-17,33.679801630867004,1.1132992723668775e-28
7.305,-5.423277817181939e-14,0.003320372785857728,-1.3996527917480071e-14,1.4806080989016132e-14,-0.006342919617324583,2.786758037155993e-15,-3.3453571376552834e-15,32.310001153693605,-1.245731043031082e-26
7.3100000000000005,1.4787883417138002e-16,0.0042966247688482895,-2.9553614170359036e-16,-4.492710552446091e-17,-0.008307767601593241,9.032165409209332e-17,-5.221061368084728e-17,30.873134886027593,1.0871763881008735e-28
7.315,-5.428741113505733e-14,0.005275096807608293,-1.3685760472688628e-14,1.4807204726796078e-14,-0.010278928006570709,2.7039814026276605e-15,-3.337581628522561e-15,29.36993968964346,-1.244675195023057e-26
7.32,-2.3519212455331563e-17,0.006248381998979369,-6.154170750469166e-17,2.0756734547996223e-17,-0.01224142887429025,2.307728832829187e-17,-5.674554104184013e-17,27.8015562408141,8.8734214836646e-29
7.325,-8.939115736741496e-18,0.0072086203572112595,-5.672912451404662e-17,1.2219297795118591e-17,-0.01417935761004685,2.325142894466556e-17,-5.2374066384600134e-17,26.169544670516267,1.8866797067440788e-28
7.33,6.270232758203021e-18,0.008147595287503862,-5.082017102065004e-17,3.16402410662607e-18,-0.016076056170746256,2.3003252408190523e-17,-4.77954673357087e-17,24.47589552862054,1.3089673343191144e-28
7.335,2.1805918952559474e-17,0.009056841633764634,-4.387124623465385e-17,-6.260523576222405e-18,-0.01791433821800581,2.2308046782416064e-17,-4.3035672029688254e-17,22.72303560447771,-7.078321348088321e-29
7.34,3.7336995684565733e-17,0.00992777186203142,-3.597105817051579e-17,-1.58873240522693e-17,-0.019676743826835263,2.1152011206035762e-17,-3.8124389307735663e-17,20.91382821358648,3.634098377638934e-28
7.345,5.251391887846421e-17,0.010751808719902556,-2.7239691964088552e-17,-2.5535313598386528e-17,-0.02134581133378788,1.953331939194363e-17,-3.309443638698232e-17,19.05156764340528,4.2635796429688765e-28
7.3500000000000005,6.697946658354686e-17,0.01152053186191182,-1.7826297282964452e-17,-3.501469020073448e-17,-0.022904371450309213,1.7462767466750057e-17,-2.7980912660530263e-17,17.139967559829113,7.51252845399027e-29
7.355,8.038071000593847e-17,0.012225823379608869,-7.90540747693792e-18,-4.4132909452752653e-17,-0.024335847806469246,1.496394706853074e-17,-2.2820249706106183e-17,15.18314328898169,4.368969744952954e-28
7.36,9.2381510785751e-17,0.012860019432039849,2.3280161924989352e-18,-5.270112039800236e-17,-0.025624563331163586,1.2072907746096709e-17,-1.7649176813218467e-17,13.18558801962497,4.419680346252728e-28
7.365,1.02674951715701e-16,0.013416056161787537,1.2664641072966e-17,-6.054074716831264e-17,-0.026756042294422855,8.837299944606853e-18,-1.250364861581149e-17,11.152143102694687,8.709451784633648e-29
7.37,1.1099507609970983e-16,0.013887608457878287,2.2887671498757112e-17,-6.748989670110218e-17,-0.02771729491827557,5.315019415789393e-18,-7.417786041125246e-18,9.087962761127244,2.052182238266048e-28
7.375,-2.1703472810764235e-13,0.0142692209953168,-5.636116345053732e-14,5.926601142450983e-14,-0.0284970848596231,1.1222654685374036e-14,-1.3168953570051304e-14,6.998473659152218,-4.969829971314275e-26
7.38,1.081559212077736e-13,0.01455641648797723,2.9096314830305686e-14,-2.954327357355665e-14,-0.029086158179893573,-5.855845317301797e-15,6.556313263384287e-15,4.889329903902134,2.5219398955013485e-26
7.385,2.6952879960711126e-16,0.014745795133279671,-1.054408079994323e-15,-6.610755751609907e-17,-0.029477444821807808,2.947781541519967e-16,-6.626343465747348e-18,2.7663641754177313,2.8314833436143625e-28
7.390000000000001,5.411362696438673e-14,0.014835104358567719,1.4165621006901308e-14,-1.4768847853508892e-14,-0.029666209144053823,-2.8232353697245496e-15,3.2755038033192646e-15,0.6355357745016512,1.2563848250825528e-26
7.3950000000000005,1.1543932732507077e-16,0.014823286574355166,-3.608019531272032e-16,-4.68640779635247e-17,-0.02965014993493753,1.0543601045500103e-16,4.342726871718211e-18,-1.4971235346944134,1.6292476271466847e-28
7.4,-2.800527259979106e-16,0.014710503839083344,5.913351331778129e-16,7.444192240858234e-17,-0.029429453914616488,-1.6104881997751625e-16,-4.737790293328296e-18,-3.625564951968144,2.3689995692544016e-28
7.405,4.641462308175469e-18,0.014498132460076363,-4.2068410263748043e-16,1.0912300660618148e-17,-0.029006790509185976,1.1645622227782801e-16,1.0774198784593834e-18,-5.743778370943076,2.4608274256280854e-28
7.41,5.4122927092807394e-14,0.014188733375519291,1.378082761239399e-14,-1.474795855032019e-14,-0.028387253068132168,-2.7224323521590018e-15,3.2836941022044355e-15,-7.845847433111068,1.266422246985342e-26
7.415,5.4276314726407656e-14,0.013785995336050405,1.3863483105694577e-14,-1.4832159009895292e-14,-0.027578249404342614,-2.738198177248117e-15,3.303756418277472e-15,-9.926002947160029,1.2441188196513625e-26
7.42,-5.42602166700557e-14,0.013294658332299036,-1.4321857240876187e-14,1.4815573554449065e-14,-0.026589342522882475,2.8696625850423146e-15,-3.271396914789222e-15,-11.978673758363573,-1.2193138785777056e-26
7.425,-1.805289849517226e-16,0.012720410998625198,6.104745873865152e-16,1.8612354711245887e-17,-0.025432048471230928,-1.6299513254589635e-16,2.509590355914515e-17,-13.998534222031822,2.899962844321698e-28
7.43,-1.99632547276004e-16,0.012069775211386968,2.1882070250125596e-16,5.83977084847113e-17,-0.024119597719860053,-6.157031684350957e-17,1.789047616724336e-17,-15.980547522632126,-2.196019311975024e-28
7.4350000000000005,5.4218502977138344e-14,0.011349971934208725,1.3842946997269903e-14,-1.4804289913606022e-14,-0.022666665459411206,-2.737045439620701e-15,3.313703659353628e-15,-17.92000419035809,1.2718574220705726e-26
7.44,-1.4976908487994043e-16,0.010568783815813276,2.336769246669385e-16,3.155434226744474e-17,-0.021089085731475166,-6.440754640823392e-17,3.03488622730872e-17,-19.812555284703844,1.5298626528872033e-28
7.445,5.425598574505971e-14,0.009734402523420727,1.3874340978301295e-14,-1.482612764205197e-14,-0.019403545858907023,-2.745212841189552e-15,3.3252646246512673e-15,-21.65423985090314,1.2748447928754069e-26
7.45,-5.4314204229863306e-14,0.00885528406773517,-1.400809835220083e-14,1.4815467767759705e-14,-0.017627283172004127,2.7818245047891117e-15,-3.246095164326915e-15,-23.44150638373298,-1.2274022109379522e-26
7.455,-1.8564929324577764e-16,0.00794000089911151,1.925824143128411e-16,5.2378931548444885e-17,-0.015777783151676772,-5.691990078032367e-17,3.678276551482236e-17,-25.171228175580573,2.604533701482725e-28
7.46,5.420358151478815e-14,0.0069970985559990595,1.3860786149824913e-14,-1.4798752741787478e-14,-0.013872488851518483,-2.7453142897662913e-15,3.33045202733613e-15,-26.840712553734576,1.2619993147144827e-26
7.465,-1.4251605362001122e-16,0.006034968569281318,3.3060217300132536e-17,4.388911246179085e-17,-0.011928531108651441,-1.427371613048261e-17,4.3409505207142544e-17,-28.447704135575663,6.808030957850792e-29
7.47,-1.138376232865973e-16,0.005061724780034638,4.3460661547720395e-17,2.9314494452321095e-17,-0.00996248215039941,-1.606219524572956e-17,4.927975352164204e-17,-29.990382345630564,-8.490315385338131e-30
7.4750000000000005,2.708239540230434e-14,0.0040850994074048685,6.902262268076677e-15,-7.398568787732583e-15,-0.007990135286874533,-1.367002237413227e-15,1.6980923075337377e-15,-31.46735353403824,6.3277053130768875e-27
7.48,-1.0511009217113435e-16,0.0031123531025940565,3.9041983541634424e-17,2.6423157924349893e-17,-0.006026322052903765,-1.5612176529487723e-17,5.570816505126866e-17,-32.87763811964206,9.555765325078806e-29
7.485,-2.713568108200737e-14,0.0021502018332313355,-7.203172744953835e-15,7.403209398410538e-15,-0.004084758248573905,1.441854529616486e-15,-1.581678846212768e-15,-34.22065324780987,-6.17099166017453e-27
7.49,-9.262931929521328e-17,0.0012047588957102562,3.565673511151061e-17,2.2014235739144587e-17,-0.0021779289559731296,-1.493773131815633e-17,6.192980088230347e-17,-35.496191499633454,-2.453143532944966e-29
7.495,-2.7122053953974054e-14,0.0002814975469931369,-7.196339877100349e-15,7.397592144054425e-15,-0.0003170053807792783,1.439884359100552e-15,-1.575376502051886e-15,-36.70439622088636,-6.1567365285817756e-27
7.5,-7.838482538549629e-17,-0.0006147743993665244,3.446065974395583e-17,1.6786234925454553e-17,0.001488203711048186,-1.480385248954162e-17,6.782703542504804e-17,-37.84573405438095,3.568975973521177e-29
7.505,-8.782703188459133e-17,-0.0014799206997508918,2.322845739852924e-17,2.323164872995483e-17,0.003229267971583738,-1.2594825622094146e-17,6.886592222985517e-17,-38.92096525718297,1.4915575821254866e-28
7.51,-1.3605452252969064e-14,-0.0023104703078757893,-3.590026047057408e-15,3.712806011234655e-15,0.004899122570492409,7.138975568655814e-16,-7.491719402283467e-16,-39.93111237226563,-2.9534516000168775e-27
7.515000000000001,-1.363797720969415e-14,-0.003103601934625999,-3.428659300518309e-15,3.71740433812177e-15,0.006492033135764075,6.699830676674565e-16,-7.4642768238961e-16,-40.87742779845882,-3.1747867762997512e-27
7.5200000000000005,-2.2741490697833978e-17,-0.003857110474768888,-1.2577467231715296e-16,5.564524306140883e-18,0.00800353174015811,2.8325871566946926e-17,7.676477821723509e-17,-41.761360765180314,1.4189767951457083e-28
7.525,1.3445044038395611e-14,-0.0045693713287278115,3.6702728899099e-15,-3.671612176536464e-15,0.009430341046382296,-7.487333004814235e-16,8.982770643349737e-16,-42.584524181760145,3.098850672049863e-27
7.53,-3.530834558391063e-17,-0.005239293917895793,-7.234269502798002e-17,9.559661804032558e-18,0.010770279305845065,1.3212578126601729e-17,8.005432791750412e-17,-43.34866177899808,4.942517181011434e-29
7.535,-1.3598640545817785e-14,-0.005866269492550202,-3.4931815911149044e-15,3.7068675230556415e-15,0.012022154892434855,6.874205452076212e-16,-7.381413550573845e-16,-44.05561591356946,-3.115126036675055e-27
7.54,-4.3825088151898405e-17,-0.006450117414694034,-2.686552435919475e-17,1.2106117625720859e-17,0.013185651886043814,4.609900260834273e-19,8.306494980712643e-17,-44.70729635404804,5.734131919733437e-29
7.545,1.3488164532561943e-14,-0.0069910258917786905,3.479852810987559e-15,-3.674669127006879e-15,0.014261214934712996,-6.980383607760583e-16,9.031352594759333e-16,-45.305650316001035,3.120197425105754e-27
7.55,1.3503218488668604e-14,-0.007489495654660061,3.494219530565477e-15,-3.6821721850126194e-15,0.01524992564134564,-7.013311486146761e-16,9.058074543536818e-16,-45.85263396428473,3.098370357299897e-27
7.555,-4.208247817785777e-17,-0.007946278579723298,1.1809887067991785e-17,1.087034770361638e-17,0.016153385596034298,-1.0175623488154306e-17,8.736655694999322e-17,-46.3501855550289,-2.3503736891430195e-29
7.5600000000000005,-4.3366955874117956e-17,-0.008362322938488376,7.021719704763342e-18,1.2557684923236671e-17,0.01697359734632542,-9.15917844121438e-18,8.807488962042649e-17,-46.80020034700454,1.6382983437745727e-29
7.565,1.3508773805280421e-14,-0.008738716869608254,3.508180902646265e-15,-3.6836484728573e-15,0.017712851807189622,-7.05278270390989e-16,9.092896321026505e-16,-47.20450737362292,3.118843964489963e-27
7.57,-1.3575690997129498e-14,-0.009076637373453877,-3.524365983621467e-15,3.703458261221801e-15,0.01837362421109745,6.952518135517212e-16,-7.297718298997897e-16,-47.564848134819336,-3.1090372450507885e-27
7.575,1.3509325175606942e-14,-0.00937729994596026,3.5160583150130593e-15,-3.683270799308814e-15,0.018958469737079042,-7.075922418923209e-16,9.10878872124053e-16,-47.88285723731062,3.096724497100589e-27
7.58,-1.3589430349778144e-14,-0.00964191539355852,-3.4783663419678076e-15,3.707644677260339e-15,0.01946993721746182,6.823577745022029e-16,-7.286336374875169e-16,-48.16004499316096,-3.118588255772395e-27
7.585,1.3522676005344599e-14,-0.009871646799894052,3.4742054331692117e-15,-3.685611019579261e-15,0.019910481402670044,-6.962906205459414e-16,9.12120774241222e-16,-48.39778196296094,3.1154437481585206e-27
7.59,-1.356272640906655e-14,-0.010067576315030635,-3.5380059181384934e-15,3.700138298338559e-15,0.020282393226025874,6.989248506982931e-16,-7.268470932565377e-16,-48.59728542297941,-3.1101893271585852e-27
7.595,-1.3552019633673e-14,-0.010230669043721718,-3.561410052518837e-15,3.697106094566716e-15,0.02058773103066258,7.054337302484572e-16,-7.261539913371132e-16,-48.75960772058329,-3.1075175083922718e-27
7.6000000000000005,1.3497913466046181e-14,-0.01036174963206804,3.54763919641916e-15,-3.678310930807508e-15,0.02082826826900508,-7.168821906984141e-16,9.12760760401843e-16,-48.885626484476404,3.0964151443056287e-27
7.605,-2.6103892454052547e-17,-0.010461477642998318,-9.257668697743964e-18,9.412325801382305e-18,0.021005446907937042,-5.1850401367602995e-18,9.367515622328997e-17,-48.97603664924798,-7.194515097213784e-30
7.61,-2.3871459347762447e-17,-0.01053032983435287,-4.678077854380024e-18,8.20229495561997e-18,0.02112034328095369,-6.3388460904199515e-18,9.405520601718079e-17,-49.03134426045099,-6.855758446423505e-30
7.615,-1.3554504432099127e-14,-0.01056858821452522,-3.557266007331239e-15,3.698514321830166e-15,0.02117363840222275,7.039303549784865e-16,-7.255633606754416e-16,-49.051862028627134,-3.1121373148959427e-27
7.62,1.3501970069636238e-14,-0.01057632921365581,3.5426413048658204e-15,-3.679505337789754e-15,0.02116560385830546,-7.156548858361979e-16,9.133503949541093e-16,-49.03770660942848,3.095976772451405e-27
7.625,-1.3555004305859512e-14,-0.010553421813661146,-3.553348962280532e-15,3.69839091506714e-15,0.0210960933482518,7.027847219821255e-16,-7.256185866996428e-16,-48.988797594463456,-3.110818691097309e-27
7.63,1.3504118095096928e-14,-0.010499528099842337,3.5362468235946423e-15,-3.680279711599936e-15,0.020964545864366357,-7.139744041776824e-16,9.13152353969416e-16,-48.90485820705145,3.0960529367657944e-27
7.635,-1.3556510141861767e-14,-0.010414107668403005,-3.5487958349585094e-15,3.698433079066041e-15,0.02076999582548389,7.0145848404018775e-16,-7.260270090449987e-16,-48.78541770648341,-3.1099189436155152e-27
7.640000000000001,-2.698341893170395e-17,-0.010296430010434676,-9.38845541585174e-18,9.272804001004966e-18,0.020511096074161017,-5.522215713370328e-18,9.303309791096417e-17,-48.62981551534243,-7.841045366675413e-31
7.6450000000000005,-1.3567843643163215e-14,-0.010145587753321195,-3.5330676560487054e-15,3.7019916379579915e-15,0.02018614825947118,6.967896763394825e-16,-7.272489050113958e-16,-48.43720709058484,-3.1100821860432213e-27
7.65,1.3507455700891581e-14,-0.009960517606224073,3.524890860234932e-15,-3.6822996353541575e-15,0.019793141720430896,-7.109338824789826e-16,9.118507587615695e-16,-48.2065715686619,3.115409155788947e-27
7.655,-1.3566801339335616e-14,-0.009740026185859563,-3.5444462321892564e-15,3.7014642671003895e-15,0.019329808205720056,6.99811152275559e-16,-7.283970164197415e-16,-47.93672121987631,-3.1075908224059292e-27
7.66,-1.3578008845347852e-14,-0.009482817834943091,-3.5203652291837464e-15,3.704507950426466e-15,0.0187936767253003,6.93027123764967e-16,-7.29398200223751e-16,-47.626312747456225,-3.105386673816043e-27
7.665,1.3507003753900648e-14,-0.009187530722307713,3.5154085312695875e-15,-3.683063821438275e-15,0.01818214603074253,-7.084404883885787e-16,9.0981884631478e-16,-47.27386047127737,3.1336866608849027e-27
7.67,-1.3575358787248183e-14,-0.008852776700855713,-3.53914804123639e-15,3.703388535607926e-15,0.0174925637668224,6.981249146916306e-16,-7.310749084996117e-16,-46.87775142803034,-3.0822246804519385e-27
7.675,2.7026109978013013e-14,-0.008477183692647827,7.053551007996027e-15,-7.368278521429211e-15,0.01672231459446394,-1.4154213954723342e-15,1.726689140373201e-15,-46.436262413709066,6.167776216052278e-27
7.68,1.3452115295061271e-14,-0.00805944694853622,3.675503944843107e-15,-3.670678621616626e-15,0.01586891493368725,-7.525307852903974e-16,9.061791896435424e-16,-45.9475789823164,3.098294675263574e-27
7.6850000000000005,-1.357452360345504e-14,-0.007598378157567254,-3.570009849344328e-15,3.702987418243628e-15,0.014930119701645594,7.0643770145470035e-16,-7.345890373710592e-16,-45.40981639675975,-3.0694647964033428e-27
7.69,-1.3559858440015313e-17,-0.007092964285568826,-1.3675404537784898e-16,5.959902126520332e-18,0.013904032687548806,2.8717974343791173e-17,8.392690276518039e-17,-44.82104250672663,5.860612597342988e-29
7.695,-1.3619397748166229e-14,-0.00654242619558687,-3.497739875002338e-15,3.717587520883353e-15,0.012789223727416754,6.857691265290229e-16,-7.392230596861442e-16,-44.1793025003314,-3.093452835607226e-27
7.7,4.051905266994402e-14,-0.00594627804071024,1.0731576042246353e-14,-1.105404696933487e-14,0.011584847619083405,-2.1597175852282273e-15,2.5402693531246168e-15,-43.482645444130675,9.32851416745113e-27
7.705,1.3426595122475807e-14,-0.005304389824814848,3.668966148159826e-15,-3.662221370165131e-15,0.010290767893394559,-7.513765863348997e-16,8.975089684941356e-16,-42.729152490247344,3.1443129021546482e-27
7.71,1.3419912180031677e-14,-0.0046170513613219555,3.734377460825921e-15,-3.664884793129e-15,0.00890767819123539,-7.686319958325354e-16,8.968081931878486e-16,-41.91696658593369,3.0842173353627113e-27
7.715,-1.3555267354691837e-14,-0.003885030078365048,-3.7284813874814866e-15,3.699957639235138e-15,0.007437220849418225,7.495170475833449e-16,-7.451698915795615e-16,-41.044323475504356,-2.9433830209486102e-27
7.72,-8.971859489177612e-17,-0.0031096292865981923,9.511545470041136e-17,1.9847836628729174e-17,0.005882097553403298,-3.43122817243127e-17,7.328581224977455e-17,-40.109583736957376,7.643887387879843e-29
7.7250000000000005,-2.7118337011179915e-14,-0.0022927410350064292,-7.245089881719232e-15,7.401564386585789e-15,0.004246173255225472,1.4494722645024765e-15,-1.570824326940476e-15,-39.11126554421613,-6.154152284337231e-27
7.73,-2.712283240653213e-14,-0.0014368928038521744,-7.249258096282657e-15,7.403132850941559e-15,0.0025345649569530337,1.450543253498822e-15,-1.5734383079986117e-15,-38.04807779422849,-6.29378403743935e-27
7.735,-1.0341404987286741e-16,-0.0005452819631273087,1.1125242464058237e-16,2.2487983530650313e-17,0.0007537110107378453,-3.848838094940598e-17,6.610775058712122e-17,-36.91895318751513,3.819426217135714e-29
7.74,2.7016392414049964e-14,0.0003781912625413497,7.11155190013395e-15,-7.379821054175581e-15,-0.0010885720244360186,-1.4287314616661918e-15,1.7060299045209578e-15,-35.72308080633769,6.3353924350421656e-27
7.745,-2.7097667495250726e-14,0.001328916403380731,-7.388953336975157e-15,7.398933148875078e-15,-0.0029830704723252666,1.4891726384075196e-15,-1.5816702715015274e-15,-34.45993768409966,-6.116762044166827e-27
7.75,-7.450823869206551e-17,0.002301563664786954,-3.213047014587289e-18,1.465390551011773e-17,-0.004919166768992511,-6.218645434433935e-18,5.841667302635003e-17,-33.12931883489424,4.642976803388845e-29
7.755,-7.325521383728483e-17,0.003290107601671366,5.895034379243833e-19,1.3093664530477397e-17,-0.006884878912131853,-6.706365887197668e-18,5.581048267731387e-17,-31.73136517119453,1.5905268731772019e-28
7.76,-7.069565182777911e-17,0.004287850024809359,5.011676930349594e-18,1.0930749954084573e-17,-0.008866919340349,-7.246040255146167e-18,5.320076599489024e-17,-30.266588735978562,6.553130995102129e-30
7.765000000000001,-2.7205121899484507e-14,0.005287476678816461,-6.970519891956431e-15,7.417228128564845e-15,-0.010850800610640476,1.3767236916140953e-15,-1.5929534371901713e-15,-28.735894658527844,-6.0731780031327654e-27
7.7700000000000005,5.403872892958273e-14,0.0062811213343536565,1.420924208623134e-14,-1.4743885911979468e-14,-0.012820969106769553,-2.8462376478984887e-15,3.3247285344669747e-15,-27.140599266926053,1.2690027552815153e-26
7.775,-5.4421745994855647e-14,0.007260451647184141,-1.3626490515544053e-14,1.4839158677849417e-14,-0.014760976805305859,2.67368018674184e-15,-3.2423952002606788e-15,-25.482443809985213,-1.2476328229895833e-26
7.78,-7.702271559839028e-17,0.008216776315208563,-3.3618897965689957e-16,3.953603207140918e-17,-0.01665368910536813,8.35394809907655e-17,3.1493127845155783e-17,-23.763603289419443,-7.545307131688537e-29
7.785,-1.9783841084266713e-16,0.009141159749574967,6.690790812247588e-16,2.0821498645977387e-17,-0.018481519679852454,-1.8483988366694257e-16,4.0931379846096274e-17,-21.98668996739249,-9.896772382192826e-29
7.79,-1.0829310071869686e-13,0.01002456032077248,-2.909715491542386e-14,2.9573702814847185e-14,-0.020226695654898208,5.85687625338077e-15,-6.539516277306996e-15,-20.15475118945124,-2.5107667087768335e-26
7.795,5.4265567115000864e-14,0.010857974687169758,1.3616775461542442e-14,-1.4810310785635584e-14,-0.021871546353978033,-2.679440348943267e-15,3.313387309506628e-15,-18.271261263169144,1.2410491427732157e-26
7.8,-5.4338999977905024e-14,0.011632590423815259,-1.424992963490138e-14,1.484747006700585e-14,-0.02339880256181459,2.8424276868493266e-15,-3.26815324214429e-15,-16.340107241241355,-1.2277189948737556e-26
7.805000000000001,-8.29244532763713e-18,0.01233994772837832,-3.0267218811227528e-16,3.961560540893114e-18,-0.0247919102673535,7.916806678727319e-17,1.9660914067200918e-17,-14.365568577855932,1.4685486012506856e-28
7.8100000000000005,-2.8591364769183577e-17,0.012972095140142414,4.4105947467696275e-16,-4.366509036113823e-17,-0.02603533935510427,-1.1601425613387263e-16,3.1545505902589637e-17,-12.35229076196432,2.0574052224593268e-28
7.815,-5.419734323601903e-14,0.01352174828437569,-1.4548961238733344e-14,1.4802690829100166e-14,-0.02711488752204616,2.9286483991322726e-15,-3.2746383249435753e-15,-10.305253161528405,-1.2309160564240644e-26
7.82,-1.1475782893169539e-16,0.013982434304338653,4.0058051836714825e-16,4.6676740616569144e-18,-0.02801796676453705,-1.073862374991925e-16,1.441141179311123e-17,-8.229731453254828,2.8828805609828643e-28
7.825,-5.4150604094106165e-14,0.014348629370118715,-1.4526005158654843e-14,1.477974472038492e-14,-0.028733862306054903,2.925763443825387e-15,-3.2781928302473777e-15,-6.13125514135168,-1.230740797906228e-26
7.83,-2.0313642739768667e-16,0.014615871557012383,3.595306572708722e-16,5.452541334298821e-17,-0.02925395790188645,-9.927314077242947e-17,-3.048192183347757e-18,-4.015560794742463,1.1053762112851195e-28
7.835,5.406703916756765e-14,0.014780861168631532,1.464064034502028e-14,-1.4784148761196013e-14,-0.029571921629766962,-2.9519851688980447e-15,3.2870210236549244e-15,-1.8885417395602921,1.2789026958505901e-26
7.84,3.2358708341954494e-17,0.014841530689807314,-2.914985599223309e-16,-8.902040626538017e-18,-0.029683843284274758,8.257227306436846e-17,-5.644631616581169e-18,0.24380495940581426,9.101057280647966e-29
7.845,-5.427201669534395e-14,0.014797091234996174,-1.4200998093415292e-14,1.4820414442628672e-14,-0.029588320050990546,2.8371061592546704e-15,-3.2983359018185735e-15,2.375433325135166,-1.225215653514328e-26
7.8500000000000005,1.8165045358618512e-16,0.014648052293495084,-5.969537150197845e-16,-5.651386826704091e-17,-0.02928648863515093,1.6913740873269522e-16,-7.663906611440903e-18,4.500304149776984,2.7924991398349582e-28
7.855,-1.0845453630323646e-13,0.01439620816812237,-2.8433359009589235e-14,2.961605070865718e-14,-0.028781998886188376,5.681617948084339e-15,-6.59178165459791e-15,6.612440553802802,-2.4773452553929558e-26
7.86,2.4602509645476667e-16,0.014044602186189081,-5.604465088077802e-16,-8.826852934817377e-17,-0.028080936089509123,1.6287880728044607e-16,-9.131156784658159e-18,8.705982452141289,2.122932997890131e-28
7.865,-1.083865692728843e-13,0.013597458072169388,-2.8403285063063345e-14,2.958332410529818e-14,-0.02719168923805171,5.677666846638738e-15,-6.593011148195443e-15,10.775238982423105,-2.4609179884105043e-26
7.87,1.0868416212838361e-13,0.0130600925907558,2.7197806049598655e-14,-2.965045350029541e-14,-0.026124771469753227,-5.336146229713899e-15,6.54286397826136e-15,12.814738008870592,2.5175919490412053e-26
7.875,1.0819429876986878e-13,0.012438799649451937,2.919141665906673e-14,-2.956125875466179e-14,-0.024892597951847506,-5.879151950270156e-15,6.542169173414036e-15,14.819271890402614,2.519144153894841e-26
7.88,8.404910820963165e-17,0.011740722534490544,-6.239422638004508e-16,4.745230507902916e-18,-0.023509230732699393,1.7411483703859913e-16,-4.106552656207372e-17,16.78393880230912,7.678180326458218e-29
7.885,1.0825787777121542e-13,0.010973707729256432,2.919963894306005e-14,-2.9590711240726915e-14,-0.021990094781855873,-5.878622125580316e-15,6.540843961849524e-15,18.70417901209149,2.4932509388758984e-26
7.890000000000001,1.4411817695170888e-16,0.010146150819359434,-5.822368297692262e-16,-2.5399681163974607e-17,-0.02035167536246263,1.6611676861986553e-16,-4.173746865320004e-17,20.57580563810187,2.9045552214315765e-28
7.8950000000000005,1.0831809258312232e-13,0.009266838359756946,2.919635357009339e-14,-2.961753337764224e-14,-0.018611210323982164,-5.8744672774638e-15,6.539330241039928e-15,22.39502955306423,2.4657201259681824e-26
7.9,-1.0843217858296174e-13,0.008344784039486797,-2.8441219469481384e-14,2.96210177667304e-14,-0.016786374424398787,5.687517556138415e-15,-6.623544605232628e-15,24.158478227935625,-2.4913406327732944e-26
7.905,5.4295732534356295e-14,0.007389077698988444,1.4332880822130782e-14,-1.48524882195888e-14,-0.014894978047564678,-2.8580861602927555e-15,3.2472517683126203e-15,25.863208451622413,1.2503141825979054e-26
7.91,-5.406301265051324e-14,0.00640873120906349,-1.446090224749686e-14,1.475741587679493e-14,-0.012954675288781914,2.9173734024430913e-15,-3.333480511895519e-15,27.50671298346943,-1.2118131152616736e-26
7.915,5.441478936111279e-14,0.005412543733044117,1.4052999414245525e-14,-1.4887543023743878e-14,-0.010982698478400721,-2.7791930570734404e-15,3.245548858232773e-15,29.086921321836925,1.2478942765231095e-26
7.92,-5.406796589051894e-14,0.004408975890164868,-1.4771590169380207e-14,1.478677700215291e-14,-0.008995613812089687,2.998903606176717e-15,-3.3469659120378928e-15,30.60219487244325,-1.2588114151800943e-26
7.925,5.41060772505144e-14,0.0034060413932479605,1.4841037893872525e-14,-1.4793578111804255e-14,-0.007009114484290535,-2.999063035296929e-15,3.231024635673973e-15,32.0513168967997,1.2498374190093929e-26
7.930000000000001,-5.402957415230971e-14,0.002411216826168072,-1.472604002110169e-14,1.4765565063492006e-14,-0.00503784216293468,2.9878845989087883e-15,-3.3472902458749792e-15,33.43347769263944,-1.2369883792115936e-26
7.9350000000000005,6.599980681297829e-17,0.0014313683083884143,5.720091248031054e-17,-2.6926868578610302e-17,-0.003095247111758681,-4.9050753402751485e-18,-5.906820248942541e-17,34.74825551876222,3.9940588276858783e-29
7.94,8.233404977945955e-17,0.00047269716876741086,6.02898808856826e-17,-3.474156498166644e-17,-0.0011934813505831698,-5.150599228806013e-18,-5.965052399176957e-17,35.99559381582374,1.6675047662477209e-28
7.945,5.425973108927694e-14,-0.00045929706617542365,1.40122711417864e-14,-1.4802825375929774e-14,0.0006566681944093489,-2.7765693145102142e-15,3.2163639865216675e-15,37.17577529972101,1.2586023880147489e-26
7.95,5.402352568969325e-14,-0.0013598326138577477,1.4959116569008316e-14,-1.4759090480392352e-14,0.002445817298507791,-3.0348519892364927e-15,3.2156423504582926e-15,38.28939351081053,1.239874547615653e-26
7.955,1.343451873388682e-16,-0.002224850607589701,-4.2714212968511324e-16,-2.1289756792767602e-17,0.004165988721453573,1.2365524759781347e-16,-7.217442334620067e-17,39.33732239603754,5.404060306066348e-29
7.96,-2.9059447964189397e-17,-0.0030510014880604786,2.434750749636804e-16,7.624505579912794e-18,0.0058105890893074275,-5.949014497762001e-17,-7.261296662987957e-17,40.320684482822614,1.3826550551517336e-30
7.965,5.423460985660567e-14,-0.003835621859042959,1.4260291643151637e-14,-1.4809288820258406e-14,0.007374360558699777,-2.8444784792783133e-15,3.213334477333144e-15,41.24081817292839,1.2538819831109459e-26
7.97,-3.772176287666765e-18,-0.004576695186166546,2.282280781867835e-16,-3.690236286024195e-18,0.008853307875696714,-5.520657669639926e-17,-7.355303446472192e-17,42.09924464810888,8.736058772931956e-29
7.9750000000000005,-5.408435134819243e-14,-0.005272810369977066,-1.4383389789778543e-14,1.4768647960530266e-14,0.010244613959770277,2.8922862215073465e-15,-3.3598036106348883e-15,42.89763483180951,-1.2411853265632424e-26
7.98,1.6089960168181522e-17,-0.005923107723400989,2.116125125522532e-16,-1.2532118435105873e-17,0.011546538717979615,-5.115566706173178e-17,-7.456529682275478e-17,43.637776807340096,1.0139400421790746e-28
7.985,1.5740465441251145e-16,-0.0065272214099607595,-3.0331552377662675e-16,-4.2733417217629563e-17,0.012758304653729624,8.920635801539598e-17,-7.507555020241665e-17,44.321544039066346,2.019589829919276e-29
7.99,3.222060167065808e-17,-0.007085220108464796,1.9141988576349366e-16,-1.9308702935138337e-17,0.013879980988690477,-4.602056001722311e-17,-7.561497666399608e-17,44.95086469190202,-1.595313964237196e-30
7.995,-5.4062294814511685e-14,-0.007597543142036756,-1.433626818049005e-14,1.475337486398984e-14,0.01491236121540851,2.879013970070984e-15,-3.3607241401442392e-15,45.527692296438595,-1.234265836214248e-26
8.0,-5.402369725870616e-14,-0.008064938575110148,-1.4462301522255642e-14,1.4743732686698902e-14,0.015856839916438048,2.913016493172468e-15,-3.360991506689333e-15,46.053977956711535,-1.2359224812226664e-26
8.005,5.42146885463658e-14,-0.008488399607085029,1.4096873848442589e-14,-1.478823664716365e-14,0.01671529213801648,-2.8067783354538444e-15,3.199493551129769e-15,46.53164425444249,1.2467314142573476e-26
8.01,1.1123906069516426e-17,-0.008869106002881821,6.6511381601234795e-18,4.451545059727219e-18,0.01748995483755067,-9.54928725175657e-19,-8.482144004845741e-17,46.96256096204765,3.2425229486157637e-29
8.015,1.430309148158666e-17,-0.009208365921736572,7.461381139668268e-18,2.4386306118971153e-18,0.018183314693651198,-1.6722319030477695e-18,-8.504082085876337e-17,47.34852264150824,-2.0734928925976874e-29
8.02,5.421002713280343e-14,-0.009507560852081376,1.4127433768472537e-14,-1.4789431147185104e-14,0.018798003793570217,-2.8168143422173615e-15,3.1982040065434788e-15,47.691228174591004,1.2445616665407262e-26
8.025,2.708040424619099e-14,-0.009768098141407222,7.199515509294238e-15,-7.388528663151418e-15,0.019336699793385037,-1.4459714783571347e-15,1.5562272402040676e-15,47.99226224434097,6.2135135903311935e-27
8.03,2.131171231882247e-17,-0.009991363495040595,8.251130591657855e-18,-2.131642292874829e-18,0.019802038125511956,-3.256433833330951e-18,-8.554737694459725e-17,48.25307876699556,-1.2749829519022275e-30
8.035,2.2797719238724328e-17,-0.010178680478642121,8.433747598602029e-18,-3.2200328981207194e-18,0.02019653028889934,-3.814344669415878e-18,-8.565745610325776e-17,48.474986257581804,1.4713086322889563e-29
8.040000000000001,2.4020252611054905e-17,-0.010331274889285424,8.547196569211483e-18,-4.1562887196455e-18,0.02052249341860346,-4.351192504816772e-18,-8.572879423642116e-17,48.65913510093254,8.711879662201492e-30
8.045,4.5718607869910226e-17,-0.010450243128260261,5.903804374748893e-17,-1.9166420529549287e-17,0.020781989206028584,-1.710391092918608e-17,-8.271763001387298e-17,48.806506693739024,1.464158210664125e-29
8.05,-2.704313822465661e-14,-0.010536528558338976,-7.141492640532353e-15,7.382808743829885e-15,0.02097677320272595,1.4267323503861588e-15,-1.7271098610451279e-15,48.917904419425,-6.210097412955225e-27
8.055,2.710375040084928e-14,-0.010590895895292274,7.123226738005266e-15,-7.396075752020072e-15,0.021108250502287262,-1.4283593060601598e-15,1.5556095478162517e-15,48.99394642023832,6.223739945881666e-27
8.06,2.7106960206478312e-17,-0.010613920895070184,4.742280679621966e-18,-6.5263823885280525e-18,0.021177447815666994,-5.39303196007964e-18,-8.56304671029968e-17,49.03506012980626,5.4879659978572326e-30
8.065,-2.7053568919985375e-14,-0.010605974291697517,-7.098463498200908e-15,7.383852446201816e-15,0.021184986615203627,1.4134085742974313e-15,-1.7268081490363138e-15,49.04147854227588,-6.2131268083153964e-27
8.07,2.580067018732855e-17,-0.01056721847405262,8.56198265459609e-18,-6.6542427735598486e-18,0.02113107416528237,-7.520087810554602e-18,-8.53151463760114e-17,49.013238193834525,5.5724954408690834e-30
8.075,2.536502720637457e-17,-0.010497605502307383,8.59396115337891e-18,-6.6577355951396e-18,0.0210154978712751,-8.075708254424906e-18,-8.508331630101541e-17,48.950178848099476,6.936678186095844e-30
8.08,2.4712631743872526e-17,-0.01039688007721562,8.634243597531782e-18,-6.542358380240653e-18,0.020837633659866128,-8.638945937735532e-18,-8.480226480056723e-17,48.85194488197409,5.826707358215854e-30
8.085,2.3831375035785164e-17,-0.01026458847753453,8.676627375332586e-18,-6.303441768978618e-18,0.020596461083947304,-9.207749176900283e-18,-8.447128408161374e-17,48.717988380525,5.709321160925741e-30
8.09,2.2705378491995202e-17,-0.010100091332582828,8.711351352447781e-18,-5.934443129456762e-18,0.02029058886423485,-9.778777543295754e-18,-8.408981386009121e-17,48.547573957802456,1.466903613656903e-29
8.095,2.1315502830105338e-17,-0.009902581867687665,8.725170016055929e-18,-5.427187058992128e-18,0.01991829074455609,-1.0347379777185881e-17,-8.365741922433373e-17,48.339785328659495,1.301913132350398e-29
8.1,1.964003856701385e-17,-0.009671107656449074,8.701485138752334e-18,-4.772196132497542e-18,0.01947754946964153,-1.0907577278333019e-17,-8.317375667798812e-17,48.09353366384987,1.5979104333178396e-29
8.105,1.7655580735088073e-17,-0.009404599375228528,8.620547731318143e-18,-3.959114539796993e-18,0.018966112708824312,-1.1452058572974725e-17,-8.263852770084802e-17,47.80756776375094,1.7534460801059497e-29
8.11,1.5338087935094343e-17,-0.00910190186572013,8.459744616248653e-18,-2.9772261778080427e-18,0.01838155530502661,-1.1972191226523902e-17,-8.205141928513808e-17,47.48048608968268,1.5765332752843264e-29
8.115,1.2664121564126233e-17,-0.008761811707396205,8.193984673804456e-18,-1.8160667956143545e-18,0.0177213535479126,-1.2458058560502656e-17,-8.141203115066694e-17,47.11075068795325,-4.681438105889305e-30
8.120000000000001,9.612255013787623e-18,-0.008383117801386675,7.796199478958002e-18,-4.661269613509017e-19,0.016982969141466242,-1.2898529166680138e-17,-8.07197897513256e-17,46.696703038129606,1.2392397924974144e-29
8.125,6.1646348325758456e-18,-0.007964648195018853,7.237971472024934e-18,1.0803612040162564e-18,0.016163938045139048,-1.3281367513073373e-17,-7.997384975559057e-17,46.236581847104596,2.1581934797656336e-29
8.13,2.308666268737678e-18,-0.007505317119916199,6.490299804119103e-18,2.8285654355956065e-18,0.015261970835865668,-1.3593393811221632e-17,-7.917298442325691e-17,45.72854279610668,2.9672945396172355e-29
8.135,-1.9612154707730356e-18,-0.0070041812156595995,5.52450942986927e-18,4.780140464716554e-18,0.014275060469472578,-1.3820700675013964e-17,-7.831546720021942e-17,45.17068022842839,1.2120764948028283e-29
8.14,-6.6417392501162094e-18,-0.006460491898977239,4.313302797087554e-18,6.9322849453844764e-18,0.013201592270775109,-1.394893285361178e-17,-7.739894789763791e-17,44.56105074413653,7.082248755607223e-29
8.145,-1.171902119283557e-17,-0.005873756233398808,2.8319456192041424e-18,9.276799214899752e-18,0.012040463289324066,-1.396363439551138e-17,-7.642032795120938e-17,43.897698634719106,5.150434656312172e-29
8.15,-1.7166893741605992e-17,-0.005243794309581773,1.0595688108369341e-18,1.1799181958836749e-17,0.010791200909949339,-1.3850664942437966e-17,-7.537564044789294e-17,43.178683060981754,2.1369202645700082e-29
8.155,-2.2945428961618026e-17,-0.004570798519861086,-1.0194420050262624e-18,1.4477810613666722e-17,0.009454083531352353,-1.3596683450344884e-17,-7.425994174986456e-17,42.40210683520304,4.068024541016103e-29
8.16,-2.89997539549932e-17,-0.0038553927984068537,-3.4140095489757453e-18,1.728325610926131e-17,0.008030258643643151,-1.3189693527021827e-17,-7.30672225739831e-17,41.56614662694321,4.995201481830335e-29
8.165000000000001,-3.525926224866007e-17,-0.0030986888642416943,-6.124932435657172e-18,2.017778677535456e-17,0.006521859385614448,-1.2619639856157127e-17,-7.179034717636548e-17,40.66908436431504,-8.225836877318918e-30
8.17,-4.1637326210285215e-17,-0.0023023348737751803,-9.143520476843198e-18,2.311511808677472e-17,0.0049321061456737425,-1.1879040027805153e-17,-7.042102973816037e-17,39.709339555065625,-1.1458620849009446e-28
8.175,1.2420957747392389e-17,-0.001468566962046225,-2.429353495024348e-16,1.3951974318916673e-17,0.003265405892165063,5.1844971055809445e-17,-6.894985701216565e-17,38.6855021958082,1.3290473803332362e-28
8.18,5.4151876597685455e-14,-0.0006002409190344338,1.4223431998611585e-14,-1.4776922294381117e-14,0.0015274277793935198,-2.855567671087356e-15,3.2202114529663052e-15,37.59636589445678,1.2412867348192744e-26
8.185,2.477606171864762e-18,0.0002991325953018986,-2.6636625155777015e-16,1.9410518425279666e-17,-0.0002748309114508629,5.811874301304752e-17,-6.57722943297363e-17,36.44096077217714,1.2111799894623176e-28
8.19,5.4143565092370777e-14,0.0012253729750852926,1.4220372954902902e-14,-1.477392478239429e-14,-0.0021330092640710063,-2.8543912647485577e-15,3.2242606359508515e-15,35.21858567427275,1.2577386040846716e-26
8.195,-5.410774615425332e-14,0.0021736231081419533,-1.4482382042167312e-14,1.4773428779439547e-14,-0.004037366678659282,2.90217364591382e-15,-3.338864892348902e-15,33.92883917155685,-1.2437850610853044e-26
8.2,-2.9869777670508085e-16,0.0031383593061775628,7.842410356822658e-16,8.457971330535563e-17,-0.0059767999427435825,-2.2845242042797405e-16,-6.023288810468823e-17,32.571648805724315,1.1481171327096108e-29
8.205,5.427766615879106e-14,0.004113414489005152,1.3656900525503822e-14,-1.4799121317535256e-14,-0.007938888332148508,-2.6994120528781545e-15,3.2311497528517303e-15,31.147298005787803,1.2622847399486293e-26
8.21,-9.784218183392715e-17,0.005092019337851639,-3.864748680778086e-17,4.707045839105257e-17,-0.009909975292075046,-2.9554864334958092e-18,-5.588062289721665e-17,29.65645009395314,-5.822647815252921e-29
8.215,-1.0259085209729045e-16,0.00606686149878044,-4.387981910040345e-17,4.886346624003638e-17,-0.011875282172880475,-6.949029832674977e-19,-5.344261170155148e-17,28.10016879960314,-6.678073629466069e-29
8.22,-1.0593148868855992e-16,0.007030159460377661,-4.880522468113926e-17,4.9887305931813693e-17,-0.013819061532501564,1.6314130649192653e-18,-5.0789719744582366e-17,26.47993471913668,-6.762015181751458e-29
8.225,5.4044710337975376e-14,0.007973754557596635,1.4507245253128504e-14,-1.4753797147621414e-14,-0.015724776346459635,-2.9280940713858056e-15,3.242460434963315e-15,24.797657191988872,1.2350474246757665e-26
8.23,1.8686628593906194e-16,0.008889219936307313,-6.089032375404309e-16,-5.501658196502715e-17,-0.017575322201992094,1.621916355154656e-16,-3.096873664750021e-17,23.055681118182257,2.347218834589527e-28
8.235,-1.0861599155074851e-13,0.009767980784737063,-2.78789662407671e-14,2.965382240705484e-14,-0.019353270523097876,5.5202237824690886e-15,-6.609313975637086e-15,21.25678830657981,-2.4916057579792624e-26
8.24,-4.187004502431958e-16,0.010601446888173882,5.10821084749899e-16,1.571037166748018e-16,-0.021041137053188663,-1.5437308077923216e-16,-5.275990076809005e-17,19.40419303311375,-2.8400951432478817e-28
8.245000000000001,1.0840391013971292e-13,0.01138115783086846,2.7743027610550448e-14,-2.9560947482290356e-14,-0.022621675721111956,-5.498993637854311e-15,6.53320893559238e-15,17.501531588834467,2.5163726301713368e-26
8.25,-1.0861397727113656e-13,0.01209892754231845,-2.786981846554771e-14,2.964845161640273e-14,-0.024078175809322033,5.522974139720121e-15,-6.5987411464322805e-15,15.552845708831349,-2.5197714574073028e-26
8.255,-5.796429066767168e-16,0.01274699543089497,1.1808611635757596e-15,1.8138358750390954e-16,-0.025394768890464547,-3.3134380132659734e-16,-4.1179355771662e-17,13.562559903908827,-1.0659732752492565e-28
8.26,-4.212585122769772e-17,0.013318174861552734,-8.094892606367355e-16,6.88980217264294e-17,-0.026556731151330837,2.1561145778804477e-16,-3.6542902068224224e-17,11.535452845803611,2.129559224138894e-28
8.265,1.0828852149478002e-13,0.01380599198844834,2.8389298558624223e-14,-2.955815510076506e-14,-0.02755077432333053,-5.665647909381317e-15,6.5517209868209644e-15,9.476623093830355,2.499856069505484e-26
8.27,-3.505685751570126e-18,0.014204819155736459,-8.124290178263261e-16,4.7638342122695445e-17,-0.028365313596921737,2.2102907514588566e-16,-2.627398754156394e-17,7.391449586465473,2.4248529499563034e-28
8.275,1.0832977856608749e-13,0.014509988759229486,2.840139406885675e-14,-2.958187907576267e-14,-0.028990709590189567,-5.6645214495539636e-15,6.562586651057898e-15,5.285547449726948,2.4985730096288703e-26
8.28,-1.088009547060856e-13,0.014717893218630707,-2.7980324600367403e-14,2.974447319271981e-14,-0.029419469438693113,5.554415988259904e-15,-6.5981917659009215e-15,3.164719793844533,-2.4963522164895872e-26
8.285,5.422790019403418e-14,0.014826059188635554,1.3807926738610648e-14,-1.480283033981648e-14,-0.029646409984593447,-2.7187684841310197e-15,3.2827289069696297e-15,1.0349062740016564,1.287090350506984e-26
8.290000000000001,-1.0846944988572123e-13,0.014833204928464738,-2.898343817630525e-14,2.9656206874774325e-14,-0.029668770272778033,5.834306750130244e-15,-6.585426449559709e-15,-1.0978707227744735,-2.490634730645742e-26
8.295,5.388185707485398e-14,0.014739261640400514,1.4773375775705953e-14,-1.470736257243827e-14,-0.02948626848652225,-2.9834898591775292e-15,3.2807244462878073e-15,-3.2275613416883715,1.2318856822846262e-26
8.3,-5.350940149390417e-17,0.014545381352689901,-4.994664570386184e-16,4.3134419130009006e-17,-0.02910111296559137,1.4561182709423697e-16,-3.7223532799755e-18,-5.348144006424739,1.4705979302077691e-28
8.305,5.4134204275956387e-14,0.014253904851429411,1.4121235171302902e-14,-1.4783238615928088e-14,-0.028517948856645603,-2.7997720396216155e-15,3.2943221316684032e-15,-7.453680674907801,1.2479939711137985e-26
8.31,-5.4386890671885664e-14,0.013868316591398866,-1.4058024200053589e-14,1.4856638651591833e-14,-0.027743761647244014,2.8083051865028472e-15,-3.280293741191368e-15,-9.53837063496591,-1.2318373695528478e-26
8.315,5.407870362296442e-14,0.013393166121716149,1.4082517187060403e-14,-1.4753356845954627e-14,-0.026787725411708152,-2.790457944335546e-15,3.2943130826765277e-15,-11.596601918755102,1.258248444317923e-26
8.32,5.407789357396419e-14,0.01283397291733479,1.3699865201188236e-14,-1.4723043424016596e-14,-0.025661007362643318,-2.6893108411171684e-15,3.2879351208252495e-15,-13.622999472636902,1.2449862330357065e-26
8.325,1.0940394605993948e-16,0.012197111820441364,-7.970826131106044e-16,-1.6757015881196034e-17,-0.02437653558045838,2.340262276971008e-16,1.874905441726081e-17,-15.612469307289409,3.0658680819470497e-28
8.33,-1.403958650769135e-16,0.011489684941338396,-1.9049776220583507e-16,6.009746449802364e-17,-0.022948738094740406,6.486023509135941e-17,1.3254931261798992e-17,-17.560237956970912,-3.485878501155099e-28
8.335,-9.02663272871509e-17,0.010719379111989724,-1.6825163139324893e-16,3.3420826293118405e-17,-0.02139325323128105,6.161134001208941e-17,2.0947425998936976e-17,-19.461886697399436,-2.170779805346473e-29
8.34,-1.2360756259316168e-16,0.009894321986323007,1.69580481050597e-16,2.3620030934332054e-17,-0.019726632451494197,-2.8241763691881906e-17,2.852025324311779e-17,-21.31338009748048,-7.933405839764853e-29
8.345,-1.8787543477695248e-16,0.009022931015266522,1.2452836379005394e-16,5.94192362182074e-17,-0.01796603228019933,-1.9021695467756542e-17,2.4068328760340085e-17,-23.111088619982784,-1.6687220173237474e-28
8.35,1.0833344919132069e-13,0.008113767224969592,2.798700900176629e-14,-2.9556118362284965e-14,-0.016128915043708503,-5.5436065662670266e-15,6.596434903189119e-15,-24.85180511771466,2.478647062799407e-26
8.355,-3.5021997474942004e-17,0.007175392714017903,-4.911361505165936e-16,3.219323624911179e-17,-0.014232753209583393,1.485167449100412e-16,2.7909596211120854e-17,-26.53275520910158,-1.1333302794620105e-29
8.36,5.413944196686183e-14,0.0062162363132642895,1.4086519176286876e-14,-1.4783010372329765e-14,-0.01229475529538604,-2.7871729527559717e-15,3.322641962138686e-15,-28.151601638810504,1.2459256187452731e-26
8.365,-5.433521653914601e-14,0.005244472090069507,-1.4133126019815217e-14,1.4838173032195288e-14,-0.010331614777541631,2.832664527162569e-15,-3.2494671529099454e-15,-29.706442845942938,-1.2488401050981668e-26
8.370000000000001,5.4132221118292756e-14,0.004267912303859589,1.4080607980803582e-14,-1.4777795306251733e-14,-0.008359287380443448,-2.7866177957239644e-15,3.3259231179727013e-15,-31.19580606313837,1.2575198161593056e-26
8.375,-2.71176758868437e-14,0.0032939111895728956,-7.42553758672667e-15,7.412282756720198e-15,-0.006392796809834067,1.521882972153025e-15,-1.6012876045917048e-15,-32.61863535681283,-6.0823027977640365e-27
8.38,2.7003005833292218e-14,0.002329291876208117,7.089147988416154e-15,-7.37095482325533e-15,-0.0044460780406012645,-1.3997292019627572e-15,1.6866818863026055e-15,-33.97427508464159,6.3532836422343314e-27
8.385,2.6999666105238833e-14,0.0013802837547416402,6.934518968143392e-15,-7.356532587273661e-15,-0.002531853742063106,-1.359937684066897e-15,1.6845064387660504e-15,-35.26244930197112,6.28356068636421e-27
8.39,-1.1934336722776794e-17,0.0004524818372573236,-2.818143624785548e-16,8.994533628123945e-18,-0.0006615447425417642,9.132444283800535e-17,4.8415856888631837e-17,-36.4832376797125,1.3721559729561752e-28
8.395,-1.0115925096797873e-16,-0.00044917926362586513,8.572193381798307e-17,2.551746467525797e-17,0.0011547811912748784,-9.453584119732637e-18,5.065644459052606e-17,-37.63704851526346,1.4208404629091852e-28
8.4,-1.8263344282448178e-18,-0.0013204382320708419,-2.6272800465287433e-16,4.249121093112507e-18,0.0029084364704417,8.525122582623082e-17,5.285158244915823e-17,-38.72458942165292,7.127159744766394e-29
8.405,-2.7223730956074325e-14,-0.0021577010725479795,-6.815954321017196e-15,7.42253737023041e-15,0.0045921026232349504,1.35373991076858e-15,-1.5866512377486235e-15,-39.746836264544626,-6.22481275793018e-27
8.41,1.3534547319947104e-14,-0.0029580260427195526,3.3707154528962662e-15,-3.693360014847115e-15,0.006199799708902276,-6.476875219462356e-16,8.777914805359767e-16,-40.70500089856066,3.0667872087084782e-27
8.415000000000001,-1.3592181924633553e-14,-0.0037190955867600906,-3.5325006438048883e-15,3.704953147182062e-15,0.007726828883320991,7.163593596714582e-16,-7.615536288276549e-16,-41.60049821701406,-3.0764680294606017e-27
8.42,-5.886822280077618e-17,-0.004439179438236351,1.6576035649365937e-17,1.4399564844608788e-17,0.009169696124359916,6.1166484410494666e-18,5.960947638025881e-17,-42.43491299089435,1.7344045734147863e-29
8.425,1.351031968289981e-14,-0.005117090932245105,3.4826612926939827e-15,-3.687406969979986e-15,0.010526022146251535,-6.809038381906766e-16,8.819151105425847e-16,-43.20996692625991,3.1348929270285513e-27
8.43,-4.3356808698078283e-17,-0.005752135220447485,1.8926822260660562e-17,8.334466433132852e-18,0.011794438223642345,4.184329714038148e-18,6.326978365694237e-17,-43.927486318652825,8.518696824131476e-29
8.435,-8.966464060948233e-17,-0.006344055665444159,1.2691859981981826e-16,2.3526506315643493e-17,0.012974473611443216,-2.7038245242276708e-17,6.278953184362461e-17,-44.589370633408905,-1.6031259494972817e-29
8.44,1.3515012059943531e-14,-0.006892976379916149,3.492057282075178e-15,-3.68794142733177e-15,0.014066439892285842,-6.8612972732631385e-16,8.856329454143519e-16,-45.197562288856304,3.081876501026855e-27
8.445,-3.320091802035634e-17,-0.007399343375070089,1.4831692073295595e-17,6.085389035437654e-18,0.015071308142719175,2.7074801258068147e-18,6.698206197990412e-17,-45.754017869073984,2.9030327843851407e-29
8.45,-3.5662230161461125e-17,-0.007863865919361501,9.1935855623521e-18,8.390408930657331e-18,0.015990591177953206,3.0508079644209995e-18,6.753053697965967e-17,-46.26068094802299,4.3442327251887283e-29
8.455,1.3518504446942833e-14,-0.00828746029032601,3.5039781603262276e-15,-3.688352798465866e-15,0.016826225743095335,-6.921753405543225e-16,8.887850419042967e-16,-46.719456661574114,3.138888282890704e-27
8.46,-1.3549196022710267e-14,-0.008671192322381671,-3.570276183701204e-15,3.693847744114433e-15,0.017580457867772736,7.191244068346522e-16,-7.498033473258426e-16,-47.13218812548177,-3.084356081354488e-27
8.465,-1.3591342474498626e-14,-0.00901622552198944,-3.4199123529594156e-15,3.703577992504295e-15,0.018255733394045848,6.769546853425427e-16,-7.492921788117443e-16,-47.500634764239734,-3.0926012879650076e-27
8.47,1.3093168766697884e-17,-0.009323772961131738,-1.276215483236141e-16,-2.4803769634707126e-18,0.018854603509215195,3.6878554505470355e-17,7.153625460084211e-17,-47.82645258666142,4.3973520021328645e-30
8.475,-3.499597184226274e-17,-0.009595048528318273,4.412786155091215e-17,8.42739383999853e-18,0.01937962200132226,-1.1144150254708925e-17,7.192041055184816e-17,-48.11117641613052,-1.4608120925131465e-29
8.48,-1.3546249691302885e-14,-0.00983122785032009,-3.565306244531352e-15,3.694138199358733e-15,0.01983326856041323,7.139151639647178e-16,-7.468899680574517e-16,-48.356204072723855,-3.1010912945691425e-27
8.485,1.3502716538887576e-14,-0.010033409847622465,3.569007740281234e-15,-3.6824192759966695e-15,0.020217868437525155,-7.159373693889012e-16,8.92691338877877e-16,-48.5627824811397,3.1084676656297124e-27
8.49,-2.7072186999495513e-14,-0.010202584785176327,-7.127406390598309e-15,7.3836509844726e-15,0.020535529489137616,1.4249574025101632e-15,-1.5654424437896485e-15,-48.731995676294254,-6.2103328869194936e-27
8.495000000000001,1.3504404358631546e-14,-0.010339605148928399,3.560472341799414e-15,-3.681954051369574e-15,0.020788081997542562,-7.15614180460962e-16,8.935107455536737e-16,-48.86475466818524,3.098647767999246e-27
8.5,-1.3547110033305678e-14,-0.01044516255043959,-3.559653593867533e-15,3.695412765219016e-15,0.020977032988847455,7.084356703159348e-16,-7.450915664611645e-16,-48.961789129841115,-3.106672003315187e-27
8.505,1.3505437532510823e-14,-0.01051976969596069,3.552106742925265e-15,-3.681402613736289e-15,0.021103529284131284,-7.153445047741034e-16,8.940762480216887e-16,-49.02364087151143,3.0982435102266595e-27
8.51,-1.3549055264278623e-14,-0.01056374540146976,-3.556774631811675e-15,3.6964550816296535e-15,0.021168327341214876,7.05647572981053e-16,-7.446305485334367e-16,-49.05065906901228,-3.1102706126917416e-27
8.515,1.350587098002686e-14,-0.010577205018520885,3.5439158211270686e-15,-3.680796730354027e-15,0.021171776837558554,-7.151239559224084e-16,8.943833178890164e-16,-49.042997222246605,3.0971762578694588e-27
8.52,-1.3551917425129759e-14,-0.010560056849854504,-3.553865264133674e-15,3.6977159404613144e-15,0.021113809408365825,7.028334154422957e-16,-7.444672496283021e-16,-49.00061182620604,-3.1114959736317952e-27
8.525,-1.3557684372138184e-14,-0.010512001283217387,-3.547345759302929e-15,3.6999063955523885e-15,0.020993941560091045,6.999071684324827e-16,-7.446937379157656e-16,-48.9232627475376,-3.1128326681736194e-27
8.53,-1.3558248960692012e-14,-0.010432535180775915,-3.540572586152661e-15,3.699655781902597e-15,0.02081128166812185,6.971721701139407e-16,-7.446035933812222e-16,-48.81051530797548,-3.1116945107773875e-27
8.535,1.3502009006562495e-14,-0.010320962240513154,3.5414216599011557e-15,-3.679011727828245e-15,0.020564552265950553,-7.184537066459574e-16,8.942116446954272e-16,-48.66174408767076,3.097534139520235e-27
8.540000000000001,1.348546604150328e-14,-0.010176407464314252,3.564055713864644e-15,-3.673101965227236e-15,0.020252117420266558,-7.260630498689867e-16,8.932976831022432e-16,-48.4761384676424,3.0868974654591966e-27
8.545,1.3490369102567158e-14,-0.009997834471121791,3.5767865099156614e-15,-3.676489977175425e-15,0.01987202221608797,-7.300748012601537e-16,8.937299154031892e-16,-48.25270994016013,3.0922414647091626e-27
8.55,-2.835751685216686e-17,-0.009784072545130584,-1.160210085328317e-17,1.0499083656424626e-17,0.01942204201796116,-1.0758628000836354e-17,7.3941303465006e-17,-47.99030122142513,-8.871787203224233e-30
8.555,-3.2499514209923163e-17,-0.009533842404472637,-1.511833918229811e-17,1.23423590846957e-17,0.018899738422506474,-1.093176832828283e-17,7.320637054423695e-17,-47.68759720222508,-1.5348082992953286e-30
8.56,1.3487006923181978e-14,-0.009245791878569776,3.594765033529221e-15,-3.67727143475545e-15,0.01830252967439705,-7.376108861376861e-16,8.928366299017166e-16,-47.34313777625518,3.0996764084832473e-27
8.565,-1.3551473959473444e-14,-0.008918534388399735,-3.628877639457307e-15,3.700737228217691e-15,0.017627765629196546,7.141640844579857e-16,-7.478182369892011e-16,-46.95533257873831,-3.093260747126036e-27
8.57,1.3476095942523308e-14,-0.008550691852548198,3.5990717071156516e-15,-3.673382352510408e-15,0.01687281796235851,-7.409431542722382e-16,8.90968084631588e-16,-46.52247766422509,3.116470094979647e-27
8.575000000000001,-3.6562469839911066e-17,-0.008140942133550766,-1.588052093990919e-17,1.2403485813253967e-17,0.016035169687185657,-1.4331867892011435e-17,7.066281862359352e-17,-46.04277413797342,-2.292740962838179e-30
8.58,-4.164221244420837e-17,-0.007688071363851634,-1.9164520689916294e-17,1.4493296193436997e-17,0.015112523202926553,-1.449394035872446e-17,6.93863935405656e-17,-45.51434874314368,-4.1369739207717394e-29
8.585,4.052648407185316e-14,-0.0071910295035380045,1.0716321883349988e-14,-1.1051593146064586e-14,0.014102908306693251,-2.1676172530905527e-15,2.527512905519249e-15,-44.93527638058102,9.27858959044514e-27
8.59,-6.42908666763451e-17,-0.006648988612155904,6.650047409807305e-17,1.776768718023358e-17,0.013004798079233382,-3.9370931954731606e-17,6.749509968907876e-17,-44.303604514922235,-6.396449781006905e-30
8.595,-1.3560698215758115e-14,-0.006061403500233098,-3.613424792850791e-15,3.700391642903559e-15,0.011817229291612108,7.050610302221897e-16,-7.533142691364297e-16,-43.617379388145004,-3.0600386625309568e-27
8.6,-2.7078574079951312e-14,-0.005428072496584946,-7.270056219618297e-15,7.391702760982081e-15,0.01053992202093923,1.442509315912376e-15,-1.5755661731330889e-15,-42.874673925148784,-6.150563421186771e-27
8.605,2.700488759669967e-14,-0.004749202917452067,7.196368611556535e-15,-7.370865400097508e-15,0.009173406930436556,-1.4680704852361656e-15,1.7046353024050443e-15,-42.07361717722736,6.2485723681060626e-27
8.61,1.3541625795871584e-14,-0.004025466822696444,3.2686960883842523e-15,-3.685626579141022e-15,0.007719138837018136,-6.571629439743034e-16,8.806805935402411e-16,-41.21242509914237,3.1596126946632717e-27
8.615,1.3413706477755392e-14,-0.003258064323787835,3.870415563930415e-15,-3.66955510596116e-15,0.006179614006121881,-8.206587949536021e-16,8.817319585007794e-16,-40.28943241505942,3.0766647720243998e-27
8.620000000000001,-3.120937875990111e-17,-0.002448773196292109,-7.15140972351677e-17,7.824549170870695e-18,0.004558470934540537,-5.060465042039178e-18,5.876639280574879e-17,-39.303125269750225,-8.099434233539252e-29
8.625,-8.384339381680673e-17,-0.0015999980752070542,2.988940965675404e-17,2.5288562134728435e-17,0.0028605866829636284,-3.417552757764198e-17,5.461721027080278e-17,-38.2521743178008,-5.768320674168868e-29
8.63,-7.190633257992694e-17,-0.000714809712505371,4.1566127223603154e-17,1.7833896992809522e-17,0.0010921483729404713,-3.7076084059039544e-17,5.396000711364285e-17,-37.13546784641256,7.788909021015488e-29
8.635,-5.756671282752629e-17,0.00020302636295355114,5.3861101887328516e-17,9.197779119193054e-18,-0.0007392901752965031,-3.9868588958509634e-17,5.3393310686107346e-17,-35.95214448378452,7.800672335363395e-29
8.64,-4.0829912314102345e-17,0.0011490315123410255,6.660627298126587e-17,-5.909973155033499e-19,-0.0026247757204700406,-4.2478786396845575e-17,5.2914338190428106e-17,-34.701624998756394,7.917438899199938e-29
8.645,-2.7089028547967886e-14,0.0021180117389292263,-7.335115627104253e-15,7.396107049588709e-15,-0.004553953511013731,1.456422404872814e-15,-1.59484605677012e-15,-33.38364265945115,-6.205147010928428e-27
8.65,2.6976989012227377e-14,0.0031040685008036917,7.465637666626293e-15,-7.38337975900737e-15,-0.006515091977533416,-1.5416958196500125e-15,1.6905979911562124e-15,-31.99827159181445,6.289297165665473e-27
8.655,-2.7097052266991516e-14,0.004100627221447439,-7.351234243502259e-15,7.40065695032098e-15,-0.008495142794643584,1.460733912842734e-15,-1.6011511409080797e-15,-30.54595255796827,-6.149658635920957e-27
8.66,5.4110365879933186e-14,0.005100484065209798,1.446366125181935e-14,-1.4791892555231878e-14,-0.010479832724954008,-2.9304702277400015e-15,3.328701076338645e-15,-29.02751557072699,1.2504053245559927e-26
8.665000000000001,-5.419293506851991e-14,0.006095870239988699,-1.4315943499732346e-14,1.478712121222949e-14,-0.012453797091822594,2.8439518165291403e-15,-3.2462157049203453e-15,-27.444198767543536,-1.234783290545113e-26
8.67,6.261346555431763e-17,0.007078533304266443,-3.81059189600366e-16,-1.854711548424752e-17,-0.014400739244877059,8.113110448790666e-17,3.5381539230542843e-17,-25.797662994947263,3.3333870034103884e-29
8.675,5.400625234714493e-14,0.008039840463510473,1.4767760722735825e-14,-1.4763764105298917e-14,-0.01630363658630074,-3.0125872524166044e-15,3.3175143857928468e-15,-24.09000159124531,1.2382470873513828e-26
8.68,4.0206800853508797e-17,0.008970892582382817,-5.582452493699866e-17,-3.241688798777465e-17,-0.01814496864135151,-3.199795873941115e-18,3.474353449052493e-17,-22.323744921225675,4.7948084022516333e-29
8.685,1.1320561243878737e-17,0.00986265702576361,-7.586018205856232e-17,-1.6019114646484482e-17,-0.019906976083007066,1.9964041565668054e-18,2.8347070849646735e-17,-20.501859286868395,-5.602498300254571e-29
8.69,-1.996499177661955e-17,0.01070611068300309,-9.547057749118937e-17,1.5841061875824836e-18,-0.021571944939680066,6.763849022076132e-18,2.169206317975433e-17,-18.62773993431325,-7.278486616781836e-29
8.695,-1.8266682068071022e-16,0.011492395044385262,9.261995442002655e-16,3.009866262000865e-18,-0.023122509831424054,-2.668872467265849e-16,2.7904418961621405e-17,-16.70519798355696,-3.013847279150592e-29
8.700000000000001,4.260498475804934e-17,0.012212970538342915,-6.966203746676352e-17,-3.019966540613926e-17,-0.024541957019607707,5.319606774195902e-18,2.1076623431622792e-17,-14.73844123014095,-1.780982478258089e-28
8.705,9.157035779453617e-18,0.01285977903911828,-9.113700074465183e-17,-1.0945742317838052e-17,-0.0258145412136912,1.0858626641547634e-17,1.40192457242723e-17,-12.732048891124485,2.782467523934398e-28
8.71,-5.421409812416036e-14,0.013425400062502035,-1.3971325982152974e-14,1.4774975407689264e-14,-0.02692579079966606,2.7621792657710985e-15,-3.2698753245999267e-15,-10.690940509567362,-1.2361394659886312e-26
8.715,7.470652516597951e-17,0.013903198488478097,-6.37990928165867e-17,-4.3784051853556496e-17,-0.027862793368996108,9.2106626576e-18,1.3587040752181445e-17,-8.620339364177347,1.1406020677593587e-28
8.72,-4.944741928869819e-17,0.014287461899840537,2.4996719403595016e-16,-5.1801980585617216e-18,-0.028614464997858136,-7.647085137498314e-17,6.228325954662619e-18,-6.525730863234404,-1.0315253679954749e-28
8.725,5.298769135486594e-17,0.014573522993444499,2.994657138736283e-16,-5.896733120430236e-17,-0.029171781951106368,-8.343823367927094e-17,1.3251388768942093e-17,-4.4128165301143305,-6.064201453795784e-30
8.73,-5.404862621684899e-14,0.014757856954574322,-1.4671149278147335e-14,1.475272250359666e-14,-0.029527971321655855,2.9596360209191863e-15,-3.2857112566434446e-15,-2.2874642997182946,-1.223387106491845e-26
8.735,5.430741039615094e-14,0.014838161548738071,1.4175388865226187e-14,-1.4856296017133103e-14,-0.029678662700519,-2.827603849941473e-15,3.2894792687074846e-15,-0.1556559398149524,1.2831299123100339e-26
8.74,-5.4256983000287613e-14,0.014813406909155447,-1.3630302610998914e-14,1.4777737489242504e-14,-0.02962197846846948,2.6814162896670904e-15,-3.286539847963895e-15,1.9765675076247966,-1.2406967617964106e-26
8.745000000000001,3.0174064136693446e-16,0.014683858324616494,-7.505400426280532e-16,-9.442263591070657e-17,-0.029358580166629622,2.0955303628109213e-16,-2.8285120269513684e-18,4.103161321778348,2.7156744273220354e-28
8.75,1.0839108026439237e-13,0.014451072457347891,2.910505116807112e-14,-2.964956974515381e-14,-0.02889165165356644,-5.852909791547274e-15,6.572460725523255e-15,6.218132759786954,2.4942516135474836e-26
8.755,2.0814510041380762e-16,0.014117861893012673,-8.045978344335854e-16,-3.993160287892327e-17,-0.02822683097062395,2.239179721364847e-16,-1.9033331078162142e-17,8.315595800194505,2.0700031916737605e-28
8.76,1.0811998047958043e-13,0.013688236810992294,2.9706018342045113e-14,-2.9558320496348235e-14,-0.027372086940800955,-6.018442476692784e-15,6.556044958359398e-15,10.38982402266716,2.4938380572341153e-26
8.765,2.1984215911573134e-16,0.013167315872685492,-4.887678911064724e-17,-1.0242705040412517e-16,-0.026337551413675442,2.955031134150713e-17,-5.626319679546922e-18,12.435300723690869,8.495856837504857e-29
8.77,1.6695528439218042e-16,0.012561220724819577,-8.205636203514348e-17,-7.166913873981373e-17,-0.025135302318474828,3.806565894235392e-17,-1.4042853263388186e-17,14.44676544192415,1.958880791714473e-29
8.775,1.1136696661087608e-16,0.011876945292485175,-1.1312102255818105e-16,-3.996617985358814e-17,-0.02377911287767631,4.5261860354078374e-17,-2.2476538637946075e-17,16.419256161132125,-2.3429107428821143e-29
8.78,5.443304239412478e-17,0.011122216031992593,-1.4145520164719495e-16,-8.027981420697788e-18,-0.02228417569004648,5.1051708070029004e-17,-3.080558197141395e-17,18.34814657148782,-4.903787071068212e-29
8.785,1.0858697458348078e-13,0.010305338476307213,2.911145614634182e-14,-2.973829240778101e-14,-0.020666801722882155,-5.835787793837815e-15,6.571511672572881e-15,20.22917789113622,2.508754178047186e-26
8.790000000000001,-1.0825777680486513e-13,0.009435036468858016,-2.8590462936123244e-14,2.955253617693089e-14,-0.018944110825060534,5.740975679702964e-15,-6.600557525542739e-15,22.058484885138395,-2.4829874063271396e-26
8.795,3.153121386824595e-16,0.00852029582806324,-7.205624486305245e-16,-8.904094360103438e-17,-0.01713372052017803,2.1773823920016198e-16,-2.749906841374662e-17,23.83261585450013,9.170257980122752e-29
8.8,-5.4166382482834244e-14,0.007570200918657122,-1.3726396329781917e-14,1.4757536656895842e-14,-0.015253436602222337,2.7287032537844546e-15,-3.312476933852043e-15,25.548546500266134,-1.2440569068485938e-26
8.805,3.1653286843785e-16,0.006593791286618966,-6.976662174821093e-16,-8.956596007174323e-17,-0.013320965450034805,2.1330897320411708e-16,-3.0551679043021685e-17,27.20368770389669,1.6375761602796402e-28
8.81,-5.4154048837326075e-14,0.005599914616901458,-1.3750598135544726e-14,1.4755098163381036e-14,-0.011353636190506222,2.7369634294943658e-15,-3.3153985492059966e-15,28.795887377254132,-1.2229882409287266e-26
8.815,3.088564277242805e-16,0.004597104550327913,-6.738071091381283e-16,-8.611200926345425e-17,-0.009368158183050923,2.0783103595443638e-16,-3.387752047350827e-17,30.323426654778913,1.174902764788475e-28
8.82,-5.4148532022333884e-14,0.0035934651292635067,-1.3778971811843094e-14,1.4755981254811453e-14,-0.007380400913604035,2.745559166681278e-15,-3.318532828283478e-15,31.785010785929046,-1.2238203387681988e-26
8.825000000000001,2.9308212028361708e-16,0.002596580221187139,-6.481720260595578e-16,-7.918698705206963e-17,-0.005405216253507206,2.010378562659938e-16,-3.740229259896981e-17,33.179755172154515,1.264010733874272e-28
8.83,-5.414892453361114e-14,0.0016134344371181442,-1.3810248733820926e-14,1.4759604726411328e-14,-0.003456285005128734,2.75413257124562e-15,-3.321793756787995e-15,34.50716704670145,-1.2478071239927902e-26
8.835,2.7058550143007766e-16,0.0006503568759441691,-6.199527881606643e-16,-6.95479511292548e-17,-0.00154601046932612,1.9274154940302162e-16,-4.1016645845281715e-17,35.76712334662646,2.068772767122193e-28
8.84,-5.4153868367386975e-14,-0.00028701849661061374,-1.3843225524058337e-14,1.4765204211715798e-14,0.0003145618881461587,2.762416096197667e-15,-3.325070610068317e-15,36.95984534688252,-1.2398946764829369e-26
8.845,2.4306755013214364e-16,-0.0011937762044240685,-5.884776965936865e-16,-5.806981101323975e-17,0.002115784204889337,1.82856489436662e-16,-4.4596827683820465e-17,38.085870641638,1.5084996032796583e-28
8.85,5.418448991071399e-14,-0.002065721797158915,1.4819149446153486e-14,-1.4823466125164254e-14,0.0038494165423372806,-2.9796693763617473e-15,3.2459866171634163e-15,39.146023052054126,1.2480479738387784e-26
8.855,-5.394440220312042e-14,-0.0028993744401830668,-1.4530898231636e-14,1.4714981798890146e-14,0.005508609219248228,2.9509566183936054e-15,-3.324806274398228e-15,40.14138102231297,-1.2413113514166211e-26
8.86,7.891444424801136e-17,-0.0036919446731253913,1.0688884749770991e-16,-3.091851627309813e-17,0.007087858575673067,-6.796534176574313e-18,-4.5000788526985914e-17,41.07324503976923,6.46327431089426e-29
8.865,1.1389476534773124e-16,-0.004441298060598342,1.1451211066723598e-16,-4.919609010179575e-17,0.008582939078209506,-7.720940789024753e-18,-4.21618612042095e-17,41.943104577894516,1.3212374587455896e-28
8.870000000000001,-5.403642062975063e-14,-0.005145914091645665,-1.452207981823767e-14,1.475970345027862e-14,0.009990821891420865,2.943256524306693e-15,-3.33453194109468e-15,42.752605015492186,-1.2387221085099776e-26
8.875,5.4178287459878697e-14,-0.005804833865283854,1.4678924258060824e-14,-1.4810541979091522e-14,0.011309572427862236,-2.9454955492938514e-15,3.2394009960798756e-15,43.5035149419806,1.2471131603512723e-26
8.88,-5.398080253339867e-14,-0.0064176033832090695,-1.4467388230797575e-14,1.4726995775299385e-14,0.012538240628558128,2.9300672760201005e-15,-3.328884336956134e-15,44.19769420373968,-1.2313544584501549e-26
8.885,-5.404185662240283e-14,-0.0069842151939703,-1.41209988656468e-14,1.4729848726926653e-14,0.013676748483518963,2.836055634940736e-15,-3.3264378571361202e-15,44.837062997338805,-1.2399881259304281e-26
8.89,-5.397790346447121e-14,-0.0075050439017072534,-1.459557677177569e-14,1.473474794070638e-14,0.014725761933434,2.9621115943590774e-15,-3.332135779787441e-15,45.42357226701184,-1.2324763806701504e-26
8.895,5.416874164625492e-14,-0.007980783682151937,1.4411183926637006e-14,-1.478672006178051e-14,0.01568657234263071,-2.8790387975120626e-15,3.2312090168905175e-15,45.959175610098285,1.2444237010919314e-26
8.9,8.648858796467867e-17,-0.008412387676617783,-7.328805875849296e-17,-2.3815059111957622e-17,0.016560974427861197,3.4790211920560655e-17,-5.100960134408774e-17,46.44580285360581,4.13798670714817e-29
8.905,-5.4097685065284486e-14,-0.008801004343689911,-1.4157695946166784e-14,1.475856166552474e-14,0.017351144982576727,2.8395411539431344e-15,-3.3329050960292336e-15,46.88533542232491,-1.2412964276660579e-26
8.91,5.4250182804066125e-14,-0.00914792221754368,1.4038179023884369e-14,-1.479986308600218e-14,0.018059533821215723,-2.7810152853133533e-15,3.2295077425048076e-15,47.27958357935011,1.250589715774545e-26
8.915000000000001,-7.118817132146884e-18,-0.009454513772415574,2.3600860485566815e-16,-3.1378598885549363e-18,0.018688752254568897,-5.3230941417149834e-17,-5.2226791905819216e-17,47.630265593063584,1.5453267854635937e-30
8.92,9.723843720807746e-17,-0.009722183794707462,-8.581874267684858e-17,-3.049046546733878e-17,0.019241476949304115,3.437025642340771e-17,-5.0397523872273926e-17,47.938988852505965,3.4735449503210613e-29
8.925,4.7992005052797906e-17,-0.009952326179477389,3.53262803991207e-17,-1.603705549560588e-17,0.01972035706589992,-5.237448387209333e-19,-5.1891930617451077e-17,48.20723293472229,1.2345555095457031e-29
8.93,2.712337415411449e-14,-0.010146278663411223,7.100946466538353e-15,-7.401669136103153e-15,0.02012793408326985,-1.411393846880138e-15,1.588179580971327e-15,48.436334610165915,6.238386941451091e-27
8.935,2.898073471025874e-17,-0.010305287903311644,1.0982687467222867e-16,-1.3560977156859855e-17,0.020466565585095964,-2.3062751516312394e-17,-5.158828219541477e-17,48.627474759593895,1.3562324589948284e-29
8.94,-2.6997508755806326e-14,-0.010430476693524149,-7.138980313923336e-15,7.360910594958284e-15,0.02073836510613347,1.435549208309258e-15,-1.6912951268461441e-15,48.781667168301325,-6.196607566126884e-27
8.945,2.4016637461017278e-17,-0.010522818968359271,-2.457917796669603e-18,-3.506486313077563e-18,0.02094515021200749,3.692370584719423e-18,-5.427618016037917e-17,48.89974916054449,2.4765423889425585e-30
8.950000000000001,2.711320122105701e-14,-0.010583114174438801,7.13104509939654e-15,-7.401282811678939e-15,0.02108839344021618,-1.4243623644763142e-15,1.5887645972160142e-15,48.98237403820275,6.227602070424422e-27
8.955,-2.7027773929646282e-14,-0.01061197424353999,-7.0930156407691e-15,7.370665728078292e-15,0.021169194165004512,1.4186404654908096e-15,-1.6921733354957869e-15,49.030005285636925,-6.202073426542005e-27
8.96,-2.7044753724296922e-14,-0.01060980896131758,-7.094992390157692e-15,7.378696637972655e-15,0.02118825184220441,1.4171927309359623e-15,-1.6934155747618555e-15,49.04291251533589,-6.208802639519605e-27
8.965,2.7099882061251186e-14,-0.010576820287065303,7.107373761731455e-15,-7.394487662495608e-15,0.021145850897113405,-1.4223891726508193e-15,1.5879894342822901e-15,49.02116913020547,6.222168362519141e-27
8.97,-2.7051794375966886e-14,-0.010512999463733408,-7.0778972048445256e-15,7.379779015786324e-15,0.021041858232329957,1.4100058161282517e-15,-1.6928788955693878e-15,48.96465168995342,-6.208949654407164e-27
8.975,-2.7030830075858964e-14,-0.010418129177260926,-7.09952173859467e-15,7.370522930341348e-15,0.020875724761985737,1.4153893350501615e-15,-1.691064945564499e-15,48.87304097863535,-6.2023172950379286e-27
8.98,-2.2145255471867545e-17,-0.010291792499756092,7.987892878733844e-17,9.194965562371397e-18,0.020646503541243533,-2.8251775875383876e-17,-5.3914545987827796e-17,48.74582477784891,-8.53937100136372e-30
8.985,3.1499321272638995e-17,-0.010133383341845104,-6.586438875951036e-17,-6.604303210443214e-18,0.020352869932786177,1.1024741431603737e-17,-5.1998954520883416e-17,48.58230236318321,1.1554713193663332e-29
8.99,2.706341163748174e-14,-0.009942124689509946,7.156625950649007e-15,-7.382796895332628e-15,0.01999315693313264,-1.4428025305472463e-15,1.5883420193887907e-15,48.381590745617366,6.211761557866317e-27
8.995000000000001,3.4732577591565875e-17,-0.009717089368756149,-9.336221063000626e-17,-7.089902657930545e-18,0.019565398223498676,1.6031800768706684e-17,-5.113052556124215e-17,48.142632689959385,-1.3212491078638235e-31
9.0,2.705552786192614e-14,-0.009457227994777107,7.173108106020323e-15,-7.381174151251519e-15,0.019067381353963242,-1.4497446326589378e-15,1.5893590867371343e-15,47.86420654512224,6.2132840741610694e-27
9.005,-5.419697123335288e-14,-0.009161398402822485,-1.4086225511960183e-14,1.479139177784646e-14,0.01849670758277,2.793650732677256e-15,-3.333622825676307e-15,47.544937924990066,-1.2442344286006282e-26
9.01,5.4147327616325467e-14,-0.008828403337542312,1.4241921776193007e-14,-1.4775591968761742e-14,0.01785086608899178,-2.8617238545513914e-15,3.2324398253478673e-15,47.18331327502373,1.2436262368897365e-26
9.015,-1.3505638619548036e-17,-0.008457029989720866,-1.0043542495576831e-16,1.542988624849035e-17,0.017127313974647507,1.1505333768348518e-17,-5.251124220746226e-17,46.77769535852468,-9.107034491635673e-30
9.02,5.410610513404017e-14,-0.008046095034959677,1.423451461897764e-14,-1.475545944239954e-14,0.01632356689587766,-2.863517073316096e-15,3.2303610089791616e-15,46.32634068500025,1.2418648377442586e-26
9.025,2.2282397560784643e-17,-0.007594493187227158,-1.0452449515086686e-16,-3.1202307316185423e-18,0.015437294145932867,1.2294264037502782e-17,-4.743343892693277e-17,45.82741889189682,2.4559578829354782e-29
9.03,-5.42582232960894e-14,-0.007101249907469409,-1.4037285663537458e-14,1.4815353986881373e-14,0.01446642815174215,2.773468299175049e-15,-3.3333083635427365e-15,45.27903407062211,-1.2458257718434442e-26
9.035,5.4119234372496617e-14,-0.0065655757874854,1.4248829441994147e-14,-1.4764623819315845e-14,0.013409270659224148,-2.869131873013866e-15,3.2351095719457084e-15,44.67924800839741,1.2425554770864872e-26
9.040000000000001,-5.409748015445593e-14,-0.0059869257037945545,-1.4519647941754974e-14,1.477185127301668e-14,0.012264615505984011,2.9050742272789506e-15,-3.3278601877334294e-15,44.026105284169276,-1.2427658067621385e-26
9.045,-1.239774093409599e-16,-0.005365056036900739,4.097973521107536e-16,2.7178509422287184e-17,0.011031860635085877,-1.3155189475879253e-16,-4.37130377993453e-17,43.317660130182794,-1.0864283012388291e-29
9.05,-3.870988326025489e-18,-0.004700085644909535,-1.5543448244177893e-16,1.1010980963462375e-17,0.009711136603357318,2.085645863775667e-17,-4.490499414347304e-17,42.55200492500645,-2.17200938354167e-29
9.055,-5.432853024540977e-14,-0.00399255300228063,-1.4001042262270875e-14,1.48444678490548e-14,0.008303418996959522,2.7578082461865794e-15,-3.3323751399628214e-15,41.727300149527366,-1.2480049724652316e-26
9.06,5.4087571801547803e-14,-0.003243474354505338,1.4249299401616605e-14,-1.4751681818802484e-14,0.006810647197056596,-2.8732023789594895e-15,3.2390788042004725e-15,40.841805583656,1.239949380428474e-26
9.065,-5.4122304994351506e-14,-0.0024543945975423753,-1.4627019289151635e-14,1.478936635404001e-14,0.005235831073903796,2.9299932099750167e-15,-3.3254826504234602e-15,39.893912478245404,-1.2445901112875667e-26
9.07,-1.8561939033826783e-16,-0.001627434841186215,4.965776558126199e-16,4.790360200987154e-17,0.0035831485417219255,-1.585182242342989e-16,-3.968099847102383e-17,38.88217638220308,-8.199523694529873e-29
9.075000000000001,-3.0984891278291117e-17,-0.0007653332155719283,-2.1075696772790275e-16,2.5626799986593377e-17,0.0018580270167376511,3.319754397435086e-17,-4.079312183070638e-17,37.80535025549611,6.47459785510713e-30
9.08,5.4151381147838414e-14,0.00012852357012604898,1.4009686142767064e-14,-1.4767437274868612e-14,6.72115340023538e-05,-2.808337355526271e-15,3.2459338852322907e-15,36.662417447507146,1.2420091761659568e-26
9.085,-2.2014920428093872e-16,0.0010500817203151769,2.571331475574705e-16,8.174291513050174e-17,-0.0017811943588128543,-9.719737391959367e-17,-4.3175083809123064e-17,35.45262407558282,-9.163666253222282e-29
9.09,7.098527752570052e-17,0.0019946106745365455,-4.848577249723546e-16,-6.142910607019129e-18,-0.003677708017264081,1.0979162415075902e-16,-3.246445646999464e-17,34.17551029353928,9.055557848423605e-30
9.095,-1.662560471041167e-16,0.002956709896047016,2.9809261105749763e-16,4.9816232919520176e-17,-0.005611478688038574,-1.051330198192156e-16,-3.33498042485328e-17,32.8309399088591,-7.050143889925181e-30
9.1,5.417064740709029e-14,0.003930330160017093,1.398625357453025e-14,-1.4778487448904244e-14,-0.007570328238998059,-2.800276859587865e-15,3.254964520317108e-15,31.419127779688637,1.2465096831070921e-26
9.105,-2.2820182599499007e-16,0.004908811154663795,2.857716463949113e-16,7.987189041829395e-17,-0.00954082210178342,-1.037092951483954e-16,-3.514896932091202e-17,29.940664409777412,-6.360533399160335e-29
9.11,5.412238862202519e-14,0.005884937099608578,1.3947274280437065e-14,-1.4753003339020168e-14,-0.011508383155444335,-2.7906688875218304e-15,3.2538323389281016e-15,28.396537160677404,1.2420938219049062e-26
9.115,-2.869980339325525e-16,0.006851007771601303,2.6724370554047967e-16,1.090186850827652e-16,-0.013457431607605486,-9.930484393019412e-17,-3.671835715785292e-17,26.78814751158752,-6.879209663312057e-29
9.120000000000001,5.444895352498572e-14,0.007798927637054476,1.3061032214408545e-14,-1.4848177686226613e-14,-0.015371562481533374,-2.5426175325275726e-15,3.2667235106732483e-15,25.117323832333145,1.2601464024364794e-26
9.125,-1.0883833889093555e-13,0.008720311155080651,-2.75856297326866e-14,2.9737674444634934e-14,-0.017233760494278272,5.4236365622212546e-15,-6.605083943619487e-15,23.386329181525,-2.5098238566178158e-26
9.13,1.0811007287357922e-13,0.0096066006235489,2.8752552279053864e-14,-2.9496793116637096e-14,-0.01902663661374504,-5.788207141964147e-15,6.543578419648941e-15,21.597863706072967,2.4849107045800973e-26
9.135,-7.92691679213192e-17,0.010449199393654851,-3.439500154056368e-16,4.9852141109079067e-17,-0.020732697241641063,7.508860046493658e-17,-2.3755483393525596e-17,19.75506130463737,-1.4663140875633254e-28
9.14,1.0807668734682455e-13,0.011239610234341058,2.8737835431275196e-14,-2.948045771266239e-14,-0.022334627751163794,-5.782627216901388e-15,6.544448574241701e-15,17.861480311774745,2.4776971928381178e-26
9.145,-1.063273538766461e-16,0.0119695854247297,-3.7825597565034254e-16,6.453668466566893e-17,-0.02381559407795919,8.648344338089504e-17,-2.2829198913718838e-17,15.921088076251536,2.6701945004519007e-29
9.15,2.6054352722863638e-17,0.012631272903647073,-3.212022229597211e-16,-7.222309818166896e-18,-0.025159547005273453,7.829517023392887e-17,-7.207431239402435e-18,13.938239426560301,3.066384759100569e-29
9.155,-1.0896091002615327e-13,0.013217367285811576,-2.7604850908639047e-14,2.979532416392684e-14,-0.02635152588536016,5.4337117468507325e-15,-6.604075392716886e-15,11.917649152054231,-2.5029011708272445e-26
9.16,-1.567278332808611e-16,0.013721251916251731,3.212452914983287e-16,3.242764684157007e-17,-0.027377952757689172,-9.296511850312186e-17,-4.573493356881589e-18,9.864358761321554,-5.252629118366391e-29
9.165000000000001,-3.0219547611265945e-16,0.014137130077131133,2.4490839316120616e-16,1.1062217972424417e-16,-0.028226903916603874,-7.724485756388284e-17,-1.7815496606425282e-17,7.78369791537385,-8.600962704780186e-29
9.17,-1.0846471917695102e-13,0.014460147133803503,-2.889774111273217e-14,2.964744388711394e-14,-0.02888835868294848,5.800134876791332e-15,-6.584112874834511e-15,5.6812410660012524,-2.4868740402951172e-26
9.175,-5.579939963356307e-16,0.014686489591255736,1.2536107916191774e-15,1.5806843015344899e-16,-0.029354408757285455,-3.478936679158754e-16,-1.3424746881014177e-17,3.5627599472129923,-1.6737470840486535e-28
9.18,-9.892398836248688e-18,0.014813468401612795,-7.882933501987529e-16,4.488931489607566e-17,-0.02961942936418893,2.1286381954880612e-16,-1.0763605141234981e-17,1.4341726792488068,9.261070786696568e-29
9.185,-2.629607480387208e-16,0.01483957411130632,2.3123992493698727e-16,9.0630739631528e-17,-0.029680198646033773,-6.30770577146699e-17,-7.811121376114185e-18,-0.6985096697810143,-7.08768638363293e-29
9.19,-5.4395455773622705e-14,0.01476451129744305,-1.4375746254735985e-14,1.4887536819951203e-14,-0.029535968702745663,2.8839795654900014e-15,-3.295928064359974e-15,-2.829238147679572,-1.2569732885044712e-26
9.195,-3.092913482192532e-16,0.014589203545924079,5.709269742200689e-16,8.677896582413967e-17,-0.029188483619705607,-1.4962503973872282e-16,-1.0518389260984568e-18,-4.951981649315691,-1.5728858341221728e-28
9.200000000000001,-1.788458613501246e-17,0.014315772835658436,-4.3782569678893857e-16,2.0496068867404818e-17,-0.028641938442859782,1.2859215883966449e-16,2.67742421329009e-18,-7.0607823378851435,1.3376481888055918e-28
9.205,-3.91607906972445e-16,0.013947494063415888,5.050137146667335e-16,1.3293690737482573e-16,-0.027902890665146174,-1.3242572824660963e-16,-7.576276905292342e-18,-9.149809786267038,-1.1765134748922185e-28
9.21,-9.402637526651001e-17,0.01348872365529985,-4.923972038723337e-16,6.308870293431483e-17,-0.026980117296773187,1.4374106583591636e-16,-3.259973383160512e-18,-11.213412905202597,1.255141773924028e-29
9.215,5.408374278313102e-14,0.012944808452587608,1.4116324087918237e-14,-1.4756619635222243e-14,-0.02588442887800113,-2.798237694664201e-15,3.2915211792408808e-15,-13.246168782309072,1.2414928801464429e-26
9.22,-5.451084387427582e-14,0.012321972319114138,-1.3744158790970065e-14,1.4895649124579397e-14,-0.02462844413280152,2.7241018899320186e-15,-3.2841940448335893e-15,-15.242927639629386,-1.2474263599503309e-26
9.225,-5.450577617192066e-14,0.011627191162858708,-1.4130899244086542e-14,1.4924079333843372e-14,-0.023226329801218526,2.8277710496188197e-15,-3.29216022416043e-15,-17.19885321748125,-1.2649272655970621e-26
9.23,5.407019089936683e-14,0.010868053658711574,1.408307091913364e-14,-1.474602107420165e-14,-0.021693521135603078,-2.7849780844588415e-15,3.2920010537391956e-15,-19.10945800934184,1.2420810248665787e-26
9.235,-2.4973296468202723e-17,0.010052616347948629,-4.736720561665722e-16,2.880531833615987e-17,-0.02004642177770677,1.4904948074384337e-16,7.813604513153841e-18,-20.970632901200148,-6.541918795376546e-29
9.24,-5.435959824886259e-14,0.009189253182526613,-1.408747341054268e-14,1.4849110761712523e-14,-0.018302097671522688,2.825837311992997e-15,-3.2756739042765537e-15,-22.77867090228382,-1.2507434342638276e-26
9.245000000000001,-2.903543439774994e-16,0.00828650989876678,4.254494027363259e-16,9.156965187301255e-17,-0.0164779769424257,-9.592908688274971e-17,6.422899712526928e-18,-24.53028478941426,-2.977594091528565e-29
9.25,5.40956648772694e-14,0.0073529586182559115,1.373177882285697e-14,-1.4729176065368284e-14,-0.014591551717785478,-2.6882380262416856e-15,3.2884151704631568e-15,-26.222618624663514,1.2398952894664433e-26
9.255,-1.7710516165455022e-16,0.006397062779271323,-5.431691830856401e-17,7.410476196469524e-17,-0.012660099023833027,3.6204888965543944e-17,6.237189391012577e-18,-27.853253228744297,-3.001005374885262e-29
9.26,2.7047576549124902e-14,0.005427053004694926,6.805864183408135e-15,-7.367864345513065e-15,-0.010700428050583355,-1.3129082367985488e-15,1.6551496014948338e-15,-29.420205811888113,6.223618302249658e-27
9.265,-8.945839705840201e-17,0.004450816604702368,-1.7946450689691366e-16,4.16483574080235e-17,-0.008728647173413151,7.32419961325759e-17,1.1995583312003716e-17,-30.92192406896256,1.0080732461006795e-28
9.27,-4.265444127003473e-17,0.0034758002870773907,-1.5376074509508429e-16,1.709540934824286e-17,-0.006759968619853396,6.844484408992657e-17,1.7168567950073116e-17,-32.3572751319454,5.134489297208615e-29
9.275,-2.7204071007010843e-14,0.0025089310840797907,-7.012348199310361e-15,7.428885621830851e-15,-0.004808540839846387,1.4200810872564066e-15,-1.6252213640650428e-15,-33.72552984722886,-6.27367348687894e-27
9.28,-3.941180632766384e-17,0.0015565539753481517,-1.5405991040801266e-16,1.6923223428336196e-17,-0.0028873217409710605,6.824771014794504e-17,1.8108885880886106e-17,-35.02634289803127,6.702853579414189e-29
9.285,-2.718997372307035e-14,0.0006243853595009341,-7.0241786068771954e-15,7.424261515604758e-15,-0.0010079812440508817,1.4231833740975877e-15,-1.62360781383481e-15,-36.259729331978875,-6.240407599165091e-27
9.290000000000001,-3.191502468758173e-17,-0.00028251626855535505,-1.4979065406810608e-16,1.432309140872922e-17,0.0008191571125522046,6.663709448340652e-17,1.945876022351029e-17,-37.426038072020994,6.905753982491101e-29
9.295,-2.73306844697643e-17,-0.0011597618285890121,-1.459412958540746e-16,1.2454373802911193e-17,0.0025851464560986415,6.52046325239552e-17,2.0236541609109973e-17,-38.525922995712506,-8.212058711290491e-30
9.3,2.700105182061586e-14,-0.0020036347316931824,7.199576668900472e-15,-7.36986983356687e-15,0.004282414844375637,-1.420529444377927e-15,1.6627461141212428e-15,-39.56031215866969,6.2312799133649106e-27
9.305,-2.7139773863772394e-14,-0.0028110716709903727,-7.092083081045393e-15,7.40748105522521e-15,0.005904734058482575,1.4405224942331932e-15,-1.6195875224377e-15,-40.53037571425975,-6.203303150822001e-27
9.31,1.3472918588231427e-14,-0.0035796415726849773,3.6325850446153114e-15,-3.678296785743796e-15,0.00744717111058435,-7.079511807773635e-16,8.433780349526479e-16,-41.437493055445,3.1400443012286095e-27
9.315,-1.3596824562542828e-14,-0.004307507297212965,-3.485849478396638e-15,3.708251966300749e-15,0.008906013429644588,7.149030124048732e-16,-7.969468152965354e-16,-42.28321965863994,-3.097393208174254e-27
9.32,-1.3588622872490005e-14,-0.0049933834892215145,-3.4882844847095173e-15,3.705035925321184e-15,0.010278679475661079,7.149048491221485e-16,-7.960146020565183e-16,-43.06925406962758,-3.1099993402613223e-27
9.325000000000001,1.3526358013337375e-14,-0.005636487489688591,3.490725007296332e-15,-3.691811792877953e-15,0.011563619687738225,-6.715215806837656e-16,8.455776509480395e-16,-43.797405420143626,3.1302921600278654e-27
9.33,1.3497802367873553e-14,-0.006236485252870239,3.520533364454672e-15,-3.679635445342643e-15,0.012760205461084695,-6.816815580078962e-16,8.440981788452528e-16,-44.469561812089516,3.0974778919726558e-27
9.335,1.3513212188449435e-14,-0.006793433446354413,3.5310626241682994e-15,-3.687370043703827e-15,0.013868608232915136,-6.849083054777236e-16,8.459224436417227e-16,-45.08765985597077,3.1066131750960326e-27
9.34,-6.838996216866143e-18,-0.007307722818595153,-5.816182131816092e-17,1.1235136367626001e-18,0.014889687552038566,3.428425613001962e-17,2.653312381010251e-17,-45.653655602126044,1.844435006711301e-30
9.345,1.3521104202687755e-14,-0.007780017478559387,3.5362239955288573e-15,-3.690589425484732e-15,0.01582486215506762,-6.8833147733642665e-16,8.472768835530011e-16,-46.169497050078554,3.1133191356748426e-27
9.35,-1.3524213111408463e-14,-0.008211199426305882,-3.633006156229977e-15,3.687665823886165e-15,0.016675998957271787,7.485566369027748e-16,-7.919982982686134e-16,-46.63709838552858,-3.0952101961926807e-27
9.355,1.3526853837586051e-14,-0.008602309955996645,3.541332902744008e-15,-3.6928412713673035e-15,0.01744529363142533,-6.919217741932322e-16,8.484475036203679e-16,-47.05831604620299,3.100248858764889e-27
9.36,-1.3567161513711656e-14,-0.00895449945529947,-3.467043610411027e-15,3.696830516292414e-15,0.01813516443897356,7.007474644529172e-16,-7.91311711813996e-16,-47.43492669015621,-3.1105023312397157e-27
9.365,2.707356249567885e-14,-0.009268973853700402,7.024568589561896e-15,-7.385067203216417e-15,0.01874814694057747,-1.3859926365331088e-15,1.668605475006807e-15,-47.76860710387608,6.214840486411094e-27
9.370000000000001,-2.7075176629599128e-14,-0.009546951133735604,-7.077055375115796e-15,7.381252702166533e-15,0.01928680423931617,1.424531613687616e-15,-1.6098096117759648e-15,-48.06091606841192,-6.214252634179717e-27
9.375,-1.3518125603272872e-14,-0.009789616545752722,-3.614917239035544e-15,3.685212797327118e-15,0.019753633878881516,7.377085305341956e-16,-7.895764837297558e-16,-48.313278175549335,-3.0935239373467384e-27
9.38,-1.3542444654322824e-14,-0.009998086508645088,-3.513637395048731e-15,3.689747189197786e-15,0.02015099730025227,7.08885360511964e-16,-7.891039948753336e-16,-48.52696957850743,-3.1052616142836723e-27
9.385,1.351660691730338e-14,-0.010173373423526755,3.5520976709243603e-15,-3.6868952116302095e-15,0.020481045867796865,-7.02920564592576e-16,8.496588550772961e-16,-48.703105643744905,3.100981608331921e-27
9.39,1.3529812527704472e-14,-0.010316357544532195,3.5282399509751156e-15,-3.691099231002537e-15,0.020745666070595803,-6.97366355482686e-16,8.504445424311634e-16,-48.842630471319296,3.105966669911857e-27
9.395,-4.059001142210565e-14,-0.010427762647061911,-1.0661884227077509e-14,1.1067627164098988e-14,0.020946429818389234,2.1375576406915447e-15,-2.4274630355350943e-15,-48.946308244121575,-9.312685787631942e-27
9.4,1.351995226389332e-14,-0.010508135715255662,3.551325274206852e-15,-3.687757803648588e-15,0.02108455226108319,-7.064153012613202e-16,8.506864137185252e-16,-49.014716369561384,3.1035322429706506e-27
9.405,-1.3535860552010648e-14,-0.010557832832688518,-3.5572231801940015e-15,3.6906811922776e-15,0.02116086599206568,7.141164572554265e-16,-7.881132545227967e-16,-49.04824038232972,-3.1055683414336042e-27
9.41,-1.3538744046957078e-14,-0.010577008091551932,-3.564226989943192e-15,3.692587219043464e-15,0.02117579691831928,7.145216875693266e-16,-7.88227932069879e-16,-49.04707057981465,-3.1070441182228538e-27
9.415000000000001,1.3518340493612473e-14,-0.010565608596365905,3.563211970977342e-15,-3.687427179346505e-15,0.021129355796148275,-7.134066299540299e-16,8.514574310714931e-16,-49.01120037365054,3.102626351587751e-27
9.42,-1.3537538154105133e-14,-0.010523373300046046,-3.567424097739337e-15,3.692444963658235e-15,0.021021136013521513,7.128791917140307e-16,-7.878239545221102e-16,-48.94042634675434,-3.1074436141046292e-27
9.425,1.3513533187252882e-14,-0.010449836697020487,3.564829270192393e-15,-3.685243597253021e-15,0.02085032085262739,-7.165881796410165e-16,8.514919214453754e-16,-48.83435001664645,3.0988830663852235e-27
9.43,-1.3540290990256323e-14,-0.010344338249012708,-3.578520464688386e-15,3.694536358177323e-15,0.020615704509570065,7.131214459854466e-16,-7.879559759217094e-16,-48.69238131556784,-3.1055634100868487e-27
9.435,1.3503381916667638e-14,-0.010206034315686452,3.586062001771093e-15,-3.6820542325740105e-15,0.02031571431586343,-7.251105421631903e-16,8.514077569627524e-16,-48.51374380464543,3.0964710818405377e-27
9.44,-1.3538740704826279e-14,-0.010033917684943106,-3.5842003218666824e-15,3.694161450202056e-15,0.019948452554098495,7.121797532409686e-16,-7.877812454099082e-16,-48.297481651563075,-3.1057920811701314e-27
9.445,-1.3548535430553668e-14,-0.00982684009944279,-3.5453782627875133e-15,3.695929588979421e-15,0.019511739484801893,7.003622170607688e-16,-7.87709344245575e-16,-48.04246840216584,-3.1135816931573986e-27
9.450000000000001,-1.773352755915011e-17,-0.009583540600182516,-1.7693069562252806e-17,7.143120770462293e-18,0.01900317362981596,-4.709991841120344e-18,3.152810549852001e-17,-47.74741758488951,-7.322676490027271e-30
9.455,-1.3554750407603964e-14,-0.009302678213401805,-3.5450643967225753e-15,3.698562596690316e-15,0.018420193315165534,6.975359038098764e-16,-7.882195653717639e-16,-47.41089518386574,-3.1116136943774075e-27
9.46,1.3517194336459169e-14,-0.008982868996120885,3.503251263346957e-15,-3.683326231722589e-15,0.01776015571518741,-7.090357450044498e-16,8.508478772658761e-16,-47.031334017880475,3.097192598708805e-27
9.465,-1.3561353197253425e-14,-0.008622729614842228,-3.5446808059262545e-15,3.701291902551902e-15,0.017020420078388554,6.947223212817545e-16,-7.889486394866628e-16,-46.60705005308385,-3.1111119529351686e-27
9.47,1.3506272025509084e-14,-0.0082209244776692,3.5281173390495586e-15,-3.6803797141920425e-15,0.016198442568818194,-7.184024986576168e-16,8.502093120848184e-16,-46.13626066859701,3.1218097889182216e-27
9.475,-3.431610360357508e-17,-0.007776214675274673,1.1207471589615137e-17,1.1899885588510612e-17,0.015291875030509772,-1.899392078816106e-17,3.018022104801358e-17,-45.61710487741427,1.3504361950951873e-29
9.48,-3.203906011426184e-17,-0.007287515566723357,1.5738158615801066e-17,1.018170593923865e-17,0.014298678898516215,-2.1220007580286187e-17,3.01889681756471e-17,-45.04766548792711,-9.279872084327843e-31
9.485,-1.353118690252796e-14,-0.006753952632891469,-3.759806081688149e-15,3.7016837471128274e-15,0.013217233252664329,7.476490165306439e-16,-7.92214967874281e-16,-44.42599316081406,-3.077892644183052e-27
9.49,4.0491527637359294e-14,-0.006174923160735091,1.099652483941884e-14,-1.1052680644919808e-14,0.012046460977977347,-2.241922370646106e-15,2.4901745833642913e-15,-43.75013229256678,9.305962212388841e-27
9.495000000000001,-1.3557063636188189e-14,-0.005550157011953161,-3.5803705108815696e-15,3.7001790615543e-15,0.010785945274371045,6.9749560371768e-16,-7.913118021268872e-16,-43.01814861438299,-3.0688131726719778e-27
9.5,-1.436498643366754e-17,-0.004879778888451369,-7.814069301275441e-17,7.401679359149098e-18,0.009436055423726941,-1.366440494357091e-19,2.781210311353312e-17,-42.228158361204564,1.3101012082445078e-29
9.505,-4.8059489970878513e-17,-0.004164370731160716,7.729967685975515e-17,1.1749733300263432e-17,0.007998064133779792,-4.3217445140252585e-17,2.780884228610121e-17,-41.378358817176505,1.1365315416398672e-29
9.51,1.350987625447124e-14,-0.003405028831167556,3.4629613799220214e-15,-3.679560595305554e-15,0.006474264466078239,-7.095512468201191e-16,8.454394955620675e-16,-40.46705999831622,3.078330361191074e-27
9.515,-6.726674477218755e-17,-0.002603418361687204,7.434453920862481e-17,2.0801955495986932e-17,0.004868073375831727,-4.503520623040786e-17,2.4577205052206776e-17,-39.49271718206552,-7.5903591477564435e-31
9.52,-4.322126235555415e-17,-0.0017618244364001612,9.46065316175622e-17,7.115394700995699e-18,0.0031841302061650367,-5.0120776919579347e-17,2.6302079291329578e-17,-38.45396394375218,1.1774937182461007e-29
9.525,-2.707575712176357e-14,-0.000883189841331955,-7.26777555057623e-15,7.393199598963289e-15,0.0014283717071066349,1.4383781660589413e-15,-1.617649266998438e-15,-37.34964530542267,-6.1372952737483596e-27
9.53,2.7058982717672965e-14,2.8851065650314922e-05,7.086465341132597e-15,-7.385496270522946e-15,-0.0003919072828111325,-1.4406504334701865e-15,1.6648924517206708e-15,-36.17885055859891,6.216878777524593e-27
9.535,-3.2034223726859324e-17,0.0009699547166519551,1.1270679027222796e-16,-4.752795572099301e-19,-0.0022680171710476316,-5.618209734632551e-17,2.4635368169741655e-17,-34.94094527313027,5.456623752519146e-30
9.540000000000001,-2.7064749959764427e-14,0.001935060121397214,-7.277701660383131e-15,7.388014997998401e-15,-0.0041898644598248325,1.4399687625906242e-15,-1.620274970678405e-15,-33.635601968040405,-6.1624165210019016e-27
9.545,2.707951437368726e-14,0.002918399626594237,7.093670769731031e-15,-7.39654972351799e-15,-0.006145972553710521,-1.442766551953215e-15,1.6633168640164273e-15,-32.262828887869084,6.309851566321052e-27
9.55,-2.7112521232002586e-14,0.003913521337352677,-6.993641599799041e-15,7.389469170675336e-15,-0.008123531674016249,1.3629993247653689e-15,-1.6204995186188388e-15,-30.822996309406,-6.11922366910511e-27
9.555,2.7150208933535812e-14,0.004913335975047062,6.964582546725295e-15,-7.421508384044341e-15,-0.01010849169766459,-1.4060298108959041e-15,1.663839190510744e-15,-29.31685979180331,6.262803101238098e-27
9.56,3.1833322567304587e-18,0.005910173866595869,-2.6126871662727688e-17,-7.134599394637536e-18,-0.012085678820866974,-1.8846429004034104e-17,1.7756420592903048e-17,-27.745579795397553,5.43522190508164e-29
9.565,-8.165134269870658e-18,0.0068958671754728584,-3.472392786971857e-17,-6.596944540634123e-19,-0.014038958634799314,-1.693915355636862e-17,1.4978814680883802e-17,-26.110737108289072,-2.2497035087527888e-30
9.57,5.4271026760179056e-14,0.007861844457053735,1.3906219217386497e-14,-1.4818238541570318e-14,-0.015951426137220892,-2.7804496366394325e-15,3.300249732628424e-15,-24.41434356590415,1.2510489299920752e-26
9.575000000000001,5.401820764473307e-14,0.008799247747290906,1.482261026236401e-14,-1.476378414661645e-14,-0.01780563551284331,-3.030762009485277e-15,3.2975079329633617e-15,-22.658847598271784,1.2390152583121959e-26
9.58,7.038655794163416e-17,0.009699058903407831,-1.0799808066403888e-18,-4.1395202707547905e-17,-0.019583851730843094,-2.0871973061822413e-17,1.788569026030942e-17,-20.847134218931686,8.915116036593045e-29
9.585,5.811349708854348e-17,0.010552241057368406,-1.3229950375220979e-17,-3.375326843285362e-17,-0.02126833016663454,-1.7159284714251892e-17,1.4718246360830298e-17,-18.982519154087512,-3.5879622473065555e-30
9.59,-5.4056649096841514e-14,0.011349893456895188,-1.4218591366524914e-14,1.4723336139184455e-14,-0.02284161554223374,2.8238144110348506e-15,-3.265342590227989e-15,-17.068736918187057,-1.2387247295203157e-26
9.595,-5.3986642540724894e-14,0.012083403970919449,-1.456064900958138e-14,1.47159978369531e-14,-0.024286848772362646,2.9177475691857356e-15,-3.2689534447456016e-15,-15.109922761286613,-1.2461958142755714e-26
9.6,9.654758161668639e-17,0.012744613402588811,-3.865548832928021e-16,-2.1463216479863796e-17,-0.02558808088409137,8.606372185565784e-17,3.909188728897807e-18,-13.110588536982998,2.155037737888672e-29
9.605,-5.257409191981749e-17,0.013325969304247565,6.673363704670821e-16,-2.9323155365401524e-17,-0.02673057748704366,-1.9547597987233574e-16,1.381577375566471e-17,-11.075592679260945,6.272298414074831e-29
9.61,1.9177406938003613e-16,0.013820678668977848,-3.5317985373407436e-16,-7.000317921619154e-17,-0.027701113851563264,8.419824022632214e-17,9.834115846650758e-18,-9.010104607716006,9.527816287915535e-29
9.615,-5.415784875530096e-14,0.014222846982065107,-1.4299150794927057e-14,1.4784139856461183e-14,-0.028488244867190815,2.8475705445249994e-15,-3.2853749315703194e-15,-6.919564018662699,-1.2457410639054068e-26
9.620000000000001,5.420771686712394e-14,0.014527602639176962,1.4553629564178137e-14,-1.4830691810128387e-14,-0.029082544797461196,-2.9412698464398047e-15,3.292543987694199e-15,-4.809635644806448,1.2515249201523776e-26
9.625,-5.4069750715061564e-14,0.014731200546705736,-1.4263386086581747e-14,1.473913639847214e-14,-0.029476806997479343,2.844910054966611e-15,-3.279846248569129e-15,-2.68616018290847,-1.2416504412728217e-26
9.63,2.3512035108541773e-16,0.014831104616078505,-3.583677528156912e-16,-8.753453960122016e-17,-0.029666201385509794,9.357723425048943e-17,6.961357993117163e-18,-0.5551021878966509,1.1217527018660647e-28
9.635,-5.412805384053769e-14,0.01482604341890692,-1.430476053288385e-14,1.4773663716656832e-14,-0.029648379603571584,2.8568259855728722e-15,-3.2893631468397953e-15,1.577504185930426,-1.2440883588596215e-26
9.64,5.424000585454171e-14,0.014716040237757966,1.454557493409099e-14,-1.4842175560936598e-14,-0.02942352656650371,-2.9309943956634793e-15,3.288977953450721e-15,3.7056106597017013,1.2525817486889342e-26
9.645,-1.6009440346670486e-16,0.014502410990701264,1.3432744484413974e-15,-2.1195374063372347e-17,-0.02899435751213275,-3.641274478082741e-16,7.285216287488213e-18,5.823210549630801,3.494019420404596e-29
9.65,3.3819569534532745e-16,0.014187737577231019,-7.103740254532723e-16,-1.0698299606184465e-16,-0.028366058434770025,1.9767251546534644e-16,2.0825498466984414e-18,7.9243937551703425,1.2762702870329366e-28
9.655,1.0843663426073184e-13,0.013775810669386601,2.9133794724019994e-14,-2.966639065252201e-14,-0.027546173764704918,-5.861210038721222e-15,6.579896286707299e-15,10.00340005789468,2.4978376557562902e-26
9.66,2.564050804504656e-16,0.013271549898163926,-7.569144040043585e-16,-6.004524696696824e-17,-0.026544444845569615,2.1103668637469618e-16,-8.970672400718844e-18,12.05466982045363,1.4825448026212405e-28
9.665000000000001,1.0835088982592649e-13,0.01268089764478475,2.90661361905377e-14,-2.961629288633361e-14,-0.025372603063416932,-5.8434414764331156e-15,6.568260419748295e-15,14.072891242852986,2.4930000616087208e-26
9.67,-6.616551095439791e-17,0.012010695332840271,1.2950960856230642e-15,-5.899434271279984e-17,-0.024044125303376518,-3.3694251846626014e-16,8.912002435055942e-18,16.053043425964102,5.486311942104322e-29
9.675,3.971258775048348e-16,0.011268543713526924,-6.864363120818472e-16,-1.3310016917151787e-16,-0.022573960230715784,2.0456867317695848e-16,2.7361939472610886e-18,17.990434599579036,1.1982108822018144e-28
9.68,-1.0830400790822024e-13,0.010462651101420306,-2.858856983878945e-14,2.957667120670196e-14,-0.020978232740773706,5.732723864843958e-15,-6.5855400130739165e-15,19.880734994546135,-2.486407980534806e-26
9.685,1.0843106209055429e-13,0.009601676557572603,2.904236095817665e-14,-2.965146681694771e-14,-0.01927393521422971,-5.82677252488476e-15,6.571883232793243e-15,21.720003970141285,2.4969135401599625e-26
9.69,2.28898779554742e-16,0.00869456689511594,-7.438838380261936e-16,-4.2426419653870574e-17,-0.01747861455397981,2.1641482006375273e-16,-1.5910792850809497e-17,23.504711142668274,7.712499658510236e-29
9.695,5.4139747516556564e-14,0.007750402287477698,1.506972435616946e-14,-1.4823834580987207e-14,-0.015610066358604513,-3.052895031739815e-15,3.282020239801339e-15,25.231751398954525,1.2472206010504599e-26
9.700000000000001,-5.393268506550391e-14,0.006778239791451313,-1.4610236306130966e-14,1.4711963796154197e-14,-0.013686034767061983,2.9677821291163976e-15,-3.2911962876010986e-15,26.89845380563296,-1.2318566478261626e-26
9.705,8.475531351627805e-17,0.005786973608095991,2.0074162311189163e-16,-4.359418266623064e-17,-0.011723940264445787,-3.41374361271324e-17,-7.499986953866506e-18,28.502584554100665,7.164073116336582e-29
9.71,1.536260808708613e-16,0.004785205203987175,2.221457797479225e-16,-7.935944730192592e-17,-0.009740624637771589,-3.5747054607242045e-17,-9.222602586682592e-19,30.042344186420905,9.127579889093736e-29
9.715,-5.398222203896316e-14,0.003781127450245947,-1.461426034212811e-14,1.4738316473672038e-14,-0.007752131824076969,2.969712966525876e-15,-3.2965272816687895e-15,31.51635944955661,-1.2358005692878093e-26
9.72,5.4326228091453444e-14,0.002782426955441508,1.4128894946101871e-14,-1.484130701553587e-14,-0.005773514223506027,-2.793839182934283e-15,3.2753143603948813e-15,32.92367020395227,1.2507627128711461e-26
9.725,9.58869529142036e-17,0.0017962063492475977,1.7119363082242799e-16,-4.587801598750627e-17,-0.0038186830428514895,-2.286820566258771e-17,-7.691550090262343e-18,34.263711880194194,6.804945262916488e-29
9.73,2.1769253095680927e-16,0.0008289205776819131,-6.742942345025366e-17,-8.789626774417219e-17,-0.0019002865781914124,4.533014979626534e-17,-2.2691331716800644e-18,35.536294020045275,1.0465561136007123e-28
9.735,1.5578529341446812e-16,-0.00011366435933979346,-9.406660722714722e-17,-5.4758940915753405e-17,-2.9629824510379876e-05,5.027884287662269e-17,-8.498973350480573e-18,36.741575473309574,6.266169993441233e-29
9.74,-5.4066858129175716e-14,-0.0010264968424067433,-1.4072680479365499e-14,1.4738469168687343e-14,0.001783376664789671,2.8267533058625064e-15,-3.291157352477006e-15,37.88003683121876,-1.2397122943418307e-26
9.745000000000001,1.4030195839721435e-16,-0.0019052476529672902,-9.624916399999604e-17,-4.7082582789615135e-17,0.003530229253456696,5.051969708646806e-17,-9.666574260576196e-18,38.952450679184665,5.391260082933613e-29
9.75,-5.40765884727534e-14,-0.00274630457764502,-1.4090062506148672e-14,1.474444856456734e-14,0.005203821455893376,2.8310071023077557e-15,-3.292096964539465e-15,39.95985023390515,-1.2398536759177065e-26
9.755,5.4373441270044145e-14,-0.0035467498117078833,1.3923220886890608e-14,-1.4849459955924196e-14,0.0067984006460051205,-2.736086670398184e-15,3.2754863831409717e-15,40.903496907914445,1.2514824052908296e-26
9.76,-5.40893135051746e-14,-0.004304330721989658,-1.4108233423980217e-14,1.4751825085415173e-14,0.008309509949299354,2.8351084135621826e-15,-3.2932178167068602e-15,41.78484730470893,-1.238972434985888e-26
9.765,5.433999090527301e-14,-0.005017413775501467,1.393779858716892e-14,-1.4834618536585687e-14,0.009733901388159438,-2.7417787078087416e-15,3.2733181027031325e-15,42.605520111432845,1.2506435845384916e-26
9.77,-1.2145022803389489e-17,-0.005684940277213002,4.645371744471363e-16,-1.648856729211856e-17,0.011069443845954652,-1.034882663917306e-16,-8.904062332804987e-18,43.367263301697456,-1.2399786822751946e-30
9.775,5.4259778215678474e-14,-0.006306365762863919,1.41262586984488e-14,-1.4810221094728103e-14,0.012315013208990422,-2.7951830944218857e-15,3.271115302069139e-15,44.07192201903298,1.2474432762066211e-26
9.78,6.102052460997803e-17,-0.006881603781817347,8.024245698371831e-17,-2.364565758333956e-17,0.013470375366424037,-6.721753948603976e-19,-1.0803122606203632e-17,44.72140745338786,2.812320757441305e-29
9.785,8.994574685916533e-17,-0.0074109621939815185,8.541347386579945e-17,-3.893648680200117e-17,0.014536067649075335,-1.3239250510276337e-18,-7.741965468187287e-18,45.31766697652144,4.1895008046727226e-29
9.790000000000001,-5.406454134378569e-14,-0.007895080528610876,-1.444156985392661e-14,1.476332860068208e-14,0.015513273615958667,2.9207130458502453e-15,-3.297063958640511e-15,45.862655751909344,-1.2425804255674621e-26
9.795,5.417067973117147e-14,-0.008334867460044748,1.4547708481520546e-14,-1.480093925013286e-14,0.01640370130356672,-2.9118207644455747e-15,3.2743464660387633e-15,46.358309988201285,1.2448669956699518e-26
9.8,-5.40194383053412e-14,-0.008731440069754015,-1.4388758179084724e-14,1.4735759036469228e-14,0.01720946694640446,2.907459475331502e-15,-3.29108933484464e-15,46.80652196362277,-1.2387004558028777e-26
9.805,4.0837187315993784e-17,-0.009086064586774967,4.867468591590918e-17,-1.3664213363545739e-17,0.017932975826845166,3.1736213427020057e-18,-1.1756268382145603e-17,47.20911691215801,1.4434527176489757e-29
9.81,6.394993561987933e-17,-0.009400101378210124,5.204063093849553e-17,-2.596959284260197e-17,0.01857681802912481,2.4638727848945652e-18,-9.276645746326884e-18,47.5678318262993,2.343402750776597e-29
9.815,2.7146571789557503e-14,-0.00967495349715275,7.106242328084992e-15,-7.414240778882019e-15,0.019143664219114953,-1.4048327372390431e-15,1.6313804430327077e-15,47.88429620719976,6.241657086611108e-27
9.82,3.654475227202285e-17,-0.009912020122200715,-9.202288109105717e-17,-2.2023616429851e-18,0.019636176509365555,3.7074835517228106e-17,-1.450406254975646e-17,48.16001476681913,6.272743275233187e-30
9.825000000000001,2.7091633005082057e-14,-0.010112651583818355,7.20080110393406e-15,-7.395458559308641e-15,0.020056920329885486,-1.4339096656239426e-15,1.629300577025592e-15,48.39635207269456,6.221722089761087e-27
9.83,4.7557627153134715e-17,-0.01027811507644305,3.0187415160342876e-17,-1.8334336487472936e-17,0.020408294304985475,3.6834524336027984e-18,-1.0018874866730809e-17,48.59451910821091,1.522999105785536e-29
9.835,-2.7033678432805017e-14,-0.010409559044366468,-7.1279788322219e-15,7.37628530507254e-15,0.02069246233092059,1.436334955648743e-15,-1.6523771272184366e-15,48.755561718851396,-6.2072520595194586e-27
9.84,2.7104106640618333e-14,-0.010507986143275083,7.120809999974414e-15,-7.397110906084897e-15,0.02091130001443986,-1.4154825702032072e-15,1.6294460027079002e-15,48.88035090496337,6.2243314298148824e-27
9.845,-2.7034666577403665e-14,-0.010574230403983975,-7.0992472057109515e-15,7.373429110239488e-15,0.021066347187016277,1.4267245331483133e-15,-1.6511866216150798e-15,48.96957492476012,-6.204654825813033e-27
9.85,3.3623767043096637e-17,-0.0106089401235816,-1.3946030530443866e-18,-1.1188069046963938e-17,0.021158776696012183,7.168786374824865e-18,-1.0801641551195774e-17,49.02373317092703,1.0165105168435676e-29
9.855,2.7098456713506065e-14,-0.010612563514582174,7.108489141527026e-15,-7.395029422414256e-15,0.02118936282136019,-1.4156964098729508e-15,1.629559446281383e-15,49.04313179267631,6.22257747003982e-27
9.86,-2.7044586657250134e-14,-0.0105853416567121,-7.0945902725011915e-15,7.376314386027472e-15,0.021158469296402416,1.421852115502575e-15,-1.6510474560458948e-15,49.02788103720355,-6.206868665862557e-27
9.865,2.7104705665940584e-14,-0.010527304946945204,7.1038408910528916e-15,-7.398895383560079e-15,0.02106604002423751,-1.4163869675445707e-15,1.6306364863671274e-15,48.97789429801736,6.225948011621721e-27
9.870000000000001,3.1566427828020823e-18,-0.010438275412755882,2.386130444753259e-17,-2.846042984641834e-19,0.020911604441266718,-5.148628155183801e-18,-1.1678073310478943e-17,48.89288886309788,-1.9749212153369892e-30
9.875,3.5840446519305274e-17,-0.010317872151313523,-2.787403896888702e-17,-1.3058482046248499e-17,0.020694287889902796,8.70739463750116e-18,-9.631100186509778e-18,48.772388368532404,1.2200846302387947e-29
9.88,2.6069677911901873e-18,-0.010165523367275497,4.1271111706876423e-17,-2.520233762587607e-18,0.020412833766513927,-1.194814450965953e-17,-1.0634727987610132e-17,48.61572697019727,2.989768839289388e-30
9.885,3.5717926580167546e-17,-0.009980483138602558,-1.0288460468875386e-17,-1.5542306818450694e-17,0.020065637164776717,1.8622661679292472e-18,-8.514139327126413e-18,48.42205525608571,1.2855354257458655e-29
9.89,-3.126583236536201e-17,-0.009761849992393046,4.8080147057543074e-17,1.2601224021604969e-17,0.019650783784825876,-1.747574153954685e-17,-1.2772268893808556e-17,48.19034792985952,-1.0711104229890273e-29
9.895,-2.7030193935683974e-14,-0.009508595122258434,-7.164924319343789e-15,7.370535855504107e-15,0.01916610211022629,1.4330827545952478e-15,-1.6489445130465898e-15,47.91941329868574,-6.199928971643359e-27
9.9,-3.3079643071479623e-17,-0.00921959144525708,6.478614261659238e-17,1.1005945671871112e-17,0.018609223660533303,-2.410871558790325e-17,-1.173261390430164e-17,47.607904604482954,-6.165251121133714e-30
9.905,5.421095786820508e-14,-0.00889364877769161,1.4078138069932081e-14,-1.4796846928647134e-14,0.017977652673906164,-2.8098576935304853e-15,3.2742475970779783e-15,47.254333235056635,1.2460316080759368e-26
9.91,-7.172433815685812e-17,-0.008529554479297374,6.882522959957547e-17,2.8672051047591844e-17,0.017268846365283252,-2.906407662917317e-17,-1.4216101128086434e-17,46.85708384842791,-2.111184464870319e-29
9.915000000000001,5.4188017917192625e-14,-0.008126115361610786,1.4041924012873076e-14,-1.4783803472919558e-14,0.01648030078246876,-2.8034905558982365e-15,3.272281346076793e-15,46.41443143681437,1.2441929184735834e-26
9.92,-3.6301170432802926e-17,-0.0076822082928540425,9.810490153892065e-17,7.456316453617211e-18,0.015609649899978706,-3.72581888596083e-17,-9.32273029252084e-18,45.92456034166564,-1.0922210346204748e-29
9.925,-5.415609683861407e-14,-0.007196829664227522,-1.425858943686958e-14,1.4778932290344063e-14,0.014654767527332524,2.84153280772014e-15,-3.291253647391979e-15,45.38558521799611,-1.2429399307917913e-26
9.93,-7.772430704121729e-17,-0.00666915166696036,9.88287180917942e-17,2.6763449179845433e-17,0.013613878986973305,-4.112765769642615e-17,-1.1948677863964593e-17,44.79557392021033,-2.857146228264692e-29
9.935,5.421705093209115e-14,-0.006098578006678679,1.399753688566468e-14,-1.4797318014309972e-14,0.0124856748941653,-2.794544976671099e-15,3.27609162981358e-15,44.15257225772375,1.2463514671765565e-26
9.94,-5.417520835927395e-14,-0.005484804913375996,-1.4276039300795364e-14,1.4787692567848407e-14,0.011269432823411307,2.8424271806701074e-15,-3.2916023500449387e-15,43.45463053333153,-1.2439580189273889e-26
9.945,5.4037737258749273e-14,-0.004827878735994773,1.45313236442629e-14,-1.475110123889935e-14,0.00996513606952476,-2.9437135907355264e-15,3.2738360379951442e-15,42.69983174359181,1.2398474888151626e-26
9.950000000000001,7.806570287096316e-17,-0.004128254842857615,-4.714291688008351e-16,-8.966721789353963e-18,0.008573593012314973,1.1115640462110217e-16,-8.813314198821484e-18,41.88632127551596,7.057316410897055e-30
9.955,-5.479383367622151e-17,-0.0033868558062941645,1.4642447700765456e-16,8.02286349219701e-18,0.00709655434067713,-5.707020107681835e-17,-5.4108520753564554e-18,41.01233788987372,-6.810354720924213e-30
9.96,-1.280017625924321e-16,-0.0026051234883439633,1.230457591302287e-16,4.574574384607641e-17,0.005536821341536324,-5.4718043517878837e-17,-1.1888740289836158e-17,40.07624573329743,-3.588942356795767e-29
9.965,5.422080638987062e-14,-0.001785068189445127,1.392084570030574e-14,-1.4797216448759714e-14,0.0038983466837265723,-2.7790707836318958e-15,3.2788598214564224e-15,39.07656706911238,1.2458627325960442e-26
9.97,-5.4217004708407895e-14,-0.0009293099693543638,-1.431531434381865e-14,1.480707577372879e-14,0.0021863181826233813,2.8464309249903536e-15,-3.291927338695326e-15,38.01201536743527,-1.2455609539607062e-26
9.975,5.399335225994133e-14,-4.111201464951364e-05,1.461525179882791e-14,-1.4739596034890853e-14,0.00040723028536149286,-2.9716156401690923e-15,3.276376169682784e-15,36.88152834290696,1.2395206465911104e-26
9.98,7.868880725106827e-17,0.0008755978023913258,-6.099861149381337e-16,-2.6678687628847892e-18,-0.001431070160492709,1.438864837496668e-16,-7.354181768928367e-18,35.68430048302814,2.5983538592052665e-29
9.985,-8.749087137445448e-17,0.0018162162158006367,1.689314592519938e-16,1.8232091404632464e-17,-0.0033193598452783135,-6.761709165954098e-17,-2.9730161837813698e-18,34.4198145651301,-1.5214441384713475e-29
9.99,-1.7021994192972384e-16,0.002775466063688725,1.3642064367839582e-16,6.153682829176225e-17,-0.005247040913772594,-6.27412816752556e-17,-1.0450917381453951e-17,33.087871624830235,-4.396584368129654e-29
9.995000000000001,5.4232576233336356e-14,0.0037474178621792475,1.3852211516432766e-14,-1.480166014401324e-14,-0.007202179394553809,-2.762824896163144e-15,3.283375252969511e-15,31.688618813612,1.245451255748419e-26
10.0,-1.4551447648300896e-16,0.00472552181400232,-1.6183905315337945e-16,7.139635691478297e-17,-0.00917156920912987,1.6186447256259745e-17,-1.3597361780958704e-17,30.222574562567146,-4.894639062220794e-29
