0.0,143.66412382799845,0.0,143.66412382799845
0.005,143.6074761694637,0.05664764500282291,143.6641238144665
0.01,143.43785096373887,0.2262728334717705,143.66412379721064
0.015,143.15619060633642,0.5079331726877364,143.66412377902415
0.02,142.7640296892824,0.9000940743549144,143.66412376363732
0.025,142.26344138774712,1.4006823665505372,143.66412375429766
0.03,141.65696398066862,2.007159771519697,143.66412375218832
0.035,140.94751030642726,2.716613448810568,143.66412375523782
0.04,140.13826501107724,3.5258587468792033,143.66412375795645
0.045,139.2325766560965,4.43154709662722,143.66412375272373
0.05,138.23385347657478,5.4302702557854925,143.66412373236028
0.055,137.1454721330502,6.518651560061088,143.6641236931113
0.06,135.97070772621436,7.69341591058516,143.66412363679953
0.065,134.71269065885616,8.95143291232284,143.664123571179
0.07,133.37439217176362,10.289731336575606,143.66412350833923
0.075,131.9586364219932,11.70548703982105,143.66412346181423
0.08,130.4681336816467,13.195989761808796,143.66412344345548
0.085,128.90552717350778,14.75859628741008,143.66412346091786
0.09,127.27344535495195,16.390678161173724,143.66412351612567
0.095,125.57455188844219,18.089571716203046,143.66412360464523
0.1,123.8115867116073,19.852537004128862,143.66412371573617
0.105,121.98739318992759,21.676730642998546,143.66412383292612
0.11,120.10492808905491,23.55919584615674,143.66412393521165
0.115,118.1672529805241,25.496871018667967,143.66412399919207
0.12,116.17750771535935,27.486616287099658,143.664124002459
0.125,114.1388687626031,29.525255165646044,143.66412392824913
0.13,112.0544973879249,31.609626382812266,143.66412377073715
0.135,109.92748454108654,33.73663899848514,143.66412353957168
0.14,107.76080049491298,35.90332276690896,143.66412326182194
0.145,105.55725729873883,38.10686568108839,143.66412297982723
0.15,103.31949073566939,40.344632008990246,143.66412274465964
0.155,101.04996581253386,42.6141567939932,143.66412260652706
0.16,98.75100633887376,44.91311626576403,143.66412260463778
0.165,96.4248455623705,47.23927719674511,143.66412275911563
0.17,94.07369179315583,49.590431273418005,143.66412306657384
0.17500000000000002,91.69980089656693,51.96432260298137,143.66412349954828
0.18,89.30554656927154,54.35857743969913,143.66412400897067
0.185,86.89347930036266,56.77064522827528,143.66412452863793
0.19,84.4663656513381,59.19775932980357,143.66412498114167
0.195,82.02720086352952,61.63692442197922,143.66412528550873
0.2,79.57918990195586,64.08493546538529,143.66412536734114
0.20500000000000002,77.12569509128231,66.53843008062603,143.66412517190832
0.21,74.67015266171536,68.99397201745649,143.66412467917183
0.215,72.21596563827866,71.44815827898776,143.6641239172664
0.22,69.7663858376311,73.89773713112295,143.66412296875404
0.225,67.32440194649001,76.33972001750705,143.66412196399705
0.23,64.89265217358218,78.77146888611486,143.66412105969704
0.23500000000000001,62.473377687803726,81.19074271930285,143.66412040710657
0.24,60.068427036248394,83.59569308370334,143.66412011995175
0.245,57.679313401420856,85.98480685135041,143.66412025277128
0.25,55.30731816633593,88.3568026291026,143.66412079543852
0.255,52.953627897975764,90.71049378441172,143.66412168238747
0.26,50.61948858569208,93.04463422427897,143.66412280997105
0.265,48.30636054954592,95.35776350498364,143.66412405452957
0.27,46.01605874056796,97.64806654570887,143.66412528627683
0.275,43.750864863360796,99.9132615142482,143.664126377609
0.28,41.51359894701841,102.15052826030276,143.66412720732117
0.28500000000000003,39.307638547876635,104.35648911591967,143.6641276637963
0.29,37.13687450170541,106.5272531491241,143.66412765082953
0.295,35.00559474416974,108.65853235525552,143.66412709942526
0.3,32.91829434060894,110.74583164665827,143.6641259872672
0.305,30.879422106026116,112.78470225749763,143.66412436352374
0.31,28.893091419935516,114.77103094973405,143.66412236966957
0.315,26.96280059718891,116.70131964272863,143.66412023991754
0.32,25.091218417581167,118.57289984827204,143.6641182658532
0.325,23.280085055245394,120.38403167133953,143.66411672658492
0.33,21.53025535782689,122.13386045371655,143.66411581154344
0.335,19.841877192313866,123.82223838277379,143.66411557508766
0.34,18.214665777224287,125.44945016755233,143.66411594477663
0.34500000000000003,16.648217305712258,127.0158994665052,143.66411677221745
0.35000000000000003,15.142305301392078,128.52181259380973,143.6641178952018
0.355,13.697116338005362,129.96700284565304,143.6641191836584
0.36,12.313400020383803,131.35072053807858,143.66412055846237
0.365,10.992525332496472,132.67159665353057,143.66412198602706
0.37,9.736449301011897,133.92767415653168,143.66412345754358
0.375,8.54761494285246,135.11651001966663,143.66412496251908
0.38,7.4288048900565276,136.23532157570224,143.66412646575878
0.385,6.382984974758333,137.2811429207772,143.66412789553553
0.39,5.413176566082569,138.25095258067347,143.66412914675604
0.395,4.522394512374661,139.1417355836805,143.66413009605515
0.4,3.713676733652889,139.95045388617672,143.66413061982962
0.405,2.990212054111011,140.67391855227908,143.66413060639007
0.41000000000000003,2.355548282374476,141.30858167818104,143.66412996055553
0.41500000000000004,1.8138382370704906,141.85029037026646,143.66412860733695
0.42,1.37006223021529,142.29406427429288,143.66412650450818
0.425,1.0301544679623036,142.6339692032688,143.6641236712311
0.43,0.8009600752233443,142.86316016075997,143.66412023598332
0.435,0.689962453447962,142.97415404732436,143.66411650077234
0.44,0.7047525311868736,142.9593604628543,143.66411299404118
0.445,0.8522652762202212,142.81184515650685,143.66411043272706
0.45,1.1378793455327523,142.5262301525079,143.66410949804066
0.455,1.5645448952959602,142.099565571538,143.66411046683396
0.46,2.1321436317935705,141.53196933875915,143.66411297055274
0.465,2.8372649681182898,140.8268511800061,143.66411614812438
0.47000000000000003,3.6734908552430827,139.99062824508184,143.6641191003249
0.47500000000000003,4.632143714219104,139.031977555532,143.6641212697511
0.48,5.703325870227944,137.96079664674733,143.66412251697528
0.485,6.877023236923911,136.7870997422658,143.66412297918973
0.49,8.144075322955842,135.52004757865376,143.6641229016096
0.495,9.496893083082533,134.167229453397,143.66412253647954
0.5,10.929885388708726,132.73423671516346,143.6641221038722
0.505,12.43960285495256,131.2245189211813,143.66412177613387
0.51,14.024621378521466,129.63950027448828,143.66412165300974
0.515,15.68518184776613,127.97893986129206,143.66412170905818
0.52,17.42259785589207,126.2415238671322,143.66412172302427
0.525,19.238459199896504,124.42566205133735,143.66412125123387
0.53,21.133706292188684,122.53041346046976,143.66411975265845
0.535,23.107720653041294,120.55639625985657,143.66411691289787
0.54,25.157632803052422,118.5064801917312,143.66411299478364
0.545,27.278039303664208,116.38606956985443,143.66410887351864
0.55,29.4612196979126,114.20288592408556,143.66410562199817
0.555,31.697789431313133,111.96631452833363,143.66410395964675
0.56,33.977600011559616,109.68650398414425,143.66410399570387
0.5650000000000001,36.2906647083729,107.3734406519863,143.6641053603592
0.5700000000000001,38.62794190311043,105.03616559602435,143.6641074991348
0.5750000000000001,40.981896347022854,102.68221355548562,143.66410990250847
0.58,43.34683112958945,100.31728107132261,143.66411220091206
0.585,45.71901984291732,97.94509432125773,143.66411416417503
0.59,48.096674078639595,95.56744158437171,143.6641156630113
0.595,50.47977038499376,93.18434624305594,143.6641166280497
0.6,52.86974690423277,90.79437011584378,143.66411702007656
0.605,55.2690734593546,88.39504335653726,143.66411681589187
0.61,57.68070683138774,85.98340918272365,143.66411601411139
0.615,60.10746762862577,83.5566470354413,143.66411466406709
0.62,62.551410547354976,81.11270235943505,143.66411290679002
0.625,65.01328957454979,78.65082141806514,143.66411099261492
0.63,67.49222217633124,76.17188705956562,143.66410923589686
0.635,69.98561923148785,73.67848867957838,143.66410791106622
0.64,72.48938043059756,71.17472672241405,143.66410715301163
0.645,74.99828797260328,68.66581895610244,143.66410692870573
0.65,77.50649422167274,66.15761286646914,143.66410708814186
0.655,80.00800118816474,63.65610625990213,143.6641074480669
0.66,82.49705930544418,61.16704855322993,143.66410785867413
0.665,84.96844989811908,58.6956583353047,143.66410823342378
0.67,87.41764530550392,56.24646324262732,143.66410854813125
0.675,89.84085804902304,53.82325077437878,143.66410882340182
0.68,92.23499795827911,51.42911114287381,143.66410910115292
0.685,94.5975584434791,49.0665509777931,143.6641094212722
0.6900000000000001,96.92645399533183,46.737655807325176,143.664109802657
0.6950000000000001,99.2198322982272,44.44427793493141,143.66411023315862
0.7000000000000001,101.47588570593491,42.18822496607064,143.66411067200556
0.705,103.69268650310181,39.97142456096773,143.66411106406954
0.71,105.86806653220083,37.796044827301635,143.66411135950247
0.715,107.99955390338391,35.66455762598346,143.66411152936737
0.72,110.08436914256511,33.579742428225394,143.6641115707905
0.725,112.11947321556525,31.54463828612606,143.6641115016913
0.73,114.10165321474364,29.5624581354507,143.66411135019433
0.735,116.027629401621,27.63648174289591,143.6641111445169
0.74,117.89416918148922,25.76994172512312,143.66411090661234
0.745,119.69819769419605,23.96591295575198,143.66411064994804
0.75,121.43689916904256,22.22721121116637,143.66411038020894
0.755,123.10780671926099,20.556303378274784,143.66411009753577
0.76,124.70888027866611,18.95522952074039,143.6641097994065
0.765,126.23857286321595,17.42553662066974,143.66410948388568
0.77,127.69588445248382,15.968224700878155,143.66410915336198
0.775,129.08040074004165,14.583708078876796,143.66410881891846
0.78,130.39231100268657,13.271797502334174,143.66410850502075
0.785,131.6323957205546,12.031712532334335,143.66410825288892
0.79,132.8019710974482,10.862137021413194,143.66410811886138
0.795,133.9027758320113,9.761332330235954,143.66410816224723
0.8,134.93678792941913,8.727320489511685,143.66410841893082
0.805,135.90596907051557,7.758139796088583,143.66410886660415
0.81,136.81195272024092,6.852156683394161,143.66410940363508
0.8150000000000001,137.65571682811066,6.00839304249098,143.66410987060164
0.8200000000000001,138.43730292965537,5.226807190236844,143.66411011989223
0.8250000000000001,139.15564702716483,4.508463065160886,143.66411009232573
0.8300000000000001,139.8085654839171,3.855544357689246,143.66410984160635
0.835,140.39289756803703,3.27121192194239,143.6641094899794
0.84,140.90476466954118,2.75934448739085,143.66410915693203
0.845,141.3398837977161,2.3242251149856346,143.66410891270175
0.85,141.69387568943148,1.9702330833287265,143.66410877276022
0.855,141.9625275272559,1.7015811897289468,143.66410871698486
0.86,142.1419937329256,1.5221149790605983,143.66410871198622
0.865,142.22893628928188,1.4351724364202858,143.66410872570216
0.87,142.2206156904419,1.443493042992301,143.66410873343418
0.875,142.1149463437294,1.5491623748551806,143.66410871858457
0.88,141.9105287692009,1.753579902162945,143.66410867136386
0.885,141.6066675124803,2.057441075042487,143.66410858752278
0.89,141.203379581106,2.4607288870323276,143.66410846813832
0.895,140.70139391069523,2.962714410148702,143.66410832084392
0.9,140.1021379169942,3.561970245273244,143.66410816226744
0.905,139.40770262777724,4.256405392627694,143.66410802040494
0.91,138.6207736783524,5.043334255408412,143.66410793376082
0.915,137.74451298772547,5.919594954481301,143.66410794220678
0.92,136.78237787796567,6.881730187679804,143.66410806564548
0.925,135.73787428161592,7.926233994050503,143.66410827566642
0.93,134.61426074934027,9.049847732468303,143.66410848180857
0.935,133.41424719742145,10.249861363114004,143.66410856053545
0.9400000000000001,132.13975523925976,11.52435318734138,143.66410842660113
0.9450000000000001,130.79180883571053,12.872299259949498,143.66410809566003
0.9500000000000001,129.3705951243817,14.293512554161657,143.66410767854336
0.9550000000000001,127.87568496339361,15.7884223469385,143.6641073103321
0.96,126.30635638530953,17.357750692560913,143.66410707787043
0.965,124.66194435647472,19.002162639662426,143.66410699613715
0.97,122.94215045808401,20.721956571512052,143.66410702959607
0.975,121.14727278487783,22.516834341543564,143.66410712642138
0.98,119.27834291515975,24.385764327196394,143.66410724235615
0.985,117.33717415314433,26.32693319614061,143.66410734928493
0.99,115.32633280264398,28.33777463066101,143.664107433305
0.995,113.2490457853357,30.41506170296143,143.66410748829713
1.0,111.10905769018323,32.55504981916183,143.66410750934506
1.0050000000000001,108.91045110927757,34.753656379696764,143.66410748897434
1.01,106.65744679514813,37.00666062302231,143.66410741817043
1.0150000000000001,104.3542040188273,39.30990327360637,143.66410729243367
1.02,102.00464459845574,41.659462521851935,143.66410712030768
1.025,99.61232414265473,44.051782786628394,143.66410692928312
1.03,97.18036960739138,46.48373715664532,143.66410676403672
1.035,94.71149349632199,48.95261317927239,143.66410667559438
1.04,92.2080839983278,51.45602270677105,143.66410670509885
1.045,89.67236008020151,53.9917467884985,143.6641068687
1.05,87.10657356812916,56.5575335807575,143.66410714888667
1.055,84.51323743877319,59.15087005507415,143.66410749384733
1.06,81.89535991142591,61.768747911869966,143.66410782329586
1.065,79.25666526955992,64.40744276889318,143.6641080384531
1.07,76.60178215070857,67.06232588469601,143.66410803540458
1.075,73.93637639190686,69.7277313313067,143.66410772321356
1.08,71.26719774934102,72.39690929931602,143.66410704865706
1.085,68.60199956393072,75.0621064615671,143.6641060254978
1.09,65.94928325289352,77.71482150358284,143.66410475647638
1.095,63.31782629017292,80.34627713672509,143.664103426898
1.1,60.71598785944545,82.94811439818487,143.6641022576303
1.105,58.15085979519444,85.5132416478171,143.66410144301153
1.11,55.627427160533905,88.03667396487053,143.66410112540444
1.115,53.14797214832508,90.51612925992598,143.66410140825104
1.12,50.71193217070959,92.9521701651098,143.6641023358194
1.125,48.316288920366176,95.34781489558863,143.6641038159548
1.1300000000000001,45.95638536569908,97.70772021316452,143.6641055788636
1.135,43.626947585348624,100.03715965955828,143.66410724490692
1.1400000000000001,41.32308284958348,102.34102559977978,143.66410844936325
1.145,39.041104348996086,104.62300458350634,143.66410893250242
1.1500000000000001,36.779128274029404,106.88498029221708,143.66410856624648
1.155,34.53745254298874,109.12665480448871,143.66410734747745
1.16,32.31874739025078,111.34535800604687,143.66410539629766
1.165,30.128077632876284,113.53602534235134,143.66410297522762
1.17,27.972751568088263,115.6913489452877,143.66410051337596
1.175,25.861968117282075,117.80213046835595,143.66409858563804
1.18,23.80622828078667,119.85786949994929,143.66409778073597
1.185,21.816505805242393,121.84759263688383,143.66409844212623
1.19,19.90324363642297,123.76085677094353,143.6641004073665
1.195,18.075340092702888,125.58876289406052,143.6641029867634
1.2,16.339359032366037,127.32474625764497,143.664105290011
1.205,14.699177757421445,128.9649289117633,143.66410666918475
1.21,13.156157388196831,130.50794953387486,143.6641069220717
1.215,11.70974471334279,131.9543614664051,143.66410617974788
1.22,10.358289920380962,133.30581477260375,143.66410469298472
1.225,9.09984455975002,134.56425815056605,143.66410271031606
1.23,7.93276786036181,135.73133260514916,143.66410046551098
1.235,6.856061117155765,136.80803708554635,143.66409820270212
1.24,5.869427415541134,137.79466876852084,143.66409618406198
1.245,4.973105222568916,138.69098944548978,143.66409466805868
1.25,4.167554734007968,139.49653913732766,143.66409387133564
1.2550000000000001,3.4530921760409092,140.21100175465472,143.66409393069563
1.26,2.82957039447035,140.83452447961014,143.6640948740805
1.2650000000000001,2.296190708910438,141.3679058942662,143.66409660317663
1.27,1.8515001490082392,141.81259874219768,143.66409889120592
1.2750000000000001,1.4935861626653235,142.17051523890134,143.66410140156665
1.28,1.2204402322094219,142.44366349529986,143.66410372750929
1.285,1.0304342918670295,142.63367115139803,143.66410544326507
1.29,0.9228431407773346,142.74126301523,143.66410615600734
1.295,0.8983460277849757,142.76575953407647,143.66410556186145
1.3,0.9594390656412517,142.7046644631057,143.66410352874695
1.305,1.1106753774936426,142.5534248519777,143.66410022947133
1.31,1.358618195173412,142.3054780925529,143.66409628772632
1.315,1.7113589357071721,141.9527338137646,143.6640927494718
1.32,2.1774661039490706,141.48662449566024,143.6640905996093
1.325,2.76436966002799,140.89972029267562,143.66408995270362
1.33,3.4764880484220964,140.1876018665658,143.6640899149879
1.335,4.313736805827008,139.35035293942326,143.66408974525027
1.34,5.271095925350091,138.392993887512,143.6640898128621
1.345,6.339469085484572,137.3246217935452,143.66409087902977
1.35,7.507432220427818,136.1566607627196,143.66409298314744
1.355,8.763157184768394,134.90093825756102,143.66409544232943
1.36,10.095958383352247,133.56813910748733,143.66409749083957
1.365,11.497267627210578,132.166831045597,143.6640986728076
1.37,12.961101651157751,130.70299720995826,143.664098861116
1.375,14.484171908031314,129.1799262337173,143.66409814174864
1.3800000000000001,16.06576040623919,127.59833631761485,143.66409672385404
1.385,17.707423150161897,125.95667174986468,143.66409490002658
1.3900000000000001,19.412526953908255,124.25156605826601,143.66409301217425
1.395,21.185596976620268,122.47849438748261,143.6640913641029
1.4000000000000001,23.031466265625205,120.63262380744082,143.66409007306603
1.405,24.95428419403349,118.70980478458732,143.6640889786208
1.41,26.956543085909736,116.70754470884667,143.6640877947564
1.415,29.038363363442926,114.62572310607305,143.66408646951598
1.42,31.197256278983637,112.4668290861999,143.66408536518352
1.425,33.4284307214515,110.23565427225614,143.66408499370763
1.43,35.72550527203026,107.93858032200998,143.66408559404024
1.435,38.08135895258148,105.58272803202145,143.66408698460293
1.44,40.48886631702952,103.17522240919897,143.6640887262285
1.445,42.941369507225964,100.72272084417483,143.6640903514008
1.45,45.432857440052004,98.23123405555287,143.66409149560488
1.455,47.9579005969743,95.7061913348142,143.6640919317885
1.46,50.51142528395373,93.15266628635129,143.664091570305
1.465,53.088419959309135,90.5756705038724,143.66409046318154
1.47,55.68366141341227,87.98042739485456,143.66408880826683
1.475,58.291533886157396,85.37255303814818,143.6640869243056
1.48,60.905988659691864,82.75809651861323,143.6640851783051
1.485,63.52065704622434,80.14342683717054,143.66408388339488
1.49,66.12909391169038,77.53498930307983,143.6640832147702
1.495,68.72510281904962,74.93898036419336,143.66408318324298
1.5,71.3030846824334,72.360998986055,143.6640836684884
1.5050000000000001,73.8583586397587,69.80572584267883,143.66408448243754
1.51,76.38741931018912,67.27666611906083,143.66408542924995
1.5150000000000001,78.88810992200476,64.77597642209038,143.66408634409515
1.52,81.35970015681596,62.304386953106956,143.66408710992292
1.5250000000000001,83.80285959096545,59.86122806808045,143.6640876590459
1.53,86.21951478731008,57.44457317812204,143.66408796543212
1.5350000000000001,88.61257560019169,55.051512429716226,143.66408802990793
1.54,90.98552105230644,52.678566808159864,143.6640878604663
1.545,93.34185407337158,50.322233383723585,143.66408745709515
1.55,95.68446999514588,47.97961682353548,143.66408681868137
1.555,98.01502810133145,45.649057878793144,143.66408598012458
1.56,100.33344765102062,43.33063740186505,143.66408505288567
1.565,102.63764381813297,41.02644039964696,143.66408421777993
1.57,104.9235643233647,38.74051933028882,143.6640836536535
1.575,107.18550389589163,36.478579557495465,143.6640834533871
1.58,109.41660173040663,34.247481862999805,143.66408359340642
1.585,111.60939894135274,32.05468502699896,143.6640839683517
1.59,113.75635128935615,29.907733161770842,143.664084451127
1.595,115.85023574079025,27.813849196854363,143.66408493764462
1.6,117.88443271499897,25.77965264840785,143.66408536340683
1.605,119.85309505622698,23.81099064374295,143.66408569996992
1.61,121.75122792273582,21.912858020945947,143.66408594368175
1.615,123.57470547992047,20.08938062478089,143.66408610470137
1.62,125.320246107902,18.343840091311783,143.66408619921378
1.625,126.98536184158564,16.678724403249838,143.6640862448355
1.6300000000000001,128.56829213330101,15.095794124905847,143.66408625820685
1.635,130.06792762491673,13.596158628835632,143.66408625375237
1.6400000000000001,131.48372660294862,12.180359639959924,143.66408624290855
1.645,132.81562507890533,10.848461154571497,143.66408623347684
1.6500000000000001,134.0639408168892,9.600145412179025,143.6640862290682
1.655,135.22927195054658,8.434814278303342,143.66408622884992
1.6600000000000001,136.3123919030724,7.351694324863758,143.66408622793617
1.665,137.31414388960573,6.34994232911631,143.66408621872205
1.67,138.23533997389535,5.428746219286534,143.66408619318187
1.675,139.076671001218,4.587415144492024,143.66408614571
1.68,139.83863424543438,3.8254518302150085,143.66408607564938
1.685,140.52148491973128,3.142601068794719,143.664085988526
1.69,141.12521571520227,2.5388701801568043,143.66408589535908
1.695,141.64956551902856,2.0145202910970847,143.66408581012564
1.7,142.09405500910873,1.570030737086026,143.66408574619476
1.705,142.45804364217372,1.2060420707212423,143.66408571289497
1.71,142.74080026301857,0.92328545016866,143.66408571318723
1.715,142.9415784973209,0.722507245581958,143.66408574290287
1.72,143.05968825390147,0.6043975375611678,143.66408579146264
1.725,143.09455581104095,0.5695300326363633,143.6640858436773
1.73,143.04576675240818,0.6183191297886719,143.66408588219684
1.735,142.91308814176426,0.7509977484861267,143.6640858902504
1.74,142.69646857460285,0.967617279812312,143.66408585441516
1.745,142.39601700727764,1.2680687598292153,143.66408576710685
1.75,142.01196346455038,1.6521221638434573,143.66408562839382
1.7550000000000001,141.54460675221003,2.1194786944688166,143.66408544667885
1.76,140.9942559539538,2.669829283937611,143.6640852378914
1.7650000000000001,140.361173494137,3.302911529012664,143.66408502314968
1.77,139.64552762059566,4.018557204694229,143.66408482528988
1.7750000000000001,138.84736114603987,4.816723518990128,143.66408466503
1.78,137.96658126231273,5.6975032953749345,143.66408455768766
1.7850000000000001,137.00297256742186,6.661111943748475,143.66408451117033
1.79,135.9562326795096,7.707851846032166,143.66408452554177
1.795,134.82602753872385,8.838057055236273,143.66408459396013
1.8,133.612062135133,10.052022569324127,143.6640847044571
1.805,132.31416208254728,11.349922759366777,143.66408484191408
1.81,130.9323620346535,12.731722955079311,143.6640849897328
1.815,129.4669980688215,14.197087062121032,143.66408513094254
1.82,127.91880242639166,15.745282822374485,143.66408524876616
1.825,126.28899998213005,17.375085344772465,143.66408532690252
1.83,124.5794061208139,19.08467922923561,143.6640853500495
1.835,122.7925248882247,20.87156041723987,143.66408530546457
1.84,120.93164379750863,22.732441389146373,143.664085186655
1.845,119.00091678054449,24.663168219627302,143.66408500017178
1.85,117.0054187099559,26.658666064848113,143.66408477480402
1.855,114.95114345800935,28.712941109196947,143.66408456720632
1.86,112.84490435749402,30.819180090874855,143.66408444836887
1.865,110.69408734020462,32.96999710942384,143.66408444962846
1.87,108.50621559513331,35.157868876419215,143.66408447155254
1.875,106.28832663586059,37.37575759969642,143.664084235557
1.8800000000000001,104.04624398902115,39.61783942575954,143.6640834147807
1.885,101.78391872352732,41.8801632170637,143.66408194059102
1.8900000000000001,99.5030553495421,44.161024838949714,143.66408018849182
1.895,97.20316567796698,46.46091309108977,143.66407876905674
1.9000000000000001,94.88203507067794,48.78204304055306,143.664078111231
1.905,92.53643897341959,51.1276392811986,143.66407825461818
1.9100000000000001,90.16290124624811,53.501177709145594,143.6640789553937
1.915,87.75833921723377,55.905740681398015,143.66407989863177
1.92,85.320530413565,58.343550421603496,143.66408083516848
1.925,82.84840601603696,60.81567559974448,143.66408161578144
1.93,80.34220818209806,63.32187398912477,143.66408217122284
1.935,77.80355121556963,65.86053126637816,143.6640824819478
1.94,75.23541490895984,68.42866764766679,143.66408255662662
1.945,72.64208275239423,71.02199966996895,143.66408242236318
1.95,70.0290234582068,73.63505866486238,143.6640821230692
1.955,67.4027042021401,76.26137751805545,143.66408172019555
1.96,64.770320830077,78.89376045919074,143.66408128926776
1.965,62.13943756642897,81.52464334127365,143.6640809077026
1.97,59.51754957774867,84.14653105897582,143.6640806367245
1.975,56.91161487152745,86.75246563788525,143.6640805094127
1.98,54.32763727275979,89.33644326215503,143.66408053491483
1.985,51.770400346042365,91.89368036284682,143.66408070888917
1.99,49.24343444341852,94.42064656168165,143.66408100510017
1.995,46.74924354231371,96.91483780076548,143.6640813430792
2.0,44.289747023260645,99.37433454027881,143.66408156353947
2.005,41.86683638258452,101.79724506396957,143.6640814465541
2.0100000000000002,39.48292732772097,104.18115344695593,143.6640807746769
2.015,37.141398895303965,106.52268052292428,143.66407941822825
2.02,34.846834165229005,108.81724325581156,143.66407742104056
2.025,32.60499697185897,111.0590780944274,143.6640750662864
2.0300000000000002,30.42249675558095,113.24157612409695,143.66407287967792
2.035,28.306126785375593,115.35794471838611,143.6640715037617
2.04,26.261932418181537,117.40213900811122,143.66407142629276
2.045,24.294180340315766,119.36989236245739,143.66407270277315
2.05,22.404513823525537,121.25956109354857,143.66407491707412
2.055,20.591604097756594,123.07247334014701,143.66407743790361
2.06,18.85147757927821,124.81260213794253,143.66407971722074
2.065,17.178458165019862,126.48562322720835,143.6640813922282
2.07,15.566459640975134,128.09762259274376,143.6640822337189
2.075,14.010312559799456,129.65376953007865,143.6640820898781
2.08,12.506901313575888,131.1571795623328,143.6640808759087
2.085,11.056021141791833,132.60805745322637,143.6640785950182
2.09,9.660954109613867,134.0031212851889,143.66407539480278
2.095,8.328777204754097,135.33529447698425,143.66407168173833
2.1,7.07036428889692,136.59370398273214,143.66406827162905
2.105,5.899952839463653,137.76411355813258,143.66406639759623
2.11,4.834062530149527,138.83000464438007,143.6640671745296
2.115,3.889567077816534,139.7745032124569,143.66407029027343
2.12,3.0809635418494876,140.58310946012875,143.66407300197824
2.125,2.417394756826668,141.2466770084688,143.66407176529546
2.13,1.9004840454201206,141.76358200170256,143.66406604712267
2.1350000000000002,1.5239854720834713,142.14007382115688,143.66405929324034
2.14,1.2754313472138714,142.3886240160079,143.66405536322176
2.145,1.138982677850851,142.52507276360066,143.66405544145152
2.15,1.0983550921335694,142.5657032944357,143.66405838656928
2.1550000000000002,1.1390700191986325,142.5249924500794,143.66406246927804
2.16,1.2498443405641408,142.41422205636962,143.66406639693378
2.165,1.423275149503836,142.24079431409464,143.66406946359848
2.17,1.6560541147734245,142.00801724809935,143.66407136287276
2.1750000000000003,1.9488788540865198,141.71519315136052,143.66407200544705
2.18,2.3061225270683092,141.35794890075132,143.66407142781964
2.185,2.735231458692963,140.92883830434567,143.66406976303864
2.19,3.2457746898040085,140.4182925295293,143.66406721933333
2.195,3.8481016031609623,139.81596245156166,143.66406405472262
2.2,4.551700013403661,139.11236060126774,143.6640606146714
2.205,5.36355753100794,138.30049992034301,143.66405745135094
2.21,6.286985362987181,137.37706993498674,143.6640552979739
2.215,7.32130057144481,136.34275411238104,143.66405468382587
2.22,8.462451405382957,135.20160409244232,143.66405549782527
2.225,9.704301530856608,133.95975548031134,143.66405701116796
2.23,11.040102700974813,132.62395562996437,143.66405833093918
2.235,12.463742764398711,131.20031608578807,143.6640588501868
2.24,13.97053593737231,129.69352249884307,143.66405843621538
2.245,15.557487013099037,128.1065703693408,143.66405738243984
2.25,17.223062467768628,126.440993752482,143.66405622025064
2.255,18.966565098873218,124.69749036533617,143.66405546420938
2.2600000000000002,20.787271811672756,122.87678357885262,143.6640553905254
2.265,22.68355729363396,120.98049867677383,143.6640559704078
2.27,24.652247278750075,119.01180969858652,143.6640569773366
2.275,26.688378862177178,116.97567927974946,143.66405814192663
2.2800000000000002,28.785402283341284,114.8786569523441,143.6640592356854
2.285,30.935713469843343,112.72834661585614,143.66406008569948
2.29,33.13133618887679,110.53272438172976,143.66406057060655
2.295,35.364592617044636,108.29946799752042,143.66406061456507
2.3000000000000003,37.628670018506085,106.03539015585449,143.66406017436057
2.305,39.91805858356739,103.74600063916564,143.66405922273304
2.31,42.22887507094531,101.4351826692319,143.6640577401772
2.315,44.55909639196756,99.10495933777834,143.66405572974588
2.32,46.908713812038165,96.75533945820453,143.6640532702427
2.325,49.27978827721303,94.38426234043297,143.664050617646
2.33,51.67634468944862,91.98770363600725,143.66404832545587
2.335,54.10399709300634,89.56005015360412,143.66404724661047
2.34,56.56917581449541,87.09487234725148,143.6640481617469
2.345,59.077887533972316,84.58616344501323,143.66405097898553
2.35,61.6341351521188,82.02991909638172,143.66405424850052
2.355,64.23841479038794,79.4256412996436,143.66405609003152
2.36,66.88687464499797,76.77718126166367,143.66405590666164
2.365,69.57151901198671,74.09253566990336,143.66405468189006
2.37,72.28133676001458,71.38271689769803,143.6640536577126
2.375,75.00382966360996,68.66022366817786,143.66405333178784
2.38,77.7263987560834,65.93765479302448,143.66405354910788
2.3850000000000002,80.43730598274516,63.22674798954976,143.6640539722949
2.39,83.1261930452294,60.537861306860535,143.66405435208992
2.395,85.7842720126672,57.87978255803975,143.66405457070695
2.4,88.40432071113081,55.25973388678577,143.66405459791656
2.4050000000000002,90.98058360988631,52.683470834587055,143.66405444447338
2.41,93.50863925867525,50.155414876262384,143.66405413493763
2.415,95.98526457655271,47.67878912071565,143.66405369726834
2.42,98.40830609278943,45.25574707009308,143.6640531628825
2.4250000000000003,100.77655563016577,42.88749694253809,143.66405257270387
2.43,103.08961990932474,40.574432076387005,143.66405198571175
2.435,105.34776863235035,38.31628285251624,143.6640514848666
2.44,107.5517441648914,36.11230700677977,143.6640511716712
2.445,109.70252021415003,33.96153092520612,143.66405113935616
2.45,111.8010100104032,31.863041413944195,143.6640514243474
2.455,113.84774764836251,29.816304312272948,143.66405196063545
2.46,115.84259427886771,27.82145830403982,143.66405258290752
2.465,117.78453966441717,25.879513437025146,143.6640531014423
2.47,119.67166170107983,23.99239170146849,143.66405340254832
2.475,121.5012655664796,22.162787925026297,143.6640534915059
2.48,123.27016642788656,20.39388702332941,143.66405345121598
2.485,124.97503574417325,18.689017626125903,143.66405337029914
2.49,126.61272239071928,17.051330910871144,143.66405330159043
2.495,128.1804833036781,15.48356995826449,143.6640532619426
2.5,129.67609492625613,13.987958323540106,143.66405324979624
2.505,131.0978485494341,12.56620470982611,143.6640532592602
2.5100000000000002,132.44445244376578,11.219600841125459,143.66405328489125
2.515,133.71487290022893,9.949180420728451,143.66405332095738
2.52,134.90814893633373,8.755904424142976,143.66405336047671
2.525,136.02321407563255,7.640839321041903,143.66405339667446
2.5300000000000002,137.05875383195965,6.605299594217921,143.66405342617756
2.535,138.0131191719456,5.650934279436094,143.66405345138168
2.54,138.88430499215022,4.7797484878260645,143.66405347997627
2.545,139.6699906762397,3.994062845526832,143.66405352176653
2.5500000000000003,140.3676299764413,3.296423608287514,143.6640535847288
2.555,140.97457202949641,2.689481642858057,143.66405367235447
2.56,141.48819484822468,2.1758589348798107,143.6640537831045
2.565,141.90603603337144,1.7580178781359928,143.66405391150744
2.57,142.22591077131744,1.4381432785744614,143.66405404989192
2.575,142.44601256165345,1.2180416282780961,143.66405418993153
2.58,142.56499636488994,1.0990579587520197,143.66405432364195
2.585,142.58204653307004,1.0820079107624592,143.6640544438325
2.59,142.4969330613742,1.167121482829988,143.6640545442042
2.595,142.31005967282675,1.3539949464867167,143.66405461931348
2.6,142.02250631030373,1.6415483543128648,143.6640546646166
2.605,141.63606692488023,2.0279877519123195,143.66405467679255
2.61,141.15328102854818,2.510773625978711,143.6640546545269
2.615,140.57745422012354,3.0866003797362755,143.6640545998598
2.62,139.91265869253684,3.751395827362876,143.6640545198997
2.625,139.16369970778646,4.500354720197963,143.66405442798444
2.63,138.33602891176287,5.328025430415445,143.6640543421783
2.6350000000000002,137.43558202732316,6.2284722507270756,143.66405427805023
2.64,136.46852036294496,7.1955338712709835,143.66405423421594
2.645,135.44086737979256,8.223186796352845,143.6640541761454
2.65,134.3580569170902,9.305997117756736,143.66405403484694
2.6550000000000002,133.22444658934035,10.439607149811266,143.6640537391516
2.66,132.04288607382028,11.621167202055554,143.66405327587583
2.665,130.81444442086513,12.849608311104227,143.66405273196935
2.67,129.5383755894486,14.125676679259154,143.66405226870776
2.6750000000000003,128.21234002543306,15.451712010660822,143.6640520360939
2.68,126.83282965114223,16.83122244320577,143.664052094348
2.685,125.39569820422948,18.26835419260655,143.66405239683604
2.69,123.89669479945292,19.767358029174673,143.66405282862758
2.695,122.3319268728959,21.332126386558198,143.6640532594541
2.7,120.69821754403388,22.96583603574144,143.66405357977533
2.705,118.99335399270149,24.67069972127105,143.66405371397252
2.71,117.21624068714604,26.447812932305833,143.66405361945186
2.715,115.36697569265894,28.297077589431176,143.66405328209012
2.72,113.44686460504761,30.21718810929789,143.6640527143455
2.725,111.45837949741411,32.20567246031607,143.66405195773018
2.73,109.40506306801112,34.258988019605226,143.66405108761634
2.735,107.29137349317043,36.37267672208269,143.6640502152531
2.74,105.12246552378622,38.54158395639833,143.66404948018453
2.745,102.90390988652186,40.76013914159648,143.66404902811834
2.75,100.641366433299,43.022682543261986,143.664048976561
2.755,98.34024417018189,45.323805210470695,143.66404938065259
2.7600000000000002,96.00539700730337,47.658653208999866,143.66405021630322
2.765,93.64090946913478,50.0231419205427,143.66405138967747
2.77,91.25001584109103,52.41403692464428,143.6640527657353
2.775,88.83517066311731,54.82888353509355,143.66405419821086
2.7800000000000002,86.39825719289968,57.26579835448098,143.66405554738066
2.785,83.9408950489873,59.723161634507925,143.66405668349523
2.79,81.4647957695291,62.199261712288674,143.6640574818178
2.795,78.97211470452542,64.69194311207067,143.66405781659608
2.8000000000000003,76.46575309047446,67.19830446948596,143.66405755996044
2.805,73.94956828074422,69.71448831010143,143.66405659084563
2.81,71.42844957526654,72.23560524290917,143.6640548181757
2.815,68.90821484017289,74.75583737931794,143.66405221949083
2.82,66.39528921564042,77.26875967527911,143.66404889091953
2.825,63.89615654680371,79.76788855219485,143.66404509899854
2.83,61.41663689636323,82.24740441784749,143.66404131421072
2.835,58.96112804284556,84.70291013563889,143.66403817848445
2.84,56.53201134464176,87.13202500051902,143.66403634516078
2.845,54.12940735004476,89.53462886522723,143.664036215272
2.85,51.75135900571823,91.91267873680843,143.66403774252666
2.855,49.3943754370093,94.26966503449226,143.66404047150155
2.86,47.05417191701059,96.60987184969645,143.66404376670704
2.865,44.72643391886798,98.93761312717666,143.66404704604463
2.87,42.40749149055816,101.25655840240546,143.66404989296362
2.875,40.0948634993965,103.56918855133017,143.66405205072667
2.88,37.7876839832269,105.87636937809614,143.66405336132306
2.8850000000000002,35.48704584795792,108.17700785397271,143.66405370193064
2.89,33.196296134611174,110.46775681375193,143.66405294836312
2.895,30.92129894300656,112.74275204639368,143.66405098940024
2.9,28.670648556683965,114.99339927322438,143.66404782990836
2.9050000000000002,26.455763170383747,117.2082806561628,143.66404382654656
2.91,24.290717674526988,119.3733223400932,143.66404001462018
2.915,22.191600376000714,121.4724378121316,143.6640381881323
2.92,20.175168731731983,123.48887131672328,143.66404004845526
2.9250000000000003,18.256752704189395,125.40729263008733,143.66404533427672
2.93,16.447787244508778,127.21626373533222,143.664050979841
2.935,14.753856403907935,128.91019714820732,143.66405355211526
2.94,13.174198249767022,130.48985419324032,143.66405244300734
2.945,11.702963191926601,131.9610863286565,143.66404952058312
2.95,10.33161328285411,133.33243329350267,143.66404657635678
2.955,9.051466527617256,134.61257763425277,143.66404416187004
2.96,7.85567387384761,135.80836818480668,143.6640420586543
2.965,6.740409632756915,136.92363036184076,143.6640399945977
2.97,5.70536455364923,137.95867347367465,143.66403802732387
2.975,4.753696216829759,138.9103404596792,143.66403667650894
2.98,3.8915265183772774,139.77251034914775,143.66403686752503
2.985,3.1269971095254983,140.53704240329378,143.66403951281927
2.99,2.46888401377603,141.19516054067782,143.66404455445385
2.995,1.9248881975941412,141.73916176075292,143.66404995834705
3.0,1.499951500314337,142.16410063456402,143.66405213487835
3.005,1.1951566294363085,142.46889188600494,143.66404851544124
3.0100000000000002,1.0077192958521783,142.65632067948712,143.6640399753393
3.015,0.9321759332209876,142.73185420913035,143.66403014235132
3.02,0.9623563704621491,142.7016661956789,143.66402256614106
3.025,1.0934805563175316,142.570538422568,143.66401897888554
3.0300000000000002,1.3238308315071343,142.34018875595777,143.6640195874649
3.035,1.6557063435393147,142.00831774598,143.66402408951933
3.04,2.0955216462584683,141.5685104573761,143.66403210363458
3.045,2.6529122208841396,141.01113014961442,143.66404237049855
3.0500000000000003,3.3386886964367353,140.32536222304844,143.6640509194852
3.055,4.161682311933973,139.50236832304594,143.6640506349799
3.06,5.125121556176552,138.53891468466276,143.66403624083932
3.065,6.223911899274359,137.44009999638195,143.6640118956563
3.0700000000000003,7.444238400411105,136.2197511959396,143.66398959635072
3.075,8.765783751971595,134.89819441622063,143.66397816819222
3.08,10.165405141210345,133.49857261488387,143.66397775609423
3.085,11.62066734588377,132.04331642117123,143.663983767055
3.09,13.112292778014849,130.55169908947462,143.66399186748947
3.095,14.62545217914021,129.03854745334598,143.6639996324862
3.1,16.150260928613676,127.513745176001,143.66400610461466
3.105,17.681883824104503,125.98212719608019,143.6640110201847
3.11,19.22051917233564,124.44349514635336,143.664014318689
3.115,20.771377530681193,122.89263841677281,143.664015947454
3.12,22.344624030684056,121.3193918394259,143.66401587010995
3.125,23.95509622514049,119.7089179557158,143.6640141808563
3.13,25.621432173154215,118.04257889732894,143.66401107048316
3.1350000000000002,27.364121332504315,116.29988490401848,143.6640062365228
3.14,29.20215929471211,114.46183896008486,143.66399825479698
3.145,31.148734790931027,112.51525154831486,143.6639863392459
3.15,33.207506623347925,110.4564673190692,143.66397394241713
3.1550000000000002,35.37142424053661,108.29254285198617,143.6639670925228
3.16,37.62477199817676,106.03919593895444,143.6639679371312
3.165,39.94716702183091,103.71680649951148,143.66397352134237
3.17,42.31753068385581,101.34644919328684,143.66397987714265
3.1750000000000003,44.71683914172745,98.94714560908392,143.66398475081138
3.18,47.12952228147934,96.5344652925383,143.66398757401765
3.185,49.5439083625062,94.1200802287949,143.66398859130112
3.19,51.95215011395075,91.71183815420596,143.66398826815671
3.1950000000000003,54.349920415241954,89.31406666254668,143.66398707778865
3.2,56.73601462683757,86.92797085936434,143.6639854862019
3.205,59.111893148921894,84.552090837794,143.6639839867159
3.21,61.48113993346958,82.18284315436752,143.6639830878371
3.215,63.84879264770737,79.81519054703472,143.6639831947421
3.22,66.22051734376046,77.44346705159592,143.66398439535638
3.225,68.60165557158277,75.06233071716636,143.66398628874913
3.23,70.99625210425702,72.66773596495054,143.66398806920756
3.235,73.4062397811247,70.25774914457946,143.66398892570416
3.24,75.8309653750186,67.83302311771862,143.66398849273722
3.245,78.26716382507144,65.39682316039836,143.6639869854698
3.25,80.70936021258237,62.9546247408093,143.66398495339166
3.255,83.15056866258196,60.5134142572531,143.66398291983506
3.2600000000000002,85.58311612180853,58.08086505065489,143.66398117246342
3.265,87.99944677270983,55.664532980996356,143.6639797537062
3.27,90.39282355626199,53.27115500109541,143.66397855735738
3.275,92.75789903825033,50.90607840218313,143.66397744043346
3.2800000000000002,95.09115816399866,48.57281815652472,143.66397632052337
3.285,97.39123539519753,46.272739876776804,143.66397527197432
3.29,99.6590800756963,44.00489455158427,143.66397462728057
3.295,101.89789173653388,41.76608326909412,143.663975005628
3.3000000000000003,104.11268853416247,39.55128850173125,143.6639770358937
3.305,106.30935571974481,37.354624847294644,143.66398056703946
3.31,108.49313333107267,35.17085057288405,143.6639839039567
3.315,110.666799867522,32.9971847188626,143.6639845863846
3.3200000000000003,112.82916127939589,30.83482053147533,143.66398181087123
3.325,114.97451220463111,28.68946520319364,143.66397740782475
3.33,117.09329309468565,26.57068073974586,143.66397383443152
3.335,119.17354460899779,24.490427526567238,143.66397213556502
3.34,121.20249032404206,22.461481645529105,143.66397196957115
3.345,123.1677675621658,20.49620501482265,143.66397257698844
3.35,125.05816657150578,18.60580681216988,143.66397338367565
3.355,126.86396215180811,16.80001195159246,143.66397410340056
3.36,128.5769871814863,15.086987460675964,143.66397464216226
3.365,130.19057574665223,13.473399249197673,143.6639749958499
3.37,131.69945997164257,11.964515217402846,143.6639751890454
3.375,133.09966840883314,10.564306837829339,143.6639752466625
3.38,134.3884508698244,9.275524312829722,143.66397518265413
3.3850000000000002,135.56424220136986,8.099732793993363,143.66397499536322
3.39,136.62667164679178,7.0373030178826514,143.66397466467444
3.395,137.57662158624316,6.08735256434954,143.6639741505927
3.4,138.41633645335227,5.247636945371323,143.66397339872358
3.4050000000000002,139.14957552775618,4.5143968413807265,143.6639723691369
3.41,139.78178579367864,3.882185329263431,143.66397112294206
3.415,140.32023328530542,3.343736720662511,143.66397000596794
3.42,140.773962703439,2.8900071669873206,143.6639698704263
3.4250000000000003,141.15336104971527,2.5106108611298534,143.66397191084513
3.43,141.46904708162907,2.19492925245637,143.66397633408545
3.435,141.72996384463448,1.9340166158128684,143.66398046044736
3.44,141.94107826877593,1.7229018461742813,143.66398011495022
3.4450000000000003,142.10174220744236,1.5622327249550565,143.66397493239742
3.45,142.2057476673867,1.4582214425473017,143.66396910993402
3.455,142.243078722346,1.4208872943871986,143.6639660167332
3.46,142.20231428686333,1.461651426291136,143.66396571315445
3.465,142.07259814851713,1.5913686580036819,143.66396680652082
3.47,141.8447612645857,1.8192069308994516,143.66396819548515
3.475,141.51173239705983,2.152236998801046,143.66396939586087
3.48,141.06853415205128,2.5954361434295405,143.66397029548082
3.485,140.51209997646833,3.1518709474984967,143.66397092396684
3.49,139.84104471839098,3.8229266232421044,143.66397134163307
3.495,139.05544694114286,4.608524661640624,143.66397160278348
3.5,138.15666042997273,5.507311319561947,143.66397174953468
3.505,137.14715345631038,6.516818358180079,143.66397181449045
3.5100000000000002,136.0303669442186,7.633604879918179,143.66397182413678
3.515,134.81058062565765,8.853391174925328,143.66397180058297
3.52,133.49277662179804,10.171195139693669,143.66397176149172
3.525,132.0824913869501,11.581480332161906,143.663971719112
3.5300000000000002,130.58564909779238,13.078322582223748,143.66397168001612
3.535,129.00837214758664,14.655599499584058,143.6639716471707
3.54,127.35676737771266,16.307204246791624,143.66397162450428
3.545,125.63669039195332,18.027281228959595,143.66397162091292
3.5500000000000003,123.8534957933123,19.81047585451977,143.66397164783208
3.555,122.01179009103623,21.652181616317907,143.66397170735414
3.56,120.11521721919326,23.548754560585724,143.663971779779
3.565,118.16632138333084,25.497650447039874,143.6639718303707
3.5700000000000003,116.16653981463666,27.497432027374366,143.66397184201102
3.575,114.1163675332449,29.547604309985545,143.66397184323046
3.58,112.01570282407295,31.64826906527296,143.6639718893459
3.585,109.86433713103789,33.79963487036665,143.66397200140455
3.59,107.66251928082607,36.00145283538366,143.66397211620972
3.595,105.41151771354542,38.252454371123946,143.66397208466935
3.6,103.11412195782276,40.54984974939463,143.6639717072174
3.605,100.77504619121471,42.88892459052171,143.66397078173642
3.61,98.40120220189476,45.26276696485945,143.6639691667542
3.615,96.0017841721576,47.66218271493978,143.6639668870974
3.62,93.58805432087614,50.0759099560632,143.66396427693934
3.625,91.17265897204689,52.49130304931179,143.66396202135869
3.63,88.76830140018674,54.89565942108675,143.6639608212735
3.6350000000000002,86.38575653352399,57.2782041814835,143.66396071500748
3.64,84.03159875332119,59.6323622043834,143.6639609577046
3.645,81.70645850378337,61.957502578933074,143.66396108271644
3.65,79.40467442060448,64.25928720428578,143.66396162489025
3.6550000000000002,77.11559084440213,66.54837237157423,143.66396321597637
3.66,74.8258960504398,68.83806959029019,143.66396564073
3.665,72.52204167225318,71.14192645148054,143.66396812373372
3.67,70.19208413507033,73.4718858614653,143.66396999653563
3.6750000000000003,67.8267969883343,75.83717394452849,143.66397093286278
3.68,65.4202243951267,78.24374643959737,143.66397083472407
3.685,62.96992579113527,80.6940438682584,143.66396965939367
3.69,60.47711325474052,83.18685405599234,143.66396731073286
3.6950000000000003,57.946803163341755,85.71716044938702,143.66396361272876
3.7,55.3880269472094,88.27593144597836,143.66395839318776
3.705,52.81406516427655,90.84988660662864,143.6639517709052
3.71,50.2425598388677,93.42138491667512,143.66394475554281
3.715,47.695202574923506,95.96873737739973,143.66393995232323
3.72,45.196524433933604,98.46741673062685,143.66394116456047
3.725,42.77130104273263,100.89264904966859,143.66395009240122
3.73,40.44055895327918,103.22340312297754,143.66396207625672
3.735,38.21724877758422,105.44671999475244,143.66396877233666
3.74,36.10358756187091,107.56037988741079,143.6639674492817
3.745,34.09156413468076,109.57239859881827,143.66396273349903
3.75,32.16619660442798,111.49776280353396,143.66395940796195
3.755,30.309696662313577,113.35426186603547,143.66395852834904
3.7600000000000002,28.50490209869545,115.15905688652236,143.66395898521782
3.765,26.73739982470177,116.92655971854805,143.66395954324983
3.77,24.99654231436461,118.66741717767425,143.66395949203886
3.775,23.27578285515205,120.38817569429257,143.66395854944463
3.7800000000000002,21.57266676625484,122.09128990318254,143.66395666943737
3.785,19.88865434670663,123.77529961538607,143.6639539620927
3.79,18.228812163342404,125.4351385678568,143.6639507311992
3.795,16.60130977575031,127.06263779315954,143.66394756890986
3.8000000000000003,15.016606155883286,128.64733923116958,143.66394538705288
3.805,13.48623127614037,130.17771395398478,143.66394523012514
3.81,12.021202017367873,131.6427458271362,143.66394784450407
3.815,10.63035002480946,133.03360324252904,143.6639532673385
3.8200000000000003,9.31905934427741,134.3449014181491,143.6639607624265
3.825,8.088912227460204,135.57505685010395,143.66396907756416
3.83,6.938443497274957,136.72553325606611,143.66397675334107
3.835,5.864796841548781,137.7991854855174,143.66398232706618
3.84,4.865850692134077,138.79813368143115,143.66398437356523
3.845,3.9424278807581916,139.72155354406408,143.66398142482228
3.85,3.100358955023907,140.56361324843468,143.66397220345857
3.855,2.3521838945776956,141.3117733204825,143.6639572150602
3.86,1.7179404330268,141.9460015874954,143.6639420205222
3.865,1.2237584952731382,142.44017727592467,143.6639357711978
3.87,0.8965173724207718,142.7674166358076,143.66393400822835
3.875,0.7545507603977699,142.9093649285305,143.66391568892826
3.88,0.7990541524915928,142.86483421983226,143.66388837232387
3.8850000000000002,1.0129162265723766,142.65096452545873,143.6638807520311
3.89,1.3676521631433824,142.29624064448785,143.66389280763124
3.895,1.8323953052362891,141.8315133668563,143.6639086720926
3.9,2.3799292439474007,141.2839908030257,143.6639200469731
3.9050000000000002,2.9891758715473817,140.6747504068849,143.66392627843229
3.91,3.6456247191177056,140.01830420881106,143.66392892792877
3.915,4.341039782823039,139.3228894998074,143.66392928263042
3.92,5.073144654011848,138.59078322971806,143.6639278837299
3.9250000000000003,5.845549500210494,137.81837515195815,143.66392465216865
3.93,6.6679399748828345,136.99597926362347,143.6639192385063
3.935,7.556341908881835,136.1075699545657,143.66391186344754
3.94,8.532957865442395,135.13094684723234,143.66390471267474
3.9450000000000003,9.624589823144746,134.0393114249889,143.66390124813364
3.95,10.858359220920562,132.80553874678958,143.66389796771014
3.955,12.254419626784731,131.40946009965776,143.6638797264425
3.96,13.81843878019665,129.84540747607747,143.66384625627413
3.9650000000000003,15.539054691201946,128.12477012800736,143.6638248192093
3.97,17.39250905791354,126.27132011781278,143.6638291757263
3.975,19.350726070069108,124.31312138759417,143.66384745766328
3.98,21.38779675425411,122.27606914848322,143.6638659027373
3.985,23.483070934643244,120.1808081895029,143.66387912414615
3.99,25.621701833203247,118.04218505460504,143.6638868878083
3.995,27.79394912641194,115.8699411448485,143.66389027126044
4.0,29.994063441912083,113.6698266943974,143.66389013630948
4.005,32.219109579560396,111.44477733093686,143.66388691049724
4.01,34.467849183125,109.19603165052283,143.66388083364782
4.015,36.739732482414446,106.9241398510658,143.66387233348024
4.0200000000000005,39.034055959280025,104.62980638135461,143.66386234063464
4.025,41.34936461080931,102.3144877279519,143.66385233876122
4.03,43.68317187202723,99.98067216555,143.66384403757723
4.035,46.03202210094848,97.63181671953666,143.66383882048513
4.04,48.391847384726574,95.27198993086941,143.66383731559597
4.045,50.75850978352331,92.90532954653446,143.66383933005778
4.05,53.128400541103204,90.53544355106715,143.66384409217034
4.055,55.498989278398156,88.16486129687345,143.66385057527162
4.0600000000000005,57.86925609895321,85.7946016308731,143.6638577298263
4.065,60.239972596811334,83.42389198941075,143.66386458622208
4.07,62.61381025078614,81.05006002555358,143.6638702763397
4.075,64.99524653455168,78.6686275033333,143.66387403788497
4.08,67.39022055061204,76.27365470038845,143.6638752510005
4.085,69.80548014650935,73.85839339428574,143.6638735407951
4.09,72.2475885654669,71.4162803936558,143.66386895912268
4.095,74.72164753968174,68.94221466271567,143.6638622023974
4.1,77.22994397479412,66.43391072420667,143.6638546990008
4.105,79.77087284476858,63.89297545517071,143.66384829993927
4.11,82.33850649903047,61.32533801603196,143.66384451506244
4.115,84.9229906850368,58.74085309465936,143.66384377969615
4.12,87.51163133451014,56.1522140623892,143.66384539689935
4.125,90.09029823000157,53.57354992164243,143.663848151644
4.13,92.64474940776505,51.01910158087098,143.66385098863603
4.135,95.16163081690426,48.50222249372645,143.6638533106307
4.14,97.62909089345416,46.03476403426217,143.66385492771633
4.1450000000000005,100.03707151949519,43.62678436281106,143.66385588230625
4.15,102.37737956756726,41.2864767339033,143.66385630147056
4.155,104.64363570784354,39.02022060757733,143.66385631542087
4.16,106.83117099583049,36.83268503064896,143.66385602647944
4.165,108.93691533691114,34.726940167745724,143.66385550465685
4.17,110.95930171933486,32.70455307456368,143.66385479389854
4.175,112.89819627633912,30.76565764530846,143.6638539216476
4.18,114.75485465919999,28.90899825071562,143.66385290991562
4.1850000000000005,116.53189736417428,27.131954424704144,143.66385178887842
4.19,118.2332882925669,25.43056232221503,143.66385061478192
4.195,119.86429019906728,23.799559292629176,143.66384949169645
4.2,121.43135720311173,22.2324913856552,143.66384858876694
4.205,122.94191022342238,20.721937905561973,143.66384812898434
4.21,124.40393315802571,19.259915152449594,143.66384831047532
4.215,125.82534009713032,17.838509043313113,143.66384914044343
4.22,127.21311506879786,16.45073519166524,143.6638502604631
4.225,128.5723230770422,15.091527897874284,143.66385097491647
4.23,129.90520582900035,13.758644804100987,143.66385063310133
4.235,131.21063418231947,12.453214943766456,143.66384912608592
4.24,132.48411888171668,11.179728107473164,143.66384698918984
4.245,133.7183901773722,9.945454806261482,143.6638449836337
4.25,134.90435627541603,8.759487329118091,143.66384360453412
4.255,136.03216088842981,7.631682036888874,143.66384292531868
4.26,137.09210693935594,6.571735804955126,143.66384274431107
4.265,138.07532935234244,5.588513438407852,143.6638427907503
4.2700000000000005,138.97420505033196,4.6896377968911604,143.66384284722312
4.275,139.7825461289847,3.881296654597394,143.6638427835821
4.28,140.49563681052956,3.16820573591396,143.66384254644353
4.285,141.11016536375658,2.553676774566078,143.66384213832265
4.29,141.62408531712657,2.039756282619867,143.66384159974643
4.295,142.03642552405557,1.6274154709598525,143.66384099501542
4.3,142.34706014478266,1.316780253516446,143.6638403982991
4.305,142.5564485171021,1.1073913612026276,143.6638398783047
4.3100000000000005,142.66536018582661,0.9984792979798041,143.6638394838064
4.315,142.67460880684158,0.9892304283669537,143.66383923520854
4.32,142.58482507855734,1.0790140472725316,143.66383912582987
4.325,142.39629809982856,1.267541031335126,143.66383913116368
4.33,142.10890447369678,1.5549347463057495,143.66383922000253
4.335,141.7221279397692,1.941711422282352,143.66383936205153
4.34,141.23515587788998,2.428683652879813,143.6638395307698
4.345,140.64702894062015,3.0168107625301137,143.66383970315027
4.3500000000000005,139.95681885314744,3.7070210050973706,143.6638398582448
4.355,139.1638153876528,4.500024587403281,143.66383997505608
4.36,138.26771291200592,5.396127117623289,143.6638400296292
4.365,137.26879630512758,6.395043685999429,143.66383999112702
4.37,136.16813347352902,7.495706343694065,143.66383981722308
4.375,134.9677864489945,8.696053001804376,143.6638394507989
4.38,133.67105446505954,9.992784359502544,143.66383882456208
4.385,132.2827584664943,11.381079424889007,143.6638378913833
4.39,130.80956176358836,12.85427495438987,143.66383671797823
4.3950000000000005,129.2602848274916,14.4035508620448,143.6638356895364
4.4,127.64609662047141,16.017739153654095,143.66383577412552
4.405,125.98034053840003,17.68349783466139,143.66383837306142
4.41,124.2776246445105,19.386219079479783,143.66384372399028
4.415,122.55185319643573,21.111995037469555,143.6638482339053
4.42,120.81337999851057,22.85046584245846,143.66384584096903
4.425,119.06636627827626,24.5974695213136,143.66383579958986
4.43,117.30784113367051,26.355983754279293,143.6638248879498
4.4350000000000005,115.52903036311281,28.13478861676323,143.66381897987605
4.44,113.71802003738765,29.94579821445498,143.66381825184263
4.445,111.86232914849617,31.80149102010312,143.6638201685993
4.45,109.95060764499485,33.71321504207536,143.6638226870702
4.455,107.97344193641024,35.69038296884305,143.6638249052533
4.46,105.92357616933856,37.74025044305574,143.6638266123943
4.465,103.79584882615796,39.867979030256194,143.66382785641417
4.47,101.58703580195797,42.076792933163176,143.66382873512114
4.4750000000000005,99.29569907741768,44.368130249067335,143.66382932648503
4.48,96.92208642571791,46.74174324834246,143.66382967406037
4.485,94.46810261023478,49.19572717595359,143.6638297861884
4.49,91.93736387242339,51.726465760784365,143.66382963320774
4.495,89.33534655428451,54.328482584406075,143.66382913869057
4.5,86.66964125682803,56.99418691434737,143.6638281711754
4.505,83.9503186664992,59.713507902101334,143.66382656860054
4.51,81.19038817051882,62.47343612171759,143.6638242922364
4.515,78.406257448991,65.25756444904069,143.6638218980317
4.5200000000000005,75.61793425848626,68.04588707892768,143.66382133741394
4.525,72.84842067616744,70.81540499507287,143.66382567124032
4.53,70.12147638296281,73.54235761491242,143.66383399787523
4.535,67.45725021030522,76.20658451857507,143.6638347288803
4.54,64.86692829330487,78.79688922626924,143.6638175195741
4.545,62.34961017398534,81.31418402530761,143.66379419929297
4.55,59.89396653220825,83.76981614977936,143.6637826819876
4.555,57.48347079157374,86.1803133526067,143.66378414418045
4.5600000000000005,55.10172659035646,88.56206397625337,143.66379056660983
4.565,52.7357624245205,90.9280338808478,143.6637963053683
4.57,50.3773095069362,93.2864900671119,143.66379957404808
4.575,48.022903916426436,95.64089644602578,143.6638003624522
4.58,45.67349460081847,97.99030447842452,143.663799079243
4.585,43.33387570171683,100.32992049059264,143.66379619230946
4.59,41.01200171323872,102.65179064207337,143.66379235531207
4.595,38.71810839322386,104.94568025979726,143.66378865302113
4.6000000000000005,36.4635278382763,107.20025879662258,143.66378663489888
4.605,34.25915905806213,109.40462874783073,143.66378780589287
4.61,32.11374521908349,111.55004740767401,143.6637926267575
4.615,30.03235184112353,113.63144798479041,143.66379982591394
4.62,28.015559393370076,115.64824749968778,143.66380689305785
4.625,26.0597078880215,117.60410355590852,143.66381144393003
4.63,24.158118951892117,119.50569331551134,143.66381226740344
4.635,22.302870093751412,121.36093936391345,143.66380945766485
4.64,20.48663926236592,123.1771646562963,143.6638039186622
4.6450000000000005,18.704324874327355,124.95947183560264,143.66379670993
4.65,16.95437342433611,126.70941511994928,143.6637885442854
4.655,15.239877951874142,128.42390167482125,143.6637796266954
4.66,13.56952420297231,130.09424576145582,143.66376996442813
4.665,11.958367010195687,131.70539331612306,143.66376032631877
4.67,10.428190877962361,133.23556309615458,143.66375397411693
4.675,9.0068002074517,134.65695756753135,143.66375777498305
4.68,7.725104068489551,135.9386728671984,143.66377693568793
4.6850000000000005,6.610956217883302,137.05284395570095,143.66380017358426
4.69,5.680579352455038,137.9832216388833,143.66380099133832
4.695,4.93177800346081,138.73199778158374,143.66377578504455
4.7,4.343908963218549,139.31984232620079,143.66375128941934
4.705,3.8847514434732267,139.7789922926487,143.66374373612192
4.71,3.51933059902728,140.1444178444994,143.66374844352669
4.715,3.2162584390929054,140.4474982869984,143.66375672609132
4.72,2.9506863571764876,140.71307776272715,143.66376411990365
4.7250000000000005,2.705040589473726,140.9587288859075,143.66376947538123
4.73,2.468855928655506,141.194916893929,143.6637728225845
4.735,2.238518653615766,141.42525558299332,143.66377423660907
4.74,2.017306834843892,141.64646654420147,143.66377337904535
4.745,1.8158775542972372,141.84789178409955,143.66376933839678
4.75,1.6531784977972857,142.01058247035417,143.66376096815145
4.755,1.5574734636691783,142.10627527794784,143.663748741617
4.76,1.5665369639465272,142.09720170716278,143.66373867110931
4.765,1.725016030433034,141.9387252141682,143.66374124460123
4.7700000000000005,2.0764221594800354,141.58732928744908,143.66375144692913
4.775,2.6499759423096654,141.01376717538432,143.66374311769397
4.78,3.4492956075906234,140.21442498779726,143.66372059538787
4.785,4.452138919081281,139.21157473479235,143.66371365387363
4.79,5.62104495663152,138.04267887569932,143.66372383233085
4.795,6.915843701372552,136.7478928375825,143.66373653895505
4.8,8.301484711944605,135.3622594779452,143.6637441898898
4.805,9.750917835721866,133.9128285356916,143.66374637141348
4.8100000000000005,11.24523283177664,132.41851195108808,143.6637447828647
4.815,12.772817946015554,130.89092303889856,143.6637409849141
4.82,14.32836952270517,129.33536656335397,143.66373608605915
4.825,15.911995389720843,127.75173563741424,143.6637310271351
4.83,17.52836691964081,126.13535999640891,143.6637269160497
4.835,19.185739588652165,124.47798553067838,143.66372511933054
4.84,20.894616461492525,122.76911030410756,143.66372676560007
4.845,22.665900474514213,120.99783111421826,143.66373158873247
4.8500000000000005,24.508629494545687,119.15510763096734,143.66373712551302
4.855,26.427776031687316,117.23596391791568,143.66373994960298
4.86,28.42286735491989,115.24087108746869,143.6637384423886
4.865,30.488010703163155,113.17572316048636,143.6637338636495
4.87,32.6133006242824,111.05042795912178,143.66372858340418
4.875,34.78700760996485,108.87671644754485,143.6637240575097
4.88,36.99782195451499,106.66589846434267,143.66372041885768
4.885,39.23670063500778,104.42701647428396,143.66371710929172
4.89,41.49820259760388,102.16551100781203,143.66371360541592
4.8950000000000005,43.78136546535611,99.882344627677,143.6637100930331
4.9,46.090132481072246,97.57357579270307,143.6637082737753
4.905,48.43313217269706,95.23057949861246,143.6637116713095
4.91,50.82236049951529,92.84136249080409,143.66372299031937
4.915,53.27031176735632,90.39342593356292,143.66373770091923
4.92,55.78580880348686,87.87793495666303,143.66374376014988
4.925,58.37012866800379,85.29360735182098,143.66373601982477
4.93,61.01560748368047,82.6481159258649,143.66372340954536
4.9350000000000005,63.707435695369874,79.95627988615597,143.66371558152585
4.94,66.4271780306902,77.23653595265077,143.66371398334098
4.945,69.15602323792324,74.50769252670695,143.66371576463018
4.95,71.87680614024237,71.78691227620286,143.66371841644522
4.955,74.57488271469751,69.08883807685805,143.66372079155556
4.96,77.238303352477,66.42541923820507,143.66372259068208
4.965,79.85766792095433,63.80605591973904,143.66372384069336
4.97,82.4258893771663,61.23783526194124,143.66372463910756
4.9750000000000005,84.93797465066586,58.72575041335624,143.66372506402212
4.98,87.39086638571798,56.27285876465403,143.66372515037202
4.985,89.78335851434979,53.880366370833116,143.6637248851829
4.99,92.11608480901268,51.54763939801978,143.66372420703246
4.995,94.39157054169709,49.272152472608795,143.6637230143059
5.0,96.61432422540645,47.04939698208493,143.6637212074914
5.005,98.79092011719099,44.87279870218981,143.6637188193808
5.01,100.929972802735,42.73374349340535,143.66371629614034
5.015,103.04182844704314,40.621886409623094,143.66371485666625
5.0200000000000005,105.1377182831062,38.52599809923947,143.66371638234568
5.025,107.22813692004432,36.43558495245667,143.663721872501
5.03,109.3204977522214,34.343231354579224,143.66372910680062
5.035,111.41674022312701,32.24699334473555,143.66373356786255
5.04,113.51208425453206,30.151649205889157,143.6637334604212
5.045,115.59577227927235,28.06795899371293,143.66373127298527
5.05,117.65342925664174,26.010300568391777,143.66372982503353
5.055,119.66978341136179,23.993946376215362,143.66372978757715
5.0600000000000005,121.63069540587401,22.033035144375166,143.66373055024917
5.065,123.5242004875513,20.139530971835917,143.6637314593872
5.07,125.34078989332488,18.322942296705527,143.6637321900304
5.075,127.0732729249832,16.590459734403886,143.66373265938708
5.08,128.71647202859748,14.947260861812794,143.66373289041027
5.085,130.26688772999196,13.39684520490436,143.66373293489633
5.09,131.72239104257915,11.941341801698357,143.6637328442775
5.095,133.0819590112233,10.58177365161232,143.6637326628356
5.1000000000000005,134.34545062827684,9.31828180027249,143.66373242854934
5.105,135.5134140389649,8.150318136307654,143.66373217527254
5.11,136.58691512841142,7.07681680557271,143.66373193398414
5.115,137.56737902993814,6.096352702449486,143.66373173238762
5.12,138.4564384557184,5.20729313698846,143.66373159270685
5.125,139.25578556958112,4.407945958301434,143.66373152788256
5.13,139.9670273170692,3.6967042198601456,143.66373153692936
5.135,140.59154769210807,3.0721839089016845,143.66373160100974
5.14,141.13038419330647,2.5333474893264176,143.66373168263289
5.1450000000000005,141.58412919989297,2.079602530612339,143.6637317305053
5.15,141.9528692259909,1.710862464974722,143.66373169096562
5.155,142.23617475087534,1.4275567724612452,143.6637315233366
5.16,142.43314958106274,1.2305816316311171,143.66373121269385
5.165,142.54254153150018,1.1211892414421891,143.66373077294236
5.17,142.5629072472345,1.1008229904813773,143.6637302377159
5.175,142.49281607620898,1.1709135675467115,143.6637296437557
5.18,142.33107380781405,1.3326552075489337,143.66372901536297
5.1850000000000005,142.07694797726722,1.5867803790851467,143.66372835635238
5.19,141.7303812553497,1.933346395070055,143.66372765041976
5.195,141.2921855440628,2.3715413228178304,143.6637268668806
5.2,140.76421371595703,2.899512252863002,143.66372596882002
5.205,140.1495058155975,3.5142191083527083,143.6637249239502
5.21,139.45239980634545,4.211323916412504,143.66372372275796
5.215,138.67858159972033,4.985140810802335,143.66372241052267
5.22,137.83502382247286,5.82869730909019,143.66372113156305
5.2250000000000005,136.9297299573141,6.733990193234165,143.66372015054827
5.23,135.97117386288502,7.692545892305272,143.6637197551903
5.235,134.9673397884523,8.69638015845916,143.66371994691147
5.24,133.92438012677042,9.73933997471846,143.66372010148888
5.245,132.84514356834123,10.81857564751413,143.66371921585537
5.25,131.72808284838607,11.935634093139214,143.66371694152528
5.255,130.56707836587063,13.096635814114936,143.66371417998556
5.26,129.35235027500994,14.311361948811383,143.66371222382134
5.265,128.07209819236562,15.591613413463588,143.6637116058292
5.2700000000000005,126.71424005760414,16.949471946301934,143.66371200390608
5.275,125.26777025208634,18.395942572792396,143.66371282487873
5.28,123.72358682806049,19.94012679753704,143.66371362559752
5.285,122.07487973916669,21.58883444764801,143.6637141868147
5.29,120.31725304118939,23.346461388291317,143.6637144294807
5.295,118.4487342190738,25.214980104219542,143.66371432329333
5.3,116.4697738529095,27.193939976959363,143.66371382986887
5.305,114.38329391102485,29.280418966347188,143.66371287737203
5.3100000000000005,112.19480942345233,31.468901940951362,143.6637113644037
5.315,109.91261890066804,33.75109031129497,143.663709211963
5.32,107.54802096346233,36.115685543951216,143.66370650741356
5.325,105.11545400412427,38.54824976954242,143.6637037736667
5.33,102.63236466846021,41.03133757139422,143.66370223985444
5.335,100.11851245891057,43.54519113694424,143.66370359585483
5.34,97.5944060516322,46.06930251130569,143.6637085629379
5.345,95.07881086773361,48.58490421129357,143.66371507902718
5.3500000000000005,92.58584581742605,51.07787334700578,143.66371916443182
5.355,90.12277449913356,53.540944408300966,143.66371890743451
5.36,87.68952823987999,55.97418793595163,143.6637161758316
5.365,85.28009439696035,58.3836194500065,143.66371384696686
5.37,82.8849396642083,60.778773529244646,143.66371319345296
5.375,80.49342099119056,63.170292954694034,143.66371394588458
5.38,78.09557467014113,65.56814069482044,143.66371536496158
5.385,75.68318782007785,67.98052904317359,143.66371686325144
5.39,73.25032201996333,70.41339608998601,143.66371810994934
5.3950000000000005,70.79350021523481,72.87021872647202,143.66371894170683
5.4,68.31171081764685,75.35200844538195,143.6637192630288
5.405,65.80630999874971,77.8574089849024,143.66371898365213
5.41,63.28084455527025,80.38287343990541,143.66371799517566
5.415,60.74077866942056,82.92293752011939,143.66371618953994
5.42,58.193089380051454,85.47062414931716,143.6637135293686
5.425,55.64570189065333,88.01800827872378,143.6637101693771
5.43,53.106772339002106,90.55693424330474,143.66370658230684
5.4350000000000005,50.58388933671421,93.07981424300968,143.6637035797239
5.44,48.083334584456416,95.58036753273451,143.66370211719092
5.445,45.60957829804778,98.0541246135422,143.66370291158998
5.45,43.16515474815923,100.49855134345866,143.66370609161788
5.455,40.750971923076996,102.91273919798556,143.66371112106256
5.46,38.36700339777218,105.29671361647152,143.6637170142437
5.465,36.01324294762274,107.65047969429838,143.66372264192114
5.47,33.69079274965857,109.9729341717835,143.66372692144208
5.4750000000000005,31.40298046506964,112.2607483801859,143.66372884525555
5.48,29.15641053391476,114.50731693483021,143.66372746874498
5.485,26.9617972389061,116.70192482754204,143.66372206644814
5.49,24.83426094863455,118.8294515942759,143.66371254291045
5.495,22.79252222880181,120.87117740021802,143.66369962901982
5.5,20.856335854247412,122.80734840299223,143.66368425723965
5.505,19.04208143905204,124.62158651277389,143.66366795182591
5.51,17.357910890619976,126.30574481555571,143.6636557061757
5.515,15.8010754960528,127.86257829822262,143.6636537942754
5.5200000000000005,14.359088193040009,129.30457385702454,143.66366205006454
5.525,13.013726367522914,130.64994796568894,143.66367433321184
5.53,11.745450077939275,131.9182351587836,143.66368523672287
5.535,10.536599394712276,133.12709338255416,143.66369277726645
5.54,9.373127472371642,134.29056964957405,143.6636971219457
5.545,8.245343804480248,135.41835517541716,143.66369897989742
5.55,7.148210994608688,136.51548781787784,143.66369881248653
5.555,6.081576673447298,137.5821198840814,143.6636965575287
5.5600000000000005,5.050561182153609,138.61313033044243,143.66369151259605
5.565,4.066195677512318,139.59748672934273,143.66368240685506
5.57,3.146245999692762,140.51742239469476,143.6636683943875
5.575,2.3158230633731094,141.34782948515368,143.66365254852678
5.58,1.6066977492919516,142.05694890077842,143.66364665007038
5.585,1.0533659683873782,142.61029592431404,143.6636618927014
5.59,0.6843165621970109,142.97936041428892,143.66367697648593
5.595,0.5111101949796496,143.1525496450637,143.66365984004332
5.6000000000000005,0.5232764775076812,143.14035800960744,143.66363448711513
5.605,0.6940341005663277,142.96959778163216,143.6636318821985
5.61,0.9916022010636426,142.67204271285598,143.66364491391963
5.615,1.387984337415121,142.2756745477032,143.66365888511834
5.62,1.8626904267640554,141.80097790708697,143.66366833385104
5.625,2.4030713635134218,141.26060195220936,143.66367331572278
5.63,3.0032621677188303,140.6604127974973,143.6636749652161
5.635,3.6627667231451166,140.00090723266038,143.6636739558055
5.64,4.384998750083715,139.2786715410512,143.66367029113493
5.6450000000000005,5.175786862985,138.487876657813,143.663663520798
5.65,6.041803260353966,137.6218500090346,143.66365326938856
5.655,6.988970889811729,136.67466920283192,143.66364009264365
5.66,8.021056487099475,135.6425697308996,143.66362621799908
5.665,9.13875741437643,134.52485785346835,143.6636152678448
5.67,10.339533842901492,133.32407680033444,143.66361064323593
5.675,11.618220849979739,132.0453928292297,143.66361367920945
5.68,12.968210118933325,130.69541295018763,143.66362306912094
5.6850000000000005,14.382872513544005,129.28076326660576,143.66363578014978
5.69,15.856935287969028,127.80671319670668,143.66364848467572
5.695,17.387644859974742,126.27601370278296,143.6636585627577
5.7,18.975636350000528,124.68802805999437,143.6636644099949
5.705,20.6254461160714,123.0382192003397,143.66366531641108
5.71,22.345541598609522,121.31811972498923,143.66366132359875
5.715,24.147631322433348,119.51602192474942,143.66365324718276
5.72,26.0449395728283,117.61870302663549,143.6636425994638
5.7250000000000005,28.04927285725982,115.6143582131837,143.66363107044353
5.73,30.167289534326212,113.49633073552613,143.66362026985234
5.735,32.397279602760385,111.26633286458866,143.66361246734905
5.74,34.72812614521375,108.93548393395582,143.6636100791696
5.745,37.141128524370295,106.52248459963741,143.6636131240077
5.75,39.61366817322295,104.04995074210095,143.6636189153239
5.755,42.12292957740855,101.54069497702083,143.6636245544294
5.76,44.6484992630158,99.01512931207216,143.66362857508796
5.765,47.17366584793166,96.48996491754153,143.6636307654732
5.7700000000000005,49.68579976003497,93.97783167950234,143.6636314395373
5.775,52.17626258849774,91.48736837375948,143.66363096225723
5.78,54.64016235385511,89.02346722756337,143.6636295814185
5.785,57.076123928656465,86.58750349025203,143.6636274189085
5.79,59.48613952564055,84.17748500520389,143.66362453084446
5.795,61.87549325856604,81.78812776717021,143.66362102573623
5.8,64.25269027322595,79.41092699860704,143.663617271833
5.805,66.62924127289594,77.03437290493905,143.66361417783497
5.8100000000000005,69.0190509640729,74.6445623082795,143.6636132723524
5.815,71.43707724460042,72.22653861777039,143.66361586237082
5.82,73.89700562288809,69.76661528842016,143.66362091130824
5.825,76.40812087625761,67.2555031139713,143.66362399022893
5.83,78.97233286977482,64.69128822715629,143.6636210969311
5.835,81.58280803330574,62.080805750950375,143.6636137842561
5.84,84.2250624581938,59.438544785062376,143.6636072432562
5.845,86.87994455435975,56.783659949972275,143.66360450433203
5.8500000000000005,89.52702758251493,54.136577490882495,143.66360507339743
5.855,92.14722612305083,51.51638105426284,143.66360717731368
5.86,94.72428761458491,48.93932185419415,143.66360946877904
5.865,97.24538418920051,46.41822713640652,143.66361132560704
5.87,99.70117409305722,43.96243849223091,143.66361258528812
5.875,102.08561789403532,41.57799538961872,143.66361328365406
5.88,104.3957055549665,39.26790796675327,143.66361352171975
5.885,106.63114750066126,37.03246592363601,143.66361342429727
5.89,108.7940139534938,34.86959918159033,143.66361313508412
5.8950000000000005,110.88826581905718,32.77534698121495,143.66361280027212
5.9,112.9191095457888,30.74450296477088,143.6636125105597
5.905,114.89214181735744,28.77147041282691,143.66361223018436
5.91,116.8123388278294,26.85127299282069,143.6636118206501
5.915,118.68306637146424,24.98054484803223,143.66361121949646
5.92,120.50536616534728,23.15824444085477,143.66361060620204
5.925,122.27772740487408,21.385882911599708,143.6636103164738
5.93,123.99638036586308,19.667230212288825,143.6636105781519
5.9350000000000005,125.65596014026309,18.007651227035556,143.66361136729864
5.94,127.25030267899365,16.41330980419859,143.66361248319225
5.945,128.77317450233568,14.890439194903312,143.663613697239
5.95,130.218836500967,13.444778341190396,143.6636148421574
5.955,131.5824300314789,12.081185794085439,143.66361582556434
5.96,132.8602206741836,10.803395934242822,143.66361660842642
5.965,134.049746607463,9.613870575571724,143.66361718303472
5.97,135.14990980616568,8.513707760070051,143.66361756623573
5.9750000000000005,136.16103042274443,7.5025873900415885,143.66361781278601
5.98,137.0848623196551,6.578755727223549,143.66361804687864
5.985,137.92454150106818,5.739076992296927,143.6636184933651
5.99,138.68441105685,4.979208395649612,143.6636194524996
5.995,139.36964624163042,4.293974886913084,143.6636211285435
6.0,139.98561588505424,3.6780074223073846,143.66362330736163
6.005,140.5369938231937,3.126631357447601,143.6636251806413
6.01,141.02678030493155,2.636845480295105,143.66362578522666
6.015000000000001,141.45553242757578,2.208092448578503,143.66362487615427
6.0200000000000005,141.8210979645275,1.8425252339451887,143.6636231984727
6.025,142.1189439739009,1.5446778009192685,143.66362177482017
6.03,142.34290576556427,1.3207153765568411,143.66362114212112
6.035,142.4860525056273,1.1775687560872867,143.66362126171458
6.04,142.5414246615422,1.1221971789523546,143.66362184049456
6.045,142.5025409729891,1.1610816273097897,143.66362260029888
6.05,142.36368626114177,1.2999371066284156,143.66362336777019
6.055,142.12004059962865,1.5435834609992758,143.66362406062794
6.0600000000000005,141.76771365983186,1.8959109900158708,143.66362464984772
6.065,141.30373284563177,2.359892284701106,143.6636251303329
6.07,140.72601683190803,2.9376086724699335,143.66362550437796
6.075,140.03335340569885,3.6302723680634355,143.66362577376228
6.08,139.2253927105632,4.438233225565532,143.66362593612874
6.085,138.30266296166684,5.360963021233937,143.66362598290078
6.09,137.26661409771796,6.397011799637958,143.66362589735593
6.095,136.11969454605764,7.543931106510904,143.66362565256856
6.1000000000000005,134.86546624225747,8.79815896821652,143.66362521047398
6.105,133.50876182222132,10.154862704543353,143.66362452676466
6.11,132.05588289049066,11.607740683355082,143.66362357384574
6.115,130.51482452332715,13.148797883239142,143.6636224065663
6.12,128.89548018719512,14.768141112835542,143.66362130003066
6.125,127.20972200107965,16.45389892318607,143.66362092426573
6.13,125.47116073179419,18.192461527666794,143.66362225946096
6.135,123.69430604538576,19.969319551364592,143.66362559675036
6.140000000000001,121.89289931838731,21.770729391069107,143.66362870945642
6.1450000000000005,120.07756902605466,23.58605818283993,143.66362720889458
6.15,118.2536271717383,25.409992377995106,143.6636195497334
6.155,116.42018537774452,27.24342465237529,143.6636100301198
6.16,114.57115344284739,29.09245038571291,143.6636038285603
6.165,112.69750593709033,30.96609617728413,143.66360211437444
6.17,110.78964851733471,32.87395460699993,143.66360312433466
6.175,108.83910880972036,34.82449610910076,143.6636049188211
6.18,106.83942575849107,36.82418067719184,143.6636064356829
6.1850000000000005,104.78646146440006,38.87714585057033,143.6636073149704
6.19,102.67839996394744,40.98520755639391,143.66360752034134
6.195,100.51561240545774,43.14799470724032,143.66360711269806
6.2,98.3004764286708,45.36312974231534,143.66360617098616
6.205,96.03717298837346,47.626431808461504,143.66360479683496
6.21,93.73144356596782,49.93215959551166,143.6636031614795
6.215,91.39026666847194,52.27333489536731,143.66360156383925
6.22,89.02140285520787,54.64219759577171,143.66360045097957
6.2250000000000005,86.63276878004206,57.03083154564429,143.66360032568633
6.23,84.23164426181933,59.43195723030415,143.66360149212346
6.235,81.8237965587366,61.839807179193905,143.66360373793052
6.24,79.41270125844287,64.25090498444695,143.6636062428898
6.245,76.99909341960154,66.66451452396709,143.66360794356862
6.25,74.58103455920539,69.08257358623814,143.66360814544353
6.255,72.15452642675541,71.50908042231111,143.66360684906653
6.26,69.7145222187178,73.94908232789433,143.66360454661213
6.265000000000001,67.2560868865221,76.40751488881102,143.66360177533312
6.2700000000000005,64.77548162882684,78.88811719175212,143.66359882057895
6.275,62.27104785053094,81.39254783121935,143.66359568175028
6.28,59.74386737554327,83.91972481743682,143.66359219298008
6.285,57.19823033701151,86.4653578522176,143.6635881892291
6.29,54.64193898496371,89.02164472124448,143.6635837062082
6.295,52.08642158321534,91.57715767610449,143.66357925931982
6.3,49.5465358960692,94.11704026128976,143.66357615735896
6.305,47.03982919972833,96.62374726311151,143.66357646283984
6.3100000000000005,44.58496200895742,99.07861980289341,143.66358181185083
6.315,42.199145843174406,101.46444521922959,143.663591062404
6.32,39.89493996729162,103.7686595631929,143.66359953048453
6.325,37.677453054262855,105.98614978189936,143.66360283616223
6.33,35.5432635959529,108.12033776268818,143.66360135864107
6.335,33.481646301376514,110.18195251715171,143.66359881852821
6.34,31.47743773644388,112.18616014979027,143.66359788623416
6.345,29.514225115723114,114.14937369228853,143.66359880801164
6.3500000000000005,27.57687437346614,116.0867262983919,143.66360067185803
6.355,25.6531216350512,118.01048095409169,143.6636025891429
6.36,23.734427623313536,119.92917639421673,143.66360401753025
6.365,21.816428797450314,121.84717583909583,143.66360463654615
6.37,19.899268598405186,123.76433553975805,143.66360413816324
6.375,17.987996193958672,125.67560585712569,143.66360205108435
6.38,16.09312726552389,127.57047039074416,143.66359765626805
6.385,14.231353854272069,129.4322363381699,143.66359019244197
6.390000000000001,12.426207427918,131.23737240880047,143.66357983671847
6.3950000000000005,10.708139480905576,132.9554303118186,143.66356979272416
6.4,9.112983880617524,134.55058343459604,143.66356731521356
6.405,7.677479586090966,135.98609770166502,143.66357728775597
6.41,6.4314996657419385,137.23209140973725,143.6635910754792
6.415,5.3895506552411,138.27404427240208,143.66359492764317
6.42,4.546619512299384,139.11697109602954,143.66359060832892
6.425,3.8812883290537865,139.78229943141815,143.66358776047193
6.43,3.3635638787338937,140.30002471970244,143.66358859843632
6.4350000000000005,2.962559919965681,140.7010304639111,143.6635903838768
6.44,2.6513750566824945,141.0122160695595,143.663591126242
6.445,2.409232354060217,141.25435809010693,143.66359044416714
6.45,2.221956250034215,141.44163241752642,143.66358866756065
6.455,2.0817024224647014,141.58188387261242,143.66358629507712
6.46,1.986433258240158,141.67715066562675,143.66358392386692
6.465,1.9393034642986642,141.72427889833523,143.6635823626339
6.47,1.9479183053850428,141.71566436684708,143.6635826722321
6.4750000000000005,2.023317989360395,141.64026785015787,143.66358583951828
6.48,2.178529712747131,141.48506215904567,143.6635918717928
6.485,2.426659528119088,141.2369392462792,143.66359877439828
6.49,2.7787871969133873,140.88481564453065,143.66360284144403
6.495,3.242250041997444,140.42135093795812,143.66360097995556
6.5,3.819971990859026,139.84362099247127,143.6635929833303
6.505,4.511129607260217,139.1524515808661,143.66358118812633
6.51,5.312853420667524,138.35071500616883,143.66356842683635
6.515000000000001,6.222266297160334,137.44129066718176,143.6635569643421
6.5200000000000005,7.238143401738924,136.42540565799828,143.6635490597372
6.525,8.361673971288827,135.30187361664156,143.6635475879304
6.53,9.596022577681419,134.06753206953144,143.66355464721286
6.535,10.944666982671176,132.7189011850848,143.66356816775598
6.54,12.40898543057865,131.25459589974815,143.6635813303268
6.545,13.986136631252453,129.67745175602252,143.66358838727498
6.55,15.668324230146066,127.99526533316512,143.66358956331118
6.555,17.443731039719086,126.21985731928746,143.66358835900655
6.5600000000000005,19.29841428771632,124.36517288563411,143.66358717335044
6.565,21.21817602664715,122.4454105362899,143.66358656293704
6.57,23.189851056064253,120.47373526961005,143.6635863256743
6.575,25.201968835156446,118.46161737246814,143.66358620762458
6.58,27.24498943438917,116.41859661355392,143.66358604794308
6.585,29.311327506631393,114.35225822898201,143.6635857356134
6.59,31.395307997202217,112.2682771651339,143.66358516233612
6.595,33.49312805738316,110.17045614301195,143.66358420039512
6.6000000000000005,35.60285390798032,108.06072878779156,143.66358269577188
6.605,37.72445445181819,105.93912602260195,143.66358047442014
6.61,39.859854342034915,103.8037230372245,143.6635773792594
6.615,42.01296772452065,101.65060565577099,143.66357338029164
6.62,44.18964198475547,99.47392682993286,143.66356881468835
6.625,46.39739612598889,97.26616862449706,143.66356475048593
6.63,48.64479465496135,95.01876854122827,143.6635631961896
6.635,50.940303449827866,92.72326299758522,143.66356644741307
6.640000000000001,53.290616172471566,90.37295895015758,143.66357512262914
6.6450000000000005,55.69877250501318,87.96481397199359,143.6635864770068
6.65,58.162764324958644,85.50083161777712,143.66359594273575
6.655,60.67534958807807,82.98825134344102,143.66360093151908
6.66,63.22523760209445,80.43836448913144,143.6636020912259
6.665,65.7990723096562,77.86452901130987,143.66360132096605
6.67,68.3833711966287,75.28022876272414,143.66359995935284
6.675,70.96587982553523,72.6977187007879,143.66359852632314
6.68,73.5362537050938,70.12734341378268,143.66359711887648
6.6850000000000005,76.08624027624778,67.5773554421267,143.6635957183745
6.69,78.60957910720907,65.05401520007445,143.66359430728352
6.695,81.10178176243966,62.56181112949203,143.66359289193167
6.7,83.55988265912632,60.10370884073409,143.66359149986042
6.705,85.98220127512033,57.6813889004867,143.66359017560703
6.71,88.3681263855189,55.29546259292381,143.6635889784427
6.715,90.71791799832404,52.94566998101267,143.6635879793367
6.72,93.03251631863452,50.631070934098126,143.66358725273264
6.7250000000000005,95.31334597893644,48.35024087973946,143.6635868586759
6.73,97.5621066820326,46.10148013147219,143.6635868135048
6.735,99.78054818606242,43.88303886877691,143.66358705483933
6.74,101.9702379218813,41.6933494964878,143.6635874183691
6.745,104.1323416210808,39.531246030579254,143.66358765166007
6.75,106.26744691058934,37.39614056914684,143.66358747973618
6.755,108.3754611511261,35.28812555276712,143.66358670389323
6.76,110.45560375829666,33.20798152360968,143.66358528190634
6.765000000000001,112.50649118178364,31.157092159260998,143.66358334104464
6.7700000000000005,114.52628732039327,29.13729379979207,143.66358112018534
6.775,116.51287353831219,27.150705344172557,143.66357888248476
6.78,118.46398711169763,25.199589733649997,143.66357684534762
6.785,120.37728476491856,23.286290380643173,143.66357514556174
6.79,122.25030446530351,21.413269363674516,143.66357382897803
6.795,124.08031947944544,19.583253368970027,143.66357284841547
6.8,125.86410209531888,17.799469972960107,143.663572068279
6.805,127.59763978440668,16.065931508582235,143.6635712929889
6.8100000000000005,129.27587049009156,14.387699846118494,143.66357033621006
6.815,130.892517030649,12.771052084040116,143.66356911468912
6.82,132.4400910480275,11.223476658359996,143.6635677063875
6.825,133.91009869806163,9.753467617977185,143.6635663160388
6.83,135.29342380151326,8.370141361873191,143.66356516338644
6.835,136.58081449057642,7.082749886805663,143.66356437738207
6.84,137.7633799686905,5.900183995390208,143.6635639640807
6.845,138.83301999665042,4.83054384737794,143.66356384402837
6.8500000000000005,139.7827467390708,3.880817171518654,143.66356391058946
6.855,140.60689614749273,3.0566679231334204,143.66356407062617
6.86,141.30125085773523,2.362313401031123,143.66356425876634
6.865,141.86310613503625,1.8004582995358076,143.66356443457207
6.87,142.29130874902137,1.3722558253821515,143.66356457440352
6.875,142.58629098828828,1.077273677531074,143.66356466581937
6.88,142.75011169752165,0.9134530112644117,143.66356470878605
6.885,142.7865042438818,0.8770604823625298,143.66356472624435
6.890000000000001,142.70091706800844,0.9626477165107908,143.66356478451922
6.8950000000000005,142.50051503711674,1.1630499800858753,143.66356501720261
6.9,142.19409007422286,1.469475556214207,143.66356563043706
6.905,141.791813203634,1.8717536452392218,143.66356684887322
6.91,141.30476062821992,2.358808143915575,143.6635687721355
6.915,140.74418294472312,2.9193882533684867,143.6635711980916
6.92,140.1205705774244,3.543003018644132,143.66357359606852
6.925,139.44267953424878,4.220895844397357,143.66357537864613
6.93,138.71675668249605,4.946819625561454,143.66357630805751
6.9350000000000005,137.94617422689973,5.717402415872724,143.66357664277245
6.94,137.13154430583427,6.532032586066212,143.66357689190048
6.945,136.27121767248423,7.392359791531732,143.66357746401596
6.95,135.3619733305567,8.301605177213897,143.6635785077706
6.955,134.3997113161597,9.26386864539713,143.66357996155685
6.96,133.3800297955284,10.283551877524102,143.6635816730525
6.965,132.29864389296137,11.364939594609105,143.66358348757046
6.97,131.15165514365745,12.511930141492053,143.6635852851495
6.9750000000000005,129.93570325313425,13.727883731515693,143.66358698464995
6.98,128.64803529873632,15.01555323634329,143.6635885350796
6.985,127.28652194270082,16.377067962767377,143.6635899054682
6.99,125.84964231872418,17.81394875863608,143.66359107736025
6.995,124.33645213429828,19.327139906154365,143.66359204045264
7.0,122.74654416593422,20.917048624778992,143.6635927907132
7.005,121.08000668839435,22.583586641764484,143.66359333015885
7.01,119.33738312194885,24.326210545656913,143.66359366760577
7.015000000000001,117.51963492536171,26.14395889450734,143.66359381986905
7.0200000000000005,115.62810919899039,28.03548461399669,143.66359381298707
7.025,113.66451236559547,29.999081317521604,143.66359368311709
7.03,111.6308915007341,32.03270197605892,143.663593476793
7.035,109.52962525718067,34.13396799311669,143.66359325029737
7.04,107.3634267389659,36.300166329002245,143.66359306796815
7.045,105.13536097290569,38.528232026420845,143.66359299932654
7.05,102.8488795785683,40.814713536297376,143.66359311486568
7.055,100.50787452603011,43.15571895403427,143.66359348006438
7.0600000000000005,98.1167510161393,45.54684313031132,143.66359414645063
7.065,95.68051585534204,47.983079281784065,143.6635951371261
7.07,93.20487141692385,50.45872500532546,143.66359642224933
7.075,90.69629569119854,52.96730218778242,143.66359787898097
7.08,88.16207618861623,55.5015230462571,143.66359923487332
7.085,85.61025203683647,58.05334797554333,143.6636000123798
7.09,83.04941122105191,60.61418831069392,143.66359953174583
7.095,80.4883002683739,63.17529680095738,143.66359706933127
7.1000000000000005,77.93524426050004,65.72834796952185,143.6635922300219
7.105,75.39744683870941,68.2661385541448,143.6635853928542
7.11,72.88031766855858,70.78326017809351,143.6635778466521
7.115,70.38700987556973,73.27656144959546,143.6635713251652
7.12,67.91830401862107,75.74526316878283,143.66356718740388
7.125,65.47286218457339,78.19070368630994,143.66356587088333
7.13,63.04775994950295,80.61580700384468,143.66356695334764
7.135,60.63914679545003,83.02442280321955,143.6635695986696
7.140000000000001,58.24289977362086,85.42067321017986,143.66357298380072
7.1450000000000005,55.85518992789046,87.8083865805263,143.66357650841675
7.15,53.47293803650466,90.19064177768877,143.66357981419344
7.155,51.09417466864367,92.56940804531465,143.6635827139583
7.16,48.71833661416863,94.94524848935109,143.66358510351972
7.165,46.3465327900284,97.31705409505206,143.66358688508046
7.17,43.98180271720655,99.68178518967414,143.6635879068807
7.175,41.629370300975225,102.03421762088722,143.66358792186244
7.18,39.29686085053158,104.36672573145691,143.66358658198848
7.1850000000000005,36.994393678344174,106.66918981887457,143.66358349721875
7.19,34.73438668640057,108.929191669578,143.6635783559786
7.195,32.5308422894708,111.13272871414901,143.6635710036198
7.2,30.39791328387821,113.2656481299008,143.663561413779
7.205,28.347802871546197,115.31574710959251,143.66354998113871
7.21,26.38854970734954,117.27498880638808,143.66353851373762
7.215,24.522653351282678,119.14087695286017,143.66353030414285
7.22,22.747278342584362,120.91624939107358,143.66352773365793
7.2250000000000005,21.055921675627282,122.60760858086101,143.6635302564883
7.23,19.440679056895924,124.22285638810132,143.66353544499725
7.235,17.89420147110134,125.76933963678036,143.6635411078817
7.24,16.410893199701746,127.25265296538433,143.66354616508607
7.245,14.987344657203497,128.67620572633254,143.66355038353603
7.25,13.62218984946806,130.04136400243848,143.66355385190656
7.255,12.315596612991326,131.34796001001524,143.66355662300657
7.26,11.06856386030804,132.5949947238069,143.66355858411495
7.265000000000001,9.882180035972512,133.7813794837223,143.66355951969481
7.2700000000000005,8.756995874079209,134.9065634209661,143.66355929504533
7.275,7.692656126735509,135.97090189884807,143.66355802558357
7.28,6.687892942971446,136.9756631443779,143.66355608734935
7.285,5.740906795706198,137.92264714900261,143.6635539447088
7.29,4.850078223593659,138.81347370018796,143.66355192378163
7.295,4.014902373887258,139.64864771504529,143.66355008893254
7.3,3.2370334451682266,140.42651484965268,143.6635482948209
7.305,2.521349200586018,141.14219721900724,143.66354641959327
7.3100000000000005,1.8769574724045286,141.7865872820405,143.66354475444504
7.315,1.3180267477663932,142.34551758419875,143.66354433196514
7.32,0.8642082548396587,142.79933819551235,143.66354645035202
7.325,0.5402478600402767,143.12330276290365,143.66355062294392
7.33,0.37426337155545775,143.28928941912258,143.66355279067804
7.335,0.39426447825163113,143.26928388482878,143.66354836308042
7.34,0.6229834662737954,143.04055410278949,143.6635375690633
7.345,1.0720219112011073,142.59150197792843,143.66352388912955
7.3500000000000005,1.7374694641579946,141.92604136832438,143.66351083248236
7.355,2.5994865014336024,141.0640166613634,143.663503162797
7.36,3.6265809180848922,140.0369224608211,143.663503378906
7.365,4.782425664989848,138.88108285287575,143.6635085178656
7.37,6.032011250384271,137.6315028665432,143.66351411692747
7.375,7.3453884255749085,136.31812944071467,143.66351786628957
7.38,8.699121106242902,134.96439839179544,143.66351949803834
7.385,10.07635878900299,133.58716072142445,143.66351951042745
7.390000000000001,11.466349011054113,132.1971693967606,143.6635184078147
7.3950000000000005,12.863873306736437,130.7996431849292,143.66351649166563
7.4,14.268818676574087,129.3946952240267,143.66351390060078
7.405,15.685932413806306,127.97757833806607,143.66351075187237
7.41,17.124700666594926,126.53880671368799,143.6635073802829
7.415,18.599182191511794,125.06432248440612,143.66350467591792
7.42,20.127479765029335,123.53602446108968,143.66350422611902
7.425,21.730361629727987,121.93314562864488,143.66350725837287
7.43,23.428514639502588,120.23499687217375,143.66351151167635
7.4350000000000005,25.238363623108576,118.42514580460029,143.66350942770887
7.44,27.167529720108476,116.49596536715555,143.66349508726404
7.445,29.212104942753932,114.45136915569805,143.66347409845199
7.45,31.35746627289105,112.3059921993484,143.66345847223945
7.455,33.58217700236705,110.0812766285073,143.66345363087436
7.46,35.86278449377258,107.80067237481805,143.66345686859063
7.465,38.17758027989572,105.48588326150386,143.66346354139958
7.47,40.508713541004205,103.15475718475545,143.66347072575965
7.4750000000000005,42.84298936301147,100.82048799444385,143.66347735745532
7.48,45.17190576793335,98.49157756941506,143.6634833373484
7.485,47.49133924167627,96.17214958918873,143.663488830865
7.49,49.80108742984969,93.86240647233527,143.66349390218494
7.495,52.10432929260557,91.55916908063878,143.66349837324435
7.5,54.40697263840259,89.25652918736938,143.66350182577196
7.505,56.71681355930886,86.94669013662696,143.66350369593582
7.51,59.04243597923993,84.62106746240856,143.6635034416485
7.515000000000001,61.39185423823915,82.27164658208213,143.66350082032127
7.5200000000000005,63.77105446124247,79.89244180316541,143.66349626440788
7.525,66.18276080266243,77.4807302458477,143.66349104851014
7.53,68.62580591956478,75.0376809006334,143.6634868201982
7.535,71.09532082302398,72.56816386212924,143.6634846851532
7.54,73.58364978108975,70.07983490120601,143.66348468229575
7.545,76.08165131623102,67.58183473318245,143.66348604941345
7.55,78.58000932385147,65.08347851052586,143.66348783437735
7.555,81.07030864240564,62.59318066806445,143.66348931047008
7.5600000000000005,83.54579341941705,60.11769666584664,143.66349008526367
7.565,86.00183050611108,57.66165956406678,143.66349007017786
7.57,88.43612548858607,55.22736399042596,143.66348947901201
7.575,90.84870781753591,52.81478109094643,143.66348890848235
7.58,93.24164403321423,50.42184534709404,143.66348938030828
7.585,95.61839051055955,48.04510150059632,143.66349201115588
7.59,97.98271515878426,45.68078189128198,143.66349705006624
7.595,100.33726492622833,43.326238026898814,143.66350295312714
7.6000000000000005,102.68212224393034,40.981384868982055,143.66350711291238
7.605,105.01389082800712,38.64961733467986,143.66350816268698
7.61,107.32571361544251,36.33779336834512,143.6635069837876
7.615,109.60816045271534,34.05534483932091,143.66350529203623
7.62,111.85051328206654,31.812990824978506,143.66350410704504
7.625,114.04193874486204,29.621564827334375,143.66350357219642
7.63,116.17228318998743,27.491220258175954,143.66350344816337
7.635,118.23247893896666,25.43102454162623,143.6635034805929
7.640000000000001,120.21467306390409,23.448830446715178,143.66350351061925
7.6450000000000005,122.11220176914796,21.551301693122866,143.66350346227082
7.65,123.91949999091493,19.744003315742773,143.6635033066577
7.655,125.63199895325715,18.031504082522062,143.66350303577923
7.66,127.24603829375698,16.417464354559247,143.66350264831624
7.665,128.75880436328652,14.904697779508624,143.66350214279515
7.67,130.16829900587055,13.49520250823959,143.66350151411015
7.675,131.47334033198814,12.190160418995305,143.66350075098345
7.68,132.67359653072137,10.989903302394524,143.6634998331159
7.6850000000000005,133.76965422042383,9.893844507274597,143.66349872769842
7.69,134.76312309627374,8.900374290222636,143.66349738649637
7.695,135.65677728566942,8.006718462849019,143.66349574851844
7.7,136.45472842554275,7.208765336550444,143.6634937620932
7.705,137.16261160166502,6.5008798541865875,143.6634914558516
7.71,137.7877358458465,5.875753253383122,143.66348909922962
7.715,138.33909802088644,5.324389417396459,143.66348743828289
7.72,138.82708486935357,4.836402866176066,143.66348773552963
7.7250000000000005,139.26263364058457,4.400857293704361,143.66349093428892
7.73,139.6557006538854,4.007795118448679,143.66349577233407
7.735,140.0132376776532,3.6502606147202505,143.66349829237345
7.74,140.33741369343085,3.326081870331571,143.6634955637624
7.745,140.62502708043286,3.0384621988694684,143.66348927930233
7.75,140.86846858820292,2.795014750740474,143.6634833389434
7.755,141.05765230649408,2.605827436858309,143.66347974335238
7.76,141.18195291424445,2.4815252719951517,143.6634781862396
7.765000000000001,141.23154557556666,2.4319320723614197,143.66347764792806
7.7700000000000005,141.19806953695553,2.4654078389269816,143.6634773758825
7.775,141.0748100964345,2.588666922957086,143.6634770193916
7.78,140.85662178815238,2.8068546879660925,143.66347647611846
7.785,140.5397468892379,3.1237288616801444,143.66347575091805
7.79,140.12161207040504,3.541862810700535,143.66347488110557
7.795,139.60063921704904,4.0628346900891,143.66347390713813
7.8,138.97608156669068,4.687391298553154,143.66347286524385
7.805000000000001,138.2478849764712,5.415586812479161,143.66347178895035
7.8100000000000005,137.41656988191983,6.246900831825489,143.6634707137453
7.815,136.48312856691436,7.180341115510794,143.66346968242516
7.82,135.44893282154248,8.214535927971223,143.6634687495137
7.825,134.31564806743063,9.347819915197631,143.66346798262825
7.83,133.08515134389867,10.578316113722884,143.66346745762155
7.835,131.7594523780935,11.904014865826037,143.66346724391954
7.84,130.34061985506662,13.322847523696993,143.6634673787636
7.845,128.83071957141507,14.832748264794997,143.66346783621006
7.8500000000000005,127.23177738756092,16.431691119829786,143.66346850739072
7.855,125.5457861722225,18.117683041193015,143.6634692134155
7.86,123.77477859906381,19.888691159138634,143.66346975820244
7.865,121.92098238370818,21.742487613841234,143.6634699975494
7.87,119.98705961949364,23.67641026275413,143.66346988224777
7.875,117.97641075336725,25.687058700584494,143.66346945395173
7.88,115.89350351267782,27.769965302346574,143.6634688150244
7.885,113.74417296751312,29.919295144739984,143.6634681122531
7.890000000000001,111.53583018043769,32.127637371945376,143.66346755238305
7.8950000000000005,109.27750897227511,34.38595845228643,143.66346742456153
7.9,106.97967219172189,36.68379587252207,143.66346806424394
7.905,104.65370098691832,39.00976869893471,143.66346968585304
7.91,102.31102701456226,41.3524450903933,143.66347210495556
7.915,99.96196353859807,43.70151105025411,143.66347458885218
7.92,97.61444051075493,46.04903566261661,143.66347617337155
7.925,95.27297932229833,48.390497050209646,143.66347637250797
7.930000000000001,92.93824094759256,50.72523464687993,143.6634755944725
7.9350000000000005,90.60729542845422,53.05617935125461,143.66347477970885
7.94,88.27448814819056,55.38898654119328,143.66347468938383
7.945,85.93259470949934,57.73088083659097,143.6634755460903
7.95,83.57395171767917,60.089525431414955,143.66347714909412
7.955,81.19137239615864,62.47210675200582,143.66347914816447
7.96,78.77879561220362,64.88468561590726,143.66348122811087
7.965,76.3317077648099,67.33177540012157,143.66348316493148
7.97,73.84741122704045,69.81607358123912,143.66348480827958
7.9750000000000005,71.32521102169113,72.33827501914259,143.66348604083373
7.98,68.76657386752993,74.89691287086369,143.6634867383936
7.985,66.17529179753687,77.48819494156983,143.6634867391067
7.99,63.55765849467795,80.1058273356519,143.66348583032985
7.995,60.9226370287839,82.74084674538709,143.663483774171
8.0,58.28195721539086,85.38152319501266,143.6634804104035
8.005,55.65002622943541,88.0134496429651,143.6634758724005
8.01,53.043476660986656,90.61999420841263,143.6634708693993
8.015,50.480149790896135,93.18331699948135,143.66346679037747
8.02,47.97739401120165,95.6860712454053,143.66346525660697
8.025,45.549822694115036,98.11364444628992,143.66346714040498
8.03,43.207073630768164,100.45639823503676,143.66347186580492
8.035,40.952372739211704,102.71110500937763,143.66347774858934
8.040000000000001,38.78250528441144,104.88097767207853,143.66348295649
8.045,36.68917155695398,106.97431465017891,143.6634862071329
8.05,34.66111880396714,109.00236815992821,143.66348696389537
8.055,32.686303523869924,110.97718178640183,143.66348531027177
8.06,30.753598498022846,112.90988319341405,143.66348169143689
8.065,28.85390468355006,114.80957199573345,143.66347667928352
8.07,26.980745502449345,116.68272534981317,143.66347085226252
8.075,25.130486392665816,118.53297840055515,143.66346479322095
8.08,23.302299668888054,120.36115948825065,143.6634591571387
8.085,21.49794494073999,122.16550980163312,143.66345474237312
8.09,19.72139312519797,123.94205936002132,143.6634524852193
8.095,17.978304018143803,125.6851492764462,143.66345329459
8.1,16.275381599596685,127.38807610137631,143.663457700973
8.105,14.619677399367715,129.04378804633103,143.66346544569873
8.11,13.01797423447848,130.64550105526413,143.66347528974262
8.115,11.476425906094422,132.18705935094607,143.6634852570405
8.120000000000001,10.000615552512869,133.66287763508956,143.66349318760243
8.125,8.596115262397316,135.06738193456025,143.66349719695756
8.13,7.269509784607266,136.39398601235064,143.6634957969579
8.135,6.029722905297838,137.63376504362355,143.6634879489214
8.14,4.889346068918726,138.77412771849137,143.66347378741008
8.145,3.8654434008131364,139.79801305026794,143.6634564510811
8.15,2.978955704102983,140.68448701910495,143.66344272320794
8.155,2.251621678218255,141.41181499842833,143.66343667664657
8.16,1.7001399567572535,141.96329159817589,143.66343155493314
8.165000000000001,1.32971734803768,142.33370430302625,143.66342165106394
8.17,1.131169681899124,142.53224591665813,143.66341559855726
8.175,1.0837737310397255,142.57964630146637,143.66342003250608
8.18,1.1615232911510103,142.50190694822828,143.6634302393793
8.185,1.3388493696264612,142.32459046979096,143.66343983941744
8.19,1.5939300154263818,142.06951633769742,143.66344635312382
8.195,1.909892080916835,141.7535578513885,143.66344993230535
8.2,2.2748639008675986,141.3885874806732,143.6634513815408
8.205,2.6816139345287757,140.98183736982676,143.66345130435553
8.21,3.127160356341097,140.53628956414013,143.66344992048124
8.215,3.612507240973768,140.05093982797445,143.66344706894822
8.22,4.142543998794226,139.52089823094377,143.663442229738
8.225,4.726075046882658,138.93735957907643,143.6634346259591
8.23,5.375872030987712,138.28755166704158,143.6634236980293
8.235,6.108517006193855,137.55489343187415,143.663410438068
8.24,6.943614089053599,136.71978539001253,143.66339947906613
8.245000000000001,7.901779001211869,135.7616199405927,143.6633989418046
8.25,9.00100791102956,134.66240492414323,143.66341283517278
8.255,10.252054916374306,133.41137733492224,143.66343225129654
8.26,11.655006095566542,132.00843836235003,143.66344445791657
8.265,13.199449483020011,130.46399884182188,143.66344832484188
8.27,14.868289665118395,128.79515964998095,143.66344931509934
8.275,16.642695802439697,127.02075387721173,143.66344967965142
8.28,18.505703922242184,125.15774498996151,143.6634489122037
8.285,20.443746552320615,123.2197001061529,143.6634466584735
8.290000000000001,22.446642311783208,121.21680105378331,143.66344336556654
8.295,24.506814346003175,119.15662550589731,143.66343985190048
8.3,26.61828504943955,117.04515183838069,143.66343688782024
8.305,28.77575605059352,114.88767891303102,143.66343496362455
8.31,30.973934198937954,112.68950000233042,143.6634342012684
8.315,33.207174882128044,110.456259509005,143.66343439113302
8.32,35.46944508215053,108.19399004588068,143.6634351280312
8.325,37.75455035375667,105.90888562519831,143.66343597895496
8.33,40.05653229548068,103.60690431082696,143.66343660630764
8.335,42.37013561072225,101.29330120090836,143.66343681163062
8.34,44.69126322533418,98.97217329101635,143.66343651635054
8.345,47.01736970951166,96.64606601020196,143.66343571971362
8.35,49.34777129241733,94.31566317583506,143.66343446825238
8.355,51.683864316272974,91.97956853881398,143.66343285508697
8.36,54.029238689911374,89.63419236376734,143.66343105367872
8.365,56.38964842500713,87.27378094850683,143.66342937351396
8.370000000000001,58.772760687836744,84.89066759529408,143.66342828313083
8.375,61.18755958001688,82.47586868707135,143.66342826708825
8.38,63.643263535501205,80.0201658203384,143.6634293558396
8.385,66.14768871275407,77.5157417664727,143.66343047922678
8.39,68.70522165493598,74.95820789342022,143.6634295483562
8.395,71.31492063305555,72.34850451819545,143.663425151251
8.4,73.96950379141569,69.69391468448221,143.6634184758979
8.405,76.65577298823972,67.007639627154,143.66341261539372
8.41,79.35636641242648,64.30704340229283,143.66340981471933
8.415000000000001,82.0521240580543,61.61128605993357,143.66341011798787
8.42,84.7242549827435,58.9391572739478,143.6634122566913
8.425,87.35584925176272,56.30756569031335,143.6634149420761
8.43,89.93269194813007,53.730725459083246,143.66341740721333
8.435,92.44356260019248,51.21985675391214,143.66341935410463
8.44,94.8802410597536,48.7831796815163,143.6634207412699
8.445,97.23738781305565,46.42603380966656,143.6634216227222
8.45,99.51239718091261,44.15102488866626,143.66342206957887
8.455,101.70526460285353,41.95815754761374,143.66342215046728
8.46,103.8184661527863,39.844955794979796,143.6634219477661
8.465,105.856813167643,37.806608425496975,143.66342159313996
8.47,107.82721307620119,35.836208220544336,143.66342129674553
8.475,109.73824378562747,33.92517753499722,143.6634213206247
8.48,111.59945185962468,32.06396998863459,143.66342184825928
8.485,113.42034370696267,30.24307909560055,143.66342280256322
8.49,115.20917036328052,28.454253463389836,143.66342382667037
8.495000000000001,116.97176926734758,26.691655307998104,143.6634245753457
8.5,118.71080826575977,24.952616786662347,143.6634250524221
8.505,120.42567491842539,23.237750658035846,143.66342557646124
8.51,122.11300132859768,21.550425114910695,143.66342644350837
8.515,123.76758033097502,19.895847378371524,143.66342770934654
8.52,125.38335480405539,18.280074438396962,143.66342924245234
8.525,126.95424187703418,16.70918899967133,143.66343087670552
8.53,128.47468610422084,15.18874639976355,143.66343250398438
8.535,129.9399369848898,13.723497097048854,143.66343408193868
8.540000000000001,131.34609530259286,12.317340293213892,143.66343559580676
8.545,132.68998701701656,10.973449997355408,143.66343701437197
8.55,133.96892573719015,9.694512533196727,143.66343827038688
8.555,135.18042711236674,8.483012170075,143.66343928244174
8.56,136.32193973800074,7.3415002679715435,143.6634400059723
8.565,137.3906491828571,6.272791287748143,143.66344047060522
8.57,138.3833890426389,5.280051725530158,143.66344076816907
8.575000000000001,139.29666036252064,4.366780639507786,143.66344100202843
8.58,140.12673169422519,3.536709546604741,143.66344124082994
8.585,140.86977825855666,2.7936632464883946,143.66344150504506
8.59,141.5220221663151,2.1414196147116473,143.66344178102676
8.595,142.07984947674097,1.5835925656184275,143.6634420423594
8.6,142.53989505803327,1.1235472067233732,143.66344226475664
8.605,142.89909718025936,0.7643452516439051,143.66344243190326
8.61,143.15472928551594,0.5087132498212086,143.66344253533714
8.615,143.30441775671738,0.35902481525323876,143.66344257197062
8.620000000000001,143.34615364738002,0.3172888940119383,143.66344254139196
8.625,143.27830471651032,0.3851377272343517,143.66344244374469
8.63,143.09963257666948,0.5638097015630437,143.6634422782325
8.635,142.8093186671894,0.8541233748440764,143.66344204203347
8.64,142.40700218779241,1.2564395415571747,143.66344172934959
8.645,141.89283301444877,1.7706083159253114,143.66344133037407
8.65,141.26754283822763,2.395897991861431,143.66344083008906
8.655,140.53253809867775,3.1309021084311723,143.66344020710892
8.66,139.69001832088657,3.9734211126890475,143.6634394335756
8.665000000000001,138.74312241532996,4.920316063590361,143.6634384789203
8.67,137.69610181739282,5.9673355064590226,143.66343732385184
8.675,136.55451021658436,7.108925779274772,143.66343599585915
8.68,135.32538056969332,8.338054067801087,143.66343463749442
8.685,134.01732580839942,9.646107782166485,143.66343359056592
8.69,132.64044917525143,11.022984207079265,143.6634333823307
8.695,131.20590085805546,12.457533506159283,143.66343436421474
8.700000000000001,129.72492599886624,13.938509926323363,143.66343592518962
8.705,128.20740548141413,15.456030657951194,143.66343613936533
8.71,126.66022199596128,17.00321122790294,143.66343322386422
8.715,125.0860919544928,18.57733578241094,143.66342773690374
8.72,123.48342861245436,20.17999360866137,143.66342222111572
8.725,121.84727095828775,21.81614769324318,143.66341865153095
8.73,120.17077169933808,23.492645516166792,143.66341721550486
8.735,118.44662933847644,25.216787737446147,143.66341707592258
8.74,116.66811421372182,26.99530316020393,143.66341737392577
8.745000000000001,114.82964365066252,28.83377395248938,143.6634176031519
8.75,112.92701915092672,30.73639841122595,143.6634175621527
8.755,110.95746296726159,32.70595424722357,143.66341721448515
8.76,108.91955800125479,34.74385858772723,143.66341658898202
8.765,106.81315423976002,36.85026149165086,143.66341573141088
8.77,104.63927480576751,39.02413988243688,143.6634146882044
8.775,102.40003634091829,41.263377165322126,143.66341350624043
8.78,100.09858811132452,43.56482412948525,143.66341224080978
8.785,97.73906790652484,45.924343062999554,143.6634109695244
8.790000000000001,95.3265671734516,48.33684263874904,143.66340981220063
8.795,92.86709022820602,50.79631872556878,143.66340895377482
8.8,90.36748104853615,53.295927604492746,143.6634086530289
8.805,87.83527676668335,55.82813242116185,143.6634091878452
8.81,85.27843628471578,58.38497437176021,143.663410656476
8.815,82.70490230026752,60.95851031957827,143.6634126198458
8.82,80.12200966081858,63.54140420223082,143.6634138630494
8.825000000000001,77.53586088257,66.1275519705749,143.6634128531449
8.83,74.9509032320774,68.71250572335592,143.6634089554333
8.835,72.36995334822656,71.29344985051581,143.66340319874237
8.84,69.79475384554351,73.86864366770662,143.66339751325012
8.845,67.22689441493259,76.43649891926134,143.66339333419393
8.85,64.66876993890295,78.99462114273575,143.6633910816387
8.855,62.124267084666286,81.53912349626552,143.6633905809318
8.86,59.59899487350741,84.06439670607318,143.6633915795806
8.865,57.099994695048075,86.56339916660488,143.66339386165296
8.870000000000001,54.634950341024535,89.02844666753813,143.66339700856267
8.875,52.21100682068695,91.45239334157046,143.6634001622574
8.88,49.83342991350296,93.82997231053176,143.6634022240347
8.885,47.50445955582397,96.15894299006422,143.66340254588818
8.89,45.22272572752408,98.44067574758108,143.66340147510516
8.895,42.98343035195042,100.67996973518065,143.66340008713107
8.9,40.77921608573898,102.8841832897302,143.66339937546917
8.905,38.601418141853,105.061981577797,143.66339971965
8.91,36.44135360471151,107.22204732998668,143.6634009346982
8.915000000000001,34.291417720384345,109.37198486890216,143.6634025892865
8.92,32.145914820737275,111.51748943065375,143.66340425139103
8.925,30.00166577425114,113.66173979413108,143.66340556838222
8.93,27.858483062061023,115.80492317370599,143.663406235767
8.935,25.719606285241206,117.94379963847815,143.66340592371935
8.94,23.59216563908131,120.07123857352093,143.66340421260225
8.945,21.487694538952972,122.1757060677041,143.66340060665706
8.950000000000001,19.42263235883835,124.240762413282,143.66339477212034
8.955,17.418615998718828,126.24477121275214,143.66338721147096
8.96,15.502132678786936,128.16124759162145,143.66338027040837
8.965,13.702853919314652,129.96052414613632,143.66337806545098
8.97,12.049971337498992,131.61341155021057,143.66338288770956
8.975,10.566624374722178,133.09676605912387,143.66339043384605
8.98,9.2641725914865,134.39922082911022,143.66339342059672
8.985,8.139288982715957,135.52410204070316,143.6633910234191
8.99,7.175675013400907,136.48771292559363,143.66338793899453
8.995000000000001,6.349217922113938,137.31416895450892,143.66338687662287
9.0,5.633714103493561,138.02967310810425,143.6633872115978
9.005,5.005083623549938,138.65830395103356,143.6633875745835
9.01,4.443637682538428,139.21974955188813,143.66338723442655
9.015,3.9349006233950714,139.7284854586543,143.66338608204936
9.02,3.4696294412141535,140.19375488466568,143.66338432587983
9.025,3.043477816696913,140.6199045107342,143.6633823274311
9.03,2.656528482588582,141.00685209079572,143.6633805733843
9.035,2.312760447685198,141.35061923977383,143.66337968745904
9.040000000000001,2.0194267385341957,141.64395363176973,143.66338037030394
9.045,1.786282229868874,141.87710092432346,143.66338315419233
9.05,1.6246207518543425,142.03876719824592,143.66338795010026
9.055,1.5461619511893216,142.11723167051818,143.6633936217075
9.06,1.561955090331446,142.1014429696496,143.66339805998106
9.065,1.6815746832810898,141.98182431414693,143.66339899742803
9.07,1.9128754198344515,141.75051967502077,143.66339509485522
9.075000000000001,2.2623975068973268,141.40098907561685,143.66338658251416
9.08,2.736219845672349,140.92715557195953,143.66337541763187
9.085,3.3407693880399876,140.3225959236285,143.66336531166849
9.09,4.082925063098752,139.58043573556034,143.66336079865908
9.095,4.968836705596582,138.69452685595306,143.66336356154963
9.1,6.001433224254007,137.66193564591418,143.6633688701682
9.105,7.177644072392931,136.4857264006498,143.66337047304273
9.11,8.487109527234889,135.17625953060522,143.6633690578401
9.115,9.913436862671265,133.7499323837808,143.66336924645205
9.120000000000001,11.437256770526172,132.22611553225525,143.66337230278143
9.125,13.039367723362517,130.62400870758876,143.66337643095127
9.13,14.702829068267476,128.9605508855647,143.66337995383216
9.135,16.413877322601973,127.24950498210654,143.6633823047085
9.14,18.1620597679309,125.5013238065566,143.6633835744875
9.145,19.94000608370195,123.72337792244669,143.66338400614865
9.15,21.743110065380392,121.92027370124026,143.66338376662065
9.155,23.569256109337086,120.09412678065709,143.66338288999418
9.16,25.418640959708746,118.24474032099457,143.6633812807033
9.165000000000001,27.293696007745602,116.36968272866875,143.66337873641436
9.17,29.19908687427318,114.46428813419445,143.66337500846763
9.175,31.14173639719001,112.52163357361,143.6633699708
9.18,33.13076959185735,110.53259441420914,143.6633640060665
9.185,35.17720698723909,108.48615162946885,143.66335861670794
9.19,37.29315370019846,106.37020304922456,143.66335674942303
9.195,39.49022673487297,104.17313475617871,143.6633614910517
9.200000000000001,41.777193649049075,101.88617897215619,143.66337262120527
9.205,44.15736467833219,99.50602021454634,143.66338489287853
9.21,46.62688340271686,97.03650919833376,143.66339260105062
9.215,49.17495390777339,94.48844107173797,143.66339497951137
9.22,51.78596524882603,91.87742952054106,143.66339476936707
9.225,54.442376967338554,89.22101718942983,143.6633941567684
9.23,57.12713521683299,86.53625852731376,143.66339374414676
9.235,59.825082299283466,83.83831114159733,143.66339344088078
9.24,62.52347006008057,81.13992306547397,143.66339312555453
9.245000000000001,65.2119242286208,78.45146855498504,143.66339278360584
9.25,67.88216313134923,75.78122932501009,143.6633924563593
9.255,70.52765508939274,73.13573709832337,143.6633921877161
9.26,73.14330245411537,70.52008954760984,143.6633920017252
9.265,75.72518366693042,67.93820823270458,143.663391899635
9.27,78.27035717498075,65.39303468935724,143.663391864338
9.275,80.77671972117031,62.886672144993085,143.6633918661634
9.28,83.2429080320816,60.42048383573983,143.66339186782142
9.285,85.66823273405134,57.99515909396439,143.66339182801573
9.290000000000001,88.05263428958244,55.610757414285075,143.66339170386752
9.295,90.39665194784075,53.26673950476376,143.66339145260451
9.3,92.7013978093144,50.96199322386891,143.6633910331833
9.305,94.9685290145226,48.69486139428648,143.66339040880908
9.31,97.20021170711915,46.46317784446823,143.6633895515874
9.315,99.39907060270346,44.26431784780928,143.66338845051274
9.32,101.56811732128342,42.09526980178879,143.6633871230722
9.325000000000001,103.7106485708658,39.95273705729302,143.66338562815884
9.33,105.83010146029585,37.83328261314755,143.6633840734434
9.335,107.9298482909717,35.733534314006064,143.66338260497776
9.34,110.0129097906502,33.65047157406383,143.66338136471404
9.345,112.08156943775063,31.581810973609223,143.66338041135987
9.35,114.13688993304876,29.526489698767094,143.66337963181587
9.355,116.17817155125027,27.48520716668539,143.66337871793567
9.36,118.20244603726334,25.4609312563247,143.66337729358804
9.365,120.204145318314,23.459229855107328,143.66337517342134
9.370000000000001,122.1750841645777,21.488288394426313,143.66337255900402
9.375,124.10482551888917,19.55854444182912,143.66336996071828
9.38,125.98137717872494,17.68199070966632,143.66336788839126
9.385,127.79206269761374,15.871303888678195,143.66336658629194
9.39,129.52437642195497,14.138989577119538,143.6633659990745
9.395,131.16667872909338,12.496687179004144,143.66336590809752
9.4,132.70867084623546,10.954695234566994,143.66336608080246
9.405,134.14166118119624,9.521705167228987,143.66336634842523
9.41,135.458674134271,8.204692482588458,143.66336661685946
9.415000000000001,136.6544605934055,7.008906253190315,143.6633668465958
9.42,137.7254598835014,5.937907145303095,143.6633670288045
9.425,138.66974750018318,4.99361966861204,143.66336716879522
9.43,139.48698781174653,4.176379466993154,143.66336727873968
9.435,140.178397946533,3.48496943189791,143.66336737843093
9.44,140.74671786731665,2.916649635002461,143.66336750231912
9.445,141.1961711617267,2.4671965482177667,143.66336770994448
9.450000000000001,141.5323910485222,2.1309770448157828,143.66336809333797
9.455,141.76227803854212,1.9010907309980156,143.66336876954014
9.46,141.89375378929708,1.769616055805482,143.66336984510255
9.465,141.93538640578873,1.7279849477280145,143.66337135351674
9.47,141.89589114961151,1.7674820499346853,143.6633731995462
9.475,141.78355484438808,1.8798203243697738,143.66337516875785
9.48,141.60567620963985,2.057700817650342,143.66337702729018
9.485,141.36813210844326,2.2952465425970603,143.66337865104032
9.49,141.07515302784327,2.5882270529310536,143.66338008077432
9.495000000000001,140.72932774112252,2.934053724539633,143.66338146566216
9.5,140.33178916911893,3.3315937859309894,143.6633829550499
9.505,139.88249402630916,3.780890592507513,143.66338461881668
9.51,139.38050952850665,4.282876899421811,143.66338642792846
9.515,138.82424989618892,4.839138385678753,143.66338828186767
9.52,138.2116433955724,5.451746662148626,143.66339005772102
9.525,137.54024118634248,6.123150472728325,143.6633916590708
9.53,136.80729477560948,6.856098270782395,143.66339304639186
9.535,136.00982917343686,7.653565064679563,143.6633942381164
9.540000000000001,135.14472856809118,8.518666718557744,143.66339528664892
9.545,134.2088375570092,9.45455868992343,143.66339624693262
9.55,133.19907018308993,10.464326972062182,143.6633971551521
9.555,132.1125146024483,11.550883421261725,143.66339802371002
9.56,130.94652275258196,12.716876095004691,143.66339884758665
9.565,129.69877920151222,13.964620412393987,143.66339961390622
9.57,128.3673485611182,15.29605174821075,143.66340030932895
9.575000000000001,126.95070470009242,16.712696223710005,143.6634009238024
9.58,125.44774704859549,18.215654402886493,143.66340145148197
9.585,123.85780990823272,19.805591981919473,143.6634018901522
9.59,122.18067048432081,21.48273175580053,143.66340224012134
9.595,120.41656088521046,23.246841617862678,143.66340250307314
9.6,118.56618894319155,25.097213737820113,143.66340268101166
9.605,116.63077258531612,27.032630189946076,143.6634027752622
9.61,114.61209266641423,29.051310119069147,143.66340278548338
9.615,112.51256959416855,31.150833114608822,143.66340270877737
9.620000000000001,110.33536947983833,33.328033059563765,143.6634025394021
9.625,108.08454536837702,35.57885690213984,143.66340227051685
9.63,105.76521713398756,37.898184767180695,143.66340190116824
9.635,103.38378749905084,40.279613954956105,143.66340145400693
9.64,100.94817711913657,42.71522388902609,143.66340100816268
9.645,98.46803248765758,45.19536824557838,143.66340073323596
9.65,95.95481068170159,47.70859016526998,143.66340084697157
9.655,93.42157927639144,50.241822043011084,143.6634013194025
9.66,90.88232513211477,52.781076105677386,143.66340123779216
9.665000000000001,88.35063147180381,55.31276701908406,143.66339849088786
9.67,85.83785613135763,57.82553508192426,143.6633912132819
9.675,83.35136294647994,60.31201754639376,143.6633804928737
9.68,80.89357399350583,62.76979642057627,143.6633704140821
9.685,78.46228028367281,65.20108416298548,143.6633644466583
9.69,76.05196680875133,67.61139616550793,143.66336297425926
9.695,73.65547622320193,70.00788807205436,143.6633642952563
9.700000000000001,71.26542448809059,72.39794208210745,143.66336657019804
9.705,68.87512970052737,74.78823899626798,143.66336869679535
9.71,66.47909113471277,77.18427912201093,143.6633702567237
9.715,64.07316184089836,79.59020936998667,143.66337121088503
9.72,61.65455469312438,82.00881697459232,143.66337166771672
9.725,59.22178236686982,84.44158939810674,143.66337176497655
9.73,56.774594179640935,86.88877744249689,143.66337162213782
9.735,54.31394687044494,89.34942445360633,143.66337132405127
9.74,51.84203015751801,91.82134075759039,143.6633709151084
9.745000000000001,49.36235609680253,94.30101430056965,143.66337039737218
9.75,46.87990824571704,96.78346149016643,143.66336973588346
9.755,44.40132653443147,99.26204234524988,143.66336887968134
9.76,41.93507074728049,101.72829704864559,143.6633677959261
9.765,39.491457535531964,104.17190892113527,143.66336645666723
9.77,37.08241582040388,106.58094880073939,143.66336462114327
9.775,34.72079975254637,108.94256161509155,143.66336136763792
9.78,32.41921878871404,111.24413627913341,143.66335506784745
9.785,30.188633965178823,113.47471101898088,143.66334498415972
9.790000000000001,28.037280487144226,115.62605291425733,143.66333340140156
9.795,25.970469697133353,117.69285504975207,143.66332474688542
9.8,23.99134727812074,119.67197479856132,143.66332207668205
9.805,22.102099813896558,121.56122562042216,143.66332543431872
9.81,20.30490263539655,123.35843036565252,143.66333300104907
9.815,18.602145835931292,125.06119660456267,143.66334244049395
9.82,16.995874094362588,126.6674771912444,143.66335128560698
9.825000000000001,15.486708488857008,128.17664870713975,143.66335719599675
9.83,14.07272222907492,129.59063656656429,143.6633587956392
9.835,12.748776069090923,130.91458041940035,143.66335648849127
9.84,11.506638852806326,132.156713308963,143.66335216176932
9.845,10.33588683202505,133.327461061289,143.66334789331404
9.85,9.225284090495833,134.43806079563436,143.66334488613018
9.855,8.164259640240115,135.4990836791837,143.66334331942383
9.86,7.144209003058134,136.5191337655262,143.66334276858433
9.865,6.159530962070462,137.50381166648268,143.66334262855312
9.870000000000001,5.208449539042416,138.4548927829387,143.66334232198113
9.875,4.293729777737746,139.36961157358417,143.66334135132192
9.88,3.4233852383764507,140.23995408888936,143.66333932726582
9.885,2.6114079148241425,141.05192819134956,143.66333610617372
9.89,1.878413584173933,141.78491859693474,143.66333218110867
9.895,1.2518440188084807,142.41148533982033,143.6633293586288
9.9,0.7649714491832746,142.89835939250187,143.66333084168514
9.905,0.45355387569048333,143.20978383429707,143.66333770998756
9.91,0.3492214286201706,143.3141200617361,143.6633414903563
9.915000000000001,0.4705645264709392,143.19276419008412,143.66332871655507
9.92,0.8160883244163121,142.8472159953268,143.6633043197431
9.925,1.3639569956001822,142.2993321864854,143.66328918208558
9.93,2.0789382993197414,141.58435228432558,143.6632905836453
9.935,2.9217901950467358,140.74151000492543,143.66330019997216
9.94,3.856348595586778,139.80696104770936,143.66330964329615
9.945,4.852986730241257,138.81032912468956,143.66331585493083
9.950000000000001,5.8894621129727005,137.77385679344437,143.66331890641706
9.955,6.950516079542217,136.71280358496276,143.66331966450497
9.96,8.027109565543583,135.6362093083959,143.6633188739395
9.965,9.115699208068113,134.54761781599484,143.66331702406296
9.97,10.217670617420978,133.44564385806692,143.66331447548788
9.975,11.338894713363867,132.32441694120058,143.66331165456444
9.98,12.489280924936248,131.1740283118346,143.66330923677086
9.985,13.682127199378751,129.98118095646157,143.66330815584033
9.99,14.933019748363042,128.73028937091323,143.66330911927628
9.995000000000001,16.258081873499016,127.40522964878059,143.6633115222796
10.0,17.67161054212594,125.9917022113828,143.66331275350873
10.005,19.183581013936653,124.47972867488977,143.66330968882642
