0.0,143.66412382799845,0.0,143.66412382799845
0.0025,143.64995692689087,0.014166900895388978,143.66412382778626
0.005,143.6074761679768,0.056647659527510344,143.6641238275043
0.0075,143.53674121381133,0.1273826133528508,143.6641238271642
0.01,143.4378509367532,0.22627289003285522,143.66412382678604
0.0125,143.31094257182727,0.353181254568163,143.66412382639544
0.015,143.15619053284723,0.5079332931742736,143.6641238260215
0.0175,142.97380489547,0.6903189302244316,143.66412382569445
0.02,142.7640295540182,0.9000942714250778,143.66412382544328
0.0225,142.52714006343172,1.1369837618595797,143.66412382529128
0.025,142.26344118368058,1.4006826415731797,143.66412382525377
0.0275,141.97326415127938,1.6908596740548045,143.66412382533417
0.03,141.6569637109855,2.0071601145380122,143.66412382552352
0.0325,141.3149149499004,2.349208875898018,143.66412382579844
0.035,140.9475099854977,2.7166138406238862,143.6641238261216
0.0375,140.55515456786435,3.1089692585798776,143.66412382644424
0.04,140.13826466391006,3.5258591627980986,143.66412382670816
0.0425,139.6972630967197,3.9668607301326535,143.66412382685235
0.045,139.23257631587202,4.431547510944176,143.6641238268162
0.0475,138.74463137394562,4.919492452603356,143.66412382654897
0.05,138.2338531802144,5.430270645797853,143.66412382601226
0.0525,137.70066209478256,5.96346173040523,143.6641238251878
0.055,137.14547191532472,6.518651908754151,143.66412382407887
0.0575,136.56868829486802,7.095435527845018,143.66412382271304
0.06,135.9707076134257,7.6934162077156465,143.66412382114135
0.0625,135.35191630979207,8.312207509644734,143.6641238194368
0.065,134.71269066341625,8.951433154271042,143.66412381768728
0.0675,134.05339700098028,9.610726815013791,143.66412381599406
0.07,133.3743922888537,10.289731525608305,143.66412381446202
0.0725,132.67602506166247,10.988098751532357,143.66412381319483
0.075,131.9586366290336,11.705487183255748,143.66412381228935
0.0775,131.22256249732573,12.441561314504305,143.66412381183002
0.08,130.46813394066788,13.195989871214998,143.6641238118829
0.0825,129.69567965563493,13.968444156859565,143.6641238124945
0.085,128.90552743596302,14.758596377725816,143.66412381368883
0.08750000000000001,128.09800580745713,15.566118008008296,143.66412381546542
0.09,127.2734455681967,16.39067824960236,143.66412381779907
0.0925,126.43218118494035,17.23194263569805,143.6641238206384
0.095,125.57455200298082,18.089571820928988,143.66412382390982
0.0975,124.70090323335695,18.963220594157075,143.66412382751403
0.1,123.81158668825285,19.852537143078436,143.66412383133127
0.10250000000000001,122.90696124246244,20.757162592758302,143.66412383522075
0.105,121.9873930061085,21.67673083291658,143.66412383902508
0.1075,121.05325520133529,22.61086864123721,143.6641238425725
0.11,120.10492774358136,23.559196102102568,143.66412384568392
0.1125,119.14279653625049,24.521327311926225,143.6641238481767
0.115,118.16725249617315,25.496871353699724,143.66412384987288
0.11750000000000001,117.17869033602544,26.485433514584095,143.66412385060954
0.12,116.17750713867794,27.48661671156725,143.66412385024518
0.1225,115.16410076699682,28.500023081677043,143.66412384867385
0.125,114.13886816044678,29.525255685385932,143.6641238458327
0.1275,113.10220357657863,30.56192026513508,143.66412384171372
0.13,112.05449684051942,31.609626995850345,143.66412383636975
0.1325,110.99613166851216,32.66799216140914,143.6641238299213
0.135,109.92748413189328,33.736639690664006,143.6641238225573
0.1375,108.84892132540412,34.815202489128765,143.6641238145329
0.14,107.76080029826352,35.903323507898435,143.66412380616197
0.14250000000000002,106.66346729809493,37.00065649970998,143.6641237978049
0.145,105.55725736691087,38.10686642294444,143.66412378985532
0.1475,104.44249431541222,39.221629467306244,143.66412378271846
0.15,103.31949108757073,40.34463268922286,143.6641237767936
0.1525,102.18855051253595,41.47557325991693,143.66412377245288
0.155,101.0499664261892,42.61415734383081,143.66412377002
0.1575,99.90402513085817,43.76009863889856,143.66412376975674
0.16,98.75100714939492,44.91311662245145,143.66412377184636
0.1625,97.59118921951608,46.07293455686819,143.66412377638426
0.165,96.42484646619175,47.239277317181276,143.66412378337304
0.1675,95.25225468406288,48.411869108657136,143.66412379272
0.17,94.07369265828189,49.59043114595614,143.66412380423802
0.17250000000000001,92.88944445059718,50.77467936705228,143.66412381764945
0.17500000000000002,91.69980157769335,51.96432225490144,143.66412383259478
0.1775,90.5050650104858,53.15905883815273,143.66412384863852
0.18,89.3055469260647,54.35857693921645,143.66412386528114
0.1825,88.10157214810813,55.56255173386046,143.66412388196858
0.185,86.89347921687636,56.77064468122944,143.6641238981058
0.1875,85.6816210364001,57.98250287666993,143.66412391307003
0.19,84.46636505443207,59.1977588717965,143.66412392622857
0.1925,83.24809294037922,60.416030996577156,143.66412393695637
0.195,82.02719973811284,61.636924206544165,143.664123944657
0.1975,80.80409248449685,62.86003146429337,143.66412394879023
0.2,79.57918830081769,64.08493564807937,143.66412394889704
0.2025,78.3529119830165,65.3112119616125,143.664123944629
0.20500000000000002,77.12569313730879,66.53843079847216,143.66412393578094
0.20750000000000002,75.89796292975333,67.76616099256299,143.66412392231632
0.21,74.67015054056247,68.99397336383095,143.66412390439342
0.2125,73.44267943493836,70.22144444744154,143.6641238823799
0.215,72.21596358038964,71.44816027646914,143.6641238568588
0.2175,70.99040375397536,72.67372007464536,143.66412382862072
0.22,69.7663840901132,73.89773970852771,143.6641237986409
0.2225,68.54426901911482,75.1198547489249,143.6641237680397
0.225,67.32440073770819,76.33972300032288,143.66412373803107
0.2275,66.10709733543845,77.55702637442263,143.6641237098611
0.23,64.89265167579961,78.77147200894132,143.66412368474093
0.2325,63.68133109981788,79.98279256396228,143.66412366378017
0.23500000000000001,62.47337798479036,81.19074566313654,143.66412364792689
0.23750000000000002,61.26901115454555,82.39511248337632,143.66412363792188
0.24,60.06842810255576,83.5956955317093,143.66412363426505
0.2425,58.871807957860725,84.79231567933897,143.66412363719968
0.245,57.67931509784312,85.98480854887283,143.66412364671595
0.2475,56.49110329253725,87.17302037002565,143.6641236625629
0.25,55.30732025271775,88.35680343156103,143.6641236842788
0.2525,54.128112448057,89.53601126316796,143.66412371122496
0.255,52.95363006127249,90.71049368134723,143.66412374261972
0.2575,51.784031948038816,91.88009182954062,143.66412377757945
0.26,50.619490478954575,93.04463333619401,143.66412381514857
0.2625,49.4601961476372,94.20392770669469,143.66412385433188
0.265,48.30636183663586,95.35776205747828,143.66412389411414
0.2675,47.158226639417066,96.50589729406332,143.66412393348037
0.27,46.0160591414767,97.64806482995024,143.66412397142693
0.2725,44.88016006658903,98.78396394038185,143.6641240069709
0.275,43.7508641955675,99.91325984358747,143.66412403915496
0.2775,42.62854146553204,101.03558260152224,143.66412406705427
0.28,41.51359715881376,102.15052693096945,143.6641240897832
0.28250000000000003,40.40647109405475,103.25765301245153,143.66412410650628
0.28500000000000003,39.30763573990552,104.35648837654438,143.6641241164499
0.28750000000000003,38.21759318640673,105.44653093252131,143.66412411892804
0.29,37.13687093304074,106.52725318032597,143.6641241133667
0.2925,36.066016487760365,107.59810761158181,143.6641240993422
0.295,35.00559081928401,108.65853325733892,143.66412407662293
0.2975,33.95616076569902,109.70796327952122,143.66412404522023
0.3,32.91829057397962,110.74583343145306,143.66412400543268
0.3025,31.89253282323911,111.77159113465515,143.66412395789428
0.305,30.879419062535668,112.7847048410689,143.66412390360458
0.3075,29.87945056293778,113.78467328100201,143.6641238439398
0.31,28.893089632955867,114.77103414767605,143.6641237806319
0.3125,27.92075196629782,115.74337174941445,143.66412371571226
0.315,26.962800473250425,116.7013231781644,143.66412365141483
0.3175,26.01954098801663,117.64458260203149,143.66412359004812
0.32,25.091220145795305,118.57290338804216,143.66412353383748
0.3225,24.178025593153418,119.48609789161884,143.66412348477226
0.325,23.280088546255264,120.38403489820456,143.66412344445982
0.3275,22.3974885601109,121.2666348539112,143.6641234140221
0.33,21.530260234591946,122.13386315944867,143.66412339404062
0.3325,20.678401473596537,122.98572191096022,143.66412338455677
0.335,19.8418828415641,123.82224054356422,143.66412338512833
0.3375,19.020657529854155,124.64346586506758,143.66412339492175
0.34,18.21467145205972,125.44945196077387,143.6641234128336
0.3425,17.42387302542332,126.24025041219373,143.66412343761704
0.34500000000000003,16.648222256128086,127.01590121186905,143.66412346799714
0.34750000000000003,15.887698819701434,127.77642468307008,143.6641235027715
0.35000000000000003,15.142308905498318,128.5218146353847,143.664123540883
0.3525,14.412090669734184,129.2520329117263,143.6641235814605
0.355,13.697118210707094,129.96700541313183,143.66412362383892
0.3575,12.99750404087343,130.6666196266806,143.66412366755404
0.36,12.31340008344669,131.35072362886794,143.66412371231462
0.3625,11.644997267478036,132.01912649048722,143.66412375796526
0.365,10.99252383677976,132.67159996765884,143.6641238044386
0.3675,10.356242526437075,133.307881325263,143.66412385170008
0.37,9.736446797248325,133.927677102446,143.66412389969435
0.3725,9.133456353533255,134.5306675947649,143.66412394829817
0.375,8.547612202519336,135.11651179475604,143.66412399727537
0.3775,7.979271541968056,135.6848525042816,143.66412404624964
0.38,7.428802783742691,136.2353213109474,143.6641240946901
0.3825,6.8965810310690685,136.76754311084406,143.66412414191313
0.385,6.382984322536063,137.28113986456358,143.66412418709965
0.3875,5.888390933325166,137.7757332960016,143.66412422932675
0.39,5.413177981876721,138.2509462857266,143.6641242676033
0.3925,4.95772152816787,138.70640277274663,143.6641243009145
0.395,4.522398269928211,139.14172605832528,143.66412432825348
0.3975,4.107588849525568,139.5565354991297,143.66412434865526
0.4,3.7136826822527,139.95044167896023,143.66412436121294
0.4025,3.341084112696118,140.32304025239193,143.66412436508804
0.405,2.9902196057999793,140.67390475371639,143.66412435951636
0.40750000000000003,2.661545588448369,141.00257875535988,143.66412434380825
0.41000000000000003,2.3555564798195703,141.30856783754217,143.66412431736174
0.41250000000000003,2.072792386866917,141.5913318928104,143.6641242796773
0.41500000000000004,1.8138458966576594,141.85027833373934,143.664124230397
0.4175,1.5793673710189764,142.08475679833458,143.66412416935356
0.42,1.3700681428727568,142.2940559537696,143.66412409664235
0.4225,1.1867210307200244,142.4774029819932,143.66412401271324
0.425,1.030157632728413,142.63396628574893,143.66412391847734
0.4275,0.9012619409333968,142.76286187449796,143.66412381543137
0.43,0.8009599357766285,142.8631637700114,143.66412370578803
0.4325,0.7302049870595018,142.93391860553538,143.66412359259488
0.435,0.6899591015053336,142.97416437830225,143.66412347980759
0.4375,0.6811703161842888,142.98295305608846,143.66412337227274
0.44,0.7047468305829478,142.95937644496914,143.66412327555207
0.4425,0.7615287798917689,142.90259441565473,143.6641231955465
0.445,0.8522588525214645,142.81186428537805,143.6641231378995
0.4475,0.9775532148291366,142.68656989240947,143.6641231072386
0.45,1.1378743911838285,142.52624871520152,143.66412310638535
0.4525,1.3335078237482956,142.3306153119772,143.6641231357255
0.455,1.5645437741537624,142.0995794187761,143.66412319292988
0.4575,1.8308660093882299,141.8332572637536,143.66412327314183
0.46,2.132148334816761,141.53197503480803,143.66412336962478
0.4625,2.4678595200537723,141.196263954674,143.66412347472777
0.465,2.837276556725689,140.8268470242047,143.6641235809304
0.4675,3.239505562006067,140.42461811973175,143.6641236817378
0.47000000000000003,3.6735090799693704,139.99061469228803,143.6641237722574
0.47250000000000003,4.138138109709624,139.52598573969752,143.66412384940713
0.47500000000000003,4.632166956225576,139.03195695557991,143.6641239118055
0.47750000000000004,5.154328973382763,138.50979498608015,143.66412395946293
0.48,5.703351427117198,137.960772566266,143.6641239933832
0.4825,6.277988002427991,137.38613601276097,143.66412401518897
0.485,6.877047846366097,136.78707618044928,143.6641240268154
0.4875,7.499420419091913,136.16470361120201,143.66412403029392
0.49,8.144095766272594,135.52002826134503,143.66412402761762
0.4925,8.810180096898282,134.85394392376847,143.66412402066675
0.495,9.496906737664222,134.16721727351077,143.664124011175
0.4975,10.203642640279158,133.46048136043248,143.66412400071164
0.5,10.929890653853349,132.73423333680873,143.66412399066206
0.5025000000000001,11.675287759451138,131.9888362227464,143.6641239821975
0.505,12.439599419244342,131.22452455697336,143.6641239762177
0.5075000000000001,13.22271014051323,130.44141383275036,143.6641239732636
0.51,14.024610316582901,129.63951365681407,143.66412397339698
0.5125,14.845379403138724,128.81874457291752,143.66412397605626
0.515,15.685165537564064,127.97895844234469,143.66412397990877
0.5175,16.54416182528749,127.11996215745593,143.66412398274343
0.52,17.422579707757304,126.24154427369669,143.664123981454
0.5225,18.32062008750301,125.34350388468403,143.66412397218704
0.525,19.238443197015613,124.42568075367798,143.66412395069358
0.5275,20.17613852187479,123.48798539104257,143.66412391291738
0.53,21.13369636904713,122.53042748670555,143.66412385575268
0.5325,22.110982842698032,121.55314093515116,143.6641237778492
0.535,23.107719988931894,120.55640369132807,143.66412368025996
0.5375,24.12347265513798,119.54065091159165,143.66412356672964
0.54,25.15764317412507,118.506480269353,143.66412344347808
0.5425,26.20947437014415,117.45464894832428,143.66412331846843
0.545,27.278060678548137,116.38606252175968,143.6641232003078
0.5475,28.36236648364784,115.30175661337915,143.664123097027
0.55,29.461250218676522,114.20287279635444,143.66412301503095
0.5525,30.57349241679158,113.09063054162704,143.6641229584186
0.555,31.697825785697233,111.96629714307429,143.66412292877152
0.5575,32.83296548476372,110.83115744058964,143.66412292535335
0.56,33.977638059224034,109.68648488638195,143.66412294560598
0.5625,35.130607859090105,108.53351512667703,143.66412298576714
0.5650000000000001,36.29070016956307,107.37342287191859,143.66412304148167
0.5675,37.45682064774857,106.20730246055882,143.6641231083074
0.5700000000000001,38.627970961122756,105.03615222095578,143.66412318207853
0.5725,39.80326074049738,103.86086251862342,143.6641232591208
0.5750000000000001,40.981916094581855,102.68220724176577,143.66412333634761
0.5775,42.1632849953506,101.50083841591416,143.66412341126477
0.58,43.3468398492349,100.31728363268894,143.66412348192384
0.5825,44.53217753567725,99.13194601116479,143.66412354684203
0.585,45.719017137808585,97.94510646710754,143.6641236049161
0.5875,46.90719552368562,96.7569281316532,143.6641236553388
0.59,48.09666087231062,95.5674628252135,143.66412369752413
0.5925,49.28746418628225,94.37665954476402,143.6641237310463
0.595,50.47974880072546,93.18437495486742,143.66412375559287
0.5975,51.67373789324116,91.99038587769198,143.66412377093314
0.6,52.86972002767703,90.7944037492259,143.66412377690295
0.6025,54.068032829112155,89.59609094429595,143.6641237734081
0.605,55.26904498880113,88.39507877164758,143.66412376044872
0.6075,56.47313693141125,87.1909868067562,143.66412373816746
0.61,57.680680632103005,85.98344307481048,143.66412370691347
0.6125,58.89201923062575,84.77210443670218,143.66412366732794
0.615,60.10744723043247,83.55667638998233,143.66412362041478
0.6175,61.32719216666027,82.33693140093948,143.66412356759975
0.62,62.551398652505725,81.11272485822667,143.6641235107324
0.6225,63.78011565119736,79.88400780082492,143.6641234520223
0.625,65.01328766478616,78.65083572911792,143.66412339390408
0.6275000000000001,66.2507502916695,77.41337304716865,143.66412333883815
0.63,67.4922303081051,76.17189298097475,143.66412328907984
0.6325000000000001,68.73735011229257,74.92677313416957,143.66412324646214
0.635,69.98563607417452,73.6784871380535,143.66412321222802
0.6375000000000001,71.23653009665776,72.42759309028685,143.6641231869446
0.64,72.4894035393944,71.17471963111811,143.6641231705125
0.6425,73.74357259402863,69.92055056822366,143.66412316225228
0.645,74.99831422413135,68.66580893692131,143.66412316105266
0.6475,76.25288187639404,67.41124128914905,143.6641231655431
0.65,77.50652030837631,66.15760286588369,143.66412317426
0.6525,78.7584790376855,64.90564414810892,143.66412318579444
0.655,80.00802407675975,63.65609912213737,143.66412319889713
0.6575,81.25444776117905,62.409675451369566,143.66412321254862
0.66,82.49707659860056,61.16704662739015,143.6641232259907
0.6625,83.73527715682604,59.92884608190245,143.6641232387285
0.665,84.968460074194,58.695663176318156,143.66412325051215
0.6675,86.19608231730473,57.468040943998815,143.66412326130353
0.67,87.41764783524796,56.24647543598698,143.66412327123493
0.6725,88.63270677148904,55.03141650907338,143.66412328056242
0.675,89.84085339942176,53.823269890195284,143.66412328961704
0.6775,91.04172294941559,52.62240034934261,143.6641232987582
0.68,92.23498749693961,51.429135811389344,143.66412330832895
0.6825,93.42035108477015,50.24377223384445,143.6641233186146
0.685,94.59754425791158,49.06657907189647,143.66412332980804
0.6875,95.76631819709165,47.89780514489462,143.66412334198628
0.6900000000000001,96.92643864403013,46.73768471106645,143.6641233550966
0.6925,98.077679816997,45.58644355195881,143.6641233689558
0.6950000000000001,99.21981851603044,44.44430486723567,143.66412338326612
0.6975,100.35262861127495,43.311494786363916,143.66412339763886
0.7000000000000001,101.47587609355261,42.18824731808037,143.664123411633
0.7025,102.58931484267198,41.074808582123865,143.66412342479583
0.705,103.69268323661599,39.97144020008815,143.66412343670413
0.7075,104.78570168528866,38.87842176171225,143.66412344700092
0.71,105.8680711287164,37.79605232670367,143.66412345542005
0.7125,106.93947249497535,36.724650966827724,143.66412346180306
0.715,107.9995670712427,35.664556394856945,143.66412346609962
0.7175,109.04799770557642,34.61612576278238,143.6641234683588
0.72,110.08439072971905,33.57973273899158,143.6641234687106
0.7225,111.10835847579763,32.5557649915493,143.66412346734694
0.725,112.11950225239343,31.54462121209968,143.66412346449312
0.7275,113.11741564729002,30.54670781310015,143.66412346039016
0.73,114.10168803353183,29.562435421742524,143.66412345527436
0.7325,115.0719081702491,28.59221527911353,143.66412344936262
0.735,116.02766780774847,27.6364556350946,143.66412344284308
0.7375,116.96856522561096,26.69555821025907,143.66412343587004
0.74,117.89420865126291,25.769914777300357,143.66412342856327
0.7425,118.80421952340183,24.85990389760572,143.66412342100756
0.745,119.69823557893443,23.965887834322483,143.6641234132569
0.7475,120.5759137532287,23.088209652109306,143.66412340533802
0.75,121.43693289137781,22.2271905058791,143.6641233972569
0.7525000000000001,122.28099627283785,21.38312711616566,143.66412338900352
0.755,123.10783395346157,20.556289427096978,143.66412338055855
0.7575000000000001,123.91720492779854,19.74691844409981,143.66412337189834
0.76,124.70889911085578,18.955224252147236,143.66412336300303
0.7625000000000001,125.48273913248282,18.181384221380466,143.6641233538633
0.765,126.23858192937972,17.425541415106956,143.66412334448668
0.7675000000000001,126.9763201095694,16.68780322533855,143.66412333490794
0.77,127.69588305217975,15.968240273016672,143.6641233251964
0.7725,128.39723769182606,15.266885623641127,143.66412331546718
0.775,129.0803889220893,14.583734383799856,143.66412330588915
0.7775,129.74537953720898,13.918743759485782,143.66412329669475
0.78,130.39228961605303,13.27183367213128,143.66412328818433
0.7825,131.0212352391406,12.642888041587875,143.66412328072846
0.785,131.63236641990244,12.031756854858575,143.664123274761
0.7875,132.2258641280886,11.438259142672191,143.6641232707608
0.79,132.80193628940688,10.862186979814146,143.66412326922102
0.7925,133.3608126646359,10.303310605964874,143.66412327060075
0.795,133.9027385471053,9.761384728159852,143.66412327526513
0.7975,134.42796727227278,9.236156011135188,143.66412328340797
0.8,134.93675160825418,8.727371686725506,143.6641232949797
0.8025,135.42933418969662,8.234789119928935,143.66412330962555
0.805,135.90593726375025,7.758186062903928,143.66412332665416
0.8075,136.36675212594088,7.297371219113341,143.6641233450542
0.81,136.811928721272,6.852194642299084,143.6641233635711
0.8125,137.2415659551452,6.422557425693352,143.66412338083856
0.8150000000000001,137.65570328335818,6.008420112191024,143.6641233955492
0.8175,138.0543141183899,5.609809288245112,143.664123406635
0.8200000000000001,138.43730149627046,5.226821917145124,143.66412341341558
0.8225,138.80449630087813,4.8596271148067665,143.66412341568488
0.8250000000000001,139.15565815723318,4.508465256480731,143.6641234137139
0.8275,139.49047890674967,4.17364450142826,143.66412340817794
0.8300000000000001,139.8085883925378,3.8555350074846206,143.66412340002245
0.8325,140.10956213578223,3.5545612545241245,143.66412339030634
0.835,140.3929303909892,3.2711929890648217,143.664123380054
0.8375,140.65818803421385,3.0059353359262793,143.66412337014012
0.84,140.90480475981553,2.759318601407934,143.66412336122346
0.8425,141.13223512586387,2.5318882278598434,143.6641233537237
0.845,141.33992808025494,2.324195267582403,143.66412334783735
0.8475,141.5273357028533,2.136787640722591,143.66412334357588
0.85,141.69392100009094,1.9702023407233977,143.66412334081434
0.8525,141.83916467785838,1.8249586614803868,143.66412333933877
0.855,141.96257089086086,1.701552448030077,143.66412333889093
0.8575,142.06367202010065,1.6004513190987109,143.66412333919936
0.86,142.1420325656863,1.5220907743161172,143.66412334000242
0.8625,142.19725226215428,1.4668710789087986,143.6641233410631
0.865,142.22896853107292,1.435154811101655,143.66412334217458
0.8675,142.23685838405862,1.4272649591048865,143.6641233431635
0.87,142.2206398812731,1.4434834626162645,143.66412334388934
0.8725,142.18007323829872,1.484050105942015,143.66412334424072
0.875,142.11496165970084,1.5491616844309757,143.6641233441318
0.8775000000000001,142.025151961731,1.638971381769524,143.66412334350053
0.88,141.91053503020495,1.753588312101587,143.66412334230654
0.8825000000000001,141.7710461429508,1.8930771975781346,143.66412334052893
0.885,141.60666516944926,2.0574581687178006,143.66412333816706
0.8875000000000001,141.41741664329837,2.246706691944461,143.66412333524283
0.89,141.20336968581384,2.4607536459905237,143.66412333180438
0.8925000000000001,140.96463774131428,2.6994855866143617,143.66412332792865
0.895,140.7013780664915,2.9627452572384096,143.66412332372988
0.8975,140.41379089798454,3.2503324213792912,143.66412331936382
0.9,140.1021182045961,3.5620051104359494,143.66412331503207
0.9025,139.76664191466605,3.8974813963189794,143.66412331098502
0.905,139.4076814968501,4.256441810668142,143.66412330751825
0.9075,139.02559076659085,4.638532538368512,143.66412330495936
0.91,138.6207537943282,5.04336950931574,143.66412330364395
0.9125,138.1935798090163,5.4705434948655265,143.66412330388184
0.915,137.74449702597414,5.919626279928223,143.66412330590236
0.9175,137.27394538514594,6.390177924651719,143.66412330979765
0.92,136.78236826618152,6.881755049276648,143.66412331545817
0.9225,136.27020334903705,7.3939199734917045,143.66412332252875
0.925,135.73787290679192,7.92625042359784,143.66412333038977
0.9275,135.1857739394054,8.478349398784113,143.6641233381895
0.93,134.61426866589292,9.049854679041045,143.66412334493396
0.9325,134.02367596719932,9.640447382424416,143.66412334962374
0.935,133.41426439246345,10.24985895896048,143.66412335142394
0.9375,132.7862472924392,10.87787605738271,143.66412334982192
0.9400000000000001,132.13978052136764,11.52434282336861,143.66412334473625
0.9425,131.47496296224313,12.189160374302002,143.66412333654512
0.9450000000000001,130.79183990360536,12.872283422412512,143.6641233260179
0.9475,130.09040906152265,13.573714252660169,143.66412331418283
0.9500000000000001,129.37062883296724,14.293494469180896,143.66412330214814
0.9525,128.63242821509374,15.031695075839783,143.66412329093353
0.9550000000000001,127.87571774529675,15.788405536044873,143.66412328134163
0.9575,127.10040081127553,16.563722462613416,143.66412327388895
0.96,126.30638473764179,17.357738531152606,143.6641232687944
0.9625,125.49359115667994,18.17053210933995,143.66412326601989
0.965,124.66196529377811,19.002157971553935,143.66412326533205
0.9675,123.81148392309915,19.852639343278746,143.66412326637789
0.97,122.94216186147958,20.72196140727111,143.6641232687507
0.9725,122.05405695982834,21.610066312216073,143.6641232720444
0.975,121.14727361836813,22.516849657524677,143.66412327589282
0.9775,120.22196489613998,23.44215838384723,143.66412327998722
0.98,119.27833331009263,24.38578997399398,143.6641232840866
0.9825,118.31663042973,25.347492858283765,143.66412328801377
0.985,117.33715537489175,26.32696791675727,143.66412329164902
0.9875,116.34025232132859,27.323870973585997,143.6641232949146
0.99,115.32630711512635,28.33781618263589,143.66412329776225
0.9925,114.29574309541046,29.368380204748412,143.66412330015888
0.995,113.24901622695614,30.41510707511899,143.66412330207513
0.9975,112.18660965110077,31.47751365237204,143.66412330347282
1.0,111.10902777468557,32.555095529617496,143.66412330430308
1.0025,110.01679003170815,33.64733327279709,143.66412330450524
1.0050000000000001,108.91042446945595,34.753698834553276,143.66412330400922
1.0075,107.79046132794055,35.87366197480833,143.66412330274886
1.01,106.65742679596542,37.006696504710845,143.66412330067627
1.0125,105.51183713660342,38.152286161173166,143.6641232977766
1.0150000000000001,104.35419337683292,39.309929917256326,143.66412329408925
1.0175,103.18497674874965,40.479146540970916,143.66412328972058
1.02,102.00464505224159,41.65947823261123,143.66412328485282
1.0225,100.81363008133937,42.8504931984063,143.66412327974567
1.025,99.61233621993856,44.05178705478906,143.66412327472761
1.0275,98.40114026955422,45.26298300062262,143.66412327017684
1.03,97.18039252531675,46.48373074117822,143.66412326649498
1.0325,95.95041907004358,47.713704194031195,143.66412326407476
1.035,94.71152521334156,48.95259804992564,143.6641232632672
1.0375,93.46399996617922,50.200123298169494,143.66412326434872
1.04,92.20812141322207,51.45600185427038,143.66412326749247
1.0425,90.9441628263564,52.71996044639443,143.66412327275083
1.045,89.67239935299739,53.99172392704387,143.66412328004125
1.0475,88.39311511082303,55.27100817831935,143.66412328914237
1.05,87.10661052443669,56.557512775261266,143.66412329969796
1.0525,85.81320974667972,57.85091356454838,143.66412331122808
1.055,84.5132680151506,59.150855307989275,143.66412332313988
1.0575,83.207178800293,60.456944534457065,143.66412333475006
1.06,81.89538060265966,61.768742742643255,143.66412334530293
1.0625,80.57836325167872,63.085760102317536,143.66412335399627
1.065,79.25667354477336,64.40744981523494,143.66412336000832
1.0675000000000001,77.93092004319449,65.73320331933661,143.6641233625311
1.07,76.6017768093053,67.06234655150388,143.66412336080919
1.0725,75.26998583042965,68.39413752375782,143.66412335418747
1.075,73.93635782936663,69.7277655127971,143.66412334216375
1.0775000000000001,72.60177111605638,71.06235220839692,143.6641233244533
1.08,71.26716809606174,72.39695520498839,143.66412330105013
1.0825,69.93354903025227,73.73057424203344,143.6641232722857
1.085,68.60196265037703,75.06216058849367,143.6641232388707
1.0875000000000001,67.27349329408628,76.39062990781697,143.66412320190324
1.09,65.94924434840085,77.71487881443338,143.66412316283424
1.0925,64.63031799807908,79.03380512530215,143.66412312338122
1.095,63.31779157223045,80.34633151316342,143.66412308539387
1.0975,62.0126911613131,81.6514318893841,143.66412305069719
1.1,60.71596360801621,82.94815941292568,143.66412302094187
1.1025,59.4284484048308,84.23567459267429,143.6641229975051
1.105,58.150851381267884,85.51327160019643,143.66412298146432
1.1075,56.883722247638346,86.78040072599825,143.6641229736366
1.11,55.62743800441865,88.03668497022785,143.6641229746465
1.1125,54.3821938878213,89.28192909714271,143.66412298496402
1.115,53.148002922002576,90.51612008285753,143.6641230048601
1.1175,51.924704367759574,91.73941866652413,143.6641230342837
1.12,50.71198052514845,92.95214254754717,143.66412307269562
1.1225,49.509380606387154,94.15474251254793,143.6641231189351
1.125,48.31634986485714,95.34777330631783,143.66412317117496
1.1275,47.13226191178814,96.53186131521883,143.66412322700697
1.1300000000000001,45.95645217593673,97.70767110769017,143.6641232836269
1.1325,44.788250710802465,98.87587262727354,143.664123338076
1.135,43.62701294484147,100.03711044264641,143.66412338748788
1.1375,42.47214741358915,101.1919760156963,143.66412342928544
1.1400000000000001,41.32313993411192,102.34098352720187,143.6641234613138
1.1425,40.179574031937236,103.48454944997172,143.66412348190897
1.145,39.04114768457928,104.62297580533281,143.6641234899121
1.1475,37.907686600763896,105.75643688389486,143.66412348465877
1.1500000000000001,36.77915432072106,106.88496914523455,143.6641234659556
1.1525,35.65565941754853,108.00846401652569,143.6641234340742
1.155,34.537460021413196,109.12666336834684,143.66412338976005
1.1575,33.42496579519719,110.2391575390732,143.66412333427039
1.16,32.31873737806159,111.34538589136969,143.6641232694313
1.1625,31.219483196935247,112.44464000076817,143.66412319770342
1.165,30.12805343937542,113.53606968285877,143.66412312223417
1.1675,29.045430899786304,114.61869214707738,143.6641230468637
1.17,27.972718371547884,115.69140460450043,143.6641229760483
1.1725,26.91112227872499,116.75300063593662,143.66412291466162
1.175,25.861932341154247,117.80219052648994,143.66412286764418
1.1775,24.826497260575678,118.83762557892052,143.6641228394962
1.18,23.80619670849945,119.85792612516718,143.66412283366662
1.1825,22.80241027781213,120.86171257410354,143.66412285191566
1.185,21.816484496707556,121.8476383971014,143.66412289380895
1.1875,20.84969943723387,122.81442351925483,143.6641229564887
1.19,19.903236803252163,123.76088623158915,143.6641230348413
1.1925000000000001,18.978151568317223,124.68597155377682,143.66412312209405
1.195,18.075349181410246,125.5887740293226,143.66412321073284
1.1975,17.19557003363336,126.4685532599126,143.66412329354597
1.2,16.339382302465076,127.32474106207327,143.66412336453834
1.2025000000000001,15.507183539746308,128.15693987977713,143.66412341952343
1.205,14.699210564166297,128.96491289213043,143.66412345629672
1.2075,13.915556489239572,129.74856698519696,143.66412347443654
1.21,13.156193172339046,130.50793030253027,143.6641234748693
1.2125000000000001,12.420997071537563,131.24312638782033,143.66412345935788
1.215,11.70977645215288,131.9543469779019,143.6641234300548
1.2175,11.022298054545516,132.64182533464367,143.66412338918917
1.22,10.3583116517732,133.3058116871352,143.66412333890838
1.2225,9.717571316473585,133.94655196476185,143.66412328123545
1.225,9.099852617542386,134.56427060056387,143.66412321810625
1.2275,8.504965334678241,135.15915781675568,143.66412315143393
1.23,7.932761589567619,135.7313614935971,143.66412308316472
1.2325,7.383139540507142,136.28098347480267,143.6641230153098
1.235,6.8560429781978165,136.80807997174136,143.66412294993918
1.2375,6.351457305334424,137.3126655838121,143.66412288914654
1.24,5.8694024929632445,137.79472034202254,143.6641228349858
1.2425,5.409923691265551,138.25419909812854,143.6641227893941
1.245,4.973080235876829,138.6910425182336,143.66412275411042
1.2475,4.558933833000249,139.1051888975991,143.66412273059936
1.25,4.167536723614132,139.49658599636678,143.6641227199809
1.2525,3.798920613307829,139.8652021096696,143.66412272297745
1.2550000000000001,3.4530871041760403,140.21103563569233,143.66412273986836
1.2575,3.1300002758521055,140.53412249460794,143.66412277046004
1.26,2.8295819354502703,140.8345408786174,143.66412281406767
1.2625,2.5517098975542654,141.1124129719556,143.66412286950987
1.2650000000000001,2.2962194769532838,141.36790345816615,143.66412293511945
1.2675,2.0629081935844398,141.60121481519096,143.6641230087754
1.27,1.8515435170417316,141.81257957091188,143.6641230879536
1.2725,1.6618733312958085,142.0022498385012,143.664123169797
1.2750000000000001,1.4936386888716258,142.17048456233096,143.66412325120257
1.2775,1.3465883518388742,142.31753497707814,143.66412332891701
1.28,1.2204945825224398,142.44362881711007,143.6641233996325
1.2825,1.1151696422323654,142.54895381785192,143.66412346008428
1.285,1.030482469783616,142.63364103736168,143.6641235071453
1.2875,0.966375029103941,142.69774850881475,143.6641235379187
1.29,0.9228778222387763,142.74124572761116,143.66412354984993
1.2925,0.9001240470268069,142.76399949383736,143.66412354086415
1.295,0.8983618267887346,142.76576168276384,143.66412350955258
1.2975,0.917963845841066,142.74615960958025,143.6641234554213
1.3,0.9594335893715182,142.70468978983104,143.66412337920255
1.3025,1.0234072189118923,142.64071606429928,143.66412328321118
1.305,1.1106499394213416,142.5534732322458,143.66412317166714
1.3075,1.2220455749943004,142.4420774758765,143.66412305087078
1.31,1.3585780358513437,142.30554489318394,143.66412292903527
1.3125,1.5213035225443905,142.14281929304934,143.66412281559374
1.315,1.7113127807821535,141.95280993907127,143.66412271985342
1.3175000000000001,1.9296835847124658,141.7344390644014,143.6641226491139
1.32,2.1774249181614955,141.48669768854722,143.66412260670873
1.3225,2.4554159488824148,141.20870664188368,143.66412259076608
1.325,2.764344584175587,140.89977801032884,143.66412259450442
1.3275000000000001,3.1046517238464943,140.55947088454462,143.66412260839112
1.33,3.476487785877019,140.18763483768848,143.6641226235655
1.3325,3.8796872896420354,139.78443534542558,143.6641226350676
1.335,4.313765189926681,139.35035745341148,143.66412264333815
1.3375000000000001,4.777935649284505,138.88618700402407,143.66412265330857
1.34,5.271150750437137,138.39297192127526,143.6641226717124
1.3425,5.792154092456926,137.87196861159154,143.66412270404845
1.345,6.339542852071618,137.3245799004764,143.66412275254802
1.3475,6.911831865356842,136.75229095033956,143.6641228156964
1.35,7.5075143327123985,136.1566085563261,143.66412288903848
1.3525,8.12511538612646,135.53900758046768,143.66412296659414
1.355,8.763236489831597,134.90088655240214,143.66412304223374
1.3575,9.420590120468477,134.2435329901783,143.66412311064678
1.36,10.096025221738255,133.56809794609268,143.66412316783092
1.3625,10.788544534953573,132.87557867622962,143.6641232111832
1.365,11.497315145336522,132.1668080940235,143.66412323936004
1.3675,12.221673561627789,131.44244969040915,143.66412325203694
1.37,12.961126466211219,130.70299678345648,143.6641232496677
1.3725,13.715348014917053,129.94877521837162,143.66412323328868
1.375,14.484174285376358,129.17994891901418,143.66412320439053
1.3775,15.267595204975024,128.3965279598662,143.66412316484121
1.3800000000000001,16.0657440553628,127.59837906148024,143.66412311684303
1.3825,16.878884464449055,126.78523859844816,143.6641230628972
1.385,17.7073946716315,125.95672833410666,143.66412300573816
1.3875,18.551748801866452,125.11237414633416,143.6641229482006
1.3900000000000001,19.412494925263296,124.25162796773964,143.66412289300294
1.3925,20.290229826885316,123.37389301555817,143.66412284244348
1.395,21.18557067606484,122.47855212198606,143.6641227980509
1.3975,22.099124161002386,121.56499859926633,143.66412276026873
1.4000000000000001,23.031454113939773,120.63266861436857,143.66412272830834
1.4025,23.98304913480876,119.68107356546882,143.66412270027757
1.405,24.954292136485417,118.70983053717467,143.66412267366007
1.4075,25.9454339740181,117.71868867205805,143.66412264607615
1.41,26.956573283396164,116.70754933272826,143.66412261612442
1.4125,27.987644285220647,115.67647829880289,143.66412258402354
1.415,29.03841362037066,114.62570893142447,143.66412255179512
1.4175,30.10848637680016,113.55563614608857,143.66412252288873
1.42,31.19732050124263,112.46680200013041,143.66412250137304
1.4225,32.30424794863472,111.35987454232527,143.66412249095998
1.425,33.42850035368858,110.23562214048654,143.6641224941751
1.4275,34.56923678783381,109.09488572405763,143.66412251189143
1.43,35.7255712801475,107.93855126312819,143.66412254327568
1.4325,36.896598154442344,106.76752443163325,143.6641225860756
1.435,38.081413754279765,105.58270888280728,143.66412263708705
1.4375,39.27913368320688,104.38498900944538,143.66412269265226
1.44,40.48890519514023,103.17521755394094,143.66412274908117
1.4425000000000001,41.709914781632236,101.95420802132055,143.6641228029528
1.445,42.94139130379033,100.72273154749561,143.66412285128595
1.4475,44.18260521532599,99.48151767629557,143.66412289162156
1.45,45.4328645400476,98.23125838199127,143.66412292203887
1.4525000000000001,46.69150832563359,96.97261461551864,143.66412294115224
1.455,47.957898315833276,95.70622463226988,143.66412294810317
1.4575,49.231409579410254,94.43271336315841,143.66412294256867
1.46,50.511420813243255,93.15270211153296,143.66412292477622
1.4625000000000001,51.797305000469834,91.86681789505262,143.66412289552244
1.465,53.088421049936386,90.57570180624151,143.6641228561779
1.4675,54.3841069668011,89.28001584185472,143.6641228086558
1.47,55.683675003321184,87.9804477520188,143.66412275533997
1.4725,56.98640911405083,86.67771358490256,143.6641226989534
1.475,58.29156489568731,85.37255774669661,143.66412264238392
1.4775,59.59837203752454,84.06575055095374,143.66412258847828
1.48,60.90603915613764,82.7580833836933,143.66412253983094
1.4825,62.21376075080301,81.4503617477936,143.6641224985966
1.485,63.52072590632421,80.14339656002716,143.66412246635136
1.4875,64.82612829595956,78.83799414805898,143.66412244401855
1.49,66.12917700272473,77.53494542913803,143.66412243186278
1.4925,67.42910768089656,76.23501474864784,143.66412242954442
1.495,68.72519361494602,74.93892882127716,143.66412243622318
1.4975,70.01675629114474,73.64736615953883,143.66412245068358
1.5,71.30317516726545,72.36094730420652,143.66412247147196
1.5025,72.58389639797795,71.08022609904248,143.66412249702043
1.5050000000000001,73.85844033938159,69.8056821863744,143.664122525756
1.5075,75.12640770952879,68.53771484665432,143.66412255618312
1.51,76.38748431942918,67.27663826751359,143.66412258694277
1.5125,77.64144430987757,66.02267830697383,143.6641226168514
1.5150000000000001,78.88815183464001,64.7759708102773,143.6641226449173
1.5175,80.12756112289503,63.536561547454795,143.66412267034983
1.52,81.35971483744872,62.304407855105055,143.66412269255378
1.5225,82.58474062550174,61.07938208561592,143.66412271111767
1.5250000000000001,83.80284574188966,59.86127698390763,143.66412272579728
1.5275,85.01430961796618,58.64981311852435,143.66412273649053
1.53,86.21947426049785,57.44464848270805,143.6641227432059
1.5325,87.41873240201254,56.2453903440138,143.66412274602635
1.5350000000000001,88.61251339408042,55.05160935098808,143.6641227450685
1.5375,89.80126694275236,53.862855797691694,143.66412274044404
1.54,90.9854449312497,52.67867780098188,143.6641227322316
1.5425,92.1654817529796,51.498640967490495,143.6641227204701
1.545,93.3417737738306,50.32234893135356,143.66412270518416
1.5475,94.51465873357517,49.14946395286614,143.66412268644132
1.55,95.68439605208542,47.979726612353105,143.66412266443854
1.5525,96.85114909410976,46.812973545488425,143.6641226395982
1.555,98.01497043764095,45.64915217499664,143.66412261263758
1.5575,99.17579106823439,44.48833151635981,143.6641225845942
1.56,100.3334141861109,43.33070837066238,143.6641225567733
1.5625,101.48751398704208,42.17660854358614,143.66412253062822
1.565,102.63763940297623,41.02648310461163,143.66412250758788
1.5675000000000001,103.78322241609999,39.88090007277344,143.66412248887343
1.57,104.92359024185397,38.74053223349525,143.66412247534922
1.5725,106.05798045200856,37.606142015422186,143.66412246743076
1.575,107.18555799876785,36.478564466304434,143.6641224650723
1.5775000000000001,108.30543310425725,35.35868936356538,143.66412246782264
1.58,109.41667907820715,34.2474433967215,143.66412247492866
1.5825,110.51834929072618,33.14577319472917,143.66412248545535
1.585,111.60949272421485,32.054629774194254,143.66412249840909
1.5875000000000001,112.68916772938536,30.974954783445877,143.66412251283123
1.59,113.75645379314389,29.907668734726872,143.66412252787077
1.5925,114.81046127725529,28.85366126556609,143.66412254282136
1.595,115.85033920088048,27.813783356256806,143.6641225571373
1.5975000000000001,116.8752812177025,26.78884135272313,143.66412257042563
1.6,117.88452998392327,25.779592598510654,143.66412258243392
1.6025,118.87738013311215,24.786742459911288,143.66412259302345
1.605,119.85318007450162,23.810942527646738,143.66412260214835
1.6075,120.81133281887355,22.852789790958774,143.66412260983233
1.61,121.75129601587182,21.912826600275594,143.6641226161474
1.6125,122.67258136229665,20.991541258903297,143.66412262119997
1.615,123.57475351552293,20.089369109592496,143.66412262511543
1.6175,124.45742862157638,19.206694006455464,143.66412262803186
1.62,125.32027254469963,18.343850085390628,143.66412263009028
1.6225,126.16299886515111,17.501123766278468,143.66412263142956
1.625,126.98536669470684,16.678755937479046,143.6641226321859
1.6275,127.78717834493399,15.876944287552014,143.664122632486
1.6300000000000001,128.56827687171446,15.095845760735108,143.66412263244956
1.6325,129.32854351046566,14.335579121718364,143.66412263218402
1.635,130.06789500996115,13.596227621825344,143.66412263178648
1.6375,130.78628086829946,12.87784176303957,143.664122631339
1.6400000000000001,131.48368047234555,12.180442158564787,143.66412263091036
1.6425,132.16010014161543,11.504022488937888,143.66412263055332
1.645,132.81557007902407,10.848552551280287,143.66412263030435
1.6475,133.45014123393977,10.213981396241508,143.66412263018128
1.6500000000000001,134.06388208743294,9.600240542752562,143.66412263018552
1.6525,134.65687537519807,9.007247255101719,143.6641226302998
1.655,135.22921477012594,8.434907860365714,143.66412263049165
1.6575,135.7810015534795,7.883121077234275,143.6641226307138
1.6600000000000001,136.3123413107278,7.351781320180567,143.66412263090837
1.6625,136.82334069477258,6.840781936238926,143.6641226310115
1.665,137.3141043050814,6.350018325875043,143.66412263095646
1.6675,137.78473173558078,5.879390895101048,143.66412263068182
1.67,138.2353148465421,5.428807783593999,143.66412263013612
1.6725,138.66593531574682,4.998187313535542,143.66412262928236
1.675,139.07666252161275,4.587460106492145,143.6641226281049
1.6775,139.46755180559077,4.196570821020034,143.6641226266108
1.68,139.8386431531,3.825479471732197,143.6641226248322
1.6825,140.18996032179865,3.4741623010267917,143.66412262282543
1.685,140.52151043359675,3.1426121870718977,143.66412262066865
1.6875,140.83328403312007,2.8308385853375406,143.6641226184576
1.69,141.12525560107855,2.5388670152202444,143.66412261629878
1.6925000000000001,141.39738449696767,2.2667381173358336,143.6641226143035
1.695,141.6496162924709,2.014506320108224,143.66412261257912
1.6975,141.88188444552833,1.7822381656948116,143.66412261122315
1.7,142.09411225577006,1.5700103545466322,143.6641226103167
1.7025000000000001,142.28621503525181,1.3779075746655778,143.6641226099174
1.705,142.45810242431713,1.2060201857417323,143.66412261005885
1.7075,142.60968078088666,1.054441829859419,143.6641226107461
1.71,142.7408555724254,0.9232670395300695,143.66412261195546
1.7125000000000001,142.85153370290334,0.8125889107333396,143.6641226136367
1.715,142.9416257119321,0.7224969037820346,143.66412261571412
1.7175,143.0110477895387,0.6530748285513348,143.66412261809003
1.72,143.05972355735543,0.6043990632938079,143.66412262064924
1.7225000000000001,143.08758557504171,0.5765370482215715,143.6641226232633
1.725,143.0945765392569,0.5695460865387291,143.66412262579564
1.7275,143.080650151259,0.5834724768482346,143.66412262810724
1.73,143.04577163808761,0.6183509919740208,143.66412263006163
1.7325,142.98991792121245,0.674204710319156,143.6641226315316
1.735,142.91307743542137,0.7510451969812406,143.6641226324026
1.7375,142.81524960956372,0.8488730230154751,143.6641226325792
1.74,142.69644402945568,0.9676786025347606,143.66412263199044
1.7425,142.55667931173312,1.1074433188582113,143.66412263059132
1.745,142.3959817255636,1.268140902805203,143.6641226283688
1.7475,142.21438360666397,1.4497390186778256,143.6641226253418
1.75,142.01192161483047,1.652201006731555,143.66412262156203
1.7525,141.788634891815,1.8754877252983508,143.66412261711335
1.7550000000000001,141.54456318059056,2.1195594315189195,143.66412261210948
1.7575,141.27974496951123,2.3843776371774648,143.6641226066887
1.76,140.99421572532154,2.6699068756881563,143.6641226010097
1.7625,140.68800627719037,2.976116318053632,143.664122595244
1.7650000000000001,140.36114140988684,3.302981179682238,143.66412258956908
1.7675,140.01363871791108,3.6504838662490036,143.66412258416008
1.77,139.6455077640903,4.018614815093119,143.6641225791834
1.7725,139.25674957620507,4.407372998584216,143.66412257478927
1.7750000000000001,138.84735650415723,4.81676606694811,143.66412257110534
1.7775,138.41731244862137,5.246810119611727,143.6641225682331
1.78,137.96659346069012,5.697529105554887,143.664122566245
1.7825,137.49516870137657,6.16895386380594,143.6641225651825
1.7850000000000001,137.00300174053285,6.661120824523728,143.66412256505657
1.7875,136.49005216722657,7.1740703986231384,143.6641225658497
1.79,135.95627747818463,7.70784508933258,143.6641225675172
1.7925,135.40163520770102,8.262487362291637,143.66412256999266
1.795,134.82608526134487,8.83803731184397,143.66412257318885
1.7975,134.2295924167691,9.434530160235923,143.664122577005
1.8,133.61212895753488,10.051993623792931,143.6641225813278
1.8025,132.97367740984674,10.690445176189538,143.66412258603629
1.805,132.31423335692818,11.349889234076421,143.6641225910046
1.8075,131.63380831108975,12.030314285014054,143.6641225961038
1.81,130.93243262888984,12.731689972314015,143.66412260120387
1.8125,130.2101584597615,13.45396414641314,143.66412260617463
1.815,129.46706272270086,14.197059888186967,143.66412261088783
1.8175000000000001,128.70325010869843,14.9608725065174,143.66412261521583
1.82,127.91885610819375,15.7452665108386,143.66412261903236
1.8225,127.11405006252365,16.550072559690136,143.66412262221377
1.825,126.28903823568596,17.375084388954626,143.66412262464058
1.8275000000000001,125.44406689722739,18.220055728970486,143.66412262619787
1.83,124.57942539806947,19.084697228711264,143.66412262678074
1.8325,123.69544920785657,19.968673418443537,143.6641226263001
1.835,122.79252286413896,20.87159976055043,143.66412262468938
1.8375000000000001,121.87108275948843,21.793039862430483,143.66412262191892
1.84,120.93161966160449,22.73250295640422,143.66412261800872
1.8425,119.97468082304638,23.689441790003684,143.66412261305007
1.845,119.0008714912532,24.663251115969814,143.66412260722302
1.8475000000000001,118.01085557699548,25.653267023819808,143.6641226008153
1.85,117.00535518283493,26.658767411398074,143.664122594233
1.8525,115.98514863764652,27.67897395034546,143.66412258799198
1.855,114.9510666371869,28.713055945493387,143.66412258268028
1.8575,113.90398606659893,29.760136512279782,143.6641225788787
1.86,112.84482109544888,30.81930148157861,143.66412257702748
1.8625,111.77451120944664,31.889611367797038,143.6641225772437
1.865,110.6940059956197,32.970116583497884,143.6641225791176
1.8675,109.60424674415836,34.059875837373944,143.6641225815323
1.87,108.50614527170222,35.15797731089951,143.66412258260175
1.8725,107.40056078600097,36.26356179380168,143.66412257980264
1.875,106.2882760500784,37.37584652028241,143.6641225703608
1.8775,105.16997448586903,38.494148066001095,143.66412255187012
1.8800000000000001,104.046220087091,39.617902435908974,143.66412252299997
1.8825,102.91744200147686,40.74668048259909,143.66412248407596
1.885,101.78392534540859,41.88019709189848,143.66412243730707
1.8875,100.64580924667217,43.01831313985217,143.66412238652435
1.8900000000000001,99.50309236220471,44.16102997428408,143.6641223364888
1.8925,98.35564532775666,45.30847696421459,143.66412229197124
1.895,97.20322891701507,46.46089333987415,143.66412225688921
1.8975,96.04551623662273,47.61860599710894,143.6641222337317
1.9000000000000001,94.88211711396588,48.78200510940279,143.66412222336868
1.9025,93.7126029299042,49.95151929530758,143.66412222521177
1.905,92.53653043985634,51.127591797740706,143.66412223759704
1.9075,91.35346352218411,52.31065873606025,143.66412225824436
1.9100000000000001,90.16299220609547,53.501130078575855,143.66412228467132
1.9125,88.96474869868018,54.69937361582855,143.66412231450875
1.915,87.7584204169975,55.905701928693645,143.66412234569114
1.9175,86.5437602263675,57.12036215017367,143.66412237654117
1.92,85.3205941973237,58.34352820845698,143.6641224057807
1.9225,84.08882723724048,59.57529519524956,143.66412243249005
1.925,82.84844694716045,60.815675508892376,143.66412245605284
1.9275,81.59952601686346,62.06459645922754,143.664122476091
1.93,80.34222341554155,63.32189907686494,143.66412249240648
1.9325,79.07678457145971,64.5873379334785,143.6641225049382
1.935,77.8035406683529,65.86058184537231,143.6641225137252
1.9375,76.52290712329139,67.14121539559684,143.66412251888823
1.94,75.23538125291887,68.4287412676968,143.66412252061565
1.9425000000000001,73.94153908435173,69.72258343480925,143.66412251916097
1.945,72.6420312254142,71.02209128943133,143.66412251484553
1.9475,71.33757767861158,72.32654482944909,143.66412250806067
1.95,70.0289614673226,73.6351610319497,143.6641224992723
1.9525000000000001,68.71702094489183,74.94710154412448,143.6641224890163
1.955,67.402640682015,76.26148179587545,143.66412247789046
1.9575,66.08674087925647,77.57738158727584,143.66412246653232
1.96,64.77026533295783,78.89385712263075,143.6641224555886
1.9625000000000001,63.45416809478699,80.20995435088662,143.66412244567363
1.965,62.13939910423333,81.52472333309665,143.66412243732998
1.9675,60.826889230124806,82.83723320086482,143.6641224309896
1.97,59.517535315924746,84.14658711103138,143.6641224269561
1.9725000000000001,58.212185962150095,85.45193646325032,143.66412242540042
1.975,56.91162887232724,86.75249355405637,143.6641224263836
1.9775,55.616580611732765,88.04754181815382,143.6641224298866
1.98,54.327679562920736,89.33644287291608,143.66412243583682
1.9825000000000002,53.045482703129736,90.61863974098306,143.6641224441128
1.985,51.77046658665215,91.89365586786732,143.6641224545195
1.9875,50.50303261655876,93.16108985017254,143.6641224667313
1.99,49.24351637268723,94.42060610752927,143.6641224802165
1.9925,47.99220046786975,95.6719220263023,143.66412249417203
1.995,46.74933016774872,96.91479233973848,143.6641225074872
1.9975,45.51513085407181,98.14899166468035,143.66412251875215
2.0,44.289826343318325,99.37429618300527,143.66412252632358
2.0025,43.0736570824365,100.59046544599445,143.66412252843094
2.005,41.866897310794705,101.7972252125299,143.6641225233246
2.0075,40.66987037650989,102.99425213292866,143.66412250943856
2.0100000000000002,39.48296150195225,104.18116098361344,143.66412248556568
2.0125,38.306627389202674,105.35749506183086,143.66412245103353
2.015,37.14140213249051,106.52272027338212,143.66412240587263
2.0175,35.98789896222124,107.67622338875091,143.66412235097215
2.02,34.846807395207406,108.81731489299429,143.6641222882017
2.0225,33.71888542817247,109.9452367923009,143.66412222047336
2.025,32.60494651323909,111.0591756384679,143.664122151707
2.0275,31.50584122484312,112.15828086180952,143.66412208665264
2.0300000000000002,30.422433794598447,113.24168823593591,143.66412203053437
2.0325,29.355574070269377,114.30854791824987,143.66412198851924
2.035,28.306065941657046,115.35805602339381,143.66412196505087
2.0375,27.27463383217259,116.38948813099252,143.66412196316512
2.04,26.261889403990764,117.402232579956,143.66412198394676
2.0425,25.268301056682194,118.39582096960466,143.66412202628686
2.045,24.29416898884333,119.36995309819773,143.66412208704105
2.0475,23.33960843311268,120.32451372845347,143.66412216156616
2.05,22.404543120026755,121.25957912445729,143.66412224448405
2.0525,21.48871011836484,122.17541221208884,143.6641223304537
2.055,20.591676076406188,123.0724463383466,143.6641224147528
2.0575,19.71286375174953,123.95125874181093,143.66412249356046
2.06,18.851586777002737,124.81253578696173,143.66412256396447
2.0625,18.007090021775504,125.65703260201995,143.66412262379546
2.065,17.17859274168681,126.48552992972029,143.66412267140709
2.0675,16.365331916904594,127.29879078858917,143.66412270549375
2.07,15.56660366706381,128.09751905791856,143.66412272498238
2.0725000000000002,14.781801246192241,128.88232148279974,143.66412272899197
2.075,14.010448739223381,129.65367397761938,143.66412271684277
2.0775,13.252230103662159,130.4118925844344,143.66412268809657
2.08,12.507013570926706,131.15710907169546,143.66412264262217
2.0825,11.774871623372054,131.88925095731804,143.6641225806901
2.085,11.05609680145138,132.60802570166774,143.66412250311913
2.0875,10.351213490062275,133.3129089214164,143.66412241147867
2.09,9.660985607321512,134.0031367010467,143.66412230836823
2.0925000000000002,8.986419796678206,134.67770240106972,143.66412219774793
2.095,8.328763330479939,135.33535875479956,143.6641220852795
2.0975,7.689495504035234,135.97462647451997,143.6641219785552
2.1,7.07031088631675,136.59381100072116,143.6641218870379
2.1025,6.473092478918983,137.19102934252226,143.66412182144123
2.105,5.8998727402552,137.76424905201486,143.66412179227007
2.1075,5.352780717442037,138.31134108992475,143.6641218073668
2.11,4.8339743711110525,138.83014749755927,143.66412186867032
2.1125,4.345558717945063,139.3185632510395,143.66412196898457
2.115,3.889492662702037,139.77462942753186,143.6641220902339
2.1175,3.4674901197253787,140.196632085161,143.66412220488638
2.12,3.0809237012543944,140.5831985802435,143.6641222814979
2.1225,2.730741085633048,140.93338120783582,143.66412229346886
2.125,2.4174043470205535,141.24671788093735,143.6641222279579
2.1275,2.1408605292455767,141.52326156172595,143.66412209097152
2.13,1.9005477375537632,141.76357416845684,143.6641219060106
2.1325,1.6954358973575496,141.9686858094451,143.66412170680266
2.1350000000000002,1.5240964296753068,142.1400250977772,143.6641215274525
2.1375,1.3847916690678066,142.27932972503845,143.66412139410625
2.14,1.2755735743270697,142.3885477463918,143.66412132071886
2.1425,1.1943820766929507,142.46973923247174,143.6641213091647
2.145,1.1391356265988417,142.52498572563877,143.6641213522376
2.1475,1.1078092858710762,142.5563121517584,143.66412143762946
2.15,1.098498342450554,142.5656232090083,143.66412155145883
2.1525,1.10946746580754,142.5546542148777,143.66412168068524
2.1550000000000002,1.1391867339532409,142.52493508041587,143.6641218143691
2.1575,1.1863565112752605,142.47776543277655,143.6641219440518
2.16,1.2499233003287884,142.4141987632662,143.664122063595
2.1625,1.3290885053295507,142.33503366345388,143.66412216878342
2.165,1.4233116769889813,142.24081057987917,143.66412225686815
2.1675,1.5323093621033324,142.1318129640659,143.6641223261692
2.17,1.656050222956428,142.00807215281782,143.66412237577424
2.1725,1.7947466601715043,141.86937574517344,143.66412240534495
2.1750000000000003,1.948842792384163,141.7152796226241,143.66412241500828
2.1775,2.1189983376059285,141.54512406771153,143.66412240531744
2.18,2.3060677291605947,141.3580546480812,143.6641223772418
2.1825,2.5110737170713477,141.15304861508395,143.6641223321553
2.185,2.735174795243608,140.92894747655927,143.66412227180288
2.1875,2.9796260983338083,140.6844960999013,143.6641221982351
2.19,3.245733958975852,140.41838815476143,143.66412211373728
2.1925,3.5348051002355554,140.12931692056657,143.66412202080213
2.195,3.848092395496444,139.81602952670875,143.6641219222052
2.1975000000000002,4.186740120175504,139.47738170101803,143.66412182119353
2.2,4.551732440515259,139.112389281206,143.66412172172124
2.2025,4.943849298429564,138.7202723301355,143.66412162856506
2.205,5.363633661887288,138.30048788524175,143.66412154712904
2.2075,5.811373240415483,137.85274824241571,143.6641214828312
2.21,6.287098310346888,137.3770231298092,143.6641214401561
2.2125,6.790595516841737,136.87352590481032,143.66412142165206
2.215,7.321435776406976,136.34268565081192,143.6641214272189
2.2175000000000002,7.8790130335627495,135.7851084203897,143.66412145395245
2.22,8.46258984669983,135.20153164988142,143.66412149658126
2.2225,9.071345639226344,134.5927759091228,143.66412154834913
2.225,9.704423847380305,133.95969775469564,143.66412160207594
2.2275,10.360974930160463,133.3031467209811,143.66412165114156
2.23,11.040193069044545,132.6239286211901,143.66412169023462
2.2325,11.741345206679771,131.92277650912445,143.6641217158042
2.235,12.463791754276631,131.20032997195918,143.6641217262358
2.2375000000000003,13.206998804733475,130.45712291707275,143.66412172180623
2.24,13.970542041910566,129.6935796625618,143.66412170447236
2.2425,14.754102784959983,128.9100188925718,143.6641216775318
2.245,15.557456808601508,128.10666483658136,143.66412164518286
2.2475,16.380456786993697,127.28366482501451,143.66412161200822
2.25,17.22300945236384,126.44111213005883,143.66412158242267
2.2525,18.085048844002777,125.5790727161478,143.6641215601506
2.255,18.966507321444972,124.697614226367,143.66412154781196
2.2575,19.86728627210978,123.79683527458836,143.66412154669814
2.2600000000000002,20.787228586123643,122.87689297065131,143.66412155677494
2.2625,21.72609493026861,121.93802664663446,143.66412157690306
2.265,22.683545586567895,120.98057601862335,143.66412160519124
2.2675,23.65912913315964,120.00499250622966,143.6641216393893
2.27,24.652278593536877,119.01184308367621,143.66412167721307
2.2725,25.662314965630983,118.00180675092466,143.66412171655566
2.275,26.688457381817305,116.975664373764,143.6641217555813
2.2775,27.729838646784366,115.9342831459482,143.66412179273257
2.2800000000000002,28.78552461363167,114.87859721307223,143.6641218267039
2.2825,29.85453579967362,113.80958605672978,143.6641218564034
2.285,30.93586977762486,112.72825210330438,143.66412188092926
2.2875,32.02852314291292,111.6355987566373,143.6641218995502
2.29,33.131512184625926,110.53260972706417,143.6641219116901
2.2925,34.24389171582824,109.42023020107774,143.66412191690597
2.295,35.36477180631982,108.29935010854119,143.66412191486103
2.2975,36.49333238435757,107.17078952093586,143.66412190529343
2.3000000000000003,37.62883582645148,106.03528606153588,143.66412188798736
2.3025,38.77063773982826,104.8934841229217,143.66412186274997
2.305,39.91819616961297,103.74592565979391,143.6641218294069
2.3075,41.07107944248702,102.59304234533195,143.66412178781897
2.31,42.228972799455775,101.43514893847004,143.66412173792583
2.3125,43.39168387869445,100.27243780113983,143.6641216798343
2.315,44.55914698884205,99.10497462510561,143.66412161394766
2.3175,45.731425965522774,97.93269557563156,143.66412154115432
2.32,46.90871523105134,96.7554062320121,143.66412146306345
2.3225000000000002,48.09133848382764,95.57278289845357,143.66412138228122
2.325,49.27974424072026,94.38437706195032,143.6641213026706
2.3275,50.47449726507175,93.18962396444707,143.6641212295188
2.33,51.67626477332821,91.98785639613186,143.66412116946006
2.3325,52.885796283652134,90.77832484634806,143.66412113000018
2.335,54.103896128090994,89.56022499038207,143.66412111847308
2.3375,55.331388082411074,88.33273305800347,143.66412114041455
2.34,56.56907234299691,87.09504885458391,143.6641211975808
2.3425000000000002,57.8176762065339,85.84644507966337,143.66412128619726
2.345,59.07780118295965,84.58632021332284,143.6641213962825
2.3475,60.349870648033686,83.31425086477348,143.66412151280718
2.35,61.63408314403833,82.03003847478492,143.66412161882323
2.3525,62.93037665988582,80.7337450398594,143.66412169974524
2.355,64.23840839199732,79.4257133551653,143.66412174716262
2.3575,65.5575526262892,78.10656913432786,143.66412176061704
2.36,66.88691686545992,76.7772048812325,143.66412174669244
2.3625000000000003,68.22537377945321,75.43874793661212,143.66412171606532
2.365,69.57160461713596,74.09251706282517,143.6641216799611
2.3675,70.92414878907415,72.739972858312,143.66412164738614
2.37,72.2814544677928,71.38266715602283,143.66412162381562
2.3725,73.64192600040313,70.0221956108297,143.66412161123282
2.375,75.0039652879932,68.66015632100076,143.66412160899395
2.3775,76.36600567428985,67.29811594064704,143.6641216149369
2.38,77.7265380428599,65.93758358348516,143.66412162634506
2.3825,79.08412963353561,64.57999200706658,143.6641216406022
2.3850000000000002,80.43743655581125,63.22668509972514,143.66412165553638
2.3875,81.78521116534998,61.8789105041848,143.66412166953478
2.39,83.12630546596012,60.53781621555568,143.66412168151578
2.3925,84.4596715832196,59.20445010761698,143.66412169083657
2.395,85.78436018818408,57.87976150899971,143.6641216971838
2.3975,87.09951757057543,56.56460412989412,143.66412170046954
2.4,88.40438189355285,55.25973980719904,143.66412170075188
2.4025,89.69827901728357,53.96584268088881,143.66412169817238
2.4050000000000002,90.98061815902959,52.68350353388962,143.6641216929192
2.4075,92.25088756185097,51.41323412334749,143.66412168519847
2.41,93.50865026894621,50.155471406281464,143.66412167522768
2.4125,94.75354004194895,48.91058162128175,143.6641216632307
2.415,95.98525741548096,47.678864233963196,143.66412164944416
2.4175,97.20356584357555,46.46055579055254,143.6641216341281
2.42,98.40828786387993,45.25583375370241,143.66412161758234
2.4225,99.59930118122125,44.064820418941686,143.66412160016293
2.4250000000000003,100.77653455259261,42.887587029708655,143.66412158230128
2.4275,101.93996334121113,41.72415822330973,143.66412156452085
2.43,103.0896045994196,40.5745169480263,143.66412154744592
2.4325,104.22551154122732,39.43860999057434,143.66412153180167
2.435,105.34776727846244,38.31635423993221,143.66412151839467
2.4375,106.45647772371896,37.207643784352264,143.66412150807122
2.44,107.55176361229223,36.112357889356076,143.6641215016483
2.4425,108.63375166689141,35.03036983292613,143.66412149981755
2.445,109.70256502345157,33.96155647958066,143.66412150303222
2.4475000000000002,110.75831315020218,32.9058083611919,143.6641215113941
2.45,111.80108161624509,31.863039908318584,143.66412152456365
2.4525,112.83092218515179,30.833199356575726,143.66412154172752
2.455,113.84784380316725,29.81627775847597,143.6641215616432
2.4575,114.85180509787796,28.81231648489272,143.6641215827707
2.46,115.84270898159639,27.821412621878558,143.66412160347494
2.4625,116.82039985276887,26.84372176948932,143.6641216222582
2.465,117.78466371085835,25.87945792711351,143.66412163797187
2.4675000000000002,118.73523126397538,24.928890385975617,143.664121649951
2.47,119.67178384671035,23.992337811339944,143.6641216580503
2.4725,120.59396171796921,23.070159944607042,143.66412166257624
2.475,121.50137411291601,22.162747551233544,143.66412166414955
2.4775,122.39361030595535,21.270511357586578,143.66412166354192
2.48,123.27025091315903,20.393870748365316,143.66412166152435
2.4825,124.13087871582542,19.533242942935637,143.66412165876105
2.485,124.97508840223739,18.689033253518232,143.66412165575562
2.4875000000000003,125.80249477627521,17.86162687656617,143.66412165284137
2.49,126.61273914382218,17.051382506383277,143.66412165020546
2.4925,127.40549374054444,16.258627907383048,143.6641216479275
2.495,128.18046419476505,15.48365745125425,143.6641216460193
2.4975,128.93739012122887,14.726731523229088,143.66412164445796
2.5,129.67604401575778,13.988077627450568,143.66412164320835
2.5025,130.39622867088246,13.26789297135364,143.6641216422361
2.505,131.09777336373375,12.566348277775777,143.66412164150952
2.5075,131.78052908492634,11.883592556072031,143.66412164099836
2.5100000000000002,132.444363084899,11.219758555771502,143.66412164067052
2.5125,133.08915301477265,10.57496862571482,143.66412164048748
2.515,133.71478093336276,9.949340707040736,143.6641216404035
2.5175,134.3211274405062,9.342994199859925,143.66412164036612
2.52,134.90806617871544,8.756055461607636,143.6641216403231
2.5225,135.47545891959817,8.18866272062801,143.66412164022617
2.525,136.02315141822447,7.640970221816834,143.66412164004132
2.5275,136.55097017810246,7.113151461649629,143.6641216397521
2.5300000000000002,137.05872022317192,6.60540141619474,143.66412163936667
2.5325,137.5461839235414,6.117937715374589,143.664121638916
2.535,138.01312087172403,5.651000766728652,143.66412163845268
2.5375,138.45926875914233,5.204852878903605,143.66412163804594
2.54,138.88434516188852,4.779776475884185,143.6641216377727
2.5425,139.28805011267738,4.376071525033056,143.66412163771045
2.545,139.67006931421713,3.994052323711797,143.66412163792893
2.5475,140.03007783840965,3.63404380007447,143.66412163848412
2.5500000000000003,140.36774415533608,3.2963774840778406,143.66412163941393
2.5525,140.68273434450884,2.9813872962273935,143.66412164073623
2.555,140.9747163563959,2.6894052860537094,143.6641216424496
2.5575,141.24336421248972,2.4207574320441942,143.6641216445339
2.56,141.48836205497616,2.175759591978694,143.66412164695487
2.5625,141.70940798033428,1.9547136693308829,143.66412164966516
2.565,141.9062176134,1.7579040392104324,143.66412165261045
2.5675,142.07852739833498,1.5855942573958903,143.66412165573087
2.57,142.226097599897,1.4380240590666644,143.66412165896367
2.5725000000000002,142.34871502202677,1.315406640220773,143.66412166224754
2.575,142.44619546102456,1.2179262044966486,143.6641216655212
2.5775,142.51838591770345,1.145735751023011,143.66412166872647
2.58,142.56516659711437,1.09895507469455,143.6641216718089
2.5825,142.58645272616366,1.0776689485522302,143.6641216747159
2.585,142.582196219023,1.0819254583770612,143.66412167740006
2.5875,142.55238721794706,1.1117344618687242,143.6641216798158
2.59,142.49705553329431,1.1670661486270935,143.66412168192142
2.5925000000000002,142.41627200126044,1.247849682418189,143.66412168367862
2.595,142.31014977124727,1.3539719138051003,143.66412168505238
2.5975,142.17884552685075,1.4852761591601285,143.66412168601087
2.6,142.02256063510637,1.6415610514212478,143.6641216865276
2.6025,141.84154220773632,1.8225794788456378,143.66412168658195
2.605,141.63608404555038,2.02803764061058,143.66412168616097
2.6075,141.40652742268048,2.2575942625816015,143.66412168526207
2.61,141.15326165087188,2.5108600330240076,143.6641216838959
2.6125000000000003,140.87672434561478,2.787397336474411,143.6641216820892
2.615,140.57740129568754,3.086720384202872,143.6641216798904
2.6175,140.25582581622473,3.408295861146097,143.66412167737082
2.62,139.9125774437605,3.75154423086834,143.66412167462886
2.6225,139.54827981142645,4.115841860360661,143.66412167178711
2.625,139.16359752612195,4.500524142868908,143.66412166899084
2.6275,138.75923186033728,4.904889806058719,143.664121666396
2.63,138.335915073825,5.328206590327645,143.66412166415265
2.6325,137.89440319958786,5.76971846279027,143.66412166237814
2.6350000000000002,137.43546717028033,6.228654490845126,143.66412166112545
2.6375,136.95988223015712,6.704239430187756,143.66412166034488
2.64,136.46841567755794,7.195705982293019,143.66412165985096
2.6425,135.96181311354252,7.702308545760343,143.66412165930285
2.645,135.4407835285228,8.223338129687754,143.66412165821055
2.6475,134.90598372873274,8.758137927245293,143.66412165597802
2.65,134.35800276919625,9.306118882791395,143.66412165198764
2.6525,133.79734719473043,9.866774450989062,143.6641216457195
2.6550000000000002,133.22442796829006,10.439693668594225,143.6641216368843
2.6575,132.63954996254415,11.024571662996749,143.6641216255409
2.66,132.04290479137893,11.621216820780965,143.6641216121599
2.6625,131.4345675635461,12.229554034065135,143.66412159761123
2.665,130.8144978690024,12.849623714066167,143.66412158306855
2.6675,130.18254499348683,13.481576576356911,143.66412156984373
2.67,129.5384570417719,14.125664517420205,143.6641215591921
2.6725,128.88189337808097,14.782228174047688,143.66412155212868
2.6750000000000003,128.2124395975157,15.45168195177926,143.66412154929495
2.6775,127.52962414333525,16.1344974075622,143.66412155089745
2.68,126.83293568221706,16.831185874499177,143.66412155671622
2.6825,126.12184042859039,17.542281137583473,143.66412156617386
2.685,125.39579874541685,18.26832283301991,143.66412157843678
2.6875,124.65428051487237,19.009841077653817,143.6641215925262
2.69,123.89677894303517,19.76734266438426,143.66412160741942
2.6925,123.12282261857473,20.54129900355489,143.6641216221296
2.695,122.3319857744349,21.332135861326968,143.66412163576186
2.6975000000000002,121.52389679823025,22.140224849313707,143.66412164754396
2.7,120.69824510146344,22.965876555375374,143.6641216568388
2.7025,119.85478649309488,23.809335170050012,143.6641216631449
2.705,118.99334721464402,24.67077445144475,143.66412166608876
2.7075,118.1138267875805,25.550294877832368,143.66412166541286
2.71,117.21619980467905,26.447921856291416,143.66412166097047
2.7125,116.30051676992161,27.363604882796388,143.664121652718
2.715,115.36690406037846,28.29721758033672,143.66412164071517
2.7175000000000002,114.41556305136791,29.248558573760814,143.66412162512873
2.72,113.4467684157468,30.217353190494812,143.66412160624162
2.7225,112.46086558168238,31.203256002780478,143.66412158446286
2.725,111.45826731288066,32.205854247456934,143.6641215603376
2.7275,110.43944936312236,33.22467217143502,143.66412153455738
2.73,109.40494515522013,34.25917635273797,143.6641215079581
2.7325,108.35533944524428,35.308782036269335,143.66412148151363
2.735,107.29126095766563,36.37286049864537,143.664121456311
2.7375000000000003,106.21337401693967,37.45074741657229,143.66412143351195
2.74,105.1223692556128,38.54175215868374,143.66412141429655
2.7425,104.01895354621819,39.64516785357685,143.66412139979502
2.745,102.90383937975037,40.760282011260024,143.66412139101038
2.7475,101.77773399080925,41.88638739793195,143.6641213887412
2.75,100.64132859998028,43.02279279353619,143.66412139351647
2.7525,99.4952881979264,44.168833207625056,143.66412140555144
2.755,98.3402423234848,45.32387910124412,143.66412142472893
2.7575,97.17677728222768,46.48734416838718,143.66412145061486
2.7600000000000002,96.00543020852311,47.6586912739749,143.66412148249802
2.7625,94.8266852941946,48.83743622525759,143.66412151945218
2.765,93.64097239667727,50.023149163728206,143.66412156040548
2.7675,92.44866811001278,51.21545349419641,143.66412160420919
2.77,91.2500992467284,52.41402240296799,143.66412164969637
2.7725,90.0455485516566,53.61857314406538,143.66412169572197
2.775,88.83526236205311,54.82885937913314,143.66412174118625
2.7775,87.61945984995364,56.04466193508894,143.6641217850426
2.7800000000000002,86.39834343565485,57.26577839063616,143.66412182629102
2.7825,85.17210994372944,58.49201192023696,143.6641218639664
2.785,83.94096207938097,59.72315981774027,143.66412189712122
2.7875,82.70511982513008,60.959002099680305,143.6641219248104
2.79,81.46483138686398,62.199290559213566,143.66412194607756
2.7925,80.22038334594001,63.44373861401077,143.66412195995076
2.795,78.9721096937775,64.69201227166647,143.66412196544397
2.7975,77.72039943328264,65.94372252828786,143.66412196157052
2.8000000000000003,76.46570242658788,67.19841952078424,143.6641219473721
2.8025,75.20853315350149,68.45558876845982,143.6641219219613
2.805,73.94947202603163,69.71464985855054,143.6641218845822
2.8075,72.68916389155793,70.97495794313119,143.66412183468913
2.81,71.42831336473574,72.23580840730062,143.66412177203637
2.8125,70.16767667318854,73.49644502359274,143.66412169678128
2.815,68.9080498027867,74.75607180679968,143.6641216095864
2.8175,67.65025290095613,76.01386861076372,143.66412151171986
2.82,66.3951111495085,77.26901025563097,143.66412140513947
2.8225000000000002,65.14343264656665,78.52068864598607,143.66412129255272
2.825,63.895984214824125,79.76813696261063,143.66412117743477
2.8275,62.65346643233798,81.0106546316484,143.66412106398639
2.83,61.416489494509676,82.24763146248527,143.66412095699496
2.8325,60.185551686515254,83.47856917505845,143.6641208615737
2.835,58.961022210533876,84.70309857223974,143.6641207827736
2.8375,57.74312984159916,85.92099088348701,143.66412072508618
2.84,56.531958399137466,87.13216229278692,143.66412069192438
2.8425000000000002,55.32744938893263,88.33667129624652,143.66412068517914
2.845,54.12941149933171,89.53470920563629,143.664120704968
2.8475,52.93753604083924,90.72658470879333,143.66412074963256
2.85,51.751416992299994,91.91270382369055,143.66412081599054
2.8525,50.57057410787523,93.0935467918915,143.66412089976671
2.855,49.394477545502966,94.26964345060912,143.6641209961121
2.8575,48.22257265753673,95.4415484425532,143.66412110008991
2.86,47.05430387419847,96.60981733287252,143.664121207071
2.8625000000000003,45.88913694399482,97.77498436898982,143.66412131298463
2.865,44.72657911790686,98.93754229653038,143.66412141443723
2.8675,43.566197139653525,100.09792436906174,143.66412150871525
2.87,42.40763311501802,101.2564884786922,143.66412159371023
2.8725,41.25061847592608,102.41350319187423,143.66412166780032
2.875,40.09498633573229,103.56913539398059,143.66412172971286
2.8775,38.940682561196446,104.72343921719997,143.6641217783964
2.88,37.787775874382554,105.87634593851953,143.6641218129021
2.8825,36.63646725273669,107.02765457956417,143.66412183230085
2.8850000000000002,35.48709882295878,108.17702301267352,143.6641218356323
2.8875,34.34016234558273,109.32395947631944,143.66412182190217
2.89,33.1963072603499,110.46781452979565,143.66412179014554
2.8925,32.05634810267749,111.6077736368983,143.6641217395758
2.895,30.921270902311004,112.7428507675397,143.6641216698507
2.8975,29.792237930606433,113.87188365087506,143.66412158148148
2.9,28.67058987093,114.99353160547287,143.66412147640287
2.9025,27.55784415521235,116.1062772034628,143.66412135867515
2.9050000000000002,26.455687864675205,117.208433370551,143.66412123522622
2.9075,25.36596328854609,118.29815782785565,143.66412111640173
2.91,24.290644064772966,119.37347695118595,143.66412101595893
2.9125,23.23179992873684,120.43232102128752,143.66412095002437
2.915,22.191548640185303,121.47257229441905,143.66412093460434
2.9175,21.171994808623978,122.4921261730005,143.66412098162448
2.92,20.17515717217014,123.48896392209363,143.66412109426378
2.9225,19.202888291733963,124.46123297153358,143.66412126326753
2.9250000000000003,18.256793203715816,125.40732826266817,143.664121466384
2.9275,17.338155644312394,126.32596602802941,143.66412167234182
2.93,16.447881205082673,127.21624064366243,143.6641218487451
2.9325,15.586465591909578,128.0776563790634,143.66412197097299
2.935,14.753992986900858,128.91012904135152,143.6641220282524
2.9375,13.950165027002315,129.71395699746887,143.6641220244712
2.94,13.174356313784003,130.48976566029495,143.66412197407897
2.9425,12.425688893217508,131.2384330024523,143.6641218956698
2.945,11.70311655845629,131.96100524776108,143.66412180621737
2.9475000000000002,11.00551019013514,132.65861152759396,143.6641217177291
2.95,10.331737127155199,133.33238450934783,143.66412163650304
2.9525,9.680729975823176,133.9833915883179,143.66412156414106
2.955,9.051542617302136,134.61257888198216,143.6641214992843
2.9575,8.443393025305314,135.22072841399967,143.66412143930498
2.96,7.855693700239511,135.80842768137427,143.66412138161377
2.9625,7.28807110502534,136.3760502195033,143.66412132452865
2.965,6.740375593440388,136.92374567436445,143.66412126780483
2.9675000000000002,6.212683117932318,137.4514380950116,143.66412121294394
2.97,5.705289635236378,137.95883152811766,143.66412116335403
2.9725,5.218698708444201,138.44542241592515,143.66412112436936
2.975,4.753602420842373,138.91051868220507,143.66412110304745
2.9775,4.310855442378578,139.35326566522718,143.66412110760575
2.98,3.8914419912632354,139.77267915506695,143.6641211463302
2.9825,3.49643557606254,140.16768564976962,143.66412122583216
2.985,3.1269518429075194,140.53716950580878,143.6641213487163
2.9875000000000003,2.784095612926278,140.88002589809923,143.6641215110255
2.99,2.468904239831808,141.19521746039615,143.66412170022795
2.9925,2.1822906155251096,141.4818312792729,143.66412189479803
2.995,1.9249902618666965,141.73913180446203,143.66412206632873
2.9975,1.6975176451653757,141.96660453926063,143.664122184426
3.0,1.5001368102676613,142.16398541318893,143.6641222234566
3.0025,1.3328504505520553,142.33127171855054,143.6641221691026
3.005,1.1954096480361571,142.4687123743156,143.66412202235176
3.0075000000000003,1.08734405963099,142.57677773976056,143.66412179939155
3.0100000000000002,1.0080098252897305,142.65611170224406,143.66412152753378
3.0125,0.9566504933701432,142.70747074547288,143.66412123884302
3.015,0.932465187985337,142.7316557757843,143.66412096376965
3.0175,0.9346781793043284,142.72944254731533,143.66412072661967
3.02,0.9626047721468677,142.70151577146726,143.66412054361413
3.0225,1.0157096393049234,142.6484107839541,143.66412042325902
3.025,1.0936550054661824,142.5704653627024,143.6641203681686
3.0275,1.1963371330995687,142.46778324429619,143.66412037739576
3.0300000000000002,1.323910207318807,142.3402102411984,143.66412044851722
3.0325,1.4767969304034407,142.18732364857618,143.66412057897963
3.035,1.6556849917090675,142.00843577468254,143.66412076639162
3.0375,1.8615082262477316,141.80261278128722,143.66412100753496
3.04,2.095410929016181,141.568710366942,143.66412129595818
3.0425,2.358693722874256,141.30542789538964,143.6641216182639
3.045,2.6527398989546582,141.01138205082339,143.66412194977804
3.0475,2.978922566963011,140.685199684302,143.664122251265
3.0500000000000003,3.33849545626416,140.32562701310331,143.66412246936747
3.0525,3.7324736914042322,139.9316488521915,143.66412254359574
3.055,4.161514746970804,139.50260767391114,143.66412242088194
3.0575,4.625812958088933,139.03830911645986,143.6641220745488
3.06,5.125022026142306,138.53909949382603,143.66412151996835
3.0625,5.658217801785302,138.00590301618965,143.66412081797495
3.065,6.2239081187390175,137.44021194309923,143.66412006183825
3.0675,6.820088807503616,136.84403054479856,143.66411935230218
3.0700000000000003,7.444337450421102,136.21978132124804,143.66411877166914
3.0725000000000002,8.093931186873256,135.5701871805848,143.66411836745806
3.075,8.765973192602242,134.8981449571849,143.66411814978716
3.0775,9.45751418671161,134.20660391289925,143.66411809961087
3.08,10.165659242549477,133.49845893897884,143.66411818152832
3.0825,10.887654750432947,132.7764636051694,143.66411835560234
3.085,11.620954382598049,132.04316420276197,143.66411858536003
3.0875,12.363265727665025,131.30085311399392,143.66411884165896
3.09,13.112580816204895,130.5515382872556,143.66411910346048
3.0925000000000002,13.867194292001455,129.7969250648518,143.66411935685323
3.095,14.62571283974484,129.0384067536486,143.66411959339342
3.0975,15.38705897033221,128.2770608380788,143.66411980841102
3.1,16.150471611952838,127.51364838763713,143.66411999958996
3.1025,16.915505288540018,126.74861487736227,143.6641201659023
3.105,17.682029044037705,125.98209126284382,143.66412030688153
3.1075,18.450225699235197,125.2138947229388,143.664120422174
3.11,19.220591486756412,124.44352902456137,143.66412051131778
3.1125000000000003,19.99393556382557,123.67018500988164,143.6641205737072
3.115,20.771378313303398,122.89274229541465,143.66412060871804
3.1175,21.55434668097933,122.10977393498518,143.66412061596452
3.12,22.344564054368547,121.31955654125272,143.66412059562128
3.1225,23.14403140442721,120.52008914424243,143.66412054866964
3.125,23.954995702814564,119.70912477401305,143.6641204768276
3.1275,24.779901220998624,118.88421916086389,143.66412038186252
3.13,25.62131957164654,118.04280069244675,143.6641202640933
3.1325000000000003,26.481855724469796,117.18226439589925,143.66412012036903
3.1350000000000002,27.36403014222622,116.30008980043431,143.66411994266053
3.1375,28.270141764957412,115.3939779542267,143.6641197191841
3.14,29.2021223037734,114.4619971358906,143.664119439664
3.1425,30.16139779021784,113.50272131382181,143.66411910403966
3.145,31.148776466825474,112.51534226356873,143.6641187303942
3.1475,32.16438090837054,111.49973744776268,143.66411835613323
3.15,33.20763602569631,110.45648200363473,143.66411802933104
3.1525,34.27731470141379,109.38680309211146,143.66411779352526
3.1550000000000002,35.37163235390612,108.29248531997678,143.6641176738829
3.1575,36.48837410171162,107.17574356975456,143.6641176714662
3.16,37.6250353964777,106.03908237034983,143.66411776682753
3.1625,38.77895889345102,104.88515903569451,143.66411792914553
3.165,39.947455227030304,103.7166628987672,143.6641181257975
3.1675,41.12790110596741,102.53621722305368,143.6641183290211
3.17,42.317813101193806,101.3463054176617,143.6641185188555
3.1725,43.51489890094631,100.14921978226249,143.6641186832088
3.1750000000000003,44.71708961372417,98.94702920266562,143.6641188163898
3.1775,45.92255726499181,97.74156165219789,143.66411891718968
3.18,47.12972141470777,96.53439757244632,143.6641189871541
3.1825,48.337248209351074,95.32687081993801,143.66411902928908
3.185,49.544044441500226,94.12007460572264,143.66411904722287
3.1875,50.74924847506625,92.91487056967269,143.66411904473892
3.19,51.952219275174734,91.7118997503995,143.66411902557422
3.1925,53.15252427840856,90.51159471497698,143.66411899338556
3.1950000000000003,54.349926446263666,89.31419250554245,143.66411895180613
3.1975000000000002,55.54437054758577,88.11974835695185,143.66411890453762
3.2,56.735968499667024,86.92815035575671,143.66411885542374
3.2025,57.92498345234366,85.73913535612981,143.66411880847346
3.205,59.111812220624316,84.55230654716709,143.66411876779142
3.2075,60.29696566075265,83.3671530766362,143.66411873738883
3.21,61.481046647673395,82.18307207319302,143.6641187208664
3.2125,62.66472545475408,80.9993932662288,143.66411872098286
3.215,63.84871256142465,79.81540617773759,143.66411873916223
3.2175000000000002,65.03372921378362,78.63038956125668,143.6641187750403
3.22,66.22047641530386,77.44364241087229,143.66411882617615
3.2225,67.40960339047761,76.25451549758152,143.66411888805914
3.225,68.60167688880199,75.06244206569387,143.66411895449585
3.2275,69.79715291719434,73.866966101176,143.66411901837034
3.23,70.99635254823598,72.66776652442609,143.66411907266206
3.2325,72.19944331335961,71.46467579814427,143.66411911150388
3.235,73.40642735291149,70.25769177812806,143.66411913103957
3.2375000000000003,74.61713699795067,69.04698213193164,143.6641191298823
3.24,75.83123787503536,67.83288123405381,143.66411910908917
3.2425,77.04823904601596,66.61588002568809,143.66411907170405
3.245,78.26750920654354,65.3966098154817,143.66411902202523
3.2475,79.48829763209326,64.17582133270389,143.66411896479715
3.25,80.70975840595389,62.954360498543494,143.6641189044974
3.2525,81.9309764814046,61.73314236342615,143.66411884483074
3.255,83.15099428471407,60.513124503750475,143.66411878846455
3.2575000000000003,84.3688378073004,59.29528092967628,143.66411873697666
3.2600000000000002,85.58354141385095,58.08057727711271,143.66411869096368
3.2625,86.79417086574034,56.86994778449652,143.66411865023684
3.265,87.99984429536397,55.664274318692456,143.66411861405643
3.2675,89.19975104911686,54.46436753224643,143.66411858136328
3.27,90.39316843699024,53.27095011400016,143.6641185509904
3.2725,91.57947648408418,52.084642037771474,143.66411852185564
3.275,92.75817077603602,50.905947717102535,143.66411849313857
3.2775,93.92887342963233,49.7352450348279,143.66411846446022
3.2800000000000002,95.0913421044058,48.5727763316721,143.6641184360779
3.2825,96.24547680333748,47.41864160575966,143.66411840909714
3.285,97.39132399499735,46.27279439068797,143.66411838568533
3.2875,98.5290773351511,45.135041034089234,143.66411836924033
3.29,99.65907399403316,44.0050443703731,143.66411836440625
3.2925,100.7817853464498,42.88233303033965,143.66411837678945
3.295,101.89780062298382,41.76631778919659,143.66411841218041
3.2975,103.00780215043528,40.656316324705145,143.6641184751404
3.3000000000000003,104.11253115064954,39.551587416344645,143.6641185669942
3.3025,105.21274383766314,38.45137484597499,143.66411868363812
3.305,106.30915881352897,37.354960000508925,143.6641188140379
3.3075,107.40239843888251,36.26172050167263,143.66411894055514
3.31,108.4929286703476,35.17119037158589,143.66411904193347
3.3125,109.5810033348864,34.08311576378462,143.66411909867102
3.315,110.66661938239761,32.997499716625335,143.66411909902294
3.3175,111.74948889123559,31.914630151784692,143.66411904302026
3.3200000000000003,112.82903145332322,30.835087489186684,143.6641189425099
3.3225000000000002,113.90438749382008,29.759731323358473,143.66411881717855
3.325,114.97444990956399,28.689668778939286,143.66411868850327
3.3275,116.03790899492216,27.626209579357575,143.66411857427974
3.33,117.09330449686323,26.57081398869063,143.66411848555384
3.3325,118.13907885166671,25.525039574609334,143.66411842627605
3.335,119.17362684868178,24.4904915461668,143.66411839484857
3.3375,120.19533861308415,23.468779773299595,143.66411838638373
3.34,121.2026344233534,22.461483971415255,143.66411839476865
3.3425000000000002,122.19399118085829,21.47012723324052,143.66411841409882
3.345,123.16796121927047,20.496157220174585,143.66411843944505
3.3475,124.123184607714,19.540933859389014,143.664118467103
3.35,125.0583962584125,18.60572223611871,143.6641184945312
3.3525,125.97242910569611,17.691689414450266,143.66411852014636
3.355,126.86421447121745,16.79990407185843,143.6641185430759
3.3575,127.73278053645456,15.93133802648411,143.66411856293865
3.36,128.57724964904094,15.086868930623872,143.6641185796648
3.3625000000000003,129.3968350158852,14.267283577479656,143.66411859336483
3.365,130.19083719200356,13.473281412234567,143.66411860423813
3.3675,130.95864066054565,12.705477951966614,143.66411861251225
3.37,131.69971071373033,11.964407904674996,143.66411861840533
3.3725,132.41359078187048,11.250527840231616,143.6641186221021
3.375,133.09990031363697,10.56421831010416,143.66411862374113
3.3775,133.75833328081552,9.905785342588848,143.66411862340436
3.38,134.38865736127252,9.275461259839261,143.66411862111178
3.3825000000000003,134.99071384137403,8.673404775442265,143.6641186168163
3.3850000000000002,135.56441827084447,8.09970033955251,143.66411861039697
3.3875,136.10976189627323,7.554356705384274,143.6641186016575
3.39,136.62681389127442,7.037304699046436,143.66411859032087
3.3925,137.11572438838238,6.548394187652033,143.6641185760344
3.395,137.5767282957951,6.087390262589259,143.66411855838436
3.3975,138.01014984551333,5.653968691417395,143.66411853693072
3.4,138.4164077607566,5.247710750521429,143.66411851127805
3.4025,138.79602084001544,4.868097641187897,143.66411848120333
3.4050000000000002,139.14961362052134,4.5145048263439325,143.66411844686527
3.4075,139.47792159130807,4.186196817813066,143.66411840912113
3.41,139.7817951618624,3.8823232081055616,143.66411836996795
3.4125,140.06220124874977,3.601917084322757,143.66411833307254
3.415,140.32022092735963,3.3438973769175275,143.66411830427717
3.4175,140.5570411488269,3.107077142976194,143.66411829180308
3.42,140.7739381378724,2.8901801678176104,143.66411830569
3.4225,140.9722499384702,2.6918684174168868,143.6641183558871
3.4250000000000003,141.1533359197577,2.5107825288461694,143.66411844860386
3.4275,141.31852220169358,2.345596379641114,143.6641185813347
3.43,141.46903414433575,2.195084594083221,143.66411873841898
3.4325,141.60592021713597,2.0581986732553257,143.6641188903913
3.435,141.7299751545235,1.934143845545572,143.66411900006906
3.4375,141.84167314534352,1.8224458897008802,143.6641190350444
3.44,141.94112245139428,1.7229965298533871,143.66411898124767
3.4425,142.02805031850548,1.636068531197785,143.66411884970327
3.4450000000000003,142.10182158756874,1.5622970844374455,143.66411867200617
3.4475000000000002,142.16148770980496,1.5026307774925647,143.66411848729751
3.45,142.205857270643,1.4582610578445776,143.66411832848758
3.4525,142.23357641185498,1.4305418024697265,143.6641182143247
3.455,142.24320808891756,1.4209100599788607,143.66411814889642
3.4575,142.23330197485427,1.4308161511075317,143.6641181259618
3.46,142.20245054260502,1.4616675918736193,143.66411813447863
3.4625,142.14933018482236,1.5147879780998168,143.66411816292216
3.465,142.0727285318851,1.591389669785395,143.6641182016705
3.4675000000000002,141.9715603332337,1.6925579105527213,143.66411824378642
3.47,141.84487461634455,1.8192436685068127,143.66411828485136
3.4725,141.69185565896348,1.9722626634427445,143.6641183224062
3.475,141.51181988217354,2.1522984731663426,143.6641183553399
3.4775,141.30421028070933,2.359908102667177,143.6641183833765
3.48,141.06858955408893,2.595528852618807,143.66411840670773
3.4825,140.8046327294712,2.8594856962778215,143.66411842574902
3.485,140.51211978191353,3.151998659081123,143.66411844099466
3.4875000000000003,140.19092855038286,3.473189902556946,143.66411845293982
3.49,139.84102810321843,3.8230903588235607,143.66411846204198
3.4925,139.4624726093469,4.201645859361428,143.66411846870832
3.495,139.05539570821014,4.608722765085279,143.66411847329542
3.4975,138.62000533180486,5.044113144310987,143.66411847611585
3.5,138.15657890883907,5.5075395686070685,143.66411847744612
3.5025,137.6654588684191,5.998659609114068,143.66411847753318
3.505,137.14704835522932,6.5170701213731075,143.66411847660243
3.5075000000000003,136.6018070674141,7.062311407447487,143.66411847486157
3.5100000000000002,136.0302471308081,7.6338713416941975,143.6641184725023
3.5125,135.4329289277991,8.231189541901978,143.6641184697011
3.515,134.81045680538122,8.853661661236599,143.66411846661782
3.5175,134.16347459451737,9.50064386887594,143.66411846339332
3.52,133.4926608815371,10.171457578611447,143.66411846014853
3.5225,132.7987239817611,10.865394475218412,143.6641184569795
3.525,132.08239657575456,11.581721878206682,143.66411845396124
3.5275,131.34442997938717,12.319688471760452,143.66411845114763
3.5300000000000002,130.58558803031508,13.078530418263192,143.66411844857828
3.5325,129.80664058570537,13.857477860581788,143.66411844628715
3.535,129.00835663958247,14.655761804730076,143.66411844431255
3.5375,128.19149708402895,15.472621358680094,143.66411844270905
3.54,127.35680715809687,16.307311283457103,143.66411844155397
3.5425,126.50500865364776,17.159109787300004,143.66411844094776
3.545,125.63679198056795,18.027326460436555,143.66411844100452
3.5475,124.75280823674964,18.911310205080706,143.66411844183034
3.5500000000000003,123.8536614815657,19.810456961926803,143.6641184434925
3.5525,122.93990147375266,20.724216972231986,143.66411844598463
3.555,122.01201720082474,21.652101248376766,143.6641184492015
3.5575,121.07043158855544,22.59368686437933,143.66411845293476
3.56,120.1154978231225,23.54862063377639,143.66411845689888
3.5625,119.14749773050262,24.516620730288732,143.66411846079134
3.565,118.16664262383452,25.497475840542062,143.66411846437657
3.5675,117.1730769411055,26.491041526458222,143.66411846756372
3.5700000000000003,116.16688485325291,27.497233617204316,143.66411847045723
3.5725000000000002,115.14809983874426,28.51601863460384,143.66411847334808
3.575,114.11671701805443,29.54740145859157,143.664118476646
3.5775,113.07270784979616,30.591410630961,143.66411848075717
3.58,112.01603663896111,31.648081846985797,143.66411848594691
3.5825,110.94667821832022,32.71744027389411,143.66411849221433
3.585,109.86463614514102,33.79948235407337,143.6641184992144
3.5875,108.76996080095934,34.8941577052759,143.66411850623524
3.59,107.66276687405966,36.001351638164316,143.66411851222398
3.5925000000000002,106.54324981723299,37.12086869862056,143.66411851585354
3.595,105.41170098040448,38.2524175351993,143.66411851560377
3.5975,104.26852119507211,39.395597314779636,143.66411850985173
3.6,103.1142326168218,40.549885880143734,143.66411849696553
3.6025,101.94948860143737,41.714629873971475,143.66411847540883
3.605,100.77508129300341,42.88903715087358,143.664118443877
3.6075,99.59194643807271,44.07217196340951,143.66411840148223
3.61,98.40116471402766,45.26295363397508,143.66411834800275
3.6125000000000003,97.20395858724262,46.46015969695287,143.6641182841955
3.615,96.00168342781707,47.66243478431434,143.66411821213143
3.6175,94.79581135610101,48.868306779358726,143.66411813545974
3.62,93.58790616720549,50.076211892235705,143.6641180594412
3.6225,92.37958779395714,51.284530196590815,143.66411799054796
3.625,91.17248527344557,52.49163266202822,143.6641179354738
3.6275,89.96817821772922,53.695939681847904,143.66411789957712
3.63,88.76812842342514,54.89598946171148,143.66411788513662
3.6325000000000003,87.5736053914751,56.09051249869627,143.66411789017138
3.6350000000000002,86.38561182234545,57.27850608632838,143.66411790867383
3.6375,85.2048169980385,58.459300934600165,143.66411793263865
3.64,84.03150662598304,59.632611329300076,143.66411795528313
3.6425,82.86555662251885,60.798561351408566,143.66411797392743
3.645,81.70643536716562,61.957682623786376,143.664117990952
3.6475,80.55323474598553,63.110883266319604,143.66411801230515
3.65,79.40472593375661,64.2593921107165,143.66411804447313
3.6525,78.25943253639403,65.4046855551891,143.66411809158313
3.6550000000000002,77.11571220851155,66.54840594542293,143.66411815393448
3.6575,75.97183827529025,67.69227995293518,143.66411822822545
3.66,74.82607472390642,68.83804358498604,143.66411830889245
3.6625,73.67674041303509,69.98737797667772,143.66411838971283
3.665,72.52226076920296,71.14185769585002,143.66411846505298
3.6675,71.36120714796061,72.30291138256884,143.66411853052944
3.67,70.19232527753701,73.4717933056135,143.66411858315053
3.6725,69.01455482404762,74.64956379707031,143.66411862111795
3.6750000000000003,67.82704227404027,75.83707636943991,143.66411864348018
3.6775,66.6291491934155,77.03496945635125,143.66411864976675
3.68,65.42045763385693,78.24366100581449,143.66411863967141
3.6825,64.2007741165402,79.46334449626849,143.6641186128087
3.685,62.97013328367335,80.69398528487899,143.66411856855234
3.6875,61.728801994411704,81.93531651153427,143.66411850594596
3.69,60.47728435363348,83.18683407006094,143.66411842369442
3.6925,59.216327886078375,84.4477904341766,143.66411832025497
3.6950000000000003,57.94693078135279,85.7171874127153,143.6641181940681
3.6975000000000002,56.67034980821053,86.99376823577381,143.66411804398433
3.7,55.38810809720286,88.27600977277463,143.66411786997747
3.7025,54.1020014882335,89.56211618597692,143.66411767421042
3.705,52.81410151225882,90.85001595022564,143.66411746248446
3.7075,51.52675232721045,92.13736491874539,143.66411724595585
3.71,50.24255810946161,93.42155893325469,143.6641170427163
3.7125,48.964356650129886,94.69976022828881,143.6641168784187
3.715,47.69517447808309,95.96894230659676,143.66411678467983
3.7175000000000002,46.43815912680769,97.22595766709112,143.6641167938988
3.72,45.196485676709734,98.46763125322573,143.66411692993546
3.7225,43.97323787691012,99.6908793194108,143.66411719632092
3.725,42.77126906520273,100.8928485015538,143.66411756675654
3.7275,41.59305412349871,102.0710638610565,143.66411798455522
3.73,40.44054926137903,103.22356911401067,143.6641183753897
3.7325,39.315079296526164,104.34903937402336,143.66411867054953
3.735,38.217270355868365,105.44684847424965,143.664118830118
3.7375000000000003,37.14703909916897,106.51707975475709,143.66411885392606
3.74,36.103639365607044,107.56047940977012,143.66411877537718
3.7425,35.08575684926375,108.5783617943404,143.66411864360416
3.745,34.09163529365573,109.57248321100485,143.66411850466056
3.7475,33.11921545275373,110.54490293712811,143.66411838988185
3.75,32.16627030599062,111.49784800728364,143.66411831327426
3.7525,31.23052493373184,112.43359334134881,143.66411827508065
3.755,30.30975498785264,113.35436327964858,143.6641182675012
3.7575000000000003,29.401862345133512,114.26225593461515,143.66411827974866
3.7600000000000002,28.504929667278656,115.15918863405672,143.66411830133538
3.7625,27.617257229320675,116.04686109433256,143.66411832365324
3.765,26.737385872905122,116.92673246747927,143.6641183403844
3.7675,25.864109718315717,117.80000862897029,143.664118347286
3.77,24.996481683014075,118.66763665873606,143.66411834175014
3.7725,24.133814143398574,119.53030417896049,143.66411832235906
3.775,23.27567637481063,120.38844191373651,143.66411828854714
3.7775,22.42188977285759,121.24222846753649,143.6641182403941
3.7800000000000002,21.572521313502303,122.09159686505663,143.66411817855894
3.7825,20.727875246136144,122.9362428581955,143.66411810433164
3.785,19.888482624775367,123.77563539500763,143.664118019783
3.7875,19.055087965529193,124.60902996244859,143.66411792797777
3.79,18.228632084645312,125.43548574855043,143.66411783319575
3.7925,17.410230048732764,126.25388769235678,143.66411774108954
3.795,16.60114320200441,127.0629744566758,143.6641176586802
3.7975,15.80274448039337,127.86137311370034,143.6641175940937
3.8000000000000003,15.016476731546785,128.64764082442346,143.66411755597025
3.8025,14.243804557870234,129.4203129946886,143.66411755255882
3.805,13.486161253517645,130.1779563370972,143.66411759061486
3.8075,12.744893595805026,130.9192240785366,143.6641176743416
3.81,12.02120836296027,131.64290944168283,143.6641178046431
3.8125,11.316125204826712,132.34799277406296,143.66411797888966
3.815,10.630440621956012,133.03367756927446,143.66411819123047
3.8175,9.964707153290343,133.6994112800094,143.66411843329973
3.8200000000000003,9.319230472381204,134.3448882226864,143.6641186950676
3.8225000000000002,8.694085204552682,134.97003376106431,143.664118965617
3.825,8.08914831105514,135.57497092266988,143.66411923372502
3.8275,7.5041472657850115,136.15997222245758,143.6641194882426
3.83,6.938719276420914,136.7254004418633,143.6641197182842
3.8325,6.392477569704489,137.27164234354072,143.6641199132452
3.835,5.865081160845477,137.79903890180805,143.66412006265352
3.8375,5.356305313821421,138.3078148420609,143.66412015588233
3.84,4.866110777456992,138.79800940439156,143.66412018184855
3.8425000000000002,4.394710572521731,139.26940955643542,143.66412012895717
3.845,3.942633370573541,139.72148661518125,143.66411998575478
3.8475,3.5107821423379733,140.15333760063777,143.66411974297574
3.85,3.100485573250481,140.56363382456178,143.66411939781227
3.8525,2.713537577645858,140.95058138330347,143.66411896094934
3.855,2.3522170201422377,141.31190144535807,143.6641184655003
3.8575,2.0192757099260645,141.64484226372508,143.66411797365114
3.86,1.7178787999140037,141.94623877189224,143.66411757180623
3.8625000000000003,1.4514800017167762,142.21263734071394,143.66411734243073
3.865,1.2236179832543173,142.4404993269852,143.6641173102395
3.8675,1.0376338078204619,142.62648358166132,143.6641173894818
3.87,0.8963335501546805,142.76778383996717,143.66411739012185
3.8725,0.8016495727383451,142.86246754870177,143.6641171214401
3.875,0.7543740570916708,142.90974248071666,143.66411653780833
3.8775,0.7540329151831465,142.91008288012543,143.6641157953086
3.88,0.7989323912960191,142.8651827633819,143.66411515467792
3.8825000000000003,0.8863595891660003,142.77775522987125,143.66411481903725
3.8850000000000002,1.0128778612282527,142.6512369813343,143.66411484256255
3.8875,1.1746459445952462,142.48946920617712,143.66411515077237
3.89,1.3677041807489798,142.29641143510548,143.66411561585446
3.8925,1.588197569958692,142.07591855099787,143.66411612095655
3.895,1.832529509500786,141.83158707908484,143.6641165885856
3.8975,2.097455081303297,141.56666189969016,143.66411698099347
3.9,2.3801287679011565,141.28398852066584,143.664117288567
3.9025000000000003,2.6781215853423004,140.9859959318665,143.6641175172088
3.9050000000000002,2.9894199909731807,140.67469768810463,143.6641176790778
3.9075,3.3124156382857843,140.35170214884016,143.66411778712595
3.91,3.64589212449039,140.0182257279494,143.6641178524398
3.9125,3.989012629180669,139.6751052540657,143.66411788324638
3.915,4.34131074846843,139.32280713629697,143.6641178847654
3.9175,4.702685732148748,138.9614321272765,143.66411785942526
3.92,5.073402549476063,138.5907152577446,143.66411780722066
3.9225,5.454096569817071,138.21002115638194,143.664117726199
3.9250000000000003,5.845781989687003,137.81833562350727,143.66411761319426
3.9275,6.249862316760073,137.41425514829035,143.66411746505042
3.93,6.668140087604289,136.99597719302812,143.6641172806324
3.9325,7.102821420775519,136.56129564303507,143.66411706381058
3.935,7.556508931641877,136.10760789541268,143.66411682705456
3.9375,8.032174083606733,135.63194251043507,143.6641165940418
3.94,8.533097721229947,135.13101867648635,143.6641163977163
3.9425,9.062766442175445,134.6013498265926,143.66411626876805
3.9450000000000003,9.624714490230913,134.03940172163988,143.66411621187078
3.9475000000000002,10.222308284615089,133.44180789277007,143.66411617738515
3.95,10.858484974669562,132.80563107786503,143.66411605253458
3.9525,11.535475834312104,132.12863986654824,143.66411570086035
3.955,12.254563171963028,131.40955187659836,143.66411504856137
3.9575,13.015925266121066,130.64818889537946,143.66411416150052
3.96,13.818609631888819,129.84550360808947,143.6641132399783
3.9625,14.66064282298057,129.00346969885157,143.66411252183215
3.9650000000000003,15.53924867147942,128.1248634956292,143.6641121671086
3.9675000000000002,16.451123101081187,127.21298910369744,143.66411220477863
3.97,17.392710776891544,126.27140177992862,143.66411255682016
3.9725,18.360442984650103,125.30367011417013,143.66411309882022
3.975,19.350916696908563,124.31319701559411,143.66411371250268
3.9775,20.361012508053214,123.3031018038032,143.66411431185642
3.98,21.387959899784093,122.27615494700383,143.66411484678792
3.9825,22.42936245569313,121.23475283970242,143.66411529539556
3.985,23.483195444076607,120.18092020956087,143.66411565363748
3.9875000000000003,24.547785930938616,119.11632999577806,143.66411592671668
3.99,25.62178282792836,118.04233329537007,143.66411612329844
3.9925,26.704121817538194,116.95999443467791,143.6641162522161
3.995,27.79398820911915,115.87012811178982,143.664116320909
3.9975,28.890779473852877,114.77333686108204,143.66411633493493
4.0,29.994068387934384,113.67004791015896,143.66411629809335
4.0025,31.103567262242013,112.56054895064943,143.66411621289146
4.005,32.21909354701588,111.44502253418332,143.6641160811992
4.0075,33.34053708467131,110.32357882033128,143.66411590500257
4.01,34.467829372670614,109.19628631450614,143.66411568717675
4.0125,35.60091533254244,108.06320009965232,143.66411543219476
4.015,36.73972820947742,106.92438693717791,143.66411514665532
4.0175,37.884168305581355,105.77994653394441,143.66411483952578
4.0200000000000005,39.03408624504598,104.6300282769562,143.66411452200217
4.0225,40.189271362458435,103.47484284449814,143.66411420695658
4.025,41.34944559668579,102.31466831133498,143.66411390802077
4.0275,42.514262983510704,101.14985065493624,143.66411363844696
4.03,43.683314509241676,99.98079890069549,143.66411340993716
4.0325,44.856137763292395,98.80797546836028,143.66411323165266
4.035,46.03223055743711,97.63188255212205,143.66411310955917
4.0375,47.21106749874267,96.45304554744862,143.6641130461913
4.04,48.39211842903279,95.27199461178199,143.66411304081478
4.0425,49.57486767286787,94.08924541702575,143.66411308989362
4.045,50.75883314817356,92.90528003955907,143.66411318773262
4.0475,51.94358455840727,91.72052876875692,143.6641133271642
4.05,53.128760069453506,90.5353534307194,143.6641135001729
4.0525,54.31408104890354,89.35003264949565,143.66411369839918
4.055,55.499364588036016,88.16474932546032,143.66411391349635
4.0575,56.68453362452348,86.97958051283075,143.66411413735423
4.0600000000000005,57.86962453159336,85.7944898306207,143.66411436221406
4.0625,59.054792038710985,84.60932254199736,143.66411458070834
4.065,60.240311306437434,83.42380347942932,143.66411478586676
4.0675,61.426576904428536,82.23753806668243,143.66411497111096
4.07,62.614098350694995,81.05001677957763,143.66411513027262
4.0725,63.80349178016232,79.86062347748661,143.66411525764892
4.075,64.99546724405073,78.66864810406823,143.66411534811897
4.0775,66.19081112665594,77.47330427067527,143.66411539733122
4.08,67.39036323565307,76.27375216632117,143.66411540197424
4.0825000000000005,68.59498831077094,75.06912704935564,143.66411536012657
4.085,69.80554203368558,73.8585732379922,143.6641152716778
4.0875,71.02283212368387,72.6412830150927,143.66411513877657
4.09,72.24757575357913,71.41653921265954,143.66411496623869
4.0925,73.4803552585739,70.18375950323326,143.66411476180716
4.095,74.7215748253928,68.94253971072999,143.66411453612278
4.0975,75.9714213839936,67.69269291826608,143.6641143022597
4.1,77.22983310901623,66.43428096572586,143.6641140747421
4.1025,78.49647863791591,65.16763523015642,143.66411386807232
4.105,79.77074928451592,63.89336441046737,143.66411369498329
4.1075,81.05176525767882,62.612348307101655,143.66411356478048
4.11,82.33839539891025,61.32571808327185,143.6641134821821
4.1125,83.62928851778193,60.034824929184474,143.6641134469664
4.115,84.92291330634362,58.74120014814926,143.66411345449288
4.1175,86.21760323557973,57.44651026133204,143.66411349691177
4.12,87.5116028219401,56.15251074276259,143.6641135647027
4.1225000000000005,88.80311211194493,54.86100153621499,143.6641136481599
4.125,90.09032699639195,53.57378674215204,143.664113738544
4.1275,91.37147384089062,52.29263998788581,143.66411382877644
4.13,92.64483774548268,51.019276168209686,143.66411391369235
4.1325,93.90878442002372,49.75532956993523,143.66411398995893
4.135,95.16177614094282,48.502337914850166,143.664114055793
4.1375,96.40238254288602,47.26173156770813,143.66411411059414
4.14,97.62928712735143,46.03482702723112,143.66411415458253
4.1425,98.8412903822974,44.82282380618925,143.66411418848665
4.1450000000000005,100.03731034349873,43.62680386979878,143.66411421329752
4.1475,101.21638132456133,42.4477329055367,143.66411423009802
4.15,102.3776514230851,41.286462816863065,143.66411423994816
4.1525,103.5203792919721,40.143734951847435,143.66411424381954
4.155,104.6439305566035,39.02018368595763,143.66411424256114
4.1575,105.74777416488772,37.91634007200316,143.66411423689087
4.16,106.8314788788879,36.832635348509754,143.66411422739765
4.1625,107.89471005285941,35.76940416169579,143.66411421455518
4.165,108.93722679089126,34.72688740784551,143.66411419873677
4.1675,109.9588795354429,33.705234644791716,143.6641141802346
4.17,110.95960810318567,32.70450605609368,143.66411415927934
4.1725,111.93944015415259,31.724673981909152,143.66411413606176
4.175,112.898490051814,30.765624058938776,143.66411411075276
4.1775,113.83695804311068,29.8271560404209,143.6641140835316
4.18,114.75512965657515,28.908984398035848,143.664114054611
4.1825,115.65337518169099,28.01073884258173,143.66411402427272
4.1850000000000005,116.53214905198163,27.131964940922913,143.66411399290456
4.1875,117.39198890705107,26.272125053992482,143.66411396104354
4.19,118.23351405470102,25.43059987472242,143.66411392942345
4.1925,119.057422994493,24.606690904522857,143.66411389901586
4.195,119.86448960188403,23.799624269180853,143.6641138710649
4.1975,120.65555751327976,23.008556333810354,143.6641138470901
4.2,121.43153220681376,22.23258162203303,143.66411382884678
4.2025,122.19337025547003,21.470743562743905,143.66411381821393
4.205,122.94206525707523,20.72204855991397,143.6641138169892
4.2075000000000005,123.67863004176732,19.98548378481499,143.6641138265823
4.21,124.40407494411001,19.260038903508725,143.66411384761872
4.2125,125.11938222084473,18.544731658669512,143.66411387951425
4.215,125.82547709909592,17.838636821026693,143.66411392012262
4.2175,126.5231964327788,17.140917532821145,143.66411396559994
4.22,127.21325647449333,16.450857536133267,143.6641140106266
4.2225,127.89622175097733,15.767892298083693,143.66411404906103
4.225,128.57247735423886,15.091636720725095,143.66411407496395
4.2275,129.24220702093135,14.42190706284931,143.66411408378065
4.23,129.90537909698557,13.75873497636587,143.66411407335144
4.2325,130.56174186721822,13.102372177205147,143.66411404442337
4.235,131.2108288474749,12.45328515301528,143.66411400049017
4.2375,131.85197363828942,11.812140308714563,143.66411394700398
4.24,132.48433300623708,11.17978088398219,143.66411389021926
4.2425,133.10691615634744,10.557197679669503,143.66411383601695
4.245,133.7186177879646,9.94549600104345,143.66411378900804
4.2475000000000005,134.3182525060126,9.345861246057988,143.6641137520706
4.25,134.90458843346804,8.759525292849753,143.6641137263178
4.2525,135.47637833651245,8.187735374868344,143.6641137113808
4.255,136.03238711781734,7.631726588027535,143.66411370584487
4.2575,136.5714150593112,7.092698648399945,143.66411370771112
4.26,137.0923166391473,6.571797075635896,143.66411371478318
4.2625,137.59401507808963,6.0700986468611315,143.66411372495077
4.265,138.07551298507542,5.5886007512831615,143.6641137363586
4.2675,138.53589958490178,5.128214162588629,143.6641137474904
4.2700000000000005,138.97435504544129,4.6897587117452595,143.66411375718656
4.2725,139.39015240158488,4.273961363038266,143.66411376462315
4.275,139.78265751946628,3.8814562498101233,143.6641137692764
4.2775,140.15132747427742,3.5127862965989562,143.66411377087638
4.28,140.49570764043938,3.1684061289282446,143.66411376936762
4.2825,140.81542772231916,2.8486860425522185,143.6641137648714
4.285,141.1101968925026,2.55391686515153,143.66411375765412
4.2875000000000005,141.3797981560657,2.2843155920348925,143.6641137481006
4.29,141.62408202521584,2.0400317114715407,143.66411373668737
4.2925,141.8429595699742,1.8211541539826157,143.6641137239568
4.295,142.03639490727483,1.6277188032149914,143.66411371048983
4.2975,142.20439720212465,1.4597164947496337,143.6641136968743
4.3,142.34701227841674,1.317101405257776,143.66411368367451
4.3025,142.46431397043983,1.1997997009595722,143.6641136713994
4.305,142.55639538463873,1.1077182758347084,143.66411366047345
4.3075,142.623360279093,1.040753372123529,143.66411365121652
4.3100000000000005,142.66531479915807,0.9987988446731566,143.66411364383123
4.3125,142.68235982555308,0.9817538128481701,143.66411363840126
4.315,142.67458419077553,0.989529444127246,143.66411363490278
4.3175,142.64205899816267,1.0220546350578434,143.66411363322052
4.32,142.5848332352789,1.0792803978945429,143.66411363317343
4.3225,142.50293081280927,1.1611828217283393,143.6641136345376
4.325,142.3963490879662,1.2677645491044836,143.66411363707067
4.3275,142.26505885546572,1.3990547850623827,143.66411364052811
4.33,142.10900571787565,1.5551079268002033,143.66411364467584
4.3325000000000005,141.92811268794065,1.7360009613553102,143.66411364929596
4.335,141.72228383365453,1.9418298205342437,143.66411365418878
4.3375,141.49140875485267,2.172704904320829,143.6641136591735
4.34,141.23536767767726,2.4287459864054406,143.6641136640827
4.3425,140.9540369679197,2.71007670084214,143.66411366876184
4.345,140.64729489192615,3.016818781137751,143.6641136730639
4.3475,140.3150274899792,3.349086186866045,143.66411367684523
4.3500000000000005,139.95713446740245,3.7069792125595185,143.66411367996199
4.3525,139.57353504942466,4.090578632839293,143.66411368226395
4.355,139.1641737843641,4.499939899225305,143.6641136835894
4.3575,138.7290263141815,4.9350873695760225,143.66411368375753
4.36,138.26810516099306,5.396008521566997,143.66411368256004
4.3625,137.78146560236505,5.882648077388506,143.66411367975354
4.365,137.26921172702941,6.3949019480194425,143.66411367504887
4.3675,136.73150277592504,6.9326108921796035,143.66411366810465
4.37,136.16855988056113,7.495553777958477,143.66411365851963
4.3725000000000005,135.5806733102782,8.083440335557647,143.66411364583584
4.375,134.96821032932536,8.69590330022602,143.66411362955137
4.3775,134.3316237393577,9.332489869799648,143.66411360915734
4.38,133.67146113593978,9.99265244827457,143.66411358421436
4.3825,132.98837482867282,10.675738725813506,143.66411355448633
4.385,132.28313224938785,11.380981270779795,143.66411352016763
4.3875,131.55662648286594,12.107486999360916,143.66411348222687
4.39,130.80988627785885,12.854227165034715,143.66411344289355
4.3925,130.04408451089722,13.620028895361823,143.66411340625905
4.3950000000000005,129.26054356824508,14.403569810632423,143.66411337887752
4.3975,128.46073549389985,15.203377876171594,143.66411337007145
4.4,127.64627408704324,16.017839304361228,143.66411339140447
4.4025,126.81889557201015,16.845217882565734,143.6641134545759
4.405,125.98042428113368,17.683689285954113,143.66411356708778
4.4075,125.13272038383269,18.531393342035088,143.66411372586776
4.41,124.27760850573833,19.38650540510327,143.6641139108416
4.4125000000000005,123.41678937918729,20.24732470347157,143.66411408265887
4.415,122.55174120992857,21.112372979391804,143.66411418932037
4.4175,121.6836221826444,21.980492000276048,143.66411418292046
4.42,120.81318865590067,22.85092538452199,143.66411404042267
4.4225,119.94074324355358,23.723370533167305,143.66411377672088
4.425,119.06612234308378,24.597991097769032,143.66411344085282
4.4275,118.18872485493736,25.47538824198962,143.664113096927
4.43,117.30757555785482,26.3565372432707,143.66411280112553
4.4325,116.42141077814685,27.24270180858145,143.6641125867283
4.4350000000000005,115.5287721915322,28.135340270122477,143.66411246165467
4.4375,114.62809650582147,29.036015909332825,143.6641124151543
4.44,113.71779279752629,29.94631962988231,143.6641124274086
4.4425,112.79630363382734,30.86780884358905,143.66411247741638
4.445,111.8621496042498,31.801962943253145,143.66411254750295
4.4475,110.91395907863279,32.75015354624287,143.66411262487566
4.45,109.95048601272576,33.71362668864734,143.66411270137309
4.4525,108.97061879169625,34.69349398075137,143.66411277244762
4.455,107.97338280048217,35.69073003554785,143.66411283603003
4.4575000000000005,106.95793891474617,36.70617397683153,143.6641128915777
4.46,105.923579587073,37.7405333523139,143.66411293938688
4.4625,104.86972374500375,38.7943892351363,143.66411298014006
4.465,103.79591135083234,39.86820166380675,143.6641130146391
4.4675,102.70179819831037,40.96231484534404,143.66411304365442
4.47,101.58715132601509,42.076961741840535,143.66411306785562
4.4725,100.45184529470811,43.21226779307344,143.66411308778154
4.4750000000000005,99.29585949113394,44.36825361269821,143.66411310383216
4.4775,98.11927657037442,45.544836545898136,143.66411311627257
4.48,96.92228212296169,46.741831002269905,143.6641131252316
4.4825,95.70516564379469,47.95894748690948,143.66411313070415
4.485,94.46832288144972,49.1957902510919,143.66411313254162
4.4875,93.21225965383474,50.451853476601585,143.6641131304363
4.49,91.93759722441098,51.726515899493066,143.66411312390403
4.4925,90.64507933677808,53.01903377548039,143.66411311225846
4.495,89.33558099673328,54.32853209786199,143.66411309459528
4.4975000000000005,88.01011905882788,55.65399401097254,143.6641130698004
4.5,86.6698646024131,56.994248434201,143.66411303661408
4.5025,85.31615694558363,58.34795604822307,143.6641129938067
4.505,83.95051890880794,59.71359403174861,143.66411294055655
4.5075,82.5746725547179,61.08944032243083,143.66411287714874
4.51,81.19055403507717,62.47355877104587,143.66411280612306
4.5125,79.80032530395584,63.86378742997937,143.6641127339352
4.515,78.40637926001926,65.2577334128919,143.66411267291116
4.5175,77.01133338476123,66.65277925790008,143.6641126426613
4.5200000000000005,75.61800533874012,68.04610733033532,143.66411266907545
4.5225,74.2293627601808,69.43475001779976,143.66411277798056
4.525,72.84843960848792,70.81567337239585,143.66411298088377
4.5275,71.47821414245381,72.18589911195346,143.66411325440725
4.53,70.12145031339193,73.5426632106768,143.66411352406874
4.5325,68.78051518193445,74.883598489625,143.66411367155945
4.535,67.45719763784082,76.20691594106547,143.6641135789063
4.5375000000000005,66.15256290437152,77.51155029034663,143.66411319471814
4.54,64.86687666268877,78.79723591441416,143.6641125771029
4.5425,63.59961910407557,80.06449277027832,143.6641118743539
4.545,62.34958678942695,81.31452446416552,143.66411125359247
4.5475,61.115058579317804,82.54905224987641,143.66411082919421
4.55,59.893990312953406,83.77012032093418,143.6641106338876
4.5525,58.68420427760951,84.97990635690823,143.66411063451773
4.555,57.48354995362595,86.18056081335531,143.66411076698125
4.5575,56.2900254762271,87.37408548997129,143.6641109661984
4.5600000000000005,55.10185971492626,88.56225146686546,143.66411118179172
4.5625,53.91756095073002,89.74655043082615,143.66411138155615
4.565,52.73594030699386,90.92817124145176,143.66411154844562
4.5675,51.556117764278376,92.10799391140657,143.66411167568495
4.57,50.377517092976795,93.28659466944549,143.6641117624223
4.5725,49.19985425261414,94.46425755807209,143.66411181068622
4.575,48.02312218144813,95.64098964215795,143.66411182360608
4.5775,46.847573591497465,96.8165382130907,143.66411180458817
4.58,45.673702398684576,97.99040935844974,143.66411175713432
4.5825000000000005,44.50222370480505,99.16188798026576,143.6641116850708
4.585,43.33405175159788,100.33005984141721,143.6641115930151
4.5875,42.170274949983586,101.49383653695884,143.66411148694243
4.59,41.01212693908447,102.65198443562306,143.66411137470755
4.5925,39.86095266575141,103.80315860059073,143.66411126634216
4.595,38.718168730490746,104.94594244342873,143.66411117391948
4.5975,37.585217757756055,106.07889335302765,143.66411111078372
4.6000000000000005,36.4635173346297,107.20059375541538,143.66411109004508
4.6025,35.35440508743852,108.30970603500523,143.66411112244376
4.605,34.259082615576304,109.40502859839435,143.66411121397067
4.6075,33.178562067910484,110.4855492959714,143.6641113638819
4.61,32.113619853561346,111.55049171024137,143.66411156380272
4.6125,31.064762051660168,112.59934974671498,143.66411179837513
4.615,30.032205355957018,113.63190669145541,143.66411204741243
4.6175,29.01587589318153,114.64823639581886,143.6641122890004
4.62,28.015426255860852,115.64868624684325,143.6641125027041
4.6225000000000005,27.03026902684567,116.63384364525083,143.6641126720965
4.625,26.059623404877257,117.6044893813189,143.66411278619614
4.6275,25.10257059538445,118.56154224440394,143.6641128397884
4.63,24.158113506298534,119.50599932658648,143.664112832885
4.6325,23.225236857405527,120.43887591225072,143.66411276965624
4.635,22.30296480621325,121.3611478509095,143.66411265712276
4.6375,21.39041431909134,122.27369818471216,143.6641125038035
4.64,20.4868435401893,123.17726877826804,143.66411231845734
4.6425,19.59169519812999,124.0724169108871,143.66411210901708
4.6450000000000005,18.704635599700374,124.95947628209348,143.66411188179384
4.6475,17.82559000846973,125.83852163256034,143.66411164103008
4.65,16.954775234511658,126.70933615433466,143.66411138884632
4.6525,16.09273010177817,127.57138102385355,143.6641111256317
4.655,15.240344118768206,128.42376673217913,143.66411085094734
4.6575,14.398884128806962,129.265226436239,143.66411056504597
4.66,13.570017898127785,130.09409237304968,143.66411027117746
4.6625000000000005,12.755832428840492,130.90827754999302,143.6641099788335
4.665,11.95884317684915,131.70526653101678,143.66410970786592
4.6675,11.181988284075382,132.48212120867942,143.6641094927548
4.67,10.428599530334083,133.23550985457953,143.66410938491362
4.6725,9.702339427939084,133.96177002097014,143.66410944890922
4.675,9.007092708618663,134.65701703829876,143.66410974691743
4.6775,8.34680203426704,135.31730827343745,143.66411030770448
4.68,7.725244172070798,135.9388669139079,143.6641110859787
4.6825,7.145755620720481,136.5183563141981,143.66411193491857
4.6850000000000005,6.6109348470447085,137.05317777903926,143.66411262608398
4.6875,6.122366698626195,137.54174623468498,143.66411293331117
4.69,5.6804240379343955,137.98368870760976,143.66411274554414
4.6925,5.284193510127791,138.37991862112722,143.664112131255
4.695,4.931545387158328,138.73256591479483,143.66411130195317
4.6975,4.619331385288996,139.04477911729145,143.66411050258046
4.7,4.34366504109029,139.32044486763306,143.66410990872333
4.7025,4.100228193947622,139.5638813926931,143.66410958664073
4.705,3.884555013216665,139.779554500139,143.66410951335567
4.7075000000000005,3.692263675201291,139.97184594590038,143.6641096211017
4.71,3.519225354927132,140.1448844805269,143.66410983545404
4.7125,3.361674437576414,140.30243565838248,143.6641100959589
4.715,3.2162712629355967,140.44783909894937,143.66411036188498
4.7175,3.0801307145363035,140.58397989531937,143.66411060985567
4.72,2.950828809771158,140.71328201901633,143.6641108287875
4.7225,2.8263970098952598,140.83771400513376,143.66411101502902
4.7250000000000005,2.70531139274103,140.95879977594936,143.6641111686904
4.7275,2.586481645014633,141.0776296461844,143.66411129119902
4.73,2.469243180568749,141.19486820321129,143.66411138378004
4.7325,2.3533545294186506,141.31075691709185,143.6641114465105
4.735,2.2390013468787813,141.42511013082589,143.66411147770467
4.7375,2.1268078186634014,141.53730365481752,143.66411147348092
4.74,2.0178557353892352,141.64625569212922,143.66411142751846
4.7425,1.9137109146082345,141.75040041655745,143.66411133116569
4.745,1.8164557661057665,141.84765540820655,143.66411117431232
4.7475000000000005,1.728725384398,141.93538556333644,143.66411094773443
4.75,1.6537423178190904,142.01036833004218,143.66411064786126
4.7525,1.5953418045891792,142.06876848015827,143.66411028474744
4.755,1.5579746189678896,142.1061352736342,143.66410989260208
4.7575,1.5466690435376766,142.11744049492003,143.66410953845772
4.76,1.566928242559219,142.0971810758362,143.66410931839542
4.7625,1.62453759109698,142.03957173559112,143.6641093266881
4.765,1.7252634347075448,141.93884615835861,143.66410959306617
4.7675,1.8744458057391147,141.78966421197273,143.66411001771186
4.7700000000000005,2.076523934624825,141.58758643818805,143.66411037281287
4.7725,2.334575260155191,141.32953515926806,143.66411041942325
4.775,2.6499739634774833,141.0141361137311,143.6641100772086
4.7775,3.022260739476157,140.6418487544746,143.66410949395078
4.78,3.4492582743344484,140.2148506666077,143.66410894094216
4.7825,3.927392873360566,139.7367157628577,143.66410863621826
4.785,4.452130369769936,139.21197827643414,143.66410864620408
4.7875000000000005,5.01842528548473,138.64568362081943,143.66410890630416
4.79,5.621108809411915,138.0430004881114,143.6641092975233
4.7925,6.255180470633162,137.40892923991984,143.664109710553
4.795,6.916001011629124,136.74810906186775,143.6641100734969
4.7975,7.599402458415873,136.064707893746,143.66411035216188
4.8,8.301737456986299,135.36237308197911,143.66411053896542
4.8025,9.019888572858786,134.64422206817412,143.6641106410329
4.805,9.751253823623014,133.9128568479333,143.66411067155633
4.8075,10.493719877606928,133.17039076716821,143.66411064477515
4.8100000000000005,11.245630266183232,132.418480307451,143.66411057363425
4.8125,12.005752907000101,131.65835756207375,143.66411046907385
4.815,12.773249109748711,130.89086123044203,143.66411034019075
4.8175,13.547644805319383,130.11646538948713,143.6641101948065
4.82,14.328803780831137,129.33530625936623,143.6641100401974
4.8225,15.116902045420765,128.5472078384113,143.66410988383208
4.825,15.912401982316926,127.7517077517052,143.66410973402213
4.8275,16.716024604294052,126.94808499604657,143.66410960034062
4.83,17.52871801542655,126.13539147821015,143.66410949363672
4.8325000000000005,18.35162013114867,125.31248929427858,143.66410942542726
4.835,19.186013898704218,124.47809550775452,143.66410940645875
4.8375,20.033273791282298,123.63083565313472,143.66410944441702
4.84,20.894803311578976,122.76930622949399,143.66410954107297
4.8425,21.771964662830158,121.8921450268151,143.66410968964527
4.845,22.666003530884645,120.99810634266552,143.66410987355016
4.8475,23.57797379820669,120.08613626948645,143.66411006769314
4.8500000000000005,24.508668537861162,119.15544170487702,143.6641102427382
4.8525,25.45856429582011,118.20554607569032,143.66411037151045
4.855,26.427785056599948,117.23632537882368,143.66411043542362
4.8575,27.416090311227588,116.24802011727616,143.66411042850373
4.86,28.422888650803827,115.24122170672157,143.6641103575254
4.8625,29.447274997133256,114.21683524139338,143.66411023852663
4.865,30.48808676812512,113.17602332330858,143.6641100914337
4.8675,31.54397257900567,112.12013735591808,143.66410993492374
4.87,32.6134667231941,111.05064305982023,143.66410978301434
4.8725000000000005,33.69506347472577,109.9690461690591,143.66410964378485
4.875,34.78728676648943,108.87682275331086,143.6641095198003
4.8775,35.888752530243565,107.77535687922592,143.6641094094695
4.88,36.99822254063555,106.66588676804201,143.66410930867755
4.8825,38.11464975498103,105.54945945731957,143.66410921230062
4.885,39.23721580162882,104.4268933138923,143.66410911552111
4.8875,40.36536145736592,103.29874755768479,143.6641090150507
4.89,41.498810725379954,102.16529818507283,143.6641089104528
4.8925,42.637588541185195,101.02652026454552,143.66410880573073
4.8950000000000005,43.78203124920809,99.88207746196119,143.66410871116926
4.8975,44.93278787096769,98.73132077404236,143.66410864501006
4.9,46.09080894221077,97.57329969170323,143.664108633914
4.9025,47.257318563138654,96.4067901472653,143.66410871040395
4.905,48.43376470205279,95.23034420311436,143.66410890516715
4.9075,49.621743349112684,94.04236588421477,143.66410923332745
4.91,50.8228945656592,92.84121511195607,143.66410967761527
4.9125000000000005,52.03877330425311,91.62533687281893,143.66411017707205
4.915,53.270704753892296,90.39340587921325,143.66411063310554
4.9175,54.51964121186905,89.1444697269813,143.66411093885034
4.92,55.78604215824401,87.87806886369603,143.66411102194004
4.9225,57.06979831172264,86.59431256477245,143.6641108764951
4.925,58.37021287603868,85.29389768737218,143.66411056341087
4.9275,59.686041042377525,83.97806913724747,143.664110179625
4.93,61.0155766438021,82.64853317374366,143.66410981754575
4.9325,62.35676710196301,81.30734243543839,143.6641095374014
4.9350000000000005,63.70733638758069,79.95677297341595,143.66410936099663
4.9375,65.06489954293158,78.59920973806993,143.66410928100152
4.94,66.42705863518131,77.23705063999518,143.6641092751765
4.9425,67.79147619355052,75.87263312450895,143.66410931805947
4.945,69.15592672735119,74.5081826602948,143.664109387646
4.9475,70.51832948716813,73.14577998061696,143.6641094677851
4.95,71.87676658207081,71.7873429659596,143.6641095480304
4.9525,73.22949048715974,70.43461913526349,143.6641096224232
4.955,74.57492438656328,69.08918530153682,143.6641096881001
4.9575000000000005,75.91165804911512,67.75245169500653,143.66410974412165
4.96,77.23844122158081,66.4256685690427,143.6641097906235
4.9625,78.55417593055347,65.10993389770613,143.6641098282596
4.965,79.85790862748908,63.80620123037548,143.66410985786456
4.9675,81.1488227791167,62.51528710114373,143.6641098802604
4.97,82.42623227374881,61.237877622409584,143.66410989615838
4.9725,83.689575857851,59.97453404825938,143.66410990611038
4.9750000000000005,84.93841271490462,58.7256971955842,143.66410991048883
4.9775,86.17241923261496,57.49169067686507,143.66410990948003
4.98,87.39138696134484,56.27272294173338,143.6641099030782
4.9825,88.59522173575806,55.068888155328125,143.66410989108618
4.985,89.78394390437677,53.880165968735696,143.66410987311247
4.9875,90.957689580515,52.7064202680622,143.6641098485772
4.99,92.116712785193,51.54739703153956,143.66410981673255
4.9925,93.26138828994476,50.4027214867679,143.66410977671268
4.995,94.39221487541462,49.27189485222347,143.6641097276381
4.9975000000000005,95.50981858944591,48.1542910793606,143.6641096688065
5.0,96.61495540438487,47.04915419562671,143.66410960001159
5.0025,97.70851242711564,45.95559709491715,143.6641095220328
5.005,98.79150650200728,44.87260293531324,143.66410943732052
5.0075,99.86507867513163,43.79903067570585,143.66410935083746
5.01,100.93048259290082,42.73362667799789,143.6641092708987
5.0125,101.98906456894356,41.67504464069556,143.66410920963912
5.015,103.04223291207106,40.62187627044254,143.66410918251358
5.0175,104.09141438031764,39.572694825764614,143.66410920608226
5.0200000000000005,105.1379965767778,38.5261127168494,143.66410929362718
5.0225,106.18325696694829,37.48085248214533,143.66410944909362
5.025,107.22828201978042,36.43582764168062,143.66410966146105
5.0275,108.27388340526637,35.3902264977572,143.6641099030236
5.03,109.32052133862052,34.34358879595864,143.66411013457918
5.0325,110.36824675487992,33.29586356234137,143.6641103172213
5.035,111.41667283256909,32.247437593221726,143.66411042579082
5.0375000000000005,112.4649820954219,31.19912836146271,143.6641104568846
5.04,113.51196886458894,30.152141562660695,143.66411042724962
5.0425,114.55611025435893,29.10800011003368,143.6641103643926
5.045,115.59565436685705,28.0684559285141,143.66411029537116
5.0475,116.62871305454023,27.035397184653185,143.6641102391934
5.05,117.65334838486314,26.01076181980583,143.66411020466896
5.0525,118.6676455299446,24.99646466236907,143.66411019231367
5.055,119.66976874800423,23.9943414498084,143.66411019781262
5.0575,120.65800035724533,23.00610985790829,143.6641102151536
5.0600000000000005,121.63076468017708,22.03334555847112,143.6641102386482
5.0625,122.5866399048415,21.07747035901875,143.66411026386027
5.065,123.52436096431029,20.139749323479265,143.66411028778955
5.0675,124.44281621476819,19.2212940939097,143.6641103086779
5.07,125.34104016640819,18.32307015928027,143.66411032568845
5.0725,126.21820396493194,17.44590637366599,143.66411033859794
5.075,127.07360482615113,16.590505521399,143.66411034755012
5.0775,127.90665522677669,15.757455126109374,143.66411035288607
5.08,128.71687235324035,14.947238001791153,143.6641103550315
5.0825000000000005,129.50386809457606,14.160242259858268,143.66411035443434
5.085,130.26733971735905,13.396770634171377,143.66411035153044
5.0875,131.00706126344826,12.657049083278544,143.6641103467268
5.09,131.72287565040958,11.941234689990738,143.66411034040033
5.0925,132.4146874188193,11.249422914078213,143.66411033289754
5.095,133.0824560519771,10.581654272563394,143.66411032454047
5.0975,133.72618978599067,9.937920529640209,143.66411031563086
5.1000000000000005,134.34593982777946,9.318170478676194,143.66411030645565
5.1025,134.94179490256764,8.722315394720608,143.66411029728823
5.105,135.51387605923117,8.15023422916079,143.66411028839195
5.1075,136.06233167032494,7.601778609694781,143.6641102800197
5.11,136.58733257318883,7.076777699222343,143.66411027241116
5.1125,137.08906730888646,6.575042956902741,143.6641102657892
5.115,137.5677374267584,6.096372833595982,143.6641102603544
5.1175,138.0235528340872,5.640557422190984,143.6641102562782
5.12,138.45672718282228,5.207383070871136,143.66411025369342
5.1225000000000005,138.86747329856857,4.796636954115781,143.66411025268434
5.125,139.25599867110338,4.408111582174345,143.66411025327773
5.1275,139.62250104046538,4.041609214967378,143.66411025543275
5.13,139.96716412792446,3.696946131109268,143.66411025903372
5.1325,140.29015357642731,3.3739566874588443,143.66411026388616
5.135,140.59161317973275,3.072497089983469,143.66411026971622
5.1375,140.87166149244578,2.7924487837334144,143.6641102761792
5.14,141.1303889232908,2.5337213595797112,143.66411028287052
5.1425,141.3678554198867,2.296254869461758,143.66411028934846
5.1450000000000005,141.58408885351056,2.080021441649688,143.66411029516024
5.1475,141.77908420565498,1.885026094219119,143.6641102998741
5.15,141.95280364369688,1.7113066594160848,143.66411030311298
5.1525,142.10517755054286,1.5589327540408802,143.66411030458374
5.155,142.236106543399,1.4280037607021616,143.66411030410114
5.1575,142.34546448149624,1.3186458201045321,143.66411030160077
5.16,142.43310242430633,1.2310078728311806,143.6641102971375
5.1625000000000005,142.4988534637792,1.1652568270931938,143.6641102908724
5.165,142.5425383199411,1.1215719631056125,143.6641102830467
5.1675,142.5639715621135,1.1001387118345183,143.664110273948
5.17,142.56296830056223,1.1011419633125157,143.66411026387476
5.1725,142.53935118693843,1.1247590661618951,143.66411025310032
5.175,142.4929575664857,1.1711526753595958,143.6641102418453
5.1775,142.4236466393538,1.2404635909019355,143.66411023025572
5.18,142.3313065101632,1.3328037082320694,143.66411021839525
5.1825,142.21586103110297,1.4482491751373636,143.66411020624034
5.1850000000000005,142.0772763710258,1.5868338226624954,143.6641101936883
5.1875,141.91556726785626,1.7485429127100491,143.6641101805663
5.19,141.73080294124588,1.9333072254003716,143.66411016664625
5.1925,141.5231126541451,2.140997497514532,143.66411015165963
5.195,141.29269091366368,2.3714192216496364,143.6641101353133
5.1975,141.03980229128194,2.624307826028784,143.66411011731074
5.2,140.76478581826296,2.899324279108811,143.66411009737178
5.2025,140.46805887208978,3.1960512031737944,143.66411007526358
5.205,140.1501204117756,3.5139896390661316,143.6641100508417
5.2075000000000005,139.8115533419811,3.8525566821234056,143.6641100241045
5.21,139.4530256865188,4.211084308748641,143.66410999526744
5.2125,139.0752901310747,4.588819833778412,143.6641099648531
5.215,138.67918135620798,4.984928577584124,143.6641099337921
5.2175,138.26561043409873,5.398499469411321,143.66410990351005
5.22,137.835555424777,5.82855445118585,143.66410987596285
5.2225,137.39004721173302,6.274062641823807,143.66410985355682
5.2250000000000005,136.93014961169607,6.733960227182434,143.6641098388785
5.2275,136.45693294453287,7.207176889632343,143.6641098341652
5.23,135.97144063178808,7.692669208728383,143.66410984051646
5.2325,135.47464907177573,8.189460785198724,143.66410985697445
5.235,134.96742203702453,8.696687842765769,143.66410987979032
5.2375,134.45046208937566,9.213647812954017,143.66410990232967
5.24,133.9242628147212,9.739847101323493,143.6641099160447
5.2425,133.38906671782462,10.275043194743866,143.66410991256848
5.245,132.84483399542222,10.819275890976082,143.6641098863983
5.2475000000000005,132.29122680134333,11.372883035753652,143.664109837097
5.25,131.7276119495287,11.93649782039744,143.66410976992614
5.2525,131.15308253744652,12.51102715704124,143.66410969448776
5.255,130.5664962904093,13.097613331515383,143.6641096219247
5.2575,129.96652621164137,13.697583350256537,143.6641095618979
5.26,129.35171789899454,14.312391621507997,143.66410952050254
5.2625,128.72054783390962,14.943561665738194,143.66410949964782
5.265,128.07147787353614,15.592631624165822,143.66410949770196
5.2675,127.40300266748181,16.26110684331541,143.66410951079723
5.2700000000000005,126.71368832636131,16.950421207829002,143.66410953419032
5.2725,126.00220205197454,17.661907511316866,143.6641095632914
5.275,125.26733342866295,18.39677616559381,143.66410959425676
5.2775,124.50800865000625,19.156100974190274,143.66410962419653
5.28,123.72329918403952,19.940810467089417,143.66410965112894
5.2825,122.91242636799757,20.751683305811376,143.66410967380895
5.285,122.07476327088588,21.589346420631536,143.6641096915174
5.2875000000000005,121.20983494711419,22.45427475674729,143.66410970386147
5.29,120.31731797857324,23.346791732040646,143.6641097106139
5.2925,119.39703999447326,24.26706971711472,143.66410971158797
5.295,118.44897967989138,25.21513002665734,143.66410970654871
5.2975,117.4732676362233,26.1908420589319,143.6641096951552
5.3,116.47018833411376,27.193921342811116,143.66410967692488
5.3025,115.44018329281104,28.223926358414005,143.66410965122503
5.305,114.3838555178929,29.280254099403194,143.6641096172961
5.3075,113.30197511908271,30.362134455233985,143.66410957431668
5.3100000000000005,112.19548589715873,31.46862362437715,143.6641095215359
5.3125,111.06551251829451,32.59859694020223,143.66410945849674
5.315,109.9133676697883,33.75074171559558,143.66410938538388
5.3175,108.74055829907275,34.92355100444594,143.66410930351867
5.32,107.54878967062552,36.115319545369665,143.66410921599518
5.3225,106.33996554000495,37.32414358837828,143.66410912838325
5.325,105.11618227496994,38.54792677433545,143.6641090493054
5.3275,103.87971432841093,39.784394662137274,143.6641089905482
5.33,102.63298822426243,41.031120741948605,143.66410896621105
5.3325000000000005,101.37854235903933,42.28556663137255,143.66410899041188
5.335,100.11897069495517,43.545138378453835,143.664109073409
5.3375,98.85685004540943,44.80725917137663,143.66410921678607
5.34,97.59465319383382,46.06945621561358,143.6641094094474
5.3425,96.33465329146364,47.32945633539999,143.66410962686362
5.345,95.07882817922413,48.58528165618358,143.66410983540771
5.3475,93.8287754620026,49.835334539337694,143.6641100013403
5.3500000000000005,92.5856493102599,51.07846079083414,143.66411010109402
5.3525,91.35012755119762,52.3139825769487,143.66411012814632
5.355,90.12241301016101,53.54169708317045,143.66411009333146
5.3575,88.90226751631567,54.7618425027392,143.66411001905487
5.36,87.68907210397776,55.975037826861815,143.66410993083957
5.3625,86.4819039866762,57.18220586344394,143.66410985012016
5.365,85.27962029437955,58.3844894961216,143.66410979050116
5.3675,84.08093995077837,59.58316980670412,143.6641097574825
5.37,82.88451756248415,60.779592187856004,143.66410975034015
5.3725000000000005,81.68900590674068,61.975103857935856,143.66410976467654
5.375,80.49310591776538,63.171003876873954,143.66410979463933
5.3775,79.29560470564243,64.36850512877429,143.6641098344167
5.38,78.09540308553085,65.56870679348995,143.6641098790208
5.3825,76.89153448447253,66.77257544007676,143.66410992454928
5.385,75.68317710650845,67.98093286163254,143.664109968141
5.3875,74.46966103399231,69.19444897379435,143.66411000778666
5.39,73.25047164177832,70.41363840032302,143.66411004210136
5.3925,72.02525037619316,71.6388596939171,143.66411007011027
5.3950000000000005,70.79379364340606,72.87031644766418,143.66411009107026
5.3975,69.55605028030124,74.10805982403436,143.66411010433558
5.4,68.31211785042652,75.35199225883368,143.6641101092602
5.4025,67.06223781719042,76.60187228795087,143.66411010514128
5.405,65.80678949377821,77.85732059741885,143.66411009119707
5.4075,64.54628255323294,79.117827513354,143.66411006658694
5.41,63.28134780444083,80.38276222603491,143.66411003047574
5.4125000000000005,62.01272590527687,81.65138407687527,143.66410998215213
5.415,60.741253700375196,82.92285622082488,143.66410992120007
5.4175,59.467847946471636,84.19626190125452,143.66410984772614
5.42,58.19348632990413,85.4706234327216,143.66410976262574
5.4225,56.91918589034107,86.74492377751157,143.66410966785264
5.425,55.64597923447204,88.01813033217485,143.66410956664689
5.4275,54.37488923278922,89.28922023085752,143.66410946364675
5.43,53.10690320723944,90.55720615758227,143.6641093648217
5.4325,51.84294789114733,91.82116138602129,143.66410927716862
5.4350000000000005,50.583866624374004,93.08024258379092,143.66410920816492
5.4375,49.33040029107542,94.33370887394463,143.66410916502005
5.44,48.08317338802368,95.58093576581771,143.6641091538414
5.4425,46.84268632967811,96.82142284917528,143.66410917885338
5.445,45.609314685126094,98.05479455670286,143.66410924182895
5.4475,44.38331556080644,99.28079378102595,143.6641093418324
5.45,43.16484086395846,100.49926861135626,143.66410947531472
5.4525,41.95395677357817,101.7101528629326,143.66410963651077
5.455,40.750668458065476,102.91344135996344,143.66410981802892
5.4575000000000005,39.554948933409335,104.10916107808848,143.66411001149783
5.46,38.36677094506982,105.29733926308127,143.6641102081511
5.4625,37.1861408489067,106.47796955034433,143.66411039925103
5.465,36.0131336143713,107.65097696195792,143.66411057632922
5.4675,34.847928222244434,108.81618250899922,143.66411073124365
5.47,33.69084282393489,109.97326803217699,143.66411085611188
5.4725,32.542369015325804,111.12174192787612,143.66411094320193
5.4750000000000005,31.40320440270696,112.26090658218824,143.66411098489522
5.4775,30.27428225110785,113.38982872273886,143.6641109738467
5.48,29.156796364044993,114.50731453943064,143.66411090347563
5.4825,28.052218430317573,115.61189233853383,143.6641107688514
5.485,26.962303928715144,116.70180663919038,143.66411056790554
5.4875,25.889081461778076,117.7750288408445,143.6641103026226
5.49,24.83481944197684,118.82929053758888,143.66410997956572
5.4925,23.801963975276422,119.86214563375239,143.6641096090288
5.495,22.793043396094696,120.87106580663578,143.6641092027305
5.4975000000000005,21.81053900779291,121.85356976366523,143.66410877145813
5.5,20.856728440349222,122.80737988513769,143.66410832548692
5.5025,19.933516684092766,123.7305911956754,143.66410787976815
5.505,19.042277692358596,124.62182976916642,143.66410746152502
5.5075,18.183732811106054,125.48037430185497,143.664107112961
5.51,17.35788830721816,126.30621857546892,143.66410688268707
5.5125,16.564042981076955,127.10006382696888,143.66410680804583
5.515,15.800861956796675,127.86324494231673,143.6641068991134
5.5175,15.066499812044839,128.5976073225171,143.66410713456193
5.5200000000000005,14.358749552375347,129.305357918258,143.66410747063335
5.5225,13.675194521333369,129.9889133349651,143.66410785629847
5.525,13.01334606715582,130.65076217926156,143.66410824641738
5.5275,12.370757370639577,131.29335123806288,143.66410860870246
5.53,11.74511060863508,131.91899831607185,143.66410892470694
5.5325,11.134279295129183,132.52982989210074,143.6641091872299
5.535,10.536370106005622,133.12773929053483,143.66410939654045
5.5375000000000005,9.94974927766066,133.71436027925134,143.664109556912
5.54,9.373058436030085,134.2910512380193,143.66410967404937
5.5425,8.805224004444465,134.85888574898289,143.66410975342734
5.545,8.245463507930005,135.41864629138627,143.66410979931626
5.5475,7.693291322554446,135.97081849168407,143.66410981423851
5.55,7.148525779767072,136.5155840188702,143.66410979863727
5.5525,6.611299026012825,137.05281072461077,143.6641097506236
5.555,6.082070614996608,137.58203905075862,143.66410966575523
5.5575,5.561645404016205,138.1024641328833,143.66410953689953
5.5600000000000005,5.05119583994388,138.6129135144574,143.6641093544013
5.5625,4.552288022783037,139.11182108422247,143.66410910700552
5.565,4.06690984718868,139.59719893715445,143.6641087843431
5.5675,3.5974978162651006,140.06661056586302,143.66410838212812
5.57,3.146956543460797,140.51715136779907,143.66410791125986
5.5725,2.7186613269083235,140.9454460839108,143.66410741081913
5.575,2.3164296337402988,141.34767732731817,143.66410696105845
5.5775,1.9444427891487477,141.7196638957572,143.66410668490596
5.58,1.6070969699409035,142.05700974858325,143.66410671852415
5.5825000000000005,1.3087669216751,142.35534021471494,143.66410713639004
5.585,1.0534817001741248,142.6106261531438,143.66410785331794
5.5875,0.8445414182536957,142.8195671684752,143.6641085867289
5.59,0.6841408177187976,142.9799681536187,143.6641089713375
5.5925,0.5730908264478516,143.09101796748675,143.6641087939346
5.595,0.5107206855015182,143.15338746664068,143.6641081521422
5.5975,0.4949941030823488,143.16911327452385,143.6641073776062
5.6000000000000005,0.5228050069017569,143.14130179726484,143.6641068041666
5.6025,0.590368772314316,143.0737378228644,143.6641065951787
5.605,0.6936159855577562,142.97049074482197,143.66410673037973
5.6075,0.8285217904182882,142.83558530089255,143.66410709131083
5.61,0.9913418715927474,142.67276567689407,143.6641075484868
5.6125,1.178756743708206,142.48535126276417,143.66410800647236
5.615,1.3879422125652403,142.27616619922833,143.66410841179356
5.6175,1.6165879756344237,142.04752076755162,143.66410874318603
5.62,1.8628836615797315,141.80122533695425,143.66410899853398
5.6225000000000005,2.125486574824591,141.5386226097989,143.66410918462347
5.625,2.403480470898718,141.26062883988726,143.664109310786
5.6275,2.696330790083256,140.9677785954768,143.66410938556007
5.63,3.0038390510673922,140.6602703641625,143.6641094152299
5.6325,3.326097363419236,140.33801203995458,143.6641094033738
5.635,3.6634430087266976,140.00066634219837,143.66410935092506
5.6375,4.016412559216626,139.64769669729867,143.6641092565153
5.64,4.385694908107703,139.27841420895328,143.66410911706097
5.6425,4.772082788454122,138.89202614018825,143.66410892864238
5.6450000000000005,5.176422795145794,138.48768589260445,143.66410868775023
5.6475,5.599564537882378,138.06454385503022,143.6641083929126
5.65,6.042310260659171,137.62179778591104,143.66410804657022
5.6525,6.505366952297464,137.1587407045804,143.66410765687786
5.655,6.989303501103062,136.67480373782044,143.6641072389235
5.6575,7.494515668974202,136.16959114583534,143.66410681480954
5.66,8.021201466785145,135.64290494541194,143.6641064121971
5.6625000000000005,8.56934887462723,135.09475718668185,143.66410606130907
5.665,9.138736845584555,134.5253689453075,143.66410579089205
5.6675,9.728949337526082,133.93515628649445,143.66410562402052
5.67,10.339400964640365,133.32470461009513,143.6641055747355
5.6725,10.969371964729447,132.69473368152507,143.6641056462545
5.675,11.618049677718203,132.0460561532946,143.6641058310128
5.6775,12.284573654557875,131.37953245775338,143.66410611231126
5.68,12.96808179259455,130.69602467441055,143.6641064670051
5.6825,13.667755390966832,129.99635147760407,143.6641068685709
5.6850000000000005,14.38286159137684,129.28124569859418,143.664107289971
5.6875,15.112792193504855,128.55131551242422,143.66410770592907
5.69,15.857098230483018,127.80700986395397,143.66410809443698
5.6925,16.615519920218908,127.04858851728355,143.66410843750245
5.695,17.388011665105783,126.27609705616489,143.66410872127068
5.6975,18.174761664048493,125.4893472716898,143.66410893573828
5.7,18.976205440964076,124.68790363333622,143.66410907430028
5.7025,19.79303220099245,123.87107693235995,143.6641091333524
5.705,20.626182428247937,123.03792668386865,143.6641091121166
5.7075000000000005,21.476834592318056,122.18727442043345,143.6641090127515
5.71,22.346378339849345,121.31773050082325,143.66410884067258
5.7125,23.23637129194792,120.4277373128831,143.66410860483103
5.715,24.148476815765562,119.51563150181701,143.6641083175826
5.7175,25.08438122510576,118.57972676869963,143.66410799380537
5.72,26.04569110507288,117.61841654420273,143.66410764927562
5.7225,27.033814963852627,116.63029233505341,143.66410729890603
5.7250000000000005,28.049837856478906,115.61426909947531,143.66410695595422
5.7275,29.094402021301182,114.56970461171505,143.66410663301625
5.73,30.16760935970164,113.49649698453842,143.66410634424005
5.7325,31.26896113912835,112.39514496748288,143.66410610661123
5.735,32.39734576621812,111.26676017186026,143.66410593807836
5.7375,33.55107756135722,110.1130282911124,143.66410585246962
5.74,34.72798042245719,108.93612543145552,143.6641058539127
5.7425,35.925502954403754,107.73860297983532,143.66410593423907
5.745,37.14084815323662,106.52325792163377,143.6641060748704
5.7475000000000005,38.37110150067187,105.29300475124353,143.6641062519154
5.75,39.61334521657695,104.05076122524,143.66410644181695
5.7525,40.86475159362244,102.79935503178459,143.66410662540702
5.755,42.122653164341855,101.54145362529135,143.6641067896332
5.7575,43.38459099312777,100.27951593423202,143.6641069273598
5.76,44.648344425600115,99.01576261050573,143.66410703610586
5.7625,45.91194640527857,97.75216071120646,143.664107116485
5.765,47.17368839496949,96.49041877584779,143.66410717081726
5.7675,48.43211840955908,95.23198879254181,143.6641072021009
5.7700000000000005,49.68603496566217,93.97807224768684,143.664107213349
5.7725,50.93447905578502,92.72962815143714,143.66410720722217
5.775,52.176725644658276,91.48738154120653,143.6641071858648
5.7775,53.41227568906855,90.25183146180552,143.6641071508741
5.78,54.64084929290777,89.02325781044044,143.66410710334821
5.7825,55.86238030379829,87.80172674018715,143.66410704398544
5.785,57.077012408384164,86.58709456484316,143.66410697322732
5.7875000000000005,58.28509656121908,85.3790103302333,143.66410689145238
5.79,59.48718935933552,84.17691743990592,143.66410679924144
5.7925,60.68405172533755,82.98005497240001,143.66410669773757
5.795,61.876646964034165,81.78745962508489,143.66410658911906
5.7975,63.066136895721215,80.59796958146698,143.6641064771882
5.8,64.2538743409845,79.41023202702071,143.6641063680052
5.8025,65.44138975983408,78.22271651057298,143.66410627040705
5.805,66.6303693959636,77.03373680011643,143.66410619608
5.8075,67.82262197063224,75.84148418806487,143.6641061586971
5.8100000000000005,69.02003101319701,74.644075158366,143.664106171563
5.8125,70.2244905818408,73.43961566163235,143.66410624347316
5.815,71.43782371215198,72.22628266114275,143.66410637329471
5.8175,72.66168561766392,71.00242092744864,143.66410654511256
5.82,73.89745733181299,69.76664939520084,143.66410672701383
5.8225,75.14613949334175,68.51796738306582,143.66410687640757
5.825,76.40825915350422,67.25584779861956,143.66410695212377
5.8275,77.68380337902057,65.98030355010438,143.66410692912496
5.83,78.9721909846802,64.69191582389391,143.6641068085741
5.8325000000000005,80.27228801171046,63.39181860581975,143.6641066175302
5.835,81.5824650207097,62.08164137766482,143.66410639837454
5.8375,82.9006872159664,60.76341897790093,143.66410619386733
5.84,84.22462397812086,59.4394820570221,143.66410603514296
5.8425,85.5517635033432,58.11234243340873,143.66410593675192
5.845,86.87952047268946,56.784585425629714,143.66410589831918
5.8475,88.20532864772699,55.45877726203376,143.66410590976074
5.8500000000000005,89.52671453049811,54.13739142639866,143.66410595689678
5.8525,90.84135170437695,52.8227543212498,143.66410602562675
5.855,92.14709776035693,51.51700834385457,143.6641061042115
5.8575,93.44201685523873,50.222089328788506,143.66410618402725
5.86,94.72439122713851,48.93971503225316,143.66410625939167
5.8625,95.99272474027333,47.67138158670606,143.66410632697938
5.865,97.24574101853935,46.41836536661833,143.66410638515768
5.8675,98.48237814018302,45.18172829322275,143.66410643340578
5.87,99.70178130723478,43.96232516464493,143.6641064718797
5.8725000000000005,100.90329441867007,42.76081208244631,143.66410650111638
5.875,102.08645107585173,41.577655446002865,143.6641065218546
5.8775,103.25096522544032,40.4131413095016,143.66410653494194
5.88,104.39672138551337,39.26738515578923,143.6641065413026
5.8825,105.52376419308926,38.14034234884501,143.66410654193427
5.885,106.63228684894763,37.03181968897023,143.66410653791786
5.8875,107.72261791946218,35.94148861094989,143.66410653041208
5.89,108.79520589477403,34.86890062583708,143.6641065206111
5.8925,109.85060091577468,33.8135055938818,143.66410650965648
5.8950000000000005,110.88943319215609,32.774673306335835,143.66410649849192
5.8975,111.91238786277043,31.751718624919967,143.6641064876904
5.9,112.92017640984699,30.743930067453995,143.66410647730098
5.9025,113.91350521970477,29.750601247084255,143.66410646678904
5.905,114.89304243940123,28.77106401574528,143.6641064551465
5.9075,115.85938482650445,27.804721614694085,143.66410644119853
5.91,116.81302671164784,26.851079712408165,143.664106424056
5.9125000000000005,117.75433336821659,25.909773035358405,143.664106403575
5.915,118.68352092024772,24.98058546039629,143.664106380644
5.9175,119.60064439901464,24.06346195814481,143.66410635715945
5.92,120.50559475239183,23.158511583280955,143.66410633567278
5.9225,121.39810466954862,22.26600164927823,143.66410631882684
5.925,122.27776219344506,21.38634411533078,143.66410630877584
5.9275,123.14403042066202,20.52007588611753,143.66410630677956
5.93,123.99627123040477,19.667835082648853,143.66410631305362
5.9325,124.8337709547373,18.830335372140393,143.6641063268777
5.9350000000000005,125.65576614003749,18.00834020682253,143.66410634686002
5.9375,126.4614679550819,17.20263841618022,143.6641063712621
5.94,127.25008426866947,16.4140221296185,143.66410639828797
5.9425,128.02083886463492,15.643267561656138,143.66410642629106
5.945,128.77298763147925,14.891118822414384,143.66410645389362
5.9475,129.5058318354615,14.158274644563942,143.66410648002542
5.95,130.2187287606717,13.445377743237886,143.66410650390958
5.9525,130.91110009145436,12.753006433565005,143.66410652501935
5.955,131.58243844091976,12.081668102105867,143.66410654302564
5.9575000000000005,132.23231241311464,11.43179414463302,143.66410655774766
5.96,132.86037054135315,10.803736027762382,143.66410656911552
5.9625,133.4663443824752,10.197762194673688,143.66410657714889
5.965,134.0500509733915,9.614055608564795,143.6641065819563
5.9675,134.61139477561494,9.052711808137461,143.6641065837524
5.97,135.15036914640922,8.513737436488524,143.66410658289774
5.9725,135.66705728091665,7.997049299040629,143.6641065799573
5.9750000000000005,136.16163246698193,7.502474108793714,143.66410657577563
5.9775,136.63435738304392,7.029749188512166,143.6641065715561
5.98,137.08558205173583,6.578524517188779,143.6641065689246
5.9825,137.51573994472187,6.148366625223295,143.66410656994518
5.985,137.92534163200185,5.7387649450301765,143.66410657703202
5.9875,138.31496530510003,5.349141287610896,143.66410659271094
5.99,138.68524351221404,4.978863106958776,143.66410661917283
5.9925,139.03684556679463,4.627261090832337,143.66410665762697
5.995,139.37045537157928,4.29365133596185,143.66410670754112
5.9975000000000005,139.68674486536213,3.9773619006239977,143.66410676598613
6.0,139.98634394043356,3.6777628869741044,143.66410682740766
6.0025,140.2698084262915,3.394298457840018,143.6641068841315
6.005,140.53758845213594,3.126518475601313,143.66410692773724
6.0075,140.78999999599696,2.8741069550428424,143.6641069510398
6.01,141.02720251015305,2.636904439909153,143.6641069500622
6.0125,141.2491850633059,2.4149218619229083,143.66410692522882
6.015000000000001,141.45576248483636,2.208344396433252,143.66410688126962
6.0175,141.64658172111388,2.0175251047574196,143.6641068258713
6.0200000000000005,141.82113731261202,1.842969455037847,143.66410676764988
6.0225,141.97879387209753,1.6853128421107995,143.66410671420832
6.025,142.11881288670267,1.5452937841747527,143.66410667087743
6.0275,142.24038112375825,1.4237255165657383,143.66410664032398
6.03,142.34263829535612,1.3214683275137704,143.6641066228699
6.0325,142.42470225564193,1.239404361546724,143.66410661718865
6.035,142.4856906882417,1.1784159328258803,143.6641066210676
6.0375000000000005,142.5247388538349,1.139367778199086,143.66410663203396
6.04,142.54101343689476,1.1230932108757734,143.66410664777052
6.0425,142.5337228381909,1.1303838281412038,143.6641066663321
6.045,142.50212442391287,1.1619822623007545,143.66410668621364
6.0475,142.44552929780923,1.2185774085165928,143.6641067063258
6.05,142.36330514637785,1.3008015795519958,143.66410672592986
6.0525,142.25487765017976,1.4092290943760628,143.66410674455582
6.055,142.11973087984845,1.544375882080226,143.66410676192868
6.0575,141.95740701829553,1.7066997596095002,143.66410677790503
6.0600000000000005,141.76750567960318,1.8966011128221016,143.6641067924253
6.0625,141.549683034184,2.114423771294541,143.66410680547855
6.065,141.3036509001822,2.3604559168953405,143.66410681707754
6.0675,141.02917592233928,2.6349309049034444,143.66410682724273
6.07,140.72607893040325,2.9380279055872878,143.66410683599054
6.0725,140.39423454811998,3.2698722952068966,143.6641068433269
6.075,140.03357110937407,3.6305357398670677,143.66410684924114
6.077500000000001,139.64407092879543,4.020035924907832,143.66410685370326
6.08,139.2257709688981,4.4383358877621335,143.66410685666023
6.0825000000000005,138.7787639435581,4.885342914473738,143.66410685803183
6.085,138.30319989743222,5.360906960276118,143.66410685770833
6.0875,137.7992883018613,5.864818553684355,143.66410685554567
6.09,137.2673007089404,6.39680614242063,143.66410685136105
6.0925,136.7075740055676,6.956532839362918,143.66410684493053
6.095,136.12051430684826,7.543592529138948,143.6641068359872
6.0975,135.50660152107469,8.157505303151531,143.66410682422622
6.1000000000000005,134.8663946035351,8.797712205780117,143.66410680931523
6.1025,134.20053748934953,9.463569301576603,143.66410679092613
6.105,133.5097656503242,10.154341118464142,143.66410676878834
6.1075,132.79491314941157,10.869193593375098,143.66410674278666
6.11,132.05691995815306,11.607186754963031,143.6641067131161
6.1125,131.29683914470337,12.367267535812434,143.6641066805158
6.115,130.51584331867286,13.148263327917611,143.66410664659048
6.1175,129.71522942206425,13.948877192142234,143.6641066142065
6.12,128.89642057932252,14.767686008561537,143.66410658788405
6.1225000000000005,128.0609632801544,15.603143293849687,143.66410657400408
6.125,127.2105177198905,16.45358886061812,143.66410658050862
6.1275,126.34683877693108,17.317267838694733,143.66410661562583
6.13,125.47174505701591,18.192361628186415,143.6641066852023
6.1325,124.58707394700247,19.07703284163721,143.66410678863969
6.135,123.69462198518369,19.96948492926888,143.66410691445256
6.1375,122.79607224577015,20.868034792061643,143.6641070378318
6.140000000000001,121.8929137041247,21.771193419184733,143.66410712330944
6.1425,120.98636103165356,22.677746102557826,143.66410713421138
6.1450000000000005,120.0772857850284,23.586821261559066,143.66410704658745
6.1475,119.16617018230308,24.49793667865611,143.66410686095918
6.15,118.25309183714741,25.4110147675101,143.66410660465752
6.1525,117.33774238558911,26.326363936996785,143.6641063225859
6.155,116.41947654784539,27.24462951355403,143.66410606139942
6.1575,115.49738295644278,28.166722899045787,143.66410585548857
6.16,114.5703655832301,29.093740137325955,143.66410572055605
6.1625000000000005,113.63722508395531,30.0268805711913,143.6641056551466
6.165,112.69673199506047,30.967373651665007,143.6641056467255
6.1675,111.74768714888934,31.916418529476616,143.66410567836596
6.17,110.78896780980006,32.87513792387165,143.6641057336717
6.1725,109.81956028328777,33.844545516062226,143.66410579935
6.175,108.83858100942447,34.82552485649805,143.66410586592252
6.1775,107.84528860667935,35.81881732067329,143.66410592735264
6.18,106.83908926170196,36.82501671854406,143.664105980246
6.1825,105.81953751617212,37.844568506841505,143.66410602301363
6.1850000000000005,104.78633406074955,38.877771994428954,143.6641060551785
6.1875,103.73932171198172,39.92478436489826,143.66410607688
6.19,102.67848036911047,40.98562571944262,143.6641060885531
6.1925,101.60392143815386,42.060184652594074,143.66410609074794
6.195,100.51588196648038,43.14822411757234,143.66410608405272
6.1975,99.41471854111296,44.249387527977596,143.66410606909056
6.2,98.30090085580781,45.36320519076037,143.66410604656818
6.202500000000001,97.17500473521451,46.489101282148894,143.6641060173634
6.205,96.03770431239073,47.62640167024806,143.66410598263877
6.2075000000000005,94.88976298622214,48.77434295774552,143.66410594396766
6.21,93.73202274015225,49.93208316330135,143.6641059034536
6.2125,92.56539139005758,51.0987144737565,143.6641058638141
6.215,91.39082735846387,52.27327846992893,143.6641058283928
6.2175,90.2093216590445,53.45478414200468,143.66410580104917
6.22,89.02187693458882,54.642228851299556,143.66410578588838
6.2225,87.82948363476899,55.83462215203279,143.66410578680177
6.2250000000000005,86.63309374888466,57.031012057951564,143.66410580683623
6.2275,85.4335929083946,58.23051293907896,143.66410584747356
6.23,84.23177210678872,59.432333801178885,143.6641059079676
6.2325,83.02830068783061,60.635805297105534,143.66410598493616
6.235,81.82370254577248,61.84040352663105,143.6641060724035
6.2375,80.61833757716484,63.04576858523016,143.664106162395
6.24,79.41239025709712,64.25171598893795,143.66410624603506
6.2425,78.20586676149719,65.45823955343454,143.66410631493173
6.245,76.99860136178523,66.6655050007131,143.66410636249833
6.2475000000000005,75.79027198063037,67.87383440425086,143.66410638488122
6.25,74.5804239597075,69.08368242156496,143.66410638127246
6.2525,73.36850039748342,70.2956059560995,143.6641063535829
6.255,72.1538769769077,71.51022932873703,143.66410630564474
6.2575,70.93589906743466,72.72820717476617,143.66410624220083
6.26,69.71391903430009,73.95018713364914,143.66410616794923
6.2625,68.48733204970952,75.17677403711681,143.66410608682634
6.265000000000001,67.25560917926413,76.40849682233652,143.66410600160066
6.2675,66.0183270172268,77.64577889653728,143.66410591376408
6.2700000000000005,64.77519359046532,78.88891223317817,143.6641058236435
6.2725,63.526070595234316,80.13803513541092,143.66410573064525
6.275,62.27099225185357,81.39311338170893,143.66410563356249
6.2775,61.01018115781349,82.65392437308573,143.66410553089923
6.28,59.744061498867445,83.92004392233481,143.66410542120227
6.2825,58.473269852630274,85.19083545078809,143.66410530341835
6.285,57.19866360105013,86.46544157625709,143.66410517730722
6.2875000000000005,55.92132666460481,87.74277837934218,143.664105043947
6.29,54.642571888459386,89.02153301789633,143.6641049063557
6.2925,53.36393895927776,90.30016581092174,143.66410477019951
6.295,52.08718623460092,91.57691840987353,143.66410464447443
6.2975,50.814274375688804,92.84983016622094,143.66410454190975
6.3,49.547339284582165,94.116765194089,143.66410447867116
6.3025,48.28865171084118,95.3754527619713,143.66410447281248
6.305,47.040561227639486,96.6235433133602,143.6641045409997
6.3075,45.80542332699753,97.85868136649238,143.6641046934899
6.3100000000000005,44.5855103481821,99.07859458015528,143.6641049283374
6.3125,43.3829098438393,100.28119538318745,143.66410522702677
6.315,42.199417468269374,101.46468808619113,143.6641055544605
6.3175,41.03643475870692,102.62767110662071,143.66410586532763
6.32,39.89488414808338,103.76922196789872,143.6641061159821
6.3225,38.77515310985376,104.88895316758803,143.6641062774418
6.325,37.67707600529816,105.98703033824276,143.66410634354094
6.327500000000001,36.59995652347717,107.06414980697801,143.66410633045518
6.33,35.542627093341,108.12147917512279,143.6641062684638
6.3325000000000005,34.50353619521238,109.1605699954255,143.66410619063788
6.335,33.48085152757574,110.18325459602585,143.66410612360158
6.3375,32.472566900730605,111.19153918239388,143.6641060831245
6.34,31.476602940229142,112.18750313410409,143.66410607433323
6.3425,30.490895068627108,113.1732110259903,143.6641060946174
6.345,29.51346569558097,114.15064044160002,143.664106137181
6.3475,28.542480356975947,115.12162583697261,143.66410619394856
6.3500000000000005,27.576289419757522,116.08781683762001,143.66410625737754
6.3525,26.613457957331377,117.05064836394708,143.66410632127844
6.355,25.652786713505304,118.01131966744553,143.66410638095084
6.3575,24.69332695755365,118.9707794753883,143.66410643294194
6.36,23.734391696074425,119.9297147785715,143.6641064746459
6.3625,22.775565291541334,120.88854121232889,143.66410650387022
6.365,21.81671312417948,121.84739339424205,143.66410651842153
6.3675,20.85799255673328,122.806113959002,143.66410651573528
6.37,19.899866120766013,123.76424037178359,143.6641064925496
6.3725000000000005,18.943117514549634,124.72098893010086,143.66410644465049
6.375,17.988870643700754,125.67523572303662,143.66410636673737
6.3775,17.038611486250133,126.62549476628399,143.6641062525341
6.38,16.09421194482607,127.56989415052391,143.66410609534998
6.3825,15.15795396314927,128.50615192627106,143.66410588942034
6.385,14.232550925238964,129.43155470717647,143.66410563241544
6.3875,13.321161633658292,130.3429436957918,143.66410532945008
6.390000000000001,12.427389965605887,131.23671503282378,143.66410499842968
6.3925,11.555260813004036,132.10884386239388,143.6641046753979
6.3950000000000005,10.709160671300157,132.95494374526527,143.66410441656544
6.3975,9.89373035443557,133.77037393728315,143.66410429171873
6.4,9.113699496345287,134.55040486784196,143.66410436418724
6.4025,8.37365971192979,135.2904449470775,143.6641046590073
6.405,7.677786623198983,135.98631851047702,143.664105133676
6.4075,7.029538858298341,136.6345668175705,143.66410567586883
6.41,6.431379047192715,137.2327270962095,143.6641061434022
6.4125000000000005,5.884569229457778,137.77953720056288,143.66410643002067
6.415,5.389083955807029,138.27502255724076,143.66410651304778
6.4175,4.943659005131015,138.72044744457423,143.66410644970526
6.42,4.545961463467176,139.1181448677342,143.66410633120137
6.4225,4.1928413390461134,139.47126489397243,143.66410623301854
6.425,3.880614985110558,139.7834912057947,143.66410619090524
6.4275,3.605336519181665,140.05876968540406,143.66410620458572
6.43,3.3630285382723333,140.30107771613257,143.6641062544049
6.4325,3.1498598347813203,140.51424648211432,143.66410631689564
6.4350000000000005,2.962270392633089,140.70183598087354,143.66410637350663
6.4375,2.797051158744786,140.86705525434587,143.66410641309065
6.44,2.651388771660352,141.01271765926498,143.66410643092533
6.4425,2.522885228901357,141.14122119773194,143.66410642663328
6.445,2.409560870883333,141.25454553140202,143.66410640228534
6.4475,2.309847040934331,141.35425932018697,143.6641063611213
6.45,2.222572869781987,141.44153343710266,143.66410630688466
6.452500000000001,2.146949032360024,141.51715721125532,143.66410624361535
6.455,2.0825500635067633,141.58155611222455,143.66410617573132
6.4575000000000005,2.0292958497760205,141.63481025849453,143.66410610827054
6.46,1.9874321712326446,141.67667387594432,143.66410604717697
6.4625,1.9575095948785206,141.70659640464282,143.66410599952135
6.465,1.9403595903788862,141.7237463831418,143.66410597352066
6.4675,1.937066450827909,141.72703952735708,143.66410597818498
6.47,1.948933491518454,141.7151725308891,143.66410602240757
6.4725,1.977442132367563,141.68666398099438,143.66410611336195
6.4750000000000005,2.0242029244806954,141.63990332976923,143.66410625424993
6.4775,2.0908984253019303,141.573208016438,143.66410644173993
6.48,2.1792190710456194,141.4848875927982,143.66410666384382
6.4825,2.2907947441643723,141.37331215508678,143.66410689925115
6.485,2.4271263487544803,141.23698077030375,143.66410711905823
6.4875,2.589523014308345,141.0745842768408,143.66410729114915
6.49,2.7790511194823537,140.8850562669006,143.66410738638294
6.4925,2.9965008259002275,140.66760655881518,143.6641073847154
6.495,3.2423741543106983,140.4217331248094,143.66410727912012
6.4975000000000005,3.5168960813353474,140.14721099465905,143.6641070759944
6.5,3.8200472348571815,139.8440595573623,143.66410679221948
6.5025,4.151614171801657,139.51249227855675,143.66410645035842
6.505,4.511251450230967,139.15285462372404,143.664106073955
6.5075,4.898548973605316,138.76555671083887,143.6641056844442
6.51,5.313098280245755,138.35100702002916,143.6641053002749
6.5125,5.754552250342263,137.90955268763497,143.66410493797724
6.515000000000001,6.222673728432158,137.44143088592128,143.66410461435345
6.5175,6.717369524061757,136.9467348246349,143.66410434869664
6.5200000000000005,7.238707043317943,136.4253971205081,143.66410416382604
6.5225,7.786911496048278,135.87719258867807,143.66410408472635
6.525,8.362342451645517,135.30176168229528,143.66410413394078
6.5275,8.965449789401331,134.69865453450203,143.66410432390336
6.53,9.596711058728783,134.0673935895269,143.66410464825566
6.5325,10.256554943372675,133.40755013280778,143.66410507618045
6.535,10.94527851641307,132.71882703787375,143.66410555428683
6.5375000000000005,11.662968431707586,132.00113758627768,143.66410601798526
6.54,12.409437042616517,131.2546693664254,143.6641064090419
6.5425,13.184182855129333,130.47992383638154,143.66410669151088
6.545,13.986380707048196,129.6777261514642,143.6641068585124
6.5475,14.8149016359706,128.84920529170898,143.6641069276796
6.55,15.668357219472217,127.99574970996048,143.6641069294327
6.5525,16.5451597644307,127.11894713041102,143.66410689484172
6.555,17.443588790367812,126.2205180575053,143.66410684787311
6.5575,18.36185550961001,125.3022512934219,143.66410680303193
6.5600000000000005,19.29815953845021,124.36594722828025,143.66410676673047
6.5625,20.250734868494398,123.4133718715951,143.6641067400895
6.565,21.2178844695649,122.44622225200085,143.66410672156576
6.5675,22.198004475055356,121.46610223368884,143.6641067087442
6.57,23.189599727365746,120.47450697191806,143.66410669928382
6.5725,24.191292710924245,119.47281398034652,143.66410669127077
6.575,25.201827787674485,118.46227889556553,143.66410668324002
6.577500000000001,26.220072356326206,117.44403431774346,143.66410667406967
6.58,27.245016207115604,116.41909045572777,143.66410666284338
6.5825000000000005,28.27577001069765,115.3883366380416,143.66410664873925
6.585,29.31156359640542,114.35254303453937,143.6641066309448
6.5875,30.35174445056157,113.3123621580449,143.66410660860646
6.59,31.395776695425873,112.26832988536913,143.664106580795
6.5925,32.44324068352902,111.22086586295742,143.66410654648644
6.595,33.49383324839084,110.17027325616135,143.6641065045522
6.5975,34.54736857904733,109.11673787471368,143.664106453761
6.6000000000000005,35.60377962135064,108.0603267714448,143.66410639279545
6.6025,36.66311984365667,107.0009864766422,143.66410632029886
6.605,37.72556512903992,105.93854110592542,143.66410623496535
6.6075,38.791415462193605,104.87269067351184,143.66410613570545
6.61,39.8610959592761,103.80301006264038,143.6641060219165
6.6125,40.93515663786536,102.72894925602472,143.66410589389008
6.615,42.01427014071181,101.64983561268421,143.66410575339603
6.6175,43.099226417691426,100.56487918673358,143.664105604425
6.62,44.19092315525923,99.47318229878121,143.66410545404045
6.6225000000000005,45.29035056205801,98.37375475108294,143.66410531314096
6.625,46.39856904146625,97.26553615534255,143.6641051968088
6.6275,47.51667840626133,96.1474267174759,143.66410512373722
6.63,48.645777741070134,95.01832737313238,143.66410511420253
6.6325,49.78691591490767,93.87718927136514,143.66410518627282
6.635,50.9410341491459,92.72307120146594,143.66410535061183
6.6375,52.10890387549267,91.55520172974956,143.66410560524224
6.640000000000001,53.29106507720324,90.37304085530478,143.66410593250802
6.6425,54.48777186752376,89.17633443289171,143.66410630041548
6.6450000000000005,55.698952577413735,87.96515409160904,143.66410666902277
6.6475,56.92419059145788,86.73991640857591,143.6641070000338
6.65,58.16272951764242,85.50137774818282,143.66410726582524
6.6525,59.41350253919936,84.25060491510582,143.66410745430517
6.655,60.6751819837053,82.9889255845572,143.6641075682625
6.6575,61.94624232844265,81.71786529216405,143.6641076206067
6.66,63.22502871811936,80.43907891020845,143.66410762832783
6.6625000000000005,64.5098236444819,79.15428396312123,143.6641076076031
6.665,65.79890623071648,77.86520134040263,143.66410757111913
6.6675,67.0906008514892,76.57350667592203,143.66410752741123
6.67,68.38331396339673,75.28079351804087,143.6641074814376
6.6725,69.67555964097141,73.98854779464537,143.66410743561678
6.675,70.96597530083488,72.69813208998994,143.66410739082482
6.6775,72.253329527282,71.41077781986631,143.66410734714833
6.68,73.53652394459402,70.12758335976673,143.66410730436075
6.6825,74.81459087829161,68.84951638389629,143.66410726218788
6.6850000000000005,76.08668823904233,67.57741898138303,143.66410722042536
6.6875,77.35209273511168,66.3120144438725,143.66410717898418
6.69,78.6101922197955,65.05391491809277,143.66410713788827
6.6925,79.86047772996113,63.80362936730361,143.66410709726475
6.695,81.10253557452509,62.561571482802336,143.66410705732744
6.6975,82.33603968287358,61.32806733549057,143.66410701836415
6.7,83.56074431470233,60.10336266602689,143.66410698072923
6.702500000000001,84.77647715590683,58.88762978892974,143.6641069448366
6.705,85.98313277231506,57.680974138841734,143.6641069111568
6.7075000000000005,87.18066635801836,56.48344052219517,143.66410688021352
6.71,88.36908769326351,55.29501915931061,143.66410685257412
6.7125,89.54845521520689,54.11565161363245,143.66410682883935
6.715,90.718870101385,52.94523670823696,143.66410680962196
6.7175,91.88047026967331,51.78363652584314,143.66410679551646
6.72,93.03342420958236,50.630682577474545,143.6641067870569
6.7225,94.17792457827238,49.486182206388904,143.66410678466127
6.7250000000000005,95.31418152107632,48.349925267488636,143.66410678856496
6.7275,96.44241571080647,47.22169108794127,143.66410679874775
6.73,97.56285114228095,46.10125567257836,143.6641068148593
6.7325,98.67570776693975,44.98839906921788,143.66410683615763
6.735,99.78119410432957,43.88291275714167,143.66410686147123
6.7375,100.87950001832687,42.784606870875876,143.66410688920274
6.74,101.97078989044242,41.693317026942765,143.6641069173852
6.7425,103.05519645366691,40.60891049012695,143.66410694379385
6.745,104.13281556127184,39.53129140484583,143.66410696611769
6.7475000000000005,105.20370215009424,38.46040483206824,143.66410698216248
6.75,106.26786761412556,37.39623937594423,143.6641069900698
6.7525,107.32527873230418,36.33882825620604,143.66410698851024
6.755,108.37585819934414,35.28824877747779,143.66410697682193
6.7575,109.41948669917572,34.244620255896756,143.66410695507247
6.76,110.45600634883445,33.20810057519643,143.66410692403088
6.7625,111.48522523886243,32.17888164620227,143.6641068850647
6.765000000000001,112.50692271538446,31.157184124593613,143.66410683997807
6.7675,113.52085499663076,30.14325179419427,143.66410679082503
6.7700000000000005,114.52676069600903,29.137346043716718,143.66410673972575
6.7725,115.52436583382557,28.13974085488331,143.66410668870887
6.775,116.51338795596646,27.150718683624664,143.66410663959113
6.7775,117.49353903402351,26.170567559874414,143.66410659389794
6.78,118.46452689103987,25.19957966178027,143.66410655282013
6.7825,119.42605497499821,24.238051542193965,143.66410651719218
6.785,120.37782038510436,23.286286102380956,143.6641064874853
6.7875000000000005,121.31951014258499,22.344596321219544,143.66410646380453
6.79,122.2507957885212,21.41331065736383,143.66410644588504
6.7925,123.17132648711107,20.492779945982985,143.66410643309405
6.795,124.08072091389563,19.583385510545007,143.66410642444063
6.7975,124.97855831298286,18.6855481056299,143.66410641861276
6.8,125.86436920981501,17.799737204232585,143.66410641404758
6.8025,126.73762635727326,16.926480051777876,143.66410640905113
6.805,127.59773655976254,16.066369842199652,143.6641064019622
6.8075,128.4440340471232,15.220072344227795,143.664106391351
6.8100000000000005,129.2757760431029,14.388330333114741,143.66410637621763
6.8125,130.09214108163934,13.571965274517442,143.6641063561568
6.815,130.8922304667427,12.771875864699144,143.66410633144184
6.8175,131.67507305817713,11.989033244828336,143.66410630300547
6.82,132.4396333169427,11.224472955366469,143.66410627230917
6.8225,133.1848222922989,10.479283948822916,143.6641062411218
6.825,133.90951100957164,9.754595201690208,143.66410621126187
6.827500000000001,134.6125455551737,9.051560629173004,143.6641061843467
6.83,135.29276307191054,8.371343089693225,143.66410616160377
6.8325000000000005,135.9490078792815,7.715098264488095,143.6641061437696
6.835,136.58014701157782,7.083959119501128,143.66410613107894
6.8375,137.18508460165023,6.479021521676477,143.66410612332672
6.84,137.76277470524968,5.901331414726739,143.66410611997642
6.8425,138.31223233485554,5.351873785430058,143.6641061202856
6.845,138.83254263232698,4.831563491093514,143.66410612342048
6.8475,139.32286824274274,4.341237885807046,143.66410612854978
6.8500000000000005,139.78245505071357,3.8816510841948197,143.6641061349084
6.8525,140.21063650461744,3.4534696372141456,143.66410614183158
6.855,140.60683678713926,3.0572693616309072,143.66410614877017
6.8575,140.97057309795196,2.6935330573325045,143.66410615528446
6.86,141.3014573028255,2.362648858206613,143.66410616103212
6.8625,141.5991971787522,2.064908986998585,143.66410616575078
6.865,141.8635974516509,1.8005087175904726,143.66410616924136
6.8675,142.0945607852003,1.5695453861527489,143.66410617135304
6.87,142.29208883834252,1.3720173336335724,143.6641061719761
6.8725000000000005,142.45628346570697,1.207822705332259,143.66410617103924
6.875,142.5873480894034,1.076758079113579,143.66410616851698
6.8775,142.6855892213004,0.9785169431448703,143.6641061644453
6.88,142.75141806065736,0.9126880982917107,143.66410615894907
6.8825,142.78535203130104,0.8787541209762525,143.6641061522773
6.885,142.78801605435444,0.8760900904974382,143.66410614485187
6.8875,142.76014327663805,0.9039628606818244,143.66410613731986
6.890000000000001,142.70257489291973,0.9615312376826665,143.6641061306024
6.8925,142.61625861646252,1.0478475094700341,143.66410612593256
6.8950000000000005,142.50224527488865,1.1618608499653993,143.66410612485404
6.8975,142.36168295013894,1.3024231790237804,143.66410612916272
6.9,142.1958080602496,1.4682980805117867,143.6641061407614
6.9025,142.00593281934704,1.6581733420656688,143.66410616141272
6.905,141.79342863492116,1.8706775574700336,143.6641061923912
6.9075,141.5597052288116,2.1044010052698074,143.6641062340814
6.91,141.3061856095181,2.357920676084777,143.66410628560288
6.9125000000000005,141.03427746652778,2.6298288780623476,143.66410634459012
6.915,140.74534206128644,2.918764345969423,143.66410640725587
6.9175,140.44066218205046,3.2234442867607225,143.66410646881118
6.92,140.1214111159608,3.542695408257871,143.66410652421868
6.9225,139.78862477324665,3.875481795875798,143.66410656912245
6.925,139.44317900321488,4.22092759748756,143.66410660070244
6.9275,139.0857737505329,4.578332867674137,143.66410661820703
6.93,138.7169250616525,4.94718156135266,143.66410662300515
6.9325,138.33696517366147,5.327141444508378,143.66410661816985
6.9350000000000005,137.94605014154527,5.718056466204132,143.6641066077494
6.9375,137.54417381750562,6.119932778449794,143.66410659595542
6.94,137.13118657844706,6.5329200080356635,143.66410658648272
6.9425,136.70681703660253,6.957289545475249,143.66410658207778
6.945,136.27069503916718,7.393411545219992,143.66410658438718
6.9475,135.82237450358792,7.841732090438668,143.66410659402658
6.95,135.3613549697693,8.302751641017913,143.66410661078723
6.952500000000001,134.8871011089078,8.77700552498524,143.66410663389306
6.955,134.39905975913328,9.265046903110633,143.6641066622439
6.9575000000000005,133.8966743303587,9.76743236425879,143.6641066946175
6.96,133.37939662341034,10.284710106395142,143.6641067298055
6.9625,132.8466962440044,10.817410522698646,143.66410676670304
6.965,132.29806787039345,11.366038933956863,143.66410680435033
6.9675,131.73303666771375,11.93107017423031,143.66410684194406
6.97,131.15116214514225,12.512944733690448,143.6641068788327
6.9725,130.55204073510745,13.112066179390242,143.6641069144977
6.9750000000000005,129.9353073457385,13.728799602794716,143.6641069485332
6.9775,129.30063610472826,14.363470875898148,143.6641069806264
6.98,128.64774047905223,15.01636653148426,143.6641070105365
6.9825,127.9763729231041,15.687734114976983,143.66410703808108
6.985,127.28632417913352,16.37778288398906,143.66410706312257
6.9875,126.57742232904721,17.08668475651254,143.66410708555975
6.99,125.84953167569542,17.81457542962454,143.66410710531994
6.9925,125.10255151454265,18.56155560781426,143.6641071223569
6.995,124.33641484271209,19.327692293934618,143.6641071366467
6.9975000000000005,123.55108704142185,20.113020106766147,143.664107148188
7.0,122.74656455933082,20.91754259767216,143.66410715700297
7.0025,121.92287361792037,21.741233545217256,143.66410716313763
7.005,121.08006895539857,22.584038211265977,143.66410716666456
7.0075,120.2182326224094,23.44587454527545,143.66410716768485
7.01,119.33747284082887,24.326634325502322,143.66410716633118
7.0125,118.43792293589546,25.226184226873983,143.66410716276943
7.015000000000001,117.51974035169496,26.144366805507218,143.66410715720218
7.0175,116.5831057604207,27.081001389448332,143.66410714986904
7.0200000000000005,115.62822227676112,28.035884864288846,143.66410714104995
7.0225,114.6553147900604,29.008792341003748,143.66410713106416
7.025,113.6646294284931,29.999477691777948,143.66410712027104
7.0275,112.65643317121761,31.007673937851607,143.66410710906922
7.03,111.63101362624373,32.03309347165011,143.66410709789383
7.0325,110.58867899339842,33.07542809381611,143.66410708721452
7.035,109.5297582331362,34.134348844393614,143.66410707752982
7.0375000000000005,108.45460146282906,35.20950560653431,143.66410706936335
7.04,107.36358060231166,36.300526460944816,143.66410706325647
7.0425,106.25709028958343,37.407016770176455,143.66410705975989
7.045,105.13554908528297,38.528557974142494,143.66410705942548
7.0475,103.99940098040776,39.66470608238626,143.66410706279402
7.05,102.84911721522585,40.81498985515718,143.664107070383
7.0525,101.68519840773438,41.97890867493697,143.66410708267134
7.055,100.50817697663666,43.155930123440726,143.6641071000774
7.0575,99.31861982578215,44.345487297153255,143.6641071229354
7.0600000000000005,98.11713123342274,45.54697591804144,143.66410715146418
7.0625,96.9043558596367,46.75975132608575,143.66410718572246
7.065,95.68098174816384,47.9831254773915,143.66410722555534
7.0675,94.44774315435458,49.21636411617016,143.66410727052474
7.07,93.2054229794596,50.45868434035946,143.66410731981907
7.0725,91.95485453473873,51.70925283741006,143.6641073721488
7.075,90.69692230032011,52.967185125308006,143.66410742562812
7.077500000000001,89.43256128936332,54.23154618828961,143.66410747765292
7.08,88.16275458683305,55.501352937969685,143.66410752480272
7.0825000000000005,86.88852861626334,56.775578946531034,143.66410756279438
7.085,85.61094571231826,58.053161874224976,143.66410758654322
7.0875,84.33109365780402,59.333013932578,143.664107590382
7.09,83.05007199522434,60.61403557326611,143.66410756849046
7.0925,81.76897515233264,61.89513236322864,143.66410751556128
7.095,80.4888727233105,63.175234704355546,143.66410742766604
7.0975,79.21078759946234,64.45331970375244,143.6641073032148
7.1000000000000005,77.93567300292567,65.7284341408888,143.66410714381448
7.1025,76.66438978448909,66.99971717029871,143.6641069547878
7.105,75.39768553623898,68.26642120888623,143.6641067451252
7.1075,74.13617708523068,69.52792944153089,143.66410652676157
7.11,72.88033774695698,70.7837685662823,143.6641063132393
7.1125,71.63049033881626,72.03361577918656,143.66410611800282
7.115,70.38680643811651,73.27729951458139,143.6641059526979
7.1175,69.14931180119942,74.5147940246398,143.66410582583921
7.12,67.91789733413141,75.74620840796358,143.664105742095
7.1225000000000005,66.69233460049983,76.97177110175792,143.66410570225776
7.125,65.47229461522247,78.19181108856218,143.66410570378463
7.1275,64.25736861347755,79.40673712822152,143.66410574169907
7.13,63.0470895761045,80.61701623349455,143.66410580959905
7.1325,61.840953492067214,81.82315240851877,143.66410590058598
7.135,60.63843959362896,83.0256664143582,143.66410600798716
7.1375,59.43902906542694,84.22507706040336,143.6641061258303
7.140000000000001,58.24222197141154,85.42188427767715,143.6641062490887
7.1425,57.04755234424864,86.61655402949677,143.66410637374543
7.1450000000000005,55.8546015329094,87.80950496381729,143.66410649672667
7.1475,54.663010006983015,89.00109660878414,143.66410661576714
7.15,53.47248787676051,90.19161885247803,143.66410672923854
7.1525,52.282824414268845,91.38128242170399,143.66410683597283
7.155,51.09389685966583,92.57021007542694,143.66410693509278
7.1575,49.90567877559023,93.75842825026763,143.66410702585785
7.16,48.71824817266666,94.94585893485767,143.66410710752433
7.1625000000000005,47.53179557322797,96.13231160599508,143.66410717922304
7.165,46.346632105551436,97.31747513429661,143.66410723984805
7.1675,45.16319762309314,98.5009096648682,143.66410728796134
7.17,43.98206871557669,99.68203860614445,143.66410732172113
7.1725,42.80396631300981,100.86014102583133,143.66410733884112
7.175,41.629762371252255,102.034344965351,143.66410733660325
7.1775,40.4604848625908,103.20362244935782,143.6641073119486
7.18,39.29731997818335,104.36678728347488,143.66410726165822
7.1825,38.141610097310846,105.5224970853271,143.66410718263796
7.1850000000000005,36.994845732470765,106.66926133979632,143.6641070722671
7.1875,35.858649398434466,107.80545753030181,143.66410692873626
7.19,34.73474930323395,108.92935744801471,143.66410675124865
7.1925,33.62494108972416,110.03916545026556,143.66410653998972
7.195,32.53103675323199,111.13306954266984,143.66410629590183
7.1975,31.454801455734447,112.20930456482313,143.66410602055757
7.2,30.397881219073113,113.26622449758867,143.66410571666177
7.202500000000001,29.361727098369183,114.30237829120874,143.6641053895779
7.205,28.347523774063042,115.31658127554195,143.66410504960498
7.2075000000000005,27.35613170658635,116.30797300711046,143.66410471369682
7.21,26.388051324979102,117.27605307987886,143.66410440485797
7.2125,25.443414936340353,118.2206892119631,143.66410414830347
7.215,24.522007686019116,119.1420962794096,143.66410396542872
7.2175,23.623314162115456,120.04078970611174,143.6641038682272
7.22,22.74658347551086,120.91752038117578,143.66410385668664
7.2225,21.890903782511906,121.7732001374875,143.6641039199994
7.2250000000000005,21.05527741627447,122.60882662424495,143.66410404051942
7.2275,20.238689543114038,123.42541465536934,143.6641041984834
7.23,19.44016573342271,124.22393864241724,143.66410437583994
7.2325,18.65881627432946,125.00528828411291,143.66410455844238
7.235,17.893866978277412,125.77023775839413,143.66410473667153
7.2375,17.144677496283414,126.51942740870692,143.66410490499032
7.24,16.41074878674916,127.25335627421941,143.66410506096858
7.2425,15.691721585992493,127.97238361819757,143.66410520419007
7.245,14.987367657226725,128.67673767804658,143.6641053352733
7.2475000000000005,14.297575411074536,129.36653004402365,143.6641054550982
7.25,13.622331296124132,130.04177426814405,143.6641055642682
7.2525,12.961698210661615,130.70240745212504,143.66410566278665
7.255,12.315792108574763,131.34831364136437,143.66410574993913
7.2575,11.684757958650714,131.97934786570863,143.66410582435935
7.26,11.068746243721591,132.59535964053995,143.66410588426155
7.2625,10.467891219518641,133.19621470828085,143.66410592779948
7.265000000000001,9.882292153813353,133.78181379967657,143.66410595348992
7.2675,9.311998699470621,134.35210726115287,143.6641059606235
7.2700000000000005,8.757001397307445,134.90710455225764,143.66410594956508
7.2725,8.21722805165496,135.44687787022136,143.6641059218763
7.275,7.692546390143956,135.9715594900705,143.66410588021444
7.2775,7.1827730457501024,136.48133278227692,143.66410582802703
7.28,6.687688531478856,136.97641723762666,143.66410576910553
7.2825,6.2070575649225805,137.45704814216305,143.66410570708564
7.285,5.740653879347197,137.9234517656521,143.6641056449993
7.2875000000000005,5.2882885489224165,138.37581703602518,143.6641055849476
7.29,4.849840855042803,138.81426467290072,143.66410552794352
7.2925,4.425290804914115,139.23881466902435,143.66410547393846
7.295,4.014752544862116,139.64935287716972,143.66410542203184
7.2975,3.6185080438166484,140.04559732704018,143.66410537085684
7.3,3.2370405105786615,140.42706480856822,143.66410531914687
7.3025,2.871067008204057,140.79303825827535,143.6641052664794
7.305,2.521569602301184,141.14253561186467,143.66410521416586
7.3075,2.189824097665692,141.47428106850555,143.66410516617123
7.3100000000000005,1.8774249628315014,141.78668016694914,143.66410512978064
7.3125,1.58630441975055,142.07780069576043,143.66410511551098
7.315,1.3187429258948515,142.3453622097016,143.66410513559643
7.3175,1.077367489312901,142.5867377111453,143.6641052004582
7.32,0.8651335861861787,142.7989717270466,143.66410531323277
7.3225,0.6852861043455649,142.97881935947962,143.6641054638252
7.325,0.5412949485133745,143.12281067709273,143.6641056256061
7.327500000000001,0.4367619154590967,143.22734384298437,143.66410575844347
7.33,0.3752972978566217,143.28880852171446,143.6641058195711
7.3325000000000005,0.36036743631553075,143.3037383424109,143.66410577872642
7.335,0.3951181145581689,143.2689875146827,143.66410562924085
7.3375,0.48218329300528157,143.18192209448378,143.66410538748906
7.34,0.6234940454311747,143.04061103567392,143.6641050811051
7.3425,0.8201079282495691,142.84399680763363,143.6641047358832
7.345,1.0720825434056267,142.59202182905244,143.66410437245807
7.3475,1.3784161187265669,142.28568789500693,143.6641040137335
7.3500000000000005,1.7370704701442592,141.9270332221679,143.66410369231215
7.3525,2.1450781782964055,141.51902526862185,143.66410344691826
7.355,2.5987199781915193,141.06538333022817,143.6641033084197
7.3575,3.093745803963847,140.5703574824497,143.66410328641356
7.36,3.625607960451728,140.03849540562476,143.6641033660765
7.3625,4.189678248261075,139.47442526754753,143.66410351580862
7.365,4.7814298545021,138.88267384475836,143.66410369926047
7.3675,5.396575369833778,138.26752851529733,143.6641038851311
7.37,6.031161130372188,137.63294292150997,143.66410405188216
7.3725000000000005,6.681623715293288,136.98248047268947,143.66410418798276
7.375,7.344816916657883,136.31928737304656,143.66410428970445
7.3775,8.018017701352328,135.6460866569205,143.66410435827282
7.38,8.698918609208699,134.9651857882016,143.6641043974103
7.3825,9.385612463891622,134.27849194772654,143.66410441161815
7.385,10.07657369811373,133.58753070705467,143.6641044051684
7.3875,10.770639243373845,132.89346513824253,143.66410438161637
7.390000000000001,11.46699087365488,132.19711347000325,143.66410434365812
7.3925,12.165140101228758,131.49896419194965,143.6641042931784
7.3950000000000005,12.864916142482384,130.7991880889357,143.66410423141807
7.3975,13.566457033999479,130.09764712521059,143.66410415921007
7.4,14.270203618051225,129.39390045924057,143.6641040772918
7.4025,14.976895772126042,128.68720821458473,143.66410398671076
7.405,15.68756987590369,127.97653401344844,143.66410388935213
7.4075,16.403556045352623,127.2605477432504,143.66410378860303
7.41,17.12647308373413,126.5376306063799,143.66410369011405
7.4125000000000005,17.858218393207746,125.80588520928056,143.6641036024883
7.415,18.600949293944744,125.06315424357611,143.66410353752084
7.4175,19.35705142512884,124.30705208419919,143.66410350932802
7.42,20.129089390457622,123.53501414102325,143.66410353148086
7.4225,20.919734950318105,122.7443686611001,143.6641036114182
7.425,21.73166938154931,121.93243436089222,143.6641037424415
7.4275,22.56745966111995,121.09664423465473,143.66410389577467
7.43,23.42941313647149,120.23469088137827,143.66410401784975
7.4325,24.319421865213393,119.34468217361197,143.66410403882537
7.4350000000000005,25.238814316774032,118.4252895776145,143.66410389438855
7.4375,26.188236151696202,117.4758674022666,143.6641035539628
7.44,27.16758080441694,116.49652223597035,143.6641030403873
7.4425,28.175983508261975,115.48811891933131,143.6641024275933
7.445,29.21188071643258,114.4522210991415,143.66410181557407
7.4475,30.273124385803673,113.3909769105516,143.66410129635528
7.45,31.357131550631184,112.30696937792416,143.66410092855534
7.452500000000001,32.46104653936699,111.20305419044794,143.66410072981495
7.455,33.581895880218134,110.08220480447726,143.6641006846954
7.4575000000000005,34.71672216601112,108.94737859341576,143.66410075942687
7.46,35.862690171383434,107.80141074426608,143.6641009156495
7.4625,37.017164339571146,106.64693677977442,143.66410111934556
7.465,38.17776053942761,105.48634080531662,143.6641013447442
7.4675,39.34237680608138,104.3217247686321,143.66410157471347
7.47,40.5092081413855,103.1548936579667,143.66410179935218
7.4725,41.676749958037604,101.98735205597791,143.6641020140155
7.4750000000000005,42.84379387873773,100.82030833870492,143.66410221744263
7.4775,44.00941865355763,99.65468375668529,143.66410241024292
7.48,45.172978094118186,98.49112449965546,143.66410259377363
7.4825,46.33408720318656,97.3300155661664,143.66410276935295
7.485,47.49260710832592,96.17149582940934,143.66410293773527
7.4875,48.64862896840141,95.01547413039076,143.66410309879217
7.49,49.802456685799434,93.86164656555688,143.66410325135632
7.4925,50.95458800341021,92.70951538979837,143.66410339320856
7.495,52.105693382657265,91.5584101385173,143.66410352117458
7.4975000000000005,53.25659195028322,90.40751168103603,143.66410363131925
7.5,54.408223785384095,89.25587993382236,143.66410371920645
7.5025,55.56161792559105,88.10248585462983,143.6641037802209
7.505,56.71785573918501,86.94624807077004,143.66410380995507
7.5075,57.8780297675404,85.78607403715489,143.6641038046953
7.51,59.04319879156431,84.62090497046859,143.66410376203288
7.5125,60.21434067014994,83.44976301144749,143.66410368159742
7.515000000000001,61.392305328025316,82.27179823778175,143.66410356580707
7.5175,62.57777096492639,81.08633245549314,143.6641034204195
7.5200000000000005,63.771206919450194,79.89289633514888,143.66410325459907
7.5225,64.97284648090648,78.69125659934164,143.66410308024814
7.525,66.18267223093878,77.48143067964256,143.66410291058133
7.5275,67.40041528915873,76.26368746903623,143.66410275819496
7.53,68.62556835287566,75.03853428026002,143.66410263313568
7.5325,69.85741096306346,73.80669157844089,143.66410254150435
7.535,71.09504428811707,72.56905819682208,143.66410248493915
7.5375000000000005,72.33743208393894,71.32667037706574,143.6641024610047
7.54,73.5834444082571,70.08065805598326,143.66410246424036
7.5425,74.8319010501173,68.83220143736429,143.66410248748159
7.545,76.08161231308591,67.58249021001605,143.66410252310197
7.5475,77.33141557708686,66.33268698687273,143.6641025639596
7.55,78.58020680578923,65.0838957981851,143.66410260397433
7.5525,79.82696676662208,63.837135871755976,143.66410263837804
7.555,81.07078214689172,62.593320516847484,143.6641026637392
7.5575,82.31086198183726,61.35324069603824,143.66410267787552
7.5600000000000005,83.54654988250547,60.117552797245374,143.66410267975084
7.5625,84.77733249594672,58.886770173481096,143.66410266942782
7.565,86.00284448013899,57.66125816798032,143.6641026481193
7.5675,87.22287006021608,56.441232558130615,143.6641026183467
7.57,88.43734097736274,55.22676160681391,143.66410258417665
7.5725,89.64633037536277,54.01777217608877,143.66410255145155
7.575,90.85004192900394,52.814060598858205,143.66410252786216
7.577500000000001,92.04879335541304,51.61530916722573,143.66410252263876
7.58,93.24299343533221,50.42110911027607,143.66410254560827
7.5825000000000005,94.43311189327135,49.230990712167845,143.66410260543918
7.585,95.61964202789369,48.04446067926648,143.66410270716017
7.5875,96.80305689209857,46.86104595739408,143.66410284949265
7.59,97.98376104929402,45.68034197373251,143.66410302302654
7.5925,99.16204129001673,44.502061920439345,143.66410321045606
7.595,100.33802084135998,43.32608254823288,143.66410338959287
7.5975,101.51162211747902,42.152481421176674,143.6641035386557
7.6000000000000005,102.68254259240766,40.98156104959143,143.66410364199908
7.6025,103.85024683757706,39.81385685633278,143.66410369390985
7.605,105.01397543995414,38.65012825900673,143.66410369896087
7.6075,106.17276899821326,37.49133467090632,143.66410366911958
7.61,107.32550336019048,36.33860025907592,143.6641036192664
7.6125,108.47093119443431,35.19317236866182,143.66410356309615
7.615,109.60772499807989,34.05637851256281,143.6641035106427
7.6175,110.73451750644857,32.92958596117373,143.66410346762228
7.62,111.8499367793339,31.814166656723607,143.6641034360575
7.6225000000000005,112.95263459312709,30.71146882232849,143.66410341545557
7.625,114.0413078914363,29.622795512544826,143.66410340398113
7.6275,115.11471382094142,28.549389578402224,143.66410339934365
7.63,116.17167930809525,27.492424091246093,143.66410339934134
7.6325,117.21110628754076,26.45299711458538,143.66410340212613
7.635,118.23197366580868,25.432129740466763,143.66410340627544
7.6375,119.23333697553308,24.43076643523334,143.66410341076642
7.640000000000001,120.21432650613276,23.449776908770826,143.6641034149036
7.6425,121.17414452484371,22.48995889339514,143.66410341823885
7.6450000000000005,122.11206204760947,21.552041372890628,143.6641034205001
7.6475,123.02741549112191,20.636687930409433,143.66410342153134
7.65,123.91960343650608,19.74449998474576,143.66410342125184
7.6525,124.78808365923082,18.876019760392822,143.66410341962364
7.655,125.63237052485448,18.03173289177604,143.66410341663052
7.6575,126.45203281189109,17.212070600373888,143.66410341226498
7.66,127.24669199756521,16.417411408952027,143.66410340651723
7.6625000000000005,128.01602102628067,15.648082373087078,143.66410339936775
7.665,128.7597435716505,14.90435981913366,143.66410339078413
7.6675,129.47763379890594,14.186469581808879,143.66410338071483
7.67,130.1695166339036,13.494586735182503,143.66410336908612
7.6725,130.83526854650614,12.828834809288862,143.664103355795
7.675,131.47481885888007,12.189284481825759,143.66410334070582
7.6775,132.0881515922393,11.575951731402336,143.66410332364165
7.68,132.67530786786807,10.988795436510939,143.664103304379
7.6825,133.2363888786536,10.427714403985227,143.66410328263882
7.6850000000000005,133.77155944440156,9.892543813679506,143.66410325808107
7.6875,134.2810521557748,9.38305107453092,143.66410323030573
7.69,134.76517209493497,8.898931103922669,143.66410319885765
7.6925,135.22430209193035,8.439801071323641,143.664103163254
7.695,135.6589084291199,8.005194693918666,143.66410312303856
7.6975,136.0695468344639,7.5945562434180465,143.66410307788195
7.7,136.456868499524,7.207234528229466,143.66410302775347
7.702500000000001,136.82162570942256,6.842477263767632,143.66410297319018
7.705,137.16467646991367,6.499426445763633,143.66410291567732
7.7075000000000005,137.4869872547253,6.177115603424404,143.6641028581497
7.71,137.78963267769265,5.8744701278450595,143.6641028055377
7.7125,138.07379054235312,5.590312222852189,143.6641027652053
7.715,138.34073039428264,5.323372352655216,143.66410274693786
7.7175,138.5917935070333,5.072309254984593,143.66410276201788
7.72,138.82836233943408,4.835740481435142,143.66410282086923
7.7225,139.0518181257498,4.612284803362536,143.66410292911235
7.7250000000000005,139.26348660432245,4.4006164784246895,143.66410308274715
7.7275,139.4645740273604,4.199529237100864,143.6641032644613
7.73,139.65609830486662,4.008005139065244,143.66410344393185
7.7325,139.8388227900092,3.825280794166816,143.66410358417602
7.735,140.0132018385231,3.6509018144052745,143.66410365292836
7.7375,140.17934690494712,3.4847567293020765,143.6641036342492
7.74,140.3370191602649,3.3270843739697185,143.6641035342346
7.742500000000001,140.4856499777685,3.1784533999425824,143.6641033777111
7.745,140.62438555279823,3.039717645333527,143.66410319813176
7.7475000000000005,140.75214803406328,2.9119549922923738,143.66410302635566
7.75,140.8677039094403,2.7963989738484316,143.66410288328873
7.7525,140.9697310764756,2.6943717015459194,143.66410277802152
7.755,141.05687829008872,2.607224419976395,143.66410271006512
7.7575,141.12781348116243,2.536289192056655,143.66410267321908
7.76,141.18125993950233,2.482842719635263,143.6641026591376
7.7625,141.2160211227768,2.448081536953349,143.66410265973013
7.765000000000001,141.2309958297879,2.4331068385729204,143.6641026683608
7.7675,141.22518581789365,2.438916862285037,143.66410268017867
7.7700000000000005,141.19769787370493,2.4664048182593348,143.66410269196427
7.7725,141.14774206239392,2.5163606393932603,143.6641027017872
7.775,141.07462752473978,2.5894751838963574,143.66410270863614
7.7775,140.97775684511683,2.686345866989815,143.66410271210665
7.78,140.856619717079,2.807482995085766,143.66410271216478
7.7825,140.71078639786998,2.9533163111124163,143.6641027089824
7.785,140.53990126630538,3.1242014365261506,143.66410270283154
7.7875000000000005,140.34367667101392,3.3204260230062745,143.6641026940202
7.79,140.1218871674688,3.5422155153874786,143.66410268285628
7.7925,139.8743641828455,3.789738486786838,143.66410266963234
7.795,139.6009911094237,4.06311154519583,143.6641026546195
7.7975,139.30169880377088,4.362403834299636,143.66410263807052
7.8,138.97646145561026,4.687641164616233,143.6641026202265
7.8025,138.62529278374947,5.038809817576116,143.6641026013256
7.805000000000001,138.24824251435962,5.4158600672544,143.66410258161403
7.8075,137.84539309760694,5.81870946374967,143.66410256135663
7.8100000000000005,137.41685662107395,6.247245919773553,143.6641025408475
7.8125,136.96277188183979,6.7013306385802816,143.66410252042007
7.815,136.48330158311143,7.180800917344562,143.66410250045598
7.8175,135.9786296257138,7.685472855674519,143.66410248138834
7.82,135.4489584696007,8.215143994104727,143.66410246370543
7.8225,134.8945065460092,8.769595901933723,143.66410244794292
7.825,134.315505707441,9.34859672723167,143.66410243467266
7.827500000000001,133.71219871083935,9.951903713638718,143.66410242447807
7.83,133.08483673998148,10.579265677938295,143.66410241791976
7.8325000000000005,132.43367698699234,11.230425428496439,143.66410241548877
7.835,131.7589803307634,11.905122086784568,143.66410241754795
7.8375,131.06100917229554,12.603093251972773,143.66410242426832
7.84,130.34002551327154,13.324076922293463,143.664102435565
7.8425,129.59628939319708,14.06781305784624,143.66410245104333
7.845,128.83005782961075,14.834044640358263,143.664102469969
7.8475,128.0415844311488,15.62251806012555,143.66410249127435
7.8500000000000005,127.23111986954359,16.432982644063365,143.66410251360696
7.8525,126.39891339836547,17.265189137061732,143.6641025354272
7.855,125.54521558853116,18.118886966606,143.66410255513716
7.8575,124.67028241036553,18.993820160867394,143.66410257123292
7.86,123.77438072939476,19.889721853050773,143.66410258244554
7.8625,122.85779520200927,20.80630738584319,143.66410258785245
7.865,121.9208364648708,21.74326612206599,143.6641025869368
7.867500000000001,120.96385041783029,22.700252161761014,143.66410257959132
7.87,119.9872283134614,23.67687425261402,143.66410256607543
7.8725000000000005,118.99141729419581,24.672685252750185,143.664102546946
7.875,117.97693096361192,25.68717155937284,143.66410252298476
7.8775,116.94435954030746,26.719742954839237,143.6641024951467
7.88,115.89437911571932,27.76972334882541,143.66410246454473
7.8825,114.82775951387976,28.836342918592262,143.66410243247202
7.885,113.74537022438263,29.918732176075526,143.66410240045815
7.8875,112.64818384563155,31.01591852470305,143.6641023703346
7.890000000000001,111.53727643504624,32.12682590924014,143.6641023442864
7.8925,110.41382412488568,33.250278199956625,143.6641023248423
7.8950000000000005,109.27909534405342,34.38500697071265,143.66410231476607
7.8975,108.13443801374484,35.52966430305567,143.6641023168005
7.9,106.9812611913518,36.68284114189261,143.66410233324441
7.9025,105.82101085825643,37.84309150712484,143.66410236538127
7.905,104.65513991243209,39.0089625004142,143.6641024128463
7.9075,103.48507294654286,40.17902952655347,143.66410247309634
7.91,102.31216704296918,41.35193549824081,143.66410254120999
7.9125000000000005,101.13767052899033,42.52643208123828,143.6641026102286
7.915,99.96268228964774,43.70142038248583,143.66410267213357
7.9175,98.78811468063273,44.87598803871149,143.6641027193442
7.92,97.61466316951297,46.04943957685231,143.66410274636527
7.9225,96.4427854637705,47.22131728731685,143.66410275108734
7.925,95.2726920593561,48.39141067593641,143.66410273529252
7.9275,94.10434898167748,49.55975372251105,143.6641027041885
7.930000000000001,92.93749220443691,50.726610460708656,143.66410266514555
7.9325,91.77165206748654,51.89245055858703,143.66410262607357
7.9350000000000005,90.60618518081529,53.05791741311966,143.66410259393496
7.9375,89.44031091028745,54.223791663467395,143.66410257375486
7.94,88.27314959030406,55.39095297794278,143.66410256824685
7.9425,87.10376000511745,56.560342572850985,143.66410257796844
7.945,85.93117428226371,57.73292831954451,143.66410260180822
7.9475,84.7544290055713,58.90967363201405,143.66410263758536
7.95,83.57259197006327,60.09151071254493,143.6641026826082
7.952500000000001,82.38478449998543,61.27931823411634,143.66410273410176
7.955,81.1901996093749,62.47390318011092,143.6641027894858
7.9575000000000005,79.9881165076734,63.67598633884047,143.66410284651386
7.96,78.77791206378328,64.88619083953182,143.6641029033151
7.9625,77.5590698694976,66.10503308886813,143.66410295836573
7.965,76.33118751506267,67.33291549536389,143.66410301042657
7.9675,75.09398262818524,68.5701204302753,143.66410305846054
7.97,73.84729814931636,69.81680495223293,143.6641031015493
7.9725,72.59110723065234,71.07299590815866,143.66410313881102
7.9750000000000005,71.32551805915301,72.33858511017391,143.66410316932692
7.9775,70.05077881612108,73.61332437595271,143.6641031920738
7.98,68.76728289574336,74.8968203101265,143.66410320586988
7.9825,67.47557440841547,76.18852880091896,143.66410320933443
7.985,66.17635388608474,77.48774931478803,143.66410320087277
7.9875,64.87048397960032,78.79361919909539,143.6641031786957
7.99,63.55899478533097,80.10510835556454,143.66410314089552
7.992500000000001,62.24308825417178,81.42101483142739,143.66410308559915
7.995,60.924140917634645,82.73996209359582,143.66410301123045
7.9975000000000005,59.603703916178695,84.06039900072011,143.6641029168988
8.0,58.28349904823,85.38060375469323,143.66410280292322
8.0025,56.96540930491666,86.69869336654324,143.6641026714599
8.005,55.6514621686492,88.01264035848936,143.66410252713857
8.0075,54.34380391352885,89.32029846400941,143.66410237753826
8.01,53.044663356967284,90.61943887628769,143.66410223325497
8.0125,51.756304089473545,91.90779801783589,143.66410210730942
8.015,50.48096524411538,93.18313676960466,143.66410201372003
8.0175,49.220792373213584,94.4433095921193,143.6641019653329
8.02,47.97776185437346,95.68634011694441,143.66410197131788
8.0225,46.75360414983122,96.91049788521477,143.66410203504597
8.025,45.54973273124351,98.11436942182533,143.66410215306882
8.0275,44.367186044414765,99.29691627119348,143.66410231560826
8.03,43.20658914838666,100.45751335999086,143.6641025083775
8.0325,42.068139572787146,101.5959631422948,143.66410271508195
8.035,40.95161886726959,102.7124840525351,143.6641029198047
8.0375,39.85642796905692,103.80767513967416,143.66410310873107
8.040000000000001,38.7816416756327,104.88246159543664,143.66410327106934
8.0425,37.726075767269904,105.93802763203855,143.66410339930846
8.045,36.688359888538656,106.9757436005165,143.66410348905515
8.0475,35.667009999167234,107.9970935394771,143.66410353864433
8.05,34.660495632764366,109.00360791587289,143.66410354863726
8.0525,33.66729889364187,109.99680462764077,143.66410352128264
8.055,32.68596370417946,110.97813975580635,143.66410345998582
8.057500000000001,31.715135067964805,111.94896830088149,143.6641033688463
8.06,30.75358896311943,112.91051428917368,143.6641032522931
8.0625,29.80025395344923,113.86384916138722,143.66410311483645
8.065,28.854225781352284,114.80987717959687,143.66410296094915
8.0675,27.914776177571866,115.74932661747872,143.66410279505058
8.07,26.981356971024134,116.68274565055646,143.66410262158058
8.0725,26.053600370354218,117.61050207478213,143.66410244513634
8.075,25.131316061915935,118.53278620872338,143.66410227063932
8.0775,24.214485555601442,119.44961654790222,143.66410210350367
8.08,23.303254029019065,120.36084792074817,143.66410194976723
8.0825,22.397919784655677,121.26618203148877,143.66410181614444
8.085,21.498921353582816,122.165180356369,143.6641017099518
8.0875,20.606822261250393,123.05727937761213,143.66410163886252
8.09,19.722293522517717,123.94180808793763,143.66410161045536
8.0925,18.84609405744829,124.81800757410295,143.66410163155123
8.095,17.979049413326262,125.68505229405248,143.66410170737873
8.0975,17.122029428795997,126.54207241186494,143.66410184066092
8.1,16.275925757537216,127.38817627323613,143.66410203077334
8.102500000000001,15.441630443156505,128.22247183000064,143.66410227315714
8.105,14.620016956278235,129.04408560287072,143.66410255914894
8.1075,13.81192521982063,129.85217765650808,143.6641028763287
8.11,13.018152119218822,130.64595109014158,143.6641032093604
8.1125,12.239448801984965,131.42465473919444,143.6641035411794
8.115,11.47652572503227,132.18757812924997,143.66410385428225
8.1175,10.730065946421892,132.93403818542743,143.6641041318493
8.120000000000001,10.00074663690144,133.66335772158826,143.66410435848968
8.1225,9.289268263036092,134.37483625750042,143.6641045205365
8.125,8.596390405782966,135.06771420018583,143.6641046059688
8.1275,7.92297272735701,135.7411318768432,143.66410460420022
8.13,7.270019140307658,136.3940853658122,143.66410450611986
8.1325,6.638722675987529,137.02538162886782,143.66410430485536
8.135,6.030507774068976,137.6335962236987,143.66410399776768
8.1375,5.447065599546312,138.21703799047248,143.66410359001878
8.14,4.89037647699513,138.77372662249127,143.6641030994864
8.1425,4.362711712537841,139.30139084900642,143.66410256154427
8.145,3.866605363319122,139.79749666697998,143.6641020302991
8.1475,3.4047858072694392,140.25931576396613,143.66410157123556
8.15,2.980058706535318,140.6840425349939,143.6641012415292
8.1525,2.595138841820712,141.06896221990422,143.66410106172492
8.155,2.2524393139781633,141.41166168099696,143.66410099497512
8.1575,1.9538414853158734,141.71025947104857,143.66410095636445
8.16,1.7004829867881917,141.96361787258857,143.66410085937676
8.1625,1.4926067736087485,142.17149389894104,143.66410067254978
8.165000000000001,1.3295056691548828,142.3345947720896,143.66410044124447
8.1675,1.2095747774073737,142.45452547853446,143.66410025594183
8.17,1.1304571877951306,142.53364300750331,143.66410019529846
8.1725,1.0892481830650182,142.57485210484597,143.664100287911
8.175,1.0827168744885287,142.5813836366724,143.66410051116094
8.1775,1.1075110013229208,142.55658981294357,143.6641008142665
8.18,1.160324221659998,142.50377692204,143.6641011437
8.182500000000001,1.2380188291280487,142.42608262936542,143.66410145849346
8.185,1.3377065300221562,142.32639520440185,143.664101734424
8.1875,1.4567949281226968,142.20730703335778,143.66410196148047
8.19,1.5930087399942998,142.07109339907726,143.66410213907156
8.1925,1.744394020073403,141.91970825152544,143.66410227159884
8.195,1.909312048396497,141.75479031690355,143.66410236530004
8.1975,2.086427781742594,141.57767464462125,143.66410242636385
8.2,2.2746962500899004,141.38940620988095,143.66410245997085
8.2025,2.4733491042634705,141.19075336563446,143.66410246989793
8.205,2.6818826712047774,140.9822197872076,143.6641024584124
8.2075,2.9000482853227596,140.76405414096206,143.6641024262848
8.21,3.1278452632948377,140.5362571095269,143.66410237282173
8.2125,3.365516607373423,140.29858568851603,143.66410229588945
8.215,3.6135473004371077,140.05055489149345,143.66410219193057
8.2175,3.872664844577644,139.7914372114597,143.66410205603736
8.22,4.143841448007709,139.52026043417513,143.66410188218285
8.2225,4.428296938029692,139.2358047257714,143.6641016638011
8.225,4.7275010268486195,138.93660036812594,143.66410139497455
8.227500000000001,5.043172943694977,138.62092812887448,143.66410107256945
8.23,5.3772756516854665,138.2868250479354,143.66410069962086
8.2325,5.73200091966531,137.93209937032455,143.66410028998985
8.235,6.109740543074631,137.55435933048955,143.66409987356417
8.2375,6.513038292332112,137.1510612075708,143.6640994999029
8.24,6.944517227632644,136.71958200891393,143.66409923654658
8.2425,7.406778594694913,136.25732056280503,143.66409915749995
8.245000000000001,7.9022723923668465,135.76182692762748,143.66409931999434
8.2475,8.433146247810889,135.23095348744184,143.66409973525273
8.25,9.001087684086272,134.6630126646897,143.66410034877595
8.2525,9.607182752903704,134.05691829526359,143.66410104816728
8.255,10.251817499755125,133.41228420293425,143.66410170268938
8.2575,10.93464441609834,132.72945779850014,143.66410221459847
8.26,11.6546235010151,132.00947904937487,143.66410255038997
8.2625,12.410130720162702,131.25397201514042,143.66410273530312
8.265,13.199112100884104,130.46499072146793,143.66410282235202
8.2675,14.01925485128401,129.64484800942046,143.66410286070447
8.27,14.868148983216734,128.79595389648793,143.66410287970467
8.2725,15.743421128591716,127.92068176035946,143.66410288895116
8.275,16.642832166694703,127.02127071954924,143.66410288624394
8.2775,17.56433849556082,126.09976437024523,143.66410286580606
8.28,18.506121846796855,125.1579809765986,143.66410282339544
8.2825,19.466594648370442,124.19750810985245,143.6641027582229
8.285,20.444388018080808,123.2197146547836,143.6641026728644
8.2875,21.43832850653522,122.22577406578768,143.6641025723229
8.290000000000001,22.447408417108264,121.21669404583542,143.66410246294367
8.2925,23.470753311127062,120.19334904035242,143.66410235147947
8.295,24.507589320906586,119.15651292346554,143.66410224437212
8.2975,25.557212161256544,118.10688998597472,143.66410214723126
8.3,26.618959205151555,117.04514285931805,143.6641020644696
8.3025,27.69218560500797,115.97191639406603,143.664101999074
8.305,28.77624513618659,114.88785681632025,143.66410195250683
8.307500000000001,29.87047616937511,113.79362575536376,143.66410192473887
8.31,30.974192918946923,112.68990899546128,143.6641019144082
8.3125,32.08668185965009,111.577420059435,143.66410191908508
8.315,33.20720296290892,110.45689897269895,143.66410193560787
8.3175,34.334995193667844,109.32910676677562,143.66410196044347
8.32,35.46928554756667,108.1948164424607,143.66410199002738
8.3225,36.60930081032832,107.0548012107179,143.66410202104623
8.325,37.75428119225572,105.90982085837788,143.6641020506336
8.3275,38.903495026849164,104.76060704963159,143.66410207648076
8.33,40.05625381155508,103.60784828530632,143.6641020968614
8.3325,41.211926993016824,102.45217511758094,143.66410211059775
8.335,42.36995603938172,101.29414607760197,143.66410211698368
8.3375,43.52986748002686,100.13423463566403,143.6641021156909
8.34,44.691284713554666,98.97281739312375,143.6641021066784
8.3425,45.85393847741129,97.81016361270645,143.66410209011775
8.345,47.0176759304389,96.64642613590479,143.66410206634367
8.3475,48.18246831977679,95.48163371605958,143.66410203583638
8.35,49.34841718467344,94.31568481456773,143.66410199924115
8.352500000000001,50.51575899205927,93.14834296536168,143.66410195742094
8.355,51.684868002949884,91.97923390859502,143.6641019115449
8.3575,52.8562570363939,90.80784482680713,143.66410186320104
8.36,54.030575632059254,89.63352618246395,143.6641018145232
8.3625,55.2086049206993,88.45549684759544,143.66410176829476
8.365,56.39124830792213,87.27285342006031,143.66410172798246
8.3675,57.579516886725514,86.08458481088711,143.66410169761264
8.370000000000001,58.77450836093152,84.88959332046107,143.6641016813926
8.3725,59.97737824866064,83.68672343430703,143.66410168296767
8.375,61.18930232724618,82.47479937702093,143.66410170426713
8.3775,62.411429775284816,81.25267196875353,143.66410174403836
8.38,63.64482734837894,80.0192744480372,143.66410179641613
8.3825,64.89041622174568,78.77368562841501,143.6641018501607
8.385,66.14890476245017,77.5151971269098,143.66410188935998
8.3875,67.42072221146547,76.24337968469305,143.6641018961585
8.39,68.70595964704829,74.95814220828584,143.66410185533414
8.3925,70.00432515962697,73.6597765998122,143.66410175943918
8.395,71.3151194673315,72.34898214511092,143.66410161244244
8.3975,72.6372361078937,71.0268653220893,143.664101429983
8.4,73.969187167082,69.69491406866771,143.6641012357497
8.4025,75.30915196448433,68.35494909083266,143.664101055317
8.405,76.65504310010087,67.00905780981239,143.66410090991326
8.4075,78.00458248308598,65.65951832926292,143.66410081234892
8.41,79.35537970085451,64.30872106516865,143.66410076602318
8.4125,80.70500615070264,62.95909461582354,143.6641007665262
8.415000000000001,82.05106023636124,61.6130405682098,143.66410080457104
8.4175,83.39122104210568,60.272879826888925,143.6641008689946
8.42,84.72328977353594,58.94081117550992,143.66410094904586
8.4225,86.0452196437356,57.61888139198052,143.66410103571613
8.425,87.35513572970942,56.30896539252382,143.66410112223323
8.4275,88.65134669977516,55.01275450421819,143.66410120399334
8.43,89.93235034713194,53.731750931069165,143.66410127820112
8.432500000000001,91.19683469002473,52.46726665338974,143.66410134341447
8.435,92.44367612137529,51.22042527774153,143.66410139911682
8.4375,93.67193578356333,49.992165661802844,143.66410144536616
8.44,94.88085505008718,48.78324643245031,143.6641014825375
8.4425,96.06985073512476,47.59425077602097,143.66410151114573
8.445,97.23851042968553,46.425591102057396,143.66410153174292
8.4475,98.3865881754847,45.27751336938216,143.66410154486687
8.45,99.51400052722734,44.1501010238035,143.66410155103085
8.4525,100.62082291168196,43.04327863906707,143.66410155074902
8.455,101.70728605951369,41.95681548507146,143.66410154458515
8.4575,102.77377215724671,40.89032937597716,143.66410153322386
8.46,103.82081023924695,39.84329127830554,143.6641015175525
8.4625,104.84907021561125,38.81503128313213,143.66410149874338
8.465,105.85935482029583,37.80474665801625,143.6641014783121
8.4675,106.85258868212307,36.811512776000406,143.66410145812347
8.47,107.82980369617901,35.83429774413043,143.66410144030945
8.4725,108.79211993971305,34.87198148735339,143.66410142706644
8.475,109.74072157409027,33.92337984623603,143.6641014203263
8.477500000000001,110.67682753622485,32.98727388511208,143.66410142133694
8.48,111.60165736242672,32.06244406782631,143.66410143025303
8.4825,112.51639317939771,31.147708266491488,143.6641014458892
8.485,113.42213966240215,30.24196180338717,143.66410146578932
8.4875,114.3198844648032,29.344217021888777,143.66410148669198
8.49,115.21046209561996,28.453639409703584,143.66410150532354
8.4925,116.09452430045096,27.569577218830855,143.66410151928181
8.495000000000001,116.97251959094078,26.691581936752037,143.66410152769282
8.4975,117.84468368950274,25.81941784189216,143.66410153139492
8.5,118.71104145784592,24.95306007474479,143.6641015325907
8.5025,119.57141959979685,24.092681934337556,143.6641015341344
8.505,120.42546832753723,23.23863321120028,143.6641015387375
8.5075,121.27268944980993,22.39141209855387,143.66410154836382
8.51,122.11246806218912,21.55163350175908,143.6641015639482
8.5125,122.94410515778529,20.71999642765119,143.66410158543647
8.515,123.76684891449977,19.89725269753847,143.66410161203825
8.5175,124.57992300449854,19.08417863806002,143.66410164255856
8.52,125.38255087980201,18.28155079590575,143.66410167570777
8.5225,126.17397552190093,17.49012618842526,143.66410171032618
8.525,126.95347455637291,16.710627189135216,143.66410174550813
8.5275,127.72037091706363,15.943730863574952,143.6641017806386
8.53,128.4740394149223,15.190062400442805,143.6641018153651
8.5325,129.21390965238885,14.450192197135898,143.66410184952474
8.535,129.93946575588865,13.724636127165873,143.6641018830545
8.5375,130.6502434032177,13.01385851267384,143.66410191589154
8.540000000000001,131.34582461943035,12.318277328463052,143.66410194789339
8.5425,132.02583081624354,11.638271162532645,143.6641019787762
8.545,132.6899145603279,10.97418744776824,143.66410200809614
8.5475,133.33775057232344,10.32635146295083,143.66410203527428
8.55,133.96902647290239,9.695075586764512,143.6641020596669
8.5525,134.58343379331308,9.080668287355634,143.6641020806687
8.555,135.1806597440931,8.483442353735255,143.66410209782836
8.557500000000001,135.7603801786295,7.903721932318539,143.66410211094805
8.56,136.32225409556114,7.341848024579555,143.66410212014068
8.5625,136.86591990077295,6.7981822250561645,143.66410212582912
8.565,137.39099350815678,6.273108620531016,143.6641021286878
8.5675,137.89706821533125,5.767033914210346,143.6641021295416
8.57,138.3837161639452,5.280385965303978,143.66410212924916
8.5725,138.850491098713,4.8136110298798185,143.66410212859282
8.575000000000001,139.29693208358495,4.3671700446158095,143.66410212820077
8.5775,139.72256781877167,3.9415343097346325,143.6641021285063
8.58,140.12692122365047,3.5371809060930137,143.6641021297435
8.5825,140.50951399840017,3.154588133571664,143.66410213197182
8.585,140.8698709403614,2.79423119475682,143.66410213511824
8.5875,141.20752385904413,2.4565782799771143,143.66410213902125
8.59,141.52201499804985,2.1420871454234844,143.66410214347334
8.5925,141.81289992741756,1.85120222083768,143.66410214825524
8.595,142.07974991333606,1.5843522398224168,143.66410215315847
8.5975,142.32215380332872,1.3419483546719182,143.66410215800065
8.6,142.53971948494763,1.1243826776834547,143.66410216263108
8.602500000000001,142.7320749866463,0.9320271802864079,143.6641021669327
8.605,142.89886929299814,0.765232877820044,143.66410217081818
8.6075,143.03977294493805,0.6243292292877763,143.66410217422583
8.61,143.1544784910311,0.5096236860836396,143.66410217711476
8.6125,143.2427008493919,0.4214013300663442,143.66410217945824
8.615,143.30417763287835,0.3599245483613793,143.66410218123974
8.6175,143.33866948330228,0.3254326991461971,143.6641021824485
8.620000000000001,143.34596045414565,0.3181417289299724,143.6641021830756
8.6225,143.32585847591758,0.3382437071938627,143.66410218311145
8.625,143.2781959339702,0.38590624857267597,143.66410218254288
8.6275,143.20283038535422,0.46127179599690005,143.66410218135113
8.63,143.09964543910735,0.5644567404030268,143.66410217951037
8.6325,142.96855182315568,0.6955503538298617,143.66410217698555
8.635,142.809488660684,0.8546135130472177,143.6641021737312
8.637500000000001,142.62242497925607,1.0416771904328508,143.66410216968893
8.64,142.40736147701446,1.2567406877722522,143.66410216478673
8.6425,142.16433257174393,1.499769587190554,143.66410215893447
8.645,141.89340876024292,1.7706933917812606,143.66410215202418
8.6475,141.59469931691856,2.0694028270070715,143.66410214392565
8.65,141.26835536140425,2.395746773081271,143.66410213448552
8.6525,140.91457332456775,2.749528798957153,143.6641021235249
8.655,140.53359883964208,3.1305032711985286,143.66410211084062
8.6575,140.12573107900485,3.53837101720422,143.66410209620906
8.66,139.69132754552967,3.972774533864407,143.66410207939407
8.6625,139.23080930789519,4.433292752272996,143.66410206016818
8.665000000000001,138.74466663834295,4.9194354000015394,143.66410203834448
8.6675,138.23346496477606,5.430637049054142,143.66410201383022
8.67,137.69785098130026,5.966251005411088,143.66410198671136
8.6725,137.13855866605738,6.5255432913107985,143.6641019573682
8.675,136.5564148261073,7.107687100527398,143.6641019266347
8.6775,135.95234362112734,7.711758274855667,143.664101895983
8.68,135.32736931027438,8.336732557434262,143.66410186770864
8.682500000000001,134.68261622817295,8.981485616870549,143.6641018450435
8.685,134.01930475135026,9.644797080730312,143.66410183208058
8.6875,133.3387418146121,10.325360018730684,143.66410183334278
8.69,132.64230445858232,11.021797394246274,143.6641018528286
8.6925,131.93141504740834,11.732686845064524,143.66410189247287
8.695,131.20750731789622,12.456594632334594,143.66410195023082
8.6975,130.4719834109406,13.192118607482547,143.66410201842314
8.700000000000001,129.72616350096195,13.937938582398694,143.66410208336063
8.7025,128.97123141271777,14.692870714531029,143.6641021272488
8.705,128.20818131261802,15.455920819966915,143.66410213258493
8.7075,127.43777163413806,16.226330453712944,143.664102087851
8.71,126.66049231369894,17.00360967838802,143.66410199208696
8.7125,125.87654992652774,17.787551929458353,143.6641018559861
8.715,125.08587265444152,18.578229044330435,143.66410169877196
8.7175,124.288133882361,19.375967659973444,143.66410154233444
8.72,123.48279048900679,20.18131091630808,143.66410140531488
8.7225,122.66913026216396,20.994971037232105,143.66410129939607
8.725,121.84632257413595,21.817778654393845,143.6641012285298
8.727500000000001,121.01346728276548,22.650633907654957,143.66410119042044
8.73,120.16963829382803,23.49446288516985,143.66410117899787
8.7325,119.31391982465826,24.350181362125355,143.66410118678363
8.735,118.44543478408141,25.21866642250353,143.66410120658495
8.7375,117.56336566137122,26.10073557103915,143.66410123241036
8.74,116.66696888548677,26.99713237428365,143.6641012597704
8.7425,115.75558385237488,27.908517433224446,143.66410128559932
8.745000000000001,114.82863782820661,28.83546347979216,143.66410130799878
8.7475,113.8856478167764,29.778453509160112,143.6641013259365
8.75,112.92622030238368,30.737881036592327,143.66410133897602
8.7525,111.95004959195455,31.714051755104734,143.66410134705927
8.755,110.95691530771639,32.70718604263393,143.6641013503503
8.7575,109.94667943567185,33.71742191345711,143.66410134912897
8.76,108.91928321798503,34.74481812574233,143.66410134372734
8.762500000000001,107.87474408701533,35.78935724747463,143.66410133448997
8.765,106.81315277097391,36.850948550785134,143.66410132175906
8.7675,105.7346706512302,37.92943065464087,143.66410130587107
8.77,104.63952741468474,39.024573872477994,143.66410128716274
8.7725,103.52801901723782,40.136082248746334,143.66410126598416
8.775,102.4005059526837,41.26359529003581,143.6641012427195
8.7775,101.25741180219072,42.406689415617315,143.66410121780802
8.78,100.09922202010138,43.56487917167664,143.664101191778
8.7825,98.9264828893995,44.73761827587957,143.66410116527908
8.785,97.73980055251711,45.92430058661084,143.66410113912795
8.7875,96.53983998791367,47.124261126439364,143.66410111435303
8.790000000000001,95.32732375858257,48.33677733366045,143.66410109224302
8.7925,94.10303030474577,49.561070769639514,143.6641010743853
8.795,92.86779149104605,50.79630957162945,143.6641010626755
8.7975,91.62248905324837,52.04161200602441,143.66410105927278
8.8,90.36804953033658,53.2960515361185,143.6641010664551
8.8025,89.10543723088776,54.55866385543769,143.66410108632545
8.805,87.83564479101523,55.82845632931071,143.66410112032594
8.807500000000001,86.55968096488499,57.104420203664425,143.66410116854942
8.81,85.27855548012897,58.38554574878883,143.6641012289178
8.8125,83.9932611149183,59.670840181499166,143.66410129641747
8.815,82.7047536151137,60.95934774760329,143.664101362717
8.8175,81.4139306338109,62.250170782749535,143.66410141656044
8.82,80.12161145410215,63.54248999111928,143.66410144522143
8.8225,78.82851971013798,64.83558172682568,143.66410143696368
8.825000000000001,77.53527148845947,66.12882989549598,143.66410138395545
8.8275,76.24237093711724,67.42173034755591,143.66410128467317
8.83,74.95021479320161,68.71388635161492,143.66410114481653
8.8325,73.65910615415345,70.0049948221118,143.66410097626525
8.835,72.36927658414172,71.29482421027191,143.66410079441363
8.8375,71.08091454058233,72.58318607429257,143.66410061487488
8.84,69.79419736301682,73.86990308766681,143.66410045068363
8.8425,68.50932380154862,75.15477650919522,143.66410031074383
8.845,67.2265442448174,76.43755595483307,143.66410019965048
8.8475,65.94618630002716,77.71791381850517,143.66410011853233
8.85,64.66867400245334,78.99542606388931,143.66410006634266
8.852500000000001,63.39453953750552,80.2695605036021,143.66410004110762
8.855,62.12442685601221,81.53967318479292,143.66410004080512
8.8575,60.85908693367257,82.80501313008784,143.66410006376043
8.86,59.599364703450114,84.06473540511368,143.6641001085638
8.8625,58.34617794036893,85.31792223324365,143.66410017361258
8.865,57.100488672499665,86.56361158394078,143.66410025644046
8.8675,55.86326808426525,87.80083226877846,143.66410035304372
8.870000000000001,54.635456387636026,89.02864406982349,143.6641004574595
8.8725,53.417919732610386,90.24618082923573,143.6641005618461
8.875,52.211406824199884,91.45269383302222,143.6641006572221
8.8775,51.01650837543881,92.6475923593899,143.6641007348287
8.88,49.83362270215596,93.83047808567025,143.66410078782621
8.8825,48.66293052935604,95.00117028347651,143.66410081283254
8.885,47.504381382358815,96.15971942842117,143.66410081077998
8.887500000000001,46.357692841937464,97.3064079448178,143.66410078675528
8.89,45.22236262659118,98.44173812226566,143.66410074885684
8.8925,44.09769216990193,99.56640853653835,143.66410070644028
8.895,42.98281932659745,100.68128134170453,143.66410066830198
8.8975,41.8767572339247,101.78734340736034,143.66410064128505
8.9,40.77843622805329,102.88566440151394,143.66410062956723
8.9025,39.68674600989897,103.97735462472573,143.6641006346247
8.905,38.600575837972585,105.06352481770693,143.66410065567953
8.9075,37.5188512405863,106.14524944979681,143.66410069038312
8.91,36.44056644808285,107.22353428742517,143.66410073550801
8.9125,35.36481235331502,108.29928843420127,143.6641007875163
8.915000000000001,34.29080026898313,109.37330057396237,143.66410084294552
8.9175,33.21788205662111,110.44621884199302,143.66410089861412
8.92,32.145567371955366,111.51853357972327,143.66410095167862
8.9225,31.073538834173746,112.59056216541714,143.6641009995909
8.925,30.001665912273744,113.66243512771115,143.6641010399849
8.9275,28.93001825465601,114.73408281587578,143.66410107053179
8.93,27.85887908444041,115.8052220043424,143.66410108878281
8.932500000000001,26.78875914911187,116.87534194290275,143.66410109201462
8.935,25.72041154591185,117.94368953119982,143.66410107711167
8.9375,24.65484753114752,119.00925350936079,143.6641010405083
8.94,23.59335314031064,120.07074783794745,143.6641009782581
8.9425,22.537506065474602,121.12659482083853,143.66410088631312
8.945,21.48919171879033,122.17490904234585,143.66410076113618
8.9475,20.45061671608181,123.21348388470851,143.66410060079033
8.950000000000001,19.424317113094922,124.23978329352686,143.66410040662177
8.9525,18.41315762387532,125.25094256163263,143.66410018550795
8.955,17.42031682612089,126.24378312617766,143.66409995229856
8.9575,16.44925222583413,127.21484750566839,143.66409973150252
8.96,15.50363842501213,128.16046113155454,143.66409955656667
8.9625,14.587272154786762,129.07682730999304,143.6640994647798
8.965,13.703940403953126,129.96015908280464,143.66409948675778
8.9675,12.857252972955955,130.80684665947382,143.66409963242978
8.97,12.050448557323431,131.61365132239013,143.66409987971355
8.9725,11.286192686806324,132.3779074876419,143.6641001744482
8.975,10.566393748789572,133.09770669757458,143.66410044636416
8.977500000000001,9.892066256474877,133.77203437924987,143.66410063572476
8.98,9.26326571198436,134.40083500413073,143.6641007161151
8.9825,8.679106984646683,134.98499371540282,143.66410070004952
8.985,8.137861775879454,135.52623885008165,143.6641006259611
8.9875,7.637116154456253,136.02698438263906,143.66410053709532
8.99,7.173960996944887,136.49013946807918,143.66410046502406
8.9925,6.745187911250534,136.91891251248404,143.66410042373457
8.995000000000001,6.347469042554048,137.31663136992597,143.66410041248002
8.9975,5.977507666670334,137.68659275559318,143.66410042226352
9.0,5.632154596127522,138.03194584566603,143.66410044179355
9.0025,5.308491421808297,138.3556090393679,143.6641004611762
9.005,5.003885086340228,138.66021538707176,143.664100473412
9.0075,4.716019656376137,138.94808081810282,143.66410047447897
9.01,4.442911135506147,139.22118932727582,143.66410046278196
9.012500000000001,4.182910389075495,139.4811900493886,143.6641004384641
9.015,3.934698201260579,139.72940220157145,143.66410040283202
9.0175,3.697275427218808,139.96682493074906,143.66410035796787
9.02,3.4699502700620917,140.19415003645278,143.66410030651488
9.0225,3.2523239462972517,140.41177630530328,143.66410025160053
9.025,3.044275400744141,140.61982479610353,143.66410019684767
9.0275,2.845945271241238,140.81815487518028,143.66410014642153
9.03,2.657718961226948,141.00638114383727,143.66410010506422
9.0325,2.480208437455728,141.18389164059758,143.6641000780533
9.035,2.314232223645896,141.34986784738308,143.66410007102897
9.0375,2.16079301207564,141.50330707754114,143.66410008961677
9.040000000000001,2.0210523758890195,141.64304776291752,143.66410013880653
9.0425,1.8963022504913967,141.76779797158798,143.66410022207938
9.045,1.7879331742872866,141.8761671660692,143.66410034035647
9.0475,1.697399733952316,141.9667007569808,143.66410049093312
9.05,1.6261842184332873,142.0379164482369,143.66410066667018
9.0525,1.575760085258824,142.08834077047928,143.6641008557381
9.055,1.5475573834215708,142.11654365875899,143.66410104218056
9.057500000000001,1.5429326358714237,142.12116857148823,143.66410120735966
9.06,1.5631457402056483,142.10095559190805,143.6641013321137
9.0625,1.6093461129246736,142.05475528627596,143.66410139920063
9.065,1.682569562626853,141.9815318328874,143.66410139551428
9.0675,1.7837462938422894,141.88035501981997,143.66410131366226
9.07,1.913719147367905,141.75038200540615,143.66410115277407
9.0725,2.07326983802154,141.59083108072429,143.66410091874582
9.075000000000001,2.263149706594138,141.4009509177099,143.66410062430404
9.0775,2.4841104665053133,141.17998982271234,143.66410028921766
9.08,2.7369296644674517,140.92717027611857,143.66409994058603
9.0825,3.022425157087185,140.64167445540346,143.66409961249065
9.085,3.341452967165055,140.3226463764524,143.66409934361747
9.0875,3.694883682117764,139.96921548916634,143.6640991712841
9.09,4.083554463023921,139.5805446583483,143.6640991213722
9.0925,4.50819709148961,139.15590210500642,143.66409919649604
9.095,4.969347310776169,138.69475205763507,143.66409936841123
9.0975,5.46724632232542,138.1968532597021,143.66409958202752
9.1,6.001750066837285,137.66234970694452,143.6640997737818
9.102500000000001,6.572263673243135,137.0918362239744,143.66409989721754
9.105,7.177715508641144,136.4863844324881,143.66409994112925
9.1075,7.81657767056909,135.84752225851474,143.66409992908385
9.11,8.486929824878613,135.17717007723735,143.66409990211596
9.1125,9.186554560934741,134.47754533628375,143.6640998972185
9.115,9.913047819201047,133.75105211475304,143.66409993395408
9.1175,10.663928271293246,133.00017174167596,143.66410001296921
9.120000000000001,11.436733534069536,132.22736658831735,143.66410012238688
9.1225,12.229096550782467,131.43500369517022,143.66410024595268
9.125,13.038800437152805,130.62529993181934,143.66410036897216
9.1275,13.863813550623275,129.80028693042462,143.66410048104788
9.13,14.70230835162532,128.96179222475473,143.66410057638006
9.1325,15.552668142935337,128.11143250988485,143.6641006528202
9.135,16.413485493519637,127.25061521707532,143.66410071059497
9.137500000000001,17.283555501242674,126.380545249936,143.6641007511787
9.14,18.16186630731562,125.5022344691639,143.66410077647953
9.1425,19.04758859669258,124.61651219163942,143.664100788332
9.145,19.940065263849057,123.72403552436855,143.6641007882176
9.1475,20.838802000824323,122.82529877631116,143.66410077713547
9.15,21.74345925715455,121.9206414984082,143.66410075556274
9.1525,22.653845803712613,121.0102549197395,143.66410072345212
9.155,23.56991397840411,120.09418670185363,143.66410068025775
9.1575,24.491756577664063,119.17234404730027,143.66410062496433
9.16,25.41960526379522,118.2444952923419,143.6641005561371
9.1625,26.353830266876926,117.31027020512255,143.66410047199946
9.165000000000001,27.29494105565336,116.36915931491833,143.6641003705717
9.1675,28.24358751964619,115.42051273026868,143.66410024991487
9.17,29.200561030749313,114.46353907778675,143.66410010853605
9.1725,30.166794524646996,113.4973054213824,143.6640999460294
9.175,31.14336045335975,112.52073931064837,143.6640997640081
9.1775,32.13146511413855,111.53263445321173,143.66409956735026
9.18,33.132437482234614,110.53166188340913,143.66409936564375
9.182500000000001,34.1477103276515,109.51638884685761,143.66409917450912
9.185,35.17879119402614,108.48530782211512,143.66409901614125
9.1875,36.22722094213892,107.43687797597127,143.6640989181102
9.19,37.29451824893116,106.36958066046054,143.6640989093917
9.1925,38.382109947405255,105.28198906583404,143.6640990132393
9.195,39.491249521187754,104.17284971689813,143.6640992380859
9.1975,40.62292926594847,103.04117030387759,143.66409956982608
9.200000000000001,41.777794976956265,101.88630499318579,143.66409997014205
9.2025,42.956074431706725,100.70802595237619,143.66410038408293
9.205,44.157531161460255,99.50656959399608,143.66410075545633
9.2075,45.38145224648402,98.28264879693155,143.66410104341557
9.21,46.6266733946437,97.03742783758022,143.6641012322239
9.2125,47.8916378586627,95.77246347161103,143.66410133027372
9.215,49.174479942893356,94.48962141793737,143.66410136083073
9.2175,50.47312069583254,93.19098065484792,143.66410135068045
9.22,51.78536345762857,91.8787378643097,143.66410132193826
9.2225,53.10897956407153,90.55512172474124,143.6641012888128
9.225,54.44177835176838,89.22232290644556,143.66410125821392
9.227500000000001,55.78165935853248,87.88244187356008,143.66410123209255
9.23,57.12664745858821,86.537453751273,143.6641012098612
9.2325,58.4749133677807,85.1891878223418,143.6641011901225
9.235,59.82478264370618,83.83931852790022,143.6641011716064
9.2375,61.17473629859201,82.48936485492999,143.66410115352198
9.24,62.523405749682105,81.14069538589334,143.66410113557544
9.2425,63.86956428839407,79.79453682945069,143.66410111784478
9.245000000000001,65.21211670193996,78.45198439869031,143.66410110063026
9.2475,66.55008820316668,77.1140128811562,143.66410108432288
9.25,67.8826134418461,75.78148762746864,143.66410106931474
9.2525,69.20892608235123,74.45517497358983,143.66410105594105
9.255,70.5283492253404,73.13575181911395,143.66410104445436
9.2575,71.84028680779932,71.82381422721224,143.66410103501156
9.26,73.14421602056365,70.51988500711509,143.66410102767873
9.262500000000001,74.43968072172402,69.22442030071238,143.6641010224364
9.265,75.7262857876778,67.93781523151497,143.66410101919277
9.2675,77.00369232315221,66.66040869464152,143.6641010177937
9.27,78.27161364176686,65.39248737626866,143.66410101803552
9.2725,79.52981192564707,64.1342890940272,143.66410101967426
9.275,80.77809547364603,62.88600554878916,143.6641010224352
9.2775,82.01631645106167,61.64778457495848,143.66410102602015
9.28,83.24436905823003,60.4197319718846,143.66410103011464
9.2825,84.46218804029635,59.20191299409531,143.66410103439165
9.285,85.6697474654055,57.99435357311148,143.66410103851697
9.2875,86.8670597032539,56.797041338898374,143.66410104215228
9.290000000000001,88.05417454031769,55.609926504639624,143.6641010449573
9.2925,89.23117837206931,54.432922674524626,143.66410104659394
9.295,90.39819341609422,53.26590763063449,143.66410104672872
9.2975,91.55537689322267,52.10872415181416,143.66410104503683
9.3,92.70292012651036,50.96118091469788,143.66410104120826
9.3025,93.8410475100018,49.82305352495311,143.6641010349549
9.305,94.97001530043502,48.69408572558647,143.66410102602148
9.307500000000001,96.09011018500689,47.57399082919232,143.66410101419922
9.31,97.20164757649732,46.4624534228461,143.66410099934342
9.3125,98.30496958282477,45.359131398571286,143.66410098139605
9.315,99.40044259079704,44.2636583696124,143.66410096040943
9.3175,100.48845439287015,43.17564654370422,143.66410093657436
9.32,101.56941077078739,42.09469013945872,143.6641009102461
9.3225,102.64373143127987,41.02036945068499,143.66410088196486
9.325000000000001,103.7118451675858,39.95225568488114,143.66410085246696
9.3275,104.77418409858562,38.88991672409197,143.6641008226776
9.33,105.83117681856103,37.832923975118845,143.6641007936799
9.3325,106.88324028033492,36.780860486312164,143.6641007666471
9.335,107.9307702400246,35.73333050271597,143.66410074274057
9.3375,108.97413012134602,34.68997060161586,143.66410072296188
9.34,110.013638220588,33.650462487386136,143.66410070797414
9.3425,111.04955327820977,32.61454741969576,143.66410069790552
9.345,112.08205859460361,31.582042097564475,143.6641006921681
9.3475,113.11124506471552,30.552855624627377,143.6641006893429
9.35,114.1370937382897,29.52700694889035,143.66410068718005
9.352500000000001,115.15945875679,28.504641925976387,143.6641006827664
9.355,116.17805173905126,27.48604893383144,143.66410067288268
9.3575,117.1924288401394,26.471671814381374,143.66410065452078
9.36,118.20198174410984,25.462118881364724,143.66410062547456
9.3625,119.20593373299829,24.458166851871574,143.66410058486986
9.365,120.20334168580253,23.460758847678072,143.6641005334806
9.3675,121.19310442000128,22.47099605371797,143.66410047371926
9.370000000000001,122.1739772478767,21.490123161408075,143.66410040928477
9.3725,123.1445920618535,20.51950828268668,143.66410034454017
9.375,124.10348177817542,19.560618505612926,143.66410028378834
9.3775,125.04910763417881,18.614992596443194,143.664100230622
9.38,125.97988769658616,17.684212490903313,143.66410018748948
9.3825,126.89422500050152,16.76987515503393,143.66410015553544
9.385,127.79053396713103,15.873566167562933,143.66410013469397
9.387500000000001,128.66726408411517,14.996836039837579,143.66410012395275
9.39,129.52292021000255,14.141179911692246,143.6641001216948
9.3925,130.3560792260498,13.308020899978501,143.6641001260283
9.395,131.1654030637403,12.49869707131638,143.66410013505669
9.3975,131.94964836446115,11.714451782598829,143.66410014705997
9.4,132.70767317526284,10.956426985333469,143.66410016059632
9.4025,133.43844116003248,10.225659014501588,143.66410017453407
9.405,134.14102382363853,9.5230763644001,143.66410018803865
9.4075,134.81460122416433,8.8494989763695,143.66410020053382
9.41,135.45846160040304,8.205638611249706,143.66410021165274
9.4125,136.0720002805328,7.59209994065214,143.66410022118492
9.415000000000001,136.65471817213262,7.009382056900296,143.66410022903293
9.4175,137.20622006904358,6.45788016613308,143.66410023517665
9.42,137.72621295012334,5.937887289521436,143.66410023964477
9.4225,138.21450438984064,5.449595852658526,143.66410024249916
9.425,138.67100115074393,4.993099093080577,143.66410024382452
9.4275,139.09570798225985,4.568392261468783,143.66410024372863
9.43,139.48872660768785,4.175373634658843,143.6641002423467
9.432500000000001,139.8502548403727,3.813845399482739,143.66410023985546
9.435,140.18058572967846,3.483514506809894,143.66410023648834
9.4375,140.48010659696968,3.1839936355895664,143.66410023255924
9.44,140.74929778135342,2.9148024471302705,143.66410022848368
9.4425,140.98873087563496,2.6753693491647246,143.66410022479968
9.445,141.19906619718114,2.4650340250011316,143.66410022218227
9.4475,141.38104921018905,2.283051011251912,143.66410022144095
9.450000000000001,141.5355056009049,2.1285946225921073,143.66410022349703
9.4525,141.66333471275277,2.000765516578499,143.66410022933127
9.455,141.76550108214235,1.8985991577514643,143.66410023989383
9.4575,141.8430238855545,1.8210763704311854,143.66410025598566
9.46,141.8969642196124,1.7671360585037215,143.66410027811614
9.4625,141.92841028884308,1.7356900175203096,143.6641003063634
9.465,141.93846076394638,1.7256395763237593,143.66410034027015
9.4675,141.92820678086795,1.7358935979416985,143.66410037880965
9.47,141.89871325292592,1.7653871675246144,143.66410042045052
9.4725,141.85100033325784,1.8131001300691645,143.664100463327
9.475,141.78602596042273,1.87807454507243,143.66410050549516
9.477500000000001,141.70467041997045,1.959430125253416,143.66410054522387
9.48,141.60772374700608,2.056376834251441,143.66410058125751
9.4825,141.4958765860564,2.168224026932895,143.6641006129893
9.485,141.3697148411838,2.2943857993264083,143.6641006405102
9.4875,141.22971813204833,2.434382532478556,143.6641006645269
9.49,141.07626176677832,2.587838919405593,143.6641006861839
9.4925,140.9096216915591,2.7544790152730823,143.6641007068322
9.495000000000001,140.72998170840964,2.934119019389936,143.66410072779956
9.4975,140.5374421782339,3.126658571967857,143.66410075020175
9.5,140.33202944120222,3.3320713336134666,143.6641007748157
9.5025,140.11370527394416,3.550395528072961,143.66410080201712
9.505,139.8823758396512,3.7817249921302896,143.66410083178147
9.5075,139.6378997486434,4.026201115083775,143.66410086372719
9.51,139.38009501181273,4.284005885380943,143.66410089719366
9.512500000000001,139.10874482087848,4.555356110458241,143.66410093133672
9.515,138.8236022161859,4.8404987490482565,143.66410096523416
9.5175,138.52439379812733,5.1397071998617445,143.66410099798907
9.52,138.21082269945705,5.453278329364556,143.66410102882162
9.5225,137.88257106323323,5.78152999390829,143.66410105714152
9.525,137.53930226790604,6.124798814686827,143.66410108259288
9.5275,137.18066311240045,6.483437992667953,143.6641011050684
9.53,136.80628612678,6.857814997909404,143.6641011246894
9.5325,136.41579211615073,7.248309025613512,143.66410114176423
9.535,136.00879298489144,7.655308171833412,143.66410115672485
9.5375,135.58489483244907,8.079206337612538,143.6641011700616
9.540000000000001,135.1437012664337,8.520399915827456,143.66410118226116
9.5425,134.68481684714993,8.979284346606377,143.66410119375632
9.545,134.20785056113223,9.456250643762077,143.6641012048943
9.5475,133.7124192187515,9.951681997172063,143.66410121592358
9.55,133.19815067999747,10.465950546995153,143.6641012269926
9.5525,132.66468682973613,10.99941440842653,143.66410123816266
9.555,132.11168624548523,11.552415003942162,143.6641012494274
9.557500000000001,131.5388265238435,12.125274736886372,143.6641012607299
9.56,130.94580625365342,12.718295018331618,143.66410127198503
9.5625,130.3323466430125,13.331754640081174,143.6641012830937
9.565,129.69819282256856,13.965908471387486,143.66410129395604
9.5675,129.0431148588195,14.620986445660801,143.6641013044803
9.57,128.36690851868426,15.297192795903221,143.66410131458747
9.5725,127.66939583092372,15.994705493290532,143.66410132421424
9.575000000000001,126.95042549174792,16.71367584156458,143.6641013333125
9.5775,126.20987316185256,17.454228179996907,143.66410134184946
9.58,125.44764170081277,18.216459648993318,143.6641013498061
9.5825,124.66366138279515,19.000439974378814,143.66410135717396
9.585,123.85789013536855,19.806211228584857,143.66410136395342
9.5875,123.03031384113254,20.633787529019756,143.6641013701523
9.59,122.18094674018698,21.483154635595177,143.66410137578217
9.5925,121.30983197031549,22.354269410542294,143.66410138085777
9.595,120.41704228120543,23.247059104189134,143.66410138539456
9.5975,119.50268095916188,24.16142043024436,143.66410138940623
9.6,118.56688299955042,25.0972183933537,143.66410139290412
9.602500000000001,117.60981656556697,26.054284830326775,143.66410139589374
9.605,116.63168477378197,27.03241662459331,143.6641013983753
9.6075,115.63272784899966,28.031373551339136,143.6641014003388
9.61,114.61322569306579,29.05087570869938,143.66410140176515
9.6125,113.57350091380852,30.090600488815546,143.66410140262406
9.615,112.5139223606947,31.150179042178692,143.6641014028734
9.6175,111.43490921196806,32.229192190493464,143.66410140246154
9.620000000000001,110.33693565257303,33.32716574875776,143.66410140133078
9.6225,109.22053617100578,34.443565228422706,143.6641013994285
9.625,108.08631148347101,35.577789913249674,143.6641013967207
9.6275,106.93493506150543,36.72916633171568,143.6641013932211
9.63,105.7671601893562,37.89694119967315,143.66410138902936
9.6325,104.58382740346013,39.080273980927345,143.6641013843875
9.635,103.38587206063085,40.278229319123135,143.664101379754
9.637500000000001,102.1743316358791,41.489769740003496,143.66410137588258
9.64,100.95035215817228,42.7137492157208,143.6641013738931
9.6425,99.71519295021187,43.94890842507,143.66410137528186
9.645,98.47022855373663,45.193872828064194,143.66410138180083
9.6475,97.21694641997567,46.44715497511313,143.6641013950888
9.65,95.95693867871313,47.70716273722532,143.66410141593843
9.6525,94.69188615906467,48.97221528406456,143.66410144312923
9.655,93.42353294971022,50.24056852223495,143.66410147194517
9.6575,92.15365030837152,51.51045118444796,143.6641014928195
9.66,90.88398979021524,52.780111700736356,143.6641014909516
9.6625,89.61622709237153,54.04787435555272,143.66410144792425
9.665000000000001,88.35190014226777,55.31220120365519,143.66410134592297
9.6675,87.09234697390198,56.57175420002544,143.6641011739274
9.67,85.83865031806917,57.825450615581815,143.66410093365099
9.6725,84.59159595527939,59.0725046869092,143.6641006421886
9.675,83.35165041362379,60.312449915724756,143.66410032934854
9.6775,82.11896074172503,61.54513928852546,143.6641000302505
9.68,80.89337558662515,62.770724189651176,143.66409977627632
9.682500000000001,79.67448364273972,63.989615945371156,143.66409958811087
9.685,78.46166352118678,65.20243595191448,143.66409947310126
9.6875,77.25413854819624,66.40996087862462,143.66409942682085
9.69,76.05103074865099,67.61306868844946,143.66409943710045
9.6925,74.85140979736525,68.81268969113361,143.66409948849886
9.695,73.65433446636932,70.00976509946062,143.66409956582993
9.6975,72.45888564363136,71.20521401263059,143.66409965626195
9.700000000000001,71.26419113777224,72.39990861235695,143.6640997501292
9.7025,70.06944318107503,73.59465665980132,143.66409984087636
9.705,68.8739098706011,74.79019005395116,143.66409992455226
9.7075,67.67694185386594,75.9871581452996,143.66409999916556
9.71,66.47797547600028,77.1861245880761,143.66410006407637
9.7125,65.2765334405953,78.38756667890735,143.66410011950265
9.715,64.07222385025429,79.5918763158994,143.66410016615367
9.7175,62.86473831612999,80.79936188884895,143.66410020497892
9.72,61.65384967296878,82.0102505640376,143.66410023700638
9.7225,60.439409711679644,83.2246905515592,143.66410026323885
9.725,59.22134724372934,84.44275304086781,143.66410028459717
9.727500000000001,57.99966673635575,85.66443356552907,143.66410030188482
9.73,56.77444769937393,86.88965261639636,143.6641003157703
9.7325,55.54584495754076,88.11825536923195,143.6641003267727
9.735,54.314089901625124,89.35001043363008,143.6641003352552
9.7375,53.07949277107663,90.5846075703399,143.66410034141654
9.74,51.842445976170936,91.82165436911805,143.664100345289
9.7425,50.60342841204351,93.06067193469563,143.66410034673913
9.745000000000001,49.3630106451148,94.30108970036699,143.66410034548178
9.7475,48.121860757596295,95.5422395835118,143.6641003411081
9.75,46.880750511707205,96.78334982143089,143.6641003331381
9.7525,45.64056133667833,98.0235389844147,143.66410032109303
9.755,44.402289446833834,99.26181085774891,143.66410030458275
9.7575,43.16704917344788,100.49705110991998,143.66410028336787
9.76,41.936073355248936,101.72802690208536,143.6641002573343
9.762500000000001,40.710709421178315,102.95339080509633,143.66410022627466
9.765,39.49240968062959,104.1716905087302,143.66410018935977
9.7675,38.28271440715969,105.38138573708825,143.66410014424793
9.77,37.08322667845199,106.58087340751173,143.66410008596372
9.7725,35.89557872532616,107.7685212806991,143.66410000602525
9.775,34.72139078674124,108.94270910589306,143.66409989263428
9.7775,33.562225067175575,110.10187466563295,143.66409973280852
9.78,32.41953905091492,111.24456046579903,143.66409951671395
9.7825,31.294643663435995,112.36945557971876,143.66409924315477
9.785,30.188672046728094,113.47542687711285,143.66409892384095
9.7875,29.10256367369267,114.56153491015735,143.66409858385003
9.790000000000001,28.037066213577567,115.62703204365573,143.6640982572333
9.7925,26.992754500504038,116.67134347875894,143.66409797926298
9.795,25.970062979270473,117.69403479929238,143.66409777856285
9.7975,24.969325894930613,118.69477177718827,143.66409767211888
9.8,23.990818687551737,119.67327897678135,143.6640976643331
9.8025,23.034794518456707,120.62930323080901,143.66409774926572
9.805,22.10151121306128,121.56258670114462,143.6640979142059
9.807500000000001,21.19124567300217,122.47285246989932,143.66409814290148
9.81,20.30429459236341,123.35980382521439,143.6640984175778
9.8125,19.44096189216104,124.22313682757303,143.66409871973406
9.815,18.601534601733956,125.06256442851215,143.6640990302461
9.8175,17.786249981716036,125.87784934776829,143.66409932948432
9.82,16.995257516678073,126.66884208135204,143.6640995980301
9.8225,16.22857997380588,127.43551984443172,143.66409981823762
9.825000000000001,15.486077941939254,128.17802203448548,143.66409997642472
9.8275,14.76742203117228,128.89667803391222,143.6641000650845
9.83,14.072076168009453,129.5920239163008,143.66410008431026
9.8325,13.399294204818226,130.2648058370047,143.66410004182293
9.835,12.748130537284634,130.91596941414855,143.66409995143317
9.8375,12.117463848129132,131.54663598222584,143.66409983035496
9.84,11.506031753243425,132.15806794289995,143.66409969614338
9.8425,10.912473242358644,132.7516263217102,143.66409956406886
9.845,10.335375483693273,133.32872396176748,143.66409944546075
9.8475,9.773321767896174,133.89077757925753,143.6640993471537
9.85,9.22493796369708,134.43916130813426,143.66409927183133
9.852500000000001,8.688935661745287,134.975163557158,143.6640992189033
9.855,8.164151019284713,135.49994816626491,143.66409918554962
9.8575,7.6495790577074025,136.0145201099674,143.6640991676748
9.86,7.144403736566426,136.51969542406533,143.66409916063176
9.8625,6.6480245107109575,137.01607464898817,143.66409915969913
9.865,6.160080284690213,137.5040188756472,143.66409916033743
9.8675,5.680471738857386,137.98362741943933,143.66409915829672
9.870000000000001,5.209382943732143,138.45471620590826,143.6640991496404
9.8725,4.747303023348643,138.91679610740982,143.66409913075847
9.875,4.295048379974193,139.36905071844703,143.66409909842122
9.8775,3.853785639839861,139.810313410105,143.66409904994487
9.88,3.4250549916034276,140.23904399192642,143.66409898352984
9.8825,3.010792917231324,140.6533059816211,143.66409889885242
9.885,2.613352394904882,141.0507464030959,143.6640987980008
9.887500000000001,2.235517417220649,141.42858126958163,143.66409868680228
9.89,1.8805070680254832,141.7835915084341,143.6640985764596
9.8925,1.5519624625909871,142.1121360224456,143.6640984850366
9.895,1.2539077670774077,142.410190670551,143.6640984376284
9.8975,0.9906747632235537,142.67342369983137,143.66409846305493
9.9,0.7667799552690506,142.8973186290979,143.66409858436694
9.9025,0.5867454853120438,143.07735331666646,143.6640988019785
9.905,0.4548618462533638,143.20923722766685,143.6640990739202
9.9075,0.3749026722529005,143.28919663450682,143.6640993067597
9.91,0.3498187424450233,143.3142806328807,143.66409937532572
9.9125,0.38145517105447363,143.28264400582862,143.6640991768831
9.915000000000001,0.4703446763487964,143.19375401863917,143.66409869498796
9.9175,0.6156231309706859,143.0484748952352,143.66409802620586
9.92,0.8150895635161242,142.8490077784599,143.66409734197603
9.9225,1.0653990584292725,142.5986977505672,143.66409680899648
9.925,1.3623473931308132,142.30174912956022,143.66409652269104
9.9275,1.7011922774262909,141.9629042121425,143.66409648956878
9.93,2.0769602926291277,141.5871363600161,143.66409665264524
9.932500000000001,2.484704995192287,141.17939193608285,143.66409693127514
9.935,2.9197010141436857,140.74439623775865,143.66409725190235
9.9375,3.3775745235205514,140.28652303871968,143.66409756224024
9.94,3.8543796458160275,139.80971818671188,143.66409783252791
9.9425,4.346633793214606,139.3174642572625,143.6640980504771
9.945,4.851324652906815,138.81277356198066,143.66409821488747
9.9475,5.365899395937135,138.29819893441694,143.66409833035408
9.950000000000001,5.888244060257066,137.77585434345184,143.66409840370892
9.9525,6.416658633047524,137.24743980893396,143.66409844198148
9.955,6.949831404552128,136.7142670468764,143.66409845142852
9.9575,7.486814712859766,136.17728372435664,143.6640984372164
9.96,8.027003167181451,135.63709523628802,143.66409840346947
9.9625,8.570114717446744,135.09398363605408,143.66409835350083
9.965,9.116174428021099,134.54792386212077,143.66409829014188
9.9675,9.665500429500462,133.99859778661676,143.66409821611722
9.97,10.218691203037727,133.44540693141136,143.6640981344491
9.9725,10.776613055363484,132.8874849935037,143.66409804886717
9.975,11.340386349412066,132.3237116147607,143.66409796417275
9.977500000000001,11.911368768170359,131.75272911828878,143.66409788645913
9.98,12.491133638936361,131.17296418410075,143.6640978230371
9.9825,13.081441196292147,130.5826565855554,143.66409778184754
9.985,13.684200716357065,129.97989705380309,143.66409777016014
9.9875,14.301421844184134,129.36267594830122,143.66409779248534
9.99,14.93515429770983,128.72894355022794,143.66409784793777
9.9925,15.5874165567159,128.07668137107282,143.66409792778873
9.995000000000001,16.260116103384732,127.40398191100988,143.6640980143946
9.9975,16.95496604215954,126.70913204061097,143.66409808277052
10.0,17.673405026746337,125.99069307861932,143.66409810536567
