0.0,0.0,1.1483165777298125,0.0,0.0,-4.020658507862375,0.0,0.0,14.939143209080239,0.0,0.0,-55.75384488642118,0.0,0.0,43.97403663677414,0.0
0.005,0.0,1.095437839494164,0.0,0.0,-3.869728719882899,0.0,0.0,14.567059882567998,0.0,0.0,-55.31773406519357,0.0,0.0,43.79762845292557,0.0
0.01,0.0,0.9377671795562527,0.0,0.0,-3.4184779347720697,0.0,0.0,13.450562084398587,0.0,0.0,-54.00707148831737,0.0,0.0,43.26721061469937,0.0
0.015,0.0,0.6785096826949059,0.0,0.0,-2.672351384284974,0.0,0.0,11.590704778444232,0.0,0.0,-51.816771800844634,0.0,0.0,42.37991616232053,0.0
0.02,0.0,0.3239905723598653,0.0,0.0,-1.6430777945043902,0.0,0.0,8.99502649885662,0.0,0.0,-48.744496682150576,0.0,0.0,41.13326523423402,0.0
0.025,0.0,-0.11509415624731238,0.0,0.0,-0.3521161328517884,0.0,0.0,5.685241966767777,0.0,0.0,-44.798916611798504,0.0,0.0,39.52827174900755,0.0
0.03,0.0,-0.6223687124657253,0.0,0.0,1.1655837223092445,0.0,0.0,1.7060130369862523,0.0,0.0,-40.00931684795425,0.0,0.0,37.57307936424237,0.0
0.035,0.0,-1.174809575985051,0.0,0.0,2.8584999819440764,0.0,0.0,-2.8671605525402857,0.0,0.0,-34.43456687375406,0.0,0.0,35.28639562172059,0.0
0.04,0.0,-1.7425234736216404,0.0,0.0,4.657183164921663,0.0,0.0,-7.923105642729931,0.0,0.0,-28.16918516249159,0.0,0.0,32.69987611315188,0.0
0.045,0.0,-2.2895591896485064,0.0,0.0,6.475427177345739,0.0,0.0,-13.315030060954298,0.0,0.0,-21.344492323539864,0.0,0.0,29.85869442172882,0.0
0.05,0.0,-2.7757991168331055,0.0,0.0,8.21420155643869,0.0,0.0,-18.866292432558208,0.0,0.0,-14.123804378517073,0.0,0.0,26.81987960552926,0.0
0.055,0.0,-3.1596711174279615,0.0,0.0,9.767819086981971,0.0,0.0,-24.381225304727227,0.0,0.0,-6.692120883984885,0.0,0.0,23.64856080310369,0.0
0.06,0.0,-3.401168260726853,0.0,0.0,11.031135423965573,0.0,0.0,-29.658887051960836,0.0,0.0,0.7576773480786493,0.0,0.0,20.412850886006957,0.0
0.065,0.0,-3.464578165295239,0.0,0.0,11.906277310734243,0.0,0.0,-34.50678233891736,0.0,0.0,8.039111676322985,0.0,0.0,17.17849437565589,0.0
0.07,0.0,-3.32045108666959,0.0,0.0,12.307618710647537,0.0,0.0,-38.75174785894897,0.0,0.0,14.983850791040554,0.0,0.0,14.00443540429126,0.0
0.075,0.0,-2.9466229733617424,0.0,0.0,12.164373866534174,0.0,0.0,-42.2462619145684,0.0,0.0,21.448843337251105,0.0,0.0,10.940130236948804,0.0
0.08,0.0,-2.3284343732667003,0.0,0.0,11.420974817058541,0.0,0.0,-44.86992631262562,0.0,0.0,27.318222161361735,0.0,0.0,8.024893357007318,0.0
0.085,0.0,-1.4585262377086818,0.0,0.0,10.036048130950569,0.0,0.0,-46.52720893019644,0.0,0.0,32.50075697813503,0.0,0.0,5.289040559783114,0.0
0.09,0.0,-0.3366825511172854,0.0,0.0,7.981120900300326,0.0,0.0,-47.143335046392195,0.0,0.0,36.924543518646814,0.0,0.0,2.7562345291271546,0.0
0.095,0.0,1.029873304357764,0.0,0.0,5.240146957734463,0.0,0.0,-46.660383457920396,0.0,0.0,40.530928170013674,0.0,0.0,0.4462959683215395,0.0
0.1,0.0,2.625496281717498,0.0,0.0,1.8106324254926123,0.0,0.0,-45.03530774887209,0.0,0.0,43.26949298577082,0.0,0.0,-1.6222245992507158,0.0
0.105,0.0,4.4244568222770395,0.0,0.0,-2.293339065916127,0.0,0.0,-42.24095912451078,0.0,0.0,45.0954629897981,0.0,0.0,-3.430285843678223,0.0
0.11,0.0,6.388860549950715,0.0,0.0,-7.036442085789016,0.0,0.0,-38.270387822797616,0.0,0.0,45.97029880357501,0.0,0.0,-4.957798066541025,0.0
0.115,0.0,8.466650645053512,0.0,0.0,-12.356640235913886,0.0,0.0,-33.14383755985303,0.0,0.0,45.865573025169766,0.0,0.0,-6.184457288731657,0.0
0.12,0.0,10.590355840602177,0.0,0.0,-18.16024197119854,0.0,0.0,-26.9170058547999,0.0,0.0,44.7695233148373,0.0,0.0,-7.091924375663872,0.0
0.125,0.0,12.6772658271472,0.0,0.0,-24.31908927899451,0.0,0.0,-19.688466214176884,0.0,0.0,42.69498023080837,0.0,0.0,-7.667035557577385,0.0
0.13,0.0,14.631525091489406,0.0,0.0,-30.671377044701153,0.0,0.0,-11.603861142078648,0.0,0.0,39.68681725726412,0.0,0.0,-7.905461485797101,0.0
0.135,0.0,16.348219537265667,0.0,0.0,-37.02698319635775,0.0,0.0,-2.8548160054863785,0.0,0.0,35.826873195337456,0.0,0.0,-7.815033230410615,0.0
0.14,0.0,17.718967992879033,0.0,0.0,-43.177111194366105,0.0,0.0,6.32840677198813,0.0,0.0,31.23464640976018,0.0,0.0,-7.417919716847493,0.0
0.145,0.0,18.638008361091938,0.0,0.0,-48.90679168623758,0.0,0.0,15.6898853468054,0.0,0.0,26.062991862461864,0.0,0.0,-6.751036610959169,0.0
0.15,0.0,19.007514667514847,0.0,0.0,-54.00782101701128,0.0,0.0,24.964375305600672,0.0,0.0,20.489343166394182,0.0,0.0,-5.864471370364111,0.0
0.155,0.0,18.741053640673535,0.0,0.0,-58.28946507160945,0.0,0.0,33.89368424041115,0.0,0.0,14.704194109491915,0.0,0.0,-4.818201457771439,0.0
0.16,0.0,17.76467370560399,0.0,0.0,-61.5848942103884,0.0,0.0,42.23975492863897,0.0,0.0,8.899247264167878,0.0,0.0,-3.6777859807234785,0.0
0.165,0.0,16.015923006868334,0.0,0.0,-63.75263050289718,0.0,0.0,49.7921752324474,0.0,0.0,3.2575275333735014,0.0,0.0,-2.5098814985350657,0.0
0.17,0.0,13.441841346552566,0.0,0.0,-64.6738095129291,0.0,0.0,56.36952125886065,0.0,0.0,-2.0530459074865615,0.0,0.0,-1.3783307359079293,0.0
0.17500000000000002,0.0,9.997436283318889,0.0,0.0,-64.2472957476513,0.0,0.0,61.8156723511928,0.0,0.0,-6.882292923460415,0.0,0.0,-0.34127111295410106,0.0
0.18,0.0,5.646230297166216,0.0,0.0,-62.385342001093946,0.0,0.0,65.9935264238293,0.0,0.0,-11.097387223048488,0.0,0.0,0.550658732865295,0.0
0.185,0.0,0.36415263978485135,0.0,0.0,-59.01247762233235,0.0,0.0,68.77917064390292,0.0,0.0,-14.581015171056798,0.0,0.0,1.2552472390685283,0.0
0.19,0.0,-5.852618674904782,0.0,0.0,-54.069708658460556,0.0,0.0,70.05952203190566,0.0,0.0,-17.22998372271599,0.0,0.0,1.739184165628961,0.0
0.195,0.0,-12.976255672906541,0.0,0.0,-47.52497639018874,0.0,0.0,69.73580699759675,0.0,0.0,-18.956068929251806,0.0,0.0,1.9785147797131808,0.0
0.2,0.0,-20.933984289990466,0.0,0.0,-39.38918194397677,0.0,0.0,67.7340116923257,0.0,0.0,-19.690334994255664,0.0,0.0,1.9593853543182913,0.0
0.20500000000000002,0.0,-29.595922527274002,0.0,0.0,-29.735053617808212,0.0,0.0,64.02160052547627,0.0,0.0,-19.391151633283172,0.0,0.0,1.6791517695983078,0.0
0.21,0.0,-38.768105667729614,0.0,0.0,-18.71409661794094,0.0,0.0,58.62752472519557,0.0,0.0,-18.054775375222288,0.0,0.0,1.147617604370657,0.0
0.215,0.0,-48.19477187936391,0.0,0.0,-6.565606392189737,0.0,0.0,51.66036890218278,0.0,0.0,-15.725923490304114,0.0,0.0,0.3878860169159557,0.0
0.22,0.0,-57.57239164971703,0.0,0.0,6.38775136305399,0.0,0.0,43.318378505125814,0.0,0.0,-12.504805648864137,0.0,0.0,-0.5638231682777182,0.0
0.225,0.0,-66.57468537216056,0.0,0.0,19.76035864855689,0.0,0.0,33.88609582454366,0.0,0.0,-8.547235540849107,0.0,0.0,-1.6599066295603668,0.0
0.23,0.0,-74.88392808177935,0.0,0.0,33.137759936677725,0.0,0.0,23.71574094901385,0.0,0.0,-4.056058340902155,0.0,0.0,-2.8447548659521074,0.0
0.23500000000000001,0.0,-82.22093087595695,0.0,0.0,46.11718968243733,0.0,0.0,13.196340759538773,0.0,0.0,0.7351864144877283,0.0,0.0,-4.059293760314843,0.0
0.24,0.0,-88.36581812076454,0.0,0.0,58.34449707677268,0.0,0.0,2.7178630264232186,0.0,0.0,5.58280132534548,0.0,0.0,-5.245743489949365,0.0
0.245,0.0,-93.16443705422813,0.0,0.0,69.53841572070507,0.0,0.0,-7.360771795446286,0.0,0.0,10.252740730846941,0.0,0.0,-6.351523423900062,0.0
0.25,0.0,-96.51970029591574,0.0,0.0,79.4972844244248,0.0,0.0,-16.732622413980593,0.0,0.0,14.53528634307322,0.0,0.0,-7.331508049868519,0.0
0.255,0.0,-98.3713543666575,0.0,0.0,88.08859918026647,0.0,0.0,-25.149370838320788,0.0,0.0,18.252179868130668,0.0,0.0,-8.148366007119392,0.0
0.26,0.0,-98.67008699763893,0.0,0.0,95.22593275588879,0.0,0.0,-32.4147127393242,0.0,0.0,21.2562494203396,0.0,0.0,-8.771249116431392,0.0
0.265,0.0,-97.35228156038481,0.0,0.0,100.83969762739855,0.0,0.0,-38.368568948600256,0.0,0.0,23.42551158254554,0.0,0.0,-9.173462870782334,0.0
0.27,0.0,-94.32087291229935,0.0,0.0,104.84825311290442,0.0,0.0,-42.86756288606313,0.0,0.0,24.65478286959589,0.0,0.0,-9.329908554307885,0.0
0.275,0.0,-89.43668431478149,0.0,0.0,107.13504448037395,0.0,0.0,-45.767386511726016,0.0,0.0,24.848143204972,0.0,0.0,-9.215113938633353,0.0
0.28,0.0,-82.52391224460813,0.0,0.0,107.53679853378856,0.0,0.0,-46.91241365704627,0.0,0.0,23.91551531750969,0.0,0.0,-8.802657223462802,0.0
0.28500000000000003,0.0,-73.39286900969535,0.0,0.0,105.84758488606039,0.0,0.0,-46.137598432323784,0.0,0.0,21.77634520971644,0.0,0.0,-8.066763041694813,0.0
0.29,0.0,-61.88169577437793,0.0,0.0,101.84314147735272,0.0,0.0,-43.28696302626946,0.0,0.0,18.372678474215824,0.0,0.0,-6.986717452298188,0.0
0.295,0.0,-47.91507681092389,0.0,0.0,95.32775432153056,0.0,0.0,-38.25072536999532,0.0,0.0,13.692217096404928,0.0,0.0,-5.55430528297551,0.0
0.3,0.0,-31.57103607409219,0.0,0.0,86.2004418751455,0.0,0.0,-31.018018827442706,0.0,0.0,7.798568832323152,0.0,0.0,-3.7835023718174936,0.0
0.305,0.0,-13.137765367056325,0.0,0.0,74.52779194969412,0.0,0.0,-21.734015070939304,0.0,0.0,0.8610194581440256,0.0,0.0,-1.7201773662538695,0.0
0.31,0.0,6.864222286476867,0.0,0.0,60.60053163596828,0.0,0.0,-10.741801638288173,0.0,0.0,-6.828292856823617,0.0,0.0,0.5518625658495964,0.0
0.315,0.0,27.71617891494679,0.0,0.0,44.9469012588268,0.0,0.0,1.4133149350020062,0.0,0.0,-14.862217218057365,0.0,0.0,2.9123736611782625,0.0
0.32,0.0,48.59546522552472,0.0,0.0,28.28564878046337,0.0,0.0,14.030234891922401,0.0,0.0,-22.756847252413664,0.0,0.0,5.215626093478078,0.0
0.325,0.0,68.70750601129525,0.0,0.0,11.424978932117288,0.0,0.0,26.341971189552392,0.0,0.0,-30.012654849311467,0.0,0.0,7.308807741826445,0.0
0.33,0.0,87.41258438476272,0.0,0.0,-4.860897303204137,0.0,0.0,37.62089653596033,0.0,0.0,-36.17932654205018,0.0,0.0,9.05221733074706,0.0
0.335,0.0,104.3057868875722,0.0,0.0,-19.935694750374054,0.0,0.0,47.264008112775684,0.0,0.0,-40.903060840182405,0.0,0.0,10.334705900298957,0.0
0.34,0.0,119.23061782857758,0.0,0.0,-33.35532182697345,0.0,0.0,54.83451380162504,0.0,0.0,-43.94433011693019,0.0,0.0,11.080425208684444,0.0
0.34500000000000003,0.0,132.23485702095732,0.0,0.0,-44.8669406408265,0.0,0.0,60.05775089950677,0.0,0.0,-45.16813334672763,0.0,0.0,11.247154570124263,0.0
0.35000000000000003,0.0,143.4946180174186,0.0,0.0,-54.368502767083854,0.0,0.0,62.787221295302906,0.0,0.0,-44.51888962818501,0.0,0.0,10.819659290721965,0.0
0.355,0.0,153.2339729007329,0.0,0.0,-61.85269192252953,0.0,0.0,62.96261061187644,0.0,0.0,-41.994391933683325,0.0,0.0,9.80237568491494,0.0
0.36,0.0,161.65864706188557,0.0,0.0,-67.35566263907626,0.0,0.0,60.577550773616665,0.0,0.0,-37.62940414574284,0.0,0.0,8.21464959339038,0.0
0.365,0.0,168.91163287794524,0.0,0.0,-70.92219423076719,0.0,0.0,55.6663083546699,0.0,0.0,-31.49337627705188,0.0,0.0,6.089912624202931,0.0
0.37,0.0,175.05105803978813,0.0,0.0,-72.5903288742419,0.0,0.0,48.31003418907652,0.0,0.0,-23.701037345375298,0.0,0.0,3.47840925416158,0.0
0.375,0.0,180.04677367144382,0.0,0.0,-72.39230121443427,0.0,0.0,38.656432753379576,0.0,0.0,-14.430219322657457,0.0,0.0,0.45173143821273953,0.0
0.38,0.0,183.79016470264605,0.0,0.0,-70.36452389338443,0.0,0.0,26.94209845260396,0.0,0.0,-3.9384635448234624,0.0,0.0,-2.8933806209666937,0.0
0.385,0.0,186.11003348955742,0.0,0.0,-66.55734901847237,0.0,0.0,13.50509213580387,0.0,0.0,7.430519847586199,0.0,0.0,-6.434522185236262,0.0
0.39,0.0,186.78594408112872,0.0,0.0,-61.03586791402973,0.0,0.0,-1.2219789980374598,0.0,0.0,19.256584915657363,0.0,0.0,-10.027900043278404,0.0
0.395,0.0,185.5505704163247,0.0,0.0,-53.867014962282354,0.0,0.0,-16.740411925027207,0.0,0.0,31.068736772638342,0.0,0.0,-13.516886728333976,0.0
0.4,0.0,182.07627553355144,0.0,0.0,-45.09550163312975,0.0,0.0,-32.526705137423214,0.0,0.0,42.378394617848734,0.0,0.0,-16.742074062169074,0.0
0.405,0.0,175.9491482976977,0.0,0.0,-34.71952752529906,0.0,0.0,-48.06909403561176,0.0,0.0,52.706807421168406,0.0,0.0,-19.548766096978785,0.0
0.41000000000000003,0.0,166.6447811332468,0.0,0.0,-22.68359006441482,0.0,0.0,-62.87968663279995,0.0,0.0,61.59384549525485,0.0,0.0,-21.78853876332606,0.0
0.41500000000000004,0.0,153.53119278348416,0.0,0.0,-8.90738211064113,0.0,0.0,-76.46960953190562,0.0,0.0,68.58304273514094,0.0,0.0,-23.314202303079014,0.0
0.42,0.0,135.93117319517435,0.0,0.0,6.63492959911143,0.0,0.0,-88.28918518757271,0.0,0.0,73.19003064239351,0.0,0.0,-23.97135755001915,0.0
0.425,0.0,113.27241460911084,0.0,0.0,23.783862228566257,0.0,0.0,-97.65408566641464,0.0,0.0,74.87465509797349,0.0,0.0,-23.593481590366864,0.0
0.43,0.0,85.3297395035999,0.0,0.0,42.035423208064785,0.0,0.0,-103.69775142894176,0.0,0.0,73.04689258980109,0.0,0.0,-22.009742849635046,0.0
0.435,0.0,52.51306421152737,0.0,0.0,60.41118987424143,0.0,0.0,-105.40284435428637,0.0,0.0,67.13729690415599,0.0,0.0,-19.073722938680174,0.0
0.44,0.0,16.089640862754425,0.0,0.0,77.44433739825394,0.0,0.0,-101.7562079088802,0.0,0.0,56.74614241040521,0.0,0.0,-14.714753124805153,0.0
0.445,0.0,-21.806111126814937,0.0,0.0,91.3596367361556,0.0,0.0,-92.02797719586553,0.0,0.0,41.84736709945561,0.0,0.0,-9.001076395625873,0.0
0.45,0.0,-58.47076124655955,0.0,0.0,100.45202952413243,0.0,0.0,-76.09983299059495,0.0,0.0,22.974559430402785,0.0,0.0,-2.1897379290260623,0.0
0.455,0.0,-91.18918067876379,0.0,0.0,103.54990281963583,0.0,0.0,-54.69901505869235,0.0,0.0,1.287160381445041,0.0,0.0,5.268238777261261,0.0
0.46,0.0,-117.84769769046615,0.0,0.0,100.36419207673204,0.0,0.0,-29.39365112217009,0.0,0.0,-21.559289371232023,0.0,0.0,12.787197819561126,0.0
0.465,0.0,-137.35268669959612,0.0,0.0,91.55367908479143,0.0,0.0,-2.302179681322693,0.0,0.0,-43.727587828046175,0.0,0.0,19.760525198775348,0.0
0.47000000000000003,0.0,-149.70583123898393,0.0,0.0,78.480537133345,0.0,0.0,24.37883227440944,0.0,0.0,-63.58198366194729,0.0,0.0,25.686049274840265,0.0
0.47500000000000003,0.0,-155.76393118800414,0.0,0.0,62.79105891080161,0.0,0.0,48.82345792612388,0.0,0.0,-79.97879927335221,0.0,0.0,30.250569517747568,0.0
0.48,0.0,-156.84262862478369,0.0,0.0,46.02034663730944,0.0,0.0,69.82549289957359,0.0,0.0,-92.35911566811328,0.0,0.0,33.34404154004535,0.0
0.485,0.0,-154.341286987928,0.0,0.0,29.358205217701006,0.0,0.0,86.80033304414802,0.0,0.0,-100.65035003944149,0.0,0.0,35.01231999884671,0.0
0.49,0.0,-149.49360608534076,0.0,0.0,13.598359741745838,0.0,0.0,99.61420458226485,0.0,0.0,-105.06550336380062,0.0,0.0,35.38191632967852,0.0
0.495,0.0,-143.2583842777275,0.0,0.0,-0.7877945493781482,0.0,0.0,108.35708872385365,0.0,0.0,-105.89836069233463,0.0,0.0,34.58966340595637,0.0
0.5,0.0,-136.31084440465293,0.0,0.0,-13.529312431067751,0.0,0.0,113.1477822873531,0.0,0.0,-103.37503320983878,0.0,0.0,32.735333313073305,0.0
0.505,0.0,-129.08433326479144,0.0,0.0,-24.440923623664062,0.0,0.0,114.01296425899262,0.0,0.0,-97.58177326866215,0.0,0.0,29.86149208595502,0.0
0.51,0.0,-121.82556339689796,0.0,0.0,-33.34406375527543,0.0,0.0,110.85177021809805,0.0,0.0,-88.46858140325907,0.0,0.0,25.9587996653918,0.0
0.515,0.0,-114.64466169434468,0.0,0.0,-40.036371795684715,0.0,0.0,103.4870189656529,0.0,0.0,-75.92430215487259,0.0,0.0,20.994474946854865,0.0
0.52,0.0,-107.55514202095485,0.0,0.0,-44.31506148114387,0.0,0.0,91.79905114248145,0.0,0.0,-59.91607566865114,0.0,0.0,14.961139095374417,0.0
0.525,0.0,-100.50694481208927,0.0,0.0,-46.05103322062904,0.0,0.0,75.9197331884147,0.0,0.0,-40.66887663461377,0.0,0.0,7.9376782414231055,0.0
0.53,0.0,-93.41831406866726,0.0,0.0,-45.291991958817746,0.0,0.0,56.42521381508206,0.0,0.0,-18.82615547777346,0.0,0.0,0.14232698610751804,0.0
0.535,0.0,-86.20949155706828,0.0,0.0,-42.3476300774197,0.0,0.0,34.42691394542439,0.0,0.0,4.497804109507098,0.0,0.0,-8.051542332786688,0.0
0.54,0.0,-78.83410106789661,0.0,0.0,-37.79992823311824,0.0,0.0,11.469737870499186,0.0,0.0,27.845427638067942,0.0,0.0,-16.159842767342788,0.0
0.545,0.0,-71.29777295368176,0.0,0.0,-32.4111923251713,0.0,0.0,-10.763230297079039,0.0,0.0,49.70656134426389,0.0,0.0,-23.68548208216273,0.0
0.55,0.0,-63.6551242347239,0.0,0.0,-26.963215647058444,0.0,0.0,-30.816749790152638,0.0,0.0,68.84803698110576,0.0,0.0,-30.22705882409821,0.0
0.555,0.0,-55.98662911784129,0.0,0.0,-22.10436142991449,0.0,0.0,-47.72809620284278,0.0,0.0,84.52754005833981,0.0,0.0,-35.547370092384746,0.0
0.56,0.0,-48.367580711395675,0.0,0.0,-18.268671636275073,0.0,0.0,-61.09145997149281,0.0,0.0,96.51631492382097,0.0,0.0,-39.577849815804456,0.0
0.5650000000000001,0.0,-40.84319103919961,0.0,0.0,-15.679315258384692,0.0,0.0,-70.946610705038,0.0,0.0,104.96851774609677,0.0,0.0,-42.37277020951307,0.0
0.5700000000000001,0.0,-33.417285088695465,0.0,0.0,-14.405590420421735,0.0,0.0,-77.58808848613178,0.0,0.0,110.23209609169905,0.0,0.0,-44.04533130981328,0.0
0.5750000000000001,0.0,-26.054264214771756,0.0,0.0,-14.432862485669869,0.0,0.0,-81.38423640396749,0.0,0.0,112.68120959726059,0.0,0.0,-44.71214387071848,0.0
0.58,0.0,-18.690321047212734,0.0,0.0,-15.718120297499883,0.0,0.0,-82.65087527522066,0.0,0.0,112.60598008528298,0.0,0.0,-44.45765812962585,0.0
0.585,0.0,-11.250323410404778,0.0,0.0,-18.22059358196376,0.0,0.0,-81.58643376974396,0.0,0.0,110.16136834929057,0.0,0.0,-43.31890516253327,0.0
0.59,0.0,-3.6687771540908827,0.0,0.0,-21.907044267398927,0.0,0.0,-78.25892816487563,0.0,0.0,105.36427420212796,0.0,0.0,-41.28691827058633,0.0
0.595,0.0,4.085512325704734,0.0,0.0,-26.73514009474741,0.0,0.0,-72.63446848901036,0.0,0.0,98.12930305645341,0.0,0.0,-38.32176653346551,0.0
0.6,0.0,11.982333303695484,0.0,0.0,-32.61995097875165,0.0,0.0,-64.64090547614029,0.0,0.0,88.33820471568771,0.0,0.0,-34.379522793203925,0.0
0.605,0.0,19.905044327755203,0.0,0.0,-39.39180758300151,0.0,0.0,-54.26007367970851,0.0,0.0,75.93754269639254,0.0,0.0,-29.448896734487917,0.0
0.61,0.0,27.636763141859287,0.0,0.0,-46.75958155521832,0.0,0.0,-41.63337679072879,0.0,0.0,61.049574949343366,0.0,0.0,-23.59138670928206,0.0
0.615,0.0,34.8695832675863,0.0,0.0,-54.29881183288626,0.0,0.0,-27.150309869736805,0.0,0.0,44.06497816891124,0.0,0.0,-16.972777325417848,0.0
0.62,0.0,41.24467873303999,0.0,0.0,-61.482097378217944,0.0,0.0,-11.479047054731872,0.0,0.0,25.674551654745972,0.0,0.0,-9.870141620531628,0.0
0.625,0.0,46.41834997759914,0.0,0.0,-67.75407791401784,0.0,0.0,4.49151210238259,0.0,0.0,6.807265588753287,0.0,0.0,-2.6433100064604345,0.0
0.63,0.0,50.13294787728902,0.0,0.0,-72.629252075049,0.0,0.0,19.792149674934684,0.0,0.0,-11.519724912095242,0.0,0.0,4.325257194221102,0.0
0.635,0.0,52.26446864370808,0.0,0.0,-75.77404131029803,0.0,0.0,33.54588999324409,0.0,0.0,-28.38663540545301,0.0,0.0,10.701056804236185,0.0
0.64,0.0,52.82854965882752,0.0,0.0,-77.04024128890867,0.0,0.0,45.10414901414364,0.0,0.0,-43.11946800004314,0.0,0.0,16.251142055542694,0.0
0.645,0.0,51.94756125502659,0.0,0.0,-76.4427210338927,0.0,0.0,54.101018320014674,0.0,0.0,-55.351855404473625,0.0,0.0,20.86331621653735,0.0
0.65,0.0,49.79822354280844,0.0,0.0,-74.10057097153529,0.0,0.0,60.42523830865402,0.0,0.0,-64.99799878024186,0.0,0.0,24.53161452575646,0.0
0.655,0.0,46.56210362339237,0.0,0.0,-70.17114921207296,0.0,0.0,64.14325001364872,0.0,0.0,-72.17057179810394,0.0,0.0,27.321879211139375,0.0
0.66,0.0,42.39325488064652,0.0,0.0,-64.79998451602431,0.0,0.0,65.41368097849637,0.0,0.0,-77.08568437544126,0.0,0.0,29.333519183864773,0.0
0.665,0.0,37.40680708626183,0.0,0.0,-58.09648537833712,0.0,0.0,64.4211596796908,0.0,0.0,-79.98453413685965,0.0,0.0,30.668317549618564,0.0
0.67,0.0,31.685373655837708,0.0,0.0,-50.13493588181394,0.0,0.0,61.340492926055816,0.0,0.0,-81.08400891683162,0.0,0.0,31.410514339994606,0.0
0.675,0.0,25.29743097062455,0.0,0.0,-40.974934563837074,0.0,0.0,56.33008381049931,0.0,0.0,-80.55615685514464,0.0,0.0,31.61796238386558,0.0
0.68,0.0,18.321378833324047,0.0,0.0,-30.69345890984397,0.0,0.0,49.547238437218965,0.0,0.0,-78.53070403596226,0.0,0.0,31.32234111847515,0.0
0.685,0.0,10.868965084816033,0.0,0.0,-19.419697397699984,0.0,0.0,41.175306941352034,0.0,0.0,-75.11308915578498,0.0,0.0,30.536076310082464,0.0
0.6900000000000001,0.0,3.101667048179065,0.0,0.0,-7.362815804377686,0.0,0.0,31.45136243884523,0.0,0.0,-70.41006424843592,0.0,0.0,29.263570876923154,0.0
0.6950000000000001,0.0,-4.765743257214076,0.0,0.0,5.177089277711006,0.0,0.0,20.6831662746985,0.0,0.0,-64.55466459897201,0.0,0.0,27.514052392504333,0.0
0.7000000000000001,0.0,-12.477692903783156,0.0,0.0,17.821625586558895,0.0,0.0,9.24671868372176,0.0,0.0,-57.72280094110029,0.0,0.0,25.31295223986002,0.0
0.705,0.0,-19.76489780836251,0.0,0.0,30.1504658202195,0.0,0.0,-2.4383779237348797,0.0,0.0,-50.136007472834876,0.0,0.0,22.70885212750389,0.0
0.71,0.0,-26.37919760271788,0.0,0.0,41.753098146009386,0.0,0.0,-13.950456175707748,0.0,0.0,-42.04930219918097,0.0,0.0,19.77415890010927,0.0
0.715,0.0,-32.12597798960225,0.0,0.0,52.28142748746757,0.0,0.0,-24.91225558295378,0.0,0.0,-33.7283058591047,0.0,0.0,16.5996492865648,0.0
0.72,0.0,-36.884894986277665,0.0,0.0,61.48841339487986,0.0,0.0,-35.02867231748049,0.0,0.0,-25.423278934441385,0.0,0.0,13.285011408237581,0.0
0.725,0.0,-40.61430829177304,0.0,0.0,69.24383083804472,0.0,0.0,-44.10628326278113,0.0,0.0,-17.347852436800732,0.0,0.0,9.928519498317293,0.0
0.73,0.0,-43.34069258253915,0.0,0.0,75.52684039926015,0.0,0.0,-52.05248791904534,0.0,0.0,-9.667275350598777,0.0,0.0,6.618631033733144,0.0
0.735,0.0,-45.13839106037274,0.0,0.0,80.40185835061935,0.0,0.0,-58.858607358083866,0.0,0.0,-2.4969619957134146,0.0,0.0,3.429017522938439,0.0
0.74,0.0,-46.10610111993873,0.0,0.0,83.98675455497988,0.0,0.0,-64.57431259984197,0.0,0.0,4.090947241437223,0.0,0.0,0.4171346799443292,0.0
0.745,0.0,-46.345056043097614,0.0,0.0,86.42108676832717,0.0,0.0,-69.2802560431689,0.0,0.0,10.056490279122146,0.0,0.0,-2.3744941124866403,0.0
0.75,0.0,-45.9414936618974,0.0,0.0,87.83891413627133,0.0,0.0,-73.06332118966361,0.0,0.0,15.379351327480201,0.0,0.0,-4.9154150704885025,0.0
0.755,0.0,-44.95395038465575,0.0,0.0,88.34764788180573,0.0,0.0,-75.9962144943742,0.0,0.0,20.046884418600953,0.0,0.0,-7.18380108191012,0.0
0.76,0.0,-43.40476402265141,0.0,0.0,88.01241151971347,0.0,0.0,-78.12122793816616,0.0,0.0,24.04359548283763,0.0,0.0,-9.163121089956443,0.0
0.765,0.0,-41.27493815471744,0.0,0.0,86.84468468703909,0.0,0.0,-79.4371970694217,0.0,0.0,27.342313394692066,0.0,0.0,-10.83933888929283,0.0
0.77,0.0,-38.50201408755009,0.0,0.0,84.79439123884305,0.0,0.0,-79.88887754464562,0.0,0.0,29.897140798347042,0.0,0.0,-12.198910693328234,0.0
0.775,0.0,-34.981605436883235,0.0,0.0,81.74582208479248,0.0,0.0,-79.35901432757325,0.0,0.0,31.638653663413002,0.0,0.0,-13.22784740340048,0.0
0.78,0.0,-30.574585170510666,0.0,0.0,77.51967505997165,0.0,0.0,-77.66518973600807,0.0,0.0,32.47265160619592,0.0,0.0,-13.912214691094448,0.0
0.785,0.0,-25.123250581354288,0.0,0.0,71.88575891796992,0.0,0.0,-74.56593965921098,0.0,0.0,32.2848915869845,0.0,0.0,-14.240578777794962,0.0
0.79,0.0,-18.480384397934404,0.0,0.0,64.59274226700146,0.0,0.0,-69.78297528145478,0.0,0.0,30.95522216806098,0.0,0.0,-14.208907247829023,0.0
0.795,0.0,-10.553576594022193,0.0,0.0,55.420920782686764,0.0,0.0,-63.04695220907278,0.0,0.0,28.3843837152391,0.0,0.0,-13.828040341892256,0.0
0.8,0.0,-1.361686952986685,0.0,0.0,44.25851162647137,0.0,0.0,-54.17013614974585,0.0,0.0,24.53389496923141,0.0,0.0,-13.132769407353017,0.0
0.805,0.0,8.90969597402663,0.0,0.0,31.18929458244672,0.0,0.0,-43.13762408333237,0.0,0.0,19.472649955941595,0.0,0.0,-12.189776224715464,0.0
0.81,0.0,19.87802015416329,0.0,0.0,16.562054895802465,0.0,0.0,-30.190635925974224,0.0,0.0,13.414352253642921,0.0,0.0,-11.099951079213785,0.0
0.8150000000000001,0.0,30.98585029165458,0.0,0.0,1.0014287911225614,0.0,0.0,-15.860753011053404,0.0,0.0,6.723704114849367,0.0,0.0,-9.990627394837079,0.0
0.8200000000000001,0.0,41.586947945700594,0.0,0.0,-14.668586200059805,0.0,0.0,-0.9196895408975969,0.0,0.0,-0.12482706089261963,0.0,0.0,-8.996655736979388,0.0
0.8250000000000001,0.0,51.07596048284745,0.0,0.0,-29.578352711112803,0.0,0.0,13.756152187864789,0.0,0.0,-6.630907998050509,0.0,0.0,-8.23524621638289,0.0
0.8300000000000001,0.0,59.01290451442453,0.0,0.0,-42.98883120075342,0.0,0.0,27.360433387779334,0.0,0.0,-12.365522925177263,0.0,0.0,-7.784119989239971,0.0
0.835,0.0,65.19324652243178,0.0,0.0,-54.420553917806075,0.0,0.0,39.30179443255358,0.0,0.0,-17.0431486863345,0.0,0.0,-7.6715366599821415,0.0
0.84,0.0,69.64437361959891,0.0,0.0,-63.69371915981201,0.0,0.0,49.269482701996616,0.0,0.0,-20.54546636999723,0.0,0.0,-7.880493538054687,0.0
0.845,0.0,72.56572523186131,0.0,0.0,-70.88542194087356,0.0,0.0,57.21509891816162,0.0,0.0,-22.89918132180543,0.0,0.0,-8.362690360681848,0.0
0.85,0.0,74.2477465545726,0.0,0.0,-76.24196022172164,0.0,0.0,63.281250084331866,0.0,0.0,-24.228401129972212,0.0,0.0,-9.05515709918906,0.0
0.855,0.0,74.99966441366122,0.0,0.0,-80.08670931581851,0.0,0.0,67.71607266199662,0.0,0.0,-24.70386949045696,0.0,0.0,-9.894049212563214,0.0
0.86,0.0,75.10015199960618,0.0,0.0,-82.74803651231609,0.0,0.0,70.80047915352777,0.0,0.0,-24.50280784867136,0.0,0.0,-10.823406479063719,0.0
0.865,0.0,74.77110288469873,0.0,0.0,-84.51379232910638,0.0,0.0,72.79819160840161,0.0,0.0,-23.783293005606687,0.0,0.0,-11.799257854601022,0.0
0.87,0.0,74.16792421924008,0.0,0.0,-85.60791779444301,0.0,0.0,73.92698016219794,0.0,0.0,-22.670972020558636,0.0,0.0,-12.790578373301761,0.0
0.875,0.0,73.37871188643253,0.0,0.0,-86.18108098631538,0.0,0.0,74.3447298185649,0.0,0.0,-21.25382876462721,0.0,0.0,-13.778643063640096,0.0
0.88,0.0,72.42640186870965,0.0,0.0,-86.3079869033009,0.0,0.0,74.14372639896534,0.0,0.0,-19.581059456486305,0.0,0.0,-14.755894787027891,0.0
0.885,0.0,71.27036993744402,0.0,0.0,-85.98633537584074,0.0,0.0,73.34830545974917,0.0,0.0,-17.6633716656552,0.0,0.0,-15.724951337207766,0.0
0.89,0.0,69.80612870759488,0.0,0.0,-85.13494287850156,0.0,0.0,71.91326041499923,0.0,0.0,-15.473405023633697,0.0,0.0,-16.697967939599863,0.0
0.895,0.0,67.86374870484352,0.0,0.0,-83.59101714663875,0.0,0.0,69.72270768523208,0.0,0.0,-12.946291688325594,0.0,0.0,-17.69623543280781,0.0
0.9,0.0,65.20775459720006,0.0,0.0,-81.1092529805743,0.0,0.0,66.59156720424048,0.0,0.0,-9.981729638422326,0.0,0.0,-18.749567717219726,0.0
0.905,0.0,61.54378404683677,0.0,0.0,-77.36859430442578,0.0,0.0,62.274596911587274,0.0,0.0,-6.450427365122215,0.0,0.0,-19.894668945000326,0.0
0.91,0.0,56.5399208182197,0.0,0.0,-71.99585013414948,0.0,0.0,56.49064261712449,0.0,0.0,-2.209161980008207,0.0,0.0,-21.17132143485657,0.0
0.915,0.0,49.87171651566942,0.0,0.0,-64.61704080746706,0.0,0.0,48.97077543307817,0.0,0.0,2.8709773254090143,0.0,0.0,-22.61514284560931,0.0
0.92,0.0,41.296128397154,0.0,0.0,-54.94343426555794,0.0,0.0,39.534902600803456,0.0,0.0,8.861182697406395,0.0,0.0,-24.246316560204328,0.0
0.925,0.0,30.747001452100474,0.0,0.0,-42.8849053257094,0.0,0.0,28.18844445058497,0.0,0.0,15.721871946368504,0.0,0.0,-26.055635019069776,0.0
0.93,0.0,18.423608819133847,0.0,0.0,-28.658383706588797,0.0,0.0,15.209442709014432,0.0,0.0,23.25718232591002,0.0,0.0,-27.992263922281257,0.0
0.935,0.0,4.825467685797011,0.0,0.0,-12.836545072214314,0.0,0.0,1.1788944826145955,0.0,0.0,31.103133286379922,0.0,0.0,-29.960056077343797,0.0
0.9400000000000001,0.0,-9.307428626440784,0.0,0.0,3.7131653752602904,0.0,0.0,-13.085237789024713,0.0,0.0,38.769885433241676,0.0,0.0,-31.827910862505007,0.0
0.9450000000000001,0.0,-23.147696717396315,0.0,0.0,20.001206123054992,0.0,0.0,-26.68600098182928,0.0,0.0,45.73310121596016,0.0,0.0,-33.45315637808265,0.0
0.9500000000000001,0.0,-35.96937297039628,0.0,0.0,35.135697614132916,0.0,0.0,-38.836723007177596,0.0,0.0,51.53869894672304,0.0,0.0,-34.70887592568299,0.0
0.9550000000000001,0.0,-47.29077450445858,0.0,0.0,48.49375644997399,0.0,0.0,-48.999213249322665,0.0,0.0,55.875448749099675,0.0,0.0,-35.50333460950745,0.0
0.96,0.0,-56.92029929307606,0.0,0.0,59.782072373300984,0.0,0.0,-56.92221507936783,0.0,0.0,58.59073656853959,0.0,0.0,-35.784907386459004,0.0
0.965,0.0,-64.91085025384105,0.0,0.0,68.99033538250652,0.0,0.0,-62.58967719736701,0.0,0.0,59.65768394493912,0.0,0.0,-35.5344320455817,0.0
0.97,0.0,-71.46622383021959,0.0,0.0,76.28658814502221,0.0,0.0,-66.12523225187002,0.0,0.0,59.12116533477932,0.0,0.0,-34.75206337381146,0.0
0.975,0.0,-76.8445855519733,0.0,0.0,81.90747283871127,0.0,0.0,-67.69928092408819,0.0,0.0,57.048804788639494,0.0,0.0,-33.44546715277374,0.0
0.98,0.0,-81.28492439620429,0.0,0.0,86.07488582051155,0.0,0.0,-67.46453829096956,0.0,0.0,53.500735316049045,0.0,0.0,-31.623060660547857,0.0
0.985,0.0,-84.96272294414092,0.0,0.0,88.94765903219016,0.0,0.0,-65.52567201705082,0.0,0.0,48.52040007938465,0.0,0.0,-29.292979412166424,0.0
0.99,0.0,-87.97045595659439,0.0,0.0,90.60394725665917,0.0,0.0,-61.93766709629115,0.0,0.0,42.14248500769359,0.0,0.0,-26.46672120350308,0.0
0.995,0.0,-90.31611789629517,0.0,0.0,91.0463682285346,0.0,0.0,-56.724390184261566,0.0,0.0,34.41206140373152,0.0,0.0,-23.16572189743097,0.0
1.0,0.0,-91.93449830830542,0.0,0.0,90.22277766881078,0.0,0.0,-49.90905068054895,0.0,0.0,25.408660825821382,0.0,0.0,-19.428837173972013,0.0
1.0050000000000001,0.0,-92.70786523578197,0.0,0.0,88.05692754853462,0.0,0.0,-41.54874540964078,0.0,0.0,15.268818816609244,0.0,0.0,-15.318522973284708,0.0
1.01,0.0,-92.49336582931942,0.0,0.0,84.4834522355633,0.0,0.0,-31.76519146625305,0.0,0.0,4.200587064369227,0.0,0.0,-10.92351493791281,0.0
1.0150000000000001,0.0,-91.1536130807882,0.0,0.0,79.48083881172194,0.0,0.0,-20.763938987387004,0.0,0.0,-7.515486041551117,0.0,0.0,-6.3563186527854745,0.0
1.02,0.0,-88.58547310233523,0.0,0.0,73.0955694433323,0.0,0.0,-8.836223071204529,0.0,0.0,-19.54150935908681,0.0,0.0,-1.7450575293125352,0.0
1.025,0.0,-84.74139393586033,0.0,0.0,65.45191696805685,0.0,0.0,3.6581250582110716,0.0,0.0,-31.51148089536082,0.0,0.0,2.779001540597484,0.0
1.03,0.0,-79.63882715024342,0.0,0.0,56.745429332714636,0.0,0.0,16.32253512403927,0.0,0.0,-43.06765812874724,0.0,0.0,7.095276310003545,0.0
1.035,0.0,-73.35639505202361,0.0,0.0,47.222912098387354,0.0,0.0,28.761248987683114,0.0,0.0,-53.89429017560153,0.0,0.0,11.105376009941535,0.0
1.04,0.0,-66.0192076135715,0.0,0.0,37.15562182589278,0.0,0.0,40.61179725284762,0.0,0.0,-63.73964639123875,0.0,0.0,14.739258174040417,0.0
1.045,0.0,-57.77842582732518,0.0,0.0,26.81366556718034,0.0,0.0,51.56385125089333,0.0,0.0,-72.4211291585705,0.0,0.0,17.95467741451465,0.0
1.05,0.0,-48.79077925072885,0.0,0.0,16.448015929363407,0.0,0.0,61.36062600483109,0.0,0.0,-79.81320791588804,0.0,0.0,20.730409459466976,0.0
1.055,0.0,-39.2025093728856,0.0,0.0,6.28333805990653,0.0,0.0,69.78384493008896,0.0,0.0,-85.8217284998687,0.0,0.0,23.054954304375396,0.0
1.06,0.0,-29.14023659481123,0.0,0.0,-3.4783344575643174,0.0,0.0,76.62649043971278,0.0,0.0,-90.34981347640479,0.0,0.0,24.912758376751352,0.0
1.065,0.0,-18.709663825677165,0.0,0.0,-12.645127201861872,0.0,0.0,81.65899043243712,0.0,0.0,-93.26061600028508,0.0,0.0,26.269757388620576,0.0
1.07,0.0,-8.00233954130548,0.0,0.0,-21.017198674154002,0.0,0.0,84.59531642435957,0.0,0.0,-94.34215802007309,0.0,0.0,27.059850862782127,0.0
1.075,0.0,2.8893682236580016,0.0,0.0,-28.367088161906054,0.0,0.0,85.06740603778596,0.0,0.0,-93.28107160549,0.0,0.0,27.174410139087882,0.0
1.08,0.0,13.849315640620954,0.0,0.0,-34.42466444741557,0.0,0.0,82.62059078685317,0.0,0.0,-89.65634258574336,0.0,0.0,26.45849960121123,0.0
1.085,0.0,24.708916388913003,0.0,0.0,-38.87633408066431,0.0,0.0,76.74864150059214,0.0,0.0,-82.97044523678845,0.0,0.0,24.719974579145077,0.0
1.09,0.0,35.219985193157235,0.0,0.0,-41.39186968917415,0.0,0.0,66.9899081810736,0.0,0.0,-72.73910262899882,0.0,0.0,21.75951955889382,0.0
1.095,0.0,45.0437866558481,0.0,0.0,-41.69128183688368,0.0,0.0,53.095284607917634,0.0,0.0,-58.6522030862333,0.0,0.0,17.427411736139405,0.0
1.1,0.0,53.77635926625493,0.0,0.0,-39.65076544848162,0.0,0.0,35.2420561850366,0.0,0.0,-40.78472078937659,0.0,0.0,11.701532345733433,0.0
1.105,0.0,61.02370293686767,0.0,0.0,-35.41726469622952,0.0,0.0,14.208320257646267,0.0,0.0,-19.77919219677014,0.0,0.0,4.76040570064503,0.0
1.11,0.0,66.51455044425494,0.0,0.0,-29.47014744092461,0.0,0.0,-8.617547426686913,0.0,0.0,3.1214528280745064,0.0,0.0,-2.9926080841876095,0.0
1.115,0.0,70.20385678008343,0.0,0.0,-22.571022979328827,0.0,0.0,-31.471626394418085,0.0,0.0,26.27466850616461,0.0,0.0,-10.988442295310591,0.0
1.12,0.0,72.3091529778694,0.0,0.0,-15.600506673546889,0.0,0.0,-52.62853058662548,0.0,0.0,48.02270680787538,0.0,0.0,-18.623549850202032,0.0
1.125,0.0,73.25640581442424,0.0,0.0,-9.357079925322754,0.0,0.0,-70.79675161800714,0.0,0.0,67.07822113965199,0.0,0.0,-25.401875820335878,0.0
1.1300000000000001,0.0,73.56733775986396,0.0,0.0,-4.416584313890274,0.0,0.0,-85.30837650622392,0.0,0.0,82.72803292223418,0.0,0.0,-31.019828713089336,0.0
1.135,0.0,73.74689038692145,0.0,0.0,-1.1007289362350825,0.0,0.0,-96.06116070035263,0.0,0.0,94.80299339498005,0.0,0.0,-35.3691932112647,0.0
1.1400000000000001,0.0,74.21149447618993,0.0,0.0,0.4665714675920487,0.0,0.0,-103.30786887702115,0.0,0.0,103.49447306728418,0.0,0.0,-38.48128534573147,0.0
1.145,0.0,75.26330813131187,0.0,0.0,0.26856425383636484,0.0,0.0,-107.41994500316042,0.0,0.0,109.13562865689535,0.0,0.0,-40.45291256306048,0.0
1.1500000000000001,0.0,77.09260084399352,0.0,0.0,-1.6849756044859383,0.0,0.0,-108.70464925346363,0.0,0.0,112.02516337071353,0.0,0.0,-41.38326380316628,0.0
1.155,0.0,79.78645335317661,0.0,0.0,-5.407286188868479,0.0,0.0,-107.29697977837859,0.0,0.0,112.317364550912,0.0,0.0,-41.332418227284805,0.0
1.16,0.0,83.32820013891421,0.0,0.0,-10.947900086535647,0.0,0.0,-103.11820232229736,0.0,0.0,109.97266537081651,0.0,0.0,-40.300981235841704,0.0
1.165,0.0,87.58044263785872,0.0,0.0,-18.36937206665023,0.0,0.0,-95.89132429273032,0.0,0.0,104.75967625801808,0.0,0.0,-38.22815545243536,0.0
1.17,0.0,92.25294651904419,0.0,0.0,-27.687003190914737,0.0,0.0,-85.21520662937527,0.0,0.0,96.30951116480793,0.0,0.0,-35.00824035332684,0.0
1.175,0.0,96.86688301608784,0.0,0.0,-38.77436732487715,0.0,0.0,-70.70712331783179,0.0,0.0,84.23181671699442,0.0,0.0,-30.52816059465165,0.0
1.18,0.0,100.7390083443851,0.0,0.0,-51.25117638176464,0.0,0.0,-52.21333550626046,0.0,0.0,68.29527518796974,0.0,0.0,-24.726361754442426,0.0
1.185,0.0,103.01749095568265,0.0,0.0,-64.3944573140915,0.0,0.0,-30.048576743955536,0.0,0.0,48.643150399823114,0.0,0.0,-17.66283405297792,0.0
1.19,0.0,102.79174157567009,0.0,0.0,-77.13392082267346,0.0,0.0,-5.1695614993744865,0.0,0.0,25.964035073265258,0.0,0.0,-9.573671239457727,0.0
1.195,0.0,99.26202199491875,0.0,0.0,-88.17774349944824,0.0,0.0,20.837103840864344,0.0,0.0,1.5099468465860069,0.0,0.0,-0.8749257779025519,0.0
1.2,0.0,91.90655308513028,0.0,0.0,-96.24961530048988,0.0,0.0,46.0078651686377,0.0,0.0,-23.097664696318798,0.0,0.0,7.902825999539457,0.0
1.205,0.0,80.56809623003589,0.0,0.0,-100.33926359254833,0.0,0.0,68.40939962373977,0.0,0.0,-46.21081537573373,0.0,0.0,16.227150009142825,0.0
1.21,0.0,65.42656791591104,0.0,0.0,-99.85135644860367,0.0,0.0,86.50782964747702,0.0,0.0,-66.48212474050813,0.0,0.0,23.668769144718915,0.0
1.215,0.0,46.89644490583879,0.0,0.0,-94.60761199036791,0.0,0.0,99.34312226820326,0.0,0.0,-83.02970066732132,0.0,0.0,29.951117421367734,0.0
1.22,0.0,25.523621985794083,0.0,0.0,-84.75031032133657,0.0,0.0,106.49216349405573,0.0,0.0,-95.4112583404475,0.0,0.0,34.936234206129704,0.0
1.225,0.0,1.9333696402775757,0.0,0.0,-70.63377080374525,0.0,0.0,107.91941900942217,0.0,0.0,-103.4862525045359,0.0,0.0,38.574199429063526,0.0
1.23,0.0,-23.168211832675155,0.0,0.0,-52.76261675642065,0.0,0.0,103.83164837530875,0.0,0.0,-107.27089184438667,0.0,0.0,40.85164718230847,0.0
1.235,0.0,-48.972161338494516,0.0,0.0,-31.784346324370226,0.0,0.0,94.60133233260876,0.0,0.0,-106.8533188582073,0.0,0.0,41.76238410623256,0.0
1.24,0.0,-74.56453276584163,0.0,0.0,-8.507179144054959,0.0,0.0,80.76200466353279,0.0,0.0,-102.38450734421404,0.0,0.0,41.306081888918584,0.0
1.245,0.0,-98.97115766310438,0.0,0.0,16.096729816844295,0.0,0.0,63.040019560310654,0.0,0.0,-94.1233532673869,0.0,0.0,39.508515190867485,0.0
1.25,0.0,-121.25261381674346,0.0,0.0,40.932893348708554,0.0,0.0,42.37541334724967,0.0,0.0,-82.4965370044164,0.0,0.0,36.45003497882006,0.0
1.2550000000000001,0.0,-140.62798572418342,0.0,0.0,64.87867099223085,0.0,0.0,19.894110137343155,0.0,0.0,-68.13215370519008,0.0,0.0,32.28705845097048,0.0
1.26,0.0,-156.58868604187822,0.0,0.0,86.91098079679547,0.0,0.0,-3.181129954219532,0.0,0.0,-51.83931408795597,0.0,0.0,27.254472628766862,0.0
1.2650000000000001,0.0,-168.9614841963787,0.0,0.0,106.2279824474973,0.0,0.0,-25.662010614394358,0.0,0.0,-34.530761935504096,0.0,0.0,21.644854628848847,0.0
1.27,0.0,-177.89557596886598,0.0,0.0,122.32155853055174,0.0,0.0,-46.52544201451873,0.0,0.0,-17.11234226298712,0.0,0.0,15.770560367151148,0.0
1.2750000000000001,0.0,-183.77495301488165,0.0,0.0,134.97369844100905,0.0,0.0,-64.99778026175417,0.0,0.0,-0.3782511483192845,0.0,0.0,9.921976430290403,0.0
1.28,0.0,-187.0801752301433,0.0,0.0,144.17678332778473,0.0,0.0,-80.56510191806908,0.0,0.0,15.05327789722561,0.0,0.0,4.335757157755971,0.0
1.285,0.0,-188.2313233107123,0.0,0.0,149.99978229874517,0.0,0.0,-92.90953814744103,0.0,0.0,28.74796411195313,0.0,0.0,-0.8187056694524937,0.0
1.29,0.0,-187.43619676129057,0.0,0.0,152.43016011326233,0.0,0.0,-101.79273294603024,0.0,0.0,40.41180041644015,0.0,0.0,-5.4337673765107795,0.0
1.295,0.0,-184.5554074666499,0.0,0.0,151.21856707420855,0.0,0.0,-106.9163707945383,0.0,0.0,49.81314698927842,0.0,0.0,-9.443385668426394,0.0
1.3,0.0,-178.99365418104236,0.0,0.0,145.75363904638039,0.0,0.0,-107.79359295811504,0.0,0.0,56.69317092103029,0.0,0.0,-12.794775781246702,0.0
1.305,0.0,-169.64696234652268,0.0,0.0,135.0124086550224,0.0,0.0,-103.67748748704352,0.0,0.0,60.692384892562856,0.0,0.0,-15.419106106550512,0.0
1.31,0.0,-154.98345811312387,0.0,0.0,117.6727513421467,0.0,0.0,-93.6212150007807,0.0,0.0,61.33408514499942,0.0,0.0,-17.211157226854077,0.0
1.315,0.0,-133.38680090047635,0.0,0.0,92.50984790352192,0.0,0.0,-76.76935383096288,0.0,0.0,58.12213817202292,0.0,0.0,-18.033369098582433,0.0
1.32,0.0,-103.86000962620923,0.0,0.0,59.13682811134389,0.0,0.0,-52.92968779727204,0.0,0.0,50.79794642595169,0.0,0.0,-17.76188808909781,0.0
1.325,0.0,-66.94041320939633,0.0,0.0,18.871112856911527,0.0,0.0,-23.25291062389691,0.0,0.0,39.703095381588355,0.0,0.0,-16.375447205598107,0.0
1.33,0.0,-25.251690090880157,0.0,0.0,-24.898455545907435,0.0,0.0,9.476817028472507,0.0,0.0,26.017868397676544,0.0,0.0,-14.043808561179386,0.0
1.335,0.0,16.992579837620326,0.0,0.0,-67.46919940043763,0.0,0.0,41.44062545812621,0.0,0.0,11.586986313664443,0.0,0.0,-11.137796280423245,0.0
1.34,0.0,55.50192042553188,0.0,0.0,-104.49736999912395,0.0,0.0,69.10980529924473,0.0,0.0,-1.6756860137217533,0.0,0.0,-8.125040400493354,0.0
1.345,0.0,87.43111274658901,0.0,0.0,-133.45146810280033,0.0,0.0,90.39595367588858,0.0,0.0,-12.407521505859851,0.0,0.0,-5.417617016719593,0.0
1.35,0.0,111.92390115394561,0.0,0.0,-153.92735577677732,0.0,0.0,104.89659026196281,0.0,0.0,-20.035444153567493,0.0,0.0,-3.27673705648374,0.0
1.355,0.0,129.65186268375328,0.0,0.0,-166.9719291160793,0.0,0.0,113.35491604331148,0.0,0.0,-24.60733436430308,0.0,0.0,-1.8116192407323854,0.0
1.36,0.0,141.98635434052997,0.0,0.0,-174.1523371332282,0.0,0.0,116.92124807486468,0.0,0.0,-26.46810931564233,0.0,0.0,-1.0333376258692821,0.0
1.365,0.0,150.33141740100297,0.0,0.0,-176.88595441307942,0.0,0.0,116.62566586421548,0.0,0.0,-25.99634882798272,0.0,0.0,-0.9122989862975328,0.0
1.37,0.0,155.76239558532774,0.0,0.0,-176.1229332812314,0.0,0.0,113.134667355461,0.0,0.0,-23.46627547482583,0.0,0.0,-1.4146409425508755,0.0
1.375,0.0,158.89215251947607,0.0,0.0,-172.26699359589355,0.0,0.0,106.70231144131522,0.0,0.0,-19.01064635471615,0.0,0.0,-2.515412229455591,0.0
1.3800000000000001,0.0,159.8552532452395,0.0,0.0,-165.21576182281729,0.0,0.0,97.22439100572251,0.0,0.0,-12.647127142932037,0.0,0.0,-4.193676542489285,0.0
1.385,0.0,158.34973319546498,0.0,0.0,-154.46760045024575,0.0,0.0,84.3559215347463,0.0,0.0,-4.348249503504727,0.0,0.0,-6.4138171396009085,0.0
1.3900000000000001,0.0,153.73290098602578,0.0,0.0,-139.301324043668,0.0,0.0,67.69508897122941,0.0,0.0,5.850039091777957,0.0,0.0,-9.09622135147768,0.0
1.395,0.0,145.20315829855159,0.0,0.0,-119.05887124441645,0.0,0.0,47.04548206424653,0.0,0.0,17.709348925135913,0.0,0.0,-12.08361856592503,0.0
1.4000000000000001,0.0,132.09368668724989,0.0,0.0,-93.52796052774511,0.0,0.0,22.728321588892165,0.0,0.0,30.654073416284582,0.0,0.0,-15.117382194340651,0.0
1.405,0.0,114.23699024126672,0.0,0.0,-63.324228450891056,0.0,0.0,-4.167139564647508,0.0,0.0,43.71390027990176,0.0,0.0,-17.845661496188903,0.0
1.41,0.0,92.25236391404093,0.0,0.0,-30.06474081019187,0.0,0.0,-31.77150508698778,0.0,0.0,55.62492527157133,0.0,0.0,-19.87964037068798,0.0
1.415,0.0,67.56092089067057,0.0,0.0,3.8594835999929185,0.0,0.0,-57.77404166505528,0.0,0.0,65.10099635550606,0.0,0.0,-20.88680780500362,0.0
1.42,0.0,42.05336625307968,0.0,0.0,35.88306944916208,0.0,0.0,-80.00639535610885,0.0,0.0,71.1612034299532,0.0,0.0,-20.676599137174144,0.0
1.425,0.0,17.569894026071502,0.0,0.0,63.93468590208151,0.0,0.0,-96.96737605948235,0.0,0.0,73.33574181333854,0.0,0.0,-19.230080714881012,0.0
1.43,0.0,-4.52377545781442,0.0,0.0,86.82470331678297,0.0,0.0,-108.02565982905125,0.0,0.0,71.6549788998362,0.0,0.0,-16.663072018725472,0.0
1.435,0.0,-23.48661566401136,0.0,0.0,104.23216428152139,0.0,0.0,-113.28003389085465,0.0,0.0,66.47755031602368,0.0,0.0,-13.15541536198965,0.0
1.44,0.0,-39.10481942279739,0.0,0.0,116.42839393876888,0.0,0.0,-113.25487938804682,0.0,0.0,58.28926801778071,0.0,0.0,-8.889402082327482,0.0
1.445,0.0,-51.485018327900804,0.0,0.0,123.95233664163372,0.0,0.0,-108.62342439513633,0.0,0.0,47.57073978391715,0.0,0.0,-4.02020342718451,0.0
1.45,0.0,-60.86181517150561,0.0,0.0,127.37718994912913,0.0,0.0,-100.05259682343332,0.0,0.0,34.75810479892442,0.0,0.0,1.322795491024828,0.0
1.455,0.0,-67.47724966451865,0.0,0.0,127.20450743282564,0.0,0.0,-88.16812344256846,0.0,0.0,20.27118434829151,0.0,0.0,7.0169191821165775,0.0
1.46,0.0,-71.53678239777808,0.0,0.0,123.85991252838552,0.0,0.0,-73.59246512699357,0.0,0.0,4.567238539782459,0.0,0.0,12.924005607165705,0.0
1.465,0.0,-73.22079758530725,0.0,0.0,117.74402420540349,0.0,0.0,-57.000187334429164,0.0,0.0,-11.81792438254975,0.0,0.0,18.876585858705283,0.0
1.47,0.0,-72.7227854407759,0.0,0.0,109.2930347927831,0.0,0.0,-39.14633530968145,0.0,0.0,-28.26722980692236,0.0,0.0,24.679127088736625,0.0
1.475,0.0,-70.28636490455538,0.0,0.0,99.01406503348132,0.0,0.0,-20.844609193760064,0.0,0.0,-44.12527510012781,0.0,0.0,30.124846974524306,0.0
1.48,0.0,-66.22078817065982,0.0,0.0,87.47820790430978,0.0,0.0,-2.8990008435218666,0.0,0.0,-58.77306719105887,0.0,0.0,35.02197029251094,0.0
1.485,0.0,-60.88757782399747,0.0,0.0,75.2756178026007,0.0,0.0,13.983955440161749,0.0,0.0,-71.7053130124299,0.0,0.0,39.218969600358946,0.0
1.49,0.0,-54.66506992770559,0.0,0.0,62.95385392251726,0.0,0.0,29.2664212525942,0.0,0.0,-82.58006516904359,0.0,0.0,42.618977339221615,0.0
1.495,0.0,-47.90627216357089,0.0,0.0,50.96505493440213,0.0,0.0,42.60809021140736,0.0,0.0,-91.22447080420213,0.0,0.0,45.17889419736135,0.0
1.5,0.0,-40.90514150362201,0.0,0.0,39.63909316452647,0.0,0.0,53.847430641436745,0.0,0.0,-97.5998120723645,0.0,0.0,46.89532558928873,0.0
1.5050000000000001,0.0,-33.879545333595985,0.0,0.0,29.186060634891298,0.0,0.0,62.948224688170214,0.0,0.0,-101.74261992279257,0.0,0.0,47.783667626478355,0.0
1.51,0.0,-26.971298292760856,0.0,0.0,19.72072776109275,0.0,0.0,69.93177616940277,0.0,0.0,-103.70172142730253,0.0,0.0,47.85722609606661,0.0
1.5150000000000001,0.0,-20.258826868331425,0.0,0.0,11.297587677348261,0.0,0.0,74.81309202067688,0.0,0.0,-103.48676084257045,0.0,0.0,47.111518385113634,0.0
1.52,0.0,-13.776917035645624,0.0,0.0,3.946216528032822,0.0,0.0,77.55364151720181,0.0,0.0,-101.03794331307577,0.0,0.0,45.51692287107084,0.0
1.5250000000000001,0.0,-7.5390973746319325,0.0,0.0,-2.3004859145424508,0.0,0.0,78.03904847742406,0.0,0.0,-96.22335607695283,0.0,0.0,43.02176405749185,0.0
1.53,0.0,-1.5595508019885393,0.0,0.0,-7.39048780594724,0.0,0.0,76.08871174875264,0.0,0.0,-88.86930423027397,0.0,0.0,39.56755940866712,0.0
1.5350000000000001,0.0,4.128211050843936,0.0,0.0,-11.25349319258416,0.0,0.0,71.50354643969939,0.0,0.0,-78.82743674524026,0.0,0.0,35.11721048857913,0.0
1.54,0.0,9.459496894031588,0.0,0.0,-13.821154083624155,0.0,0.0,64.15284867935618,0.0,0.0,-66.07503926555084,0.0,0.0,29.693633782792812,0.0
1.545,0.0,14.33791053234255,0.0,0.0,-15.064763381263035,0.0,0.0,54.08696957084702,0.0,0.0,-50.82826066924289,0.0,0.0,23.419786478856015,0.0
1.55,0.0,18.649575137435328,0.0,0.0,-15.040037340642474,0.0,0.0,41.64029875147119,0.0,0.0,-33.626251761890856,0.0,0.0,16.543392917603114,0.0
1.555,0.0,22.290706477869122,0.0,0.0,-13.919556672867522,0.0,0.0,27.4723751530243,0.0,0.0,-15.33341903643714,0.0,0.0,9.42740211762645,0.0
1.56,0.0,25.199726021722803,0.0,0.0,-11.992249603245984,0.0,0.0,12.505365669395339,0.0,0.0,2.9719026329614326,0.0,0.0,2.4975232426923393,0.0
1.565,0.0,27.380281611153052,0.0,0.0,-9.622381336335982,0.0,0.0,-2.2377876409974147,0.0,0.0,20.199283970155545,0.0,0.0,-3.8400392505979752,0.0
1.57,0.0,28.904635839790767,0.0,0.0,-7.182390514814514,0.0,0.0,-15.833924462683697,0.0,0.0,35.46084964539476,0.0,0.0,-9.278546977960987,0.0
1.575,0.0,29.897022444785765,0.0,0.0,-4.988237611914182,0.0,0.0,-27.616337171456642,0.0,0.0,48.21204757370201,0.0,0.0,-13.656486198677,0.0
1.58,0.0,30.50624296387577,0.0,0.0,-3.2614131712845316,0.0,0.0,-37.23551067947815,0.0,0.0,58.27710181440532,0.0,0.0,-16.957192907861597,0.0
1.585,0.0,30.87932326586312,0.0,0.0,-2.1240930356241137,0.0,0.0,-44.62670907079918,0.0,0.0,65.77852584910931,0.0,0.0,-19.273624258892923,0.0
1.59,0.0,31.1437478568282,0.0,0.0,-1.618071654010917,0.0,0.0,-49.924530242537344,0.0,0.0,71.02313304857186,0.0,0.0,-20.760187033943865,0.0
1.595,0.0,31.399647342173406,0.0,0.0,-1.7328115288385775,0.0,0.0,-53.368653446353235,0.0,0.0,74.39272125024745,0.0,0.0,-21.589810934956724,0.0
1.6,0.0,31.719375075937787,0.0,0.0,-2.4313732604121268,0.0,0.0,-55.22829702863382,0.0,0.0,76.26464084339919,0.0,0.0,-21.92462964552245,0.0
1.605,0.0,32.15092160923414,0.0,0.0,-3.6690570084062752,0.0,0.0,-55.75390547737567,0.0,0.0,76.96620346761223,0.0,0.0,-21.900475370772867,0.0
1.61,0.0,32.72237233083685,0.0,0.0,-5.404163840496907,0.0,0.0,-55.15285586524543,0.0,0.0,76.75567320230176,0.0,0.0,-21.62153816373362,0.0
1.615,0.0,33.445805414835846,0.0,0.0,-7.602421176647304,0.0,0.0,-53.581932609931,0.0,0.0,75.82001385843765,0.0,0.0,-21.161017650371942,0.0
1.62,0.0,34.319981583764395,0.0,0.0,-10.237028242049394,0.0,0.0,-51.149777323042564,0.0,0.0,74.28136747114254,0.0,0.0,-20.564591744715024,0.0
1.625,0.0,35.331754461383966,0.0,0.0,-13.285918627879331,0.0,0.0,-47.92454636870322,0.0,0.0,72.2071485925532,0.0,0.0,-19.854795681008376,0.0
1.6300000000000001,0.0,36.456423577537926,0.0,0.0,-16.727331544270406,0.0,0.0,-43.944005912573424,0.0,0.0,69.62111892237738,0.0,0.0,-19.035412652307922,0.0
1.635,0.0,37.65739065387765,0.0,0.0,-20.534410618136484,0.0,0.0,-39.226701550097694,0.0,0.0,66.5144556210214,0.0,0.0,-18.09562278230795,0.0
1.6400000000000001,0.0,38.88555356970791,0.0,0.0,-24.6693824436793,0.0,0.0,-33.78360738705077,0.0,0.0,62.85672483499221,0.0,0.0,-17.014002313823816,0.0
1.645,0.0,40.07892005284449,0.0,0.0,-29.077884009277778,0.0,0.0,-27.629908474133543,0.0,0.0,58.607008289642124,0.0,0.0,-15.762594830547794,0.0
1.6500000000000001,0.0,41.16294100374528,0.0,0.0,-33.68414167796921,0.0,0.0,-20.796450232036396,0.0,0.0,53.72536485000815,0.0,0.0,-14.311251882292517,0.0
1.655,0.0,42.05201951944327,0.0,0.0,-38.38785746741364,0.0,0.0,-13.340052151124752,0.0,0.0,48.184460788757285,0.0,0.0,-12.632299094837935,0.0
1.6600000000000001,0.0,42.65250477688028,0.0,0.0,-43.063709983032105,0.0,0.0,-5.351505492234642,0.0,0.0,41.980691782719205,0.0,0.0,-10.705359558582046,0.0
1.665,0.0,42.8672054755678,0.0,0.0,-47.564204780914764,0.0,0.0,3.0401381475984772,0.0,0.0,35.14360638442195,0.0,0.0,-8.521910734212893,0.0
1.67,0.0,42.60107819696546,0.0,0.0,-51.726136073916955,0.0,0.0,11.668224123951624,0.0,0.0,27.742132907214856,0.0,0.0,-6.088944210791464,0.0
1.675,0.0,41.76735138603407,0.0,0.0,-55.380181587153345,0.0,0.0,20.33468733175914,0.0,0.0,19.886216945128286,0.0,0.0,-3.431035023476806,0.0
1.68,0.0,40.29308030344727,0.0,0.0,-58.36232558441151,0.0,0.0,28.821291582300752,0.0,0.0,11.72310326824027,0.0,0.0,-0.5902820298979776,0.0
1.685,0.0,38.12313698179879,0.0,0.0,-60.52518688999499,0.0,0.0,36.904206306282475,0.0,0.0,3.4285521692408802,0.0,0.0,2.376044930295625,0.0
1.69,0.0,35.22198631301117,0.0,0.0,-61.74720924346219,0.0,0.0,44.3692878894903,0.0,0.0,-4.805546961136137,0.0,0.0,5.39981765170035,0.0
1.695,0.0,31.57321011375134,0.0,0.0,-61.938178075157325,0.0,0.0,51.02520776088997,0.0,0.0,-12.784841920239664,0.0,0.0,8.40753669990499,0.0
1.7,0.0,27.177412104357227,0.0,0.0,-61.040529622176834,0.0,0.0,56.71218871510432,0.0,0.0,-20.324937340196474,0.0,0.0,11.325970369670006,0.0
1.705,0.0,22.049622335653932,0.0,0.0,-59.027066994190086,0.0,0.0,61.305374571981595,0.0,0.0,-27.26057663996326,0.0,0.0,14.086983999278367,0.0
1.71,0.0,16.217443027276875,0.0,0.0,-55.89659112057142,0.0,0.0,64.71331566907195,0.0,0.0,-33.45065411148531,0.0,0.0,16.630919388647303,0.0
1.715,0.0,9.720901056210117,0.0,0.0,-51.66931762260418,0.0,0.0,66.87322465543056,0.0,0.0,-38.779315715590485,0.0,0.0,18.908332045966592,0.0
1.72,0.0,2.6143902314301237,0.0,0.0,-46.38372848397337,0.0,0.0,67.745237193147,0.0,0.0,-43.154352598479605,0.0,0.0,20.88031232298744,0.0
1.725,0.0,-5.029632927674362,0.0,0.0,-40.095836540380574,0.0,0.0,67.30784045099853,0.0,0.0,-46.50456788253265,0.0,0.0,22.517891649633206,0.0
1.73,0.0,-13.116215636270569,0.0,0.0,-32.88095150930433,0.0,0.0,65.55603872757223,0.0,0.0,-48.77776486450863,0.0,0.0,23.801124062987988,0.0
1.735,0.0,-21.524241575778866,0.0,0.0,-24.83715932746341,0.0,0.0,62.50292032143321,0.0,0.0,-49.94055299523554,0.0,0.0,24.71835286366225,0.0
1.74,0.0,-30.105213945936647,0.0,0.0,-16.08904703296468,0.0,0.0,58.1842793748654,0.0,0.0,-49.98044354803048,0.0,0.0,25.265971754132494,0.0
1.745,0.0,-38.685963785621645,0.0,0.0,-6.789857887691566,0.0,0.0,52.6650084107233,0.0,0.0,-48.90987030165445,0.0,0.0,25.448728652331734,0.0
1.75,0.0,-47.076133727829536,0.0,0.0,2.879663644730364,0.0,0.0,46.04527597149414,0.0,0.0,-46.77099047548646,0.0,0.0,25.28035940577855,0.0
1.7550000000000001,0.0,-55.080307660873345,0.0,0.0,12.716942899378582,0.0,0.0,38.464205533663105,0.0,0.0,-43.63957996827307,0.0,0.0,24.78413939544486,0.0
1.76,0.0,-62.51350049821773,0.0,0.0,22.508021703344784,0.0,0.0,30.099022859341773,0.0,0.0,-39.62621369251285,0.0,0.0,23.99286147852563,0.0
1.7650000000000001,0.0,-69.21768127419057,0.0,0.0,32.041853608150504,0.0,0.0,21.158494161568452,0.0,0.0,-34.87333310405487,0.0,0.0,22.94782772061075,0.0
1.77,0.0,-75.0764172742208,0.0,0.0,41.126392170648785,0.0,0.0,11.87081187405878,0.0,0.0,-29.547719372017927,0.0,0.0,21.696676058986874,0.0
1.7750000000000001,0.0,-80.024858580415,0.0,0.0,49.6037093047979,0.0,0.0,2.467556110630084,0.0,0.0,-23.829083559649803,0.0,0.0,20.29018906178947,0.0
1.78,0.0,-84.0531731836843,0.0,0.0,57.361378506357845,0.0,0.0,-6.833509190035496,0.0,0.0,-17.8965697588257,0.0,0.0,18.77854057752568,0.0
1.7850000000000001,0.0,-87.20294585143228,0.0,0.0,64.33811205454084,0.0,0.0,-15.843667629694112,0.0,0.0,-11.915554299473785,0.0,0.0,17.207613460664277,0.0
1.79,0.0,-89.55750736487634,0.0,0.0,70.52290580261086,0.0,0.0,-24.413876744421707,0.0,0.0,-6.027010758066999,0.0,0.0,15.616004857052765,0.0
1.795,0.0,-91.22818713750843,0.0,0.0,75.94826955546056,0.0,0.0,-32.43931751893551,0.0,0.0,-0.3409843579013666,0.0,0.0,14.033144589509718,0.0
1.8,0.0,-92.33880060757987,0.0,0.0,80.6790596658338,0.0,0.0,-39.857739059766274,0.0,0.0,5.065295181078084,0.0,0.0,12.478675718128518,0.0
1.805,0.0,-93.01030468830172,0.0,0.0,84.79873585560152,0.0,0.0,-46.6425216811965,0.0,0.0,10.145050225027601,0.0,0.0,10.962993080011463,0.0
1.81,0.0,-93.34672220780003,0.0,0.0,88.39455250249586,0.0,0.0,-52.79186286159385,0.0,0.0,14.87627701088184,0.0,0.0,9.48868405976462,0.0
1.815,0.0,-93.42247012704229,0.0,0.0,91.54247261857533,0.0,0.0,-58.31538465347973,0.0,0.0,19.25378931223939,0.0,0.0,8.052591282716099,0.0
1.82,0.0,-93.27039094560008,0.0,0.0,94.29172747631817,0.0,0.0,-63.21894165625541,0.0,0.0,23.279759427569278,0.0,0.0,6.648299697518214,0.0
1.825,0.0,-92.8692460695982,0.0,0.0,96.64817088160491,0.0,0.0,-67.48772793067523,0.0,0.0,26.953073531533235,0.0,0.0,5.268999597498757,0.0
1.83,0.0,-92.12929985562036,0.0,0.0,98.55509501633345,0.0,0.0,-71.06720598511546,0.0,0.0,30.257343840499377,0.0,0.0,3.910848865882405,0.0
1.835,0.0,-90.87509182538777,0.0,0.0,99.87024540412905,0.0,0.0,-73.84121937796415,0.0,0.0,33.147122127005176,0.0,0.0,2.57710692625848,0.0
1.84,0.0,-88.82597368060746,0.0,0.0,100.33888477087658,0.0,0.0,-75.6073683720385,0.0,0.0,35.532006191752856,0.0,0.0,1.2833715029117805,0.0
1.845,0.0,-85.57822467446033,0.0,0.0,99.56580542167781,0.0,0.0,-76.05209917039477,0.0,0.0,37.25937397666941,0.0,0.0,0.06408390533222175,0.0
1.85,0.0,-80.59850688174734,0.0,0.0,96.99546245695616,0.0,0.0,-74.73306383675205,0.0,0.0,38.09911226024637,0.0,0.0,-1.0201671977149749,0.0
1.855,0.0,-73.24734622373336,0.0,0.0,91.9197759505573,0.0,0.0,-71.08489916594482,0.0,0.0,37.73860683672719,0.0,0.0,-1.8764623559689975,0.0
1.86,0.0,-62.8603078942421,0.0,0.0,83.54546470455986,0.0,0.0,-64.4748746146651,0.0,0.0,35.80296104717741,0.0,0.0,-2.3788429209496194,0.0
1.865,0.0,-48.9133686232885,0.0,0.0,71.15680818521881,0.0,0.0,-54.33837130018644,0.0,0.0,31.919794526661942,0.0,0.0,-2.3800746411096103,0.0
1.87,0.0,-31.26903333992177,0.0,0.0,54.38402595282922,0.0,0.0,-40.402901476380066,0.0,0.0,25.839884875080557,0.0,0.0,-1.7428290880459887,0.0
1.875,0.0,-10.428531799944908,0.0,0.0,33.512340120071386,0.0,0.0,-22.94669108350098,0.0,0.0,17.592525129088074,0.0,0.0,-0.3897260880819955,0.0
1.8800000000000001,0.0,12.365371048013346,0.0,0.0,9.66676429426528,0.0,0.0,-2.953910118753024,0.0,0.0,7.603786197563539,0.0,0.0,1.6446883893422504,0.0
1.885,0.0,35.32518213935915,0.0,0.0,-15.314902137699535,0.0,0.0,17.99088591815605,0.0,0.0,-3.318161183828698,0.0,0.0,4.191425833981856,0.0
1.8900000000000001,0.0,56.60114369283018,0.0,0.0,-39.35287648232485,0.0,0.0,38.09670488800261,0.0,0.0,-14.168250582241333,0.0,0.0,6.977703607026477,0.0
1.895,0.0,74.81409353175894,0.0,0.0,-60.71860171974778,0.0,0.0,55.86334306558753,0.0,0.0,-24.01799039696064,0.0,0.0,9.700598267490495,0.0
1.9000000000000001,0.0,89.3536563792857,0.0,0.0,-78.42953478977742,0.0,0.0,70.41257375500477,0.0,0.0,-32.22795473223175,0.0,0.0,12.103005974625512,0.0
1.905,0.0,100.34065295265594,0.0,0.0,-92.29037353090537,0.0,0.0,81.52254924733978,0.0,0.0,-38.50736337247779,0.0,0.0,14.01498500650109,0.0
1.9100000000000001,0.0,108.37139012243284,0.0,0.0,-102.66932842511274,0.0,0.0,89.43942333603356,0.0,0.0,-42.841092347936296,0.0,0.0,15.353350377897977,0.0
1.915,0.0,114.22730627921649,0.0,0.0,-110.19874045602513,0.0,0.0,94.62513804512085,0.0,0.0,-45.364120500372465,0.0,0.0,16.096298406854793,0.0
1.92,0.0,118.66301772928784,0.0,0.0,-115.53459748803996,0.0,0.0,97.55464561155301,0.0,0.0,-46.249761792415796,0.0,0.0,16.253256188134518,0.0
1.925,0.0,122.29374066221347,0.0,0.0,-119.21406292200706,0.0,0.0,98.59592629938646,0.0,0.0,-45.63767086157473,0.0,0.0,15.841550230530917,0.0
1.93,0.0,125.55407838181635,0.0,0.0,-121.59199333442673,0.0,0.0,97.95764507761228,0.0,0.0,-43.59928503287328,0.0,0.0,14.872827427741997,0.0
1.935,0.0,128.69230921351823,0.0,0.0,-122.82320537396437,0.0,0.0,95.67777601121018,0.0,0.0,-40.12933173549787,0.0,0.0,13.34796564215932,0.0
1.94,0.0,131.7747729191965,0.0,0.0,-122.8655532597105,0.0,0.0,91.6339849507483,0.0,0.0,-35.154277914677444,0.0,0.0,11.258558205251761,0.0
1.945,0.0,134.68834254823574,0.0,0.0,-121.4926274979678,0.0,0.0,85.56846851804026,0.0,0.0,-28.55413271928422,0.0,0.0,8.593871524980486,0.0
1.95,0.0,137.1403288724096,0.0,0.0,-118.31709881251315,0.0,0.0,77.12997933868255,0.0,0.0,-20.198628478881936,0.0,0.0,5.352993929736898,0.0
1.955,0.0,138.66447027863586,0.0,0.0,-112.83453312474525,0.0,0.0,65.94154425352562,0.0,0.0,-10.000406641205153,0.0,0.0,1.5618464148742568,0.0
1.96,0.0,138.64885828796105,0.0,0.0,-104.50106050230815,0.0,0.0,51.70142627122728,0.0,0.0,2.015356552067784,0.0,0.0,-2.7067668930502613,0.0
1.965,0.0,136.40380519015707,0.0,0.0,-92.85263471063982,0.0,0.0,34.31372421697836,0.0,0.0,15.634784298689226,0.0,0.0,-7.314940985719877,0.0
1.97,0.0,131.27889855421932,0.0,0.0,-77.6547457918499,0.0,0.0,14.022630315842353,0.0,0.0,30.396280255266667,0.0,0.0,-12.051631878642775,0.0
1.975,0.0,122.81479653906804,0.0,0.0,-59.04233476072407,0.0,0.0,-8.500764404579478,0.0,0.0,45.582328862749044,0.0,0.0,-16.644017963049908,0.0
1.98,0.0,110.88390352273865,0.0,0.0,-37.58769861432156,0.0,0.0,-32.176831991316654,0.0,0.0,60.288295338659914,0.0,0.0,-20.792087587048727,0.0
1.985,0.0,95.75764572891113,0.0,0.0,-14.245577636330403,0.0,0.0,-55.66548309971064,0.0,0.0,73.5620600179244,0.0,0.0,-24.218452086532217,0.0
1.99,0.0,78.05982669345583,0.0,0.0,9.821493172769694,0.0,0.0,-77.6021346721361,0.0,0.0,84.56560081811313,0.0,0.0,-26.713950106066285,0.0
1.995,0.0,58.62075959094237,0.0,0.0,33.46868796068401,0.0,0.0,-96.82490234933204,0.0,0.0,92.68943769185152,0.0,0.0,-28.158571790040423,0.0
2.0,0.0,38.29716120737803,0.0,0.0,55.74941119801662,0.0,0.0,-112.49936667254568,0.0,0.0,97.57370819342708,0.0,0.0,-28.50940485749205,0.0
2.005,0.0,17.83142941717796,0.0,0.0,75.98662892359201,0.0,0.0,-124.10638174468006,0.0,0.0,99.03933446324477,0.0,0.0,-27.76396068495104,0.0
2.0100000000000002,0.0,-2.207960891152182,0.0,0.0,93.73084239711672,0.0,0.0,-131.3264405010753,0.0,0.0,96.97311044433411,0.0,0.0,-25.91699195908828,0.0
2.015,0.0,-21.40480931410192,0.0,0.0,108.64575774628518,0.0,0.0,-133.8899204240905,0.0,0.0,91.22223867798512,0.0,0.0,-22.92867211565769,0.0
2.02,0.0,-39.41844298044591,0.0,0.0,120.37764306405029,0.0,0.0,-131.46356323152733,0.0,0.0,81.54514904406274,0.0,0.0,-18.71694539021415,0.0
2.025,0.0,-55.88737755133961,0.0,0.0,128.46186684462043,0.0,0.0,-123.63011495396242,0.0,0.0,67.65233803025745,0.0,0.0,-13.182249896074394,0.0
2.0300000000000002,0.0,-70.35276943589365,0.0,0.0,132.31538177023648,0.0,0.0,-110.00098018586728,0.0,0.0,49.35557764593662,0.0,0.0,-6.2679550575376,0.0
2.035,0.0,-82.24514933990955,0.0,0.0,131.35347796168116,0.0,0.0,-90.4675802500124,0.0,0.0,26.81052576007804,0.0,0.0,1.9515193944356763,0.0
2.04,0.0,-90.97090990336864,0.0,0.0,125.23013858352971,0.0,0.0,-65.52324626468767,0.0,0.0,0.7719005510862331,0.0,0.0,11.185321548575127,0.0
2.045,0.0,-96.09512702354718,0.0,0.0,114.11966882424663,0.0,0.0,-36.48803050646974,0.0,0.0,-27.29298104873505,0.0,0.0,20.897149675446187,0.0
2.05,0.0,-97.54526237113762,0.0,0.0,98.87590562622124,0.0,0.0,-5.434754527418129,0.0,0.0,-55.38202515872509,0.0,0.0,30.380330239542705,0.0
2.055,0.0,-95.71168478223753,0.0,0.0,80.92470144295979,0.0,0.0,25.24819481490646,0.0,0.0,-81.42393061580307,0.0,0.0,38.92813509276441,0.0
2.06,0.0,-91.366462063092,0.0,0.0,61.90676656278058,0.0,0.0,53.46506170398173,0.0,0.0,-103.81041118760386,0.0,0.0,46.01701207728769,0.0
2.065,0.0,-85.44353774336516,0.0,0.0,43.26422016086677,0.0,0.0,77.86210138736237,0.0,0.0,-121.70729559750195,0.0,0.0,51.404183168158845,0.0
2.07,0.0,-78.80718982911192,0.0,0.0,25.981760512701698,0.0,0.0,97.91769741288846,0.0,0.0,-135.02123463313632,0.0,0.0,55.103567644706246,0.0
2.075,0.0,-72.11106536560997,0.0,0.0,10.555392488782953,0.0,0.0,113.72149929520398,0.0,0.0,-144.11993900461812,0.0,0.0,57.28013214102021,0.0
2.08,0.0,-65.76725374827417,0.0,0.0,-2.8768743177395297,0.0,0.0,125.62440991806596,0.0,0.0,-149.48730448382867,0.0,0.0,58.12743583370205,0.0
2.085,0.0,-59.986613895360556,0.0,0.0,-14.347179223645863,0.0,0.0,133.9100795838523,0.0,0.0,-151.4363999510526,0.0,0.0,57.769597645388444,0.0
2.09,0.0,-54.84249509152542,0.0,0.0,-23.883060354314757,0.0,0.0,138.5479171132317,0.0,0.0,-149.91461004506542,0.0,0.0,56.19751351242449,0.0
2.095,0.0,-50.326830620981184,0.0,0.0,-31.373328342688268,0.0,0.0,139.03356462490615,0.0,0.0,-144.3945406370744,0.0,0.0,53.23592698392936,0.0
2.1,0.0,-46.385132072592526,0.0,0.0,-36.487771976000055,0.0,0.0,134.33302760778267,0.0,0.0,-133.86406349986189,0.0,0.0,48.54568713404095,0.0
2.105,0.0,-42.92653785789778,0.0,0.0,-38.68153135157887,0.0,0.0,123.00644762706976,0.0,0.0,-116.98821119008717,0.0,0.0,41.685986080981245,0.0
2.11,0.0,-39.810727498059514,0.0,0.0,-37.344032522382946,0.0,0.0,103.64643406358185,0.0,0.0,-92.56381884824393,0.0,0.0,32.27642386599072,0.0
2.115,0.0,-36.82404941078592,0.0,0.0,-32.13820023444234,0.0,0.0,75.70455265807811,0.0,0.0,-60.31326176661369,0.0,0.0,20.270196403532026,0.0
2.12,0.0,-33.675430259204106,0.0,0.0,-23.442688503819493,0.0,0.0,40.45186512085794,0.0,0.0,-21.743547054381725,0.0,0.0,6.238275558085426,0.0
2.125,0.0,-30.04835910871379,0.0,0.0,-12.590863746039682,0.0,0.0,1.3521979751811162,0.0,0.0,19.617726870717323,0.0,0.0,-8.572210448399456,0.0
2.13,0.0,-25.704430222739845,0.0,0.0,-1.5799567226782054,0.0,0.0,-36.817142496725126,0.0,0.0,59.17781031723364,0.0,0.0,-22.587799532782366,0.0
2.1350000000000002,0.0,-20.56714425517281,0.0,0.0,7.663388269408669,0.0,0.0,-69.75527604760995,0.0,0.0,93.00847581930529,0.0,0.0,-34.50530171507328,0.0
2.14,0.0,-14.713829945556405,0.0,0.0,13.925850712935294,0.0,0.0,-95.05433949917195,0.0,0.0,119.1104954101773,0.0,0.0,-43.7063202790523,0.0
2.145,0.0,-8.287907901377153,0.0,0.0,16.846314120253762,0.0,0.0,-112.37960908366051,0.0,0.0,137.46712349820734,0.0,0.0,-50.249488356138855,0.0
2.15,0.0,-1.40479646603022,0.0,0.0,16.635930704362366,0.0,0.0,-122.71516462328725,0.0,0.0,149.25104545341662,0.0,0.0,-54.58186205929945,0.0
2.1550000000000002,0.0,5.897525461994807,0.0,0.0,13.704350972021608,0.0,0.0,-127.4556390434447,0.0,0.0,155.9422504328028,0.0,0.0,-57.23265925377012,0.0
2.16,0.0,13.661108863506831,0.0,0.0,8.401370526341838,0.0,0.0,-127.80001565436923,0.0,0.0,158.76408262088808,0.0,0.0,-58.62335431885218,0.0
2.165,0.0,21.981973725293756,0.0,0.0,0.9064892901100554,0.0,0.0,-124.48560835837164,0.0,0.0,158.44594685007084,0.0,0.0,-58.99100904258346,0.0
2.17,0.0,30.967476528845904,0.0,0.0,-8.775586212180462,0.0,0.0,-117.73795426577131,0.0,0.0,155.17994806583746,0.0,0.0,-58.376378314489806,0.0
2.1750000000000003,0.0,40.67744017944126,0.0,0.0,-20.75015035113883,0.0,0.0,-107.33394221813728,0.0,0.0,148.6696604883776,0.0,0.0,-56.64147377121016,0.0
2.18,0.0,51.044575835833314,0.0,0.0,-35.10939679708218,0.0,0.0,-92.74645324418097,0.0,0.0,138.2431718158489,0.0,0.0,-53.50809195233407,0.0
2.185,0.0,61.77786337659842,0.0,0.0,-51.751381763895424,0.0,0.0,-73.39078235014712,0.0,0.0,123.05946663727745,0.0,0.0,-48.629381673273016,0.0
2.19,0.0,72.2770360496988,0.0,0.0,-70.16438281735248,0.0,0.0,-48.99333245760741,0.0,0.0,102.44854817867058,0.0,0.0,-41.71121461062562,0.0
2.195,0.0,81.61950572508546,0.0,0.0,-89.2593264073439,0.0,0.0,-20.02581479081644,0.0,0.0,76.36110191943712,0.0,0.0,-32.677496132616135,0.0
2.2,0.0,88.68916231260513,0.0,0.0,-107.389084228329,0.0,0.0,11.9891106470443,0.0,0.0,45.7622265271284,0.0,0.0,-21.821615961720745,0.0
2.205,0.0,92.4522149735921,0.0,0.0,-122.65407757256352,0.0,0.0,44.565297425696954,0.0,0.0,12.692527645488234,0.0,0.0,-9.84190707824138,0.0
2.21,0.0,92.25997173870108,0.0,0.0,-133.40787010518068,0.0,0.0,74.82781602310777,0.0,0.0,-20.171612178539778,0.0,0.0,2.307266064999566,0.0
2.215,0.0,87.9922514164792,0.0,0.0,-138.68014996990703,0.0,0.0,100.30457654049756,0.0,0.0,-50.279701976572376,0.0,0.0,13.692220257792938,0.0
2.22,0.0,79.95440019007327,0.0,0.0,-138.2625595479125,0.0,0.0,119.46776719796354,0.0,0.0,-75.84695698773233,0.0,0.0,23.644517893387828,0.0
2.225,0.0,68.62283856769746,0.0,0.0,-132.45932669013544,0.0,0.0,131.77001980037346,0.0,0.0,-96.04732945031655,0.0,0.0,31.847386114163584,0.0
2.23,0.0,54.41615912387423,0.0,0.0,-121.72275141011227,0.0,0.0,137.30092800967392,0.0,0.0,-110.78888054014743,0.0,0.0,38.26433552374022,0.0
2.235,0.0,37.608065749477234,0.0,0.0,-106.39851961346379,0.0,0.0,136.36867751578367,0.0,0.0,-120.32388204514385,0.0,0.0,42.99627643386347,0.0
2.24,0.0,18.39690470752926,0.0,0.0,-86.68135265676793,0.0,0.0,129.23856428231238,0.0,0.0,-124.9264434796301,0.0,0.0,46.15204814860481,0.0
2.245,0.0,-2.9173464051688773,0.0,0.0,-62.76862741990147,0.0,0.0,116.10988348288376,0.0,0.0,-124.74802346866898,0.0,0.0,47.77623990593935,0.0
2.25,0.0,-25.72915427680886,0.0,0.0,-35.13285215142992,0.0,0.0,97.2995599706307,0.0,0.0,-119.86196955770119,0.0,0.0,47.84481295553971,0.0
2.255,0.0,-49.00075311192222,0.0,0.0,-4.782528770240097,0.0,0.0,73.52199755994353,0.0,0.0,-110.44590456797772,0.0,0.0,46.31958942123565,0.0
2.2600000000000002,0.0,-71.31738585558442,0.0,0.0,26.652504987025104,0.0,0.0,46.0938543992539,0.0,0.0,-96.9979733035344,0.0,0.0,43.23439057299993,0.0
2.265,0.0,-91.16116784577443,0.0,0.0,57.1296567206592,0.0,0.0,16.894364485981253,0.0,0.0,-80.45134503723389,0.0,0.0,38.76744415084336,0.0
2.27,0.0,-107.30519848225751,0.0,0.0,84.65411193390071,0.0,0.0,-11.965352671441364,0.0,0.0,-62.09183088094826,0.0,0.0,33.255168555445245,0.0
2.275,0.0,-119.12783486209595,0.0,0.0,107.76963840571973,0.0,0.0,-38.616772017558404,0.0,0.0,-43.304046234964915,0.0,0.0,27.13524176347747,0.0
2.2800000000000002,0.0,-126.68936355928331,0.0,0.0,125.82931851826649,0.0,0.0,-61.805454329330125,0.0,0.0,-25.283282196860274,0.0,0.0,20.851695939013116,0.0
2.285,0.0,-130.57052324267065,0.0,0.0,138.95383283004216,0.0,0.0,-81.00190176234725,0.0,0.0,-8.853785785931041,0.0,0.0,14.772776048303378,0.0
2.29,0.0,-131.59856906534284,0.0,0.0,147.773646107193,0.0,0.0,-96.27213505777276,0.0,0.0,5.558066908276789,0.0,0.0,9.152509736115142,0.0
2.295,0.0,-130.59462340125236,0.0,0.0,153.11928694245856,0.0,0.0,-108.0351580728115,0.0,0.0,17.838240222039364,0.0,0.0,4.1350241765629,0.0
2.3000000000000003,0.0,-128.20654628166812,0.0,0.0,155.77196532405435,0.0,0.0,-116.82516137726724,0.0,0.0,28.05807791250373,0.0,0.0,-0.21699349283422542,0.0
2.305,0.0,-124.8239045744427,0.0,0.0,156.30415061821196,0.0,0.0,-123.11240658988658,0.0,0.0,36.35572019530969,0.0,0.0,-3.887991805451117,0.0
2.31,0.0,-120.54197972138688,0.0,0.0,154.98845888143921,0.0,0.0,-127.18305651788626,0.0,0.0,42.843971166278486,0.0,0.0,-6.879649328092981,0.0
2.315,0.0,-115.14399325685199,0.0,0.0,151.74161340742694,0.0,0.0,-129.0562370117849,0.0,0.0,47.542947628228966,0.0,0.0,-9.18864525956952,0.0
2.32,0.0,-108.08934502509393,0.0,0.0,146.08452872818822,0.0,0.0,-128.42081139531396,0.0,0.0,50.33170664680385,0.0,0.0,-10.792537215674438,0.0
2.325,0.0,-98.52357775468677,0.0,0.0,137.1301295837258,0.0,0.0,-124.59706274421355,0.0,0.0,50.92164167368537,0.0,0.0,-11.645148365729542,0.0
2.33,0.0,-85.36209164376753,0.0,0.0,123.65504627879294,0.0,0.0,-116.56739671606266,0.0,0.0,48.87317535599941,0.0,0.0,-11.686350477989045,0.0
2.335,0.0,-67.53312345896593,0.0,0.0,104.35769556754117,0.0,0.0,-103.16618357498466,0.0,0.0,43.69947217937262,0.0,0.0,-10.874344264512422,0.0
2.34,0.0,-44.448922669201544,0.0,0.0,78.39921485130432,0.0,0.0,-83.52678341314552,0.0,0.0,35.10161399622429,0.0,0.0,-9.244752125942377,0.0
2.345,0.0,-16.62433113079421,0.0,0.0,46.16113816656357,0.0,0.0,-57.757960673166046,0.0,0.0,23.310321352072116,0.0,0.0,-6.980475114079281,0.0
2.35,0.0,13.923103922553508,0.0,0.0,9.80965219666601,0.0,0.0,-27.518522663863603,0.0,0.0,9.353566367479653,0.0,0.0,-4.442611569056022,0.0
2.355,0.0,43.991890270607456,0.0,0.0,-26.952548250789594,0.0,0.0,4.070340280991369,0.0,0.0,-5.034356421117781,0.0,0.0,-2.1050073860164726,0.0
2.36,0.0,70.30641296938096,0.0,0.0,-60.11794993244619,0.0,0.0,33.40787132084489,0.0,0.0,-17.955768308535323,0.0,0.0,-0.39920287927616016,0.0
2.365,0.0,90.7341219484914,0.0,0.0,-86.84902630430987,0.0,0.0,57.72146358744829,0.0,0.0,-28.02233530332936,0.0,0.0,0.43153906406619136,0.0
2.37,0.0,104.78363016245349,0.0,0.0,-106.1886581148398,0.0,0.0,75.80103526528967,0.0,0.0,-34.696239568614246,0.0,0.0,0.3704905234245892,0.0
2.375,0.0,113.25349806650318,0.0,0.0,-118.75987906093539,0.0,0.0,87.85579802861358,0.0,0.0,-38.17227013963635,0.0,0.0,-0.44075314785899167,0.0
2.38,0.0,117.53005630250274,0.0,0.0,-125.98707942494828,0.0,0.0,94.89486897898757,0.0,0.0,-39.03251560199683,0.0,0.0,-1.8024728999183504,0.0
2.3850000000000002,0.0,119.01742525573938,0.0,0.0,-129.4166791366845,0.0,0.0,98.13647014930852,0.0,0.0,-37.937006137338074,0.0,0.0,-3.5287884079396736,0.0
2.39,0.0,118.85262193555198,0.0,0.0,-130.3505162199568,0.0,0.0,98.66201352914678,0.0,0.0,-35.452358168720785,0.0,0.0,-5.478324333169155,0.0
2.395,0.0,117.83685997890076,0.0,0.0,-129.73461354364028,0.0,0.0,97.28996894829069,0.0,0.0,-31.996372230257137,0.0,0.0,-7.557136008444486,0.0
2.4,0.0,116.47079895099003,0.0,0.0,-128.17978918067635,0.0,0.0,94.5724269100965,0.0,0.0,-27.84422902367071,0.0,0.0,-9.709923355459551,0.0
2.4050000000000002,0.0,115.01745046366136,0.0,0.0,-126.02436025161265,0.0,0.0,90.83761206376886,0.0,0.0,-23.155993532357268,0.0,0.0,-11.909151385520268,0.0
2.41,0.0,113.55745002205616,0.0,0.0,-123.3949622440812,0.0,0.0,86.2383110347734,0.0,0.0,-18.005557295853908,0.0,0.0,-14.145872090807412,0.0
2.415,0.0,112.02628084498642,0.0,0.0,-120.25102815549984,0.0,0.0,80.79172548169194,0.0,0.0,-12.404610159473478,0.0,0.0,-16.42286303869548,0.0
2.42,0.0,110.23464084532179,0.0,0.0,-116.41299592881738,0.0,0.0,74.40957626475256,0.0,0.0,-6.321937383382368,0.0,0.0,-18.749388776196994,0.0
2.4250000000000003,0.0,107.87832205029275,0.0,0.0,-111.5810222209219,0.0,0.0,66.92359247101008,0.0,0.0,0.2987268441980455,0.0,0.0,-21.13646995827217,0.0
2.43,0.0,104.54743616874762,0.0,0.0,-105.35507539579812,0.0,0.0,58.11484655425999,0.0,0.0,7.517844425998705,0.0,0.0,-23.591483601170832,0.0
2.435,0.0,99.7484662490452,0.0,0.0,-97.2707600199101,0.0,0.0,47.75713057063204,0.0,0.0,15.371743884153354,0.0,0.0,-26.1111219927473,0.0
2.44,0.0,92.95539516599543,0.0,0.0,-86.86673435832603,0.0,0.0,35.683401790286126,0.0,0.0,23.83430853708192,0.0,0.0,-28.672423931763976,0.0
2.445,0.0,83.70353075020665,0.0,0.0,-73.79423579145087,0.0,0.0,21.876717011034657,0.0,0.0,32.77169349277175,0.0,0.0,-31.223084285708328,0.0
2.45,0.0,71.72465825262255,0.0,0.0,-57.96051885387291,0.0,0.0,6.569792222683732,0.0,0.0,41.90269227765315,0.0,0.0,-33.67450718576726,0.0
2.455,0.0,57.0917489410172,0.0,0.0,-39.66529909492179,0.0,0.0,-9.686172409919026,0.0,0.0,50.78730757373752,0.0,0.0,-35.902961027010086,0.0
2.46,0.0,40.30816631549238,0.0,0.0,-19.659312361540586,0.0,0.0,-26.03565424425962,0.0,0.0,58.86640758219013,0.0,0.0,-37.763317264344074,0.0
2.465,0.0,22.27196754214972,0.0,0.0,0.9391592190311808,0.0,0.0,-41.44645125329906,0.0,0.0,65.55616551991199,0.0,0.0,-39.114384562716594,0.0
2.47,0.0,4.0966169216295665,0.0,0.0,20.869894709585818,0.0,0.0,-54.9212415880078,0.0,0.0,70.36735667869821,0.0,0.0,-39.84698408999698,0.0
2.475,0.0,-13.146530137526952,0.0,0.0,39.011001586893855,0.0,0.0,-65.70478523921233,0.0,0.0,72.99736102990627,0.0,0.0,-39.90223356493908,0.0
2.48,0.0,-28.64913892106113,0.0,0.0,54.58930102201859,0.0,0.0,-73.39581417503354,0.0,0.0,73.3557957418063,0.0,0.0,-39.27266495758237,0.0
2.485,0.0,-41.965007229589034,0.0,0.0,67.24504600138118,0.0,0.0,-77.93272868284897,0.0,0.0,71.52481485933693,0.0,0.0,-37.989116264199254,0.0
2.49,0.0,-52.98016459594915,0.0,0.0,76.96352545391672,0.0,0.0,-79.49228121206366,0.0,0.0,67.68842844882563,0.0,0.0,-36.10324549296004,0.0
2.495,0.0,-61.80676790145546,0.0,0.0,83.94249786988469,0.0,0.0,-78.36867683783836,0.0,0.0,62.0696361683646,0.0,0.0,-33.67483766222553,0.0
2.5,0.0,-68.6642834664975,0.0,0.0,88.46457573035286,0.0,0.0,-74.88355081830417,0.0,0.0,54.89663440032211,0.0,0.0,-30.76770758260314,0.0
2.505,0.0,-73.78873170453173,0.0,0.0,90.81232541657715,0.0,0.0,-69.34411771829366,0.0,0.0,46.398790571600436,0.0,0.0,-27.45278459867357,0.0
2.5100000000000002,0.0,-77.38308670436588,0.0,0.0,91.23244549193727,0.0,0.0,-62.041641928176716,0.0,0.0,36.82073503454574,0.0,0.0,-23.814229861663243,0.0
2.515,0.0,-79.6040814781337,0.0,0.0,89.9373850664918,0.0,0.0,-53.27145642457157,0.0,0.0,26.439549295661976,0.0,0.0,-19.954022875524988,0.0
2.52,0.0,-80.5733014486662,0.0,0.0,87.12680677308916,0.0,0.0,-43.3551478010582,0.0,0.0,15.57243111711302,0.0,0.0,-15.991541166411794,0.0
2.525,0.0,-80.3992756263343,0.0,0.0,83.0122235055542,0.0,0.0,-32.65051691268173,0.0,0.0,4.567823824872921,0.0,0.0,-12.056684790101407,0.0
2.5300000000000002,0.0,-79.19909784881942,0.0,0.0,77.83257510667366,0.0,0.0,-21.54273997830708,0.0,0.0,-6.219868248464602,0.0,0.0,-8.277578929708817,0.0
2.535,0.0,-77.11168851814321,0.0,0.0,71.85485497998394,0.0,0.0,-10.4186807505418,0.0,0.0,-16.465197702696003,0.0,0.0,-4.766049984370501,0.0
2.54,0.0,-74.2994763173422,0.0,0.0,65.3606207826751,0.0,0.0,0.3670441720275527,0.0,0.0,-25.905703450707286,0.0,0.0,-1.6050036066101496,0.0
2.545,0.0,-70.93988208532774,0.0,0.0,58.624307557600446,0.0,0.0,10.52320574482766,0.0,0.0,-34.36524335250328,0.0,0.0,1.158916531074878,0.0
2.5500000000000003,0.0,-67.21106996788211,0.0,0.0,51.89110589222846,0.0,0.0,19.84155357731237,0.0,0.0,-41.76133854458716,0.0,0.0,3.516020078392303,0.0
2.555,0.0,-63.27716482388332,0.0,0.0,45.360695290828076,0.0,0.0,28.201301266353152,0.0,0.0,-48.097003294178464,0.0,0.0,5.488451153423156,0.0
2.56,0.0,-59.27684693982597,0.0,0.0,39.179783497717004,0.0,0.0,35.560172274749064,0.0,0.0,-53.44180994727915,0.0,0.0,7.121519492552221,0.0
2.565,0.0,-55.3170549035837,0.0,0.0,33.443098703538936,0.0,0.0,41.93678803124847,0.0,0.0,-57.90839858857421,0.0,0.0,8.474011946710775,0.0
2.57,0.0,-51.471586107823704,0.0,0.0,28.2004533951953,0.0,0.0,47.38971303022771,0.0,0.0,-61.629663521653995,0.0,0.0,9.609409024605798,0.0
2.575,0.0,-47.78326771737327,0.0,0.0,23.466962740247137,0.0,0.0,51.99722633328771,0.0,0.0,-64.73970004262175,0.0,0.0,10.588990294508102,0.0
2.58,0.0,-44.26808666317828,0.0,0.0,19.233990460508476,0.0,0.0,55.8400258156595,0.0,0.0,-67.35945976360718,0.0,0.0,11.466977028182091,0.0
2.585,0.0,-40.91991748334368,0.0,0.0,15.47928748479336,0.0,0.0,58.98743673417175,0.0,0.0,-69.58656719050907,0.0,0.0,12.287326447622169,0.0
2.59,0.0,-37.71494569832037,0.0,0.0,12.175631974230244,0.0,0.0,61.486644715435354,0.0,0.0,-71.48799615740324,0.0,0.0,13.081556151593553,0.0
2.595,0.0,-34.61533729754816,0.0,0.0,9.297866577707609,0.0,0.0,63.354011704537186,0.0,0.0,-73.09412221968992,0.0,0.0,13.866948192174041,0.0
2.6,0.0,-31.57206432819956,0.0,0.0,6.828524954760838,0.0,0.0,64.56753457140515,0.0,0.0,-74.39284602077957,0.0,0.0,14.644567971572213,0.0
2.605,0.0,-28.527061585631873,0.0,0.0,4.762282187202974,0.0,0.0,65.05986295560162,0.0,0.0,-75.32290084011518,0.0,0.0,15.396685079065103,0.0
2.61,0.0,-25.41509882348279,0.0,0.0,3.1092935135821183,0.0,0.0,64.71198924702476,0.0,0.0,-75.76612489718642,0.0,0.0,16.083408949653045,0.0
2.615,0.0,-22.16594928423809,0.0,0.0,1.8971201256223884,0.0,0.0,63.34883623333498,0.0,0.0,-75.53953207729565,0.0,0.0,16.638713998484008,0.0
2.62,0.0,-18.707635092521357,0.0,0.0,1.1703882328185844,0.0,0.0,60.73959911405965,0.0,0.0,-74.38966337096039,0.0,0.0,16.966629398748147,0.0
2.625,0.0,-14.971687225684407,0.0,0.0,0.9866525797012698,0.0,0.0,56.60779281375958,0.0,0.0,-71.99407286908597,0.0,0.0,16.9393030028993,0.0
2.63,0.0,-10.901316531634713,0.0,0.0,1.4063834856108353,0.0,0.0,50.657934404783276,0.0,0.0,-67.97758273000484,0.0,0.0,16.399877075844536,0.0
2.6350000000000002,0.0,-6.462853962382075,0.0,0.0,2.475152326366039,0.0,0.0,42.62603716455323,0.0,0.0,-61.95276532799126,0.0,0.0,15.174214279638045,0.0
2.64,0.0,-1.6594150179918037,0.0,0.0,4.197904035167004,0.0,0.0,32.35671240909187,0.0,0.0,-53.59200237558057,0.0,0.0,13.095394057225262,0.0
2.645,0.0,3.4566291280598818,0.0,0.0,6.509496461294677,0.0,0.0,19.897664696032415,0.0,0.0,-42.72845187983656,0.0,0.0,10.041860900190366,0.0
2.65,0.0,8.77834875775766,0.0,0.0,9.25177880983531,0.0,0.0,5.5834872151317745,0.0,0.0,-29.463845200528496,0.0,0.0,5.982989795142679,0.0
2.6550000000000002,0.0,14.152749362121286,0.0,0.0,12.171631507369517,0.0,0.0,-9.935296330230548,0.0,0.0,-14.239474923991308,0.0,0.0,1.0165253857162746,0.0
2.66,0.0,19.406010638116065,0.0,0.0,14.950630407616805,0.0,0.0,-25.756892268596232,0.0,0.0,2.178611169163988,0.0,0.0,-4.622497417967788,0.0
2.665,0.0,24.380450562057327,0.0,0.0,17.262770742996953,0.0,0.0,-40.88791930398957,0.0,0.0,18.82091509850644,0.0,0.0,-10.594226816466518,0.0
2.67,0.0,28.970554780684278,0.0,0.0,18.83928735396962,0.0,0.0,-54.44555016687137,0.0,0.0,34.708346631109876,0.0,0.0,-16.520936380073802,0.0
2.6750000000000003,0.0,33.14448789364146,0.0,0.0,19.513119419865085,0.0,0.0,-65.8202772232289,0.0,0.0,49.04172862460524,0.0,0.0,-22.062287457615472,0.0
2.68,0.0,36.94486369802348,0.0,0.0,19.226784327528932,0.0,0.0,-74.7396493459865,0.0,0.0,61.31465911310252,0.0,0.0,-26.96949502571625,0.0
2.685,0.0,40.47260596474525,0.0,0.0,18.007343848398122,0.0,0.0,-81.22871599706916,0.0,0.0,71.32441297468316,0.0,0.0,-31.10343729971725,0.0
2.69,0.0,43.86339114933087,0.0,0.0,15.925541182737225,0.0,0.0,-85.50794301254315,0.0,0.0,79.10541683884856,0.0,0.0,-34.420935809045076,0.0
2.695,0.0,47.26532636266936,0.0,0.0,13.05665978553317,0.0,0.0,-87.87931617465104,0.0,0.0,84.83101915684763,0.0,0.0,-36.94415755625844,0.0
2.7,0.0,50.822113620873345,0.0,0.0,9.453073856742858,0.0,0.0,-88.63446891065487,0.0,0.0,88.72131444003892,0.0,0.0,-38.727744827727236,0.0
2.705,0.0,54.66172484864306,0.0,0.0,5.130582028969745,0.0,0.0,-87.99615386740975,0.0,0.0,90.97542091508276,0.0,0.0,-39.83225230870425,0.0
2.71,0.0,58.88830207023861,0.0,0.0,0.06640807634624135,0.0,0.0,-86.08975418010641,0.0,0.0,91.73087997562341,0.0,0.0,-40.30655289284241,0.0
2.715,0.0,63.574496521416954,0.0,0.0,-5.793927974460381,0.0,0.0,-82.9368149255044,0.0,0.0,91.04554309642643,0.0,0.0,-40.17854913900577,0.0
2.72,0.0,68.7520750855554,0.0,0.0,-12.522590469651862,0.0,0.0,-78.46409993471612,0.0,0.0,88.89656647289021,0.0,0.0,-39.452620195913845,0.0
2.725,0.0,74.39989004324313,0.0,0.0,-20.18879680341168,0.0,0.0,-72.52535529870337,0.0,0.0,85.19344203295334,0.0,0.0,-38.11264214959265,0.0
2.73,0.0,80.43012205769341,0.0,0.0,-28.831901834795516,0.0,0.0,-64.93601334289438,0.0,0.0,79.80453923096091,0.0,0.0,-36.13011073709687,0.0
2.735,0.0,86.67602260016741,0.0,0.0,-38.429935051423534,0.0,0.0,-55.52174052674164,0.0,0.0,72.59747749184196,0.0,0.0,-33.47712195304473,0.0
2.74,0.0,92.88674939241243,0.0,0.0,-48.868458620508896,0.0,0.0,-44.17885380533189,0.0,0.0,63.4914698798716,0.0,0.0,-30.143236935900365,0.0
2.745,0.0,98.73605441838777,0.0,0.0,-59.91853063689404,0.0,0.0,-30.938091900454495,0.0,0.0,52.51423038274617,0.0,0.0,-26.153465180184394,0.0
2.75,0.0,103.8496642326689,0.0,0.0,-71.23479832718465,0.0,0.0,-16.01527154256274,0.0,0.0,39.84888411818994,0.0,0.0,-21.582369704772947,0.0
2.755,0.0,107.84994942936952,0.0,0.0,-82.38194494164819,0.0,0.0,0.17171250652534553,0.0,0.0,25.85216366014936,0.0,0.0,-16.55817417111781,0.0
2.7600000000000002,0.0,110.4073892685841,0.0,0.0,-92.88815728718919,0.0,0.0,17.034118623261307,0.0,0.0,11.02967235502681,0.0,0.0,-11.25254417679935,0.0
2.765,0.0,111.28139314669491,0.0,0.0,-102.3110793266337,0.0,0.0,33.88900031673073,0.0,0.0,-4.031081340839053,0.0,0.0,-5.856848875080034,0.0
2.77,0.0,110.33396852153729,0.0,0.0,-110.29272559694364,0.0,0.0,50.0573814803281,0.0,0.0,-18.75017228377474,0.0,0.0,-0.5519265484814193,0.0
2.775,0.0,107.50976523299293,0.0,0.0,-116.58206703490609,0.0,0.0,64.94868692095214,0.0,0.0,-32.6362670258431,0.0,0.0,4.518217606698031,0.0
2.7800000000000002,0.0,102.78973323425255,0.0,0.0,-121.01700408382848,0.0,0.0,78.10236897645092,0.0,0.0,-45.33222921442825,0.0,0.0,9.260088221515097,0.0
2.785,0.0,96.13514873590341,0.0,0.0,-123.47317755488953,0.0,0.0,89.1769105554898,0.0,0.0,-56.61447716729947,0.0,0.0,13.62854635182046,0.0
2.79,0.0,87.44045094991169,0.0,0.0,-123.79717076769352,0.0,0.0,97.89631650640017,0.0,0.0,-66.3525142204491,0.0,0.0,17.61116802330625,0.0
2.795,0.0,76.50977015844612,0.0,0.0,-121.74408145453879,0.0,0.0,103.9758715812539,0.0,0.0,-74.44503855295588,0.0,0.0,21.204351618264255,0.0
2.8000000000000003,0.0,63.06826821263867,0.0,0.0,-116.93828781610588,0.0,0.0,107.05235058741455,0.0,0.0,-80.75114852122533,0.0,0.0,24.386667127701315,0.0
2.805,0.0,46.817961964566734,0.0,0.0,-108.87651922881157,0.0,0.0,106.64459944154436,0.0,0.0,-85.03440231233043,0.0,0.0,27.094471062258194,0.0
2.81,0.0,27.545829451739934,0.0,0.0,-96.99465315080533,0.0,0.0,102.17242236178235,0.0,0.0,-86.93874756780895,0.0,0.0,29.20556478544838,0.0
2.815,0.0,5.281807910740717,0.0,0.0,-80.81693705418712,0.0,0.0,93.0613719354273,0.0,0.0,-86.01845922865454,0.0,0.0,30.539035062139405,0.0
2.82,0.0,-19.523346865675087,0.0,0.0,-60.18437915953373,0.0,0.0,78.94503001305732,0.0,0.0,-81.84127050372344,0.0,0.0,30.880980179403164,0.0
2.825,0.0,-45.874154232739826,0.0,0.0,-35.506598197105625,0.0,0.0,59.9290410833354,0.0,0.0,-74.16121988937716,0.0,0.0,30.041205779196726,0.0
2.83,0.0,-72.26529685203823,0.0,0.0,-7.914713455230233,0.0,0.0,36.808539970910786,0.0,0.0,-63.10968799517339,0.0,0.0,27.930446371846813,0.0
2.835,0.0,-96.94442970011204,0.0,0.0,20.82551577994451,0.0,0.0,11.087244079536408,0.0,0.0,-49.304952406647686,0.0,0.0,24.62612898244488,0.0
2.84,0.0,-118.34650655953044,0.0,0.0,48.68317786609088,0.0,0.0,-15.289219188757965,0.0,0.0,-33.78851353272633,0.0,0.0,20.386578082541693,0.0
2.845,0.0,-135.5067069002029,0.0,0.0,73.87454091136786,0.0,0.0,-40.40127539210699,0.0,0.0,-17.788734770831777,0.0,0.0,15.596719009073528,0.0
2.85,0.0,-148.2484915153781,0.0,0.0,95.2676639940509,0.0,0.0,-62.797311980628486,0.0,0.0,-2.4258023022038273,0.0,0.0,10.670849208584137,0.0
2.855,0.0,-157.08781858655777,0.0,0.0,112.50623651414342,0.0,0.0,-81.70908142553206,0.0,0.0,11.498612787999157,0.0,0.0,5.962268277535175,0.0
2.86,0.0,-162.9604294480456,0.0,0.0,125.86710012292724,0.0,0.0,-97.00338489730184,0.0,0.0,23.558601929190598,0.0,0.0,1.7157261883925425,0.0
2.865,0.0,-166.93164046042898,0.0,0.0,135.9914106029813,0.0,0.0,-108.97341200098529,0.0,0.0,33.63651266441694,0.0,0.0,-1.9337375311461527,0.0
2.87,0.0,-169.9896420915334,0.0,0.0,143.62588139161738,0.0,0.0,-118.09950202217588,0.0,0.0,41.80136707552609,0.0,0.0,-4.933572862509875,0.0
2.875,0.0,-172.93984406062913,0.0,0.0,149.43795542606918,0.0,0.0,-124.85582764079247,0.0,0.0,48.189649309823025,0.0,0.0,-7.27826957671034,0.0
2.88,0.0,-176.3681609493027,0.0,0.0,153.90351608007,0.0,0.0,-129.57801406956955,0.0,0.0,52.9118497959067,0.0,0.0,-8.97763807416904,0.0
2.8850000000000002,0.0,-180.62907487800567,0.0,0.0,157.23564324740732,0.0,0.0,-132.3724380763718,0.0,0.0,55.98395621130707,0.0,0.0,-10.032479401698051,0.0
2.89,0.0,-185.82035742717122,0.0,0.0,159.319812758771,0.0,0.0,-133.0403974958862,0.0,0.0,57.27404329857974,0.0,0.0,-10.417019765572993,0.0
2.895,0.0,-191.7158376533741,0.0,0.0,159.63160109029323,0.0,0.0,-130.9995792823017,0.0,0.0,56.45701352612394,0.0,0.0,-10.06720278849338,0.0
2.9,0.0,-197.63919144069715,0.0,0.0,157.13453910063848,0.0,0.0,-125.20842380941555,0.0,0.0,52.98338283155967,0.0,0.0,-8.876873119333254,0.0
2.9050000000000002,0.0,-202.2875542649938,0.0,0.0,150.19757243051674,0.0,0.0,-114.14275887906776,0.0,0.0,46.09264752187587,0.0,0.0,-6.709704865001149,0.0
2.91,0.0,-203.5769210277,0.0,0.0,136.64584875777322,0.0,0.0,-95.94350109839381,0.0,0.0,34.93730365124782,0.0,0.0,-3.441879005398087,0.0
2.915,0.0,-198.6949671976439,0.0,0.0,114.14612540933504,0.0,0.0,-68.91645214934044,0.0,0.0,18.90577988114138,0.0,0.0,0.9486415225468448,0.0
2.92,0.0,-184.64455897007701,0.0,0.0,81.11032404341226,0.0,0.0,-32.49144130141486,0.0,0.0,-1.8330309866272554,0.0,0.0,6.253859520358678,0.0
2.9250000000000003,0.0,-159.41616163893272,0.0,0.0,37.95784588781662,0.0,0.0,11.648138820826189,0.0,0.0,-25.779579670147093,0.0,0.0,11.937045300462103,0.0
2.93,0.0,-123.33181110499582,0.0,0.0,-12.076367514128691,0.0,0.0,59.14778902580583,0.0,0.0,-50.056051378909686,0.0,0.0,17.18582670734728,0.0
2.935,0.0,-79.48534892448336,0.0,0.0,-63.60400054070364,0.0,0.0,104.12203585057985,0.0,0.0,-71.2377656268007,0.0,0.0,21.170278175277765,0.0
2.94,0.0,-32.62143729165842,0.0,0.0,-111.1486417528169,0.0,0.0,141.42251613117668,0.0,0.0,-86.66246692403988,0.0,0.0,23.357666292164012,0.0
2.945,0.0,12.793787358303845,0.0,0.0,-151.1272889262055,0.0,0.0,168.37301010337796,0.0,0.0,-95.24302289087508,0.0,0.0,23.64370174291846,0.0
2.95,0.0,53.905231299274504,0.0,0.0,-182.42765972954754,0.0,0.0,184.87473468026576,0.0,0.0,-97.30201625869623,0.0,0.0,22.235793766614755,0.0
2.955,0.0,89.63707540534416,0.0,0.0,-205.69283429275566,0.0,0.0,192.33059785935703,0.0,0.0,-93.83053844700649,0.0,0.0,19.433896648705225,0.0
2.96,0.0,120.12336003181694,0.0,0.0,-222.22390017908842,0.0,0.0,192.43161227353428,0.0,0.0,-85.79281988734891,0.0,0.0,15.464741729291596,0.0
2.965,0.0,145.99917947510312,0.0,0.0,-233.1344025119104,0.0,0.0,186.38073879127367,0.0,0.0,-73.75518782039175,0.0,0.0,10.417310699108583,0.0
2.97,0.0,167.84029948189468,0.0,0.0,-238.880773071194,0.0,0.0,174.58559994098374,0.0,0.0,-57.81226488760406,0.0,0.0,4.256732102452779,0.0
2.975,0.0,185.78475115658603,0.0,0.0,-239.07383461467722,0.0,0.0,156.67584413542806,0.0,0.0,-37.71339929822784,0.0,0.0,-3.1118170786781882,0.0
2.98,0.0,199.31033574035348,0.0,0.0,-232.51020001396765,0.0,0.0,131.76481919347015,0.0,0.0,-13.14190533398439,0.0,0.0,-11.740206455905158,0.0
2.985,0.0,207.2028338909649,0.0,0.0,-217.47419873695384,0.0,0.0,98.96755570182094,0.0,0.0,15.865504857870139,0.0,0.0,-21.501977527170396,0.0
2.99,0.0,207.82594405089722,0.0,0.0,-192.4053943563735,0.0,0.0,58.16521436285054,0.0,0.0,48.42956746648159,0.0,0.0,-31.95692523888381,0.0
2.995,0.0,199.76888035417346,0.0,0.0,-156.8715810837525,0.0,0.0,10.795969658518505,0.0,0.0,82.49725649737815,0.0,0.0,-42.296905115442684,0.0
3.0,0.0,182.6980782924338,0.0,0.0,-112.41895689216261,0.0,0.0,-39.83360806311758,0.0,0.0,115.00955980500164,0.0,0.0,-51.471049313827265,0.0
3.005,0.0,157.90830210998183,0.0,0.0,-62.62683156491933,0.0,0.0,-89.18483546659868,0.0,0.0,142.70992864177992,0.0,0.0,-58.496276494747136,0.0
3.0100000000000002,0.0,128.09117152900566,0.0,0.0,-12.082571598632068,0.0,0.0,-132.89844690673502,0.0,0.0,163.20657123057492,0.0,0.0,-62.7872977555369,0.0
3.015,0.0,96.40538692765381,0.0,0.0,35.136296005043874,0.0,0.0,-168.0879833210079,0.0,0.0,175.57968129376093,0.0,0.0,-64.28027399971323,0.0
3.02,0.0,65.4852502182944,0.0,0.0,76.48934436058076,0.0,0.0,-193.7040753615321,0.0,0.0,180.1732664952497,0.0,0.0,-63.28323646505628,0.0
3.025,0.0,36.950984452805116,0.0,0.0,111.04404575119315,0.0,0.0,-209.953543925248,0.0,0.0,177.8450871131081,0.0,0.0,-60.18859304830609,0.0
3.0300000000000002,0.0,11.495739054116079,0.0,0.0,138.85086104587074,0.0,0.0,-217.33697589985593,0.0,0.0,169.19140111148965,0.0,0.0,-55.22369051158867,0.0
3.035,0.0,-10.703253037338044,0.0,0.0,160.1248216775583,0.0,0.0,-215.84174659341951,0.0,0.0,154.0792374557478,0.0,0.0,-48.32923922462806,0.0
3.04,0.0,-29.514628399998582,0.0,0.0,174.58807912855042,0.0,0.0,-204.5766727062657,0.0,0.0,131.60905838778243,0.0,0.0,-39.1867036019642,0.0
3.045,0.0,-44.49900510846955,0.0,0.0,181.18828368036128,0.0,0.0,-182.031645095073,0.0,0.0,100.59547721477401,0.0,0.0,-27.41270623159849,0.0
3.0500000000000003,0.0,-54.82311759857518,0.0,0.0,178.40899716569504,0.0,0.0,-147.12371625705453,0.0,0.0,60.629687913081575,0.0,0.0,-12.931203113288667,0.0
3.055,0.0,-59.58697258722397,0.0,0.0,165.29299222985327,0.0,0.0,-100.84428042329262,0.0,0.0,13.431763124706158,0.0,0.0,3.5897082722433478,0.0
3.06,0.0,-58.50300365366127,0.0,0.0,142.75739947018437,0.0,0.0,-47.4550125055888,0.0,0.0,-36.50833667189942,0.0,0.0,20.57766968678898,0.0
3.065,0.0,-52.44263191035417,0.0,0.0,114.08396928881726,0.0,0.0,6.258589799793157,0.0,0.0,-83.10845469147013,0.0,0.0,36.01279630248526,0.0
3.0700000000000003,0.0,-43.2773549038218,0.0,0.0,83.82257069256981,0.0,0.0,53.72133283719408,0.0,0.0,-121.28699343855152,0.0,0.0,48.30956021337103,0.0
3.075,0.0,-33.090226088131715,0.0,0.0,55.90556932032079,0.0,0.0,91.1585521490509,0.0,0.0,-148.90979744163363,0.0,0.0,56.91693731544835,0.0
3.08,0.0,-23.44165304769271,0.0,0.0,32.49760008291977,0.0,0.0,118.13573542648899,0.0,0.0,-166.73748243978628,0.0,0.0,62.23116344716951,0.0
3.085,0.0,-15.141537642992652,0.0,0.0,14.075515762185908,0.0,0.0,136.3725683112315,0.0,0.0,-177.06000216591417,0.0,0.0,65.10124811675905,0.0
3.09,0.0,-8.419093497054842,0.0,0.0,0.13263333815306289,0.0,0.0,148.26329807234532,0.0,0.0,-182.35900563781422,0.0,0.0,66.38148964410925,0.0
3.095,0.0,-3.195688006257889,0.0,0.0,-10.153967353814414,0.0,0.0,155.93850587954017,0.0,0.0,-184.59221456194197,0.0,0.0,66.70885865988846,0.0
3.1,0.0,0.7059119663703761,0.0,0.0,-17.52355147674291,0.0,0.0,160.89176123737587,0.0,0.0,-184.98732985451886,0.0,0.0,66.45026441945075,0.0
3.105,0.0,3.4419059366410103,0.0,0.0,-22.448804318109854,0.0,0.0,163.90272250003073,0.0,0.0,-184.05644595600074,0.0,0.0,65.71719193051484,0.0
3.11,0.0,5.089262240854943,0.0,0.0,-25.061890296687398,0.0,0.0,165.03330552831494,0.0,0.0,-181.6326905088178,0.0,0.0,64.38246553127723,0.0
3.115,0.0,5.621343930829706,0.0,0.0,-25.120108485076372,0.0,0.0,163.58959769488513,0.0,0.0,-176.84949270659536,0.0,0.0,62.07623249547345,0.0
3.12,0.0,4.908970810521833,0.0,0.0,-22.001838758563437,0.0,0.0,158.04851017118065,0.0,0.0,-168.07966016425965,0.0,0.0,58.17218984894653,0.0
3.125,0.0,2.7630233522199994,0.0,0.0,-14.793886361796936,0.0,0.0,146.07275709749814,0.0,0.0,-152.9651311626279,0.0,0.0,51.81493541364026,0.0
3.13,0.0,-0.9445863380136927,0.0,0.0,-2.603750412820778,0.0,0.0,124.90547720965114,0.0,0.0,-128.8225564344154,0.0,0.0,42.090622798801846,0.0
3.1350000000000002,0.0,-6.060099920567865,0.0,0.0,14.781586452270973,0.0,0.0,92.51757617666168,0.0,0.0,-93.7749833989771,0.0,0.0,28.45449565211505,0.0
3.14,0.0,-11.913306120258156,0.0,0.0,36.05825679368043,0.0,0.0,49.45755700888037,0.0,0.0,-48.53243593003155,0.0,0.0,11.358214263631321,0.0
3.145,0.0,-17.319346424611446,0.0,0.0,58.11374564876421,0.0,0.0,0.18008353456746562,0.0,0.0,2.389224200548881,0.0,0.0,-7.38322240761719,0.0
3.15,0.0,-21.008931572253736,0.0,0.0,77.0436462788697,0.0,0.0,-48.016464761467645,0.0,0.0,51.79877930998224,0.0,0.0,-25.098121749198697,0.0
3.1550000000000002,0.0,-22.228589149340266,0.0,0.0,89.99888310833724,0.0,0.0,-88.37571972006,0.0,0.0,93.17070915571223,0.0,0.0,-39.504353084293406,0.0
3.16,0.0,-20.97389877552884,0.0,0.0,96.26075128194218,0.0,0.0,-117.5474683622496,0.0,0.0,123.40034287992081,0.0,0.0,-49.65015670316492,0.0
3.165,0.0,-17.72666502661136,0.0,0.0,96.82127091879539,0.0,0.0,-135.7795402652922,0.0,0.0,142.92768341515546,0.0,0.0,-55.87167459987928,0.0
3.17,0.0,-13.04918205317426,0.0,0.0,93.28339032699296,0.0,0.0,-145.27596914873598,0.0,0.0,154.09773178267514,0.0,0.0,-59.14971454364925,0.0
3.1750000000000003,0.0,-7.339394968416535,0.0,0.0,87.04053804740903,0.0,0.0,-148.55563922898125,0.0,0.0,159.55112396420316,0.0,0.0,-60.522828511078615,0.0
3.18,0.0,-0.7764442027710032,0.0,0.0,78.97193573527029,0.0,0.0,-147.6002849552639,0.0,0.0,161.39772111416963,0.0,0.0,-60.803659332206344,0.0
3.185,0.0,6.635513622307984,0.0,0.0,69.45696189634228,0.0,0.0,-143.64245339756002,0.0,0.0,161.01369902958598,0.0,0.0,-60.5208234337595,0.0
3.19,0.0,14.996937697335499,0.0,0.0,58.49938952255139,0.0,0.0,-137.24603433367946,0.0,0.0,159.116054330418,0.0,0.0,-59.95418537925649,0.0
3.1950000000000003,0.0,24.44151462349545,0.0,0.0,45.8638081229432,0.0,0.0,-128.46443333567427,0.0,0.0,155.90031891657566,0.0,0.0,-59.18577709866406,0.0
3.2,0.0,35.063599552781476,0.0,0.0,31.20637297475858,0.0,0.0,-117.00216373443881,0.0,0.0,151.1653182328635,0.0,0.0,-58.14016527225107,0.0
3.205,0.0,46.83916824648564,0.0,0.0,14.213601839398985,0.0,0.0,-102.38043482389371,0.0,0.0,144.42425807224106,0.0,0.0,-56.61563111653615,0.0
3.21,0.0,59.54341628557268,0.0,0.0,-5.237892234170848,0.0,0.0,-84.13049650316452,0.0,0.0,135.03142148863589,0.0,0.0,-54.31935344102896,0.0
3.215,0.0,72.68566303509749,0.0,0.0,-26.911679750614457,0.0,0.0,-62.02544604974612,0.0,0.0,122.35464104967974,0.0,0.0,-50.922236113993314,0.0
3.22,0.0,85.50069404079744,0.0,0.0,-50.08171088354718,0.0,0.0,-36.31837247111085,0.0,0.0,105.99712127216233,0.0,0.0,-46.14151173273757,0.0
3.225,0.0,97.03747200496719,0.0,0.0,-73.52367621329086,0.0,0.0,-7.89963997246086,0.0,0.0,86.020903562849,0.0,0.0,-39.83990192205373,0.0
3.23,0.0,106.35181871257805,0.0,0.0,-95.69254193632823,0.0,0.0,21.735869560677838,0.0,0.0,63.07522371826589,0.0,0.0,-32.105877985779344,0.0
3.235,0.0,112.74445890078194,0.0,0.0,-115.06478364037076,0.0,0.0,50.759575148469175,0.0,0.0,38.33738419301022,0.0,0.0,-23.270583573807908,0.0
3.24,0.0,115.93697921013336,0.0,0.0,-130.5121349034654,0.0,0.0,77.43355888369138,0.0,0.0,13.258606009416482,0.0,0.0,-13.841097840677575,0.0
3.245,0.0,116.09914924382808,0.0,0.0,-141.53477379499523,0.0,0.0,100.50052211485304,0.0,0.0,-10.77860406689092,0.0,0.0,-4.376208668168459,0.0
3.25,0.0,113.72475906919026,0.0,0.0,-148.26273313290136,0.0,0.0,119.37417217674997,0.0,0.0,-32.73843796756526,0.0,0.0,4.637907009522355,0.0
3.255,0.0,109.42976937502051,0.0,0.0,-151.2659480458822,0.0,0.0,134.09201698681522,0.0,0.0,-52.048883667405164,0.0,0.0,12.863681640273517,0.0
3.2600000000000002,0.0,103.76048218612729,0.0,0.0,-151.28861232086254,0.0,0.0,145.11039629928445,0.0,0.0,-68.56075244314422,0.0,0.0,20.12655101859465,0.0
3.265,0.0,97.06076569528902,0.0,0.0,-149.009216212222,0.0,0.0,153.05371959270383,0.0,0.0,-82.41317970231913,0.0,0.0,26.38416782588822,0.0
3.27,0.0,89.40155677303115,0.0,0.0,-144.86915215757637,0.0,0.0,158.49158335254106,0.0,0.0,-93.8724242077775,0.0,0.0,31.67549134132739,0.0
3.275,0.0,80.55322797415191,0.0,0.0,-138.96451819276254,0.0,0.0,161.7636607174027,0.0,0.0,-103.18102721045803,0.0,0.0,36.067895724955946,0.0
3.2800000000000002,0.0,69.98532262765654,0.0,0.0,-130.98012104313972,0.0,0.0,162.8400094080678,0.0,0.0,-110.42534824075898,0.0,0.0,39.60997448368162,0.0
3.285,0.0,56.90099091000479,0.0,0.0,-120.16030931937293,0.0,0.0,161.2042773055003,0.0,0.0,-115.41830016652654,0.0,0.0,42.291535017840026,0.0
3.29,0.0,40.34827908350282,0.0,0.0,-105.35248851636382,0.0,0.0,155.78084741424337,0.0,0.0,-117.60742308084369,0.0,0.0,44.0135085392764,0.0
3.295,0.0,19.48427882716433,0.0,0.0,-85.21660425338548,0.0,0.0,144.99469278970062,0.0,0.0,-116.0597470385867,0.0,0.0,44.58007573226271,0.0
3.3000000000000003,0.0,-5.942295386631617,0.0,0.0,-58.725771922074784,0.0,0.0,127.12883929877073,0.0,0.0,-109.63234755309895,0.0,0.0,43.73983167234109,0.0
3.305,0.0,-34.965699703495524,0.0,0.0,-25.977765719717247,0.0,0.0,101.11903628342785,0.0,0.0,-97.44443481459983,0.0,0.0,41.30491411722939,0.0
3.31,0.0,-65.01623134769878,0.0,0.0,11.019958051100264,0.0,0.0,67.61391497725299,0.0,0.0,-79.59141030192389,0.0,0.0,37.33259419175472,0.0
3.315,0.0,-92.35203346719103,0.0,0.0,48.3351179428131,0.0,0.0,29.57761749898898,0.0,0.0,-57.66776480204895,0.0,0.0,32.2583051083305,0.0
3.3200000000000003,0.0,-113.44163193002773,0.0,0.0,81.3651380503615,0.0,0.0,-8.394600589510187,0.0,0.0,-34.50522448275077,0.0,0.0,26.82773986383359,0.0
3.325,0.0,-126.44910515532683,0.0,0.0,106.71952352102382,0.0,0.0,-41.88682315474845,0.0,0.0,-13.092532790635113,0.0,0.0,21.819372523913863,0.0
3.33,0.0,-131.70323089071138,0.0,0.0,123.33236502312293,0.0,0.0,-68.2782373547478,0.0,0.0,4.541495510129856,0.0,0.0,17.758481237351713,0.0
3.335,0.0,-131.0074563613655,0.0,0.0,132.18638508755453,0.0,0.0,-87.11023251149948,0.0,0.0,17.722396716443505,0.0,0.0,14.817829987404469,0.0
3.34,0.0,-126.58113670635245,0.0,0.0,135.2735284546422,0.0,0.0,-99.40788451826846,0.0,0.0,26.81151394671517,0.0,0.0,12.901842823885055,0.0
3.345,0.0,-120.33483137168348,0.0,0.0,134.6644907300246,0.0,0.0,-106.7739612724969,0.0,0.0,32.65862908698792,0.0,0.0,11.788945955349416,0.0
3.35,0.0,-113.619176072736,0.0,0.0,132.0369111051343,0.0,0.0,-110.77362417952683,0.0,0.0,36.187337257923545,0.0,0.0,11.238848028551471,0.0
3.355,0.0,-107.26635146184833,0.0,0.0,128.57328641323377,0.0,0.0,-112.6728266088817,0.0,0.0,38.19248611829567,0.0,0.0,11.044620539187953,0.0
3.36,0.0,-101.730980796224,0.0,0.0,125.034911680967,0.0,0.0,-113.39864347225488,0.0,0.0,39.285777342260786,0.0,0.0,11.046365005159187,0.0
3.365,0.0,-97.22709461337836,0.0,0.0,121.87911725724989,0.0,0.0,-113.59244654250642,0.0,0.0,39.91158938025715,0.0,0.0,11.12672803517927,0.0
3.37,0.0,-93.8281642446145,0.0,0.0,119.36137586708516,0.0,0.0,-113.6824213060064,0.0,0.0,40.38405659605425,0.0,0.0,11.200930347421282,0.0
3.375,0.0,-91.52940799133306,0.0,0.0,117.60658985041624,0.0,0.0,-113.94497465829163,0.0,0.0,40.922885032659245,0.0,0.0,11.207094444140482,0.0
3.38,0.0,-90.28037092426906,0.0,0.0,116.65041641647365,0.0,0.0,-114.54618937293831,0.0,0.0,41.679980490357686,0.0,0.0,11.098874381037835,0.0
3.3850000000000002,0.0,-89.99481561231597,0.0,0.0,116.45457502835602,0.0,0.0,-115.5620100131603,0.0,0.0,42.75476095864463,0.0,0.0,10.840906964535797,0.0
3.39,0.0,-90.54099585055097,0.0,0.0,116.89768877199639,0.0,0.0,-116.97628491030626,0.0,0.0,44.19699636640319,0.0,0.0,10.407395856709513,0.0
3.395,0.0,-91.71082892821804,0.0,0.0,117.7389168371705,0.0,0.0,-118.65299286471783,0.0,0.0,45.99450869373508,0.0,0.0,9.784636029636399,0.0
3.4,0.0,-93.16228737386186,0.0,0.0,118.5472750229444,0.0,0.0,-120.27508345160018,0.0,0.0,48.040265105133116,0.0,0.0,8.979253051659253,0.0
3.4050000000000002,0.0,-94.32750183055362,0.0,0.0,118.58822890418439,0.0,0.0,-121.24034879971262,0.0,0.0,50.07073160416672,0.0,0.0,8.03513389265815,0.0
3.41,0.0,-94.28612864267822,0.0,0.0,116.66972499053121,0.0,0.0,-120.512739843946,0.0,0.0,51.56905241524879,0.0,0.0,7.062529209237312,0.0
3.415,0.0,-91.6356723944793,0.0,0.0,110.99320346245678,0.0,0.0,-116.46532271638914,0.0,0.0,51.644306644514614,0.0,0.0,6.279527612896923,0.0
3.42,0.0,-84.47362632108208,0.0,0.0,99.16317948642954,0.0,0.0,-106.85105357919912,0.0,0.0,48.95420402969965,0.0,0.0,6.052010132011503,0.0
3.4250000000000003,0.0,-70.73979107496446,0.0,0.0,78.67489425853118,0.0,0.0,-89.2019729619671,0.0,0.0,41.84703943812524,0.0,0.0,6.885610960495798,0.0
3.43,0.0,-49.19811494707381,0.0,0.0,48.21640124354989,0.0,0.0,-62.00549107231235,0.0,0.0,28.97455625648486,0.0,0.0,9.287996394451035,0.0
3.435,0.0,-20.86873808984203,0.0,0.0,9.482794549829459,0.0,0.0,-26.452140235703084,0.0,0.0,10.373642660858417,0.0,0.0,13.464339584898003,0.0
3.44,0.0,10.30799500805052,0.0,0.0,-32.11331642944583,0.0,0.0,12.708336005267046,0.0,0.0,-11.749378314350658,0.0,0.0,19.019656276600458,0.0
3.4450000000000003,0.0,38.930193973242176,0.0,0.0,-69.50627110750172,0.0,0.0,48.88043585591841,0.0,0.0,-33.666788291622325,0.0,0.0,25.01633056357902,0.0
3.45,0.0,60.93182295719997,0.0,0.0,-97.63123236031834,0.0,0.0,77.01361251194284,0.0,0.0,-52.02879734341164,0.0,0.0,30.447834822446747,0.0
3.455,0.0,75.16714928989497,0.0,0.0,-115.32992016271386,0.0,0.0,95.5734659663346,0.0,0.0,-65.2823053911559,0.0,0.0,34.69755390586744,0.0
3.46,0.0,82.82541778577828,0.0,0.0,-124.42168141688583,0.0,0.0,105.87680788950325,0.0,0.0,-73.60741174591685,0.0,0.0,37.62619227597629,0.0
3.465,0.0,85.97786383711724,0.0,0.0,-127.74797512786154,0.0,0.0,110.34044644319206,0.0,0.0,-78.0390205695193,0.0,0.0,39.38718696364764,0.0
3.47,0.0,86.54829047205918,0.0,0.0,-127.8517001857694,0.0,0.0,111.22194251066658,0.0,0.0,-79.71144855577384,0.0,0.0,40.221844910750406,0.0
3.475,0.0,85.94477985765728,0.0,0.0,-126.54044635296717,0.0,0.0,110.15863387930524,0.0,0.0,-79.51430220352611,0.0,0.0,40.34495981070754,0.0
3.48,0.0,85.07185030099586,0.0,0.0,-124.93547630812226,0.0,0.0,108.17208372647258,0.0,0.0,-78.03119671656593,0.0,0.0,39.90825509206434,0.0
3.485,0.0,84.46131927541707,0.0,0.0,-123.6602701616266,0.0,0.0,105.82119699984683,0.0,0.0,-75.59131821150405,0.0,0.0,39.00176455464289,0.0
3.49,0.0,84.39944289670386,0.0,0.0,-123.01389446722193,0.0,0.0,103.35461874224778,0.0,0.0,-72.34096152470183,0.0,0.0,37.66692968986086,0.0
3.495,0.0,85.01675505232404,0.0,0.0,-123.09075166107048,0.0,0.0,100.82121439361308,0.0,0.0,-68.30290364339112,0.0,0.0,35.910363871644094,0.0
3.5,0.0,86.34175065229991,0.0,0.0,-123.85176886343064,0.0,0.0,98.1402095581655,0.0,0.0,-63.419107064876144,0.0,0.0,33.71534485391807,0.0
3.505,0.0,88.32776535089887,0.0,0.0,-125.16132616988166,0.0,0.0,95.1429734649809,0.0,0.0,-57.58093199906525,0.0,0.0,31.051216689723088,0.0
3.5100000000000002,0.0,90.8617358566631,0.0,0.0,-126.80251584059486,0.0,0.0,91.59778663126326,0.0,0.0,-50.65220879668657,0.0,0.0,27.88169285580664,0.0
3.515,0.0,93.76124996159521,0.0,0.0,-128.47988401757627,0.0,0.0,87.22600728960919,0.0,0.0,-42.489475987273295,0.0,0.0,24.173002727322032,0.0
3.52,0.0,96.76468231133185,0.0,0.0,-129.8163024534214,0.0,0.0,81.71550866743378,0.0,0.0,-32.96228587439911,0.0,0.0,19.902502271615266,0.0
3.525,0.0,99.5187680248641,0.0,0.0,-130.34949131459402,0.0,0.0,74.73561642174269,0.0,0.0,-21.97523560006819,0.0,0.0,15.06798369769668,0.0
3.5300000000000002,0.0,101.56876875255409,0.0,0.0,-129.5339163551121,0.0,0.0,65.95703425141109,0.0,0.0,-9.492415302237838,0.0,0.0,9.697539071698321,0.0
3.535,0.0,102.35844949256293,0.0,0.0,-126.75524448854523,0.0,0.0,55.08032652294865,0.0,0.0,4.435761640479625,0.0,0.0,3.8594567563803253,0.0
3.54,0.0,101.25014215863845,0.0,0.0,-121.36690342092973,0.0,0.0,41.87701658935842,0.0,0.0,19.644226439412595,0.0,0.0,-2.3288702659062572,0.0
3.545,0.0,97.5778329141796,0.0,0.0,-112.75994280682615,0.0,0.0,26.24679364119426,0.0,0.0,35.826224210249734,0.0,0.0,-8.694964899835337,0.0
3.5500000000000003,0.0,90.74467304909938,0.0,0.0,-100.47416331414111,0.0,0.0,8.289618333508248,0.0,0.0,52.51472959062734,0.0,0.0,-15.011763623414954,0.0
3.555,0.0,80.36414967714204,0.0,0.0,-84.34386546122197,0.0,0.0,-11.62076967005732,0.0,0.0,69.08627849909139,0.0,0.0,-21.00998266551648,0.0
3.56,0.0,66.4166694379157,0.0,0.0,-64.6421960297616,0.0,0.0,-32.79410339152791,0.0,0.0,84.80619796621272,0.0,0.0,-26.40774279072619,0.0
3.565,0.0,49.35842709382365,0.0,0.0,-42.15524275659513,0.0,0.0,-54.25610086381608,0.0,0.0,98.92769359665752,0.0,0.0,-30.957703383569743,0.0
3.5700000000000003,0.0,30.10575756336666,0.0,0.0,-18.112550073020962,0.0,0.0,-74.8847500735749,0.0,0.0,110.83152760837676,0.0,0.0,-34.50077436157332,0.0
3.575,0.0,9.858296435983913,0.0,0.0,6.045432229428715,0.0,0.0,-93.62567521617505,0.0,0.0,120.15766400836505,0.0,0.0,-37.00451128456374,0.0
3.58,0.0,-10.188686223228288,0.0,0.0,28.98787058726081,0.0,0.0,-109.70183771044358,0.0,0.0,126.86516213712024,0.0,0.0,-38.5648953093425,0.0
3.585,0.0,-29.12201922402068,0.0,0.0,49.76474485365585,0.0,0.0,-122.7201115626137,0.0,0.0,131.18426663540092,0.0,0.0,-39.3664620808894,0.0
3.59,0.0,-46.46637908288061,0.0,0.0,67.91973539569184,0.0,0.0,-132.63018544497538,0.0,0.0,133.47798726837283,0.0,0.0,-39.61614727572257,0.0
3.595,0.0,-62.182666668646796,0.0,0.0,83.4279277744394,0.0,0.0,-139.5650532267,0.0,0.0,134.06601436361933,0.0,0.0,-39.47432738649654,0.0
3.6,0.0,-76.54836576547733,0.0,0.0,96.51786779571606,0.0,0.0,-143.62987534552943,0.0,0.0,133.05928565532378,0.0,0.0,-38.99873352317296,0.0
3.605,0.0,-89.98210946805965,0.0,0.0,107.45325769564008,0.0,0.0,-144.69662845935642,0.0,0.0,130.22661886652526,0.0,0.0,-38.10389396547825,0.0
3.61,0.0,-102.85245116783103,0.0,0.0,116.32314358633309,0.0,0.0,-142.23898549411473,0.0,0.0,124.898474515685,0.0,0.0,-36.53295095219052,0.0
3.615,0.0,-115.2803214967051,0.0,0.0,122.86516577562723,0.0,0.0,-135.24354129476566,0.0,0.0,115.92902771168094,0.0,0.0,-33.84615262601973,0.0
3.62,0.0,-126.94052595358849,0.0,0.0,126.35724950580568,0.0,0.0,-122.27672429083896,0.0,0.0,101.7901213779404,0.0,0.0,-29.45107685670175,0.0
3.625,0.0,-136.9130130128054,0.0,0.0,125.6649303803428,0.0,0.0,-101.84728230712011,0.0,0.0,80.93227239557056,0.0,0.0,-22.72448073984166,0.0
3.63,0.0,-143.7237825342875,0.0,0.0,119.57794495087937,0.0,0.0,-73.17810515040472,0.0,0.0,52.52174115461324,0.0,0.0,-13.271241210945504,0.0
3.6350000000000002,0.0,-145.75650655452338,0.0,0.0,107.48102042783162,0.0,0.0,-37.21496770652628,0.0,0.0,17.389646432686202,0.0,0.0,-1.2736498230664957,0.0
3.64,0.0,-142.0241562614656,0.0,0.0,90.07119612677393,0.0,0.0,2.820927650442327,0.0,0.0,-21.460064500276488,0.0,0.0,12.293737669397856,0.0
3.645,0.0,-132.858864230182,0.0,0.0,69.50783376245707,0.0,0.0,42.15578549387601,0.0,0.0,-59.547499522706154,0.0,0.0,25.86856407442536,0.0
3.65,0.0,-119.91288110082122,0.0,0.0,48.661459084120104,0.0,0.0,76.32832088079442,0.0,0.0,-92.68134809476192,0.0,0.0,37.90899801749542,0.0
3.6550000000000002,0.0,-105.41178597597646,0.0,0.0,29.96708918763714,0.0,0.0,102.85523937264706,0.0,0.0,-118.52560453293763,0.0,0.0,47.47510977283419,0.0
3.66,0.0,-91.27632172875113,0.0,0.0,14.732158644796002,0.0,0.0,121.56772017484325,0.0,0.0,-136.91429121075709,0.0,0.0,54.388498130634964,0.0
3.665,0.0,-78.68053841431542,0.0,0.0,3.178689569684413,0.0,0.0,133.82050154194968,0.0,0.0,-149.1100828125748,0.0,0.0,59.00532511926166,0.0
3.67,0.0,-68.08523712685847,0.0,0.0,-5.119837882656787,0.0,0.0,141.47260150893794,0.0,0.0,-156.85076639758532,0.0,0.0,61.88868785677196,0.0
3.6750000000000003,0.0,-59.48336866474888,0.0,0.0,-10.805887190954165,0.0,0.0,146.21158753997432,0.0,0.0,-161.71769151333046,0.0,0.0,63.57785739135409,0.0
3.68,0.0,-52.639617033786536,0.0,0.0,-14.468695532587617,0.0,0.0,149.27369480651387,0.0,0.0,-164.87425316424455,0.0,0.0,64.4837452108186,0.0
3.685,0.0,-47.24661171706577,0.0,0.0,-16.51925307166058,0.0,0.0,151.39126568590046,0.0,0.0,-167.01683182856198,0.0,0.0,64.86177395601807,0.0
3.69,0.0,-43.00292521146183,0.0,0.0,-17.14169356975828,0.0,0.0,152.80740374730078,0.0,0.0,-168.38878935752794,0.0,0.0,64.8112086840538,0.0
3.6950000000000003,0.0,-39.63932351037792,0.0,0.0,-16.26862346159522,0.0,0.0,153.26514745318715,0.0,0.0,-168.77087184328042,0.0,0.0,64.27014988835731,0.0
3.7,0.0,-36.914080655807346,0.0,0.0,-13.55704563955771,0.0,0.0,151.93391898993283,0.0,0.0,-167.41253148960803,0.0,0.0,62.993369251073034,0.0
3.705,0.0,-34.58734447493248,0.0,0.0,-8.374066943111853,0.0,0.0,147.2854285022268,0.0,0.0,-162.91363175877416,0.0,0.0,60.51651668245285,0.0
3.71,0.0,-32.37724915052639,0.0,0.0,0.15334351831362447,0.0,0.0,137.01230621023828,0.0,0.0,-153.13980823014816,0.0,0.0,56.1360685444815,0.0
3.715,0.0,-29.902779623772616,0.0,0.0,12.9108936309202,0.0,0.0,118.22858607813207,0.0,0.0,-135.38946602530433,0.0,0.0,48.979270001798604,0.0
3.72,0.0,-26.639476658144694,0.0,0.0,30.26057678847917,0.0,0.0,88.33578396998362,0.0,0.0,-107.16927619468422,0.0,0.0,38.28050643521198,0.0
3.725,0.0,-21.953892302643027,0.0,0.0,51.25298218720106,0.0,0.0,46.74513674340464,0.0,0.0,-67.77198541423624,0.0,0.0,23.91546139361421,0.0
3.73,0.0,-15.2903584659729,0.0,0.0,73.14461704131357,0.0,0.0,-3.3363658714344524,0.0,0.0,-19.957970943775518,0.0,0.0,6.937689587803072,0.0
3.735,0.0,-6.461454193839117,0.0,0.0,92.06613732785873,0.0,0.0,-54.992114264559504,0.0,0.0,30.036958287365607,0.0,0.0,-10.480138047258706,0.0
3.74,0.0,4.200938362278514,0.0,0.0,104.79922424124146,0.0,0.0,-100.51705781354639,0.0,0.0,75.11754818745389,0.0,0.0,-25.97537585073129,0.0
3.745,0.0,16.025447037240134,0.0,0.0,110.20530844013979,0.0,0.0,-134.99588560941308,0.0,0.0,110.64084838372672,0.0,0.0,-38.098111576867296,0.0
3.75,0.0,28.365550223655973,0.0,0.0,109.13631103419739,0.0,0.0,-157.5304923747626,0.0,0.0,135.63855869925644,0.0,0.0,-46.66377848367464,0.0
3.755,0.0,40.85292642809755,0.0,0.0,103.32830857119907,0.0,0.0,-169.95289495797255,0.0,0.0,151.71430668412037,0.0,0.0,-52.330150801708214,0.0
3.7600000000000002,0.0,53.43941294008417,0.0,0.0,94.39487790117155,0.0,0.0,-174.92884516745943,0.0,0.0,161.325077028569,0.0,0.0,-56.00094792460754,0.0
3.765,0.0,66.3175273148268,0.0,0.0,83.37659501700595,0.0,0.0,-174.74802319794765,0.0,0.0,166.65502619685512,0.0,0.0,-58.4528005583316,0.0
3.77,0.0,79.82104236995201,0.0,0.0,70.69912550680873,0.0,0.0,-170.89236472110522,0.0,0.0,169.19310549703474,0.0,0.0,-60.20521590439693,0.0
3.775,0.0,94.34325780801505,0.0,0.0,56.290618592256195,0.0,0.0,-164.02316742803632,0.0,0.0,169.69494909256235,0.0,0.0,-61.51613283530179,0.0
3.7800000000000002,0.0,110.26504995830629,0.0,0.0,39.72557790978897,0.0,0.0,-154.10386494108016,0.0,0.0,168.26522426037116,0.0,0.0,-62.41150630400472,0.0
3.785,0.0,127.86923818096918,0.0,0.0,20.370976497365064,0.0,0.0,-140.54756053614489,0.0,0.0,164.4489293734345,0.0,0.0,-62.71144030593399,0.0
3.79,0.0,147.22083507721285,0.0,0.0,-2.434297831757455,0.0,0.0,-122.39664874420895,0.0,0.0,157.32986810805536,0.0,0.0,-62.05340985858686,0.0
3.795,0.0,168.01335599681653,0.0,0.0,-29.12432059805897,0.0,0.0,-98.60010643753037,0.0,0.0,145.69857136704033,0.0,0.0,-59.93667454697078,0.0
3.8000000000000003,0.0,189.4272070802476,0.0,0.0,-59.570743486824334,0.0,0.0,-68.44937956981097,0.0,0.0,128.37270306278555,0.0,0.0,-55.823181702013386,0.0
3.805,0.0,210.10961535605986,0.0,0.0,-92.76299303805973,0.0,0.0,-32.13313488396932,0.0,0.0,104.69570450975769,0.0,0.0,-49.31558548543261,0.0
3.81,0.0,228.408588142063,0.0,0.0,-126.72434496851353,0.0,0.0,8.825718228789475,0.0,0.0,75.07106797688878,0.0,0.0,-40.37445023724494,0.0
3.815,0.0,242.88057705224895,0.0,0.0,-158.88437452750065,0.0,0.0,51.62711281738383,0.0,0.0,41.1974387799419,0.0,0.0,-29.455821191374085,0.0
3.8200000000000003,0.0,252.8473869182277,0.0,0.0,-186.85989781525373,0.0,0.0,92.93306151160719,0.0,0.0,5.705837900864957,0.0,0.0,-17.438345411409426,0.0
3.825,0.0,258.6305432029688,0.0,0.0,-209.21351259322472,0.0,0.0,129.95825281733158,0.0,0.0,-28.70425172351734,0.0,0.0,-5.336747147525273,0.0
3.83,0.0,261.2671096309018,0.0,0.0,-225.69079499156558,0.0,0.0,161.23835349383108,0.0,0.0,-60.11639061438048,0.0,0.0,6.032474197160178,0.0
3.835,0.0,261.85125847075165,0.0,0.0,-236.80418323069048,0.0,0.0,186.6514779150104,0.0,0.0,-87.75571010375947,0.0,0.0,16.242720182843662,0.0
3.84,0.0,260.7719496190633,0.0,0.0,-243.00683765391489,0.0,0.0,206.79128007041908,0.0,0.0,-111.77614714992379,0.0,0.0,25.246488625099893,0.0
3.845,0.0,256.9547479655835,0.0,0.0,-243.72378468386364,0.0,0.0,222.01318811294135,0.0,0.0,-132.6841136318885,0.0,0.0,33.221485225359075,0.0
3.85,0.0,247.04619813120792,0.0,0.0,-236.33373231881222,0.0,0.0,231.3335231579097,0.0,0.0,-150.5686174688328,0.0,0.0,40.33972119815789,0.0
3.855,0.0,224.6621642386346,0.0,0.0,-215.26976439126537,0.0,0.0,231.26263277529182,0.0,0.0,-164.1630157713966,0.0,0.0,46.4695422455718,0.0
3.86,0.0,180.7354445452318,0.0,0.0,-172.2168663762516,0.0,0.0,215.1558459189745,0.0,0.0,-169.92288793056488,0.0,0.0,50.82870640228687,0.0
3.865,0.0,107.5038034598218,0.0,0.0,-99.86527653962133,0.0,0.0,175.08032545511838,0.0,0.0,-162.19619247275577,0.0,0.0,51.8396805084988,0.0
3.87,0.0,7.572819340881049,0.0,0.0,-0.7410736843303489,0.0,0.0,108.54599590649879,0.0,0.0,-136.51280344791448,0.0,0.0,47.82283190817513,0.0
3.875,0.0,-99.68399924672113,0.0,0.0,106.25475066393241,0.0,0.0,26.15164686010867,0.0,0.0,-95.30491494021635,0.0,0.0,38.67199137719669,0.0
3.88,0.0,-188.12466211572465,0.0,0.0,195.25368184966058,0.0,0.0,-51.97439958527886,0.0,0.0,-48.86705878359825,0.0,0.0,26.68811353559879,0.0
3.8850000000000002,0.0,-243.95068485114925,0.0,0.0,252.18860763816699,0.0,0.0,-110.75967303368259,0.0,0.0,-8.004928412978881,0.0,0.0,14.967867187044874,0.0
3.89,0.0,-270.4417101788972,0.0,0.0,279.79589956115353,0.0,0.0,-147.70259522335752,0.0,0.0,22.463462283976174,0.0,0.0,5.370546221920965,0.0
3.895,0.0,-278.38730664631714,0.0,0.0,288.3923196179198,0.0,0.0,-168.1193388009106,0.0,0.0,43.14020625115508,0.0,0.0,-1.763882970564864,0.0
3.9,0.0,-277.59618173149386,0.0,0.0,287.4633725513212,0.0,0.0,-178.50914676874598,0.0,0.0,56.64062850356355,0.0,0.0,-6.850830232278338,0.0
3.9050000000000002,0.0,-274.41585748067234,0.0,0.0,283.1073835994274,0.0,0.0,-183.65849528507098,0.0,0.0,65.44368982966776,0.0,0.0,-10.434728612220812,0.0
3.91,0.0,-272.3250762693316,0.0,0.0,278.53148945765656,0.0,0.0,-186.3726336176821,0.0,0.0,71.25622403671414,0.0,0.0,-12.937784404707887,0.0
3.915,0.0,-273.0116625548559,0.0,0.0,275.0441179078473,0.0,0.0,-187.94356991150988,0.0,0.0,75.02024914657984,0.0,0.0,-14.609884126014203,0.0
3.92,0.0,-277.0743085062235,0.0,0.0,272.6735854732462,0.0,0.0,-188.51729455939923,0.0,0.0,77.02308495414157,0.0,0.0,-15.534392687573806,0.0
3.9250000000000003,0.0,-284.2363850694867,0.0,0.0,270.297574585694,0.0,0.0,-187.1556252091757,0.0,0.0,76.92016955140883,0.0,0.0,-15.629080000394312,0.0
3.93,0.0,-293.08738193112737,0.0,0.0,265.333084343198,0.0,0.0,-181.59459615647663,0.0,0.0,73.64017900033346,0.0,0.0,-14.629910233473106,0.0
3.935,0.0,-300.3680121546077,0.0,0.0,253.1290272987004,0.0,0.0,-167.84530848873726,0.0,0.0,65.25547496279714,0.0,0.0,-12.08202964964215,0.0
3.94,0.0,-300.06024511636843,0.0,0.0,226.6145173806186,0.0,0.0,-140.18190481499076,0.0,0.0,49.126784632685,0.0,0.0,-7.422213131153766,0.0
3.9450000000000003,0.0,-283.43303101613714,0.0,0.0,177.71991820656368,0.0,0.0,-92.83102236911071,0.0,0.0,22.988758746222505,0.0,0.0,-0.31101911329245224,0.0
3.95,0.0,-242.3566107897705,0.0,0.0,102.55816709058854,0.0,0.0,-24.72609481037277,0.0,0.0,-12.513487126083204,0.0,0.0,8.721828681694356,0.0
3.955,0.0,-176.414463042542,0.0,0.0,8.634668966466837,0.0,0.0,54.9907632023163,0.0,0.0,-51.42656950959348,0.0,0.0,17.82743913982781,0.0
3.96,0.0,-97.13083497741758,0.0,0.0,-85.05533816292285,0.0,0.0,128.71334647247016,0.0,0.0,-84.31590245816422,0.0,0.0,24.56754341173847,0.0
3.9650000000000003,0.0,-21.40243793738653,0.0,0.0,-159.86727556872628,0.0,0.0,181.59405449961145,0.0,0.0,-104.43509019988751,0.0,0.0,27.542648428616047,0.0
3.97,0.0,39.52148309201503,0.0,0.0,-208.65976976287342,0.0,0.0,209.93212242081188,0.0,0.0,-111.28295500515594,0.0,0.0,27.041428652528595,0.0
3.975,0.0,83.448285174647,0.0,0.0,-234.9892513581744,0.0,0.0,218.6760830475641,0.0,0.0,-108.37546358046346,0.0,0.0,24.222672481596007,0.0
3.98,0.0,113.50373694327571,0.0,0.0,-246.1690334015933,0.0,0.0,214.8391555272964,0.0,0.0,-99.60944076737385,0.0,0.0,20.152046033339364,0.0
3.985,0.0,133.9561553434026,0.0,0.0,-248.52657631583898,0.0,0.0,203.75916246985543,0.0,0.0,-87.57400798349178,0.0,0.0,15.45253133311908,0.0
3.99,0.0,148.25289132878527,0.0,0.0,-246.10211142316246,0.0,0.0,188.4690367560126,0.0,0.0,-73.50619869337466,0.0,0.0,10.36938177124274,0.0
3.995,0.0,158.61575086952212,0.0,0.0,-240.96926035883587,0.0,0.0,170.29716702515202,0.0,0.0,-57.77265204328938,0.0,0.0,4.933639326455033,0.0
4.0,0.0,166.21624287677596,0.0,0.0,-233.88325212666516,0.0,0.0,149.60157651269066,0.0,0.0,-40.33706715395888,0.0,0.0,-0.9018483053221535,0.0
4.005,0.0,171.4603511585139,0.0,0.0,-224.83205712574937,0.0,0.0,126.3430876101624,0.0,0.0,-21.10570692750001,0.0,0.0,-7.168194321203192,0.0
4.01,0.0,174.25633182261151,0.0,0.0,-213.45218047695587,0.0,0.0,100.49445767816235,0.0,0.0,-0.1673709881869847,0.0,0.0,-13.818309827711296,0.0
4.015,0.0,174.26151048997497,0.0,0.0,-199.35046953364818,0.0,0.0,72.3113341248639,0.0,0.0,22.06430951259547,0.0,0.0,-20.69461361834022,0.0
4.0200000000000005,0.0,171.11305935677422,0.0,0.0,-182.34398333278898,0.0,0.0,42.454595034620965,0.0,0.0,44.82469749025546,0.0,0.0,-27.532445607918795,0.0
4.025,0.0,164.61833231050352,0.0,0.0,-162.59105554770437,0.0,0.0,11.94357609688262,0.0,0.0,67.10039340436619,0.0,0.0,-34.00129265852263,0.0
4.03,0.0,154.8612859658017,0.0,0.0,-140.58611850519316,0.0,0.0,-18.037646602645975,0.0,0.0,87.82698759632989,0.0,0.0,-39.77082935965882,0.0
4.035,0.0,142.19970561894326,0.0,0.0,-117.03515425633361,0.0,0.0,-46.393485529412075,0.0,0.0,106.09944336771869,0.0,0.0,-44.57439658378929,0.0
4.04,0.0,127.17402623874735,0.0,0.0,-92.68100973171236,0.0,0.0,-72.3147261645822,0.0,0.0,121.30509582818199,0.0,0.0,-48.24311189888394,0.0
4.045,0.0,110.3847781025422,0.0,0.0,-68.16158966329512,0.0,0.0,-95.34622387219568,0.0,0.0,133.13629001705672,0.0,0.0,-50.70064604518876,0.0
4.05,0.0,92.39469631770946,0.0,0.0,-43.94987720502157,0.0,0.0,-115.32419889221642,0.0,0.0,141.50296722822048,0.0,0.0,-51.928435343467555,0.0
4.055,0.0,73.68144658091188,0.0,0.0,-20.37497579505952,0.0,0.0,-132.236108046955,0.0,0.0,146.4003344500653,0.0,0.0,-51.9203674897581,0.0
4.0600000000000005,0.0,54.635699755950306,0.0,0.0,2.307211387528998,0.0,0.0,-146.06394581665927,0.0,0.0,147.7830133465535,0.0,0.0,-50.643337024897995,0.0
4.065,0.0,35.58565313005071,0.0,0.0,23.827674242062578,0.0,0.0,-156.65081846940365,0.0,0.0,145.4755103002965,0.0,0.0,-48.01306820989654,0.0
4.07,0.0,16.83280463661952,0.0,0.0,43.82392948247034,0.0,0.0,-163.60913760105643,0.0,0.0,139.1332208621559,0.0,0.0,-43.89049545730709,0.0
4.075,0.0,-1.306154437242903,0.0,0.0,61.77683108450279,0.0,0.0,-166.284246457733,0.0,0.0,128.26825373479207,0.0,0.0,-38.10481419779988,0.0
4.08,0.0,-18.45195525714461,0.0,0.0,76.97847929605997,0.0,0.0,-163.80107266567987,0.0,0.0,112.36442845155312,0.0,0.0,-30.511805122865606,0.0
4.085,0.0,-34.119046455281605,0.0,0.0,88.5610858739251,0.0,0.0,-155.23849960362486,0.0,0.0,91.10654953444586,0.0,0.0,-21.092467220144275,0.0
4.09,0.0,-47.704725460111376,0.0,0.0,95.6300671437163,0.0,0.0,-139.96306095247178,0.0,0.0,64.71100646898957,0.0,0.0,-10.077473002756161,0.0
4.095,0.0,-58.55441080447204,0.0,0.0,97.52222014398747,0.0,0.0,-118.07059839449595,0.0,0.0,34.250020962907556,0.0,0.0,1.9546066590736917,0.0
4.1,0.0,-66.1239059666539,0.0,0.0,94.12554400768293,0.0,0.0,-90.74039948944316,0.0,0.0,1.755978721571438,0.0,0.0,14.088604646590312,0.0
4.105,0.0,-70.18790203529504,0.0,0.0,86.09129684993715,0.0,0.0,-60.22449090794817,0.0,0.0,-30.09113462489385,0.0,0.0,25.250308165007887,0.0
4.11,0.0,-70.97447490442684,0.0,0.0,74.7635832545263,0.0,0.0,-29.344714035686383,0.0,0.0,-58.65406851346464,0.0,0.0,34.50158126214816,0.0
4.115,0.0,-69.12654030033478,0.0,0.0,61.81835005725626,0.0,0.0,-0.7135937698847878,0.0,0.0,-82.06331199722558,0.0,0.0,41.29960445627874,0.0
4.12,0.0,-65.50875396758217,0.0,0.0,48.81012503099273,0.0,0.0,23.8934212687273,0.0,0.0,-99.58391281269459,0.0,0.0,45.58130213649036,0.0
4.125,0.0,-60.97790083766941,0.0,0.0,36.861718007380645,0.0,0.0,43.734831420318,0.0,0.0,-111.50759497678487,0.0,0.0,47.66262344762602,0.0
4.13,0.0,-56.2263716937001,0.0,0.0,26.587531945902292,0.0,0.0,58.9136436603222,0.0,0.0,-118.75952746459086,0.0,0.0,48.05211115791257,0.0
4.135,0.0,-51.730319548085184,0.0,0.0,18.187157927149805,0.0,0.0,70.0282610213807,0.0,0.0,-122.48462123097684,0.0,0.0,47.284686842567424,0.0
4.14,0.0,-47.77235156797884,0.0,0.0,11.5983662503712,0.0,0.0,77.8575273021652,0.0,0.0,-123.76470489722799,0.0,0.0,45.82324890794945,0.0
4.1450000000000005,0.0,-44.49459808089582,0.0,0.0,6.633370362233621,0.0,0.0,83.15757132144407,0.0,0.0,-123.4853320068347,0.0,0.0,44.023250281718454,0.0
4.15,0.0,-41.952139743785004,0.0,0.0,3.071676138451158,0.0,0.0,86.56345845091465,0.0,0.0,-122.30625505885406,0.0,0.0,42.13544574245289,0.0
4.155,0.0,-40.15434140611353,0.0,0.0,0.7126649448855137,0.0,0.0,88.55885399595155,0.0,0.0,-120.68322798466727,0.0,0.0,40.324329463677095,0.0
4.16,0.0,-39.09246264538521,0.0,0.0,-0.599301740203333,0.0,0.0,89.47936788939883,0.0,0.0,-118.9053170850363,0.0,0.0,38.68870769036327,0.0
4.165,0.0,-38.75613522237025,0.0,0.0,-0.9652889944331045,0.0,0.0,89.52713272604522,0.0,0.0,-117.12907630845207,0.0,0.0,37.27826561988162,0.0
4.17,0.0,-39.141816342460885,0.0,0.0,-0.4296346901719491,0.0,0.0,88.7847051626112,0.0,0.0,-115.40200840079892,0.0,0.0,36.10418862067047,0.0
4.175,0.0,-40.2553692754172,0.0,0.0,1.0190628854773383,0.0,0.0,87.22320185949965,0.0,0.0,-113.67328067457876,0.0,0.0,35.14369832258513,0.0
4.18,0.0,-42.109570696982445,0.0,0.0,3.4451349381630174,0.0,0.0,84.70363543816549,0.0,0.0,-111.79205731927814,0.0,0.0,34.33892099995796,0.0
4.1850000000000005,0.0,-44.71597890593479,0.0,0.0,6.960020868605627,0.0,0.0,80.97337787291052,0.0,0.0,-109.49521206043383,0.0,0.0,33.59071546559902,0.0
4.19,0.0,-48.06939307864875,0.0,0.0,11.709712310702322,0.0,0.0,75.66313508173545,0.0,0.0,-106.38837469663366,0.0,0.0,32.74864398842425,0.0
4.195,0.0,-52.12247483133586,0.0,0.0,17.84900524753496,0.0,0.0,68.29500221412519,0.0,0.0,-101.92885317800157,0.0,0.0,31.599836937097365,0.0
4.2,0.0,-56.748987450812535,0.0,0.0,25.49397757910276,0.0,0.0,58.31927530833048,0.0,0.0,-95.42711353768865,0.0,0.0,29.862688064059626,0.0
4.205,0.0,-61.69838634128308,0.0,0.0,34.64537152700902,0.0,0.0,45.203969554627825,0.0,0.0,-86.09417710532539,0.0,0.0,27.1960808400663,0.0
4.21,0.0,-66.55416300932383,0.0,0.0,45.08553476387057,0.0,0.0,28.597771754376275,0.0,0.0,-73.1685589609865,0.0,0.0,23.238962316929424,0.0
4.215,0.0,-70.72241684749375,0.0,0.0,56.27546606383862,0.0,0.0,8.559476962221476,0.0,0.0,-56.1418388015422,0.0,0.0,17.692260597976478,0.0
4.22,0.0,-73.48600774655293,0.0,0.0,67.31153424710305,0.0,0.0,-14.214657080275941,0.0,0.0,-35.04731959176773,0.0,0.0,10.43642524595448,0.0
4.225,0.0,-74.1439474202381,0.0,0.0,77.01565524215324,0.0,0.0,-38.304071387116714,0.0,0.0,-10.688649815294525,0.0,0.0,1.6423579431035211,0.0
4.23,0.0,-72.20385829666503,0.0,0.0,84.18571391027831,0.0,0.0,-61.755523755215215,0.0,0.0,15.365858097605372,0.0,0.0,-8.195095165689715,0.0
4.235,0.0,-67.53611649619467,0.0,0.0,87.92309739103209,0.0,0.0,-82.5520711246887,0.0,0.0,41.11346163907093,0.0,0.0,-18.3515601163558,0.0
4.24,0.0,-60.39635308506952,0.0,0.0,87.86872394745507,0.0,0.0,-99.15171642641444,0.0,0.0,64.65149060983114,0.0,0.0,-28.067968376131926,0.0
4.245,0.0,-51.30279491439887,0.0,0.0,84.22158317805746,0.0,0.0,-110.81453477313676,0.0,0.0,84.64069824747178,0.0,0.0,-36.745941398882174,0.0
4.25,0.0,-40.8479761564076,0.0,0.0,77.55978862830361,0.0,0.0,-117.58881786237767,0.0,0.0,100.48501429960415,0.0,0.0,-44.05016092865048,0.0
4.255,0.0,-29.54543936870925,0.0,0.0,68.5936277583888,0.0,0.0,-120.04970367122777,0.0,0.0,112.22291124930702,0.0,0.0,-49.89742743984358,0.0
4.26,0.0,-17.76114154590909,0.0,0.0,57.97256700590033,0.0,0.0,-118.97951410550925,0.0,0.0,120.2743960897032,0.0,0.0,-54.37667549886835,0.0
4.265,0.0,-5.719756692689494,0.0,0.0,46.192375967413305,0.0,0.0,-115.12568956846131,0.0,0.0,125.1921692586021,0.0,0.0,-57.65675660378966,0.0
4.2700000000000005,0.0,6.449733446551298,0.0,0.0,33.58557692262825,0.0,0.0,-109.07474327771229,0.0,0.0,127.49132092212199,0.0,0.0,-59.915967574691464,0.0
4.275,0.0,18.66027275906366,0.0,0.0,20.357727855446488,0.0,0.0,-101.21937996302455,0.0,0.0,127.5647835513949,0.0,0.0,-61.30157720928974,0.0
4.28,0.0,30.82132644373482,0.0,0.0,6.6392755319691545,0.0,0.0,-91.78099975573964,0.0,0.0,125.6620698831306,0.0,0.0,-61.913961042771064,0.0
4.285,0.0,42.806885215906924,0.0,0.0,-7.463148198132023,0.0,0.0,-80.85898527380178,0.0,0.0,121.9067349439731,0.0,0.0,-61.80708121493067,0.0
4.29,0.0,54.43683003796483,0.0,0.0,-21.822156714728383,0.0,0.0,-68.4914456375656,0.0,0.0,116.3361457800835,0.0,0.0,-60.999052605753015,0.0
4.295,0.0,65.47146592252322,0.0,0.0,-36.25456224914958,0.0,0.0,-54.720179149466546,0.0,0.0,108.95458599877634,0.0,0.0,-59.48910347976187,0.0
4.3,0.0,75.62102937718167,0.0,0.0,-50.50013163693805,0.0,0.0,-39.65354375947618,0.0,0.0,99.79313030210186,0.0,0.0,-57.27837881201439,0.0
4.305,0.0,84.57291153581882,0.0,0.0,-64.2211491620314,0.0,0.0,-23.516710207871768,0.0,0.0,88.96695656753366,0.0,0.0,-54.3913507346344,0.0
4.3100000000000005,0.0,92.03643085300189,0.0,0.0,-77.02932365035252,0.0,0.0,-6.674332468928539,0.0,0.0,76.71592308909649,0.0,0.0,-50.89291853347505,0.0
4.315,0.0,97.79774473319029,0.0,0.0,-88.5397708877703,0.0,0.0,10.387646810839222,0.0,0.0,63.412888920141256,0.0,0.0,-46.89542889303317,0.0
4.32,0.0,101.76947801466956,0.0,0.0,-98.44001717893475,0.0,0.0,27.12283733444758,0.0,0.0,49.53133556382644,0.0,0.0,-42.551715831409716,0.0
4.325,0.0,104.0172127707896,0.0,0.0,-106.55210798788589,0.0,0.0,43.012079972336124,0.0,0.0,35.578765757659646,0.0,0.0,-38.03508247300357,0.0
4.33,0.0,104.75207119209583,0.0,0.0,-112.86596498171272,0.0,0.0,57.649175099986266,0.0,0.0,22.017164365128373,0.0,0.0,-33.512557150175525,0.0
4.335,0.0,104.29214701975187,0.0,0.0,-117.53377830580656,0.0,0.0,70.79696670383473,0.0,0.0,9.196645625167974,0.0,0.0,-29.120283190945,0.0
4.34,0.0,103.0071224760171,0.0,0.0,-120.8313008611168,0.0,0.0,82.40069291843477,0.0,0.0,-2.6798024885706013,0.0,0.0,-24.947964278620763,0.0
4.345,0.0,101.26346887184032,0.0,0.0,-123.1025203378056,0.0,0.0,92.5635372007977,0.0,0.0,-13.557535339457123,0.0,0.0,-21.034530807519076,0.0
4.3500000000000005,0.0,99.38227311532485,0.0,0.0,-124.70473274714774,0.0,0.0,101.50028584429641,0.0,0.0,-23.506703328984074,0.0,0.0,-17.3727759381013,0.0
4.355,0.0,97.61297201406802,0.0,0.0,-125.96415283419955,0.0,0.0,109.48558701814,0.0,0.0,-32.68750685405161,0.0,0.0,-13.918684998037051,0.0
4.36,0.0,96.11900746985897,0.0,0.0,-127.14340774833111,0.0,0.0,116.80691751448019,0.0,0.0,-41.3151699968742,0.0,0.0,-10.601563704895224,0.0
4.365,0.0,94.96747176852176,0.0,0.0,-128.4153513521133,0.0,0.0,123.72408449927444,0.0,0.0,-49.6297460997906,0.0,0.0,-7.332735662927026,0.0
4.37,0.0,94.11339094312547,0.0,0.0,-129.8332867629924,0.0,0.0,130.42989628936633,0.0,0.0,-57.86990980356714,0.0,0.0,-4.012502613317047,0.0
4.375,0.0,93.3688336502763,0.0,0.0,-131.28476109307155,0.0,0.0,137.00084799736757,0.0,0.0,-66.24463051837633,0.0,0.0,-0.5368949529521894,0.0
4.38,0.0,92.34691015683875,0.0,0.0,-132.41369780938,0.0,0.0,143.32144060903767,0.0,0.0,-74.89133368593059,0.0,0.0,3.192232183687982,0.0
4.385,0.0,90.37290592580163,0.0,0.0,-132.49551407374975,0.0,0.0,148.96155870902197,0.0,0.0,-83.80296187080889,0.0,0.0,7.247409769948247,0.0
4.39,0.0,86.36670707753292,0.0,0.0,-130.26068622741184,0.0,0.0,152.98935475563678,0.0,0.0,-92.70091184532941,0.0,0.0,11.63603458502036,0.0
4.3950000000000005,0.0,78.73973899889688,0.0,0.0,-123.70690297802085,0.0,0.0,153.73270315273456,0.0,0.0,-100.83656681802013,0.0,0.0,16.22882101244231,0.0
4.4,0.0,65.44196079438734,0.0,0.0,-110.05864500409498,0.0,0.0,148.60401714080083,0.0,0.0,-106.75137785054449,0.0,0.0,20.652675900036005,0.0
4.405,0.0,44.43420114995851,0.0,0.0,-86.23910072570878,0.0,0.0,134.31634730772592,0.0,0.0,-108.16454900497386,0.0,0.0,24.185889004697408,0.0
4.41,0.0,14.874009058533318,0.0,0.0,-50.31862522488293,0.0,0.0,108.01839121573599,0.0,0.0,-102.37616346608189,0.0,0.0,25.78328951568894,0.0
4.415,0.0,-21.25840767272657,0.0,0.0,-3.7869259941225284,0.0,0.0,69.49343701438723,0.0,0.0,-87.55824202267196,0.0,0.0,24.419825276745282,0.0
4.42,0.0,-58.57525012335944,0.0,0.0,47.14668206281185,0.0,0.0,23.03627301709316,0.0,0.0,-64.46604428075912,0.0,0.0,19.735895616165966,0.0
4.425,0.0,-90.3405424484604,0.0,0.0,93.63236057492138,0.0,0.0,-23.531675036968664,0.0,0.0,-36.87867767217438,0.0,0.0,12.473373344035533,0.0
4.43,0.0,-112.0578976542441,0.0,0.0,128.8186903512433,0.0,0.0,-62.86220151642648,0.0,0.0,-9.75363110532794,0.0,0.0,4.144610352282273,0.0
4.4350000000000005,0.0,-123.2416982644366,0.0,0.0,150.76881336619047,0.0,0.0,-91.45909823502043,0.0,0.0,13.284140996901492,0.0,0.0,-3.797025481204683,0.0
4.44,0.0,-126.2785333986049,0.0,0.0,161.59804894086378,0.0,0.0,-109.77777257187823,0.0,0.0,30.919637292463303,0.0,0.0,-10.504128313760994,0.0
4.445,0.0,-124.33247149882327,0.0,0.0,164.9401126492099,0.0,0.0,-120.28539290272322,0.0,0.0,43.530051449480595,0.0,0.0,-15.736415478613889,0.0
4.45,0.0,-120.03830984502258,0.0,0.0,164.1224299576227,0.0,0.0,-125.7055142961265,0.0,0.0,52.18233905272585,0.0,0.0,-19.60558939115904,0.0
4.455,0.0,-115.1618151256018,0.0,0.0,161.53628971664747,0.0,0.0,-128.21505844884146,0.0,0.0,57.980897223669714,0.0,0.0,-22.34660925748145,0.0
4.46,0.0,-110.74179180475586,0.0,0.0,158.69078504822167,0.0,0.0,-129.31293644714597,0.0,0.0,61.81187054894792,0.0,0.0,-24.1939902997688,0.0
4.465,0.0,-107.33666942759757,0.0,0.0,156.46820729050884,0.0,0.0,-129.95245462307008,0.0,0.0,64.30625953190356,0.0,0.0,-25.33573941509026,0.0
4.47,0.0,-105.22601345497077,0.0,0.0,155.3617341642938,0.0,0.0,-130.71351799013792,0.0,0.0,65.88109164858405,0.0,0.0,-25.90502082547454,0.0
4.4750000000000005,0.0,-104.54099695235048,0.0,0.0,155.64033965188355,0.0,0.0,-131.93771060359364,0.0,0.0,66.79117612377395,0.0,0.0,-25.98477305572691,0.0
4.48,0.0,-105.3368472023655,0.0,0.0,157.44589885422434,0.0,0.0,-133.81413896966816,0.0,0.0,67.16770684732299,0.0,0.0,-25.613768279355927,0.0
4.485,0.0,-107.62304261617103,0.0,0.0,160.83762452161767,0.0,0.0,-136.42155432038032,0.0,0.0,67.03760217194105,0.0,0.0,-24.789512396859983,0.0
4.49,0.0,-111.35884843293344,0.0,0.0,165.79181207873685,0.0,0.0,-139.73065811434208,0.0,0.0,66.32162741637826,0.0,0.0,-23.46607658093772,0.0
4.495,0.0,-116.41056781241357,0.0,0.0,172.15198202205735,0.0,0.0,-143.56159998908853,0.0,0.0,64.80775622571684,0.0,0.0,-21.5456899253528,0.0
4.5,0.0,-122.45337595384841,0.0,0.0,179.50784751845904,0.0,0.0,-147.4789436158449,0.0,0.0,62.092754654847155,0.0,0.0,-18.86334769255332,0.0
4.505,0.0,-128.78511859997877,0.0,0.0,186.9620581652967,0.0,0.0,-150.59238397959592,0.0,0.0,57.48369457597203,0.0,0.0,-15.165797996429633,0.0
4.51,0.0,-134.01120592429206,0.0,0.0,192.7334356337114,0.0,0.0,-151.22915175643152,0.0,0.0,49.86286556041583,0.0,0.0,-10.094207463096785,0.0
4.515,0.0,-135.59942952144846,0.0,0.0,193.5965501929135,0.0,0.0,-146.50135118719172,0.0,0.0,37.57323809898545,0.0,0.0,-3.2018046780215634,0.0
4.5200000000000005,0.0,-129.5020883093672,0.0,0.0,184.4112938879424,0.0,0.0,-132.0276368572761,0.0,0.0,18.529089327924385,0.0,0.0,5.918233758591953,0.0
4.525,0.0,-110.54510964831663,0.0,0.0,158.63541423686718,0.0,0.0,-102.60864937561487,0.0,0.0,-9.005564661123941,0.0,0.0,17.281549923943324,0.0
4.53,0.0,-74.78792331190617,0.0,0.0,111.34690902449543,0.0,0.0,-55.070507864484696,0.0,0.0,-44.5818591251878,0.0,0.0,29.94544887027808,0.0
4.535,0.0,-23.852934645264853,0.0,0.0,44.749445634339,0.0,0.0,7.122782023624366,0.0,0.0,-83.58688169689312,0.0,0.0,41.719784346335025,0.0
4.54,0.0,32.893372931368056,0.0,0.0,-29.105822158211314,0.0,0.0,72.34317666126363,0.0,0.0,-118.06898191022302,0.0,0.0,50.008851030672,0.0
4.545,0.0,83.17335693855378,0.0,0.0,-94.53030853752298,0.0,0.0,127.03655344057061,0.0,0.0,-141.46071319590274,0.0,0.0,53.501226589521394,0.0
4.55,0.0,119.65136102018286,0.0,0.0,-142.17249397296027,0.0,0.0,164.17387182914652,0.0,0.0,-152.44060534883536,0.0,0.0,52.852945685799405,0.0
4.555,0.0,142.26059251051097,0.0,0.0,-171.90324032978586,0.0,0.0,184.79030104204645,0.0,0.0,-153.91762044338606,0.0,0.0,49.722098070707375,0.0
4.5600000000000005,0.0,154.94411110627263,0.0,0.0,-188.62584370536524,0.0,0.0,193.72595798413445,0.0,0.0,-149.73372700781348,0.0,0.0,45.56598437762972,0.0
4.565,0.0,162.104337481853,0.0,0.0,-197.76304864598995,0.0,0.0,195.69088484906112,0.0,0.0,-142.6475905620309,0.0,0.0,41.183605451775996,0.0
4.57,0.0,167.0586308750849,0.0,0.0,-203.30850917999413,0.0,0.0,193.78361226992374,0.0,0.0,-133.9812127587235,0.0,0.0,36.80261551601508,0.0
4.575,0.0,171.86829428208867,0.0,0.0,-207.62018761938577,0.0,0.0,189.48524792720104,0.0,0.0,-123.94400404441508,0.0,0.0,32.28883702281429,0.0
4.58,0.0,177.58719597913333,0.0,0.0,-211.74996281767335,0.0,0.0,183.04689577407854,0.0,0.0,-112.00375183216636,0.0,0.0,27.301991181962855,0.0
4.585,0.0,184.47705731960528,0.0,0.0,-215.7519094456955,0.0,0.0,173.84031274918266,0.0,0.0,-97.15754009603145,0.0,0.0,21.391340287329925,0.0
4.59,0.0,192.0842747032432,0.0,0.0,-218.85697233497277,0.0,0.0,160.6377559904982,0.0,0.0,-78.16712082338515,0.0,0.0,14.075738341388538,0.0
4.595,0.0,199.22733048079863,0.0,0.0,-219.5908204735205,0.0,0.0,141.93175598459513,0.0,0.0,-53.87185308549715,0.0,0.0,4.953572698680032,0.0
4.6000000000000005,0.0,204.02622422849362,0.0,0.0,-215.98590220953042,0.0,0.0,116.41495015500183,0.0,0.0,-23.651573722178426,0.0,0.0,-6.135454696492731,0.0
4.605,0.0,204.14641624829318,0.0,0.0,-206.02859199709076,0.0,0.0,83.62439102703382,0.0,0.0,12.028917833456484,0.0,0.0,-18.929367694747818,0.0
4.61,0.0,197.35861015159838,0.0,0.0,-188.33246810569017,0.0,0.0,44.51680811372109,0.0,0.0,51.275245353505824,0.0,0.0,-32.65011896117343,0.0
4.615,0.0,182.27696652023644,0.0,0.0,-162.7625980147431,0.0,0.0,1.5560186451535358,0.0,0.0,90.98733702332036,0.0,0.0,-46.12275353014354,0.0
4.62,0.0,158.8895265431369,0.0,0.0,-130.60484639907637,0.0,0.0,-41.92408233398026,0.0,0.0,127.73010729278838,0.0,0.0,-58.116463353860176,0.0
4.625,0.0,128.55246697030665,0.0,0.0,-94.13644034741418,0.0,0.0,-82.77307622444354,0.0,0.0,158.80204164626792,0.0,0.0,-67.72962435756605,0.0
4.63,0.0,93.50038571680327,0.0,0.0,-55.90171020468417,0.0,0.0,-118.84642171601854,0.0,0.0,182.87026808250133,0.0,0.0,-74.59404345435566,0.0
4.635,0.0,56.208488278535356,0.0,0.0,-18.124413926125744,0.0,0.0,-149.22033908370315,0.0,0.0,199.93570081691055,0.0,0.0,-78.8301788887353,0.0
4.64,0.0,18.873587292623853,0.0,0.0,17.57177186807347,0.0,0.0,-173.92626386507044,0.0,0.0,210.87002014058282,0.0,0.0,-80.8546869013094,0.0
4.6450000000000005,0.0,-16.919856873249543,0.0,0.0,50.21411833508888,0.0,0.0,-193.51934915903962,0.0,0.0,216.86619674979093,0.0,0.0,-81.16808637837694,0.0
4.65,0.0,-50.36304676604701,0.0,0.0,79.40365173580084,0.0,0.0,-208.65542547791435,0.0,0.0,218.96525424437402,0.0,0.0,-80.18091201435797,0.0
4.655,0.0,-81.41130826072902,0.0,0.0,105.12319325482008,0.0,0.0,-219.6728333320102,0.0,0.0,217.65223229596884,0.0,0.0,-78.0751420563357,0.0
4.66,0.0,-110.57898885482935,0.0,0.0,127.3961807818253,0.0,0.0,-226.1071380296219,0.0,0.0,212.45675317499538,0.0,0.0,-74.6773575001579,0.0
4.665,0.0,-138.51771878361922,0.0,0.0,145.77196168047476,0.0,0.0,-226.1027253281635,0.0,0.0,201.53118846829233,0.0,0.0,-69.33423605915172,0.0
4.67,0.0,-165.33696188850024,0.0,0.0,158.68670167500312,0.0,0.0,-215.86930754595727,0.0,0.0,181.3566480079277,0.0,0.0,-60.844196227555145,0.0
4.675,0.0,-189.694358902277,0.0,0.0,163.00984110196111,0.0,0.0,-189.82886788544286,0.0,0.0,147.1684692076198,0.0,0.0,-47.64795095839658,0.0
4.68,0.0,-208.11723111444707,0.0,0.0,154.6398862210678,0.0,0.0,-142.80977635578034,0.0,0.0,95.22072524250834,0.0,0.0,-28.639899339163073,0.0
4.6850000000000005,0.0,-215.8096876745884,0.0,0.0,131.17188946418625,0.0,0.0,-75.05004043214778,0.0,0.0,27.210597248381298,0.0,0.0,-4.646453801252766,0.0
4.69,0.0,-209.8130277391345,0.0,0.0,95.51618599259645,0.0,0.0,3.5060460117330328,0.0,0.0,-46.67881665604382,0.0,0.0,20.690631836514317,0.0
4.695,0.0,-192.1233157691342,0.0,0.0,55.993736149555545,0.0,0.0,76.67440039407056,0.0,0.0,-111.95111886244932,0.0,0.0,42.506765667393225,0.0
4.7,0.0,-168.72112274350144,0.0,0.0,21.225876540114665,0.0,0.0,132.21556300607594,0.0,0.0,-158.97995610253062,0.0,0.0,57.81570101836468,0.0
4.705,0.0,-145.52505674730054,0.0,0.0,-4.571988118244143,0.0,0.0,167.5545827820856,0.0,0.0,-187.11437629278447,0.0,0.0,66.7067482575221,0.0
4.71,0.0,-125.86023085718868,0.0,0.0,-21.61634239712287,0.0,0.0,186.94889255424806,0.0,0.0,-201.2932725688289,0.0,0.0,71.04920056319597,0.0
4.715,0.0,-110.6467223187193,0.0,0.0,-32.11185885560593,0.0,0.0,196.34121071499558,0.0,0.0,-207.3215903696755,0.0,0.0,72.88034390539335,0.0
4.72,0.0,-99.56268548703613,0.0,0.0,-38.36976646316387,0.0,0.0,200.5478017273891,0.0,0.0,-209.60296937512106,0.0,0.0,73.68854341319194,0.0
4.7250000000000005,0.0,-91.9268885152452,0.0,0.0,-42.09264381064599,0.0,0.0,202.68412299630364,0.0,0.0,-210.86578196657598,0.0,0.0,74.36607206358984,0.0
4.73,0.0,-87.11941471110566,0.0,0.0,-44.29058827090727,0.0,0.0,204.45883615400228,0.0,0.0,-212.56047165388964,0.0,0.0,75.36787684167666,0.0
4.735,0.0,-84.72430500703587,0.0,0.0,-45.35907139970571,0.0,0.0,206.51982129181434,0.0,0.0,-215.2261646203649,0.0,0.0,76.84482089716519,0.0
4.74,0.0,-84.55118019991366,0.0,0.0,-45.1043732842784,0.0,0.0,208.56065326474697,0.0,0.0,-218.60252990976556,0.0,0.0,78.68280368758629,0.0
4.745,0.0,-86.59871104171647,0.0,0.0,-42.642736262807475,0.0,0.0,209.08960565171546,0.0,0.0,-221.41314248755685,0.0,0.0,80.42592004412074,0.0
4.75,0.0,-90.93758365513743,0.0,0.0,-36.179806933239085,0.0,0.0,204.8217379133029,0.0,0.0,-220.7708549633323,0.0,0.0,81.06592037381085,0.0
4.755,0.0,-97.40046201829671,0.0,0.0,-22.84669093303099,0.0,0.0,189.86917510210293,0.0,0.0,-211.31502740792303,0.0,0.0,78.73080694181363,0.0
4.76,0.0,-104.90839846848775,0.0,0.0,0.7845361136622575,0.0,0.0,155.72987757656858,0.0,0.0,-184.9172907819758,0.0,0.0,70.55290746308974,0.0
4.765,0.0,-110.52572603097443,0.0,0.0,36.33678204668658,0.0,0.0,94.6168859767075,0.0,0.0,-133.30874185535947,0.0,0.0,53.531633442978176,0.0
4.7700000000000005,0.0,-109.3834440606277,0.0,0.0,79.40259730324317,0.0,0.0,7.971624700168306,0.0,0.0,-55.79315557145353,0.0,0.0,27.19297623681713,0.0
4.775,0.0,-97.27391001432291,0.0,0.0,118.28142569949442,0.0,0.0,-86.869077305226,0.0,0.0,33.59257080836048,0.0,0.0,-3.808088358448093,0.0
4.78,0.0,-74.42379239134405,0.0,0.0,141.20997206456647,0.0,0.0,-165.55856301316214,0.0,0.0,112.59500116660308,0.0,0.0,-31.74684419566649,0.0
4.785,0.0,-45.371409831874956,0.0,0.0,145.04975554381957,0.0,0.0,-214.72459886948855,0.0,0.0,167.195446074965,0.0,0.0,-51.525898818116886,0.0
4.79,0.0,-15.117164299549355,0.0,0.0,134.60619857846876,0.0,0.0,-236.55446550847643,0.0,0.0,197.39989712715465,0.0,0.0,-62.89003800473604,0.0
4.795,0.0,13.408905537299008,0.0,0.0,116.48190703461756,0.0,0.0,-240.10405464386153,0.0,0.0,210.35442003073396,0.0,0.0,-68.18443883135137,0.0
4.8,0.0,39.26717915293317,0.0,0.0,95.41018479123133,0.0,0.0,-233.63729043736782,0.0,0.0,213.30287645506803,0.0,0.0,-69.90742553749666,0.0
4.805,0.0,62.6008909299451,0.0,0.0,73.83932258709018,0.0,0.0,-222.35903638347992,0.0,0.0,211.12580639619006,0.0,0.0,-69.79968799760191,0.0
4.8100000000000005,0.0,83.99032978760789,0.0,0.0,52.63402885395123,0.0,0.0,-208.8525204775523,0.0,0.0,206.4654814727768,0.0,0.0,-68.84573726167616,0.0
4.815,0.0,104.147948291346,0.0,0.0,31.732684845817566,0.0,0.0,-193.96187063901866,0.0,0.0,200.4064831306705,0.0,0.0,-67.49024570503288,0.0
4.82,0.0,123.77239253265068,0.0,0.0,10.556580003505395,0.0,0.0,-177.42118536745332,0.0,0.0,192.99414774730306,0.0,0.0,-65.8088681981228,0.0
4.825,0.0,143.42452463717404,0.0,0.0,-11.727803157879027,0.0,0.0,-158.22583688301378,0.0,0.0,183.52447833698412,0.0,0.0,-63.60041995380839,0.0
4.83,0.0,163.3598229171621,0.0,0.0,-35.9610757773157,0.0,0.0,-134.91550111580932,0.0,0.0,170.7275209399539,0.0,0.0,-60.43684200545316,0.0
4.835,0.0,183.31290925096198,0.0,0.0,-62.66063350365284,0.0,0.0,-105.95904015505047,0.0,0.0,153.01312185907508,0.0,0.0,-55.72840520895777,0.0
4.84,0.0,202.3126951307629,0.0,0.0,-91.59507884224169,0.0,0.0,-70.37894718975608,0.0,0.0,128.94195782624777,0.0,0.0,-48.86737748238265,0.0
4.845,0.0,218.70861564270857,0.0,0.0,-121.41794768514517,0.0,0.0,-28.55552243120244,0.0,0.0,97.95946178182045,0.0,0.0,-39.48079659340832,0.0
4.8500000000000005,0.0,230.60126060308957,0.0,0.0,-149.69642941774825,0.0,0.0,17.20611070973472,0.0,0.0,61.1179087607232,0.0,0.0,-27.718245768150794,0.0
4.855,0.0,236.63055756619534,0.0,0.0,-173.59997302968168,0.0,0.0,62.96638923402419,0.0,0.0,21.20997856199557,0.0,0.0,-14.37472694629585,0.0
4.86,0.0,236.6689986487451,0.0,0.0,-191.0103844932311,0.0,0.0,104.46515710813505,0.0,0.0,-18.06012238904482,0.0,0.0,-0.6781995447414513,0.0
4.865,0.0,231.88465012656206,0.0,0.0,-201.31275945606157,0.0,0.0,138.69861232662203,0.0,0.0,-53.45480890938417,0.0,0.0,12.169574047013828,0.0
4.87,0.0,224.12706288515784,0.0,0.0,-205.32612820444174,0.0,0.0,164.69469210360606,0.0,0.0,-83.19995164180048,0.0,0.0,23.387435279172447,0.0
4.875,0.0,215.10321406368155,0.0,0.0,-204.5578079991872,0.0,0.0,183.1762805520985,0.0,0.0,-107.08583586303554,0.0,0.0,32.72442391440387,0.0
4.88,0.0,205.78581374142675,0.0,0.0,-200.3470892657208,0.0,0.0,195.63363475094386,0.0,0.0,-125.9129553878764,0.0,0.0,40.32282664488561,0.0
4.885,0.0,196.13359332575368,0.0,0.0,-193.25153253478192,0.0,0.0,203.41589601992874,0.0,0.0,-140.7821473760665,0.0,0.0,46.495554524624964,0.0
4.89,0.0,184.9714864321549,0.0,0.0,-182.68906205066816,0.0,0.0,207.07457113432386,0.0,0.0,-152.50646116420012,0.0,0.0,51.52661024885506,0.0
4.8950000000000005,0.0,169.91785888035236,0.0,0.0,-166.74858094433463,0.0,0.0,205.91346599618873,0.0,0.0,-161.160246194399,0.0,0.0,55.514632997539245,0.0
4.9,0.0,147.48026096092352,0.0,0.0,-142.25787719534864,0.0,0.0,197.73050429972378,0.0,0.0,-165.721171329354,0.0,0.0,58.24636696572358,0.0
4.905,0.0,113.78759550162746,0.0,0.0,-105.55238550939967,0.0,0.0,179.0516105179935,0.0,0.0,-163.94091336786573,0.0,0.0,59.13007993203726,0.0
4.91,0.0,66.58747856848785,0.0,0.0,-54.574404654844884,0.0,0.0,146.5304473195788,0.0,0.0,-152.91789302240537,0.0,0.0,57.320617878206576,0.0
4.915,0.0,8.238140203687664,0.0,0.0,7.986886818343326,0.0,0.0,99.80405704931779,0.0,0.0,-130.85603136320452,0.0,0.0,52.19652761552032,0.0
4.92,0.0,-52.90379752747644,0.0,0.0,73.2329299164961,0.0,0.0,44.02984757359897,0.0,0.0,-99.29905757403253,0.0,0.0,44.03467932438709,0.0
4.925,0.0,-105.82462821520501,0.0,0.0,129.55117690425197,0.0,0.0,-11.33847349503127,0.0,0.0,-63.4619494188915,0.0,0.0,34.21028400598971,0.0
4.93,0.0,-143.04846842981118,0.0,0.0,169.1054263421336,0.0,0.0,-57.65206157576043,0.0,0.0,-29.532714859817613,0.0,0.0,24.50832331059514,0.0
4.9350000000000005,0.0,-163.6439720391327,0.0,0.0,190.9681934523741,0.0,0.0,-91.09752326492493,0.0,0.0,-1.530816739832492,0.0,0.0,16.201908006605784,0.0
4.94,0.0,-171.26131922281374,0.0,0.0,199.023920206377,0.0,0.0,-112.48750649503768,0.0,0.0,19.51147029903141,0.0,0.0,9.733010763234269,0.0
4.945,0.0,-170.72774453835387,0.0,0.0,198.36944180419476,0.0,0.0,-124.77723670998103,0.0,0.0,34.46347054296398,0.0,0.0,4.962872629817214,0.0
4.95,0.0,-166.03415901127835,0.0,0.0,193.1964642470746,0.0,0.0,-131.0514411371014,0.0,0.0,44.81098452026379,0.0,0.0,1.5267763892728077,0.0
4.955,0.0,-159.8542117738554,0.0,0.0,186.294539510547,0.0,0.0,-133.69923744830152,0.0,0.0,51.94212475969152,0.0,0.0,-0.9501996350914972,0.0
4.96,0.0,-153.77494123957848,0.0,0.0,179.30076822868836,0.0,0.0,-134.3288573966862,0.0,0.0,56.92172820109464,0.0,0.0,-2.7738924872308193,0.0
4.965,0.0,-148.6644026338578,0.0,0.0,173.08827389308018,0.0,0.0,-133.9378803967194,0.0,0.0,60.49511752550264,0.0,0.0,-4.171707586745811,0.0
4.97,0.0,-144.96501047873343,0.0,0.0,168.07182443434667,0.0,0.0,-133.10270065252882,0.0,0.0,63.15689817573443,0.0,0.0,-5.306604379900896,0.0
4.9750000000000005,0.0,-142.88121433170235,0.0,0.0,164.39893447646054,0.0,0.0,-132.11568787105222,0.0,0.0,65.21718009883864,0.0,0.0,-6.293625162011924,0.0
4.98,0.0,-142.48242594512956,0.0,0.0,162.0492270594078,0.0,0.0,-131.0632915524622,0.0,0.0,66.84582106669463,0.0,0.0,-7.212106527770576,0.0
4.985,0.0,-143.744221712784,0.0,0.0,160.86653735718093,0.0,0.0,-129.85357323814597,0.0,0.0,68.09201021127946,0.0,0.0,-8.111921889750525,0.0
4.99,0.0,-146.53959890247074,0.0,0.0,160.53664701319616,0.0,0.0,-128.19992459089468,0.0,0.0,68.87971211821633,0.0,0.0,-9.01320764545904,0.0
4.995,0.0,-150.57956443243836,0.0,0.0,160.51214837903612,0.0,0.0,-125.56350201274637,0.0,0.0,68.97881772367619,0.0,0.0,-9.898609953461476,0.0
5.0,0.0,-155.2930759877879,0.0,0.0,159.88098307000678,0.0,0.0,-121.0583860838722,0.0,0.0,67.95300896641271,0.0,0.0,-10.696601554149577,0.0
5.005,0.0,-159.63834361108417,0.0,0.0,157.18746608081526,0.0,0.0,-113.34185104718597,0.0,0.0,65.0952402277643,0.0,0.0,-11.255616449418339,0.0
5.01,0.0,-161.87219968899882,0.0,0.0,150.26783230657998,0.0,0.0,-100.56654460230271,0.0,0.0,59.391777495707785,0.0,0.0,-11.315145508196723,0.0
5.015,0.0,-159.410094252899,0.0,0.0,136.28781308751985,0.0,0.0,-80.57710928606758,0.0,0.0,49.61612373402325,0.0,0.0,-10.496791376315892,0.0
5.0200000000000005,0.0,-149.09884360164662,0.0,0.0,112.34126463316353,0.0,0.0,-51.63612229618894,0.0,0.0,34.717533766565516,0.0,0.0,-8.364867250139978,0.0
5.025,0.0,-128.32391111368568,0.0,0.0,76.93172490601577,0.0,0.0,-13.809142509081074,0.0,0.0,14.594773393594673,0.0,0.0,-4.6116544751170565,0.0
5.03,0.0,-96.8835919513676,0.0,0.0,31.90616488311062,0.0,0.0,29.634608949689465,0.0,0.0,-9.078724817550086,0.0,0.0,0.6659382587971692,0.0
5.035,0.0,-58.30475991106682,0.0,0.0,-16.895036876685328,0.0,0.0,72.40379935610028,0.0,0.0,-32.87117404514757,0.0,0.0,6.815954713298931,0.0
5.04,0.0,-18.80711368560462,0.0,0.0,-61.833628996499,0.0,0.0,107.81626292111795,0.0,0.0,-52.99211318549234,0.0,0.0,12.848682941142028,0.0
5.045,0.0,15.750615538037074,0.0,0.0,-97.1900197922902,0.0,0.0,132.01507526449257,0.0,0.0,-67.10028337081395,0.0,0.0,17.90922354671054,0.0
5.05,0.0,42.27996304608957,0.0,0.0,-121.17566086080004,0.0,0.0,144.98816748286464,0.0,0.0,-74.95416308892773,0.0,0.0,21.592709302739717,0.0
5.055,0.0,60.61348060417167,0.0,0.0,-135.18888129732503,0.0,0.0,149.19459116189378,0.0,0.0,-77.72256368039513,0.0,0.0,23.913212895212343,0.0
5.0600000000000005,0.0,72.25396556053067,0.0,0.0,-141.946471498387,0.0,0.0,147.67402742862402,0.0,0.0,-76.96065162330346,0.0,0.0,25.09635218089879,0.0
5.065,0.0,79.1381175767019,0.0,0.0,-144.09318340390155,0.0,0.0,142.93268351564132,0.0,0.0,-73.98291231364497,0.0,0.0,25.40269575825213,0.0
5.07,0.0,82.97132103720686,0.0,0.0,-143.6387317861273,0.0,0.0,136.65063679425884,0.0,0.0,-69.68232551328609,0.0,0.0,25.04435167907998,0.0
5.075,0.0,85.02779745862185,0.0,0.0,-141.91178164276707,0.0,0.0,129.79844454489486,0.0,0.0,-64.5799071705264,0.0,0.0,24.167213464750716,0.0
5.08,0.0,86.17535490733503,0.0,0.0,-139.70343491598868,0.0,0.0,122.85209530436764,0.0,0.0,-58.9349586446547,0.0,0.0,22.861190781446656,0.0
5.085,0.0,86.96660626866579,0.0,0.0,-137.43037654825395,0.0,0.0,115.97695852328154,0.0,0.0,-52.8432141688919,0.0,0.0,21.1768681869394,0.0
5.09,0.0,87.72788572759836,0.0,0.0,-135.26173820758174,0.0,0.0,109.15413261656188,0.0,0.0,-46.30651676730929,0.0,0.0,19.14048865422419,0.0
5.095,0.0,88.6259843017752,0.0,0.0,-133.20417293527615,0.0,0.0,102.25909211899648,0.0,0.0,-39.27829898541107,0.0,0.0,16.765632313421964,0.0
5.1000000000000005,0.0,89.71236747007788,0.0,0.0,-131.15489245591556,0.0,0.0,95.10894762640942,0.0,0.0,-31.693115887845117,0.0,0.0,14.062155887637571,0.0
5.105,0.0,90.95020773000108,0.0,0.0,-128.93404559962352,0.0,0.0,87.49177306773625,0.0,0.0,-23.487101890795348,0.0,0.0,11.043329727931374,0.0
5.11,0.0,92.23019894193001,0.0,0.0,-126.30577198863395,0.0,0.0,79.18733751451451,0.0,0.0,-14.613946401004373,0.0,0.0,7.731873918253457,0.0
5.115,0.0,93.3805004897124,0.0,0.0,-122.99501554417347,0.0,0.0,69.98532335054715,0.0,0.0,-5.059021422638429,0.0,0.0,4.165207405576851,0.0
5.12,0.0,94.1755561945792,0.0,0.0,-118.705480709601,0.0,0.0,59.70477837838245,0.0,0.0,5.147275358421858,0.0,0.0,0.39981165318555867,0.0
5.125,0.0,94.34811958901919,0.0,0.0,-113.14272872473215,0.0,0.0,48.21664023892533,0.0,0.0,15.917280866212709,0.0,0.0,-3.4858021395766956,0.0
5.13,0.0,93.60826031315759,0.0,0.0,-106.04476631458667,0.0,0.0,35.46913990305494,0.0,0.0,27.09661040940802,0.0,0.0,-7.3904145834673844,0.0
5.135,0.0,91.67182507250314,0.0,0.0,-97.2199449450658,0.0,0.0,21.513377256246606,0.0,0.0,38.46046278234641,0.0,0.0,-11.192851267127828,0.0
5.14,0.0,88.29816112419721,0.0,0.0,-86.58822555131118,0.0,0.0,6.523475884392812,0.0,0.0,49.71950970015381,0.0,0.0,-14.759231643358337,0.0
5.1450000000000005,0.0,83.33271712482514,0.0,0.0,-74.21735522007096,0.0,0.0,-9.196633582553055,0.0,0.0,60.53882412570722,0.0,0.0,-17.955115595661322,0.0
5.15,0.0,76.74535354881574,0.0,0.0,-60.34202759215435,0.0,0.0,-25.22786146011216,0.0,0.0,70.57089074698163,0.0,0.0,-20.6615671862698,0.0
5.155,0.0,68.65215674072697,0.0,0.0,-45.35444862954963,0.0,0.0,-41.07619148272348,0.0,0.0,79.4991471555202,0.0,0.0,-22.792308618998074,0.0
5.16,0.0,59.31011631682079,0.0,0.0,-29.761042733968235,0.0,0.0,-56.23456636203011,0.0,0.0,87.08311362837868,0.0,0.0,-24.307635845991733,0.0
5.165,0.0,49.08138711675386,0.0,0.0,-14.111342614045506,0.0,0.0,-70.25309078812045,0.0,0.0,93.19284989100558,0.0,0.0,-25.220681585068654,0.0
5.17,0.0,38.37454949581503,0.0,0.0,1.0836120260983475,0.0,0.0,-82.79861736500155,0.0,0.0,97.82192257701759,0.0,0.0,-25.593492150065142,0.0
5.175,0.0,27.578830127048413,0.0,0.0,15.42123303327542,0.0,0.0,-93.68694295073807,0.0,0.0,101.07442940728836,0.0,0.0,-25.52357572834795,0.0
5.18,0.0,17.008872497319313,0.0,0.0,28.648241380173967,0.0,0.0,-102.88006716908346,0.0,0.0,103.12975160013546,0.0,0.0,-25.12443871542834,0.0
5.1850000000000005,0.0,6.871949851209216,0.0,0.0,40.666122744014466,0.0,0.0,-110.45201012346429,0.0,0.0,104.19420652785386,0.0,0.0,-24.50466202908148,0.0
5.19,0.0,-2.739468335856293,0.0,0.0,51.50591885831698,0.0,0.0,-116.53370641171878,0.0,0.0,104.44919015454414,0.0,0.0,-23.748983646276816,0.0
5.195,0.0,-11.83405579627567,0.0,0.0,61.28275533530961,0.0,0.0,-121.24803752591517,0.0,0.0,104.00155979998455,0.0,0.0,-22.9025611368768,0.0
5.2,0.0,-20.49369073411657,0.0,0.0,70.13975283330682,0.0,0.0,-124.64184373888494,0.0,0.0,102.83682900087257,0.0,0.0,-21.957401240343774,0.0
5.205,0.0,-28.836250007077044,0.0,0.0,78.18624736485916,0.0,0.0,-126.61669016156361,0.0,0.0,100.77232787088715,0.0,0.0,-20.838859973770887,0.0
5.21,0.0,-36.97003070684942,0.0,0.0,85.4303076338628,0.0,0.0,-126.85850658550574,0.0,0.0,97.40845245028011,0.0,0.0,-19.390796865005314,0.0
5.215,0.0,-44.93693302193104,0.0,0.0,91.70437984667197,0.0,0.0,-124.77242617529808,0.0,0.0,92.08446967803958,0.0,0.0,-17.361244284935324,0.0
5.22,0.0,-52.64166220358609,0.0,0.0,96.59040112705912,0.0,0.0,-119.44838222523225,0.0,0.0,83.86503713187348,0.0,0.0,-14.397666643978242,0.0
5.2250000000000005,0.0,-59.77379081979824,0.0,0.0,99.3727522593123,0.0,0.0,-109.71805101448814,0.0,0.0,71.61611455158972,0.0,0.0,-10.07267319547024,0.0
5.23,0.0,-65.75485356369103,0.0,0.0,99.08424562963759,0.0,0.0,-94.40049402880148,0.0,0.0,54.25923120069584,0.0,0.0,-3.9723684001957533,0.0
5.235,0.0,-69.77920150315514,0.0,0.0,94.73621308363174,0.0,0.0,-72.81455364163173,0.0,0.0,31.26571386002502,0.0,0.0,4.129001315290703,0.0
5.24,0.0,-71.02581052385027,0.0,0.0,85.76679235143656,0.0,0.0,-45.46314130504722,0.0,0.0,3.281048102036145,0.0,0.0,14.043964864145984,0.0
5.245,0.0,-69.02725546863016,0.0,0.0,72.53938393406897,0.0,0.0,-14.473049501342153,0.0,0.0,-27.524897222053408,0.0,0.0,25.0374276701218,0.0
5.25,0.0,-63.9959783420733,0.0,0.0,56.50636302775982,0.0,0.0,16.75793064827979,0.0,0.0,-57.87395534072377,0.0,0.0,35.96050045766364,0.0
5.255,0.0,-56.831514989596045,0.0,0.0,39.77114338272966,0.0,0.0,44.75441011680145,0.0,0.0,-84.54886795212464,0.0,0.0,45.65716164061337,0.0
5.26,0.0,-48.760725471654084,0.0,0.0,24.289525830507895,0.0,0.0,67.23588332643905,0.0,0.0,-105.5621834232427,0.0,0.0,53.38402600943857,0.0
5.265,0.0,-40.881467191021194,0.0,0.0,11.273160451063823,0.0,0.0,83.61289288945716,0.0,0.0,-120.54794521796501,0.0,0.0,58.964355124677795,0.0
5.2700000000000005,0.0,-33.90182157177314,0.0,0.0,1.0930477090719326,0.0,0.0,94.6142013048612,0.0,0.0,-130.34682562847146,0.0,0.0,62.655334098321845,0.0
5.275,0.0,-28.13096613478759,0.0,0.0,-6.463764509752114,0.0,0.0,101.5750828066927,0.0,0.0,-136.3121404616143,0.0,0.0,64.90875324337354,0.0
5.28,0.0,-23.603570967186915,0.0,0.0,-11.869680035830427,0.0,0.0,105.86743340750989,0.0,0.0,-139.78011883809407,0.0,0.0,66.18279742387845,0.0
5.285,0.0,-20.217103544635,0.0,0.0,-15.625286755115052,0.0,0.0,108.61240675519433,0.0,0.0,-141.816952480235,0.0,0.0,66.84863184027695,0.0
5.29,0.0,-17.82929284841212,0.0,0.0,-18.14119479352077,0.0,0.0,110.60130619351203,0.0,0.0,-143.16014573581657,0.0,0.0,67.16557490568684,0.0
5.295,0.0,-16.312637343849854,0.0,0.0,-19.693708560993116,0.0,0.0,112.31167005758566,0.0,0.0,-144.2439722551945,0.0,0.0,67.28708252430988,0.0
5.3,0.0,-15.579771589073745,0.0,0.0,-20.412888642008248,0.0,0.0,113.940536064784,0.0,0.0,-145.2362007567867,0.0,0.0,67.27192649347185,0.0
5.305,0.0,-15.592782706227643,0.0,0.0,-20.276521044104467,0.0,0.0,115.41497299622229,0.0,0.0,-146.05011048359842,0.0,0.0,67.08769629436908,0.0
5.3100000000000005,0.0,-16.363573538952547,0.0,0.0,-19.097868292600275,0.0,0.0,116.36312859246979,0.0,0.0,-146.31723931469986,0.0,0.0,66.60147312975691,0.0
5.315,0.0,-17.9456211702261,0.0,0.0,-16.507445821255352,0.0,0.0,116.04402071118693,0.0,0.0,-145.3197417340326,0.0,0.0,65.55761587820604,0.0
5.32,0.0,-20.410326642501516,0.0,0.0,-11.944867158934567,0.0,0.0,113.25608503316303,0.0,0.0,-141.90118523721245,0.0,0.0,63.550024378822506,0.0
5.325,0.0,-23.794083676706716,0.0,0.0,-4.702188493094525,0.0,0.0,106.29147712850674,0.0,0.0,-134.41865675055777,0.0,0.0,60.01187328125737,0.0
5.33,0.0,-28.001073919769173,0.0,0.0,5.908486030017268,0.0,0.0,93.0842686833911,0.0,0.0,-120.8762166782106,0.0,0.0,54.27196954488869,0.0
5.335,0.0,-32.668411487576996,0.0,0.0,20.190745214655887,0.0,0.0,71.76738175472032,0.0,0.0,-99.44525105751882,0.0,0.0,45.74648343248397,0.0
5.34,0.0,-37.06340043843704,0.0,0.0,37.55029744193516,0.0,0.0,41.72810220870306,0.0,0.0,-69.46391791353889,0.0,0.0,34.289181038650334,0.0
5.345,0.0,-40.155651195846275,0.0,0.0,56.15818204912178,0.0,0.0,4.730135721501544,0.0,0.0,-32.51675926273632,0.0,0.0,20.548812807245284,0.0
5.3500000000000005,0.0,-40.95532084762834,0.0,0.0,73.28556808224609,0.0,0.0,-34.941289875561495,0.0,0.0,7.393989009607896,0.0,0.0,5.98848431252857,0.0
5.355,0.0,-38.952017982976066,0.0,0.0,86.3709402410288,0.0,0.0,-71.98203307217106,0.0,0.0,45.24491088026615,0.0,0.0,-7.638325957253976,0.0
5.36,0.0,-34.298863345114974,0.0,0.0,94.07157709523374,0.0,0.0,-102.3078942500104,0.0,0.0,77.122291446491,0.0,0.0,-19.03342995153665,0.0
5.365,0.0,-27.60232678807553,0.0,0.0,96.4897557194944,0.0,0.0,-124.29390757165784,0.0,0.0,101.43949012330316,0.0,0.0,-27.74636948157226,0.0
5.37,0.0,-19.54693224681914,0.0,0.0,94.61806903336776,0.0,0.0,-138.43736273571318,0.0,0.0,118.65991331305048,0.0,0.0,-34.04022390391978,0.0
5.375,0.0,-10.633470493991169,0.0,0.0,89.62860056479734,0.0,0.0,-146.26560029992055,0.0,0.0,130.27931550649234,0.0,0.0,-38.516405990105575,0.0
5.38,0.0,-1.10453585491085,0.0,0.0,82.43374236082391,0.0,0.0,-149.40416548199377,0.0,0.0,137.93767860336393,0.0,0.0,-41.80255627559022,0.0
5.385,0.0,9.014103353299252,0.0,0.0,73.54985181165564,0.0,0.0,-149.10381583280042,0.0,0.0,142.95644020485886,0.0,0.0,-44.396906073044114,0.0
5.39,0.0,19.836517142336135,0.0,0.0,63.12992352276293,0.0,0.0,-146.11284212360437,0.0,0.0,146.20103771089268,0.0,0.0,-46.6263035459665,0.0
5.3950000000000005,0.0,31.541899999688226,0.0,0.0,51.05366769246353,0.0,0.0,-140.71306866626165,0.0,0.0,148.09657972116068,0.0,0.0,-48.65440944680516,0.0
5.4,0.0,44.3076762582692,0.0,0.0,37.026910300285,0.0,0.0,-132.80829470763015,0.0,0.0,148.6870641174871,0.0,0.0,-50.50105462614886,0.0
5.405,0.0,58.24365508192139,0.0,0.0,20.684605485491247,0.0,0.0,-122.02643465769647,0.0,0.0,147.69670951536946,0.0,0.0,-52.05855019776812,0.0
5.41,0.0,73.3215783271577,0.0,0.0,1.7081350690723163,0.0,0.0,-107.83830047605518,0.0,0.0,144.59416750914127,0.0,0.0,-53.106129337719985,0.0
5.415,0.0,89.30389332803846,0.0,0.0,-20.03525958124234,0.0,0.0,-89.71055295125757,0.0,0.0,138.6810444671561,0.0,0.0,-53.33209866485339,0.0
5.42,0.0,105.69064489095612,0.0,0.0,-44.34175777768367,0.0,0.0,-67.30187698661045,0.0,0.0,129.22959684932113,0.0,0.0,-52.376375850181006,0.0
5.425,0.0,121.7180371792472,0.0,0.0,-70.55015554166056,0.0,0.0,-40.68017502687635,0.0,0.0,115.67745141109815,0.0,0.0,-49.901885063894696,0.0
5.43,0.0,136.44317935814766,0.0,0.0,-97.51866951022535,0.0,0.0,-10.493119507200284,0.0,0.0,97.84740364931963,0.0,0.0,-45.68881300902602,0.0
5.4350000000000005,0.0,148.92154776967917,0.0,0.0,-123.75988893546186,0.0,0.0,22.00476870031883,0.0,0.0,76.11287465231109,0.0,0.0,-39.72402823379646,0.0
5.44,0.0,158.42857680773608,0.0,0.0,-147.73095674249706,0.0,0.0,55.13491621010491,0.0,0.0,51.413921612747544,0.0,0.0,-32.24357158670568,0.0
5.445,0.0,164.62914765888078,0.0,0.0,-168.17954910183812,0.0,0.0,87.15294818672605,0.0,0.0,25.08088153545885,0.0,0.0,-23.697538563119814,0.0
5.45,0.0,167.60524542403758,0.0,0.0,-184.39026551686732,0.0,0.0,116.63784576854098,0.0,0.0,-1.4749898136355917,0.0,0.0,-14.644859561228595,0.0
5.455,0.0,167.71875220951603,0.0,0.0,-196.21728312506139,0.0,0.0,142.740108801078,0.0,0.0,-27.06833609113529,0.0,0.0,-5.623864176908814,0.0
5.46,0.0,165.3609906937163,0.0,0.0,-203.89661143354084,0.0,0.0,165.19570657941543,0.0,0.0,-50.91900357514072,0.0,0.0,2.947214991497171,0.0
5.465,0.0,160.66627521825578,0.0,0.0,-207.71548724655207,0.0,0.0,184.12292797707428,0.0,0.0,-72.65528877233434,0.0,0.0,10.809284375057295,0.0
5.47,0.0,153.240432457827,0.0,0.0,-207.62591165079175,0.0,0.0,199.67438461732928,0.0,0.0,-92.16291090631196,0.0,0.0,17.841109665515074,0.0
5.4750000000000005,0.0,141.92399669502652,0.0,0.0,-202.85307431927794,0.0,0.0,211.60125293832854,0.0,0.0,-109.32126365010058,0.0,0.0,23.993197193884917,0.0
5.48,0.0,124.6319280425173,0.0,0.0,-191.54291804104372,0.0,0.0,218.7586423606279,0.0,0.0,-123.65342343813754,0.0,0.0,29.19091796162231,0.0
5.485,0.0,98.4356934967489,0.0,0.0,-170.59962287191902,0.0,0.0,218.63550365043739,0.0,0.0,-133.92750879981799,0.0,0.0,33.21904345136425,0.0
5.49,0.0,60.27764428205876,0.0,0.0,-136.13258099743862,0.0,0.0,207.23670327379372,0.0,0.0,-137.87219394739222,0.0,0.0,35.62319754276653,0.0
5.495,0.0,8.797261629235546,0.0,0.0,-85.1859396951729,0.0,0.0,180.05088860579096,0.0,0.0,-132.44994448287352,0.0,0.0,35.73029067467314,0.0
5.5,0.0,-53.000770956000515,0.0,0.0,-18.879571631530794,0.0,0.0,134.78657392243736,0.0,0.0,-115.27257236371744,0.0,0.0,32.94105154422968,0.0
5.505,0.0,-116.48231062642954,0.0,0.0,55.10381031631921,0.0,0.0,74.81398085137246,0.0,0.0,-86.89959398785996,0.0,0.0,27.276415654212258,0.0
5.51,0.0,-170.4762160953135,0.0,0.0,124.47352736533435,0.0,0.0,9.629878087318197,0.0,0.0,-51.93912623205344,0.0,0.0,19.713267743232016,0.0
5.515,0.0,-207.41994766284787,0.0,0.0,178.80629524068743,0.0,0.0,-49.76926593216484,0.0,0.0,-17.02015273126943,0.0,0.0,11.794494007376073,0.0
5.5200000000000005,0.0,-226.6997747613179,0.0,0.0,214.5424083767296,0.0,0.0,-96.56330639672716,0.0,0.0,12.721680545121409,0.0,0.0,4.81097387327731,0.0
5.525,0.0,-232.7239248987021,0.0,0.0,234.35673627158167,0.0,0.0,-129.67738610422026,0.0,0.0,35.31672643849326,0.0,0.0,-0.6521449062657521,0.0
5.53,0.0,-231.1382377650142,0.0,0.0,243.47485969841202,0.0,0.0,-151.62138468279088,0.0,0.0,51.24096854975876,0.0,0.0,-4.600876334836267,0.0
5.535,0.0,-226.50275091141182,0.0,0.0,246.80413726843702,0.0,0.0,-165.87240148846996,0.0,0.0,61.984342909958585,0.0,0.0,-7.31224901646709,0.0
5.54,0.0,-221.7584175548529,0.0,0.0,247.88383150757272,0.0,0.0,-175.4415324997423,0.0,0.0,69.08114834927598,0.0,0.0,-9.098425277728488,0.0
5.545,0.0,-218.52692339182218,0.0,0.0,248.9039881469795,0.0,0.0,-182.4612226181426,0.0,0.0,73.71396195984713,0.0,0.0,-10.19987805071968,0.0
5.55,0.0,-217.51973315724018,0.0,0.0,251.00703667798308,0.0,0.0,-188.20748481719545,0.0,0.0,76.6218889180525,0.0,0.0,-10.75198200400062,0.0
5.555,0.0,-218.7636886447846,0.0,0.0,254.47952639577554,0.0,0.0,-193.16347280618893,0.0,0.0,78.0843725161262,0.0,0.0,-10.771930019464456,0.0
5.5600000000000005,0.0,-221.54573642482669,0.0,0.0,258.6683882881075,0.0,0.0,-196.92256539972965,0.0,0.0,77.8515450337751,0.0,0.0,-10.135014216845935,0.0
5.565,0.0,-224.0014988889425,0.0,0.0,261.50606528910726,0.0,0.0,-197.80684252679762,0.0,0.0,74.95148996232346,0.0,0.0,-8.525859540959697,0.0
5.57,0.0,-222.28324968897635,0.0,0.0,258.5655666054483,0.0,0.0,-192.14868739113209,0.0,0.0,67.37199323846266,0.0,0.0,-5.3736859068134954,0.0
5.575,0.0,-209.54284904389274,0.0,0.0,241.94159212913644,0.0,0.0,-173.54183585381895,0.0,0.0,51.84406626162114,0.0,0.0,0.14987186720303924,0.0
5.58,0.0,-176.12802311737653,0.0,0.0,200.62728823231018,0.0,0.0,-133.5199737600918,0.0,0.0,24.56539967186322,0.0,0.0,8.836445425974324,0.0
5.585,0.0,-114.22586747160936,0.0,0.0,126.12931420501941,0.0,0.0,-66.62622544165437,0.0,0.0,-15.7376116246148,0.0,0.0,20.544580234812525,0.0
5.59,0.0,-27.85412308725501,0.0,0.0,24.08925255831614,0.0,0.0,20.208161442618565,0.0,0.0,-63.20042153757793,0.0,0.0,33.12580566220054,0.0
5.595,0.0,62.873588487917715,0.0,0.0,-81.33132952057804,0.0,0.0,105.53674126498136,0.0,0.0,-105.29497258506377,0.0,0.0,43.01678169840852,0.0
5.6000000000000005,0.0,135.46814338438438,0.0,0.0,-164.05193344441304,0.0,0.0,168.385912763602,0.0,0.0,-131.933257464335,0.0,0.0,47.91380035625301,0.0
5.605,0.0,181.41373096279358,0.0,0.0,-214.8345436175506,0.0,0.0,202.87552580134636,0.0,0.0,-142.12366239683854,0.0,0.0,48.17212697557859,0.0
5.61,0.0,205.52217543640148,0.0,0.0,-239.80282604923372,0.0,0.0,215.34428646027567,0.0,0.0,-140.73502909768018,0.0,0.0,45.49089835867444,0.0
5.615,0.0,216.50637603125023,0.0,0.0,-249.18287938609092,0.0,0.0,214.53482970790722,0.0,0.0,-132.84487615650195,0.0,0.0,41.333328488749196,0.0
5.62,0.0,221.2975137637898,0.0,0.0,-250.80952453763945,0.0,0.0,206.56677113308925,0.0,0.0,-121.47269404932744,0.0,0.0,36.45280027175589,0.0
5.625,0.0,223.9959687342132,0.0,0.0,-249.08408631273784,0.0,0.0,194.47344037623438,0.0,0.0,-107.7523526525703,0.0,0.0,31.051202263873243,0.0
5.63,0.0,226.5045950549355,0.0,0.0,-245.83183188706727,0.0,0.0,179.1482388151665,0.0,0.0,-91.65993170264392,0.0,0.0,25.026267522361472,0.0
5.635,0.0,229.2444376071977,0.0,0.0,-241.2275194094779,0.0,0.0,160.2633307335314,0.0,0.0,-72.61539811798318,0.0,0.0,18.153326157964976,0.0
5.64,0.0,231.60486933050313,0.0,0.0,-234.42778200198487,0.0,0.0,136.9500659027238,0.0,0.0,-49.935166014652346,0.0,0.0,10.21836961033752,0.0
5.6450000000000005,0.0,232.2252549479507,0.0,0.0,-224.03337267917,0.0,0.0,108.36561612434367,0.0,0.0,-23.234944475950776,0.0,0.0,1.1370468685041897,0.0
5.65,0.0,229.2865391046492,0.0,0.0,-208.54862744065804,0.0,0.0,74.22774508642462,0.0,0.0,7.196658706088172,0.0,0.0,-8.93818559670314,0.0
5.655,0.0,220.93387506646638,0.0,0.0,-186.89197827776673,0.0,0.0,35.24103746213204,0.0,0.0,40.160462897194726,0.0,0.0,-19.56082031980213,0.0
5.66,0.0,205.8049851027745,0.0,0.0,-158.84461555110715,0.0,0.0,-6.787004244758531,0.0,0.0,73.61565892069778,0.0,0.0,-30.035781528961394,0.0
5.665,0.0,183.47842256374096,0.0,0.0,-125.23127183806636,0.0,0.0,-49.28099974041824,0.0,0.0,105.11973383186222,0.0,0.0,-39.57913653199625,0.0
5.67,0.0,154.62796183239684,0.0,0.0,-87.72799086290236,0.0,0.0,-89.56088862849857,0.0,0.0,132.46124121037428,0.0,0.0,-47.52439991126849,0.0
5.675,0.0,120.82821395488205,0.0,0.0,-48.419877034569254,0.0,0.0,-125.48036916524524,0.0,0.0,154.15741376102187,0.0,0.0,-53.46753566756121,0.0
5.68,0.0,84.14651533325913,0.0,0.0,-9.353871118578642,0.0,0.0,-155.74076893121526,0.0,0.0,169.59932172934705,0.0,0.0,-57.288375200737505,0.0
5.6850000000000005,0.0,46.70253998106687,0.0,0.0,27.752460733990787,0.0,0.0,-179.83820729926447,0.0,0.0,178.8696478648844,0.0,0.0,-59.06734996879595,0.0
5.69,0.0,10.307434405457547,0.0,0.0,61.628230844907634,0.0,0.0,-197.784313998906,0.0,0.0,182.39354652771897,0.0,0.0,-58.95662309989736,0.0
5.695,0.0,-23.762665097781078,0.0,0.0,91.42568664853823,0.0,0.0,-209.73969970009531,0.0,0.0,180.5609195271,0.0,0.0,-57.053552707570475,0.0
5.7,0.0,-54.81499463060884,0.0,0.0,116.56632389852916,0.0,0.0,-215.62594762927478,0.0,0.0,173.39158706019003,0.0,0.0,-53.30127725193178,0.0
5.705,0.0,-82.58206447041417,0.0,0.0,136.46323030255405,0.0,0.0,-214.7594771377917,0.0,0.0,160.29672818125132,0.0,0.0,-47.43564883386834,0.0
5.71,0.0,-106.87599991747216,0.0,0.0,150.18418594894837,0.0,0.0,-205.6175096554283,0.0,0.0,140.04053006977102,0.0,0.0,-39.01468084845413,0.0
5.715,0.0,-127.15350957371206,0.0,0.0,156.2383093397187,0.0,0.0,-185.98870738056527,0.0,0.0,111.10066049152307,0.0,0.0,-27.593976171083327,0.0
5.72,0.0,-142.2167159929452,0.0,0.0,152.80815792294297,0.0,0.0,-153.87279213478905,0.0,0.0,72.64780231149125,0.0,0.0,-13.102178158897415,0.0
5.7250000000000005,0.0,-150.40522294286887,0.0,0.0,138.71302677512,0.0,0.0,-109.22923398953783,0.0,0.0,26.02080936112926,0.0,0.0,3.6730978436080957,0.0
5.73,0.0,-150.4924885227707,0.0,0.0,114.81842909983807,0.0,0.0,-55.67314614218122,0.0,0.0,-24.289460512465613,0.0,0.0,20.87024205913523,0.0
5.735,0.0,-142.81605965596052,0.0,0.0,84.68723065221957,0.0,0.0,-0.2507025055064478,0.0,0.0,-71.60854840080447,0.0,0.0,36.066974946133705,0.0
5.74,0.0,-129.57321870905722,0.0,0.0,53.410972136133616,0.0,0.0,49.42462189944836,0.0,0.0,-109.98726813490401,0.0,0.0,47.37008854779813,0.0
5.745,0.0,-113.87077759692555,0.0,0.0,25.378513044231994,0.0,0.0,88.50364060474836,0.0,0.0,-136.7337436394538,0.0,0.0,54.195403932370965,0.0
5.75,0.0,-98.41751019353927,0.0,0.0,2.8650053495657106,0.0,0.0,116.00768701834974,0.0,0.0,-152.6017503794609,0.0,0.0,57.15602078266725,0.0
5.755,0.0,-84.86150650984187,0.0,0.0,-13.852691030987183,0.0,0.0,133.6478431230748,0.0,0.0,-160.2314601700614,0.0,0.0,57.410216846523284,0.0
5.76,0.0,-73.86781475295481,0.0,0.0,-25.611347396387536,0.0,0.0,144.07952131099873,0.0,0.0,-162.53694766406588,0.0,0.0,56.08999648351894,0.0
5.765,0.0,-65.49797010511698,0.0,0.0,-33.56157880613905,0.0,0.0,149.76133262890582,0.0,0.0,-161.86343778018133,0.0,0.0,54.04660892131248,0.0
5.7700000000000005,0.0,-59.55394859708058,0.0,0.0,-38.731958692802685,0.0,0.0,152.52505430681933,0.0,0.0,-159.79660411102194,0.0,0.0,51.82577092807388,0.0
5.775,0.0,-55.7895606200736,0.0,0.0,-41.872899806648896,0.0,0.0,153.54353667618827,0.0,0.0,-157.26424692318705,0.0,0.0,49.730725913251405,0.0
5.78,0.0,-54.01339893829415,0.0,0.0,-43.43432744175193,0.0,0.0,153.42553910840212,0.0,0.0,-154.68906669134924,0.0,0.0,47.88977365788566,0.0
5.785,0.0,-54.12767094803387,0.0,0.0,-43.581264982261686,0.0,0.0,152.30038789609105,0.0,0.0,-152.0914350340424,0.0,0.0,46.29784096070806,0.0
5.79,0.0,-56.13125938542449,0.0,0.0,-42.204093626294615,0.0,0.0,149.8440031046903,0.0,0.0,-149.11539246378817,0.0,0.0,44.82629713573401,0.0
5.795,0.0,-60.094169903370755,0.0,0.0,-38.91511613020447,0.0,0.0,145.24309400933367,0.0,0.0,-144.98163762964955,0.0,0.0,43.20357851061553,0.0
5.8,0.0,-66.09098456243248,0.0,0.0,-33.05216247626959,0.0,0.0,137.13126653747776,0.0,0.0,-138.39586522204476,0.0,0.0,40.97572062273579,0.0
5.805,0.0,-74.06587747223888,0.0,0.0,-23.748623176399963,0.0,0.0,123.59409502430583,0.0,0.0,-127.49345784233637,0.0,0.0,37.47299068229041,0.0
5.8100000000000005,0.0,-83.60703050599336,0.0,0.0,-10.176207712698188,0.0,0.0,102.44318749858607,0.0,0.0,-110.00145727348442,0.0,0.0,31.844826077465058,0.0
5.815,0.0,-93.67423686029205,0.0,0.0,7.934842875344839,0.0,0.0,72.02513224678913,0.0,0.0,-83.89035279138903,0.0,0.0,23.264389818166542,0.0
5.82,0.0,-102.48004566685408,0.0,0.0,29.583111305423966,0.0,0.0,32.59829732195734,0.0,0.0,-48.63543507513522,0.0,0.0,11.365196307575122,0.0
5.825,0.0,-107.84802875833837,0.0,0.0,52.10764017455593,0.0,0.0,-12.466937005337542,0.0,0.0,-6.521016337289428,0.0,0.0,-3.259673286872271,0.0
5.83,0.0,-108.11482081707864,0.0,0.0,71.84042556440477,0.0,0.0,-57.10643829325994,0.0,0.0,37.358751743804824,0.0,0.0,-18.96773218006579,0.0
5.835,0.0,-102.9800104762682,0.0,0.0,85.71971386231318,0.0,0.0,-95.07422010158506,0.0,0.0,77.1221652894111,0.0,0.0,-33.70105341691399,0.0
5.84,0.0,-93.52205112170712,0.0,0.0,92.59524042619086,0.0,0.0,-122.70952429351505,0.0,0.0,108.74011174797364,0.0,0.0,-45.921551787459954,0.0
5.845,0.0,-81.41651472468176,0.0,0.0,93.19682063520375,0.0,0.0,-139.73449093501222,0.0,0.0,131.15260945975967,0.0,0.0,-55.08340953361912,0.0
5.8500000000000005,0.0,-68.11113690734099,0.0,0.0,89.16030203424503,0.0,0.0,-148.0874493723654,0.0,0.0,145.52623594917856,0.0,0.0,-61.449921591724944,0.0
5.855,0.0,-54.461356811743414,0.0,0.0,82.09314327468337,0.0,0.0,-150.32534539259774,0.0,0.0,153.890470752965,0.0,0.0,-65.6454006445055,0.0
5.86,0.0,-40.76874350423654,0.0,0.0,73.13117896529522,0.0,0.0,-148.62361547481666,0.0,0.0,158.16248925079123,0.0,0.0,-68.30617904938967,0.0
5.865,0.0,-26.97148250893402,0.0,0.0,62.88600555008533,0.0,0.0,-144.44029167316927,0.0,0.0,159.73867251877027,0.0,0.0,-69.91828785700612,0.0
5.87,0.0,-12.827341380080997,0.0,0.0,51.55656085257286,0.0,0.0,-138.53901004077034,0.0,0.0,159.43390688038667,0.0,0.0,-70.77960347297127,0.0
5.875,0.0,1.9538264553617326,0.0,0.0,39.067046548950124,0.0,0.0,-131.12245749306402,0.0,0.0,157.55113864885732,0.0,0.0,-71.01363196585943,0.0
5.88,0.0,17.61451521324615,0.0,0.0,25.18866678725784,0.0,0.0,-121.96746403750328,0.0,0.0,153.9718210339252,0.0,0.0,-70.59523670655545,0.0
5.885,0.0,34.2643916102282,0.0,0.0,9.653169237703766,0.0,0.0,-110.5472908764839,0.0,0.0,148.24255100225758,0.0,0.0,-69.37748129641109,0.0
5.89,0.0,51.78634281664502,0.0,0.0,-7.717488575800678,0.0,0.0,-96.17385604357142,0.0,0.0,139.68142291047138,0.0,0.0,-67.12623589778059,0.0
5.8950000000000005,0.0,69.73646999524972,0.0,0.0,-26.849874233610223,0.0,0.0,-78.206838359389,0.0,0.0,127.54906764013643,0.0,0.0,-63.57768089072385,0.0
5.9,0.0,87.27793362766,0.0,0.0,-47.247589394306345,0.0,0.0,-56.35125440603425,0.0,0.0,111.31711161887554,0.0,0.0,-58.53081067578604,0.0
5.905,0.0,103.22650728576185,0.0,0.0,-67.89078688354942,0.0,0.0,-30.984713992646967,0.0,0.0,91.00108103350377,0.0,0.0,-51.965274968065195,0.0
5.91,0.0,116.27836524897288,0.0,0.0,-87.32628434203231,0.0,0.0,-3.345849040574336,0.0,0.0,67.41596054335179,0.0,0.0,-44.13685226680622,0.0
5.915,0.0,125.39182242249605,0.0,0.0,-104.00629687982824,0.0,0.0,24.61310729384274,0.0,0.0,42.153410584363364,0.0,0.0,-35.57960811207124,0.0
5.92,0.0,130.1483465369242,0.0,0.0,-116.75912497206569,0.0,0.0,50.74018467586064,0.0,0.0,17.194802849070932,0.0,0.0,-26.9800097691312,0.0
5.925,0.0,130.8776050279599,0.0,0.0,-125.13454720840248,0.0,0.0,73.31821112784655,0.0,0.0,-5.6695554226426745,0.0,0.0,-18.97659018700117,0.0
5.93,0.0,128.48104432554993,0.0,0.0,-129.43508408523152,0.0,0.0,91.46922657033568,0.0,0.0,-25.29391688088562,0.0,0.0,-11.995598623545815,0.0
5.9350000000000005,0.0,124.09044297578319,0.0,0.0,-130.46942107615894,0.0,0.0,105.16827122442258,0.0,0.0,-41.30244556032455,0.0,0.0,-6.196819807866115,0.0
5.94,0.0,118.75787965420686,0.0,0.0,-129.21679875303846,0.0,0.0,114.976713149776,0.0,0.0,-53.93030300866621,0.0,0.0,-1.5199068108515306,0.0
5.945,0.0,113.28276643036794,0.0,0.0,-126.5654110586937,0.0,0.0,121.7083990687933,0.0,0.0,-63.75469513405937,0.0,0.0,2.2266951715976298,0.0
5.95,0.0,108.1687879042867,0.0,0.0,-123.1766882871676,0.0,0.0,126.17195059774848,0.0,0.0,-71.45857625949591,0.0,0.0,5.284472747267156,0.0
5.955,0.0,103.65269724352824,0.0,0.0,-119.44636805750467,0.0,0.0,129.02355114584782,0.0,0.0,-77.67966767477343,0.0,0.0,7.891423200723953,0.0
5.96,0.0,99.75123592997528,0.0,0.0,-115.5115886802238,0.0,0.0,130.70178213759107,0.0,0.0,-82.9342601555689,0.0,0.0,10.254336883198691,0.0
5.965,0.0,96.2955527415815,0.0,0.0,-111.26536543637738,0.0,0.0,131.40274923915237,0.0,0.0,-87.5839580629556,0.0,0.0,12.53626967519348,0.0
5.97,0.0,92.94275804127098,0.0,0.0,-106.35974461184114,0.0,0.0,131.06450376346172,0.0,0.0,-91.81613249318464,0.0,0.0,14.84865140759579,0.0
5.9750000000000005,0.0,89.16840907448136,0.0,0.0,-100.19745564965802,0.0,0.0,129.3471993251036,0.0,0.0,-95.61913209788804,0.0,0.0,17.24011533943609,0.0
5.98,0.0,84.25697518131341,0.0,0.0,-91.93123616999956,0.0,0.0,125.61573753912347,0.0,0.0,-98.74588762875572,0.0,0.0,19.677465483390815,0.0
5.985,0.0,77.3252258293367,0.0,0.0,-80.51459382660654,0.0,0.0,118.95784061882793,0.0,0.0,-100.67701021310616,0.0,0.0,22.019378265081315,0.0
5.99,0.0,67.43411423886691,0.0,0.0,-64.87299613886982,0.0,0.0,108.30116459069815,0.0,0.0,-100.62088416329772,0.0,0.0,23.993184058564534,0.0
5.995,0.0,53.84667909697167,0.0,0.0,-44.26087660132866,0.0,0.0,92.70546641467193,0.0,0.0,-97.61721081154447,0.0,0.0,25.19992173324937,0.0
6.0,0.0,36.42606744460661,0.0,0.0,-18.778436448260603,0.0,0.0,71.84376608842767,0.0,0.0,-90.8077371424349,0.0,0.0,25.183116388973495,0.0
6.005,0.0,16.00998065743797,0.0,0.0,10.184475068184256,0.0,0.0,46.50340276639487,0.0,0.0,-79.84670082189623,0.0,0.0,23.577413831317894,0.0
6.01,0.0,-5.552312878319169,0.0,0.0,39.983949361597816,0.0,0.0,18.73453402145112,0.0,0.0,-65.24764161633814,0.0,0.0,20.28729355304499,0.0
6.015000000000001,0.0,-25.90775143181361,0.0,0.0,67.46496700600795,0.0,0.0,-8.650702445800906,0.0,0.0,-48.3756111830761,0.0,0.0,15.579275400215739,0.0
6.0200000000000005,0.0,-43.03424423414001,0.0,0.0,90.07047654943847,0.0,0.0,-33.042138212259154,0.0,0.0,-31.000712910264014,0.0,0.0,10.001593115190637,0.0
6.025,0.0,-55.866888575844065,0.0,0.0,106.60335676445617,0.0,0.0,-52.84319516631915,0.0,0.0,-14.691550566656538,0.0,0.0,4.1789713673965725,0.0
6.03,0.0,-64.38032104660758,0.0,0.0,117.24731220373387,0.0,0.0,-67.67765109619847,0.0,0.0,-0.4280766344877769,0.0,0.0,-1.37841444867101,0.0
6.035,0.0,-69.25088132732425,0.0,0.0,123.0617043694956,0.0,0.0,-78.06983030323505,0.0,0.0,11.435046177488026,0.0,0.0,-6.358599455987617,0.0
6.04,0.0,-71.4281004729181,0.0,0.0,125.39975613431523,0.0,0.0,-84.96415180874388,0.0,0.0,20.985767970629166,0.0,0.0,-10.631788424887551,0.0
6.045,0.0,-71.8322157780407,0.0,0.0,125.52109487452935,0.0,0.0,-89.35603993891408,0.0,0.0,28.534626634288408,0.0,0.0,-14.190577588359188,0.0
6.05,0.0,-71.21542998510705,0.0,0.0,124.42889387444467,0.0,0.0,-92.102912523194,0.0,0.0,34.454511849014196,0.0,0.0,-17.091028647866878,0.0
6.055,0.0,-70.13526133376534,0.0,0.0,122.85222137307652,0.0,0.0,-93.86914353467833,0.0,0.0,39.09423527139401,0.0,0.0,-19.411820300837654,0.0
6.0600000000000005,0.0,-68.98050154409945,0.0,0.0,121.29191448242594,0.0,0.0,-95.1397281840567,0.0,0.0,42.74455521602907,0.0,0.0,-21.231347620408553,0.0
6.065,0.0,-68.01168728201705,0.0,0.0,120.08047886934585,0.0,0.0,-96.25746195814803,0.0,0.0,45.63236690936795,0.0,0.0,-22.617022015375266,0.0
6.07,0.0,-67.39830025252927,0.0,0.0,119.43431932551202,0.0,0.0,-97.46090072376604,0.0,0.0,47.92646992354546,0.0,0.0,-23.621276690928344,0.0
6.075,0.0,-67.24674749613781,0.0,0.0,119.49198274737746,0.0,0.0,-98.9144246221824,0.0,0.0,49.74586942143217,0.0,0.0,-24.280559424826222,0.0
6.08,0.0,-67.618265568371,0.0,0.0,120.33829166380873,0.0,0.0,-100.72822158278828,0.0,0.0,51.1662751932775,0.0,0.0,-24.61514060069622,0.0
6.085,0.0,-68.53719314944966,0.0,0.0,122.01550132025245,0.0,0.0,-102.96795869525353,0.0,0.0,52.22270816965746,0.0,0.0,-24.62852279214288,0.0
6.09,0.0,-69.98949657219774,0.0,0.0,124.52151044202803,0.0,0.0,-105.65348040538407,0.0,0.0,52.90679463513042,0.0,0.0,-24.30572318824337,0.0
6.095,0.0,-71.90990766745733,0.0,0.0,127.79279504923362,0.0,0.0,-108.74409568784952,0.0,0.0,53.157086377094785,0.0,0.0,-23.609914198650287,0.0
6.1000000000000005,0.0,-74.15388658382108,0.0,0.0,131.6664284358858,0.0,0.0,-112.1052596467807,0.0,0.0,52.840050670483166,0.0,0.0,-22.477070646863872,0.0
6.105,0.0,-76.44824599705174,0.0,0.0,135.81161998702373,0.0,0.0,-115.44809347287625,0.0,0.0,51.718831364160515,0.0,0.0,-20.808706730566314,0.0
6.11,0.0,-78.31313635041047,0.0,0.0,139.61836200761985,0.0,0.0,-118.2308524368941,0.0,0.0,49.40796234232936,0.0,0.0,-18.464118713872836,0.0
6.115,0.0,-78.95291053882042,0.0,0.0,142.03519633851158,0.0,0.0,-119.5158193104687,0.0,0.0,45.318634840388334,0.0,0.0,-15.256991853680024,0.0
6.12,0.0,-77.13588850621652,0.0,0.0,141.37623365729527,0.0,0.0,-117.8010521692157,0.0,0.0,38.618649753456914,0.0,0.0,-10.968573047281478,0.0
6.125,0.0,-71.14372420510534,0.0,0.0,135.2004279085344,0.0,0.0,-110.92168125717086,0.0,0.0,28.274209174504914,0.0,0.0,-5.401313840009564,0.0
6.13,0.0,-58.97978446280331,0.0,0.0,120.52622917323923,0.0,0.0,-96.25891005313696,0.0,0.0,13.301696795978813,0.0,0.0,1.4955894083588106,0.0
6.135,0.0,-39.09992207868755,0.0,0.0,94.78233441914097,0.0,0.0,-71.61325676757328,0.0,0.0,-6.641049595441011,0.0,0.0,9.425567200084247,0.0
6.140000000000001,0.0,-11.68150916903136,0.0,0.0,57.60817408444383,0.0,0.0,-36.82762915567831,0.0,0.0,-30.443306474135483,0.0,0.0,17.57398065439731,0.0
6.1450000000000005,0.0,20.360226484120393,0.0,0.0,12.494889428683486,0.0,0.0,4.7719557626835645,0.0,0.0,-55.177145322139765,0.0,0.0,24.70699125144421,0.0
6.15,0.0,51.984815917147316,0.0,0.0,-33.73057513473272,0.0,0.0,46.91119598746919,0.0,0.0,-76.99862243101569,0.0,0.0,29.67410854025299,0.0
6.155,0.0,78.4161056731006,0.0,0.0,-74.07837492843912,0.0,0.0,83.27036068710879,0.0,0.0,-92.99437144871811,0.0,0.0,31.993018500850646,0.0
6.16,0.0,97.32012621190053,0.0,0.0,-104.62406883177037,0.0,0.0,110.36341396949823,0.0,0.0,-102.38193380964758,0.0,0.0,31.98585448211523,0.0
6.165,0.0,109.0412897113085,0.0,0.0,-125.17921750412751,0.0,0.0,128.07064639669352,0.0,0.0,-106.18026199333617,0.0,0.0,30.416279938430574,0.0
6.17,0.0,115.40335166018465,0.0,0.0,-137.82719697084565,0.0,0.0,138.2687038995124,0.0,0.0,-106.09871105591742,0.0,0.0,28.044290540737435,0.0
6.175,0.0,118.47399832587092,0.0,0.0,-145.21847659626619,0.0,0.0,143.28341721577476,0.0,0.0,-103.6708160603506,0.0,0.0,25.396971683577345,0.0
6.18,0.0,119.9310879833183,0.0,0.0,-149.6142930999245,0.0,0.0,145.0374268979738,0.0,0.0,-99.92212033092426,0.0,0.0,22.744908697970303,0.0
6.1850000000000005,0.0,120.92016852586931,0.0,0.0,-152.61256789113128,0.0,0.0,144.814026440778,0.0,0.0,-95.37398754649804,0.0,0.0,20.16420701645017,0.0
6.19,0.0,122.12501777219512,0.0,0.0,-155.19921514786134,0.0,0.0,143.3098483083309,0.0,0.0,-90.15524333772584,0.0,0.0,17.603625060040656,0.0
6.195,0.0,123.873910051939,0.0,0.0,-157.8774238917125,0.0,0.0,140.75628677223884,0.0,0.0,-84.10870721747138,0.0,0.0,14.930839577169754,0.0
6.2,0.0,126.21184192225837,0.0,0.0,-160.77038324017906,0.0,0.0,137.02194988167645,0.0,0.0,-76.86513575869107,0.0,0.0,11.95925787848781,0.0
6.205,0.0,128.92504331772525,0.0,0.0,-163.67301227862595,0.0,0.0,131.68257025913502,0.0,0.0,-67.8954601109042,0.0,0.0,8.465185181210773,0.0
6.21,0.0,131.52789546713203,0.0,0.0,-166.06335436301057,0.0,0.0,124.07772278299551,0.0,0.0,-56.56658534382282,0.0,0.0,4.206708457519378,0.0
6.215,0.0,133.2372450643743,0.0,0.0,-167.1032259043109,0.0,0.0,113.38916864370057,0.0,0.0,-42.231402411173164,0.0,0.0,-1.044502323334635,0.0
6.22,0.0,132.97651876566894,0.0,0.0,-165.67477951275976,0.0,0.0,98.78138697938397,0.0,0.0,-24.380480862584452,0.0,0.0,-7.449815735624476,0.0
6.2250000000000005,0.0,129.46865394118106,0.0,0.0,-160.511366510718,0.0,0.0,79.63210846065527,0.0,0.0,-2.8605721655475245,0.0,0.0,-15.02902703802081,0.0
6.23,0.0,121.47118891951617,0.0,0.0,-150.46577810596042,0.0,0.0,55.8325622699348,0.0,0.0,21.887371227636393,0.0,0.0,-23.583681607829746,0.0
6.235,0.0,108.14746791999524,0.0,0.0,-134.88984430868365,0.0,0.0,28.05382740141814,0.0,0.0,48.68735813823388,0.0,0.0,-32.6603575953069,0.0
6.24,0.0,89.45287147815583,0.0,0.0,-113.98643082281963,0.0,0.0,-2.1904903471356114,0.0,0.0,75.72775525918094,0.0,0.0,-41.601177020908466,0.0
6.245,0.0,66.32141242558347,0.0,0.0,-88.9245001762319,0.0,0.0,-32.80983790379045,0.0,0.0,100.95283506651646,0.0,0.0,-49.69251998225853,0.0
6.25,0.0,40.488571099846425,0.0,0.0,-61.5901062995069,0.0,0.0,-61.6696652071341,0.0,0.0,122.60785647632571,0.0,0.0,-56.35608975166933,0.0
6.255,0.0,13.996724147699354,0.0,0.0,-34.064335867897,0.0,0.0,-87.13933534220217,0.0,0.0,139.6676217033707,0.0,0.0,-61.286695032602545,0.0
6.26,0.0,-11.369791081733311,0.0,0.0,-8.089915390730917,0.0,0.0,-108.39139500303757,0.0,0.0,151.94814119049187,0.0,0.0,-64.47332298912623,0.0
6.265000000000001,0.0,-34.462383388626186,0.0,0.0,15.240069021913243,0.0,0.0,-125.36604660063477,0.0,0.0,159.90854151209504,0.0,0.0,-66.11508813139834,0.0
6.2700000000000005,0.0,-54.86045998279877,0.0,0.0,35.5089972565397,0.0,0.0,-138.5035054343178,0.0,0.0,164.3027824462796,0.0,0.0,-66.49291261745385,0.0
6.275,0.0,-72.74390956973723,0.0,0.0,52.80406485186116,0.0,0.0,-148.40646246794148,0.0,0.0,165.8438122001761,0.0,0.0,-65.85330966203996,0.0
6.28,0.0,-88.67012904649742,0.0,0.0,67.46688402456648,0.0,0.0,-155.54027113965165,0.0,0.0,164.95677287650432,0.0,0.0,-64.32789926751941,0.0
6.285,0.0,-103.3465806776717,0.0,0.0,79.84915664298802,0.0,0.0,-159.99928392080275,0.0,0.0,161.61934752439393,0.0,0.0,-61.885478674233525,0.0
6.29,0.0,-117.4282121981387,0.0,0.0,90.10142712120916,0.0,0.0,-161.3261037060001,0.0,0.0,155.26164483775366,0.0,0.0,-58.30661232799238,0.0
6.295,0.0,-131.32459778251004,0.0,0.0,97.99830317790477,0.0,0.0,-158.385108178331,0.0,0.0,144.72658056976113,0.0,0.0,-53.18249678898607,0.0
6.3,0.0,-144.9948838361721,0.0,0.0,102.82476569331628,0.0,0.0,-149.36380907922998,0.0,0.0,128.3644489745342,0.0,0.0,-45.96523466365054,0.0
6.305,0.0,-157.75557187821005,0.0,0.0,103.41497305078185,0.0,0.0,-132.08639082709027,0.0,0.0,104.42403899320551,0.0,0.0,-36.12359904647555,0.0
6.3100000000000005,0.0,-168.2333166401414,0.0,0.0,98.50096217043942,0.0,0.0,-104.86618522222162,0.0,0.0,71.89997088443057,0.0,0.0,-23.447662550032966,0.0
6.315,0.0,-174.68826703638118,0.0,0.0,87.44626426771947,0.0,0.0,-67.84593534472612,0.0,0.0,31.690700495617513,0.0,0.0,-8.429007898856204,0.0
6.32,0.0,-175.79513549213948,0.0,0.0,71.05583810947164,0.0,0.0,-24.053974585652615,0.0,0.0,-12.711553444536763,0.0,0.0,7.567955267156266,0.0
6.325,0.0,-171.4875234374155,0.0,0.0,51.73794662067053,0.0,0.0,21.051514379970573,0.0,0.0,-56.01207414924193,0.0,0.0,22.665404216361146,0.0
6.33,0.0,-163.14783861203267,0.0,0.0,32.60878120251316,0.0,0.0,61.766949396775516,0.0,0.0,-93.29210510544293,0.0,0.0,35.260744012772285,0.0
6.335,0.0,-152.9287734893334,0.0,0.0,16.167232169258874,0.0,0.0,94.46149996413058,0.0,0.0,-121.95271449513592,0.0,0.0,44.64910386958234,0.0
6.34,0.0,-142.81729405647386,0.0,0.0,3.5700726812410366,0.0,0.0,118.32675344233868,0.0,0.0,-142.04541209247162,0.0,0.0,51.04937785998103,0.0
6.345,0.0,-134.11056879144007,0.0,0.0,-5.217331426435809,0.0,0.0,134.5741217756462,0.0,0.0,-155.2845374322601,0.0,0.0,55.20287606733612,0.0
6.3500000000000005,0.0,-127.40208103033422,0.0,0.0,-10.865110699701233,0.0,0.0,145.20380875176136,0.0,0.0,-163.86098155605194,0.0,0.0,57.951368240746135,0.0
6.355,0.0,-122.81001117683364,0.0,0.0,-14.192106300920049,0.0,0.0,152.14174573078233,0.0,0.0,-169.7106253916426,0.0,0.0,60.000581133650414,0.0
6.36,0.0,-120.21103988018112,0.0,0.0,-15.897465403411442,0.0,0.0,156.8586551386219,0.0,0.0,-174.24972851130434,0.0,0.0,61.850624813494306,0.0
6.365,0.0,-119.39053170034578,0.0,0.0,-16.456428757212652,0.0,0.0,160.2745154673372,0.0,0.0,-178.3528221165209,0.0,0.0,63.805162144022006,0.0
6.37,0.0,-120.10714119213648,0.0,0.0,-16.088389153685345,0.0,0.0,162.74643938443566,0.0,0.0,-182.37973939461057,0.0,0.0,65.99072913885222,0.0
6.375,0.0,-122.08874935773174,0.0,0.0,-14.732798765944644,0.0,0.0,164.01252237670715,0.0,0.0,-186.1373952539537,0.0,0.0,68.34754312886224,0.0
6.38,0.0,-124.96336628627593,0.0,0.0,-12.002813438062525,0.0,0.0,163.0226691356831,0.0,0.0,-188.71058055536315,0.0,0.0,70.56880517999072,0.0
6.385,0.0,-128.10720090332404,0.0,0.0,-7.125060571141514,0.0,0.0,157.6430456815338,0.0,0.0,-188.13387410147948,0.0,0.0,71.9754076588774,0.0
6.390000000000001,0.0,-130.3832626978526,0.0,0.0,1.053697785305392,0.0,0.0,144.35558716087874,0.0,0.0,-180.98526203743057,0.0,0.0,71.3465363832614,0.0
6.3950000000000005,0.0,-129.7993707441047,0.0,0.0,13.77421222140276,0.0,0.0,118.41561293927299,0.0,0.0,-162.3023225356729,0.0,0.0,66.83783431101774,0.0
6.4,0.0,-123.3359368213774,0.0,0.0,31.44983725101511,0.0,0.0,75.43878467908863,0.0,0.0,-126.78565940755553,0.0,0.0,56.33442137049702,0.0
6.405,0.0,-107.56413891112403,0.0,0.0,52.14710966378311,0.0,0.0,15.150612499688362,0.0,0.0,-72.28393109391959,0.0,0.0,38.653743221941525,0.0
6.41,0.0,-80.53782967201674,0.0,0.0,70.80364349452208,0.0,0.0,-54.74858590779232,0.0,0.0,-4.1302051076726904,0.0,0.0,15.21227914321285,0.0
6.415,0.0,-43.85184540656386,0.0,0.0,81.27391392461925,0.0,0.0,-120.10243491787348,0.0,0.0,64.97187919649276,0.0,0.0,-9.718816000621066,0.0
6.42,0.0,-2.4076144756901976,0.0,0.0,80.31805311653132,0.0,0.0,-168.488505984418,0.0,0.0,122.03466405030375,0.0,0.0,-31.343422022229394,0.0
6.425,0.0,38.29765951096858,0.0,0.0,69.28126371316314,0.0,0.0,-195.87308040646016,0.0,0.0,160.94699378639353,0.0,0.0,-47.03663036860057,0.0
6.43,0.0,74.58113460561485,0.0,0.0,52.12584618248159,0.0,0.0,-205.64000422425073,0.0,0.0,182.90993212139082,0.0,0.0,-56.795968662168505,0.0
6.4350000000000005,0.0,105.06777127096704,0.0,0.0,32.72403808968038,0.0,0.0,-203.78451983543687,0.0,0.0,192.50611755114082,0.0,0.0,-61.99835751196448,0.0
6.44,0.0,130.01572272278602,0.0,0.0,13.563380193335078,0.0,0.0,-195.49101409270546,0.0,0.0,194.3474459114663,0.0,0.0,-64.19793574132498,0.0
6.445,0.0,150.5191957923373,0.0,0.0,-4.298445849609934,0.0,0.0,-184.06530096261253,0.0,0.0,191.73458192118557,0.0,0.0,-64.58388749390535,0.0
6.45,0.0,167.96085844052044,0.0,0.0,-20.824326052362572,0.0,0.0,-171.08930225684549,0.0,0.0,186.5407366842721,0.0,0.0,-63.8851060589778,0.0
6.455,0.0,183.69261242832516,0.0,0.0,-36.583307409165286,0.0,0.0,-156.866608802795,0.0,0.0,179.47842669519827,0.0,0.0,-62.43406529261952,0.0
6.46,0.0,198.84334848417592,0.0,0.0,-52.4422020026995,0.0,0.0,-140.8081476194113,0.0,0.0,170.37651874002705,0.0,0.0,-60.249028606783725,0.0
6.465,0.0,214.17032600010634,0.0,0.0,-69.3260055710235,0.0,0.0,-121.73294173464969,0.0,0.0,158.40021192444706,0.0,0.0,-57.10105943541167,0.0
6.47,0.0,229.9079100216732,0.0,0.0,-87.97218218516865,0.0,0.0,-98.18673625585998,0.0,0.0,142.28376714032015,0.0,0.0,-52.58418952525429,0.0
6.4750000000000005,0.0,245.62450000586318,0.0,0.0,-108.6281613462795,0.0,0.0,-68.9063406496058,0.0,0.0,120.69402262765489,0.0,0.0,-46.22856724596158,0.0
6.48,0.0,260.179292263297,0.0,0.0,-130.7303331739277,0.0,0.0,-33.472915345564516,0.0,0.0,92.79827902541707,0.0,0.0,-37.68723390913851,0.0
6.485,0.0,271.92456478526276,0.0,0.0,-152.74069261274875,0.0,0.0,7.035638587181587,0.0,0.0,58.92162291369916,0.0,0.0,-26.967914421581213,0.0
6.49,0.0,279.20930328084927,0.0,0.0,-172.37661220739398,0.0,0.0,49.84657458338154,0.0,0.0,20.909769807549765,0.0,0.0,-14.586151568496785,0.0
6.495,0.0,280.9652026274546,0.0,0.0,-187.25979483721702,0.0,0.0,91.12579499490143,0.0,0.0,-18.21901589846327,0.0,0.0,-1.488301902082897,0.0
6.5,0.0,276.9420977347614,0.0,0.0,-195.60391453494753,0.0,0.0,127.20755250207728,0.0,0.0,-55.27790201235692,0.0,0.0,11.263495240346781,0.0
6.505,0.0,267.3444616185567,0.0,0.0,-196.4227172637288,0.0,0.0,155.59397151365528,0.0,0.0,-87.91664921035647,0.0,0.0,22.84161724817566,0.0
6.51,0.0,252.08412710909172,0.0,0.0,-189.1280254520218,0.0,0.0,175.08506360116968,0.0,0.0,-114.96869807783114,0.0,0.0,32.80650415255373,0.0
6.515000000000001,0.0,230.13041383555253,0.0,0.0,-172.8953425542329,0.0,0.0,185.15452688378892,0.0,0.0,-136.06260409595518,0.0,0.0,41.010614657524215,0.0
6.5200000000000005,0.0,199.388597979491,0.0,0.0,-146.35774571712093,0.0,0.0,185.19124177766906,0.0,0.0,-150.90731245513115,0.0,0.0,47.369318572902884,0.0
6.525,0.0,157.4316048018344,0.0,0.0,-108.09157982733431,0.0,0.0,174.2365849178113,0.0,0.0,-158.74865677856263,0.0,0.0,51.65664181132596,0.0
6.53,0.0,103.22561324279212,0.0,0.0,-58.05857253906237,0.0,0.0,151.60494718523353,0.0,0.0,-158.39731766895216,0.0,0.0,53.461956284690984,0.0
6.535,0.0,39.25803340139424,0.0,0.0,0.6039253298056053,0.0,0.0,118.2432999427837,0.0,0.0,-149.00637609961504,0.0,0.0,52.39132204889708,0.0
6.54,0.0,-27.71095233772877,0.0,0.0,61.11701852526992,0.0,0.0,77.7752156062104,0.0,0.0,-131.19688612492158,0.0,0.0,48.432754690345796,0.0
6.545,0.0,-88.87843955326514,0.0,0.0,115.28725227009726,0.0,0.0,35.83618559919601,0.0,0.0,-107.49316414586579,0.0,0.0,42.176791646123945,0.0
6.55,0.0,-137.4222528805654,0.0,0.0,157.16308441677964,0.0,0.0,-2.213795580860527,0.0,0.0,-81.43661664493234,0.0,0.0,34.63513479581794,0.0
6.555,0.0,-170.9734526006314,0.0,0.0,185.0534335158676,0.0,0.0,-33.27662064803124,0.0,0.0,-56.12407875531522,0.0,0.0,26.80958873932454,0.0
6.5600000000000005,0.0,-191.0671291220383,0.0,0.0,200.7615092824104,0.0,0.0,-56.78612332787742,0.0,0.0,-33.37780763049412,0.0,0.0,19.3840860174308,0.0
6.565,0.0,-201.0743391238918,0.0,0.0,207.5711535793356,0.0,0.0,-73.73982927568,0.0,0.0,-13.825395224800276,0.0,0.0,12.68492354536413,0.0
6.57,0.0,-204.47850534475523,0.0,0.0,208.6852849278886,0.0,0.0,-85.63073660830923,0.0,0.0,2.6153199206817934,0.0,0.0,6.793196636466005,0.0
6.575,0.0,-204.080365211005,0.0,0.0,206.56794481116955,0.0,0.0,-93.82623267020705,0.0,0.0,16.306441958640075,0.0,0.0,1.6678443668264178,0.0
6.58,0.0,-201.8589908005631,0.0,0.0,202.8802983634963,0.0,0.0,-99.35598953162751,0.0,0.0,27.649457678182376,0.0,0.0,-2.776211862517388,0.0
6.585,0.0,-199.1043344522395,0.0,0.0,198.63931347623134,0.0,0.0,-102.90797169976213,0.0,0.0,36.988338664185626,0.0,0.0,-6.631249189988072,0.0
6.59,0.0,-196.5954728271779,0.0,0.0,194.39491440013882,0.0,0.0,-104.88593906949214,0.0,0.0,44.58326175918538,0.0,0.0,-9.982949516494692,0.0
6.595,0.0,-194.7368961795436,0.0,0.0,190.353392197075,0.0,0.0,-105.46008566105183,0.0,0.0,50.60698688941642,0.0,0.0,-12.905593452927132,0.0
6.6000000000000005,0.0,-193.6314761575905,0.0,0.0,186.43466960351628,0.0,0.0,-104.58873480293616,0.0,0.0,55.14113037542194,0.0,0.0,-15.458698568905982,0.0
6.605,0.0,-193.08978611311434,0.0,0.0,182.26882472954406,0.0,0.0,-102.00897144708007,0.0,0.0,58.164221821963544,0.0,0.0,-17.68159573115834,0.0
6.61,0.0,-192.57949822889975,0.0,0.0,177.14140955066438,0.0,0.0,-97.20362278571406,0.0,0.0,59.53138786741883,0.0,0.0,-19.584323441260857,0.0
6.615,0.0,-191.12480094944303,0.0,0.0,169.90634961931582,0.0,0.0,-89.36446439858005,0.0,0.0,58.953075083817986,0.0,0.0,-21.13448207828263,0.0
6.62,0.0,-187.19138761650413,0.0,0.0,158.915642846162,0.0,0.0,-77.39790467301988,0.0,0.0,55.99339935606408,0.0,0.0,-22.242241602081187,0.0
6.625,0.0,-178.65547939326717,0.0,0.0,142.0795624929734,0.0,0.0,-60.063920156135836,0.0,0.0,50.13039616467019,0.0,0.0,-22.751698515802925,0.0
6.63,0.0,-163.05238588949288,0.0,0.0,117.25251601058324,0.0,0.0,-36.37633807795637,0.0,0.0,40.93962402944379,0.0,0.0,-22.456696091961774,0.0
6.635,0.0,-138.33957730047692,0.0,0.0,83.12606247928235,0.0,0.0,-6.327576751081192,0.0,0.0,28.4347619223188,0.0,0.0,-21.16540875418842,0.0
6.640000000000001,0.0,-104.15941425324561,0.0,0.0,40.478850466926836,0.0,0.0,28.304326330097407,0.0,0.0,13.456990091276868,0.0,0.0,-18.81849089302425,0.0
6.6450000000000005,0.0,-62.92106650698648,0.0,0.0,-7.039614420397804,0.0,0.0,63.760074654980315,0.0,0.0,-2.211714203493642,0.0,0.0,-15.604454631048315,0.0
6.65,0.0,-19.548876604897252,0.0,0.0,-53.67744537208698,0.0,0.0,95.35962009634649,0.0,0.0,-16.324610779688484,0.0,0.0,-11.963666437764166,0.0
6.655,0.0,20.43285666477243,0.0,0.0,-93.86753169646016,0.0,0.0,119.40759166239428,0.0,0.0,-27.058763216080777,0.0,0.0,-8.434767094600558,0.0
6.66,0.0,53.14737758884603,0.0,0.0,-124.3887978142872,0.0,0.0,134.52159424969963,0.0,0.0,-33.65330168058423,0.0,0.0,-5.449412140676879,0.0
6.665,0.0,77.31668845412929,0.0,0.0,-144.8905797534354,0.0,0.0,141.51160510898092,0.0,0.0,-36.3761202910017,0.0,0.0,-3.2254959894447888,0.0
6.67,0.0,93.72318531927155,0.0,0.0,-156.9544561430224,0.0,0.0,142.32270598159394,0.0,0.0,-36.04497619071013,0.0,0.0,-1.7919782979970424,0.0
6.675,0.0,104.11396932700077,0.0,0.0,-162.82780261624416,0.0,0.0,139.01059912096775,0.0,0.0,-33.55316412204682,0.0,0.0,-1.0730124489413013,0.0
6.68,0.0,110.34181974639256,0.0,0.0,-164.58146595988524,0.0,0.0,133.20313687321345,0.0,0.0,-29.61558720331093,0.0,0.0,-0.9612294169727287,0.0
6.6850000000000005,0.0,113.94553690914074,0.0,0.0,-163.77796465566908,0.0,0.0,125.97850016023355,0.0,0.0,-24.707442023874062,0.0,0.0,-1.3576404937335722,0.0
6.69,0.0,116.04274708197624,0.0,0.0,-161.44854088232955,0.0,0.0,117.94453351346056,0.0,0.0,-19.097656263057,0.0,0.0,-2.185141658701969,0.0
6.695,0.0,117.36770040600507,0.0,0.0,-158.18842071391123,0.0,0.0,109.36718893873933,0.0,0.0,-12.90730223177358,0.0,0.0,-3.388055283553107,0.0
6.7,0.0,118.34884284573938,0.0,0.0,-154.26781172067845,0.0,0.0,100.28286533504104,0.0,0.0,-6.162974477736023,0.0,0.0,-4.926062311422165,0.0
6.705,0.0,119.17996798258632,0.0,0.0,-149.72195120900494,0.0,0.0,90.58047886318403,0.0,0.0,1.1613596511610424,0.0,0.0,-6.766367835003086,0.0
6.71,0.0,119.87214447294333,0.0,0.0,-144.41603679545113,0.0,0.0,80.05962346245396,0.0,0.0,9.111143791905194,0.0,0.0,-8.875311385830075,0.0
6.715,0.0,120.28854593889878,0.0,0.0,-138.09330227296738,0.0,0.0,68.4764904545039,0.0,0.0,17.721642145690367,0.0,0.0,-11.209603505426802,0.0
6.72,0.0,120.17025585302794,0.0,0.0,-130.41800150225495,0.0,0.0,55.588638248050486,0.0,0.0,26.98797666099743,0.0,0.0,-13.707363309405434,0.0
6.7250000000000005,0.0,119.1634156047391,0.0,0.0,-121.02475573984266,0.0,0.0,41.206578945749,0.0,0.0,36.833457748590774,0.0,0.0,-16.279798152335843,0.0
6.73,0.0,116.85821580758744,0.0,0.0,-109.58245336964966,0.0,0.0,25.254613710520164,0.0,0.0,47.078909482466145,0.0,0.0,-18.805450621513472,0.0
6.735,0.0,112.84719029105183,0.0,0.0,-95.87356067117075,0.0,0.0,7.83485507758904,0.0,0.0,57.42057590419495,0.0,0.0,-21.129980467416193,0.0
6.74,0.0,106.8023272630789,0.0,0.0,-79.87789363595896,0.0,0.0,-10.721877323779939,0.0,0.0,67.42800554996415,0.0,0.0,-23.074585027842367,0.0
6.745,0.0,98.55793507738176,0.0,0.0,-61.83690687341839,0.0,0.0,-29.841756538382974,0.0,0.0,76.57250756376622,0.0,0.0,-24.454350901476005,0.0
6.75,0.0,88.17405618535956,0.0,0.0,-42.26867266829783,0.0,0.0,-48.7501729922662,0.0,0.0,84.28819797875845,0.0,0.0,-25.10377204664298,0.0
6.755,0.0,75.95280120044976,0.0,0.0,-21.91411204481276,0.0,0.0,-66.5717186159316,0.0,0.0,90.05261625545882,0.0,0.0,-24.90193428476706,0.0
6.76,0.0,62.394012564161756,0.0,0.0,-1.6221859806223238,0.0,0.0,-82.46173849456953,0.0,0.0,93.46056987148393,0.0,0.0,-23.787749404528956,0.0
6.765000000000001,0.0,48.10256825431281,0.0,0.0,17.788492643576337,0.0,0.0,-95.72440401980451,0.0,0.0,94.26392727790521,0.0,0.0,-21.75872829318679,0.0
6.7700000000000005,0.0,33.68152229628171,0.0,0.0,35.64226195411485,0.0,0.0,-105.87714543443415,0.0,0.0,92.36495945789616,0.0,0.0,-18.854123017773603,0.0
6.775,0.0,19.64865010339854,0.0,0.0,51.45855066870885,0.0,0.0,-112.64816310934432,0.0,0.0,87.77297241889389,0.0,0.0,-15.130436104037164,0.0
6.78,0.0,6.398419140146593,0.0,0.0,64.93918322060969,0.0,0.0,-115.924938288091,0.0,0.0,80.54989000431485,0.0,0.0,-10.6401882525377,0.0
6.785,0.0,-5.790820303773089,0.0,0.0,75.91302875138761,0.0,0.0,-115.68962608534166,0.0,0.0,70.77296788396303,0.0,0.0,-5.422834747954752,0.0
6.79,0.0,-16.720952527386686,0.0,0.0,84.27156343257361,0.0,0.0,-111.97694691350064,0.0,0.0,58.53417839009684,0.0,0.0,0.48796750295830726,0.0
6.795,0.0,-26.232097391380417,0.0,0.0,89.92604466450196,0.0,0.0,-104.8770051968278,0.0,0.0,43.98162272779538,0.0,0.0,7.041806327971983,0.0
6.8,0.0,-34.17509241331621,0.0,0.0,92.805678905998,0.0,0.0,-94.58564000285756,0.0,0.0,27.391673639581256,0.0,0.0,14.140122392651074,0.0
6.805,0.0,-40.411924677054635,0.0,0.0,92.89979839495913,0.0,0.0,-81.48178778031999,0.0,0.0,9.24280328922013,0.0,0.0,21.607921923216946,0.0
6.8100000000000005,0.0,-44.84599480706755,0.0,0.0,90.32697578343851,0.0,0.0,-66.18993700814676,0.0,0.0,-9.751209492475793,0.0,0.0,29.184140962862994,0.0
6.815,0.0,-47.469266910576415,0.0,0.0,85.39562890389927,0.0,0.0,-49.57842325937675,0.0,0.0,-28.687292249014988,0.0,0.0,36.543347780975466,0.0
6.82,0.0,-48.40137710474028,0.0,0.0,78.61637508743911,0.0,0.0,-32.665431543284974,0.0,0.0,-46.606109475395314,0.0,0.0,43.34895279693475,0.0
6.825,0.0,-47.896211926658054,0.0,0.0,70.64631120283939,0.0,0.0,-16.452143859686952,0.0,0.0,-62.67187821991018,0.0,0.0,49.32049919395361,0.0
6.83,0.0,-46.30776850900292,0.0,0.0,62.18191155023773,0.0,0.0,-1.7471995534823483,0.0,0.0,-76.32646434616981,0.0,0.0,54.28742476559164,0.0
6.835,0.0,-44.02920675795462,0.0,0.0,53.84488715173465,0.0,0.0,10.947058949979688,0.0,0.0,-87.35707513188304,0.0,0.0,58.20831609932798,0.0
6.84,0.0,-41.4308009972831,0.0,0.0,46.10398345358917,0.0,0.0,21.453083500122418,0.0,0.0,-95.86458079522838,0.0,0.0,61.153453194591876,0.0
6.845,0.0,-38.81752159114253,0.0,0.0,39.250501720573475,0.0,0.0,29.856738018887263,0.0,0.0,-102.16550903010597,0.0,0.0,63.26487016369397,0.0
6.8500000000000005,0.0,-36.41280019295528,0.0,0.0,33.41845128927329,0.0,0.0,36.40815231212523,0.0,0.0,-106.67646693540063,0.0,0.0,64.71249984837733,0.0
6.855,0.0,-34.36307487745901,0.0,0.0,28.627695639209044,0.0,0.0,41.42399769479147,0.0,0.0,-109.81683620883472,0.0,0.0,65.65901997282134,0.0
6.86,0.0,-32.75318038969815,0.0,0.0,24.830490440010546,0.0,0.0,45.21212107242147,0.0,0.0,-111.94310438079626,0.0,0.0,66.23731051941176,0.0
6.865,0.0,-31.623935309480146,0.0,0.0,21.950192928433975,0.0,0.0,48.02204463010441,0.0,0.0,-113.31139138137668,0.0,0.0,66.53840737059508,0.0
6.87,0.0,-30.986613944545375,0.0,0.0,19.9085678346693,0.0,0.0,50.01526258087289,0.0,0.0,-114.05773524944082,0.0,0.0,66.60562969234634,0.0
6.875,0.0,-30.831825040316364,0.0,0.0,18.642346317088872,0.0,0.0,51.246998597914,0.0,0.0,-114.18587652358767,0.0,0.0,66.43094510606393,0.0
6.88,0.0,-31.131883173083082,0.0,0.0,18.110802209707682,0.0,0.0,51.65324182833474,0.0,0.0,-113.55607045603313,0.0,0.0,65.95124081794364,0.0
6.885,0.0,-31.83636170684779,0.0,0.0,18.295271021523536,0.0,0.0,51.0414309449484,0.0,0.0,-111.87406087904895,0.0,0.0,65.04436544261283,0.0
6.890000000000001,0.0,-32.86092118571199,0.0,0.0,19.189829203458935,0.0,0.0,49.089512039953206,0.0,0.0,-108.68672438341193,0.0,0.0,63.52764024709005,0.0
6.8950000000000005,0.0,-34.070702098993664,0.0,0.0,20.78082002168698,0.0,0.0,45.366026161720484,0.0,0.0,-103.40030494239056,0.0,0.0,61.16514254201513,0.0
6.9,0.0,-35.26261097477953,0.0,0.0,23.013156431176146,0.0,0.0,39.391232551689384,0.0,0.0,-95.34650630156739,0.0,0.0,57.69362359237233,0.0
6.905,0.0,-36.15608711378366,0.0,0.0,25.745818824385545,0.0,0.0,30.758955975131215,0.0,0.0,-83.92283635916567,0.0,0.0,52.87726415074767,0.0
6.91,0.0,-36.407226818656575,0.0,0.0,28.709591342610945,0.0,0.0,19.318400141611008,0.0,0.0,-68.81122827655173,0.0,0.0,46.592674391461145,0.0
6.915,0.0,-35.659857631176216,0.0,0.0,31.493511108897334,0.0,0.0,5.366880764157516,0.0,0.0,-50.22191897259624,0.0,0.0,38.92333439443568,0.0
6.92,0.0,-33.631222174689285,0.0,0.0,33.58942383539668,0.0,0.0,-10.250747653787814,0.0,0.0,-29.039609807904935,0.0,0.0,30.215589520166393,0.0
6.925,0.0,-30.201725756274875,0.0,0.0,34.500090248264954,0.0,0.0,-26.24179553814218,0.0,0.0,-6.737404635365589,0.0,0.0,21.044080566346786,0.0
6.93,0.0,-25.460399172424854,0.0,0.0,33.87069726644567,0.0,0.0,-41.17118992794195,0.0,0.0,14.966235016461024,0.0,0.0,12.077358854826162,0.0
6.9350000000000005,0.0,-19.676019234513305,0.0,0.0,31.575788734804526,0.0,0.0,-53.8352871763613,0.0,0.0,34.55755288082144,0.0,0.0,3.9023444278247297,0.0
6.94,0.0,-13.210055452520937,0.0,0.0,27.718449152697655,0.0,0.0,-63.51530784027108,0.0,0.0,51.05792993125531,0.0,0.0,-3.1041157636134287,0.0
6.945,0.0,-6.420035438676957,0.0,0.0,22.55613339032658,0.0,0.0,-70.01696370236398,0.0,0.0,64.1073567999834,0.0,0.0,-8.807169748255227,0.0
6.95,0.0,0.4052606888476378,0.0,0.0,16.404015380933238,0.0,0.0,-73.54293466904673,0.0,0.0,73.83979533988499,0.0,0.0,-13.264670847175621,0.0
6.955,0.0,7.067524568073905,0.0,0.0,9.559661035297845,0.0,0.0,-74.50888885560757,0.0,0.0,80.67548254824062,0.0,0.0,-16.645525257734327,0.0
6.96,0.0,13.4497158193463,0.0,0.0,2.2643823310144873,0.0,0.0,-73.38865655939166,0.0,0.0,85.13502612127348,0.0,0.0,-19.156629773590893,0.0
6.965,0.0,19.493835458383792,0.0,0.0,-5.30525042602935,0.0,0.0,-70.61954826880701,0.0,0.0,87.71867654891591,0.0,0.0,-20.99537628445093,0.0
6.97,0.0,25.17835136917535,0.0,0.0,-13.029181441780166,0.0,0.0,-66.56109584391183,0.0,0.0,88.84807041538403,0.0,0.0,-22.32669846617351,0.0
6.9750000000000005,0.0,30.500851441618963,0.0,0.0,-20.829899326444973,0.0,0.0,-61.48787955236156,0.0,0.0,88.85013786833059,0.0,0.0,-23.276737349428156,0.0
6.98,0.0,35.46677515417891,0.0,0.0,-28.658837542889202,0.0,0.0,-55.59911614725605,0.0,0.0,87.96327249409768,0.0,0.0,-23.935337420901043,0.0
6.985,0.0,40.08301072289199,0.0,0.0,-36.485479420337036,0.0,0.0,-49.03392632243697,0.0,0.0,86.35229207788876,0.0,0.0,-24.36208546515373,0.0
6.99,0.0,44.35470656679828,0.0,0.0,-44.28943211136621,0.0,0.0,-41.88663537363933,0.0,0.0,84.12488791922961,0.0,0.0,-24.593014067386587,0.0
6.995,0.0,48.28389412393201,0.0,0.0,-52.0549054965939,0.0,0.0,-34.219885475613424,0.0,0.0,81.34637924877099,0.0,0.0,-24.646706243056386,0.0
7.0,0.0,51.868927653181245,0.0,0.0,-59.766864245394395,0.0,0.0,-26.0751006379214,0.0,0.0,78.05184163478735,0.0,0.0,-24.52942406829917,0.0
7.005,0.0,55.10409761941438,0.0,0.0,-67.40821909157208,0.0,0.0,-17.480585094975716,0.0,0.0,74.2557118390089,0.0,0.0,-24.23929243980289,0.0
7.01,0.0,57.9790087453607,0.0,0.0,-74.95757720511419,0.0,0.0,-8.457751559876916,0.0,0.0,69.95933698959684,0.0,0.0,-23.769712552740856,0.0
7.015000000000001,0.0,60.47743724521146,0.0,0.0,-82.38718888166211,0.0,0.0,0.974028557120219,0.0,0.0,65.1569835876565,0.0,0.0,-23.112194304220452,0.0
7.0200000000000005,0.0,62.57541882183013,0.0,0.0,-89.66077648034532,0.0,0.0,10.793522880102001,0.0,0.0,59.840744900205934,0.0,0.0,-22.258757533789925,0.0
7.025,0.0,64.23829688052643,0.0,0.0,-96.73090596504535,0.0,0.0,20.974293026154342,0.0,0.0,54.00468147110663,0.0,0.0,-21.203996517107345,0.0
7.03,0.0,65.41640561267353,0.0,0.0,-103.53546628040314,0.0,0.0,31.48149294462614,0.0,0.0,47.64844731335022,0.0,0.0,-19.9468486205853,0.0
7.035,0.0,66.03900531994945,0.0,0.0,-109.99266832430199,0.0,0.0,42.268288801003706,0.0,0.0,40.78062115368196,0.0,0.0,-18.49206584716476,0.0
7.04,0.0,66.0060719976538,0.0,0.0,-115.99378741253061,0.0,0.0,53.271172598634315,0.0,0.0,33.421998307985994,0.0,0.0,-16.85136323457219,0.0
7.045,0.0,65.17764660191192,0.0,0.0,-121.3927055804458,0.0,0.0,64.40313973955162,0.0,0.0,25.609221358472116,0.0,0.0,-15.044215559118374,0.0
7.05,0.0,63.360808489739995,0.0,0.0,-125.9912825239885,0.0,0.0,75.54334327944079,0.0,0.0,17.399342552095685,0.0,0.0,-13.098296421093313,0.0
7.055,0.0,60.295184367995596,0.0,0.0,-129.51993689622645,0.0,0.0,86.52155414558482,0.0,0.0,8.876188998486867,0.0,0.0,-11.049598996038167,0.0
7.0600000000000005,0.0,55.6395914159512,0.0,0.0,-131.6139891291766,0.0,0.0,97.09585423761548,0.0,0.0,0.1596331208065962,0.0,0.0,-8.942331197969722,0.0
7.065,0.0,48.96537067027469,0.0,0.0,-131.78899150857623,0.0,0.0,106.9230808418458,0.0,0.0,-8.581214470942829,0.0,0.0,-6.828704272532207,0.0
7.07,0.0,39.766442228541216,0.0,0.0,-129.42329659795536,0.0,0.0,115.5246502019361,0.0,0.0,-17.11080094221379,0.0,0.0,-4.768666510778655,0.0
7.075,0.0,27.501438955261413,0.0,0.0,-123.76392024067539,0.0,0.0,122.25679951459028,0.0,0.0,-25.10840793225484,0.0,0.0,-2.8293764770599763,0.0
7.08,0.0,11.686426182974031,0.0,0.0,-113.9807761351945,0.0,0.0,126.30457907793394,0.0,0.0,-32.1554111515765,0.0,0.0,-1.0836805067791744,0.0
7.085,0.0,-7.94932758316694,0.0,0.0,-99.29827162565124,0.0,0.0,126.73043913078337,0.0,0.0,-37.743068901237585,0.0,0.0,0.39386866396841125,0.0
7.09,0.0,-31.257421382897828,0.0,0.0,-79.21898515090028,0.0,0.0,122.61129679612402,0.0,0.0,-41.32068710753664,0.0,0.0,1.5353528875860203,0.0
7.095,0.0,-57.4760684143802,0.0,0.0,-53.80725442320822,0.0,0.0,113.27525968731443,0.0,0.0,-42.39877775335815,0.0,0.0,2.293184300396181,0.0
7.1000000000000005,0.0,-85.16142781862385,0.0,0.0,-23.92593300645255,0.0,0.0,98.58858969517681,0.0,0.0,-40.69643442076439,0.0,0.0,2.656892860262607,0.0
7.105,0.0,-112.35848257723698,0.0,0.0,8.732194295666385,0.0,0.0,79.16717171477089,0.0,0.0,-36.28063189595475,0.0,0.0,2.6659924997834734,0.0
7.11,0.0,-137.0227709057675,0.0,0.0,41.92553563031033,0.0,0.0,56.36506610663274,0.0,0.0,-29.618642799209663,0.0,0.0,2.409785626441022,0.0
7.115,0.0,-157.53720960554583,0.0,0.0,73.3925138539355,0.0,0.0,31.987980381442583,0.0,0.0,-21.49299358877749,0.0,0.0,2.0099586221496413,0.0
7.12,0.0,-173.07835114233623,0.0,0.0,101.39178179794587,0.0,0.0,7.8469784707299155,0.0,0.0,-12.807368140278097,0.0,0.0,1.5922119872474836,0.0
7.125,0.0,-183.67501187315972,0.0,0.0,125.00914064864567,0.0,0.0,-14.636017908164998,0.0,0.0,-4.377429050329225,0.0,0.0,1.2601305489054235,0.0
7.13,0.0,-189.9931767197306,0.0,0.0,144.14934143426106,0.0,0.0,-34.61833062020587,0.0,0.0,3.2045298029446556,0.0,0.0,1.0817034352143624,0.0
7.135,0.0,-193.00685808922984,0.0,0.0,159.30845826351384,0.0,0.0,-51.81157025950763,0.0,0.0,9.60229539196975,0.0,0.0,1.0900204763527483,0.0
7.140000000000001,0.0,-193.70533671493138,0.0,0.0,171.28406718390303,0.0,0.0,-66.32985684600122,0.0,0.0,14.69277287985766,0.0,0.0,1.2928932325272289,0.0
7.1450000000000005,0.0,-192.9038276611363,0.0,0.0,180.9339621882761,0.0,0.0,-78.50964966094956,0.0,0.0,18.491826226512046,0.0,0.0,1.685050650114433,0.0
7.15,0.0,-191.15074130874115,0.0,0.0,189.0185881257135,0.0,0.0,-88.75843786331671,0.0,0.0,21.081263820148717,0.0,0.0,2.259070395669778,0.0
7.155,0.0,-188.69252525285398,0.0,0.0,196.11157687633403,0.0,0.0,-97.44572727456303,0.0,0.0,22.549852048632047,0.0,0.0,3.014098373376025,0.0
7.16,0.0,-185.45640827964584,0.0,0.0,202.54429729191173,0.0,0.0,-104.8241852489403,0.0,0.0,22.947547348015593,0.0,0.0,3.9631254647660095,0.0
7.165,0.0,-181.02352959222833,0.0,0.0,208.3508000157299,0.0,0.0,-110.96005278331253,0.0,0.0,22.24635554808891,0.0,0.0,5.140045678096874,0.0
7.17,0.0,-174.58030742212154,0.0,0.0,213.18728350465807,0.0,0.0,-115.65315430385363,0.0,0.0,20.301448453177713,0.0,0.0,6.607155939188241,0.0
7.175,0.0,-164.85598931367696,0.0,0.0,216.21340236433994,0.0,0.0,-118.33580152458543,0.0,0.0,16.811705330643907,0.0,0.0,8.46199833107411,0.0
7.18,0.0,-150.0888971189142,0.0,0.0,215.9507573118115,0.0,0.0,-117.96259080281403,0.0,0.0,11.292197565877718,0.0,0.0,10.838710877488358,0.0
7.1850000000000005,0.0,-128.12424874079449,0.0,0.0,210.1956110833319,0.0,0.0,-112.95286550082412,0.0,0.0,3.0964817638307505,0.0,0.0,13.892619546288511,0.0
7.19,0.0,-96.8219751510814,0.0,0.0,196.1699165112858,0.0,0.0,-101.33093937013513,0.0,0.0,-8.439683987367262,0.0,0.0,17.749822417155492,0.0
7.195,0.0,-54.95441771141658,0.0,0.0,171.19076760260447,0.0,0.0,-81.27693397024971,0.0,0.0,-23.655085335394265,0.0,0.0,22.407078166692063,0.0
7.2,0.0,-3.494710159757844,0.0,0.0,134.00578994893027,0.0,0.0,-52.179645766432515,0.0,0.0,-42.04953343147759,0.0,0.0,27.603263964912056,0.0
7.205,0.0,53.46615458047609,0.0,0.0,86.30796302501707,0.0,0.0,-15.773024199447484,0.0,0.0,-61.90036744860653,0.0,0.0,32.75523945199997,0.0
7.21,0.0,109.37887463868242,0.0,0.0,33.134254354868354,0.0,0.0,23.66541172378868,0.0,0.0,-80.50217250002656,0.0,0.0,37.07967069446555,0.0
7.215,0.0,157.73337355128285,0.0,0.0,-18.813643866045222,0.0,0.0,60.735091099825134,0.0,0.0,-95.14892513296452,0.0,0.0,39.89063718499614,0.0
7.22,0.0,194.72782894674003,0.0,0.0,-63.971486543228636,0.0,0.0,91.10322371268582,0.0,0.0,-104.18817680112822,0.0,0.0,40.859225865431185,0.0
7.2250000000000005,0.0,220.10809376293727,0.0,0.0,-99.6795261501759,0.0,0.0,112.77313737873284,0.0,0.0,-107.33621078361378,0.0,0.0,40.03706527979705,0.0
7.23,0.0,236.0689733059309,0.0,0.0,-126.0027038755793,0.0,0.0,125.8180523077949,0.0,0.0,-105.2205783977799,0.0,0.0,37.684364026847156,0.0
7.235,0.0,245.59589026852683,0.0,0.0,-144.47682474832138,0.0,0.0,131.34777802443134,0.0,0.0,-98.72295178231855,0.0,0.0,34.08051032973959,0.0
7.24,0.0,251.32619596098158,0.0,0.0,-156.934797776259,0.0,0.0,130.6172372355049,0.0,0.0,-88.5640559779306,0.0,0.0,29.42602340508838,0.0
7.245,0.0,255.10782382665045,0.0,0.0,-164.87128930719865,0.0,0.0,124.60260746314378,0.0,0.0,-75.19890734852935,0.0,0.0,23.836098516092527,0.0
7.25,0.0,257.9931912607634,0.0,0.0,-169.2680904471083,0.0,0.0,113.95592292790866,0.0,0.0,-58.90874727842472,0.0,0.0,17.384747485253943,0.0
7.255,0.0,260.4117664619428,0.0,0.0,-170.6746016349535,0.0,0.0,99.15775710192314,0.0,0.0,-39.969768148579206,0.0,0.0,10.16369399577185,0.0
7.26,0.0,262.390157935245,0.0,0.0,-169.39110326495066,0.0,0.0,80.72585261105802,0.0,0.0,-18.813520219984447,0.0,0.0,2.3315340848421844,0.0
7.265000000000001,0.0,263.77047996666386,0.0,0.0,-165.66250019556,0.0,0.0,59.37739847745182,0.0,0.0,3.884890864895942,0.0,0.0,-5.865539604565656,0.0
7.2700000000000005,0.0,264.3980461929623,0.0,0.0,-159.81770343228908,0.0,0.0,36.07117253150916,0.0,0.0,27.2345531992726,0.0,0.0,-14.113276079310458,0.0
7.275,0.0,264.2415097025587,0.0,0.0,-152.30820355223648,0.0,0.0,11.90104108280726,0.0,0.0,50.27418682810302,0.0,0.0,-22.086036867132997,0.0
7.28,0.0,263.40924152904483,0.0,0.0,-143.6330644237337,0.0,0.0,-12.119887158073155,0.0,0.0,72.17935961127587,0.0,0.0,-29.51837761874159,0.0
7.285,0.0,262.0496794409588,0.0,0.0,-134.1809495553892,0.0,0.0,-35.29030128112381,0.0,0.0,92.4398132490515,0.0,0.0,-36.25959143106279,0.0
7.29,0.0,260.1546192172076,0.0,0.0,-124.04454635214944,0.0,0.0,-57.37145575075167,0.0,0.0,110.9309847294029,0.0,0.0,-42.28758761381732,0.0
7.295,0.0,257.2975709672899,0.0,0.0,-112.85338426784747,0.0,0.0,-78.6099882569647,0.0,0.0,127.85541828142846,0.0,0.0,-47.67745361328706,0.0
7.3,0.0,252.3326064363652,0.0,0.0,-99.64711450914766,0.0,0.0,-99.63323992011928,0.0,0.0,143.57086801994544,0.0,0.0,-52.53345421935776,0.0
7.305,0.0,243.08561029210242,0.0,0.0,-82.8130467679815,0.0,0.0,-121.22165237463767,0.0,0.0,158.32311786551253,0.0,0.0,-56.892665401967044,0.0
7.3100000000000005,0.0,226.14279710757936,0.0,0.0,-60.17209470214247,0.0,0.0,-143.92054382627938,0.0,0.0,171.87612527540617,0.0,0.0,-60.600455184683895,0.0
7.315,0.0,197.0200542162429,0.0,0.0,-29.414907632283892,0.0,0.0,-167.41297840584585,0.0,0.0,183.03093876517605,0.0,0.0,-63.160505476506124,0.0
7.32,0.0,151.21070112531743,0.0,0.0,10.83125252177382,0.0,0.0,-189.6450877377899,0.0,0.0,189.1244398935448,0.0,0.0,-63.59826135259013,0.0
7.325,0.0,86.50110121303453,0.0,0.0,59.260120244200934,0.0,0.0,-206.02250076659809,0.0,0.0,185.8519549198578,0.0,0.0,-60.456895966220856,0.0
7.33,0.0,5.952549279938517,0.0,0.0,110.26474528425051,0.0,0.0,-209.55007721531956,0.0,0.0,168.0324008464115,0.0,0.0,-52.117439405354716,0.0
7.335,0.0,-80.64847896979029,0.0,0.0,154.21324994019193,0.0,0.0,-192.97192322456812,0.0,0.0,131.78503733884256,0.0,0.0,-37.55985707940861,0.0
7.34,0.0,-159.18423319931446,0.0,0.0,180.90868438414913,0.0,0.0,-152.8699279469838,0.0,0.0,77.60669886730392,0.0,0.0,-17.35209608583352,0.0
7.345,0.0,-216.97640290153566,0.0,0.0,184.84209599979542,0.0,0.0,-93.39990233495061,0.0,0.0,12.343641329439023,0.0,0.0,5.816829690281374,0.0
7.3500000000000005,0.0,-248.30657464548193,0.0,0.0,168.33415029441568,0.0,0.0,-25.950373082120954,0.0,0.0,-52.52170029844585,0.0,0.0,27.882786717514453,0.0
7.355,0.0,-255.85404026530355,0.0,0.0,139.66693234829518,0.0,0.0,36.424459186157065,0.0,0.0,-106.29610336524526,0.0,0.0,45.32627141929281,0.0
7.36,0.0,-247.42599721128343,0.0,0.0,107.9023017040094,0.0,0.0,85.38496771603116,0.0,0.0,-143.9030556636178,0.0,0.0,56.723590688334035,0.0
7.365,0.0,-231.2294468618073,0.0,0.0,78.98054699895947,0.0,0.0,119.22917504544412,0.0,0.0,-166.23330277105876,0.0,0.0,62.69495361849383,0.0
7.37,0.0,-213.11571472023684,0.0,0.0,55.17144310963978,0.0,0.0,140.55844868219097,0.0,0.0,-177.25291238409736,0.0,0.0,64.81190948798147,0.0
7.375,0.0,-196.27684110987644,0.0,0.0,36.4280074733231,0.0,0.0,153.22478527417695,0.0,0.0,-181.21343637856137,0.0,0.0,64.63621200782026,0.0
7.38,0.0,-182.06469019990527,0.0,0.0,21.789755353848314,0.0,0.0,160.5825885116222,0.0,0.0,-181.36419107704128,0.0,0.0,63.316060322091985,0.0
7.385,0.0,-170.8585853569206,0.0,0.0,10.188769334314614,0.0,0.0,164.97511063393074,0.0,0.0,-179.76847519467088,0.0,0.0,61.559353836005165,0.0
7.390000000000001,0.0,-162.63689815005,0.0,0.0,0.7737692346797687,0.0,0.0,167.79497277387742,0.0,0.0,-177.5300810889693,0.0,0.0,59.73349308939265,0.0
7.3950000000000005,0.0,-157.27996487357552,0.0,0.0,-7.0006612450847,0.0,0.0,169.66774786928204,0.0,0.0,-175.0412728579493,0.0,0.0,57.96095947113281,0.0
7.4,0.0,-154.70494660057687,0.0,0.0,-13.35789215864866,0.0,0.0,170.5708876914209,0.0,0.0,-172.12031547819035,0.0,0.0,56.170381448300155,0.0
7.405,0.0,-154.90145294413514,0.0,0.0,-18.181617016107836,0.0,0.0,169.83844330755124,0.0,0.0,-168.02003301356385,0.0,0.0,54.10001178160213,0.0
7.41,0.0,-157.88977344703696,0.0,0.0,-20.97843510057122,0.0,0.0,166.0666584649269,0.0,0.0,-161.33482361462984,0.0,0.0,51.26441057679889,0.0
7.415,0.0,-163.5843348582669,0.0,0.0,-20.852734270462324,0.0,0.0,157.00679509430768,0.0,0.0,-149.8911585380449,0.0,0.0,46.9135544264543,0.0
7.42,0.0,-171.52951418334146,0.0,0.0,-16.59940886354163,0.0,0.0,139.67296087503965,0.0,0.0,-130.83365510082217,0.0,0.0,40.05654744004679,0.0
7.425,0.0,-180.53260195259278,0.0,0.0,-7.101601732554233,0.0,0.0,111.0830428916548,0.0,0.0,-101.29587489730365,0.0,0.0,29.683690337718705,0.0
7.43,0.0,-188.4187209189571,0.0,0.0,7.838310027407243,0.0,0.0,69.98774575834915,0.0,0.0,-59.99399117418135,0.0,0.0,15.306881856233636,0.0
7.4350000000000005,0.0,-192.37534893538384,0.0,0.0,26.56659673511839,0.0,0.0,19.02341896497815,0.0,0.0,-9.239620279064948,0.0,0.0,-2.3452327949344713,0.0
7.44,0.0,-190.1268834701143,0.0,0.0,45.53516224214403,0.0,0.0,-34.794573981041175,0.0,0.0,44.550484538823774,0.0,0.0,-21.130447902678647,0.0
7.445,0.0,-181.19099392270812,0.0,0.0,60.78016070317127,0.0,0.0,-82.90373800649597,0.0,0.0,93.43050664120327,0.0,0.0,-38.34968884097506,0.0
7.45,0.0,-166.9635034529843,0.0,0.0,69.83476867040788,0.0,0.0,-119.43413263822376,0.0,0.0,131.87054860787595,0.0,0.0,-52.09329066723119,0.0
7.455,0.0,-149.568813122463,0.0,0.0,72.35162355983631,0.0,0.0,-143.06741555683425,0.0,0.0,158.55253189279122,0.0,0.0,-61.87510279637169,0.0
7.46,0.0,-130.6573927770438,0.0,0.0,69.31238534134418,0.0,0.0,-155.75608747339552,0.0,0.0,175.24226432243714,0.0,0.0,-68.2678774557148,0.0
7.465,0.0,-110.94834460897243,0.0,0.0,61.964475452165,0.0,0.0,-160.49564561546237,0.0,0.0,184.72871169685635,0.0,0.0,-72.20621654207761,0.0
7.47,0.0,-90.38601270178006,0.0,0.0,51.23488454485315,0.0,0.0,-159.87461941496173,0.0,0.0,189.44440229779912,0.0,0.0,-74.51135561301393,0.0
7.4750000000000005,0.0,-68.50363605329912,0.0,0.0,37.6250473221683,0.0,0.0,-155.59159950676133,0.0,0.0,190.9709023870545,0.0,0.0,-75.71489008033225,0.0
7.48,0.0,-44.76409760410203,0.0,0.0,21.342060108391998,0.0,0.0,-148.49934440129957,0.0,0.0,190.03780645275063,0.0,0.0,-76.05176250235596,0.0
7.485,0.0,-18.82058569936998,0.0,0.0,2.4872096514342736,0.0,0.0,-138.81247405246995,0.0,0.0,186.68515943609233,0.0,0.0,-75.51095135388006,0.0
7.49,0.0,9.30204177130804,0.0,0.0,-18.778046230177768,0.0,0.0,-126.31860054559394,0.0,0.0,180.44591625915075,0.0,0.0,-73.8954203472251,0.0
7.495,0.0,39.10300626387206,0.0,0.0,-42.11134123482475,0.0,0.0,-110.5613284012403,0.0,0.0,170.52393106667483,0.0,0.0,-70.88384711100417,0.0
7.5,0.0,69.57884918576738,0.0,0.0,-66.9070919175822,0.0,0.0,-91.02513587405863,0.0,0.0,155.9979798762066,0.0,0.0,-66.10568836137367,0.0
7.505,0.0,99.27316264298008,0.0,0.0,-92.23668999366562,0.0,0.0,-67.37326838900287,0.0,0.0,136.10010419988745,0.0,0.0,-59.24681393800421,0.0
7.51,0.0,126.41510845506193,0.0,0.0,-116.82098990368289,0.0,0.0,-39.75910582785676,0.0,0.0,110.58812243259723,0.0,0.0,-50.19173087534928,0.0
7.515000000000001,0.0,149.18360535553478,0.0,0.0,-139.10127649746883,0.0,0.0,-9.128133850038413,0.0,0.0,80.13047883296431,0.0,0.0,-39.17058541773469,0.0
7.5200000000000005,0.0,166.11043643090576,0.0,0.0,-157.49405045141407,0.0,0.0,22.696685168650465,0.0,0.0,46.48296485724723,0.0,0.0,-26.827898209302,0.0
7.525,0.0,176.51431205500296,0.0,0.0,-170.80995852855284,0.0,0.0,53.33825265690514,0.0,0.0,12.221696674449968,0.0,0.0,-14.124265784386942,0.0
7.53,0.0,180.7329157381332,0.0,0.0,-178.6345278093857,0.0,0.0,80.53250845347958,0.0,0.0,-19.955550066973224,0.0,0.0,-2.074111757347378,0.0
7.535,0.0,179.9801726296772,0.0,0.0,-181.41955937897393,0.0,0.0,102.77397908104919,0.0,0.0,-48.001130303999055,0.0,0.0,8.547635223917633,0.0
7.54,0.0,175.9020682184682,0.0,0.0,-180.22506365765994,0.0,0.0,119.57402763137925,0.0,0.0,-70.93718253002572,0.0,0.0,17.369972877260164,0.0
7.545,0.0,170.08539099682326,0.0,0.0,-176.28803557689764,0.0,0.0,131.2744649118008,0.0,0.0,-88.79019732643027,0.0,0.0,24.408842229275145,0.0
7.55,0.0,163.725889332208,0.0,0.0,-170.6422454503871,0.0,0.0,138.63226311948193,0.0,0.0,-102.224654349702,0.0,0.0,29.93523353488878,0.0
7.555,0.0,157.49488980526723,0.0,0.0,-163.89199212191195,0.0,0.0,142.41488345823595,0.0,0.0,-112.13297207390308,0.0,0.0,34.32398477379593,0.0
7.5600000000000005,0.0,151.5298798606207,0.0,0.0,-156.1173366436784,0.0,0.0,143.11728662173178,0.0,0.0,-119.32558667342867,0.0,0.0,37.93730239031586,0.0
7.565,0.0,145.46205950737308,0.0,0.0,-146.84771595572215,0.0,0.0,140.80077148925105,0.0,0.0,-124.3392425548847,0.0,0.0,41.04902607124228,0.0
7.57,0.0,138.4403198993731,0.0,0.0,-135.07264681893537,0.0,0.0,135.02522701338958,0.0,0.0,-127.32699646780587,0.0,0.0,43.79286089178153,0.0
7.575,0.0,129.17786947289363,0.0,0.0,-119.32707557610986,0.0,0.0,124.88430809056838,0.0,0.0,-128.00484383990602,0.0,0.0,46.119462658478625,0.0
7.58,0.0,116.1192021953979,0.0,0.0,-97.96640197890699,0.0,0.0,109.22021227713985,0.0,0.0,-125.68036707474906,0.0,0.0,47.76626578857018,0.0
7.585,0.0,97.86571448802553,0.0,0.0,-69.77182579854735,0.0,0.0,87.12794922940826,0.0,0.0,-119.4457696786209,0.0,0.0,48.27439127984791,0.0
7.59,0.0,73.90375767121932,0.0,0.0,-34.866994097541465,0.0,0.0,58.73865968066636,0.0,0.0,-108.61079502043002,0.0,0.0,47.10831243514605,0.0
7.595,0.0,45.34793428581804,0.0,0.0,4.502453266987642,0.0,0.0,25.916140658893827,0.0,0.0,-93.28119485472955,0.0,0.0,43.89638671919175,0.0
7.6000000000000005,0.0,15.051629493150662,0.0,0.0,44.13511112827332,0.0,0.0,-7.818203615291559,0.0,0.0,-74.70508456999164,0.0,0.0,38.68652983802496,0.0
7.605,0.0,-13.338194455163043,0.0,0.0,79.3341398391719,0.0,0.0,-38.45925516622086,0.0,0.0,-54.98602085268432,0.0,0.0,32.01379218574324,0.0
7.61,0.0,-36.86470678585015,0.0,0.0,106.78715792873156,0.0,0.0,-63.09242930205756,0.0,0.0,-36.26409215579946,0.0,0.0,24.690844877033303,0.0
7.615,0.0,-54.2038481727486,0.0,0.0,125.50290268388561,0.0,0.0,-80.7191099076442,0.0,0.0,-19.975481296331072,0.0,0.0,17.482025928142164,0.0
7.62,0.0,-65.59158416058531,0.0,0.0,136.422141032363,0.0,0.0,-91.97444203638219,0.0,0.0,-6.643216260117811,0.0,0.0,10.892632835830238,0.0
7.625,0.0,-72.15580899719691,0.0,0.0,141.4118105612575,0.0,0.0,-98.30577014489528,0.0,0.0,3.8855806115764935,0.0,0.0,5.144730772354161,0.0
7.63,0.0,-75.25755293018716,0.0,0.0,142.4187167914678,0.0,0.0,-101.26350336640645,0.0,0.0,12.084524701394717,0.0,0.0,0.2608594331051046,0.0
7.635,0.0,-76.10988458827806,0.0,0.0,141.04699285722026,0.0,0.0,-102.1379458073246,0.0,0.0,18.487247872059164,0.0,0.0,-3.838222454282698,0.0
7.640000000000001,0.0,-75.64772219142412,0.0,0.0,138.4613209774192,0.0,0.0,-101.8686961417393,0.0,0.0,23.558841677095003,0.0,0.0,-7.2648792796309305,0.0
7.6450000000000005,0.0,-74.53492330608832,0.0,0.0,135.44569965035356,0.0,0.0,-101.08697318286801,0.0,0.0,27.65774578855534,0.0,0.0,-10.128221888493618,0.0
7.65,0.0,-73.22057988651022,0.0,0.0,132.50392114222203,0.0,0.0,-100.19540534918197,0.0,0.0,31.041096374610134,0.0,0.0,-12.519368988487662,0.0
7.655,0.0,-71.99982034403695,0.0,0.0,129.9509554763428,0.0,0.0,-99.44181832082157,0.0,0.0,33.88413986719128,0.0,0.0,-14.507938856160923,0.0
7.66,0.0,-71.06295716176142,0.0,0.0,127.9808636666145,0.0,0.0,-98.97416569483242,0.0,0.0,36.29990035130128,0.0,0.0,-16.14313467195847,0.0
7.665,0.0,-70.53008538715073,0.0,0.0,126.71179518493038,0.0,0.0,-98.87651629463544,0.0,0.0,38.35407375784445,0.0,0.0,-17.455951742696666,0.0
7.67,0.0,-70.47267579050907,0.0,0.0,126.2124495126644,0.0,0.0,-99.18940586016572,0.0,0.0,40.073927045170144,0.0,0.0,-18.460904075804585,0.0
7.675,0.0,-70.92414333988567,0.0,0.0,126.51368822415095,0.0,0.0,-99.91737423122004,0.0,0.0,41.451118893143146,0.0,0.0,-19.156580627468877,0.0
7.68,0.0,-71.88022000596568,0.0,0.0,127.60671785927136,0.0,0.0,-101.02464250704003,0.0,0.0,42.438270164672694,0.0,0.0,-19.52472050047043,0.0
7.6850000000000005,0.0,-73.28814274236376,0.0,0.0,129.426367941522,0.0,0.0,-102.41748241827406,0.0,0.0,42.93852933916666,0.0,0.0,-19.527650971579224,0.0
7.69,0.0,-75.0214680981787,0.0,0.0,131.81461532051287,0.0,0.0,-103.90911715140429,0.0,0.0,42.78675325722064,0.0,0.0,-19.104112991595066,0.0
7.695,0.0,-76.83509532081803,0.0,0.0,134.45593729407142,0.0,0.0,-105.16041369648718,0.0,0.0,41.72091561577958,0.0,0.0,-18.16402904698115,0.0
7.7,0.0,-78.29423853316577,0.0,0.0,136.77407488330897,0.0,0.0,-105.58910155367052,0.0,0.0,39.34453698021999,0.0,0.0,-16.584225508668464,0.0
7.705,0.0,-78.67610409914474,0.0,0.0,137.78542778359179,0.0,0.0,-104.24767811437725,0.0,0.0,35.08889113864383,0.0,0.0,-14.210503996312474,0.0
7.71,0.0,-76.86460236221934,0.0,0.0,135.93282237312417,0.0,0.0,-99.69927204194914,0.0,0.0,28.203931772386674,0.0,0.0,-10.87790146702511,0.0
7.715,0.0,-71.31402500099274,0.0,0.0,129.0011727057104,0.0,0.0,-89.99300070216403,0.0,0.0,17.844965293711173,0.0,0.0,-6.469532315799893,0.0
7.72,0.0,-60.25174442207727,0.0,0.0,114.35549665181848,0.0,0.0,-72.9579583225635,0.0,0.0,3.3627785831505754,0.0,0.0,-1.0351460499411687,0.0
7.7250000000000005,0.0,-42.34145481946136,0.0,0.0,89.83627326159433,0.0,0.0,-47.087134929337296,0.0,0.0,-15.13360912061069,0.0,0.0,5.044194419850854,0.0
7.73,0.0,-17.789617532474587,0.0,0.0,55.34422103740816,0.0,0.0,-12.951928583003847,0.0,0.0,-36.13797784174599,0.0,0.0,10.954730036568389,0.0
7.735,0.0,10.813111564594669,0.0,0.0,14.168960023504859,0.0,0.0,25.801335067163173,0.0,0.0,-56.6627789080198,0.0,0.0,15.605826161934331,0.0
7.74,0.0,39.05673525388566,0.0,0.0,-27.599622476033122,0.0,0.0,63.310637067260615,0.0,0.0,-73.27511574011183,0.0,0.0,18.09434877645814,0.0
7.745,0.0,62.745637829400884,0.0,0.0,-63.84021524997025,0.0,0.0,94.18092742771164,0.0,0.0,-83.7237927279156,0.0,0.0,18.155871025373195,0.0
7.75,0.0,79.73956487965214,0.0,0.0,-91.1071032371756,0.0,0.0,115.78794925426311,0.0,0.0,-87.76777303358435,0.0,0.0,16.198304781049934,0.0
7.755,0.0,90.19074229095398,0.0,0.0,-109.1720814100475,0.0,0.0,128.4629030205278,0.0,0.0,-86.67653656527479,0.0,0.0,12.951534296913426,0.0
7.76,0.0,95.57186030173636,0.0,0.0,-119.79047043818856,0.0,0.0,134.16959999910867,0.0,0.0,-82.19177719843164,0.0,0.0,9.096564122795831,0.0
7.765000000000001,0.0,97.63136295627973,0.0,0.0,-125.25123017101137,0.0,0.0,135.15534250267083,0.0,0.0,-75.80083939636245,0.0,0.0,5.0946010352712925,0.0
7.7700000000000005,0.0,97.82823757547732,0.0,0.0,-127.54203675653558,0.0,0.0,133.24925142274117,0.0,0.0,-68.50012523514889,0.0,0.0,1.1865399886808117,0.0
7.775,0.0,97.18560539598542,0.0,0.0,-128.09657403326392,0.0,0.0,129.69934093208536,0.0,0.0,-60.84415560828928,0.0,0.0,-2.541855016573786,0.0
7.78,0.0,96.34311642845387,0.0,0.0,-127.8356673540162,0.0,0.0,125.25623600608267,0.0,0.0,-53.07748122922648,0.0,0.0,-6.094659321675964,0.0
7.785,0.0,95.65857669467795,0.0,0.0,-127.29316615525781,0.0,0.0,120.31328513064398,0.0,0.0,-45.25378945604246,0.0,0.0,-9.52041258381905,0.0
7.79,0.0,95.2963941339698,0.0,0.0,-126.7342416858178,0.0,0.0,115.02704460941153,0.0,0.0,-37.31895274382237,0.0,0.0,-12.885334105294401,0.0
7.795,0.0,95.28805932353382,0.0,0.0,-126.24103640160077,0.0,0.0,109.40226289961589,0.0,0.0,-29.163009875618975,0.0,0.0,-16.258712890764993,0.0
7.8,0.0,95.56765040031978,0.0,0.0,-125.7671187120492,0.0,0.0,103.34694370248005,0.0,0.0,-20.65183245672633,0.0,0.0,-19.704935316007514,0.0
7.805000000000001,0.0,95.9894858179925,0.0,0.0,-125.16913294446607,0.0,0.0,96.70730603503839,0.0,0.0,-11.647545431558685,0.0,0.0,-23.278553859291062,0.0
7.8100000000000005,0.0,96.33478763405903,0.0,0.0,-124.22412907022596,0.0,0.0,89.2912184232029,0.0,0.0,-2.023873017241766,0.0,0.0,-27.020351847907776,0.0
7.815,0.0,96.31336684433019,0.0,0.0,-122.63975816579675,0.0,0.0,80.88658811134177,0.0,0.0,8.319756420111927,0.0,0.0,-30.953370695272092,0.0
7.82,0.0,95.56610952747609,0.0,0.0,-120.06366891680877,0.0,0.0,71.27960157468068,0.0,0.0,19.443121056759228,0.0,0.0,-35.078505768071004,0.0
7.825,0.0,93.67455996468705,0.0,0.0,-116.09839598546094,0.0,0.0,60.27675823996568,0.0,0.0,31.348071969680177,0.0,0.0,-39.36973423245511,0.0
7.83,0.0,90.1846632449795,0.0,0.0,-110.32839502717492,0.0,0.0,47.733855111983935,0.0,0.0,43.959469636417836,0.0,0.0,-43.76948165832146,0.0
7.835,0.0,84.6514731918791,0.0,0.0,-102.36545286895668,0.0,0.0,33.593486757591634,0.0,0.0,57.106059866427415,0.0,0.0,-48.185212138886655,0.0
7.84,0.0,76.70812763969778,0.0,0.0,-91.91531354140183,0.0,0.0,17.928838038915927,0.0,0.0,70.50595074600058,0.0,0.0,-52.48908307057395,0.0
7.845,0.0,66.15316658725172,0.0,0.0,-78.85956843742122,0.0,0.0,0.9847049257664793,0.0,0.0,83.76476039451435,0.0,0.0,-56.523149715014654,0.0
7.8500000000000005,0.0,53.03527105316814,0.0,0.0,-63.33263676392719,0.0,0.0,-16.80142974222523,0.0,0.0,96.39616584853782,0.0,0.0,-60.112288298447915,0.0
7.855,0.0,37.70015900444359,0.0,0.0,-45.760400326629686,0.0,0.0,-34.81853581658436,0.0,0.0,107.87033610763453,0.0,0.0,-63.08462173210063,0.0
7.86,0.0,20.764115698413335,0.0,0.0,-26.827881098741067,0.0,0.0,-52.35144653733157,0.0,0.0,117.68304607526153,0.0,0.0,-65.2946789458162,0.0
7.865,0.0,3.003342260161965,0.0,0.0,-7.3684197585605755,0.0,0.0,-68.68573320783618,0.0,0.0,125.42180172542044,0.0,0.0,-66.64013276822543,0.0
7.87,0.0,-14.809461351174782,0.0,0.0,11.792102667630132,0.0,0.0,-83.20727279717516,0.0,0.0,130.7974799781136,0.0,0.0,-67.06276290391607,0.0
7.875,0.0,-32.058010463297144,0.0,0.0,29.97325281881265,0.0,0.0,-95.44998358159813,0.0,0.0,133.6209415860911,0.0,0.0,-66.53023992556452,0.0
7.88,0.0,-48.36498604015619,0.0,0.0,46.7039412290141,0.0,0.0,-105.0680371724048,0.0,0.0,133.72977020971635,0.0,0.0,-65.0044594502475,0.0
7.885,0.0,-63.57925065477316,0.0,0.0,61.693144747144515,0.0,0.0,-111.74590662120823,0.0,0.0,130.8951230085296,0.0,0.0,-62.40907988919124,0.0
7.890000000000001,0.0,-77.68210271767558,0.0,0.0,74.72951357863289,0.0,0.0,-115.0892975244441,0.0,0.0,124.7513146175892,0.0,0.0,-58.61116366546487,0.0
7.8950000000000005,0.0,-90.64967258662415,0.0,0.0,85.55679323445142,0.0,0.0,-114.55399136510223,0.0,0.0,114.7925781223438,0.0,0.0,-53.43106778131345,0.0
7.9,0.0,-102.3161072190556,0.0,0.0,93.78102170858563,0.0,0.0,-109.47199821596226,0.0,0.0,100.4768260010643,0.0,0.0,-46.692242074840316,0.0
7.905,0.0,-112.28746820679633,0.0,0.0,98.86617871814842,0.0,0.0,-99.22246895003794,0.0,0.0,81.45670600742808,0.0,0.0,-38.31425383483158,0.0
7.91,0.0,-119.96071933362637,0.0,0.0,100.26047797969728,0.0,0.0,-83.54687402470371,0.0,0.0,57.90166012886945,0.0,0.0,-28.430140155608257,0.0
7.915,0.0,-124.68317395352588,0.0,0.0,97.64278241011145,0.0,0.0,-62.90587239167941,0.0,0.0,30.776719721377283,0.0,0.0,-17.473988084620068,0.0
7.92,0.0,-126.0185520071646,0.0,0.0,91.1854526435372,0.0,0.0,-38.66493436425448,0.0,0.0,1.8702936040609783,0.0,0.0,-6.1639525452342685,0.0
7.925,0.0,-123.99071011495587,0.0,0.0,81.66388876126976,0.0,0.0,-12.908663995366195,0.0,0.0,-26.561393928239735,0.0,0.0,4.656071735509359,0.0
7.930000000000001,0.0,-119.15048946309773,0.0,0.0,70.30510969261093,0.0,0.0,12.099033612077848,0.0,0.0,-52.41622035210478,0.0,0.0,14.25657804550501,0.0
7.9350000000000005,0.0,-112.41809038042908,0.0,0.0,58.44605073549747,0.0,0.0,34.52573405369342,0.0,0.0,-74.30091776958629,0.0,0.0,22.21434175782193,0.0
7.94,0.0,-104.80671658283964,0.0,0.0,47.200075163637166,0.0,0.0,53.32832258785266,0.0,0.0,-91.73935436131485,0.0,0.0,28.462028587462736,0.0
7.945,0.0,-97.18491754657873,0.0,0.0,37.28648178073647,0.0,0.0,68.25103753777543,0.0,0.0,-105.0201290358175,0.0,0.0,33.2063292249329,0.0
7.95,0.0,-90.16281763006657,0.0,0.0,29.038145465816303,0.0,0.0,79.58806797743834,0.0,0.0,-114.87069836895036,0.0,0.0,36.79374097977031,0.0
7.955,0.0,-84.09118300040264,0.0,0.0,22.509342640075552,0.0,0.0,87.89652370929404,0.0,0.0,-122.15011924641362,0.0,0.0,39.59510608368126,0.0
7.96,0.0,-79.11880627198295,0.0,0.0,17.601367514106503,0.0,0.0,93.77407202103953,0.0,0.0,-127.6485792533776,0.0,0.0,41.93650385183542,0.0
7.965,0.0,-75.26044723281154,0.0,0.0,14.161981023733013,0.0,0.0,97.72688139516887,0.0,0.0,-131.9913222012426,0.0,0.0,44.0707200485011,0.0
7.97,0.0,-72.4505864207588,0.0,0.0,12.049363593559326,0.0,0.0,100.10581142962101,0.0,0.0,-135.60793654337223,0.0,0.0,46.17206622385032,0.0
7.9750000000000005,0.0,-70.57590201227107,0.0,0.0,11.16765811946422,0.0,0.0,101.07871404226836,0.0,0.0,-138.72803062056008,0.0,0.0,48.339094619808144,0.0
7.98,0.0,-69.4874319234688,0.0,0.0,11.484045110805825,0.0,0.0,100.61382820771158,0.0,0.0,-141.37642916825803,0.0,0.0,50.59501544813821,0.0
7.985,0.0,-68.99506493238285,0.0,0.0,13.0338551428868,0.0,0.0,98.46028003049337,0.0,0.0,-143.35274301838848,0.0,0.0,52.87995823401961,0.0
7.99,0.0,-68.8462562758984,0.0,0.0,15.914459704670929,0.0,0.0,94.12319563035635,0.0,0.0,-144.18983972221997,0.0,0.0,55.03232265953118,0.0
7.995,0.0,-68.6907866279228,0.0,0.0,20.261686046346913,0.0,0.0,86.84541039221081,0.0,0.0,-143.097613652349,0.0,0.0,56.76018345303171,0.0
8.0,0.0,-68.03703484932016,0.0,0.0,26.19492200464239,0.0,0.0,75.62964104974309,0.0,0.0,-138.91959375246864,0.0,0.0,57.611156300719514,0.0
8.005,0.0,-66.21618972036126,0.0,0.0,33.712727384804325,0.0,0.0,59.36430278256119,0.0,0.0,-130.1658461485599,0.0,0.0,56.963496474783796,0.0
8.01,0.0,-62.39059896501695,0.0,0.0,42.53124884227425,0.0,0.0,37.13475126859017,0.0,0.0,-115.22687686562254,0.0,0.0,54.08105330825096,0.0
8.015,0.0,-55.66109452549135,0.0,0.0,51.901920068438415,0.0,0.0,8.756063243521208,0.0,0.0,-92.87006885232812,0.0,0.0,48.2830769476048,0.0
8.02,0.0,-45.31199706745545,0.0,0.0,60.52536974263008,0.0,0.0,-24.615209111102292,0.0,0.0,-62.97853744800082,0.0,0.0,39.23741829308186,0.0
8.025,0.0,-31.14017446759155,0.0,0.0,66.72873722383947,0.0,0.0,-60.20024161637427,0.0,0.0,-27.183587550119025,0.0,0.0,27.265833330002664,0.0
8.03,0.0,-13.67786840015986,0.0,0.0,68.96048988683745,0.0,0.0,-94.10551890755737,0.0,0.0,11.179036117941024,0.0,0.0,13.432116171900478,0.0
8.035,0.0,5.899826827511063,0.0,0.0,66.37134200202983,0.0,0.0,-122.57865616716971,0.0,0.0,48.04432054459405,0.0,0.0,-0.7444271070482058,0.0
8.040000000000001,0.0,26.17955490049549,0.0,0.0,59.08584745262377,0.0,0.0,-143.26462785756127,0.0,0.0,80.00467512024645,0.0,0.0,-13.814778961844736,0.0
8.045,0.0,45.97052635313298,0.0,0.0,47.99430496714221,0.0,0.0,-155.66202801876042,0.0,0.0,105.21316547033227,0.0,0.0,-24.82326264997495,0.0
8.05,0.0,64.56312731034662,0.0,0.0,34.274795372922355,0.0,0.0,-160.69132339223424,0.0,0.0,123.40240765917575,0.0,0.0,-33.41414490737557,0.0
8.055,0.0,81.73509603389031,0.0,0.0,18.969314284410057,0.0,0.0,-159.89552822868401,0.0,0.0,135.32116924398935,0.0,0.0,-39.68142444086044,0.0
8.06,0.0,97.61436778292638,0.0,0.0,2.7713141339866816,0.0,0.0,-154.7782197389522,0.0,0.0,142.0899751968753,0.0,0.0,-43.94110951267785,0.0
8.065,0.0,112.51618913053748,0.0,0.0,-14.00039343980701,0.0,0.0,-146.45351168736332,0.0,0.0,144.7548418813911,0.0,0.0,-46.54976425233731,0.0
8.07,0.0,126.81002037349414,0.0,0.0,-31.327847580634355,0.0,0.0,-135.5486202740992,0.0,0.0,144.07113123130048,0.0,0.0,-47.80132807278488,0.0
8.075,0.0,140.82188725120142,0.0,0.0,-49.38508575224257,0.0,0.0,-122.24676645463012,0.0,0.0,140.44649373536586,0.0,0.0,-47.885858247835486,0.0
8.08,0.0,154.7598949189586,0.0,0.0,-68.42183990038936,0.0,0.0,-106.39502089043575,0.0,0.0,133.97341019285756,0.0,0.0,-46.88638530302294,0.0
8.085,0.0,168.65357279403182,0.0,0.0,-88.64535917739735,0.0,0.0,-87.64829148637044,0.0,0.0,124.51519005212499,0.0,0.0,-44.79895505605658,0.0
8.09,0.0,182.30976663662594,0.0,0.0,-110.10334487348057,0.0,0.0,-65.64560808442754,0.0,0.0,111.83510948872843,0.0,0.0,-41.57017927025864,0.0
8.095,0.0,195.30110687351146,0.0,0.0,-132.58345878643294,0.0,0.0,-40.2116137661855,0.0,0.0,95.76274184239483,0.0,0.0,-37.149624544470925,0.0
8.1,0.0,207.0084998351308,0.0,0.0,-155.5626930110459,0.0,0.0,-11.548389456015908,0.0,0.0,76.37223347535026,0.0,0.0,-31.549321023274572,0.0
8.105,0.0,216.72461858660682,0.0,0.0,-178.24458877957431,0.0,0.0,19.65125486682392,0.0,0.0,54.115313299636504,0.0,0.0,-24.89234760314781,0.0
8.11,0.0,223.78611493978605,0.0,0.0,-199.69245433413502,0.0,0.0,52.24094983867155,0.0,0.0,29.83707169947441,0.0,0.0,-17.42613049390937,0.0
8.115,0.0,227.65609530550415,0.0,0.0,-219.00127374581547,0.0,0.0,84.81950879635302,0.0,0.0,4.639032328617415,0.0,0.0,-9.485530206816629,0.0
8.120000000000001,0.0,227.8627805887816,0.0,0.0,-235.3878909257446,0.0,0.0,115.99477309513216,0.0,0.0,-20.360184857485493,0.0,0.0,-1.417293910410247,0.0
8.125,0.0,223.73724686142208,0.0,0.0,-248.07000684513463,0.0,0.0,144.53650425129035,0.0,0.0,-44.23761801895498,0.0,0.0,6.495744356304769,0.0
8.13,0.0,213.9642848300515,0.0,0.0,-255.86105779786072,0.0,0.0,169.25347102854028,0.0,0.0,-66.31190259293965,0.0,0.0,14.065406930586816,0.0
8.135,0.0,196.04889822094452,0.0,0.0,-256.5060249654255,0.0,0.0,188.5226019087125,0.0,0.0,-85.93752274339535,0.0,0.0,21.15260359793455,0.0
8.14,0.0,165.9733807362443,0.0,0.0,-245.96137902223253,0.0,0.0,199.5562702263434,0.0,0.0,-102.0486620769911,0.0,0.0,27.535920826418064,0.0
8.145,0.0,118.71512126785385,0.0,0.0,-218.2551237089548,0.0,0.0,197.82908168297217,0.0,0.0,-112.61012613244463,0.0,0.0,32.721527639871034,0.0
8.15,0.0,50.76172804466545,0.0,0.0,-167.28540555765525,0.0,0.0,177.7421238283195,0.0,0.0,-114.49641290703968,0.0,0.0,35.82124031423799,0.0
8.155,0.0,-35.032510626385125,0.0,0.0,-91.75957958210186,0.0,0.0,135.92504761868884,0.0,0.0,-104.72929898312778,0.0,0.0,35.781969669897464,0.0
8.16,0.0,-125.86772193140794,0.0,0.0,-0.7585085142767056,0.0,0.0,76.25747234297296,0.0,0.0,-83.24178189468174,0.0,0.0,32.14249636975026,0.0
8.165000000000001,0.0,-203.47162920940008,0.0,0.0,87.70958485231998,0.0,0.0,10.915778760423876,0.0,0.0,-54.62789048079105,0.0,0.0,25.74209675514249,0.0
8.17,0.0,-255.41949490183828,0.0,0.0,157.38736320632182,0.0,0.0,-46.3873966497318,0.0,0.0,-25.863734232659397,0.0,0.0,18.38226927555789,0.0
8.175,0.0,-281.2096181574662,0.0,0.0,202.6191322461274,0.0,0.0,-88.24992384687854,0.0,0.0,-2.083195307697002,0.0,0.0,11.688610350269661,0.0
8.18,0.0,-288.2092376348567,0.0,0.0,227.1292346739902,0.0,0.0,-114.66951049321122,0.0,0.0,15.088891716450817,0.0,0.0,6.437223311416603,0.0
8.185,0.0,-284.96317364867514,0.0,0.0,237.93748758353814,0.0,0.0,-129.32903386374207,0.0,0.0,26.37296976587846,0.0,0.0,2.6922996755035395,0.0
8.19,0.0,-277.8038758467821,0.0,0.0,241.2122123745856,0.0,0.0,-136.2624901975176,0.0,0.0,33.2162091480221,0.0,0.0,0.20420346547923773,0.0
8.195,0.0,-270.50037256669145,0.0,0.0,241.10223093116412,0.0,0.0,-138.49914050103126,0.0,0.0,36.91165283113031,0.0,0.0,-1.3216063616651388,0.0
8.2,0.0,-264.98901124822186,0.0,0.0,240.0071684664035,0.0,0.0,-137.9272556121728,0.0,0.0,38.344640584286644,0.0,0.0,-2.118304216772815,0.0
8.205,0.0,-262.10325823205346,0.0,0.0,239.1253054030232,0.0,0.0,-135.5364935115774,0.0,0.0,38.00621297884373,0.0,0.0,-2.3371316203096937,0.0
8.21,0.0,-262.0191495108129,0.0,0.0,238.85532041218275,0.0,0.0,-131.6552470312895,0.0,0.0,36.063373513414405,0.0,0.0,-2.05531985144937,0.0
8.215,0.0,-264.42322254169017,0.0,0.0,238.97729609189,0.0,0.0,-126.07756878203182,0.0,0.0,32.410118172912405,0.0,0.0,-1.2876256205358145,0.0
8.22,0.0,-268.44511755822094,0.0,0.0,238.62711031440205,0.0,0.0,-118.07396045728015,0.0,0.0,26.685937733817326,0.0,0.0,0.005159002572095783,0.0
8.225,0.0,-272.3682459015453,0.0,0.0,236.08375548807538,0.0,0.0,-106.31379724006939,0.0,0.0,18.27867311672251,0.0,0.0,1.9079870750474477,0.0
8.23,0.0,-273.1380927904054,0.0,0.0,228.41911695958535,0.0,0.0,-88.77604023208464,0.0,0.0,6.363356243391267,0.0,0.0,4.532383233094582,0.0
8.235,0.0,-265.83740934915943,0.0,0.0,211.21768528294962,0.0,0.0,-62.8535876529978,0.0,0.0,-9.908273320375503,0.0,0.0,7.963045552322089,0.0
8.24,0.0,-243.73778127849758,0.0,0.0,178.96140790672166,0.0,0.0,-26.07888105688001,0.0,0.0,-30.882764561164795,0.0,0.0,12.138370471069116,0.0
8.245000000000001,0.0,-200.16122896924816,0.0,0.0,127.10006753386924,0.0,0.0,22.046858460965588,0.0,0.0,-55.45198183866689,0.0,0.0,16.664774934562892,0.0
8.25,0.0,-132.9934048257748,0.0,0.0,56.143824883418404,0.0,0.0,77.54751990605075,0.0,0.0,-80.1660653454253,0.0,0.0,20.692170320624328,0.0
8.255,0.0,-49.352787616112565,0.0,0.0,-25.023275228253787,0.0,0.0,131.32630307873723,0.0,0.0,-99.75273756738926,0.0,0.0,23.113944692357613,0.0
8.26,0.0,35.66332848749801,0.0,0.0,-101.75101684804619,0.0,0.0,173.01751414722952,0.0,0.0,-109.69820521128524,0.0,0.0,23.13456884398659,0.0
8.265,0.0,107.4171057812057,0.0,0.0,-161.7753263963773,0.0,0.0,196.82127017902664,0.0,0.0,-108.77269580067,0.0,0.0,20.697509771051955,0.0
8.27,0.0,159.09427013310682,0.0,0.0,-200.83781470757827,0.0,0.0,203.3944568150377,0.0,0.0,-98.8844767171725,0.0,0.0,16.323802119718525,0.0
8.275,0.0,191.7411091506789,0.0,0.0,-221.4004951932547,0.0,0.0,197.01638153743957,0.0,0.0,-83.00468931721579,0.0,0.0,10.64678942196584,0.0
8.28,0.0,210.03427260516878,0.0,0.0,-228.3443088364215,0.0,0.0,182.15183089105733,0.0,0.0,-63.54519960454472,0.0,0.0,4.131777916461608,0.0
8.285,0.0,218.75339038463216,0.0,0.0,-226.00345505987084,0.0,0.0,161.91590890426525,0.0,0.0,-41.979829910880284,0.0,0.0,-2.933922469644241,0.0
8.290000000000001,0.0,221.35956051913737,0.0,0.0,-217.27238690981926,0.0,0.0,138.08919335094384,0.0,0.0,-19.15145431825589,0.0,0.0,-10.338130872012801,0.0
8.295,0.0,219.91580544412633,0.0,0.0,-203.82891407764856,0.0,0.0,111.67276590723799,0.0,0.0,4.322022902433421,0.0,0.0,-17.851420991475372,0.0
8.3,0.0,215.48892308649786,0.0,0.0,-186.6560162902497,0.0,0.0,83.412925452015,0.0,0.0,27.784485053756576,0.0,0.0,-25.187037348333405,0.0
8.305,0.0,208.60163077512826,0.0,0.0,-166.49553177155735,0.0,0.0,54.11594900292678,0.0,0.0,50.45923042837959,0.0,0.0,-32.01390527140627,0.0
8.31,0.0,199.5836805538734,0.0,0.0,-144.12064348076484,0.0,0.0,24.740526242200183,0.0,0.0,71.51115000917748,0.0,0.0,-38.007058757905085,0.0
8.315,0.0,188.78301223639988,0.0,0.0,-120.41966473142581,0.0,0.0,-3.67921058034462,0.0,0.0,90.18652133059277,0.0,0.0,-42.910377258093305,0.0
8.32,0.0,176.64307811384592,0.0,0.0,-96.33717233868632,0.0,0.0,-30.19312161889657,0.0,0.0,105.95208620729234,0.0,0.0,-46.58425632486758,0.0
8.325,0.0,163.6808436055452,0.0,0.0,-72.7484771834514,0.0,0.0,-54.084005025539454,0.0,0.0,118.5704422684807,0.0,0.0,-49.019767860133214,0.0
8.33,0.0,150.41576682930307,0.0,0.0,-50.34316441003308,0.0,0.0,-74.94180742963745,0.0,0.0,128.0878071672158,0.0,0.0,-50.31738486475578,0.0
8.335,0.0,137.29649829341673,0.0,0.0,-29.564593395206757,0.0,0.0,-92.64660055059173,0.0,0.0,134.75063698865,0.0,0.0,-50.642430792077896,0.0
8.34,0.0,124.65305839917627,0.0,0.0,-10.614545083783522,0.0,0.0,-107.28242214795222,0.0,0.0,138.88769576410553,0.0,0.0,-50.173801704119896,0.0
8.345,0.0,112.6807411560412,0.0,0.0,6.493466558024055,0.0,0.0,-119.01749397803425,0.0,0.0,140.79033226605938,0.0,0.0,-49.05795929098068,0.0
8.35,0.0,101.44825381436002,0.0,0.0,21.855397343706056,0.0,0.0,-127.97879741473737,0.0,0.0,140.6076972758062,0.0,0.0,-47.37250434587201,0.0
8.355,0.0,90.9187690796204,0.0,0.0,35.58934617040643,0.0,0.0,-134.1348568750832,0.0,0.0,138.25957646613963,0.0,0.0,-45.09813738307919,0.0
8.36,0.0,80.9753405488552,0.0,0.0,47.7475353739333,0.0,0.0,-137.19280534911962,0.0,0.0,133.36625484934217,0.0,0.0,-42.097081882820135,0.0
8.365,0.0,71.44748799836447,0.0,0.0,58.23159661747436,0.0,0.0,-136.5227008121935,0.0,0.0,125.20671371659054,0.0,0.0,-38.100994252929794,0.0
8.370000000000001,0.0,62.141088242434655,0.0,0.0,66.72254518664633,0.0,0.0,-131.1483371909985,0.0,0.0,112.74551083925678,0.0,0.0,-32.72239235200311,0.0
8.375,0.0,52.87708255973075,0.0,0.0,72.65877278989359,0.0,0.0,-119.88527156351353,0.0,0.0,94.808398704178,0.0,0.0,-25.51833678846921,0.0
8.38,0.0,43.542723477716095,0.0,0.0,75.32419413947112,0.0,0.0,-101.72948192093705,0.0,0.0,70.50089092242118,0.0,0.0,-16.140667969612842,0.0
8.385,0.0,34.147545019640376,0.0,0.0,74.10726053425604,0.0,0.0,-76.51774093776963,0.0,0.0,39.86831308318883,0.0,0.0,-4.57342263638462,0.0
8.39,0.0,24.855892023586044,0.0,0.0,68.89649760205474,0.0,0.0,-45.61244019094656,0.0,0.0,4.5238455863154226,0.0,0.0,8.639083327387208,0.0
8.395,0.0,15.957613653936601,0.0,0.0,60.392777124738934,0.0,0.0,-12.055153429557073,0.0,0.0,-32.30797703426523,0.0,0.0,22.370934001821876,0.0
8.4,0.0,7.767598894680528,0.0,0.0,50.04020865996163,0.0,0.0,20.23586916704003,0.0,0.0,-66.69760432048209,0.0,0.0,35.2329683252723,0.0
8.405,0.0,0.5040862430650996,0.0,0.0,39.529943366598616,0.0,0.0,47.87912836873724,0.0,0.0,-95.44363666869472,0.0,0.0,46.08319802817138,0.0
8.41,0.0,-5.780547273883425,0.0,0.0,30.216109306208494,0.0,0.0,69.08849864214805,0.0,0.0,-117.05405088604064,0.0,0.0,54.38068202641814,0.0
8.415000000000001,0.0,-11.189096153966787,0.0,0.0,22.824238347935687,0.0,0.0,83.77673927770137,0.0,0.0,-131.74098351479478,0.0,0.0,60.1892326209814,0.0
8.42,0.0,-15.921567160963164,0.0,0.0,17.515899960691478,0.0,0.0,92.95298953348902,0.0,0.0,-140.7469890901699,0.0,0.0,63.941051559161245,0.0
8.425,0.0,-20.21634801063287,0.0,0.0,14.122544898712258,0.0,0.0,98.00531676726996,0.0,0.0,-145.6102775330191,0.0,0.0,66.17598658688311,0.0
8.43,0.0,-24.31388891181261,0.0,0.0,12.3655589458454,0.0,0.0,100.2203072114257,0.0,0.0,-147.69971829351346,0.0,0.0,67.37526229323733,0.0
8.435,0.0,-28.442964562548916,0.0,0.0,11.993248369244688,0.0,0.0,100.5734788773165,0.0,0.0,-148.02912297296476,0.0,0.0,67.8942345206606,0.0
8.44,0.0,-32.82028772738188,0.0,0.0,12.84387397487454,0.0,0.0,99.68782118540085,0.0,0.0,-147.23535497924107,0.0,0.0,67.95365395279676,0.0
8.445,0.0,-37.65408774228788,0.0,0.0,14.86465065188687,0.0,0.0,97.86007516396948,0.0,0.0,-145.6165533460587,0.0,0.0,67.65265881778447,0.0
8.45,0.0,-43.14414306380933,0.0,0.0,18.109037632411916,0.0,0.0,95.09727459213852,0.0,0.0,-143.1735965406293,0.0,0.0,66.98323685982393,0.0
8.455,0.0,-49.47145392938457,0.0,0.0,22.72114308224443,0.0,0.0,91.14314725579626,0.0,0.0,-139.63558918639035,0.0,0.0,65.8393379475584,0.0
8.46,0.0,-56.77019812771789,0.0,0.0,28.904360556645987,0.0,0.0,85.49912858497653,0.0,0.0,-134.47483024954101,0.0,0.0,64.02272422525957,0.0
8.465,0.0,-65.0749457331711,0.0,0.0,36.86293756290659,0.0,0.0,77.4642488250903,0.0,0.0,-126.93615473940184,0.0,0.0,61.25469549125396,0.0
8.47,0.0,-74.24183294039912,0.0,0.0,46.70290099735898,0.0,0.0,66.23483084052691,0.0,0.0,-116.1236210809092,0.0,0.0,57.20930058330184,0.0
8.475,0.0,-83.85971907910906,0.0,0.0,58.290640292037025,0.0,0.0,51.10884207994482,0.0,0.0,-101.19501765250604,0.0,0.0,51.586053273912746,0.0
8.48,0.0,-93.19773520098992,0.0,0.0,71.10314069312533,0.0,0.0,31.80463378908982,0.0,0.0,-81.68429056812221,0.0,0.0,44.22855661160222,0.0
8.485,0.0,-101.26103519411156,0.0,0.0,84.15635890526434,0.0,0.0,8.806889751455326,0.0,0.0,-57.875836945632535,0.0,0.0,35.259954462465096,0.0
8.49,0.0,-107.00279072242526,0.0,0.0,96.11874774805743,0.0,0.0,-16.466311648785467,0.0,0.0,-31.02451561955364,0.0,0.0,25.15909631395001,0.0
8.495000000000001,0.0,-109.6386157948466,0.0,0.0,105.63572178418877,0.0,0.0,-41.88313481584777,0.0,0.0,-3.1907195830494097,0.0,0.0,14.694011558942542,0.0
8.5,0.0,-108.8948955677208,0.0,0.0,111.72388689167045,0.0,0.0,-65.1877900802151,0.0,0.0,23.330006564757753,0.0,0.0,4.707835731119337,0.0
8.505,0.0,-105.03168143568833,0.0,0.0,114.00187855520457,0.0,0.0,-84.64573099996741,0.0,0.0,46.68707085852608,0.0,0.0,-4.132108434217038,0.0
8.51,0.0,-98.6392160692158,0.0,0.0,112.63621648786676,0.0,0.0,-99.381048878655,0.0,0.0,65.88098654937798,0.0,0.0,-11.481232774692637,0.0
8.515,0.0,-90.35638620155763,0.0,0.0,108.08757407386119,0.0,0.0,-109.30227634486748,0.0,0.0,80.75020365878038,0.0,0.0,-17.30882334601754,0.0
8.52,0.0,-80.66432782257138,0.0,0.0,100.83832199993866,0.0,0.0,-114.78660393853166,0.0,0.0,91.68060966645508,0.0,0.0,-21.78691521037367,0.0
8.525,0.0,-69.81381897818218,0.0,0.0,91.22600212676541,0.0,0.0,-116.35248379019447,0.0,0.0,99.26513897322133,0.0,0.0,-25.16068504951666,0.0
8.53,0.0,-57.864526110147736,0.0,0.0,79.40942355644907,0.0,0.0,-114.45159744420552,0.0,0.0,104.0555952460887,0.0,0.0,-27.652080421115947,0.0
8.535,0.0,-44.789638805756205,0.0,0.0,65.43799321221981,0.0,0.0,-109.40268069811712,0.0,0.0,106.44116922829325,0.0,0.0,-29.409049375285342,0.0
8.540000000000001,0.0,-30.605608695725408,0.0,0.0,49.38113224483654,0.0,0.0,-101.43552556461113,0.0,0.0,106.63275675068992,0.0,0.0,-30.493389500899,0.0
8.545,0.0,-15.492328755899578,0.0,0.0,31.47225758293,0.0,0.0,-90.79766654412961,0.0,0.0,104.71984181277985,0.0,0.0,-30.897154582960134,0.0
8.55,0.0,0.1336658435595257,0.0,0.0,12.215385292327255,0.0,0.0,-77.87039970252926,0.0,0.0,100.76664515447128,0.0,0.0,-30.578595318506284,0.0
8.555,0.0,15.628465914473145,0.0,0.0,-7.59808717824032,0.0,0.0,-63.23848780393651,0.0,0.0,94.91083634276782,0.0,0.0,-29.506719464413244,0.0
8.56,0.0,30.22435344054528,0.0,0.0,-26.98924948788083,0.0,0.0,-47.67211514700344,0.0,0.0,87.4261437463584,0.0,0.0,-27.699718251225974,0.0
8.565,0.0,43.19541274421297,0.0,0.0,-44.98105020103695,0.0,0.0,-32.01920527383132,0.0,0.0,78.72274925355387,0.0,0.0,-25.242834328753318,0.0
8.57,0.0,54.01687506582308,0.0,0.0,-60.79940991144388,0.0,0.0,-17.0541114530029,0.0,0.0,69.28856864537569,0.0,0.0,-22.279800234978925,0.0
8.575000000000001,0.0,62.453474926148274,0.0,0.0,-74.00261370334725,0.0,0.0,-3.3503833171470756,0.0,0.0,59.603329036702945,0.0,0.0,-18.984749367911895,0.0
8.58,0.0,68.55445065656212,0.0,0.0,-84.5006880251548,0.0,0.0,8.775597546773152,0.0,0.0,50.06507198733287,0.0,0.0,-15.529393109247504,0.0
8.585,0.0,72.57978239961557,0.0,0.0,-92.48473295561776,0.0,0.0,19.246627678869682,0.0,0.0,40.952942879140934,0.0,0.0,-12.058504692649006,0.0
8.59,0.0,74.90267593680046,0.0,0.0,-98.31694972134815,0.0,0.0,28.161056757827357,0.0,0.0,32.42698988801487,0.0,0.0,-8.678936316973646,0.0
8.595,0.0,75.92472111365707,0.0,0.0,-102.4272059002991,0.0,0.0,35.7184972449792,0.0,0.0,24.551261906360054,0.0,0.0,-5.460202990842119,0.0
8.6,0.0,76.01978065657133,0.0,0.0,-105.23958182179564,0.0,0.0,42.15818457625735,0.0,0.0,17.324527564046644,0.0,0.0,-2.441588654505206,0.0
8.605,0.0,75.50614996619419,0.0,0.0,-107.13191767968033,0.0,0.0,47.71829620003757,0.0,0.0,10.708108441917155,0.0,0.0,0.3588358560594731,0.0
8.61,0.0,74.63894496607831,0.0,0.0,-108.42073875319059,0.0,0.0,52.61454841506459,0.0,0.0,4.646468286462718,0.0,0.0,2.936059115633306,0.0
8.615,0.0,73.61384303417393,0.0,0.0,-109.36161652695378,0.0,0.0,57.03246384978447,0.0,0.0,-0.919665090589191,0.0,0.0,5.291912892216013,0.0
8.620000000000001,0.0,72.57544852273925,0.0,0.0,-110.15684615023183,0.0,0.0,61.12759772322659,0.0,0.0,-6.046010738543935,0.0,0.0,7.430821581386756,0.0
8.625,0.0,71.62612225485829,0.0,0.0,-110.96511822100307,0.0,0.0,65.02939305577382,0.0,0.0,-10.781254972072668,0.0,0.0,9.357089299563295,0.0
8.63,0.0,70.83303806004314,0.0,0.0,-111.9101508356157,0.0,0.0,68.84583143075145,0.0,0.0,-15.165619693342753,0.0,0.0,11.073193123930453,0.0
8.635,0.0,70.23232848203162,0.0,0.0,-113.08664633815447,0.0,0.0,72.66711581105228,0.0,0.0,-19.230122172542245,0.0,0.0,12.578601957415385,0.0
8.64,0.0,69.82960791337351,0.0,0.0,-114.56252879942765,0.0,0.0,76.56715905711938,0.0,0.0,-22.995481795142112,0.0,0.0,13.868729963897422,0.0
8.645,0.0,69.59611004471016,0.0,0.0,-116.37637559359304,0.0,0.0,80.60169248179379,0.0,0.0,-26.46976416867237,0.0,0.0,14.93370966730464,0.0
8.65,0.0,69.45929710656284,0.0,0.0,-118.52839881636041,0.0,0.0,84.80138870025804,0.0,0.0,-29.643792164788238,0.0,0.0,15.756720498749253,0.0
8.655,0.0,69.28621864137104,0.0,0.0,-120.96231861497978,0.0,0.0,89.15751158809229,0.0,0.0,-32.48310919669947,0.0,0.0,16.311649497740223,0.0
8.66,0.0,68.857339679059,0.0,0.0,-123.53410081443404,0.0,0.0,93.59628481676708,0.0,0.0,-34.91491985033529,0.0,0.0,16.559942386473583,0.0
8.665000000000001,0.0,67.8286007145229,0.0,0.0,-125.96223129997855,0.0,0.0,97.9366711998478,0.0,0.0,-36.808194012762556,0.0,0.0,16.44674128256176,0.0
8.67,0.0,65.6815780291017,0.0,0.0,-127.75439568594173,0.0,0.0,101.82565033479514,0.0,0.0,-37.94568886070955,0.0,0.0,15.897041602821451,0.0
8.675,0.0,61.66900096248501,0.0,0.0,-128.11091296581915,0.0,0.0,104.64849043499784,0.0,0.0,-37.989686220675004,0.0,0.0,14.814071415061921,0.0
8.68,0.0,54.781204568558046,0.0,0.0,-125.82409123058818,0.0,0.0,105.42604677953965,0.0,0.0,-36.45203879769178,0.0,0.0,13.084966553530524,0.0
8.685,0.0,43.7940319993015,0.0,0.0,-119.23683055549684,0.0,0.0,102.74848530692822,0.0,0.0,-32.69792432043816,0.0,0.0,10.603088205073568,0.0
8.69,0.0,27.502488690480565,0.0,0.0,-106.3963008013078,0.0,0.0,94.86162956786157,0.0,0.0,-26.040430847273576,0.0,0.0,7.319165311602975,0.0
8.695,0.0,5.243195963409291,0.0,0.0,-85.58988327501909,0.0,0.0,80.08221813558163,0.0,0.0,-15.994904089164386,0.0,0.0,3.3253288233848304,0.0
8.700000000000001,0.0,-22.3572514931406,0.0,0.0,-56.32320068823131,0.0,0.0,57.63590729136337,0.0,0.0,-2.6910052130505733,0.0,0.0,-1.0571892590597294,0.0
8.705,0.0,-52.85567765010999,0.0,0.0,-20.329889519533133,0.0,0.0,28.61765284146317,0.0,0.0,12.765889027419469,0.0,0.0,-5.267154082788874,0.0
8.71,0.0,-82.3863667817288,0.0,0.0,18.32165582704522,0.0,0.0,-3.735016609470721,0.0,0.0,28.377894300270924,0.0,0.0,-8.650352894892627,0.0
8.715,0.0,-107.12719300154677,0.0,0.0,54.616280918302806,0.0,0.0,-35.08036600347403,0.0,0.0,41.95627806332758,0.0,0.0,-10.722006918086207,0.0
8.72,0.0,-124.87421082244853,0.0,0.0,84.67151034525196,0.0,0.0,-61.76503388980461,0.0,0.0,52.005211494956,0.0,0.0,-11.35552349838831,0.0
8.725,0.0,-135.55050092222166,0.0,0.0,106.9416308717511,0.0,0.0,-82.01355758166733,0.0,0.0,58.1222234769149,0.0,0.0,-10.757802442709785,0.0
8.73,0.0,-140.56362689621702,0.0,0.0,121.96527644438393,0.0,0.0,-95.87905064684045,0.0,0.0,60.763170337403565,0.0,0.0,-9.29417026364785,0.0
8.735,0.0,-141.81666594262202,0.0,0.0,131.3610982458928,0.0,0.0,-104.46145323092004,0.0,0.0,60.747834695661645,0.0,0.0,-7.318129019123198,0.0
8.74,0.0,-141.02589416300822,0.0,0.0,136.93241728857063,0.0,0.0,-109.13639414128912,0.0,0.0,58.875340064303394,0.0,0.0,-5.086525662982156,0.0
8.745000000000001,0.0,-139.4615818725564,0.0,0.0,140.1981851629635,0.0,0.0,-111.11478982288551,0.0,0.0,55.75079471962522,0.0,0.0,-2.7484966118629846,0.0
8.75,0.0,-137.9506845811434,0.0,0.0,142.26377304177413,0.0,0.0,-111.29404772129035,0.0,0.0,51.75921871084503,0.0,0.0,-0.3680888833693494,0.0
8.755,0.0,-136.9741413884913,0.0,0.0,143.85759529581554,0.0,0.0,-110.2639502382819,0.0,0.0,47.1023803324862,0.0,0.0,2.047555838860635,0.0
8.76,0.0,-136.76773883580876,0.0,0.0,145.41462803597432,0.0,0.0,-108.3651808501114,0.0,0.0,41.84778535287239,0.0,0.0,4.525705037178591,0.0
8.765,0.0,-137.39435580523076,0.0,0.0,147.15225657840034,0.0,0.0,-105.75039798603896,0.0,0.0,35.96973141248976,0.0,0.0,7.11293447294073,0.0
8.77,0.0,-138.78297763099712,0.0,0.0,149.12117993105466,0.0,0.0,-102.43031884803221,0.0,0.0,29.378330165323902,0.0,0.0,9.865766101079528,0.0
8.775,0.0,-140.7383320566374,0.0,0.0,151.22935814615005,0.0,0.0,-98.30180468028347,0.0,0.0,21.938334664855,0.0,0.0,12.844908223612965,0.0
8.78,0.0,-142.92564543022954,0.0,0.0,153.24110145183238,0.0,0.0,-93.15983448955582,0.0,0.0,13.481116155230053,0.0,0.0,16.11130748892122,0.0
8.785,0.0,-144.83423754041246,0.0,0.0,154.75383592232515,0.0,0.0,-86.69680775386013,0.0,0.0,3.813662336113346,0.0,0.0,19.722477135430402,0.0
8.790000000000001,0.0,-145.72536247483822,0.0,0.0,155.15659314598523,0.0,0.0,-78.49483717712059,0.0,0.0,-7.2700646864336536,0.0,0.0,23.72734887735889,0.0
8.795,0.0,-144.57777331790413,0.0,0.0,153.5812233874957,0.0,0.0,-68.02266510604949,0.0,0.0,-19.96657759206409,0.0,0.0,28.15708476905312,0.0
8.8,0.0,-140.06356161624524,0.0,0.0,148.87467522517244,0.0,0.0,-54.66079800855778,0.0,0.0,-34.4149861234666,0.0,0.0,33.008202704835284,0.0
8.805,0.0,-130.61825277456344,0.0,0.0,139.65062208135575,0.0,0.0,-37.794484154166426,0.0,0.0,-50.60648112101294,0.0,0.0,38.214477425213936,0.0
8.81,0.0,-114.6975419512843,0.0,0.0,124.50826665995382,0.0,0.0,-17.01981116612975,0.0,0.0,-68.2440768045308,0.0,0.0,43.60873009347014,0.0
8.815,0.0,-91.28621862872397,0.0,0.0,102.48753900939238,0.0,0.0,7.530914629877014,0.0,0.0,-86.58581403835728,0.0,0.0,48.888614788562904,0.0
8.82,0.0,-60.56577513946486,0.0,0.0,73.68895280477972,0.0,0.0,34.85497952744515,0.0,0.0,-104.37405120343348,0.0,0.0,53.61849834807023,0.0
8.825000000000001,0.0,-24.372553334833725,0.0,0.0,39.730104525096706,0.0,0.0,62.98992744560471,0.0,0.0,-119.98963121113869,0.0,0.0,57.30141241446672,0.0
8.83,0.0,14.038735743298503,0.0,0.0,3.5849828167692444,0.0,0.0,89.39812209003898,0.0,0.0,-131.86358016374868,0.0,0.0,59.51352696070251,0.0
8.835,0.0,51.024276756876624,0.0,0.0,-31.312382585723665,0.0,0.0,111.72222263412084,0.0,0.0,-138.942593096767,0.0,0.0,60.0264097830035,0.0
8.84,0.0,83.78988847149822,0.0,0.0,-62.19016373016835,0.0,0.0,128.43786286942273,0.0,0.0,-140.88921459549866,0.0,0.0,58.82886687050949,0.0
8.845,0.0,111.05698639579114,0.0,0.0,-87.56874088657781,0.0,0.0,138.98963679981028,0.0,0.0,-137.8972957276444,0.0,0.0,56.03759044173782,0.0
8.85,0.0,132.90576848949877,0.0,0.0,-107.15046102343392,0.0,0.0,143.4430675352306,0.0,0.0,-130.30991537583222,0.0,0.0,51.77194651549699,0.0
8.855,0.0,150.14157807177972,0.0,0.0,-121.27589364766364,0.0,0.0,142.00455283480693,0.0,0.0,-118.3178506071161,0.0,0.0,46.07658596473913,0.0
8.86,0.0,163.64652081650888,0.0,0.0,-130.37967260844945,0.0,0.0,134.72385424811765,0.0,0.0,-101.89181085770352,0.0,0.0,38.9270952928058,0.0
8.865,0.0,173.9667463788397,0.0,0.0,-134.6934190761305,0.0,0.0,121.50065300622765,0.0,0.0,-80.95512870420733,0.0,0.0,30.31002160985133,0.0
8.870000000000001,0.0,181.18816975710106,0.0,0.0,-134.24668330937988,0.0,0.0,102.3625075119231,0.0,0.0,-55.71616670819782,0.0,0.0,20.344271210077327,0.0
8.875,0.0,185.06983956568845,0.0,0.0,-129.1010067052201,0.0,0.0,77.87139319666244,0.0,0.0,-27.01026957387579,0.0,0.0,9.389121442286813,0.0
8.88,0.0,185.35563955643514,0.0,0.0,-119.66711630206805,0.0,0.0,49.41922700090749,0.0,0.0,3.5584391949274163,0.0,0.0,-1.9326395107437513,0.0
8.885,0.0,182.1137563185547,0.0,0.0,-106.8979348811791,0.0,0.0,19.165282664866332,0.0,0.0,33.8441868346897,0.0,0.0,-12.845092689368776,0.0
8.89,0.0,175.91622500840128,0.0,0.0,-92.20320714945206,0.0,0.0,-10.442616967516361,0.0,0.0,61.71324829835716,0.0,0.0,-22.6313754717736,0.0
8.895,0.0,167.7587907463846,0.0,0.0,-77.11827892008057,0.0,0.0,-37.32180229318852,0.0,0.0,85.63342571564962,0.0,0.0,-30.83459782265889,0.0
8.9,0.0,158.7953623880671,0.0,0.0,-62.931588065329194,0.0,0.0,-60.21560301402811,0.0,0.0,104.97789517067535,0.0,0.0,-37.33956931855911,0.0
8.905,0.0,150.06226854123435,0.0,0.0,-50.469126061174265,0.0,0.0,-78.76974729368352,0.0,0.0,119.94901927851957,0.0,0.0,-42.318123871694084,0.0
8.91,0.0,142.3197685028597,0.0,0.0,-40.08607585404897,0.0,0.0,-93.305764862828,0.0,0.0,131.26974954422226,0.0,0.0,-46.10292635900619,0.0
8.915000000000001,0.0,136.0265581815461,0.0,0.0,-31.78968524066141,0.0,0.0,-104.4936099353396,0.0,0.0,139.8488614701995,0.0,0.0,-49.06505680748043,0.0
8.92,0.0,131.39347520608902,0.0,0.0,-25.393666117147667,0.0,0.0,-113.07316489014585,0.0,0.0,146.53790587747665,0.0,0.0,-51.53247696256944,0.0
8.925,0.0,128.4562140050902,0.0,0.0,-20.64478290298657,0.0,0.0,-119.67058638750076,0.0,0.0,151.9932246747727,0.0,0.0,-53.748516475506754,0.0
8.93,0.0,127.12914620946208,0.0,0.0,-17.306632166985075,0.0,0.0,-124.68722517692326,0.0,0.0,156.6019648625594,0.0,0.0,-55.85224456388461,0.0
8.935,0.0,127.22242290720264,0.0,0.0,-15.208953066033128,0.0,0.0,-128.2164347220787,0.0,0.0,160.4203451904555,0.0,0.0,-57.8607855390152,0.0
8.94,0.0,128.41261941982606,0.0,0.0,-14.275371264924988,0.0,0.0,-129.94690479685318,0.0,0.0,163.0804665889342,0.0,0.0,-59.63733145490428,0.0
8.945,0.0,130.15664517300286,0.0,0.0,-14.535785718800978,0.0,0.0,-129.0279606703838,0.0,0.0,163.63781535696106,0.0,0.0,-60.83399465036494,0.0
8.950000000000001,0.0,131.53999262858494,0.0,0.0,-16.114128261868057,0.0,0.0,-123.91175324113463,0.0,0.0,160.36778322553042,0.0,0.0,-60.81063505299574,0.0
8.955,0.0,131.0753892603179,0.0,0.0,-19.15643989433183,0.0,0.0,-112.28145082153435,0.0,0.0,150.6144058626265,0.0,0.0,-58.564167206321855,0.0
8.96,0.0,126.55519824431367,0.0,0.0,-23.636751673194837,0.0,0.0,-91.35098981747734,0.0,0.0,130.99039422299114,0.0,0.0,-52.775712058024354,0.0
8.965,0.0,115.23158353135376,0.0,0.0,-29.002881220189096,0.0,0.0,-58.9758102351001,0.0,0.0,98.44095402281182,0.0,0.0,-42.17101431388808,0.0
8.97,0.0,94.70381107918989,0.0,0.0,-33.81325669370544,0.0,0.0,-15.684372032753823,0.0,0.0,52.43717415834361,0.0,0.0,-26.322089719506735,0.0
8.975,0.0,64.47526233488152,0.0,0.0,-35.84329015628731,0.0,0.0,33.58692478502087,0.0,0.0,-2.8056506588436374,0.0,0.0,-6.529531643473143,0.0
8.98,0.0,27.067693429477796,0.0,0.0,-33.05920137031077,0.0,0.0,80.44521785100645,0.0,0.0,-58.71158936605225,0.0,0.0,14.185209325264188,0.0
8.985,0.0,-12.733589174005788,0.0,0.0,-24.884435050663793,0.0,0.0,117.1112438418819,0.0,0.0,-106.33221938231516,0.0,0.0,32.45432517659199,0.0
8.99,0.0,-50.156796896286046,0.0,0.0,-12.507981273751104,0.0,0.0,140.13372954938174,0.0,0.0,-140.65300451244835,0.0,0.0,46.196729678549026,0.0
8.995000000000001,0.0,-82.26383488469584,0.0,0.0,2.00741374661772,0.0,0.0,150.6099328116049,0.0,0.0,-161.53502333126204,0.0,0.0,55.101840092014484,0.0
9.0,0.0,-108.24195144739073,0.0,0.0,16.828880416576503,0.0,0.0,151.90524199537475,0.0,0.0,-171.74417673203334,0.0,0.0,60.005265757813504,0.0
9.005,0.0,-128.7231305864535,0.0,0.0,30.892095127744412,0.0,0.0,147.4596413821668,0.0,0.0,-174.66308437985634,0.0,0.0,62.06778730170946,0.0
9.01,0.0,-144.99376621396095,0.0,0.0,43.8918190071904,0.0,0.0,139.76281925899718,0.0,0.0,-173.0354822197848,0.0,0.0,62.28836523047816,0.0
9.015,0.0,-158.46554655183309,0.0,0.0,56.04669168889684,0.0,0.0,130.21036049242787,0.0,0.0,-168.63065237895108,0.0,0.0,61.348475286918514,0.0
9.02,0.0,-170.40616043788262,0.0,0.0,67.85866780408716,0.0,0.0,119.31200995038616,0.0,0.0,-162.33697757750312,0.0,0.0,59.622982172936915,0.0
9.025,0.0,-181.8247329274791,0.0,0.0,79.93488553365017,0.0,0.0,106.95076757732963,0.0,0.0,-154.3615888852285,0.0,0.0,57.239461213637206,0.0
9.03,0.0,-193.42240275293898,0.0,0.0,92.85974378286124,0.0,0.0,92.60231167338294,0.0,0.0,-144.41606990004865,0.0,0.0,54.1379994904772,0.0
9.035,0.0,-205.55629962804883,0.0,0.0,107.08290948440808,0.0,0.0,75.52815391053603,0.0,0.0,-131.881197902129,0.0,0.0,50.12525396368194,0.0
9.040000000000001,0.0,-218.2002713922553,0.0,0.0,122.79665475470392,0.0,0.0,54.98854287618808,0.0,0.0,-115.98859519847925,0.0,0.0,44.934592138401314,0.0
9.045,0.0,-230.91757141854563,0.0,0.0,139.80172726810966,0.0,0.0,30.509176739798864,0.0,0.0,-96.05856776603233,0.0,0.0,38.306707358788216,0.0
9.05,0.0,-242.88463819262057,0.0,0.0,157.39870289722228,0.0,0.0,2.1833875331078865,0.0,0.0,-71.79336680781314,0.0,0.0,30.092703889164383,0.0
9.055,0.0,-253.0007077921699,0.0,0.0,174.37027770221874,0.0,0.0,-29.08800136766581,0.0,0.0,-43.548174272693245,0.0,0.0,20.354835653315483,0.0
9.06,0.0,-260.0618918950183,0.0,0.0,189.09733119378836,0.0,0.0,-61.5633408448027,0.0,0.0,-12.43603428413872,0.0,0.0,9.414195788108593,0.0
9.065,0.0,-262.88702740248414,0.0,0.0,199.75506494194588,0.0,0.0,-92.90336933820187,0.0,0.0,19.842099744085186,0.0,0.0,-2.198063079835952,0.0
9.07,0.0,-260.2398167321475,0.0,0.0,204.4280693266004,0.0,0.0,-120.56607133326442,0.0,0.0,51.38038492492835,0.0,0.0,-13.872323362477411,0.0
9.075000000000001,0.0,-250.48864493182765,0.0,0.0,201.0003261759192,0.0,0.0,-142.0806492556074,0.0,0.0,80.4192961210321,0.0,0.0,-25.05249454996101,0.0
9.08,0.0,-231.18645514170802,0.0,0.0,186.8967384377695,0.0,0.0,-155.02562881190534,0.0,0.0,105.41583999399732,0.0,0.0,-35.27271518876261,0.0
9.085,0.0,-199.06684768394013,0.0,0.0,159.11304848064867,0.0,0.0,-156.88556492264203,0.0,0.0,124.8074192612155,0.0,0.0,-44.06834309880428,0.0
9.09,0.0,-151.18528911623974,0.0,0.0,115.25024940013189,0.0,0.0,-145.35117101492617,0.0,0.0,136.7780594829326,0.0,0.0,-50.84287578702013,0.0
9.095,0.0,-87.55861688854978,0.0,0.0,55.909477296760244,0.0,0.0,-119.62942798268713,0.0,0.0,139.5692635661759,0.0,0.0,-54.87827589938451,0.0
9.1,0.0,-13.896308339026167,0.0,0.0,-12.898964427436686,0.0,0.0,-82.32375198514399,0.0,0.0,132.59475450111472,0.0,0.0,-55.64946431839732,0.0
9.105,0.0,58.939825852612266,0.0,0.0,-80.49605321570982,0.0,0.0,-39.83356974676512,0.0,0.0,117.5534705705638,0.0,0.0,-53.284733608436724,0.0
9.11,0.0,120.0337132581013,0.0,0.0,-136.5017667034491,0.0,0.0,0.24387294603851473,0.0,0.0,98.09810465769596,0.0,0.0,-48.67355764848896,0.0
9.115,0.0,163.77378022507716,0.0,0.0,-175.8299639975378,0.0,0.0,32.73232506896008,0.0,0.0,78.04949645549917,0.0,0.0,-43.020624025524384,0.0
9.120000000000001,0.0,190.74733845006676,0.0,0.0,-199.31887911698036,0.0,0.0,56.24302802370872,0.0,0.0,59.86794672323525,0.0,0.0,-37.29168556518141,0.0
9.125,0.0,204.98781684692065,0.0,0.0,-210.9634181639162,0.0,0.0,72.01405164703135,0.0,0.0,44.42949659014767,0.0,0.0,-31.99692038383065,0.0
9.13,0.0,211.06086998116095,0.0,0.0,-215.12079979051074,0.0,0.0,82.16550489941346,0.0,0.0,31.6154711605998,0.0,0.0,-27.283574342665233,0.0
9.135,0.0,212.62182374411734,0.0,0.0,-215.1821375992416,0.0,0.0,88.62799092549648,0.0,0.0,20.932910331483995,0.0,0.0,-23.10963616063081,0.0
9.14,0.0,212.1489352376196,0.0,0.0,-213.3674031363228,0.0,0.0,92.78977493731524,0.0,0.0,11.870898361576842,0.0,0.0,-19.36951204137913,0.0
9.145,0.0,211.16134687868666,0.0,0.0,-210.96322025525652,0.0,0.0,95.5093989197358,0.0,0.0,4.036551356386267,0.0,0.0,-15.956150233793235,0.0
9.15,0.0,210.5087786057473,0.0,0.0,-208.61083372747458,0.0,0.0,97.23054158625813,0.0,0.0,-2.820053915320967,0.0,0.0,-12.782826271448684,0.0
9.155,0.0,210.58437264533902,0.0,0.0,-206.50910920407983,0.0,0.0,98.08330425208209,0.0,0.0,-8.818609268673448,0.0,0.0,-9.786366466189559,0.0
9.16,0.0,211.4330175666009,0.0,0.0,-204.5118373146458,0.0,0.0,97.93795608164376,0.0,0.0,-13.96410147312466,0.0,0.0,-6.924446401296333,0.0
9.165000000000001,0.0,212.7607802232036,0.0,0.0,-202.1294586383121,0.0,0.0,96.40815619579176,0.0,0.0,-18.151951438957713,0.0,0.0,-4.173183882584481,0.0
9.17,0.0,213.85298334843893,0.0,0.0,-198.4486569643799,0.0,0.0,92.81206889229898,0.0,0.0,-21.16044604630471,0.0,0.0,-1.5281110491355534,0.0
9.175,0.0,213.4129855038073,0.0,0.0,-191.99280425113483,0.0,0.0,86.11450110447515,0.0,0.0,-22.637249530578625,0.0,0.0,0.98987848914535,0.0
9.18,0.0,209.3706546239056,0.0,0.0,-180.59060972076412,0.0,0.0,74.91018943678475,0.0,0.0,-22.102420149039144,0.0,0.0,3.323841412070368,0.0
9.185,0.0,198.81448506531402,0.0,0.0,-161.42805673863631,0.0,0.0,57.57993895492338,0.0,0.0,-19.017501896292295,0.0,0.0,5.370229322476362,0.0
9.19,0.0,178.37751697598375,0.0,0.0,-131.61119401403923,0.0,0.0,32.82455793150511,0.0,0.0,-12.99564316685849,0.0,0.0,6.982601910628686,0.0
9.195,0.0,145.48338939779097,0.0,0.0,-89.5603510473487,0.0,0.0,0.6940500025133929,0.0,0.0,-4.188979124921385,0.0,0.0,8.01241578903012,0.0
9.200000000000001,0.0,100.36628826996031,0.0,0.0,-36.94296317760088,0.0,0.0,-36.28106197651507,0.0,0.0,6.308355647561555,0.0,0.0,8.39642923267436,0.0
9.205,0.0,47.51393269088427,0.0,0.0,20.379582879731306,0.0,0.0,-72.99868113838738,0.0,0.0,16.475636565860057,0.0,0.0,8.245473019580887,0.0
9.21,0.0,-5.420882643046792,0.0,0.0,74.13080657356875,0.0,0.0,-103.62010033426253,0.0,0.0,24.10315316242443,0.0,0.0,7.842263905869846,0.0
9.215,0.0,-51.12576797341565,0.0,0.0,117.4164309729978,0.0,0.0,-124.2760332567919,0.0,0.0,27.80771567944042,0.0,0.0,7.5197041647632705,0.0
9.22,0.0,-85.6639294771031,0.0,0.0,147.38320473859352,0.0,0.0,-134.35991484736726,0.0,0.0,27.4647739806124,0.0,0.0,7.5199096741255325,0.0
9.225,0.0,-108.8619919535245,0.0,0.0,164.9761982719075,0.0,0.0,-135.71306183536117,0.0,0.0,23.84754390700215,0.0,0.0,7.941119483824584,0.0
9.23,0.0,-122.79066068071636,0.0,0.0,173.0374269981481,0.0,0.0,-131.01299322979833,0.0,0.0,18.00411849369094,0.0,0.0,8.770344679719779,0.0
9.235,0.0,-130.11742923354413,0.0,0.0,174.6129643794613,0.0,0.0,-122.64628961414229,0.0,0.0,10.846203139535692,0.0,0.0,9.939699724183955,0.0
9.24,0.0,-133.17722091212673,0.0,0.0,172.14216197487383,0.0,0.0,-112.31623907781366,0.0,0.0,3.019832577863234,0.0,0.0,11.366817498177648,0.0
9.245000000000001,0.0,-133.68745471112342,0.0,0.0,167.30442972898996,0.0,0.0,-101.08407899812048,0.0,0.0,-5.067774867432895,0.0,0.0,12.97422349064517,0.0
9.25,0.0,-132.78809908801466,0.0,0.0,161.14880770242667,0.0,0.0,-89.5464589339414,0.0,0.0,-13.177878349901235,0.0,0.0,14.695653496394845,0.0
9.255,0.0,-131.17992848433005,0.0,0.0,154.27962002451832,0.0,0.0,-78.0043803382566,0.0,0.0,-21.17749488367339,0.0,0.0,16.476629741953385,0.0
9.26,0.0,-129.2591739529874,0.0,0.0,147.01131465634302,0.0,0.0,-66.58386630893887,0.0,0.0,-28.996174873399305,0.0,0.0,18.273118529467713,0.0
9.265,0.0,-127.21897100159575,0.0,0.0,139.4759644061737,0.0,0.0,-55.31167765702557,0.0,0.0,-36.59920946427913,0.0,0.0,20.049691366619236,0.0
9.27,0.0,-125.11732819613678,0.0,0.0,131.69133884235677,0.0,0.0,-44.15981574461373,0.0,0.0,-43.97126460167745,0.0,0.0,21.777498437725832,0.0
9.275,0.0,-122.91959862072002,0.0,0.0,123.60197431325092,0.0,0.0,-33.071417516455966,0.0,0.0,-51.105426262279366,0.0,0.0,23.431980229031822,0.0
9.28,0.0,-120.52391539165222,0.0,0.0,115.10392883137885,0.0,0.0,-21.97712188182407,0.0,0.0,-57.9942682247706,0.0,0.0,24.99017975716321,0.0
9.285,0.0,-117.77655543803765,0.0,0.0,106.06118883175047,0.0,0.0,-10.807916715312553,0.0,0.0,-64.62089501526177,0.0,0.0,26.42757676811306,0.0
9.290000000000001,0.0,-114.48270851413369,0.0,0.0,96.31947361724596,0.0,0.0,0.49171319447597384,0.0,0.0,-70.94889958075123,0.0,0.0,27.714472237381557,0.0
9.295,0.0,-110.41704865928298,0.0,0.0,85.72153121740357,0.0,0.0,11.948115487958374,0.0,0.0,-76.91095716218845,0.0,0.0,28.81208378016875,0.0
9.3,0.0,-105.33762926931855,0.0,0.0,74.1265740109369,0.0,0.0,23.539462078269963,0.0,0.0,-82.3964957324442,0.0,0.0,29.66865677266662,0.0
9.305,0.0,-99.00554268527938,0.0,0.0,61.43485327625244,0.0,0.0,35.17409335004918,0.0,0.0,-87.23958982912487,0.0,0.0,30.21602459581322,0.0
9.31,0.0,-91.21112407520418,0.0,0.0,47.61629555526932,0.0,0.0,46.668562192259294,0.0,0.0,-91.20884833407565,0.0,0.0,30.367118987631443,0.0
9.315,0.0,-81.80516113989447,0.0,0.0,32.73980975539959,0.0,0.0,57.729282469097484,0.0,0.0,-94.00145927596924,0.0,0.0,30.014903386216755,0.0
9.32,0.0,-70.7310985820486,0.0,0.0,16.998041034959783,0.0,0.0,67.94266399375147,0.0,0.0,-95.24365656160042,0.0,0.0,29.03312446852481,0.0
9.325000000000001,0.0,-58.05271184787604,0.0,0.0,0.7219896936616674,0.0,0.0,76.77867675919813,0.0,0.0,-94.49998186404999,0.0,0.0,27.279356760941475,0.0
9.33,0.0,-43.9723270719052,0.0,0.0,-15.618491065207891,0.0,0.0,83.61227750830153,0.0,0.0,-91.29461109669741,0.0,0.0,24.60140539512545,0.0
9.335,0.0,-28.837423684837326,0.0,0.0,-31.429754361652307,0.0,0.0,87.76720349983854,0.0,0.0,-85.15046904630046,0.0,0.0,20.849465475675515,0.0
9.34,0.0,-13.136316457621817,0.0,0.0,-46.025436477257536,0.0,0.0,88.58807396953092,0.0,0.0,-75.65511410620593,0.0,0.0,15.898028631453844,0.0
9.345,0.0,2.5169554754546137,0.0,0.0,-58.676696587599885,0.0,0.0,85.54734318719537,0.0,0.0,-62.5621238276728,0.0,0.0,9.681502849197107,0.0
9.35,0.0,17.4142823537305,0.0,0.0,-68.68909822046389,0.0,0.0,78.38634569770487,0.0,0.0,-45.92489649644127,0.0,0.0,2.2427318016020212,0.0
9.355,0.0,30.814479277576197,0.0,0.0,-75.5114006527988,0.0,0.0,67.26624430011195,0.0,0.0,-26.230510035044052,0.0,0.0,-6.217949555204136,0.0
9.36,0.0,42.04356803006173,0.0,0.0,-78.86344216319343,0.0,0.0,52.868790550124366,0.0,0.0,-4.4643796409347924,0.0,0.0,-15.319635218343961,0.0
9.365,0.0,50.622286629117525,0.0,0.0,-78.83988633195575,0.0,0.0,36.36731098554236,0.0,0.0,17.973288657904735,0.0,0.0,-24.533552391073773,0.0
9.370000000000001,0.0,56.376645466955736,0.0,0.0,-75.93009191512775,0.0,0.0,19.225843671504343,0.0,0.0,39.5231795203244,0.0,0.0,-33.27987776888055,0.0
9.375,0.0,59.47558191182465,0.0,0.0,-70.92181511590033,0.0,0.0,2.879626769261217,0.0,0.0,58.81309504466443,0.0,0.0,-41.05699831153932,0.0
9.38,0.0,60.370732786619605,0.0,0.0,-64.72016563844733,0.0,0.0,-11.567288787776091,0.0,0.0,74.94156376261908,0.0,0.0,-47.54534958979311,0.0
9.385,0.0,59.667415138192375,0.0,0.0,-58.16120765623833,0.0,0.0,-23.501060085780562,0.0,0.0,87.58118467633301,0.0,0.0,-52.642503048658746,0.0
9.39,0.0,57.98727604828961,0.0,0.0,-51.89098910053308,0.0,0.0,-32.78103348872542,0.0,0.0,96.8961740764175,0.0,0.0,-56.42885607937965,0.0
9.395,0.0,55.871292825838886,0.0,0.0,-46.33150663768485,0.0,0.0,-39.60586217265018,0.0,0.0,103.35832322933105,0.0,0.0,-59.09653008053321,0.0
9.4,0.0,53.73764350377662,0.0,0.0,-41.711096381010094,0.0,0.0,-44.34950741685702,0.0,0.0,107.55793791342492,0.0,0.0,-60.87785099579385,0.0
9.405,0.0,51.882231512070724,0.0,0.0,-38.12265397582663,0.0,0.0,-47.426610711104765,0.0,0.0,110.0653958058387,0.0,0.0,-61.99383300959547,0.0
9.41,0.0,50.50123986380935,0.0,0.0,-35.58188996891009,0.0,0.0,-49.20662572294994,0.0,0.0,111.35348198444491,0.0,0.0,-62.62590418411379,0.0
9.415000000000001,0.0,49.71904821262961,0.0,0.0,-34.07254226268603,0.0,0.0,-49.970136277333374,0.0,0.0,111.76573404750138,0.0,0.0,-62.904919028877586,0.0
9.42,0.0,49.61207716631417,0.0,0.0,-33.576000742345265,0.0,0.0,-49.89225957897666,0.0,0.0,111.51070823631918,0.0,0.0,-62.90971224154052,0.0
9.425,0.0,50.22464909687159,0.0,0.0,-34.087391686622816,0.0,0.0,-49.03976795063564,0.0,0.0,110.66655963014693,0.0,0.0,-62.669270629090065,0.0
9.43,0.0,51.57578977039312,0.0,0.0,-35.620728307150294,0.0,0.0,-47.373803624316054,0.0,0.0,109.18716323865092,0.0,0.0,-62.16523096231302,0.0
9.435,0.0,53.65684759974634,0.0,0.0,-38.20442781468128,0.0,0.0,-44.75552472735183,0.0,0.0,106.90718548793501,0.0,0.0,-61.333750938869045,0.0
9.44,0.0,56.4200491958122,0.0,0.0,-41.86678733532247,0.0,0.0,-40.956898618562384,0.0,0.0,103.54876796438828,0.0,0.0,-60.06777451102284,0.0
9.445,0.0,59.7587519658015,0.0,0.0,-46.6099435477232,0.0,0.0,-35.6831030469039,0.0,0.0,98.73725171301906,0.0,0.0,-58.22251361964312,0.0
9.450000000000001,0.0,63.48220140037657,0.0,0.0,-52.37156003915578,0.0,0.0,-28.61588831634308,0.0,0.0,92.03729342200812,0.0,0.0,-55.62848157274954,0.0
9.455,0.0,67.29166041579613,0.0,0.0,-58.97736566166319,0.0,0.0,-19.48640849223335,0.0,0.0,83.02146610524697,0.0,0.0,-52.11677003755112,0.0
9.46,0.0,70.77010341129161,0.0,0.0,-66.09540866039976,0.0,0.0,-8.177535780090226,0.0,0.0,71.37643912582966,0.0,0.0,-47.558729775702865,0.0
9.465,0.0,73.40081947537034,0.0,0.0,-73.21226816259995,0.0,0.0,5.162919382553798,0.0,0.0,57.03299175038509,0.0,0.0,-41.91517879773471,0.0
9.47,0.0,74.62532099193092,0.0,0.0,-79.65520987711271,0.0,0.0,20.03987740870406,0.0,0.0,40.27886191172454,0.0,0.0,-35.27989373915829,0.0
9.475,0.0,73.93415813949757,0.0,0.0,-84.67268837507528,0.0,0.0,35.61133566025532,0.0,0.0,21.795543224697454,0.0,0.0,-27.895070560788476,0.0
9.48,0.0,70.9620237552638,0.0,0.0,-87.55717674534942,0.0,0.0,50.79937076196237,0.0,0.0,2.576686692635186,0.0,0.0,-20.122268797155673,0.0
9.485,0.0,65.54858314958116,0.0,0.0,-87.76579508561296,0.0,0.0,64.48441315719766,0.0,0.0,-16.258135917407227,0.0,0.0,-12.373395404864937,0.0
9.49,0.0,57.74247369497749,0.0,0.0,-84.99146944466183,0.0,0.0,75.70642583546903,0.0,0.0,-33.680215185667684,0.0,0.0,-5.029483302529014,0.0
9.495000000000001,0.0,47.758951143387826,0.0,0.0,-79.16751506443423,0.0,0.0,83.79662730789533,0.0,0.0,-48.91057603751836,0.0,0.0,1.6188357273858323,0.0
9.5,0.0,35.92518220316109,0.0,0.0,-70.4275953812824,0.0,0.0,88.41220440801135,0.0,0.0,-61.47551559240582,0.0,0.0,7.39115997000248,0.0
9.505,0.0,22.643953709705414,0.0,0.0,-59.05983686518972,0.0,0.0,89.50071355441308,0.0,0.0,-71.17443350130662,0.0,0.0,12.2029293578958,0.0
9.51,0.0,8.383524798313404,0.0,0.0,-45.48050875837591,0.0,0.0,87.24152623342778,0.0,0.0,-78.00933587433401,0.0,0.0,16.036036454135388,0.0
9.515,0.0,-6.32193685309608,0.0,0.0,-30.225481525422417,0.0,0.0,81.99633435890235,0.0,0.0,-82.12047403234168,0.0,0.0,18.912704309234254,0.0
9.52,0.0,-20.885832651234754,0.0,0.0,-13.937839038808317,0.0,0.0,74.27248236060629,0.0,0.0,-83.74690273296017,0.0,0.0,20.881410866963108,0.0
9.525,0.0,-34.71240459165538,0.0,0.0,2.670974533551087,0.0,0.0,64.68449528809829,0.0,0.0,-83.20649948067309,0.0,0.0,22.01368774777951,0.0
9.53,0.0,-47.26598307895712,0.0,0.0,18.892576992854046,0.0,0.0,53.89968089210084,0.0,0.0,-80.87926176333276,0.0,0.0,22.40500516842871,0.0
9.535,0.0,-58.14404931967693,0.0,0.0,34.109424058502285,0.0,0.0,42.56803951424838,0.0,0.0,-77.18138251832713,0.0,0.0,22.172843536911103,0.0
9.540000000000001,0.0,-67.12672219266261,0.0,0.0,47.86979734201267,0.0,0.0,31.251850277994,0.0,0.0,-72.52893956238792,0.0,0.0,21.448875662359413,0.0
9.545,0.0,-74.18600535602843,0.0,0.0,59.92554346745341,0.0,0.0,20.374809533789882,0.0,0.0,-67.29976672902167,0.0,0.0,20.366783272789036,0.0
9.55,0.0,-79.45650464424993,0.0,0.0,70.22559392330753,0.0,0.0,10.202647424128628,0.0,0.0,-61.804373350216764,0.0,0.0,19.049764379923346,0.0
9.555,0.0,-83.18329665618839,0.0,0.0,78.87594689761752,0.0,0.0,0.8540385784914006,0.0,0.0,-56.27224690602774,0.0,0.0,17.60142503930773,0.0
9.56,0.0,-85.66593473855056,0.0,0.0,86.08503969039526,0.0,0.0,-7.668885676194013,0.0,0.0,-50.85325201323498,0.0,0.0,16.101666679368428,0.0
9.565,0.0,-87.21226301085517,0.0,0.0,92.11142428359759,0.0,0.0,-15.443372757935219,0.0,0.0,-45.629369954378035,0.0,0.0,14.607101447659103,0.0
9.57,0.0,-88.10762851802684,0.0,0.0,97.22341068778654,0.0,0.0,-22.59199545867653,0.0,0.0,-40.630965590021844,0.0,0.0,13.15443029783755,0.0
9.575000000000001,0.0,-88.59876021446023,0.0,0.0,101.67317012690602,0.0,0.0,-29.256560035059543,0.0,0.0,-35.85305487883575,0.0,0.0,11.765119662187256,0.0
9.58,0.0,-88.88846157373273,0.0,0.0,105.68328271600589,0.0,0.0,-35.58082412691184,0.0,0.0,-31.269063317549623,0.0,0.0,10.450160434101013,0.0
9.585,0.0,-89.13667666526892,0.0,0.0,109.44195488464865,0.0,0.0,-41.7006232922856,0.0,0.0,-26.8412631264198,0.0,0.0,9.214251807068571,0.0
9.59,0.0,-89.46418067388927,0.0,0.0,113.10310491184934,0.0,0.0,-47.73920414973475,0.0,0.0,-22.528121775573872,0.0,0.0,8.059191833989853,0.0
9.595,0.0,-89.95612957803182,0.0,0.0,116.78817490390021,0.0,0.0,-53.8055655255606,0.0,0.0,-18.2892807020724,0.0,0.0,6.986523098302738,0.0
9.6,0.0,-90.66345358454367,0.0,0.0,120.58719187295878,0.0,0.0,-59.993868047259745,0.0,0.0,-14.089038693297432,0.0,0.0,5.999609957383875,0.0
9.605,0.0,-91.60040038967236,0.0,0.0,124.55692882084556,0.0,0.0,-66.3821374948779,0.0,0.0,-9.89924741004829,0.0,0.0,5.105367847053081,0.0
9.61,0.0,-92.73639695948694,0.0,0.0,128.71386649088632,0.0,0.0,-73.02835392243125,0.0,0.0,-5.702584591365309,0.0,0.0,4.315867797836674,0.0
9.615,0.0,-93.97984151456802,0.0,0.0,133.01897139456807,0.0,0.0,-79.96145052487651,0.0,0.0,-1.497350387826712,0.0,0.0,3.650021359642098,0.0
9.620000000000001,0.0,-95.15058709462268,0.0,0.0,137.3501021391206,0.0,0.0,-87.16363984376528,0.0,0.0,2.69471008886506,0.0,0.0,3.1355064869856166,0.0
9.625,0.0,-95.93713091150984,0.0,0.0,141.45637993652898,0.0,0.0,-94.53884456587811,0.0,0.0,6.815534797657563,0.0,0.0,2.81097868283032,0.0
9.63,0.0,-95.83502486078673,0.0,0.0,144.8880784894539,0.0,0.0,-101.86027219066565,0.0,0.0,10.750336620739517,0.0,0.0,2.728311902280635,0.0
9.635,0.0,-94.06763949013123,0.0,0.0,146.89832324261855,0.0,0.0,-108.69006912194736,0.0,0.0,14.297534461576017,0.0,0.0,2.953907293485921,0.0
9.64,0.0,-89.50516041451053,0.0,0.0,146.3257899314357,0.0,0.0,-114.270328134355,0.0,0.0,17.13008627656766,0.0,0.0,3.566644980109489,0.0
9.645,0.0,-80.6319559629141,0.0,0.0,141.50271743692127,0.0,0.0,-117.40768754903071,0.0,0.0,18.759288165272267,0.0,0.0,4.647566246787936,0.0
9.65,0.0,-65.6712483518152,0.0,0.0,130.30167205538768,0.0,0.0,-116.42725545281306,0.0,0.0,18.533762758646922,0.0,0.0,6.253618298872395,0.0
9.655,0.0,-43.03003720629263,0.0,0.0,110.51829926220753,0.0,0.0,-109.35298119336922,0.0,0.0,15.736464097335023,0.0,0.0,8.368806817979781,0.0
9.66,0.0,-12.161094583039933,0.0,0.0,80.7686399176689,0.0,0.0,-94.5052593276026,0.0,0.0,9.84744083232873,0.0,0.0,10.839892301064065,0.0
9.665000000000001,0.0,25.420040789196314,0.0,0.0,41.73595233161945,0.0,0.0,-71.50455279710725,0.0,0.0,0.9454603619904773,0.0,0.0,13.335929979425583,0.0
9.67,0.0,65.77696538137997,0.0,0.0,-3.0657618224199243,0.0,0.0,-42.13883616358366,0.0,0.0,-9.993738019528934,0.0,0.0,15.396273360430364,0.0
9.675,0.0,103.6512898165587,0.0,0.0,-48.063460963944124,0.0,0.0,-10.191986163456313,0.0,0.0,-21.256238762274553,0.0,0.0,16.588474590793602,0.0
9.68,0.0,134.61840221337926,0.0,0.0,-87.84639894535854,0.0,0.0,20.01023159103726,0.0,0.0,-31.043793692246116,0.0,0.0,16.684377959617958,0.0
9.685,0.0,156.70341070856063,0.0,0.0,-119.22573915174263,0.0,0.0,45.308937391543054,0.0,0.0,-38.153679161972754,0.0,0.0,15.718438083742269,0.0
9.69,0.0,170.41017853114016,0.0,0.0,-141.72511427588745,0.0,0.0,64.45259639446448,0.0,0.0,-42.207197940352756,0.0,0.0,13.902621003222752,0.0
9.695,0.0,177.6504833038885,0.0,0.0,-156.7061200330378,0.0,0.0,77.73319018980226,0.0,0.0,-43.433176099921745,0.0,0.0,11.49348187320987,0.0
9.700000000000001,0.0,180.62355527381183,0.0,0.0,-166.1958765029316,0.0,0.0,86.20471996667469,0.0,0.0,-42.32068061531361,0.0,0.0,8.702301223334548,0.0
9.705,0.0,181.17940189159344,0.0,0.0,-172.10655057050866,0.0,0.0,91.06233652922839,0.0,0.0,-39.370203781969984,0.0,0.0,5.667015232420534,0.0
9.71,0.0,180.6311407188416,0.0,0.0,-175.92315089855987,0.0,0.0,93.33207008657652,0.0,0.0,-34.984557674953294,0.0,0.0,2.4616477354314696,0.0
9.715,0.0,179.8005027839262,0.0,0.0,-178.67538652384087,0.0,0.0,93.78403524283412,0.0,0.0,-29.450395752743074,0.0,0.0,-0.8827031343515204,0.0
9.72,0.0,179.1311071343585,0.0,0.0,-181.01918261831938,0.0,0.0,92.95090934286685,0.0,0.0,-22.957231863591698,0.0,0.0,-4.358998682393706,0.0
9.725,0.0,178.7902500385484,0.0,0.0,-183.33159531702995,0.0,0.0,91.17539685529883,0.0,0.0,-15.622521161163931,0.0,0.0,-7.971726853215429,0.0
9.73,0.0,178.73318742757468,0.0,0.0,-185.78017717035164,0.0,0.0,88.65041047690625,0.0,0.0,-7.509192903863294,0.0,0.0,-11.730680663206572,0.0
9.735,0.0,178.72544884663685,0.0,0.0,-188.35452937120158,0.0,0.0,85.43787189440235,0.0,0.0,1.3684465084186117,0.0,0.0,-15.649753604591126,0.0
9.74,0.0,178.32377888631308,0.0,0.0,-190.85582475361912,0.0,0.0,81.46143404421865,0.0,0.0,11.049904294632835,0.0,0.0,-19.749078911665773,0.0
9.745000000000001,0.0,176.8165849845931,0.0,0.0,-192.84089816139766,0.0,0.0,76.47257871686175,0.0,0.0,21.640810718347186,0.0,0.0,-24.058214521161428,0.0
9.75,0.0,173.12905588893238,0.0,0.0,-193.51994472071496,0.0,0.0,69.99491365982783,0.0,0.0,33.323208755428304,0.0,0.0,-28.616600216421837,0.0
9.755,0.0,165.7166151452105,0.0,0.0,-191.62135749650338,0.0,0.0,61.265015190333344,0.0,0.0,46.34545512178495,0.0,0.0,-33.46490816648487,0.0
9.76,0.0,152.51657320621152,0.0,0.0,-185.27907428246723,0.0,0.0,49.217889931491555,0.0,0.0,60.95962313709312,0.0,0.0,-38.61778877718856,0.0
9.765,0.0,131.10751065989427,0.0,0.0,-172.07987669706918,0.0,0.0,32.61270097955798,0.0,0.0,77.2636881107833,0.0,0.0,-44.00834830997935,0.0
9.77,0.0,99.2941196784064,0.0,0.0,-149.5015337653389,0.0,0.0,10.428093474406175,0.0,0.0,94.92583488772682,0.0,0.0,-49.40640371457076,0.0
9.775,0.0,56.229683860451075,0.0,0.0,-115.93054886733975,0.0,0.0,-17.42584668332531,0.0,0.0,112.86522220319466,0.0,0.0,-54.34661564783394,0.0
9.78,0.0,3.6962891959673456,0.0,0.0,-72.02674336468135,0.0,0.0,-49.34792955376427,0.0,0.0,129.13268221965973,0.0,0.0,-58.14613137649077,0.0
9.785,0.0,-53.5120339387739,0.0,0.0,-21.482363258683744,0.0,0.0,-81.89597308131442,0.0,0.0,141.28525285141632,0.0,0.0,-60.077371227742944,0.0
9.790000000000001,0.0,-109.00408159589023,0.0,0.0,29.87096905865998,0.0,0.0,-110.73571369606162,0.0,0.0,147.2062997968464,0.0,0.0,-59.630721893221576,0.0
9.795,0.0,-157.35319353352503,0.0,0.0,76.33098141386726,0.0,0.0,-132.19534265511928,0.0,0.0,145.800794599387,0.0,0.0,-56.66895129780594,0.0
9.8,0.0,-195.87852529770674,0.0,0.0,114.26365573604063,0.0,0.0,-144.25288546890033,0.0,0.0,137.03398386129618,0.0,0.0,-51.35450528120792,0.0
9.805,0.0,-224.56512483525586,0.0,0.0,142.4626805325444,0.0,0.0,-146.43232963956996,0.0,0.0,121.45085911875424,0.0,0.0,-43.95732106597474,0.0
9.81,0.0,-244.7927785151299,0.0,0.0,161.29282374608766,0.0,0.0,-139.1480946168987,0.0,0.0,99.73908500552744,0.0,0.0,-34.73398078005386,0.0
9.815,0.0,-258.0876934984768,0.0,0.0,171.6914198562498,0.0,0.0,-123.2456042214408,0.0,0.0,72.68047002763217,0.0,0.0,-23.955447403214507,0.0
9.82,0.0,-265.52211483111233,0.0,0.0,174.66735347259007,0.0,0.0,-99.9901568285899,0.0,0.0,41.413024831452,0.0,0.0,-12.023674664195173,0.0
9.825000000000001,0.0,-267.7475038235913,0.0,0.0,171.3048429365815,0.0,0.0,-71.27048123482528,0.0,0.0,7.682959584293192,0.0,0.0,0.44251249899568545,0.0
9.83,0.0,-265.3534965106131,0.0,0.0,162.9530212165664,0.0,0.0,-39.61916680449839,0.0,0.0,-26.22748530567351,0.0,0.0,12.651681917159678,0.0
9.835,0.0,-259.194733927123,0.0,0.0,151.2713313802352,0.0,0.0,-7.827047647307289,0.0,0.0,-57.97458677175345,0.0,0.0,23.823027167843925,0.0
9.84,0.0,-250.44973432546254,0.0,0.0,138.01074869794257,0.0,0.0,21.70293665109481,0.0,0.0,-85.78120275089567,0.0,0.0,33.406814264362154,0.0
9.845,0.0,-240.41081972529392,0.0,0.0,124.66467984289702,0.0,0.0,47.48074313148104,0.0,0.0,-108.83912952274741,0.0,0.0,41.208629563219176,0.0
9.85,0.0,-230.18207431125998,0.0,0.0,112.20828401959186,0.0,0.0,69.06659256588404,0.0,0.0,-127.30084905262348,0.0,0.0,47.36421635394227,0.0
9.855,0.0,-220.45755710259476,0.0,0.0,101.03108655263901,0.0,0.0,86.85443036244597,0.0,0.0,-141.96932094582684,0.0,0.0,52.214861496953645,0.0
9.86,0.0,-211.43063014899582,0.0,0.0,91.01852808546997,0.0,0.0,101.71051072958706,0.0,0.0,-153.9122537689865,0.0,0.0,56.16657456882204,0.0
9.865,0.0,-202.78739282668622,0.0,0.0,81.68366682263161,0.0,0.0,114.64290454244318,0.0,0.0,-164.1509943740139,0.0,0.0,59.582703423294205,0.0
9.870000000000001,0.0,-193.7177659670234,0.0,0.0,72.28266639391448,0.0,0.0,126.55779321048806,0.0,0.0,-173.4476957541463,0.0,0.0,62.71357163917703,0.0
9.875,0.0,-182.9099317302487,0.0,0.0,61.90494163137845,0.0,0.0,138.06447528293592,0.0,0.0,-182.13502506530872,0.0,0.0,65.64048365423778,0.0
9.88,0.0,-168.5435339092338,0.0,0.0,49.57661234639225,0.0,0.0,149.24842765365352,0.0,0.0,-189.90829740804895,0.0,0.0,68.2052022989484,0.0
9.885,0.0,-148.354544302344,0.0,0.0,34.450140043881675,0.0,0.0,159.32894216534837,0.0,0.0,-195.51328443290922,0.0,0.0,69.90274026876557,0.0
9.89,0.0,-119.9110445378765,0.0,0.0,16.166036353404557,0.0,0.0,166.16999352663322,0.0,0.0,-196.32931687403084,0.0,0.0,69.74066352882492,0.0
9.895,0.0,-81.29470332737839,0.0,0.0,-4.581714202703523,0.0,0.0,165.80143156779764,0.0,0.0,-188.04311902353226,0.0,0.0,66.13922092110799,0.0
9.9,0.0,-32.33721672811039,0.0,0.0,-25.464243624830647,0.0,0.0,152.5532366044312,0.0,0.0,-165.03364071902746,0.0,0.0,57.09678697043947,0.0
9.905,0.0,23.815654715862955,0.0,0.0,-42.53814403569143,0.0,0.0,120.95665934265415,0.0,0.0,-122.54645053237864,0.0,0.0,40.99839202668951,0.0
9.91,0.0,79.98255630533161,0.0,0.0,-51.71436021105751,0.0,0.0,70.01801375062698,0.0,0.0,-61.009419326470905,0.0,0.0,18.16265250330023,0.0
9.915000000000001,0.0,126.97132898596708,0.0,0.0,-51.432708574418044,0.0,0.0,7.115524927113475,0.0,0.0,10.568960254211241,0.0,0.0,-8.004331403942263,0.0
9.92,0.0,158.29281184881367,0.0,0.0,-44.06979539830746,0.0,0.0,-54.17964196164259,0.0,0.0,77.64864556895053,0.0,0.0,-32.20229960604679,0.0
9.925,0.0,173.4757232194693,0.0,0.0,-34.09580272202404,0.0,0.0,-102.32794683776572,0.0,0.0,128.81899015528546,0.0,0.0,-50.379627103918665,0.0
9.93,0.0,176.74690942974135,0.0,0.0,-25.057534394347023,0.0,0.0,-133.5014336674053,0.0,0.0,161.08955016431028,0.0,0.0,-61.5738267992396,0.0
9.935,0.0,173.4206607288374,0.0,0.0,-18.424638999698963,0.0,0.0,-150.20630319075528,0.0,0.0,177.87361978545934,0.0,0.0,-67.11658419408917,0.0
9.94,0.0,167.59566649888453,0.0,0.0,-14.23569127282693,0.0,0.0,-157.08720892006295,0.0,0.0,184.4707680670779,0.0,0.0,-68.9850611663726,0.0
9.945,0.0,161.75440505276595,0.0,0.0,-12.031205372741645,0.0,0.0,-158.19828336131275,0.0,0.0,185.329021927772,0.0,0.0,-68.82435570252332,0.0
9.950000000000001,0.0,157.21026627515664,0.0,0.0,-11.379800867102247,0.0,0.0,-156.21662959168233,0.0,0.0,183.35527686996886,0.0,0.0,-67.71237262831161,0.0
9.955,0.0,154.62133578421202,0.0,0.0,-12.055892657660308,0.0,0.0,-152.58133124222994,0.0,0.0,180.14124504966716,0.0,0.0,-66.25001170350603,0.0
9.96,0.0,154.3350277843724,0.0,0.0,-14.063876919236577,0.0,0.0,-147.8214403953832,0.0,0.0,176.34404279413215,0.0,0.0,-64.70261400688875,0.0
9.965,0.0,156.56825056176797,0.0,0.0,-17.62044957935889,0.0,0.0,-141.80418041534693,0.0,0.0,171.95837402413608,0.0,0.0,-63.0993166837748,0.0
9.97,0.0,161.46930051872428,0.0,0.0,-23.12838217605004,0.0,0.0,-133.86873204337024,0.0,0.0,166.45134013769407,0.0,0.0,-61.28021213727627,0.0
9.975,0.0,169.08872423112234,0.0,0.0,-31.130570053452004,0.0,0.0,-122.89538999199328,0.0,0.0,158.80795011743714,0.0,0.0,-58.907666437091194,0.0
9.98,0.0,179.2663915181724,0.0,0.0,-42.20576726698849,0.0,0.0,-107.40126774384832,0.0,0.0,147.57099550484844,0.0,0.0,-55.47014999667843,0.0
9.985,0.0,191.44658523810008,0.0,0.0,-56.7543483409997,0.0,0.0,-85.79146809624795,0.0,0.0,130.99973461428016,0.0,0.0,-50.322331379422266,0.0
9.99,0.0,204.48287320746428,0.0,0.0,-74.6511199036317,0.0,0.0,-56.89536302452337,0.0,0.0,107.4958258173431,0.0,0.0,-42.81810565484646,0.0
9.995000000000001,0.0,216.58726062417477,0.0,0.0,-94.8585048297545,0.0,0.0,-20.776091850919357,0.0,0.0,76.35206707997024,0.0,0.0,-32.56863358131211,0.0
10.0,0.0,225.62370102501984,0.0,0.0,-115.27662662966168,0.0,0.0,20.551838420328682,0.0,0.0,38.565201945802585,0.0,0.0,-19.75156042706153,0.0
