0.0,0.0,-14.857176821585675,0.0,1.9811550052357125,0.0,-6.936717523440031,0.0,44.58936264337873,0.0,-6.936717523440033,0.0,-6.936717523440031,0.0,0.0,0.0,0.0,0.0,9.81
0.005,0.0,-14.760397643425733,0.0,1.9682473705443737,0.0,-6.955281926839982,0.0,44.53131957934949,0.0,-6.932850987253385,0.0,-6.940581905614312,0.0,0.0,0.0,0.0,0.0,9.81
0.01,0.0,-14.468185519247704,0.0,1.929245408534669,0.0,-7.010644651494001,0.0,44.35643583018934,0.0,-6.921248567103191,0.0,-6.952152061301502,0.0,0.0,0.0,0.0,0.0,9.81
0.015,0.0,-13.975043249239086,0.0,1.8633315195238587,0.0,-7.10180770488481,0.0,44.062503990563826,0.0,-6.901902194571505,0.0,-6.971358987308879,0.0,0.0,0.0,0.0,0.0,9.81
0.02,0.0,-13.272232108558278,0.0,1.7692084912874044,0.0,-7.2270873704244165,0.0,43.646033203102476,0.0,-6.874799648274724,0.0,-6.99808758612544,0.0,0.0,0.0,0.0,0.0,9.81
0.025,0.0,-12.348407978727423,0.0,1.6451978919194994,0.0,-7.384088498353815,0.0,43.10253171188319,0.0,-6.8399263608225835,0.0,-7.032176582732034,0.0,0.0,0.0,0.0,0.0,9.81
0.03,0.0,-11.190509381950314,0.0,1.4893774674519675,0.0,-7.5696781136404185,0.0,42.42690070478743,0.0,-6.797267882166595,0.0,-7.073418516333232,0.0,0.0,0.0,0.0,0.0,9.81
0.035,0.0,-9.78488380556962,0.0,1.29975546912338,0.0,-7.779967446787363,0.0,41.61393243283751,0.0,-6.746812927984731,0.0,-7.12155991006823,0.0,0.0,0.0,0.0,0.0,9.81
0.04,0.0,-8.118620647412058,0.0,1.0744770336616096,0.0,-8.010313154293243,0.0,40.65889685957306,0.0,-6.688556915700697,0.0,-7.176301742812473,0.0,0.0,0.0,0.0,0.0,9.81
0.045,0.0,-6.181033639187433,0.0,0.8120537756390444,0.0,-8.255349114530187,0.0,39.55818889229946,0.0,-6.622505862874381,0.0,-7.237300360402976,0.0,0.0,0.0,0.0,0.0,9.81
0.05,0.0,-3.9652050601052125,0.0,0.5116029794010885,0.0,-8.509059307438761,0.0,38.30999377027408,0.0,-6.548680495143628,0.0,-7.304168966142057,0.0,0.0,0.0,0.0,0.0,9.81
0.055,0.0,-1.469473251702695,0.0,0.17307793491631435,0.0,-8.764899529590455,0.0,36.914913822916326,0.0,-6.46712038689675,0.0,-7.376479819514528,0.0,0.0,0.0,0.0,0.0,9.81
0.06,0.0,1.301279046732617,0.0,-0.20253286828535724,0.0,-9.015970914987477,0.0,35.376489032336835,0.0,-6.377887941502432,0.0,-7.453767245728368,0.0,0.0,0.0,0.0,0.0,9.81
0.065,0.0,4.334686987979978,0.0,-0.6130615231274915,0.0,-9.255241693258908,0.0,33.70154062855266,0.0,-6.281072013548256,0.0,-7.535531516552442,0.0,0.0,0.0,0.0,0.0,9.81
0.07,0.0,7.610454598018762,0.0,-1.055093419070646,0.0,-9.475806109939143,0.0,31.900274802390655,0.0,-6.1767909868159805,0.0,-7.621243606847608,0.0,0.0,0.0,0.0,0.0,9.81
0.075,0.0,11.100493003165806,0.0,-1.523992921610196,0.0,-9.671162239405923,0.0,29.986104231945145,0.0,-6.065195150638603,0.0,-7.710350765718632,0.0,0.0,0.0,0.0,0.0,9.81
0.08,0.0,14.769680923053276,0.0,-2.014028354195511,0.0,-9.835485090232376,0.0,27.975177230937952,0.0,-5.9464682632279295,0.0,-7.802282773419366,0.0,0.0,0.0,0.0,0.0,9.81
0.085,0.0,18.57720386912693,0.0,-2.5185904711628555,0.0,-9.96386936029351,0.0,25.88564330357098,0.0,-5.820828249840987,0.0,-7.896458693732596,0.0,0.0,0.0,0.0,0.0,9.81
0.09,0.0,22.478349430969388,0.0,-3.030486203970697,0.0,-10.052518288457293,0.0,23.73672239344489,0.0,-5.688527049723542,0.0,-7.992293885362546,0.0,0.0,0.0,0.0,0.0,9.81
0.095,0.0,26.426573077916544,0.0,-3.5422793381852458,0.0,-10.09886118815227,0.0,21.547674926306307,0.0,-5.549849690230969,0.0,-8.089207012072725,0.0,0.0,0.0,0.0,0.0,9.81
0.1,0.0,30.375615813197538,0.0,-4.046644093093821,0.0,-10.101591354223562,0.0,19.336784183381877,0.0,-5.4051127207283,0.0,-8.186626793687882,0.0,0.0,0.0,0.0,0.0,9.81
0.105,0.0,34.28145846791921,0.0,-4.536697448576996,0.0,-10.060626291490447,0.0,17.120458550437938,0.0,-5.254662175683157,0.0,-8.283998268186211,0.0,0.0,0.0,0.0,0.0,9.81
0.11,0.0,38.1039350316026,0.0,-5.006281251195555,0.0,-9.977001584140826,0.0,14.912540266527856,0.0,-5.098871251620896,0.0,-8.38078838425557,0.0,0.0,0.0,0.0,0.0,9.81
0.115,0.0,41.80788884668273,0.0,-5.450174160926961,0.0,-9.852716523516834,0.0,12.723874875772268,0.0,-4.938137875798669,0.0,-8.476490806058333,0.0,0.0,0.0,0.0,0.0,9.81
0.12,0.0,45.36382604249081,0.0,-5.864224187609582,0.0,-9.690552917292429,0.0,10.56215917469843,0.0,-4.772882318500998,0.0,-8.570629878328539,0.0,0.0,0.0,0.0,0.0,9.81
0.125,0.0,48.74808568747572,0.0,-6.245402688430399,0.0,-9.493888286839688,0.0,8.43205235665901,0.0,-4.603544961157266,0.0,-8.662763761571128,0.0,0.0,0.0,0.0,0.0,9.81
0.13,0.0,51.94259507302519,0.0,-6.5917885606782365,0.0,-9.266521626250714,0.0,6.335510557485152,0.0,-4.430584285521027,0.0,-8.752486797278541,0.0,0.0,0.0,0.0,0.0,9.81
0.135,0.0,54.93430622237418,0.0,-6.9024960990360125,0.0,-9.012525150163848,0.0,4.272291479661959,0.0,-4.254475101171557,0.0,-8.83943119774616,0.0,0.0,0.0,0.0,0.0,9.81
0.14,0.0,57.71441647444241,0.0,-7.177561545700094,0.0,-8.736130142160604,0.0,2.2405728568275336,0.0,-4.075706984584857,0.0,-8.923268173146367,0.0,0.0,0.0,0.0,0.0,9.81
0.145,0.0,60.27746596642898,0.0,-7.417802296236235,0.0,-8.441650045364119,0.0,0.23763396964602368,0.0,-3.8947828661929877,0.0,-9.00370861128,0.0,0.0,0.0,0.0,0.0,9.81
0.15,0.0,62.62038390890526,0.0,-7.624659883475856,0.0,-8.133439867351528,0.0,-1.7394398291917037,0.0,-3.7122176736119012,0.0,-9.080503415713482,0.0,0.0,0.0,0.0,0.0,9.81
0.155,0.0,64.7415295459927,0.0,-7.8000341229876495,0.0,-7.815887997040793,0.0,-3.6930565647959828,0.0,-3.5285369194415983,0.0,-9.153443589421489,0.0,0.0,0.0,0.0,0.0,9.81
0.16,0.0,66.63974731000036,0.0,-7.94611189749156,0.0,-7.493434563461868,0.0,-5.624435039508164,0.0,-3.3442751095140695,0.0,-9.222360127227029,0.0,0.0,0.0,0.0,0.0,9.81
0.165,0.0,68.3134320850817,0.0,-8.065190500566064,0.0,-7.170609240364039,0.0,-7.532942761567577,0.0,-3.1599738403467197,0.0,-9.287123754477587,0.0,0.0,0.0,0.0,0.0,9.81
0.17,0.0,69.7595815197289,0.0,-8.159492571064636,0.0,-6.852080571856966,0.0,-9.415448082585103,0.0,-2.976179450794056,0.0,-9.347644524068668,0.0,0.0,0.0,0.0,0.0,9.81
0.17500000000000002,0.0,70.97279897235143,0.0,-8.230967618874729,0.0,-6.542708108572488,0.0,-11.26567429122212,0.0,-2.7934400905120547,0.0,-9.403871260953101,0.0,0.0,0.0,0.0,0.0,9.81
0.18,0.0,71.94420375141628,0.0,-8.281074124494372,0.0,-6.24758758085495,0.0,-13.073540854352782,0.0,-2.612302065229303,0.0,-9.455790823819678,0.0,0.0,0.0,0.0,0.0,9.81
0.185,0.0,72.66020612905038,0.0,-8.310536408659207,0.0,-5.9720777372287355,0.0,-14.824478514736228,0.0,-2.4333053148968204,0.0,-9.50342713830436,0.0,0.0,0.0,0.0,0.0,9.81
0.19,0.0,73.10111562729567,0.0,-8.31907229653654,0.0,-5.721795179331562,0.0,-16.498711869994874,0.0,-2.2569778753598193,0.0,-9.54683994511219,0.0,0.0,0.0,0.0,0.0,9.81
0.195,0.0,73.23957651560971,0.0,-8.305091677720357,0.0,-5.502560518826606,0.0,-18.070517612067746,0.0,-2.0838291683279615,0.0,-9.58612319969218,0.0,0.0,0.0,0.0,0.0,9.81
0.2,0.0,73.03887069537167,0.0,-8.26537333053736,0.0,-5.32027572427052,0.0,-19.50749212584016,0.0,-1.9143419610773678,0.0,-9.621403057362578,0.0,0.0,0.0,0.0,0.0,9.81
0.20500000000000002,0.0,72.45120361367862,0.0,-8.194739063034369,0.0,-5.180709332537967,0.0,-20.769902910272723,0.0,-1.7489628422159234,0.0,-9.652835378711131,0.0,0.0,0.0,0.0,0.0,9.81
0.21,0.0,71.41620271428474,0.0,-8.085761625818686,0.0,-5.089164730707637,0.0,-21.810258726733014,0.0,-1.5880910825307653,0.0,-9.680602694434162,0.0,0.0,0.0,0.0,0.0,9.81
0.215,0.0,69.8600163986261,0.0,-7.928566788631395,0.0,-5.050009519716398,0.0,-22.573315992719547,0.0,-1.4320658048658716,0.0,-9.70491057647266,0.0,0.0,0.0,0.0,0.0,9.81
0.22,0.0,67.69560003118625,0.0,-7.710819617817284,0.0,-5.0660549489952755,0.0,-22.996840085756688,0.0,-1.2811514940585933,0.0,-9.72598337368128,0.0,0.0,0.0,0.0,0.0,9.81
0.225,0.0,64.82498579472562,0.0,-7.41801594632768,0.0,-5.1377986360811185,0.0,-23.01354316418568,0.0,-1.1355220615510742,0.0,-9.744059286251332,0.0,0.0,0.0,0.0,0.0,9.81
0.23,0.0,61.14448507236654,0.0,-7.0342217452829825,0.0,-5.2625862659883875,0.0,-22.554685854109984,0.0,-0.9952439639040674,0.0,-9.759384775420717,0.0,0.0,0.0,0.0,0.0,9.81
0.23500000000000001,0.0,56.55373806674976,0.0,-6.543396721124426,0.0,-5.433810500746788,0.0,-21.555789931354422,0.0,-0.8602592750391121,0.0,-9.772208336228221,0.0,0.0,0.0,0.0,0.0,9.81
0.24,0.0,50.969125383109784,0.0,-5.931377652193613,0.0,-5.640340974107912,0.0,-19.964668145992565,0.0,-0.7303701172125685,0.0,-9.782773704395115,0.0,0.0,0.0,0.0,0.0,9.81
0.245,0.0,44.3411119714177,0.0,-5.1884561481683615,0.0,-5.866445575321819,0.0,-17.75144526280242,0.0,-0.6052264050275197,0.0,-9.791312626730157,0.0,0.0,0.0,0.0,0.0,9.81
0.25,0.0,36.67356000642908,0.0,-4.312259039530013,0.0,-6.092479081109907,0.0,-14.919405918525298,0.0,-0.4843193199485986,0.0,-9.79803739851224,0.0,0.0,0.0,0.0,0.0,9.81
0.255,0.0,28.041202085200588,0.0,-3.310369253322923,0.0,-6.296529451996433,0.0,-11.51451938509129,0.0,-0.36698310797557127,0.0,-9.80313345702526,0.0,0.0,0.0,0.0,0.0,9.81
0.26,0.0,18.600042068158906,0.0,-2.2019183744474513,0.0,-6.456992002590741,0.0,-7.6307582037301565,0.0,-0.25240744741511784,0.0,-9.806752406089325,0.0,0.0,0.0,0.0,0.0,9.81
0.265,0.0,8.585493694264066,0.0,-1.0173911246174574,0.0,-6.5557151402771305,0.0,-3.4084053195627897,0.0,-0.13966159930853456,0.0,-9.809005911724324,0.0,0.0,0.0,0.0,0.0,9.81
0.27,0.0,-1.704626598984621,0.0,0.20377884720544942,0.0,-6.58104396386463,0.0,0.976152597673541,0.0,-0.02772985799889003,0.0,-9.809960928308046,0.0,0.0,0.0,0.0,0.0,9.81
0.275,0.0,-11.940798910042716,0.0,1.4176088189581073,0.0,-6.529951620386717,0.0,5.3282613952145,0.0,0.08444421995218816,0.0,-9.80963666538316,0.0,0.0,0.0,0.0,0.0,9.81
0.28,0.0,-21.799984357391004,0.0,2.5810570389918057,0.0,-6.408620580971878,0.0,9.456989970195957,0.0,0.19790914756388533,0.0,-9.808003580284524,0.0,0.0,0.0,0.0,0.0,9.81
0.28500000000000003,0.0,-31.00224099112447,0.0,3.657283387421293,0.0,-6.231290802872727,0.0,13.196253772815513,0.0,0.31365772607112136,0.0,-9.80498449704069,0.0,0.0,0.0,0.0,0.0,9.81
0.29,0.0,-39.337327314491816,0.0,4.619449951513573,0.0,-6.017732548879482,0.0,16.420380325105075,0.0,0.432585272222994,0.0,-9.80045774519473,0.0,0.0,0.0,0.0,0.0,9.81
0.295,0.0,-46.6765760306203,0.0,5.452373288288404,0.0,-5.790076441155711,0.0,19.051450351357666,0.0,0.5554576572140075,0.0,-9.794262029348925,0.0,0.0,0.0,0.0,0.0,9.81
0.3,0.0,-52.9701841106321,0.0,6.152049274279369,0.0,-5.5697957680227645,0.0,21.058405090833055,0.0,0.6828909998275348,0.0,-9.786202617938788,0.0,0.0,0.0,0.0,0.0,9.81
0.305,0.0,-58.23383798759261,0.0,6.723623412201046,0.0,-5.375419882599932,0.0,22.449997992154,0.0,0.8153428797391389,0.0,-9.776058392687437,0.0,0.0,0.0,0.0,0.0,9.81
0.31,0.0,-62.53010320836075,0.0,7.178602676792137,0.0,-5.221219051873601,0.0,23.264543765431476,0.0,0.9531134421444739,0.0,-9.763589320307734,0.0,0.0,0.0,0.0,0.0,9.81
0.315,0.0,-65.9494441663683,0.0,7.532024974420254,0.0,-5.116801652632084,0.0,23.55916361379292,0.0,1.0963539685152137,0.0,-9.748543973082365,0.0,0.0,0.0,0.0,0.0,9.81
0.32,0.0,-68.59406700747357,0.0,7.800058493378192,0.0,-5.067390213678811,0.0,23.400350457199817,0.0,1.2450803392263925,0.0,-9.730666809935734,0.0,0.0,0.0,0.0,0.0,9.81
0.325,0.0,-70.56597970114031,0.0,7.998238868856867,0.0,-5.074496454533315,0.0,22.856709826125027,0.0,1.3991891090786446,0.0,-9.709705014838422,0.0,0.0,0.0,0.0,0.0,9.81
0.33,0.0,-71.95931569175103,0.0,8.140352482574219,0.0,-5.136753853424982,0.0,21.99398930766627,0.0,1.5584744261438315,0.0,-9.685414763465939,0.0,0.0,0.0,0.0,0.0,9.81
0.335,0.0,-72.85622035971932,0.0,8.237862252700264,0.0,-5.250739467996754,0.0,20.872082053984272,0.0,1.7226445681655413,0.0,-9.657566847868175,0.0,0.0,0.0,0.0,0.0,9.81
0.34,0.0,-73.32534365667578,0.0,8.29973280984301,0.0,-5.411689648524227,0.0,19.54352727098302,0.0,1.8913373436317091,0.0,-9.625951633041035,0.0,0.0,0.0,0.0,0.0,9.81
0.34500000000000003,0.0,-73.42202833589693,0.0,8.332517606167922,0.0,-5.614070355240942,0.0,18.05303530436867,0.0,2.0641339651883515,0.0,-9.590383351363002,0.0,0.0,0.0,0.0,0.0,9.81
0.35000000000000003,0.0,-73.18946576552051,0.0,8.340596987541083,0.0,-5.851998746639245,0.0,16.437649167213657,0.0,2.240571250968888,0.0,-9.550703763853242,0.0,0.0,0.0,0.0,0.0,9.81
0.355,0.0,-72.66030313360805,0.0,8.326487616825297,0.0,-6.119531921501174,0.0,14.727259730026192,0.0,2.4201521643066695,0.0,-9.50678523358188,0.0,0.0,0.0,0.0,0.0,9.81
0.36,0.0,-71.8583728558588,0.0,8.291171674611755,0.0,-6.410846449815031,0.0,12.945287821123236,0.0,2.6023547893933077,0.0,-9.458533267966118,0.0,0.0,0.0,0.0,0.0,9.81
0.365,0.0,-70.80035857596523,0.0,8.234416038717182,0.0,-6.720333372554852,0.0,11.10942174465421,0.0,2.7866398828769987,0.0,-9.405888594008175,0.0,0.0,0.0,0.0,0.0,9.81
0.37,0.0,-69.49731252921632,0.0,8.155067048588538,0.0,-7.042631127573563,0.0,9.232352245607952,0.0,2.9724571572536194,0.0,-9.348828834080399,0.0,0.0,0.0,0.0,0.0,9.81
0.375,0.0,-67.95600399256381,0.0,8.051316560070706,0.0,-7.372615519987342,0.0,7.322482200783222,0.0,3.1592504538939887,0.0,-9.287369849566229,0.0,0.0,0.0,0.0,0.0,9.81
0.38,0.0,-66.18011718551341,0.0,7.920941096646855,0.0,-7.705362577309982,0.0,5.384609792217837,0.0,3.3464619597986416,0.0,-9.221566815248663,0.0,0.0,0.0,0.0,0.0,9.81
0.385,0.0,-64.17133703120257,0.0,7.761519132769243,0.0,-8.036097446797978,0.0,3.4205955839580824,0.0,3.533535617327463,0.0,-9.151515078477095,0.0,0.0,0.0,0.0,0.0,9.81
0.39,0.0,-61.93036814271317,0.0,7.570632720808093,0.0,-8.360140550068998,0.0,1.4300286687224562,0.0,3.719919872396155,0.0,-9.077350843602222,0.0,0.0,0.0,0.0,0.0,9.81
0.395,0.0,-59.457929692023384,0.0,7.346059315852013,0.0,-8.672860924745859,0.0,-0.5890932900689174,0.0,3.905069904446006,0.0,-8.999251703932377,0.0,0.0,0.0,0.0,0.0,9.81
0.4,0.0,-56.75575831284285,0.0,7.0859580603195,0.0,-8.969645832466075,0.0,-2.63965971880814,0.0,4.0884494801965285,0.0,-8.917437020884607,0.0,0.0,0.0,0.0,0.0,9.81
0.405,0.0,-53.82763386003637,0.0,6.789052139086431,0.0,-9.245894982178534,0.0,-4.724716090040179,0.0,4.269532571300164,0.0,-8.832168123956782,0.0,0.0,0.0,0.0,0.0,9.81
0.41000000000000003,0.0,-50.68041952386399,0.0,6.454805269447994,0.0,-9.49704672977143,0.0,-6.846714939382075,0.0,4.447804871517715,0.0,-8.74374827719087,0.0,0.0,0.0,0.0,0.0,9.81
0.41500000000000004,0.0,-47.325079911874234,0.0,6.083586211563162,0.0,-9.71864196782219,0.0,-9.006771376279609,0.0,4.622765339622713,0.0,-8.652522330291253,0.0,0.0,0.0,0.0,0.0,9.81
0.42,0.0,-43.77761099676457,0.0,5.676810833120269,0.0,-9.906428750569848,0.0,-11.203960357616218,0.0,4.793927877648818,0.0,-8.558875948690014,0.0,0.0,0.0,0.0,0.0,9.81
0.425,0.0,-40.05978875411297,0.0,5.237047448030693,0.0,-10.056506785649383,0.0,-13.434706769844958,0.0,4.960823228478584,0.0,-8.463234300476577,0.0,0.0,0.0,0.0,0.0,9.81
0.43,0.0,-36.19962501929895,0.0,4.768068813148222,0.0,-10.16550580519593,0.0,-15.692328970464725,0.0,5.123001141246609,0.0,-8.366060073387661,0.0,0.0,0.0,0.0,0.0,9.81
0.435,0.0,-32.23141654947065,0.0,4.274834339550143,0.0,-10.230785924447462,0.0,-17.96679827997365,0.0,5.280032808210294,0.0,-8.267850705766907,0.0,0.0,0.0,0.0,0.0,9.81
0.44,0.0,-28.195292567342054,0.0,3.763389610505069,0.0,-10.250642261117559,0.0,-20.244767777898893,0.0,5.4315135252035525,0.0,-8.1691347440625,0.0,0.0,0.0,0.0,0.0,9.81
0.445,0.0,-24.136210024581466,0.0,3.2406775253438873,0.0,-10.22449154295694,0.0,-22.50990201077197,0.0,5.577065474240461,0.0,-8.070467286294713,0.0,0.0,0.0,0.0,0.0,9.81
0.45,0.0,-20.102411748778714,0.0,2.7142657824973875,0.0,-10.153016519310752,0.0,-24.743506008422393,0.0,5.716340477806895,0.0,-7.972424533211553,0.0,0.0,0.0,0.0,0.0,9.81
0.455,0.0,-16.1434411200758,0.0,2.19200745284956,0.0,-10.038245800666598,0.0,-26.925411881737002,0.0,5.849022537322993,0.0,-7.875597540461615,0.0,0.0,0.0,0.0,0.0,9.81
0.46,0.0,-12.3078828129855,0.0,1.6816627320367061,0.0,-9.883552675424294,0.0,-29.035041776603528,0.0,5.974829950139961,0.0,-7.780585337144674,0.0,0.0,0.0,0.0,0.0,9.81
0.465,0.0,-8.641054976340449,0.0,1.190517970454957,0.0,-9.69356590205484,0.0,-31.052535920614044,0.0,6.093516805077349,0.0,-7.687987638216335,0.0,0.0,0.0,0.0,0.0,9.81
0.47000000000000003,0.0,-5.182899340087943,0.0,0.7250406232799328,0.0,-9.473996853158685,0.0,-32.959821497769845,0.0,6.204873687192685,0.0,-7.598397420663247,0.0,0.0,0.0,0.0,0.0,9.81
0.47500000000000003,0.0,-1.9662951974211964,0.0,0.2906049133645181,0.0,-9.231398450517672,0.0,-34.74150591814763,0.0,6.30872747525628,0.0,-7.512393649090621,0.0,0.0,0.0,0.0,0.0,9.81
0.48,0.0,0.9840354983145616,0.0,-0.10868658545789328,0.0,-8.972879801798165,0.0,-36.38550531079442,0.0,6.404940183450586,0.0,-7.430534422688213,0.0,0.0,0.0,0.0,0.0,9.81
0.485,0.0,3.6519485158610507,0.0,-0.47007348267372656,0.0,-8.705804689252377,0.0,-37.88335950844069,0.0,6.493406872766949,0.0,-7.353350774739981,0.0,0.0,0.0,0.0,0.0,9.81
0.49,0.0,6.029630298363955,0.0,-0.7921023190603811,0.0,-8.43750151056157,0.0,-39.23022932779114,0.0,6.5740527275221305,0.0,-7.281341294534829,0.0,0.0,0.0,0.0,0.0,9.81
0.495,0.0,8.116769546158721,0.0,-1.0744997372581966,0.0,-8.17500752585517,0.0,-40.4246114853185,0.0,6.646829449912136,0.0,-7.214967669069587,0.0,0.0,0.0,0.0,0.0,9.81
0.5,0.0,9.919287965074801,0.0,-1.317976520844969,0.0,-7.924862767687655,0.0,-41.467834419284316,0.0,6.711711165048304,0.0,-7.154651168310208,0.0,0.0,0.0,0.0,0.0,9.81
0.505,0.0,11.447795492708856,0.0,-1.5239885714144052,0.0,-7.692960505717061,0.0,-42.36341181178853,0.0,6.768690048512251,0.0,-7.100770031721706,0.0,0.0,0.0,0.0,0.0,9.81
0.51,0.0,12.715932667064223,0.0,-1.694480299074477,0.0,-7.484453338632937,0.0,-43.11633063034446,0.0,6.817771889418633,0.0,-7.053657661457095,0.0,0.0,0.0,0.0,0.0,9.81
0.515,0.0,13.738740114337382,0.0,-1.8316322517614143,0.0,-7.303707917919085,0.0,-43.73234052539897,0.0,6.858971787930736,0.0,-7.013601492136239,0.0,0.0,0.0,0.0,0.0,9.81
0.52,0.0,14.531161792475942,0.0,-1.9376295557087622,0.0,-7.154297480649813,0.0,-44.21729596722661,0.0,6.892310161936651,0.0,-6.980842388895042,0.0,0.0,0.0,0.0,0.0,9.81
0.525,0.0,15.10675333309839,0.0,-2.0144622205113336,0.0,-7.039019740541191,0.0,-44.57658583712217,0.0,6.917809208014705,0.0,-6.955574422639383,0.0,0.0,0.0,0.0,0.0,9.81
0.53,0.0,15.476635951789241,0.0,-2.063763553382543,0.0,-6.959927876228752,0.0,-44.814670452143346,0.0,6.935489930980702,0.0,-6.937944881336815,0.0,0.0,0.0,0.0,0.0,9.81
0.535,0.0,15.648713472550831,0.0,-2.086689365636612,0.0,-6.918363845585464,0.0,-44.93473496751709,0.0,6.945369827087059,0.0,-6.92805439551503,0.0,0.0,0.0,0.0,0.0,9.81
0.54,0.0,15.627155989123374,0.0,-2.083838481950267,0.0,-6.9149855504288045,0.0,-44.93846127630026,0.0,6.9474612798778255,0.0,-6.925957081942378,0.0,0.0,0.0,0.0,0.0,9.81
0.545,0.0,15.412147600438573,0.0,-2.0552141269528565,0.0,-6.949782096343801,0.0,-44.825917480853555,0.0,6.94177070513059,0.0,-6.93166063932788,0.0,0.0,0.0,0.0,0.0,9.81
0.55,0.0,14.999895333025897,0.0,-2.0002257247671573,0.0,-7.022074295362423,0.0,-44.595563715573206,0.0,6.928298461625243,0.0,-6.94512636200782,0.0,0.0,0.0,0.0,0.0,9.81
0.555,0.0,14.382898974780609,0.0,-1.917731065708699,0.0,-7.130500517993701,0.0,-44.24437420438316,0.0,6.907039526424726,0.0,-6.966269070705294,0.0,0.0,0.0,0.0,0.0,9.81
0.56,0.0,13.550484008378113,0.0,-1.8061191907354068,0.0,-7.272990951380959,0.0,-43.76807646045574,0.0,6.877984915380148,0.0,-6.994956992560201,0.0,0.0,0.0,0.0,0.0,9.81
0.5650000000000001,0.0,12.489599086600577,0.0,-1.6634342420174064,0.0,-7.4467361951223,0.0,-43.16150801139194,0.0,6.841123810141021,0.0,-7.031011654725136,0.0,0.0,0.0,0.0,0.0,9.81
0.5700000000000001,0.0,11.185872781228547,0.0,-1.4875394983346084,0.0,-7.64815879100193,0.0,-42.41908764620359,0.0,6.796446330854593,0.0,-7.07420788561106,0.0,0.0,0.0,0.0,0.0,9.81
0.5750000000000001,0.0,9.62490961759569,0.0,-1.2763185375914567,0.0,-7.872898485659485,0.0,-41.535390969547414,0.0,6.743946868421875,0.0,-7.124274043531837,0.0,0.0,0.0,0.0,0.0,9.81
0.58,0.0,7.793781920272686,0.0,-1.027906823920789,0.0,-8.115823378256792,0.0,-40.50580868846707,0.0,6.683627862041376,0.0,-7.180892611605094,0.0,0.0,0.0,0.0,0.0,9.81
0.585,0.0,5.682642966369386,0.0,-0.7409421862216666,0.0,-8.371079116286301,0.0,-39.32725119763126,0.0,6.6155038784040405,0.0,-7.243701307350592,0.0,0.0,0.0,0.0,0.0,9.81
0.59,0.0,3.286352195234926,0.0,-0.4148172200150595,0.0,-8.632186472348792,0.0,-37.99884659181787,0.0,6.539605821178084,0.0,-7.312294852315723,0.0,0.0,0.0,0.0,0.0,9.81
0.595,0.0,0.6059713665987658,0.0,-0.04991161582604847,0.0,-8.892193619856531,0.0,-36.52256449011565,0.0,6.455985077351993,0.0,-7.386227528477008,0.0,0.0,0.0,0.0,0.0,9.81
0.6,0.0,-2.350029659657949,0.0,0.3522208611220652,0.0,-9.143883241939381,0.0,-34.90368928853038,0.0,6.364717395263652,0.0,-7.465016612552696,0.0,0.0,0.0,0.0,0.0,9.81
0.605,0.0,-5.5650183025169255,0.0,0.7887361296113262,0.0,-9.380026808296648,0.0,-33.15106807920653,0.0,6.265906292247608,0.0,-7.548146727240843,0.0,0.0,0.0,0.0,0.0,9.81
0.61,0.0,-9.014028501984178,0.0,1.2554755612331219,0.0,-9.593670093443869,0.0,-31.277073665083385,0.0,6.159685811044705,0.0,-7.6350750830746215,0.0,0.0,0.0,0.0,0.0,9.81
0.615,0.0,-12.664249552167377,0.0,1.747046419680073,0.0,-9.778426908157613,0.0,-29.29725231816533,0.0,6.046222484327498,0.0,-7.72523751234869,0.0,0.0,0.0,0.0,0.0,9.81
0.62,0.0,-16.476170513591107,0.0,2.257007403947465,0.0,-9.928753804932924,0.0,-27.229665905694635,0.0,5.925716423594806,0.0,-7.818055126145884,0.0,0.0,0.0,0.0,0.0,9.81
0.625,0.0,-20.40528727637735,0.0,2.7781459101716814,0.0,-10.04017853065698,0.0,-25.093981822584652,0.0,5.798401516607796,0.0,-7.912941366718394,0.0,0.0,0.0,0.0,0.0,9.81
0.63,0.0,-24.404199429390143,0.0,3.302820973231736,0.0,-10.109459684547758,0.0,-22.910402729724083,0.0,5.6645447881354665,0.0,-8.009309189373203,0.0,0.0,0.0,0.0,0.0,9.81
0.635,0.0,-28.42487087751866,0.0,3.823337096226956,0.0,-10.134663708217547,0.0,-20.6985526965405,0.0,5.52444504253565,0.0,-8.106578096765094,0.0,0.0,0.0,0.0,0.0,9.81
0.64,0.0,-32.42081337214572,0.0,4.332311203016646,0.0,-10.115156279628323,0.0,-18.47644138368828,0.0,5.378430954884404,0.0,-8.204180765955726,0.0,0.0,0.0,0.0,0.0,9.81
0.645,0.0,-36.34897783445446,0.0,4.8229981974734955,0.0,-10.051516152669608,0.0,-16.259612685229218,0.0,5.226858803867883,0.0,-8.30156905175568,0.0,0.0,0.0,0.0,0.0,9.81
0.65,0.0,-40.1711965690558,0.0,5.2895489953639006,0.0,-9.945388341906547,0.0,-14.060553097517136,0.0,5.070110042155355,0.0,-8.398219211582946,0.0,0.0,0.0,0.0,0.0,9.81
0.655,0.0,-43.85509517207807,0.0,5.727186215555376,0.0,-9.79929885572611,0.0,-11.888395738635843,0.0,4.908588880171882,0.0,-8.493636267714592,0.0,0.0,0.0,0.0,0.0,9.81
0.66,0.0,-47.374469073967035,0.0,6.132294405617948,0.0,-9.616454481542071,0.0,-9.748917040245967,0.0,4.742720022018187,0.0,-8.587357492360065,0.0,0.0,0.0,0.0,0.0,9.81
0.665,0.0,-50.709181979269324,0.0,6.502431522177596,0.0,-9.400548914999492,0.0,-7.644791756410974,0.0,4.572946644521046,0.0,-8.678955060954237,0.0,0.0,0.0,0.0,0.0,9.81
0.67,0.0,-53.84468360341214,0.0,6.8362750217749895,0.0,-9.155591912999668,0.0,-5.576052117400853,0.0,4.399728659101761,0.0,-8.768037963757656,0.0,0.0,0.0,0.0,0.0,9.81
0.675,0.0,-56.77126019756016,0.0,7.133518947973891,0.0,-8.885772450480383,0.0,-3.540689424881955,0.0,4.223541247370324,0.0,-8.854253292778216,0.0,0.0,0.0,0.0,0.0,9.81
0.68,0.0,-59.48312669715738,0.0,7.3947382269804915,0.0,-8.59536122620332,0.0,-1.5353392790927094,0.0,4.044873619340417,0.0,-8.937287030607035,0.0,0.0,0.0,0.0,0.0,9.81
0.685,0.0,-61.97745008282655,0.0,7.6212338761657135,0.0,-8.28865307599982,0.0,0.44399829759473786,0.0,3.8642279101405275,0.0,-9.016864462512014,0.0,0.0,0.0,0.0,0.0,9.81
0.6900000000000001,0.0,-64.2533664527107,0.0,7.814868986922212,0.0,-7.969946274733369,0.0,2.4012388032723475,0.0,3.6821181074743956,0.0,-9.092750316736428,0.0,0.0,0.0,0.0,0.0,9.81
0.6950000000000001,0.0,-66.3110251314514,0.0,7.977901049078349,0.0,-7.643553345831935,0.0,4.339513676061053,0.0,3.4990688868961026,0.0,-9.164748714396856,0.0,0.0,0.0,0.0,0.0,9.81
0.7000000000000001,0.0,-68.15066592409897,0.0,8.112812085207576,0.0,-7.313836615244159,0.0,6.260498281750497,0.0,3.3156142233977723,0.0,-9.232702983346186,0.0,0.0,0.0,0.0,0.0,9.81
0.705,0.0,-69.77171268060918,0.0,8.222134555209525,0.0,-6.985260988877644,0.0,8.16376359201797,0.0,3.132295643661259,0.0,-9.296495362885272,0.0,0.0,0.0,0.0,0.0,9.81
0.71,0.0,-71.17184870851904,0.0,8.308268276693102,0.0,-6.66245591039661,0.0,10.046139533567134,0.0,2.949659981367106,0.0,-9.356046600508654,0.0,0.0,0.0,0.0,0.0,9.81
0.715,0.0,-72.34602767691862,0.0,8.373281786707654,0.0,-6.350277802683822,0.0,11.901072855609247,0.0,2.768256496169704,0.0,-9.411315419441792,0.0,0.0,0.0,0.0,0.0,9.81
0.72,0.0,-73.2853680007953,0.0,8.418690750954415,0.0,-6.053863192401666,0.0,13.71796050430723,0.0,2.588633213728215,0.0,-9.462297817420081,0.0,0.0,0.0,0.0,0.0,9.81
0.725,0.0,-73.97588057748891,0.0,8.445206422623386,0.0,-5.778660907752557,0.0,15.481441620569626,0.0,2.4113323385217424,0.0,-9.50902614333377,0.0,0.0,0.0,0.0,0.0,9.81
0.73,0.0,-74.39699194049793,0.0,8.452449191692402,0.0,-5.530429059498539,0.0,17.170638902242345,0.0,2.2368845829514044,0.0,-9.551567889027405,0.0,0.0,0.0,0.0,0.0,9.81
0.735,0.0,-74.51985231116021,0.0,8.438626683475706,0.0,-5.315178951660355,0.0,18.758355821543173,0.0,2.065802246655488,0.0,-9.590024128474765,0.0,0.0,0.0,0.0,0.0,9.81
0.74,0.0,-74.30546822004132,0.0,8.400183778747165,0.0,-5.139043889568827,0.0,20.210264025407962,0.0,1.8985708722929104,0.0,-9.624527535398382,0.0,0.0,0.0,0.0,0.0,9.81
0.745,0.0,-73.70278251754951,0.0,8.331444820164364,0.0,-5.008046836837889,0.0,21.48416037088362,0.0,1.735639304595361,0.0,-9.655239912776832,0.0,0.0,0.0,0.0,0.0,9.81
0.75,0.0,-72.6469521488908,0.0,8.224287774164816,0.0,-4.927738652933592,0.0,22.5294410574254,0.0,1.5774079989063352,0.0,-9.682349173259169,0.0,0.0,0.0,0.0,0.0,9.81
0.755,0.0,-71.05825460621314,0.0,8.06791738340134,0.0,-4.902681142625591,0.0,23.28703485921065,0.0,1.42421548007227,0.0,-9.706065718157664,0.0,0.0,0.0,0.0,0.0,9.81
0.76,0.0,-68.84228415711692,0.0,7.848838689024176,0.0,-4.935760939989087,0.0,23.690155315447363,0.0,1.276322965303877,0.0,-9.726618174660706,0.0,0.0,0.0,0.0,0.0,9.81
0.765,0.0,-65.89234765457668,0.0,7.551168875528113,0.0,-5.027347421236229,0.0,23.66635441180064,0.0,1.133897363943617,0.0,-9.74424846702689,0.0,0.0,0.0,0.0,0.0,9.81
0.77,0.0,-62.095155849868476,0.0,7.157451976412895,0.0,-5.174356582784521,0.0,23.141442593607426,0.0,0.996993182247347,0.0,-9.75920621942726,0.0,0.0,0.0,0.0,0.0,9.81
0.775,0.0,-57.340878200849566,0.0,6.650135149095963,0.0,-5.3693556494235,0.0,22.045800116028666,0.0,0.8655343111491769,0.0,-9.77174251836861,0.0,0.0,0.0,0.0,0.0,9.81
0.78,0.0,-51.538169173212005,0.0,6.013795138822127,0.0,-5.59993210243136,0.0,20.323327975994054,0.0,0.7392972478996344,0.0,-9.7821031045829,0.0,0.0,0.0,0.0,0.0,9.81
0.785,0.0,-44.633663551887125,0.0,5.238037879121802,0.0,-5.848628866006031,0.0,17.94266217460997,0.0,0.6178979289031775,0.0,-9.790521121170803,0.0,0.0,0.0,0.0,0.0,9.81
0.79,0.0,-36.63362234390968,0.0,4.320726117884094,0.0,-6.093764418901759,0.0,14.909283948550733,0.0,0.5007848781223139,0.0,-9.797209618046068,0.0,0.0,0.0,0.0,0.0,9.81
0.795,0.0,-27.623236797164694,0.0,3.270871685530774,0.0,-6.3113504315264795,0.0,11.275999093328865,0.0,0.3872415646788813,0.0,-9.802354099041922,0.0,0.0,0.0,0.0,0.0,9.81
0.8,0.0,-17.777475860099013,0.0,2.110294113013076,0.0,-6.478052089820579,0.0,7.148426652299967,0.0,0.27640044116519696,0.0,-9.806105486256302,0.0,0.0,0.0,0.0,0.0,9.81
0.805,0.0,-7.357568948952635,0.0,0.8731812282608359,0.0,-6.574746845946047,0.0,2.6823116732578756,0.0,0.16726991095459576,0.0,-9.80857394582606,0.0,0.0,0.0,0.0,0.0,9.81
0.81,0.0,3.3098370752304183,0.0,-0.39687919454761195,0.0,-6.5898735089323015,0.0,-1.9288686729568756,0.0,0.05877350120141972,0.0,-9.809824043413057,0.0,0.0,0.0,0.0,0.0,9.81
0.8150000000000001,0.0,13.868544068616558,0.0,-1.6520586121770335,0.0,-6.521635408032774,0.0,-6.474648827645928,0.0,-0.05020180165182301,0.0,-9.80987165188486,0.0,0.0,0.0,0.0,0.0,9.81
0.8200000000000001,0.0,23.97591913214949,0.0,-2.84650274489036,0.0,-6.3783699009627,0.0,-10.752335925919713,0.0,-0.16075308226407228,0.0,-9.808682908850455,0.0,0.0,0.0,0.0,0.0,9.81
0.8250000000000001,0.0,33.34262128242054,0.0,-3.942050507164429,0.0,-6.176963094885037,0.0,-14.589900636505941,0.0,-0.2739108749669744,0.0,-9.806175333468541,0.0,0.0,0.0,0.0,0.0,9.81
0.8300000000000001,0.0,41.75965666450335,0.0,-4.912102864112764,0.0,-5.93981422233497,0.0,-17.861845017958295,0.0,-0.39059593276423277,0.0,-9.802220999224764,0.0,0.0,0.0,0.0,0.0,9.81
0.835,0.0,49.108285093584755,0.0,-5.742987466944131,0.0,-5.6912402667875615,0.0,-20.49550233937009,0.0,-0.511587265514623,0.0,-9.796651470502182,0.0,0.0,0.0,0.0,0.0,9.81
0.84,0.0,55.353961420727806,0.0,-6.432991024977168,0.0,-5.454215271666962,0.0,-22.468316174019968,0.0,-0.6375030475419177,0.0,-9.789264084236251,0.0,0.0,0.0,0.0,0.0,9.81
0.845,0.0,60.529452137996884,0.0,-6.989811294959326,0.0,-5.248037903530797,0.0,-23.798841356052492,0.0,-0.7687938291542243,0.0,-9.77982910915017,0.0,0.0,0.0,0.0,0.0,9.81
0.85,0.0,64.71344380951894,0.0,-7.4273558591621,0.0,-5.087117946841734,0.0,-24.534911181677785,0.0,-0.9057459589029337,0.0,-9.768097335488099,0.0,0.0,0.0,0.0,0.0,9.81
0.855,0.0,68.00987061810632,0.0,-7.762658329131371,0.0,-4.980749050201026,0.0,-24.741880535448786,0.0,-1.048492411770197,0.0,-9.75380771464644,0.0,0.0,0.0,0.0,0.0,9.81
0.86,0.0,70.53108550745797,0.0,-8.013375509289451,0.0,-4.933570277623575,0.0,-24.492745487601102,0.0,-1.1970282063405207,0.0,-9.736694754824116,0.0,0.0,0.0,0.0,0.0,9.81
0.865,0.0,72.38598078889271,0.0,-8.196031852870979,0.0,-4.946397301742223,0.0,-23.86084833197146,0.0,-1.3512280225366038,0.0,-9.716495465670063,0.0,0.0,0.0,0.0,0.0,9.81
0.87,0.0,73.67278077900971,0.0,-8.324972014893154,0.0,-5.017166530411301,0.0,-22.915109547023576,0.0,-1.510864240106115,0.0,-9.692955720399961,0.0,0.0,0.0,0.0,0.0,9.81
0.875,0.0,74.47554765206365,0.0,-8.411879545657538,0.0,-5.14182488494565,0.0,-21.717332218244785,0.0,-1.6756242201989233,0.0,-9.665835963923186,0.0,0.0,0.0,0.0,0.0,9.81
0.88,0.0,74.86328025122586,0.0,-8.465693998030762,0.0,-5.315078663073438,0.0,-20.321010603145297,0.0,-1.845126149758199,0.0,-9.634916240781369,0.0,0.0,0.0,0.0,0.0,9.81
0.885,0.0,74.89061359655199,0.0,-8.492776441603901,0.0,-5.530972807305897,0.0,-18.771122767106768,0.0,-2.0189331311925707,0.0,-9.600000549832522,0.0,0.0,0.0,0.0,0.0,9.81
0.89,0.0,74.5993651996466,0.0,-8.497208197511872,0.0,-5.783306524204493,0.0,-17.104501841521262,0.0,-2.1965654381290913,0.0,-9.560920556621875,0.0,0.0,0.0,0.0,0.0,9.81
0.895,0.0,74.02041746795777,0.0,-8.481143735328857,0.0,-6.065907998633598,0.0,-15.350503438406214,0.0,-2.377510999065655,0.0,-9.517538711711342,0.0,0.0,0.0,0.0,0.0,9.81
0.9,0.0,73.17562646253944,0.0,-8.445168906291054,0.0,-6.372796327671531,0.0,-13.531791065255895,0.0,-2.561234244036203,0.0,-9.469750835520804,0.0,0.0,0.0,0.0,0.0,9.81
0.905,0.0,72.07959458457378,0.0,-8.388638112539482,0.0,-6.698257974561751,0.0,-11.6651392746387,0.0,-2.74718348018978,0.0,-9.417488238320066,0.0,0.0,0.0,0.0,0.0,9.81
0.91,0.0,70.74124387426735,0.0,-8.309979294024277,0.0,-7.036861535056624,0.0,-9.762207563125939,0.0,-2.934796969224589,0.0,-9.360719448159987,0.0,0.0,0.0,0.0,0.0,9.81
0.915,0.0,69.16518849386128,0.0,-8.20696529732224,0.0,-7.383430488433821,0.0,-7.830271917395105,0.0,-3.123507875548349,0.0,-9.299451619605643,0.0,0.0,0.0,0.0,0.0,9.81
0.92,0.0,67.3529404162987,0.0,-8.076955833254774,0.0,-7.732989930070913,0.0,-5.8729208314451995,0.0,-3.3127482466086557,0.0,-9.233731691773478,0.0,0.0,0.0,0.0,0.0,9.81
0.925,0.0,65.30399973031868,0.0,-7.917117063321919,0.0,-8.080700478430286,0.0,-3.8907329487538114,0.0,-3.5019521802555658,0.0,-9.16364735494702,0.0,0.0,0.0,0.0,0.0,9.81
0.93,0.0,63.01688587738383,0.0,-7.724626709307079,0.0,-8.42179068031888,0.0,-1.8819571872924312,0.0,-3.6905583300235505,0.0,-9.089327870590196,0.0,0.0,0.0,0.0,0.0,9.81
0.935,0.0,60.490161714907636,0.0,-7.49687193829348,0.0,-8.751498161537025,0.0,0.15678499823601033,0.0,-3.878011897959569,0.0,-9.01094476974496,0.0,0.0,0.0,0.0,0.0,9.81
0.9400000000000001,0.0,57.723489966969005,0.0,-7.231645369315312,0.0,-9.06502921345039,0.0,2.229760890937013,0.0,-4.06376626504955,0.0,-8.92871242982444,0.0,0.0,0.0,0.0,0.0,9.81
0.9450000000000001,0.0,54.71874182321913,0.0,-6.9273414776743225,0.0,-9.357546100302992,0.0,4.34134621223978,0.0,-4.247284409562261,0.0,-8.84288850050355,0.0,0.0,0.0,0.0,0.0,9.81
0.9500000000000001,0.0,51.48115050629366,0.0,-6.583151533462329,0.0,-9.624190668780585,0.0,6.495211107601859,0.0,-4.428040261299855,0.0,-8.753774117358963,0.0,0.0,0.0,0.0,0.0,9.81
0.9550000000000001,0.0,48.02046966787521,0.0,-6.199250226733225,0.0,-9.860151345021626,0.0,8.693496498247187,0.0,-4.605520132012382,0.0,-8.661713809677353,0.0,0.0,0.0,0.0,0.0,9.81
0.96,0.0,44.3520602937919,0.0,-5.776961784199149,0.0,-10.060777842286004,0.0,10.936023007442301,0.0,-4.7792243462370685,0.0,-8.567094980036751,0.0,0.0,0.0,0.0,0.0,9.81
0.965,0.0,40.49779552703406,0.0,-5.318888493894274,0.0,-10.22174354514477,0.0,13.219592161067764,0.0,-4.948669170107644,0.0,-8.470346812403138,0.0,0.0,0.0,0.0,0.0,9.81
0.97,0.0,36.486647965222424,0.0,-4.828981280537965,0.0,-10.339249559901743,0.0,15.537452621157197,0.0,-5.113389096822898,0.0,-8.371938457619544,0.0,0.0,0.0,0.0,0.0,9.81
0.975,0.0,32.35481751765856,0.0,-4.31253164649587,0.0,-10.410257276015084,0.0,17.87900823476356,0.0,-5.27293949679722,0.0,-8.27237635508348,0.0,0.0,0.0,0.0,0.0,9.81
0.98,0.0,28.14527808549085,0.0,-3.776068084905123,0.0,-10.432728990870046,0.0,20.229835330256464,0.0,-5.426899580764419,0.0,-8.17220058052557,0.0,0.0,0.0,0.0,0.0,9.81
0.985,0.0,23.906672611493086,0.0,-3.227148532815673,0.0,-10.405850240492406,0.0,22.572051480853915,0.0,-5.574875560704473,0.0,-8.071980162900916,0.0,0.0,0.0,0.0,0.0,9.81
0.99,0.0,19.691565873990626,0.0,-2.674053030501452,0.0,-10.330204701106954,0.0,24.885037897230397,0.0,-5.716503834270546,0.0,-7.972307385561215,0.0,0.0,0.0,0.0,0.0,9.81
0.995,0.0,15.554161378715378,0.0,-2.125395637335269,0.0,-10.20787434705152,0.0,27.146468210549735,0.0,-5.851453972633688,0.0,-7.8737911710036785,0.0,0.0,0.0,0.0,0.0,9.81
1.0,0.0,11.54768362389239,0.0,-1.5896888510274705,0.0,-10.04244457063571,0.0,29.333547214165726,0.0,-5.979431268146495,0.0,-7.777049733891023,0.0,0.0,0.0,0.0,0.0,9.81
1.0050000000000001,0.0,7.721697290237163,0.0,-1.0749038866856917,0.0,-9.83890549761405,0.0,31.424325565669108,0.0,-6.1001786032225755,0.0,-7.682702761071453,0.0,0.0,0.0,0.0,0.0,9.81
1.01,0.0,4.119661413003421,0.0,-0.588073403886538,0.0,-9.60345474782038,0.0,33.39894037025778,0.0,-6.2134774371930215,0.0,-7.591363427975798,0.0,0.0,0.0,0.0,0.0,9.81
1.0150000000000001,0.0,0.7769903738517385,0.0,-0.13497842428977716,0.0,-9.343220505253292,0.0,35.24064185345436,0.0,-6.319147770142059,0.0,-7.503630579367033,0.0,0.0,0.0,0.0,0.0,9.81
1.02,0.0,-2.280180564076332,0.0,0.28005084962947013,0.0,-9.065934052718202,0.0,36.93650098632418,0.0,-6.41704702341847,0.0,-7.420081385755674,0.0,0.0,0.0,0.0,0.0,9.81
1.025,0.0,-5.035432143193127,0.0,0.6542070801648663,0.0,-8.779585827417097,0.0,38.47774361398608,0.0,-6.507067864065131,0.0,-7.341264737862814,0.0,0.0,0.0,0.0,0.0,9.81
1.03,0.0,-7.481718585465785,0.0,0.9861546897852617,0.0,-8.492097941216686,0.0,39.85971149126023,0.0,-6.589135082589118,0.0,-7.267695568652305,0.0,0.0,0.0,0.0,0.0,9.81
1.035,0.0,-9.620358415503915,0.0,1.275874061144177,0.0,-8.21103985721811,0.0,41.081498076702175,0.0,-6.663201700058318,0.0,-7.199850207234184,0.0,0.0,0.0,0.0,0.0,9.81
1.04,0.0,-11.459533676625966,0.0,1.5244288822404082,0.0,-7.943404456434882,0.0,42.145338958123425,0.0,-6.729244525011935,0.0,-7.138162783494405,0.0,0.0,0.0,0.0,0.0,9.81
1.045,0.0,-13.01249721951973,0.0,1.7336880360615496,0.0,-7.695451357126431,0.0,43.05585046296543,0.0,-6.787259401149647,0.0,-7.083022626933563,0.0,0.0,0.0,0.0,0.0,9.81
1.05,0.0,-14.295678929040712,0.0,1.9060318626277128,0.0,-7.472615053246506,0.0,43.8192071732703,0.0,-6.837256385267856,0.0,-7.034772544852429,0.0,0.0,0.0,0.0,0.0,9.81
1.055,0.0,-15.32684975679063,0.0,2.0440675230845518,0.0,-7.279468494231273,0.0,44.44233461452455,0.0,-6.879255076253913,0.0,-6.993707826859255,0.0,0.0,0.0,0.0,0.0,9.81
1.06,0.0,-16.123459400127572,0.0,2.150371444760272,0.0,-7.11972860787908,0.0,44.93217322706567,0.0,-6.9132802861724745,0.0,-6.960075804511625,0.0,0.0,0.0,0.0,0.0,9.81
1.065,0.0,-16.701220091919055,0.0,2.227270060764397,0.0,-6.996288790905057,0.0,45.295049100317016,0.0,-6.9393582094834025,0.0,-6.9340757942295905,0.0,0.0,0.0,0.0,0.0,9.81
1.07,0.0,-17.07297261015554,0.0,2.276664404277985,0.0,-6.911263993370092,0.0,45.536169505931966,0.0,-6.957513211025893,0.0,-6.9158592647232675,0.0,0.0,0.0,0.0,0.0,9.81
1.075,0.0,-17.24784496979705,0.0,2.299900137196156,0.0,-6.866036020688225,0.0,45.65924886417828,0.0,-6.9677653208314565,0.0,-6.905530093158332,0.0,0.0,0.0,0.0,0.0,9.81
1.08,0.0,-17.230699905429688,0.0,2.297682370457135,0.0,-6.861289461356159,0.0,45.66626375532179,0.0,-6.970128495702066,0.0,-6.903144803695683,0.0,0.0,0.0,0.0,0.0,9.81
1.085,0.0,-17.021862630051828,0.0,2.2700339247346433,0.0,-6.897031783338972,0.0,45.55733322304766,0.0,-6.964609683993653,0.0,-6.908712715239234,0.0,0.0,0.0,0.0,0.0,9.81
1.09,0.0,-16.617122658742936,0.0,2.2162960492753525,0.0,-6.972594380149881,0.0,45.33072157378874,0.0,-6.9512087102735745,0.0,-6.922195960393582,0.0,0.0,0.0,0.0,0.0,9.81
1.095,0.0,-16.008009321743742,0.0,2.1351715359513173,0.0,-7.08661459306789,0.0,44.98296352354689,0.0,-6.929918978852978,0.0,-6.943509373615012,0.0,0.0,0.0,0.0,0.0,9.81
1.1,0.0,-15.18234635735088,0.0,2.0248110749179205,0.0,-7.237001973989718,0.0,44.50911414739988,0.0,-6.900728977664635,0.0,-6.972520282538644,0.0,0.0,0.0,0.0,0.0,9.81
1.105,0.0,-14.125093083190308,0.0,1.882944039699708,0.0,-7.420895268246594,0.0,43.90312691892358,0.0,-6.8636245446035025,0.0,-7.009048271687926,0.0,0.0,0.0,0.0,0.0,9.81
1.11,0.0,-12.819474747034015,0.0,1.7070541426171255,0.0,-7.634619689241843,0.0,43.15836058088913,0.0,-6.818591835667321,0.0,-7.052865021070168,0.0,0.0,0.0,0.0,0.0,9.81
1.115,0.0,-11.248390037393328,0.0,1.494598143310685,0.0,-7.873656776705733,0.0,42.26820837368973,0.0,-6.765620907141814,0.0,-7.103694351730457,0.0,0.0,0.0,0.0,0.0,9.81
1.12,0.0,-9.39605795758797,0.0,1.2432617986839072,0.0,-8.132641040647133,0.0,41.22683061173417,0.0,-6.704709792863025,0.0,-7.161212633548534,0.0,0.0,0.0,0.0,0.0,9.81
1.125,0.0,-7.2498300867694425,0.0,0.9512416217256379,0.0,-8.405398090861175,0.0,40.02995416695531,0.0,-6.635868923850811,0.0,-7.225049724006377,0.0,0.0,0.0,0.0,0.0,9.81
1.1300000000000001,0.0,-4.80205152807973,0.0,0.6175343554188593,0.0,-8.685037370738161,0.0,38.67568204570688,0.0,-6.559125704514191,0.0,-7.294790606461049,0.0,0.0,0.0,0.0,0.0,9.81
1.135,0.0,-2.0518120659224337,0.0,0.24220950899650412,0.0,-8.964108418315043,0.0,37.165236651637656,0.0,-6.474529031846014,0.0,-7.369977878975172,0.0,0.0,0.0,0.0,0.0,9.81
1.1400000000000001,0.0,0.9936011215026568,0.0,-0.173364520009183,0.0,-9.234822624710755,0.0,35.503546754407765,0.0,-6.382153527226987,0.0,-7.450115207526852,0.0,0.0,0.0,0.0,0.0,9.81
1.145,0.0,4.3177445083571975,0.0,-0.6263714663917749,0.0,-9.48933326027923,0.0,33.69958642786541,0.0,-6.282103250389485,0.0,-7.53467180030482,0.0,0.0,0.0,0.0,0.0,9.81
1.1500000000000001,0.0,7.894721703378536,0.0,-1.1125022390866968,0.0,-9.720056390841172,0.0,31.76638894210588,0.0,-6.174514686225341,0.0,-7.623087885957018,0.0,0.0,0.0,0.0,0.0,9.81
1.155,0.0,11.689654566257747,0.0,-1.6260313111379439,0.0,-9.920006187486377,0.0,29.72069129480716,0.0,-6.059558839204588,0.0,-7.714781095002613,0.0,0.0,0.0,0.0,0.0,9.81
1.16,0.0,15.659932784397522,0.0,-2.16001736642573,0.0,-10.083112280436364,0.0,27.582212516712538,0.0,-5.937442335057925,0.0,-7.809153560306028,0.0,0.0,0.0,0.0,0.0,9.81
1.165,0.0,19.757143510392016,0.0,-2.7066142059094744,0.0,-10.204486059891837,0.0,25.372622889653737,0.0,-5.808407508641674,0.0,-7.905599481460657,0.0,0.0,0.0,0.0,0.0,9.81
1.17,0.0,23.929481510012856,0.0,-3.257461987778737,0.0,-10.280607951639169,0.0,23.114310278259367,0.0,-5.672731540576011,0.0,-8.00351285043713,0.0,0.0,0.0,0.0,0.0,9.81
1.175,0.0,28.12437052706072,0.0,-3.804117513394612,0.0,-10.309417985555228,0.0,20.8290823808609,0.0,-5.530724781619991,0.0,-8.102295019992729,0.0,0.0,0.0,0.0,0.0,9.81
1.18,0.0,32.291004475409174,0.0,-4.338478053008245,0.0,-10.29030534309461,0.0,18.53695204206776,0.0,-5.382728461869961,0.0,-8.201361814922146,0.0,0.0,0.0,0.0,0.0,9.81
1.185,0.0,36.3825463940713,0.0,-4.853156863597299,0.0,-10.224006144353918,0.0,16.255135358779512,0.0,-5.229112013963901,0.0,-8.300149936008795,0.0,0.0,0.0,0.0,0.0,9.81
1.19,0.0,40.3577942440895,0.0,-5.341778787847347,0.0,-10.112429737571187,0.0,13.997354358009257,0.0,-5.070270242534087,0.0,-8.398122478982161,0.0,0.0,0.0,0.0,0.0,9.81
1.195,0.0,44.182216425485294,0.0,-5.799178341323297,0.0,-9.958440293384683,0.0,11.773487409786085,0.0,-4.906620548244034,0.0,-8.494773474159336,0.0,0.0,0.0,0.0,0.0,9.81
1.2,0.0,47.828354293559,0.0,-6.221497175463761,0.0,-9.7656219970032,0.0,9.58956242280728,0.0,-4.738600370052907,0.0,-8.589631434470933,0.0,0.0,0.0,0.0,0.0,9.81
1.205,0.0,51.27566559391601,0.0,-6.606189901752361,0.0,-9.538053227148868,0.0,7.44804939132043,0.0,-4.566664952346203,0.0,-8.68226196988709,0.0,0.0,0.0,0.0,0.0,9.81
1.21,0.0,54.50993106016189,0.0,-6.951955254470244,0.0,-9.28010927111588,0.0,5.348385111770261,0.0,-4.391285483004294,0.0,-8.772269578035672,0.0,0.0,0.0,0.0,0.0,9.81
1.215,0.0,57.52236445371777,0.0,-7.258613013874969,0.0,-8.996306050583978,0.0,3.2876545969738924,0.0,-4.212947591718575,0.0,-8.859298751238416,0.0,0.0,0.0,0.0,0.0,9.81
1.22,0.0,60.30855875972934,0.0,-7.52694659595522,0.0,-8.691190486077073,0.0,1.2613582818946547,0.0,-4.032150149938746,0.0,-8.943034550047685,0.0,0.0,0.0,0.0,0.0,9.81
1.225,0.0,62.86737627354263,0.0,-7.758527901714361,0.0,-8.36927746937807,0.0,-0.7357927603359391,0.0,-3.8494042772068924,0.0,-9.023202785936736,0.0,0.0,0.0,0.0,0.0,9.81
1.23,0.0,65.19985659605034,0.0,-7.9555361967261025,0.0,-8.035029351943077,0.0,-2.709094154820323,0.0,-3.665232433526141,0.0,-9.099569935677787,0.0,0.0,0.0,0.0,0.0,9.81
1.235,0.0,67.30818124705115,0.0,-8.120577559855898,0.0,-7.692871353290406,0.0,-4.663100979930338,0.0,-3.4801674624235805,0.0,-9.171942881979627,0.0,0.0,0.0,0.0,0.0,9.81
1.24,0.0,69.19470146301555,0.0,-8.256506564103475,0.0,-7.347235020630091,0.0,-6.600922993396692,0.0,-3.2947514421497037,0.0,-9.240168543501536,0.0,0.0,0.0,0.0,0.0,9.81
1.245,0.0,70.86100922750948,0.0,-8.366247760398872,0.0,-7.002621373805157,0.0,-8.523556623718715,0.0,-3.109534200285602,0.0,-9.30413342588003,0.0,0.0,0.0,0.0,0.0,9.81
1.25,0.0,72.30701147293735,0.0,-8.452611399528537,0.0,-6.663675173765392,0.0,-10.429238646722556,0.0,-2.925071347212715,0.0,-9.363763096376024,0.0,0.0,0.0,0.0,0.0,9.81
1.2550000000000001,0.0,73.52995363433615,0.0,-8.518095684527067,0.0,-6.335261426727085,0.0,-12.312800403400196,0.0,-2.7419216840363605,0.0,-9.419021559737107,0.0,0.0,0.0,0.0,0.0,9.81
1.26,0.0,74.52333127335378,0.0,-8.56466672058451,0.0,-6.022534413099029,0.0,-14.164998631986242,0.0,-2.5606438386925294,0.0,-9.469910492698396,0.0,0.0,0.0,0.0,0.0,9.81
1.2650000000000001,0.0,75.27562805450333,0.0,-8.59350735402282,0.0,-5.730987912259439,0.0,-15.971799908560758,0.0,-2.3817919787556514,0.0,-9.516468279494703,0.0,0.0,0.0,0.0,0.0,9.81
1.27,0.0,75.76882722078318,0.0,-8.604727620620288,0.0,-5.466472662745361,0.0,-17.7136015829244,0.0,-2.2059104403755594,0.0,-9.558768780734876,0.0,0.0,0.0,0.0,0.0,9.81
1.2750000000000001,0.0,75.97666645839924,0.0,-8.597033246380422,0.0,-5.235163357547886,0.0,-19.364385446400135,0.0,-2.033527100501727,0.0,-9.596919762675865,0.0,0.0,0.0,0.0,0.0,9.81
1.28,0.0,75.86265025003829,0.0,-8.567355687988561,0.0,-5.043452766753513,0.0,-20.89082521000588,0.0,-1.8651453066973807,0.0,-9.631060912893515,0.0,0.0,0.0,0.0,0.0,9.81
1.285,0.0,75.37791047655466,0.0,-8.510459177027784,0.0,-4.897745499558445,0.0,-22.251410906224514,0.0,-1.7012341709306589,0.0,-9.661361371122792,0.0,0.0,0.0,0.0,0.0,9.81
1.29,0.0,74.4591288408649,0.0,-8.41855911935538,0.0,-4.804119875447238,0.0,-23.395719436321542,0.0,-1.5422170406291045,0.0,-9.688016710254137,0.0,0.0,0.0,0.0,0.0,9.81
1.295,0.0,73.02691689505346,0.0,-8.281013847657785,0.0,-4.76782610356208,0.0,-24.26405687003456,0.0,-1.3884579978960399,0.0,-9.711245311945515,0.0,0.0,0.0,0.0,0.0,9.81
1.3,0.0,70.98529578062548,0.0,-8.084188636897194,0.0,-4.792597067766232,0.0,-24.787825844739142,0.0,-1.2402463294903416,0.0,-9.731284094217617,0.0,0.0,0.0,0.0,0.0,9.81
1.305,0.0,68.2232086728167,0.0,-7.811633896220308,0.0,-4.879771158621608,0.0,-24.89111801343936,0.0,-1.097779086937145,0.0,-9.748383565470714,0.0,0.0,0.0,0.0,0.0,9.81
1.31,0.0,64.61926558150078,0.0,-7.444758072522164,0.0,-5.027272629492218,0.0,-24.49415790388002,0.0,-0.9611421532236502,0.0,-9.76280220207669,0.0,0.0,0.0,0.0,0.0,9.81
1.315,0.0,60.051015794229,0.0,-6.964188165868794,0.0,-5.228569587526227,0.0,-23.51925068038875,0.0,-0.830290679619815,0.0,-9.7748001774152,0.0,0.0,0.0,0.0,0.0,9.81
1.32,0.0,54.40973044822809,0.0,-6.351962011985058,0.0,-5.471829511159534,0.0,-21.899685973190515,0.0,-0.705030357585442,0.0,-9.784632512018762,0.0,0.0,0.0,0.0,0.0,9.81
1.325,0.0,47.62067429490622,0.0,-5.594545843166001,0.0,-5.739594157899166,0.0,-19.591477464243713,0.0,-0.5850016950294598,0.0,-9.792541770460492,0.0,0.0,0.0,0.0,0.0,9.81
1.33,0.0,39.666981701662564,0.0,-4.686394533559749,0.0,-6.009348818821039,0.0,-16.586793205880213,0.0,-0.4696701320699991,0.0,-9.798750502243726,0.0,0.0,0.0,0.0,0.0,9.81
1.335,0.0,30.612747514888223,0.0,-3.633404338615052,0.0,-6.255291201203207,0.0,-12.926587012158624,0.0,-0.3583252110680763,0.0,-9.803453708467618,0.0,0.0,0.0,0.0,0.0,9.81
1.34,0.0,20.618677484461063,0.0,-2.4552785250289793,0.0,-6.451350188341868,0.0,-8.708758815179838,0.0,-0.2500917899856657,0.0,-9.80681170333025,0.0,0.0,0.0,0.0,0.0,9.81
1.345,0.0,9.943092520235702,0.0,-1.185750235127548,0.0,-6.575076233904456,0.0,-4.087942589418785,0.0,-0.14395518411189884,0.0,-9.808943810330474,0.0,0.0,0.0,0.0,0.0,9.81
1.35,0.0,-1.076391558299562,0.0,0.1300194613926574,0.0,-6.611564368696913,0.0,0.7355414256149768,0.0,-0.03880009791691246,0.0,-9.80992336114396,0.0,0.0,0.0,0.0,0.0,9.81
1.355,0.0,-12.059548110230288,0.0,1.4407251268257817,0.0,-6.556324279983519,0.0,5.536933773845156,0.0,0.06653938156167799,0.0,-9.809774425609536,0.0,0.0,0.0,0.0,0.0,9.81
1.36,0.0,-22.630946198617305,0.0,2.6957647924661994,0.0,-6.416191135436187,0.0,10.094211790974303,0.0,0.17322388072859585,0.0,-9.808470582856172,0.0,0.0,0.0,0.0,0.0,9.81
1.365,0.0,-32.46611089171306,0.0,3.8519049218431056,0.0,-6.207972291687727,0.0,14.214580495114166,0.0,0.2823534793531107,0.0,-9.805935859272234,0.0,0.0,0.0,0.0,0.0,9.81
1.37,0.0,-41.32498617483869,0.0,4.878090845713411,0.0,-5.95527854564529,0.0,17.753943526892385,0.0,0.3949194884497136,0.0,-9.802047746019808,0.0,0.0,0.0,0.0,0.0,9.81
1.375,0.0,-49.06630408490185,0.0,5.757467222438417,0.0,-5.684520175740095,0.0,20.625757491247818,0.0,0.5117680002044898,0.0,-9.796642015740897,0.0,0.0,0.0,0.0,0.0,9.81
1.3800000000000001,0.0,-55.64319148951739,0.0,6.486654721767782,0.0,-5.421133893460182,0.0,22.799337289621192,0.0,0.6335774217464348,0.0,-9.789518925395921,0.0,0.0,0.0,0.0,0.0,9.81
1.385,0.0,-61.08546591576066,0.0,7.0730792263153575,0.0,-5.186796788446318,0.0,24.29050478429098,0.0,0.7608496792136299,0.0,-9.780450337463234,0.0,0.0,0.0,0.0,0.0,9.81
1.3900000000000001,0.0,-65.47592802086535,0.0,7.53142549488517,0.0,-4.997911155383372,0.0,25.14855045723679,0.0,0.893912922704426,0.0,-9.769187307907446,0.0,0.0,0.0,0.0,0.0,9.81
1.395,0.0,-68.92694123047202,0.0,7.880142427509955,0.0,-4.865243125851006,0.0,25.442993210719834,0.0,1.0329326444877183,0.0,-9.75546775351901,0.0,0.0,0.0,0.0,0.0,9.81
1.4000000000000001,0.0,-71.56117265878464,0.0,8.138574819288152,0.0,-4.794382190886166,0.0,25.25235375701322,0.0,1.1779280403636752,0.0,-9.73902389716241,0.0,0.0,0.0,0.0,0.0,9.81
1.405,0.0,-73.4979456049206,0.0,8.324940015336134,0.0,-4.786649548482197,0.0,24.65585031373664,0.0,1.3287909023486186,0.0,-9.719589276414442,0.0,0.0,0.0,0.0,0.0,9.81
1.41,0.0,-74.84495988130145,0.0,8.455116367777363,0.0,-4.840151518744845,0.0,23.727989053862235,0.0,1.4853050187180832,0.0,-9.696905177057012,0.0,0.0,0.0,0.0,0.0,9.81
1.415,0.0,-75.6942899066443,0.0,8.54208281713305,0.0,-4.950779011264531,0.0,22.535533248408527,0.0,1.6471647476609994,0.0,-9.670726413609923,0.0,0.0,0.0,0.0,0.0,9.81
1.42,0.0,-76.12136088429297,0.0,8.59581553578582,0.0,-5.11304994069228,0.0,21.136191225709084,0.0,1.8139920021901679,0.0,-9.640826425091323,0.0,0.0,0.0,0.0,0.0,9.81
1.425,0.0,-76.18574894880173,0.0,8.623467526709158,0.0,-5.320760345824038,0.0,19.57841783121215,0.0,1.9853512988748485,0.0,-9.607001688166203,0.0,0.0,0.0,0.0,0.0,9.81
1.43,0.0,-75.93293146424645,0.0,8.62969790676733,0.0,-5.567450896029193,0.0,17.901859301279536,0.0,2.160762792840264,0.0,-9.56907547482324,0.0,0.0,0.0,0.0,0.0,9.81
1.435,0.0,-75.39639933055287,0.0,8.617059975530657,0.0,-5.846715033029947,0.0,16.138116362995596,0.0,2.339713378287565,0.0,-9.526901000190861,0.0,0.0,0.0,0.0,0.0,9.81
1.44,0.0,-74.59977750584464,0.0,8.586392384431417,0.0,-6.1523809850870075,0.0,14.311622349548843,0.0,2.5216660124468104,0.0,-9.480364019719135,0.0,0.0,0.0,0.0,0.0,9.81
1.445,0.0,-73.55876991794808,0.0,8.537183581161893,0.0,-6.478598597147113,0.0,12.44052326692019,0.0,2.706067450968528,0.0,-9.429384944589115,0.0,0.0,0.0,0.0,0.0,9.81
1.45,0.0,-72.28285788003662,0.0,8.467897124223784,0.0,-6.819857543888351,0.0,10.537507672946886,0.0,2.892354586116301,0.0,-9.373920550135683,0.0,0.0,0.0,0.0,0.0,9.81
1.455,0.0,-70.77675078249084,0.0,8.376256379137173,0.0,-7.170958465242266,0.0,8.610572504320809,0.0,3.079959570324795,0.0,-9.3139653541418,0.0,0.0,0.0,0.0,0.0,9.81
1.46,0.0,-69.04162745243225,0.0,8.259493439816742,0.0,-7.526954103899409,0.0,6.66373331810412,0.0,3.268313895621536,0.0,-9.249552739696416,0.0,0.0,0.0,0.0,0.0,9.81
1.465,0.0,-67.07622637188186,0.0,8.114570367972892,0.0,-7.88307411585426,0.0,4.697699136420855,0.0,3.4568515889073654,0.0,-9.180755890412506,0.0,0.0,0.0,0.0,0.0,9.81
1.47,0.0,-64.87784972695385,0.0,7.938382022147222,0.0,-8.234644948202249,0.0,2.710536832560754,0.0,3.645011676258322,0.0,-9.107688593696663,0.0,0.0,0.0,0.0,0.0,9.81
1.475,0.0,-62.44334389383813,0.0,7.727949442168431,0.0,-8.57701489964843,0.0,0.698349892357431,0.0,3.832240066578403,0.0,-9.030505950104304,0.0,0.0,0.0,0.0,0.0,9.81
1.48,0.0,-59.77010913594902,0.0,7.48061123312517,0.0,-8.905493942889922,0.0,-1.3440076216299568,0.0,4.017991005241475,0.0,-8.949405003544673,0.0,0.0,0.0,0.0,0.0,9.81
1.485,0.0,-56.85717428429588,0.0,7.194217726913884,0.0,-9.215317747697831,0.0,-3.42216879928327,0.0,4.2017282501134,0.0,-8.864625278624352,0.0,0.0,0.0,0.0,0.0,9.81
1.49,0.0,-53.706347737910974,0.0,6.867328890338215,0.0,-9.501645166759111,0.0,-5.541441795555102,0.0,4.382926123198648,0.0,-8.776449178830026,0.0,0.0,0.0,0.0,0.0,9.81
1.495,0.0,-50.32342434832419,0.0,6.499412065284151,0.0,-9.759597723398741,0.0,-7.705961894297876,0.0,4.56107058827295,0.0,-8.685202164560843,0.0,0.0,0.0,0.0,0.0,9.81
1.5,0.0,-46.719390082261754,0.0,6.0910299497005305,0.0,-9.984347823615193,0.0,-9.917840405372683,0.0,4.735660495126212,0.0,-8.591252596337673,0.0,0.0,0.0,0.0,0.0,9.81
1.5050000000000001,0.0,-42.91152650775555,0.0,5.644003381911444,0.0,-10.171259011876263,0.0,-12.176363223634734,0.0,4.906209111402811,0.0,-8.495011100093025,0.0,0.0,0.0,0.0,0.0,9.81
1.51,0.0,-38.92428168346376,0.0,5.161528511400883,0.0,-10.316076317886774,0.0,-14.477310177878884,0.0,5.072246031070949,0.0,-8.396929293461486,0.0,0.0,0.0,0.0,0.0,9.81
1.5150000000000001,0.0,-34.78975210554872,0.0,4.648225217289394,0.0,-10.415157723690983,0.0,-16.812478093653112,0.0,5.233319503222801,0.0,-8.297497709969418,0.0,0.0,0.0,0.0,0.0,9.81
1.52,0.0,-30.547622214095245,0.0,4.110094670169575,0.0,-10.465729727546668,0.0,-19.169490496044112,0.0,5.388999167314444,0.0,-8.19724277683032,0.0,0.0,0.0,0.0,0.0,9.81
1.5250000000000001,0.0,-26.244441971230493,0.0,3.554369884383041,0.0,-10.466142257222863,0.0,-21.531960634740393,0.0,5.538879115022819,0.0,-8.09672274456756,0.0,0.0,0.0,0.0,0.0,9.81
1.53,0.0,-21.932191929827965,0.0,2.9892542368850075,0.0,-10.416092656581041,0.0,-23.880040357457915,0.0,5.682581131535229,0.0,-7.996522532402367,0.0,0.0,0.0,0.0,0.0,9.81
1.5350000000000001,0.0,-17.666182713233994,0.0,2.423558121163895,0.0,-10.316787077241798,0.0,-26.19133817025863,0.0,5.819757909598264,0.0,-7.897247537357055,0.0,0.0,0.0,0.0,0.0,9.81
1.54,0.0,-13.502445467161865,0.0,1.866260550289869,0.0,-10.17101173204609,0.0,-28.44213367595252,0.0,5.950095988249155,0.0,-7.799516547886578,0.0,0.0,0.0,0.0,0.0,9.81
1.545,0.0,-9.49486764341301,0.0,1.3260369571988462,0.0,-9.98309628535168,0.0,-30.608764490727307,0.0,6.073318153758086,0.0,-7.703953991686267,0.0,0.0,0.0,0.0,0.0,9.81
1.55,0.0,-5.69238935777032,0.0,0.8108029341054306,0.0,-9.758765787252125,0.0,-32.66902847136476,0.0,6.189185058192432,0.0,-7.611181818144906,0.0,0.0,0.0,0.0,0.0,9.81
1.555,0.0,-2.136581648836426,0.0,0.32732364930452085,0.0,-9.504893246248661,0.0,-34.603437978102605,0.0,6.297495861000264,0.0,-7.521811356690405,0.0,0.0,0.0,0.0,0.0,9.81
1.56,0.0,1.1401247149489961,0.0,-0.11907023692253943,0.0,-9.229178775430947,0.0,-36.396186402327224,0.0,6.398087774993713,0.0,-7.4364354958365055,0.0,0.0,0.0,0.0,0.0,9.81
1.565,0.0,4.115390745942335,0.0,-0.5246351955169873,0.0,-8.939790237162715,0.0,-38.035734760690254,0.0,6.490834489152484,0.0,-7.355621493549196,0.0,0.0,0.0,0.0,0.0,9.81
1.57,0.0,6.77705434382036,0.0,-0.8872301083155515,0.0,-8.645002771341705,0.0,-39.514986105802215,0.0,6.575643533421498,0.0,-7.279904663767581,0.0,0.0,0.0,0.0,0.0,9.81
1.575,0.0,9.122419730136983,0.0,-1.2062063764705007,0.0,-8.352870595062294,0.0,-40.83107397611559,0.0,6.6524527323939235,0.0,-7.209783097705916,0.0,0.0,0.0,0.0,0.0,9.81
1.58,0.0,11.156911356519593,0.0,-1.4821986006561056,0.0,-8.07095562272741,0.0,-41.984836450910386,0.0,6.721225955908974,0.0,-7.145713485325046,0.0,0.0,0.0,0.0,0.0,9.81
1.585,0.0,12.892301342301693,0.0,-1.7168488427796444,0.0,-7.806126247470158,0.0,-42.98007311519105,0.0,6.781948410327573,0.0,-7.088108014744813,0.0,0.0,0.0,0.0,0.0,9.81
1.59,0.0,14.344727363652737,0.0,-1.9124984322819152,0.0,-7.5644285473648,0.0,-43.82268780532918,0.0,6.83462172461235,0.0,-7.037332255007493,0.0,0.0,0.0,0.0,0.0,9.81
1.595,0.0,15.53269343691759,0.0,-2.071877298512693,0.0,-7.351023116499082,0.0,-44.51980946673509,0.0,6.8792590742253,0.0,-6.993703875992149,0.0,0.0,0.0,0.0,0.0,9.81
1.6,0.0,16.4752024703944,0.0,-2.1978139453056795,0.0,-7.170174646380867,0.0,-45.07896321901249,0.0,6.915880559402583,0.0,-6.9574920298404255,0.0,0.0,0.0,0.0,0.0,9.81
1.605,0.0,17.190120082231147,0.0,-2.2929814734327305,0.0,-7.025278414746691,0.0,-45.50734029502618,0.0,6.944509019275655,0.0,-6.92891720922372,0.0,0.0,0.0,0.0,0.0,9.81
1.61,0.0,17.69282428056969,0.0,-2.359688073216342,0.0,-6.918907500282786,0.0,-45.81119397959077,0.0,6.965166425537589,0.0,-6.908151405488038,0.0,0.0,0.0,0.0,0.0,9.81
1.615,0.0,17.99516128229243,0.0,-2.3997150838262797,0.0,-6.852866085323914,0.0,-45.99537207484313,0.0,6.977870963325715,0.0,-6.895318409802453,0.0,0.0,0.0,0.0,0.0,9.81
1.62,0.0,18.10470619426745,0.0,-2.4142023777249384,0.0,-6.828236883303472,0.0,-46.062985895520654,0.0,6.9826348753238126,0.0,-6.890494128808369,0.0,0.0,0.0,0.0,0.0,9.81
1.625,0.0,18.024317756528532,0.0,-2.4035793602211752,0.0,-6.8454139434213594,0.0,-46.01521103979523,0.0,6.979463118695013,0.0,-6.893706819612519,0.0,0.0,0.0,0.0,0.0,9.81
1.6300000000000001,0.0,17.75197631375339,0.0,-2.3675398807132213,0.0,-6.904115472679613,0.0,-45.85121499092931,0.0,6.968352862872156,0.0,-6.904937184957003,0.0,0.0,0.0,0.0,0.0,9.81
1.635,0.0,17.28090020001723,0.0,-2.3050602997351852,0.0,-7.003374710280879,0.0,-45.568209332070964,0.0,6.949293838002505,0.0,-6.924118306586687,0.0,0.0,0.0,0.0,0.0,9.81
1.6400000000000001,0.0,16.59994399657341,0.0,-2.214461254397719,0.0,-7.141510267044458,0.0,-45.161628171732744,0.0,6.9222695269294165,0.0,-6.951135432377242,0.0,0.0,0.0,0.0,0.0,9.81
1.645,0.0,15.694288768861796,0.0,-2.093514710098829,0.0,-7.31608073276791,0.0,-44.62543740617207,0.0,6.8872591757458235,0.0,-6.985825670081186,0.0,0.0,0.0,0.0,0.0,9.81
1.6500000000000001,0.0,14.546435585638399,0.0,-1.9395980843931868,0.0,-7.5238317480265495,0.0,-43.95257984457371,0.0,6.844240577075386,0.0,-7.027977676819603,0.0,0.0,0.0,0.0,0.0,9.81
1.655,0.0,13.137505847107313,0.0,-1.7498960324472994,0.0,-7.760646997002411,0.0,-43.13555730213148,0.0,6.793193554751964,0.0,-7.077331467369132,0.0,0.0,0.0,0.0,0.0,9.81
1.6600000000000001,0.0,11.448832469335656,0.0,-1.5216474681488903,0.0,-8.021517371705649,0.0,-42.167141229284546,0.0,6.734104047819873,0.0,-7.133578493695243,0.0,0.0,0.0,0.0,0.0,9.81
1.665,0.0,9.463793689636411,0.0,-1.2524303872380973,0.0,-8.300544329956491,0.0,-41.041187806257554,0.0,6.66696865642982,0.0,-7.196362169915643,0.0,0.0,0.0,0.0,0.0,9.81
1.67,0.0,7.169797810124891,0.0,-0.9404703049209644,0.0,-8.590993487518563,0.0,-39.753512554759155,0.0,6.5917994745788375,0.0,-7.2652790269454615,0.0,0.0,0.0,0.0,0.0,9.81
1.675,0.0,4.560278011520779,0.0,-0.5849504466703486,0.0,-8.885411986000289,0.0,-38.30275612573369,0.0,6.508628998863852,0.0,-7.339880675116113,0.0,0.0,0.0,0.0,0.0,9.81
1.68,0.0,1.6365110835775596,0.0,-0.18629470980066687,0.0,-9.175817622064507,0.0,-36.69115178395859,0.0,6.4175148742194255,0.0,-7.4196767272126,0.0,0.0,0.0,0.0,0.0,9.81
1.685,0.0,-1.5909545280223654,0.0,0.2536101705382029,0.0,-9.453959111117856,0.0,-34.92509257362902,0.0,6.318544223632988,0.0,-7.504138786477271,0.0,0.0,0.0,0.0,0.0,9.81
1.69,0.0,-5.101474045364782,0.0,0.7312867758016666,0.0,-9.711636015116078,0.0,-33.015398768598104,0.0,6.211837315392116,0.0,-7.592705535002136,0.0,0.0,0.0,0.0,0.0,9.81
1.695,0.0,-8.864255715984921,0.0,1.2416608017614896,0.0,-9.941055533977153,0.0,-30.977208588442103,0.0,6.097550352877708,0.0,-7.684788872371305,0.0,0.0,0.0,0.0,0.0,9.81
1.7,0.0,-12.83917153513437,0.0,1.7781912065761398,0.0,-10.135193976211102,0.0,-28.829457596343406,0.0,5.975877229016479,0.0,-7.779780961409592,0.0,0.0,0.0,0.0,0.0,9.81
1.705,0.0,-16.978402526977085,0.0,2.3331339076693194,0.0,-10.288125814006916,0.0,-26.593969175346245,0.0,5.8470501662378425,0.0,-7.8770619497175804,0.0,0.0,0.0,0.0,0.0,9.81
1.71,0.0,-21.228768474246564,0.0,2.8979170576923403,0.0,-10.395284596138124,0.0,-24.29423904885539,0.0,5.711339254316858,0.0,-7.976008065776373,0.0,0.0,0.0,0.0,0.0,9.81
1.715,0.0,-25.534487114961312,0.0,3.4635892952707166,0.0,-10.453627988295654,0.0,-21.95404721041407,0.0,5.569050990471895,0.0,-8.075999748512565,0.0,0.0,0.0,0.0,0.0,9.81
1.72,0.0,-29.84004652476016,0.0,4.021292159246314,0.0,-10.461692426887575,0.0,-19.59605853146326,0.0,5.420526005110096,0.0,-8.176429466446063,0.0,0.0,0.0,0.0,0.0,9.81
1.725,0.0,-34.09287091494573,0.0,4.562706386857415,0.0,-10.419538469531668,0.0,-17.24057200661369,0.0,5.266136211192459,0.0,-8.276708917503456,0.0,0.0,0.0,0.0,0.0,9.81
1.73,0.0,-38.245513005257834,0.0,5.080429060778566,0.0,-10.328602498058215,0.0,-14.904549239332436,0.0,5.10628163834398,0.0,-8.376275367107771,0.0,0.0,0.0,0.0,0.0,9.81
1.735,0.0,-42.25719948763139,0.0,5.568252266165103,0.0,-10.191481059090531,0.0,-12.601003776906161,0.0,4.941387203431976,0.0,-8.4745969688536,0.0,0.0,0.0,0.0,0.0,9.81
1.74,0.0,-46.09466543474913,0.0,6.021330448684965,0.0,-10.011679187149186,0.0,-10.338776758320222,0.0,4.771899631850888,0.0,-8.571177005085179,0.0,0.0,0.0,0.0,0.0,9.81
1.745,0.0,-49.73231418774394,0.0,6.436239280220585,0.0,-9.79335348432704,0.0,-8.122673420679025,0.0,4.598284686650378,0.0,-8.665557070788699,0.0,0.0,0.0,0.0,0.0,9.81
1.75,0.0,-53.151813357372646,0.0,6.810940719744897,0.0,-9.541075753002401,0.0,-5.953898151269328,0.0,4.421024796061011,0.0,-8.75731929329009,0.0,0.0,0.0,0.0,0.0,9.81
1.7550000000000001,0.0,-56.34127716260559,0.0,7.144675745466285,0.0,-9.259635488297304,0.0,-3.8307066819734494,0.0,4.240617103451997,0.0,-8.846087726655346,0.0,0.0,0.0,0.0,0.0,9.81
1.76,0.0,-59.294191882308645,0.0,7.437807996352309,0.0,-8.953891445529981,0.0,-1.7491916645287091,0.0,4.0575719046342344,0.0,-8.93152908224956,0.0,0.0,0.0,0.0,0.0,9.81
1.7650000000000001,0.0,-62.008222444402996,0.0,7.691639349360803,0.0,-8.62867526435392,0.0,0.2958718965721543,0.0,3.872411390096363,0.0,-9.013352958030774,0.0,0.0,0.0,0.0,0.0,9.81
1.77,0.0,-64.4840042739266,0.0,7.908213749828926,0.0,-8.288744570063091,0.0,2.310177306563772,0.0,3.685668575757616,0.0,-9.091311713462336,0.0,0.0,0.0,0.0,0.0,9.81
1.7750000000000001,0.0,-66.72398491977454,0.0,8.09011983396724,0.0,-7.9387792911290065,0.0,4.299068809656335,0.0,3.497886284382676,0.0,-9.165200109903047,0.0,0.0,0.0,0.0,0.0,9.81
1.78,0.0,-68.73134169023726,0.0,8.24029713332545,0.0,-7.583412899910317,0.0,6.266772978309415,0.0,3.309616028686498,0.0,-9.234854803253073,0.0,0.0,0.0,0.0,0.0,9.81
1.7850000000000001,0.0,-70.50896868939543,0.0,8.361845617380707,0.0,-7.227289431195232,0.0,8.21567960307926,0.0,3.121416643384925,0.0,-9.30015374091263,0.0,0.0,0.0,0.0,0.0,9.81
1.79,0.0,-72.05850099567692,0.0,8.457834338238222,0.0,-6.875136915688084,0.0,10.145660591423372,0.0,2.933852513893914,0.0,-9.361015482042681,0.0,0.0,0.0,0.0,0.0,9.81
1.795,0.0,-73.3793254875626,0.0,8.531102081275494,0.0,-6.53184776438111,0.0,12.05340702017426,0.0,2.7474912511533898,0.0,-9.417398430879617,0.0,0.0,0.0,0.0,0.0,9.81
1.8,0.0,-74.46751670603477,0.0,8.584041196229496,0.0,-6.202556209816041,0.0,13.931759813503879,0.0,2.5629006627166095,0.0,-9.46929994867716,0.0,0.0,0.0,0.0,0.0,9.81
1.805,0.0,-75.31463225793809,0.0,8.618355230596546,0.0,-5.892701790774114,0.0,15.76900861612998,0.0,2.3806448679778875,0.0,-9.51675529123456,0.0,0.0,0.0,0.0,0.0,9.81
1.81,0.0,-75.90630696046435,0.0,8.63478183211738,0.0,-5.608065784153464,0.0,17.548137072697614,0.0,2.2012793991722686,0.0,-9.55983630592726,0.0,0.0,0.0,0.0,0.0,9.81
1.815,0.0,-76.2206015986261,0.0,8.632775146415236,0.0,-5.354764278076632,0.0,19.246002777509,0.0,2.0253451196235726,0.0,-9.598649814380867,0.0,0.0,0.0,0.0,0.0,9.81
1.82,0.0,-76.22609702024671,0.0,8.61014753549522,0.0,-5.139177266696274,0.0,20.832459958043913,0.0,1.8533607783264767,0.0,-9.633335603958036,0.0,0.0,0.0,0.0,0.0,9.81
1.825,0.0,-75.87978692442871,0.0,8.562680297418925,0.0,-4.967788107913482,0.0,22.269467539202708,0.0,1.6858140095114598,0.0,-9.664063952560994,0.0,0.0,0.0,0.0,0.0,9.81
1.83,0.0,-75.12492598325747,0.0,8.483729048822374,0.0,-4.846902954656526,0.0,23.510281172230243,0.0,1.5231505853144256,0.0,-9.691032616470116,0.0,0.0,0.0,0.0,0.0,9.81
1.835,0.0,-73.88914807929774,0.0,8.363873559050376,0.0,-4.782217495555001,0.0,24.4989120152483,0.0,1.3657617523927186,0.0,-9.714463219830364,0.0,0.0,0.0,0.0,0.0,9.81
1.84,0.0,-72.0833922050445,0.0,8.190695382915308,0.0,-4.778202341838625,0.0,25.170151528537552,0.0,1.2139695496643494,0.0,-9.734596997120079,0.0,0.0,0.0,0.0,0.0,9.81
1.845,0.0,-69.60245383522526,0.0,7.948808326343668,0.0,-4.837294590292259,0.0,25.45060466669749,0.0,1.0680101425628223,0.0,-9.751689857204257,0.0,0.0,0.0,0.0,0.0,9.81
1.85,0.0,-66.32827181185664,0.0,7.620309550054829,0.0,-4.958919170472491,0.0,25.2613169932531,0.0,0.9280154538634665,0.0,-9.766006760844261,0.0,0.0,0.0,0.0,0.0,9.81
1.855,0.0,-62.13725203337621,0.0,7.185846013880877,0.0,-5.138426843235036,0.0,24.522661973631877,0.0,0.793993756298445,0.0,-9.77781543510314,0.0,0.0,0.0,0.0,0.0,9.81
1.86,0.0,-56.91281582519915,0.0,6.626471906714634,0.0,-5.366127588607711,0.0,23.16206368325361,0.0,0.6658104358243168,0.0,-9.787379490908577,0.0,0.0,0.0,0.0,0.0,9.81
1.865,0.0,-50.563664087734765,0.0,5.926367117286116,0.0,-5.626704789007203,0.0,21.124721608267944,0.0,0.5431708118315753,0.0,-9.794951067015985,0.0,0.0,0.0,0.0,0.0,9.81
1.87,0.0,-43.04672206047066,0.0,5.076259648604651,0.0,-5.899377493113677,0.0,18.38665518699708,0.0,0.42560760979433654,0.0,-9.800763196024628,0.0,0.0,0.0,0.0,0.0,9.81
1.875,0.0,-34.391397640807135,0.0,4.077051322379456,0.0,-6.159167499725177,0.0,14.968122714255623,0.0,0.31247621596689973,0.0,-9.80502217306598,0.0,0.0,0.0,0.0,0.0,9.81
1.8800000000000001,0.0,-24.71924739290721,0.0,2.9427753017043408,0.0,-6.379450626640656,0.0,10.94412664364204,0.0,0.2029609007325026,0.0,-9.807900295350853,0.0,0.0,0.0,0.0,0.0,9.81
1.885,0.0,-14.251693568870024,0.0,1.7018053620020142,0.0,-6.535600286517358,0.0,6.447994105060079,0.0,0.09609446319220175,0.0,-9.80952941216939,0.0,0.0,0.0,0.0,0.0,9.81
1.8900000000000001,0.0,-3.299629597441055,0.0,0.39541597711015564,0.0,-6.609053178482823,0.0,1.66474177896806,0.0,-0.009207934893439122,0.0,-9.809995754608835,0.0,0.0,0.0,0.0,0.0,9.81
1.895,0.0,7.766686344351394,0.0,-0.9265383832502556,0.0,-6.590758769460352,0.0,-3.1865371046293407,0.0,-0.11410242810966449,0.0,-9.809336477452941,0.0,0.0,0.0,0.0,0.0,9.81
1.9000000000000001,0.0,18.562349016781795,0.0,-2.2120780250847187,0.0,-6.482967553220021,0.0,-7.878370121230363,0.0,-0.2197618930111043,0.0,-9.807538230622688,0.0,0.0,0.0,0.0,0.0,9.81
1.905,0.0,28.73630627566898,0.0,-3.4141056894622186,0.0,-6.2987689286531925,0.0,-12.202688725711958,0.0,-0.32731938715424336,0.0,-9.804537895706261,0.0,0.0,0.0,0.0,0.0,9.81
1.9100000000000001,0.0,38.01124460372146,0.0,-4.496157526715229,0.0,-6.0595344437293965,0.0,-15.993850634688394,0.0,-0.43781627988419736,0.0,-9.800225410620893,0.0,0.0,0.0,0.0,0.0,9.81
1.915,0.0,46.205984842174296,0.0,-5.435600322089314,0.0,-5.7910888655017825,0.0,-19.141961711733167,0.0,-0.5521606466573744,0.0,-9.7944484106445,0.0,0.0,0.0,0.0,0.0,9.81
1.92,0.0,53.23806805874251,0.0,-6.223933314472792,0.0,-5.519706540496594,0.0,-21.59511847422698,0.0,-0.6710991972944461,0.0,-9.787018278303908,0.0,0.0,0.0,0.0,0.0,9.81
1.925,0.0,59.11034436119142,0.0,-6.864749639273615,0.0,-5.268854049656788,0.0,-23.352553378210203,0.0,-0.7952033644783519,0.0,-9.7777171369084,0.0,0.0,0.0,0.0,0.0,9.81
1.93,0.0,63.88860687590578,0.0,-7.3703882578645095,0.0,-5.057156107391585,0.0,-24.452480744854384,0.0,-0.9248679863568666,0.0,-9.766305336622173,0.0,0.0,0.0,0.0,0.0,9.81
1.935,0.0,67.67728007774349,0.0,-7.758307086400887,0.0,-4.897606939074628,0.0,-24.95849500946511,0.0,-1.0603197164468772,0.0,-9.752529045034011,0.0,0.0,0.0,0.0,0.0,9.81
1.94,0.0,70.59809232423581,0.0,-8.047906558523703,0.0,-4.797753263108618,0.0,-24.947298063756747,0.0,-1.2016319118484446,0.0,-9.736127639464737,0.0,0.0,0.0,0.0,0.0,9.81
1.945,0.0,72.77408782611381,0.0,-8.258155576391868,0.0,-4.760472049673368,0.0,-24.499156383812593,0.0,-1.3487430412810624,0.0,-9.71684068455123,0.0,0.0,0.0,0.0,0.0,9.81
1.95,0.0,74.31929168749093,0.0,-8.406069969071243,0.0,-4.785002138216802,0.0,-23.69137200150437,0.0,-1.5014762925112253,0.0,-9.69441435378413,0.0,0.0,0.0,0.0,0.0,9.81
1.955,0.0,75.33316779176539,0.0,-8.505917913833066,0.0,-4.8679872433679225,0.0,-22.594388031609135,0.0,-1.6595587752539356,0.0,-9.668607213405647,0.0,0.0,0.0,0.0,0.0,9.81
1.96,0.0,75.89858228506506,0.0,-8.568961055129686,0.0,-5.004391643333914,0.0,-21.269886681011076,0.0,-1.8226393475865843,0.0,-9.639195332106606,0.0,0.0,0.0,0.0,0.0,9.81
1.965,0.0,76.08202490247253,0.0,-8.603543922031065,0.0,-5.188230733559623,0.0,-19.77023186551489,0.0,-1.9903045746068362,0.0,-9.60597671315555,0.0,0.0,0.0,0.0,0.0,9.81
1.97,0.0,75.9350913079382,0.0,-8.615380347892023,0.0,-5.413110272686895,0.0,-18.1387248243662,0.0,-2.1620926538591836,0.0,-9.568775070095407,0.0,0.0,0.0,0.0,0.0,9.81
1.975,0.0,75.49652606436386,0.0,-8.60792929024901,0.0,-5.672595244060353,0.0,-16.41028943025778,0.0,-2.337505339975968,0.0,-9.527442985494524,0.0,0.0,0.0,0.0,0.0,9.81
1.98,0.0,74.7943855671271,0.0,-8.582791273173498,0.0,-5.960439692346511,0.0,-14.612337998257486,0.0,-2.516018006599109,0.0,-9.481864506115372,0.0,0.0,0.0,0.0,0.0,9.81
1.985,0.0,73.84807635652261,0.0,-8.540086355153129,0.0,-6.27070977021732,0.0,-12.765671775710214,0.0,-2.6970880294585857,0.0,-9.431957238152245,0.0,0.0,0.0,0.0,0.0,9.81
1.99,0.0,72.67015839186219,0.0,-8.478795104241897,0.0,-6.597828590446926,0.0,-10.885342285908871,0.0,-2.8801616855739405,0.0,-9.377674013175396,0.0,0.0,0.0,0.0,0.0,9.81
1.995,0.0,71.26788774566933,0.0,-8.397057280733133,0.0,-6.936566399745856,0.0,-8.981446065949392,0.0,-3.0646797572760893,0.0,-9.319004198990308,0.0,0.0,0.0,0.0,0.0,9.81
2.0,0.0,69.64452289590619,0.0,-8.292430817883218,0.0,-7.281994703488468,0.0,-7.059853123275888,0.0,-3.2500820170802784,0.0,-9.255974729430113,0.0,0.0,0.0,0.0,0.0,9.81
2.005,0.0,67.80044507913108,0.0,-8.162117968514725,0.0,-7.629418996274249,0.0,-5.122884690168904,0.0,-3.4358107566460716,0.0,-9.18865092269329,0.0,0.0,0.0,0.0,0.0,9.81
2.0100000000000002,0.0,65.73415431283459,0.0,-8.003167378822955,0.0,-7.974301898556633,0.0,-3.1699629732163244,0.0,-3.6213135132119234,0.0,-9.117137148761653,0.0,0.0,0.0,0.0,0.0,9.81
2.015,0.0,63.44320383238165,0.0,-7.812661131157118,0.0,-8.312186701968146,0.0,-1.1982573532077279,0.0,-3.8060451409878473,0.0,-9.041577392321885,0.0,0.0,0.0,0.0,0.0,9.81
2.02,0.0,60.92512947340089,0.0,-7.58789487486773,0.0,-8.638630383790561,0.0,0.7966506368882307,0.0,-3.9894693726904458,0.0,-8.96215573830617,0.0,0.0,0.0,0.0,0.0,9.81
2.025,0.0,58.178417910909054,0.0,-7.3265572012345,0.0,-8.949154777677041,0.0,2.8200666965782215,0.0,-4.171060016479341,0.0,-8.87909678284471,0.0,0.0,0.0,0.0,0.0,9.81
2.0300000000000002,0.0,55.20353864053901,0.0,-7.026911446014031,0.0,-9.23922442569445,0.0,4.877439447375867,0.0,-4.350301934130974,0.0,-8.79266594377888,0.0,0.0,0.0,0.0,0.0,9.81
2.035,0.0,52.00403899240597,0.0,-6.687979139997153,0.0,-9.504259260021257,0.0,6.973576624447308,0.0,-4.526691945004873,0.0,-8.703169613325368,0.0,0.0,0.0,0.0,0.0,9.81
2.04,0.0,48.587669827369,0.0,-6.309719506821324,0.0,-9.739689193119709,0.0,9.11184147834599,0.0,-4.699739794520965,0.0,-8.610955063313211,0.0,0.0,0.0,0.0,0.0,9.81
2.045,0.0,44.96747395345005,0.0,-5.8931940996408505,0.0,-9.941055455201472,0.0,11.293366885668146,0.0,-4.868969312672309,0.0,-8.516409983950684,0.0,0.0,0.0,0.0,0.0,9.81
2.05,0.0,41.1627340562628,0.0,-5.440700580623398,0.0,-10.104159733514146,0.0,13.516342598972692,0.0,-5.033919865020709,0.0,-8.419961514581667,0.0,0.0,0.0,0.0,0.0,9.81
2.055,0.0,37.19964890234509,0.0,-4.955855840747951,0.0,-10.225256722173905,0.0,15.775445688299838,0.0,-5.194148163969403,0.0,-8.322074614245874,0.0,0.0,0.0,0.0,0.0,9.81
2.06,0.0,33.11159444658719,0.0,-4.443607433290659,0.0,-10.301278894987853,0.0,18.061491079809,0.0,-5.34923046169473,0.0,-8.223249625889075,0.0,0.0,0.0,0.0,0.0,9.81
2.065,0.0,28.938838981373223,0.0,-3.9101549062276533,0.0,-10.330075031781758,0.0,20.36137362402053,0.0,-5.498765089941883,0.0,-8.124018914516578,0.0,0.0,0.0,0.0,0.0,9.81
2.07,0.0,24.727624426719697,0.0,-3.362769830843816,0.0,-10.310637669612639,0.0,22.658352160367812,0.0,-5.642375250540801,0.0,-8.024942507862484,0.0,0.0,0.0,0.0,0.0,9.81
2.075,0.0,20.528598867336587,0.0,-2.8095149290882278,0.0,-10.243290941018493,0.0,24.932689523456556,0.0,-5.779711901071187,0.0,-7.926602736212006,0.0,0.0,0.0,0.0,0.0,9.81
2.08,0.0,16.394679487527743,0.0,-2.258877202212622,0.0,-10.129810795097068,0.0,27.162614653700853,0.0,-5.910456531371507,0.0,-7.829597949725792,0.0,0.0,0.0,0.0,0.0,9.81
2.085,0.0,12.378522681583597,0.0,-1.7193446334680957,0.0,-9.973455252376779,0.0,29.325522580793503,0.0,-6.034323597425451,0.0,-7.734535477037739,0.0,0.0,0.0,0.0,0.0,9.81
2.09,0.0,8.52985698725502,0.0,-1.1989674989744683,0.0,-9.778892791980974,0.0,31.399286311589293,0.0,-6.151062376518873,0.0,-7.6420240657204355,0.0,0.0,0.0,0.0,0.0,9.81
2.095,0.0,4.892973813834157,0.0,-0.7049505172854358,0.0,-9.552030515613154,0.0,33.363532245675934,0.0,-6.260458034499694,0.0,-7.552666101132419,0.0,0.0,0.0,0.0,0.0,9.81
2.1,0.0,1.5046585544832922,0.0,-0.243319311513227,0.0,-9.299757651309365,0.0,35.200734139818245,0.0,-6.362331750451942,0.0,-7.467049925646497,0.0,0.0,0.0,0.0,0.0,9.81
2.105,0.0,-1.6072182462393059,0.0,0.18130570820815373,0.0,-9.029631255151576,0.0,36.897009684453536,0.0,-6.456539819019184,0.0,-7.385742570849201,0.0,0.0,0.0,0.0,0.0,9.81
2.11,0.0,-4.4243289142220945,0.0,0.5658105756085653,0.0,-8.749537290266877,0.0,38.44255151393599,0.0,-6.5429717352420855,0.0,-7.3092831726968095,0.0,0.0,0.0,0.0,0.0,9.81
2.115,0.0,-6.937726900198506,0.0,0.9085639940145953,0.0,-8.467360596304474,0.0,39.83167957588797,0.0,-6.621547349096511,0.0,-7.238177271161045,0.0,0.0,0.0,0.0,0.0,9.81
2.12,0.0,-9.146986850763959,0.0,1.2092838339079552,0.0,-8.190692133329703,0.0,41.0625521655403,0.0,-6.692213246245626,0.0,-7.172892112697382,0.0,0.0,0.0,0.0,0.0,9.81
2.125,0.0,-11.05880928141761,0.0,1.4688199289579602,0.0,-7.9265930221608,0.0,42.136609392290865,0.0,-6.754938560530751,0.0,-7.113852988145754,0.0,0.0,0.0,0.0,0.0,9.81
2.13,0.0,-12.685286478368887,0.0,1.6888841526824045,0.0,-7.681424579761862,0.0,43.05784112634276,0.0,-6.809710449430321,0.0,-7.061440561260511,0.0,0.0,0.0,0.0,0.0,9.81
2.1350000000000002,0.0,-14.04202482408607,0.0,1.8717583008242897,0.0,-7.4607438759973235,0.0,43.831972339879506,0.0,-6.856529467249418,0.0,-7.01598908166178,0.0,0.0,0.0,0.0,0.0,9.81
2.14,0.0,-15.146291234432553,0.0,2.0200058801785556,0.0,-7.26925678641596,0.0,44.4656465645425,0.0,-6.895405056343256,0.0,-6.977785334495166,0.0,0.0,0.0,0.0,0.0,9.81
2.145,0.0,-16.015309920125112,0.0,2.136207382375126,0.0,-7.110815743175141,0.0,44.965668811267136,0.0,-6.926351349970407,0.0,-6.947068157869757,0.0,0.0,0.0,0.0,0.0,9.81
2.15,0.0,-16.66479156530405,0.0,2.2227317371472677,0.0,-6.988447344473055,0.0,45.3383483000537,0.0,-6.949383447308341,0.0,-6.924028356035011,0.0,0.0,0.0,0.0,0.0,9.81
2.1550000000000002,0.0,-17.107738545245894,0.0,2.2815506603605216,0.0,-6.904395170955524,0.0,45.58896283922819,0.0,-6.964514286740627,0.0,-6.90880884766163,0.0,0.0,0.0,0.0,0.0,9.81
2.16,0.0,-17.353541551094814,0.0,2.314098231850196,0.0,-6.86016489823746,0.0,45.72135297612954,0.0,-6.971752211266012,0.0,-6.901504910545588,0.0,0.0,0.0,0.0,0.0,9.81
2.165,0.0,-17.407366201804614,0.0,2.321175443070051,0.0,-6.856561448922777,0.0,45.737645786209164,0.0,-6.971099291687737,0.0,-6.902164412969426,0.0,0.0,0.0,0.0,0.0,9.81
2.17,0.0,-17.269821754547394,0.0,2.3028984633584337,0.0,-6.8937110156022925,0.0,45.63810486426587,0.0,-6.9625504495481065,0.0,-6.91078795501275,0.0,0.0,0.0,0.0,0.0,9.81
2.1750000000000003,0.0,-16.936905279889395,0.0,2.258689582436467,0.0,-6.971064022077189,0.0,45.42110350071124,0.0,-6.9460934018461185,0.0,-6.927328878345117,0.0,0.0,0.0,0.0,0.0,9.81
2.18,0.0,-16.400220325846597,0.0,2.187310679322661,0.0,-7.087378352604967,0.0,45.083220574951156,0.0,-6.921709431885697,0.0,-6.95169313921451,0.0,0.0,0.0,0.0,0.0,9.81
2.185,0.0,-15.64747554429539,0.0,2.08694008266367,0.0,-7.240685447632145,0.0,44.61946163847397,0.0,-6.88937497318973,0.0,-6.983739075648808,0.0,0.0,0.0,0.0,0.0,9.81
2.19,0.0,-14.663272332197486,0.0,1.9552942550813377,0.0,-7.428245136720654,0.0,44.02360922747262,0.0,-6.849063974246256,0.0,-7.0232771355728865,0.0,0.0,0.0,0.0,0.0,9.81
2.195,0.0,-13.430187737585207,0.0,1.789795308770679,0.0,-7.646498285682757,0.0,43.28870495008838,0.0,-6.800750989170858,0.0,-7.070069666570145,0.0,0.0,0.0,0.0,0.0,9.81
2.2,0.0,-11.930146671906314,0.0,1.587783471256902,0.0,-7.891029263672138,0.0,42.40765989119024,0.0,-6.7444149120625525,0.0,-7.123830898723383,0.0,0.0,0.0,0.0,0.0,9.81
2.205,0.0,-10.146053917736218,0.0,1.346769966594719,0.0,-8.156552485227168,0.0,41.37397846139223,0.0,-6.680043240816262,0.0,-7.184227276864581,0.0,0.0,0.0,0.0,0.0,9.81
2.21,0.0,-8.063621553130439,0.0,1.0647203583653067,0.0,-8.436938262629745,0.0,40.18256405115782,0.0,-6.607636720736567,0.0,-7.250878314307965,0.0,0.0,0.0,0.0,0.0,9.81
2.215,0.0,-5.673284229620293,0.0,0.7403516719362399,0.0,-8.725292219284768,0.0,38.8305542579352,0.0,-6.527214182411768,0.0,-7.323358142813228,0.0,0.0,0.0,0.0,0.0,9.81
2.22,0.0,-2.972049940536138,0.0,0.37341959785265016,0.0,-9.01409893869122,0.0,37.31811236356948,0.0,-6.4388173565311995,0.0,-7.401197919228437,0.0,0.0,0.0,0.0,0.0,9.81
2.225,0.0,0.03490221098284252,0.0,-0.03503364768676337,0.0,-9.295434059722062,0.0,35.64908521212436,0.0,-6.342515426497273,0.0,-7.4838892150655685,0.0,0.0,0.0,0.0,0.0,9.81
2.23,0.0,3.3330808380196153,0.0,-0.4825027641462948,0.0,-9.561239995221717,0.0,33.83143169355542,0.0,-6.23840907402566,0.0,-7.570888460361172,0.0,0.0,0.0,0.0,0.0,9.81
2.235,0.0,6.898184093313116,0.0,-0.9649436597060582,0.0,-9.803649973409964,0.0,31.877336084004554,0.0,-6.12663378873905,0.0,-7.661622439979545,0.0,0.0,0.0,0.0,0.0,9.81
2.24,0.0,10.6963754443133,0.0,-1.476819829739239,0.0,-10.015335082595051,0.0,29.80294924013075,0.0,-6.007362252846421,0.0,-7.755494755276136,0.0,0.0,0.0,0.0,0.0,9.81
2.245,0.0,14.685373856757503,0.0,-2.0112782511113494,0.0,-10.189841767707772,0.0,27.627746222392577,0.0,-5.880805675288191,0.0,-7.851893076611579,0.0,0.0,0.0,0.0,0.0,9.81
2.25,0.0,18.816287272521656,0.0,-2.5604449948642687,0.0,-10.321884898262423,0.0,25.37354415211831,0.0,-5.74721403058409,0.0,-7.950196934728973,0.0,0.0,0.0,0.0,0.0,9.81
2.255,0.0,23.036008154572844,0.0,-3.1158135028957323,0.0,-10.40756526958938,0.0,23.063277672425258,0.0,-5.606875246282713,0.0,-8.049785743600934,0.0,0.0,0.0,0.0,0.0,9.81
2.2600000000000002,0.0,27.289906287768577,0.0,-3.6686850274726526,0.0,-10.444489901170405,0.0,20.71966887716153,0.0,-5.460113467147687,0.0,-8.150046723393347,0.0,0.0,0.0,0.0,0.0,9.81
2.265,0.0,31.524516680020298,0.0,-4.210614189927833,0.0,-10.431786910638015,0.0,18.36394444050615,0.0,-5.3072865918626215,0.0,-8.250382403952877,0.0,0.0,0.0,0.0,0.0,9.81
2.27,0.0,35.68993708755616,0.0,-4.733814312997199,0.0,-10.370021187686962,0.0,16.01474144256477,0.0,-5.1487833196975386,0.0,-8.350217434700571,0.0,0.0,0.0,0.0,0.0,9.81
2.275,0.0,39.7417138817337,0.0,-5.231486298909191,0.0,-10.261029531774977,0.0,13.687308721089956,0.0,-4.985019955631219,0.0,-8.449004498155945,0.0,0.0,0.0,0.0,0.0,9.81
2.2800000000000002,0.0,43.64208867369922,0.0,-5.698048756789322,0.0,-10.107702058001516,0.0,11.393061822100034,0.0,-4.8164372037364345,0.0,-8.546229209746857,0.0,0.0,0.0,0.0,0.0,9.81
2.285,0.0,47.36057830206908,0.0,-6.129262383413277,0.0,-9.913739533455075,0.0,9.13949844550743,0.0,-4.64349713585834,0.0,-8.641413973116022,0.0,0.0,0.0,0.0,0.0,9.81
2.29,0.0,50.87394668872137,0.0,-6.522255074182965,0.0,-9.68341426775112,0.0,6.930438054274054,0.0,-4.4666804644032005,0.0,-8.734120836372634,0.0,0.0,0.0,0.0,0.0,9.81
2.295,0.0,54.165685307593655,0.0,-6.875463742341599,0.0,-9.421356623636981,0.0,4.766520547950692,0.0,-4.286484183879779,0.0,-8.82395345265872,0.0,0.0,0.0,0.0,0.0,9.81
2.3000000000000003,0.0,57.22514534217949,0.0,-7.188513562721328,0.0,-9.132381916749692,0.0,2.6458864574647,0.0,-4.103419584071248,0.0,-8.910558284233954,0.0,0.0,0.0,0.0,0.0,9.81
2.305,0.0,60.046462481681665,0.0,-7.4620557207813665,0.0,-8.821365075493976,0.0,0.5649630000481531,0.0,-3.918010584397779,0.0,-8.99362520318989,0.0,0.0,0.0,0.0,0.0,9.81
2.31,0.0,62.62739272815417,0.0,-7.697581860233329,0.0,-8.493164084889283,0.0,-1.4807076833532777,0.0,-3.7307922974291063,0.0,-9.072887636960498,0.0,0.0,0.0,0.0,0.0,9.81
2.315,0.0,64.96814379995388,0.0,-7.897228646403571,0.0,-8.152588505604713,0.0,-3.4956444632614296,0.0,-3.54230970035689,0.0,-9.148122387706694,0.0,0.0,0.0,0.0,0.0,9.81
2.32,0.0,67.07024977629924,0.0,-8.063580428805,0.0,-7.80440629351617,0.0,-5.483635106523696,0.0,-3.353116275355908,0.0,-9.21914922657382,0.0,0.0,0.0,0.0,0.0,9.81
2.325,0.0,68.93550222530634,0.0,-8.199472800153625,0.0,-7.453380452560775,0.0,-7.4469868879678796,0.0,-3.16377247078832,0.0,-9.28583033149749,0.0,0.0,0.0,0.0,0.0,9.81
2.33,0.0,70.56492242166364,0.0,-8.307795456399544,0.0,-7.104326267830187,0.0,-9.38581684579019,0.0,-2.9748438322570703,0.0,-9.348069604510854,0.0,0.0,0.0,0.0,0.0,9.81
2.335,0.0,71.95773773729388,0.0,-8.391289424493845,0.0,-6.7621794795200065,0.0,-11.297368489905562,0.0,-2.786898652698697,0.0,-9.405811874168977,0.0,0.0,0.0,0.0,0.0,9.81
2.34,0.0,73.11031122672405,0.0,-8.452331542578388,0.0,-6.4320653033915445,0.0,-13.175335550517485,0.0,-2.6005049914510807,0.0,-9.459041962530357,0.0,0.0,0.0,0.0,0.0,9.81
2.345,0.0,74.0149671073088,0.0,-8.492698128777784,0.0,-6.1193572879131,0.0,-15.009171160489268,0.0,-2.416226911519964,0.0,-9.507783575064925,0.0,0.0,0.0,0.0,0.0,9.81
2.35,0.0,74.65865733645477,0.0,-8.513300245544857,0.0,-5.829713323682159,0.0,-16.783363304420263,0.0,-2.23461978084378,0.0,-9.552097956213716,0.0,0.0,0.0,0.0,0.0,9.81
2.355,0.0,75.02142850279795,0.0,-8.51388527122008,0.0,-5.56907350653578,0.0,-18.47666591227346,0.0,-2.0562244770117806,0.0,-9.592082243009076,0.0,0.0,0.0,0.0,0.0,9.81
2.36,0.0,75.07467878618439,0.0,-8.492704378692526,0.0,-5.343601002456273,0.0,-20.061292311605854,0.0,-1.8815603269281056,0.0,-9.627867443832226,0.0,0.0,0.0,0.0,0.0,9.81
2.365,0.0,74.77924963475263,0.0,-8.446154147162073,0.0,-5.159542887191518,0.0,-21.502107985375357,0.0,-1.711116606874538,0.0,-9.659615968597581,0.0,0.0,0.0,0.0,0.0,9.81
2.37,0.0,74.08348659394571,0.0,-8.368414428204689,0.0,-5.022984012502022,0.0,-22.755908081826313,0.0,-1.5453424311331776,0.0,-9.687518640011417,0.0,0.0,0.0,0.0,0.0,9.81
2.375,0.0,72.92154001949595,0.0,-8.251125401894848,0.0,-4.939465085481686,0.0,-23.770937530608517,0.0,-1.3846348802270754,0.0,-9.711791122845028,0.0,0.0,0.0,0.0,0.0,9.81
2.38,0.0,71.21236720564724,0.0,-8.083175545178463,0.0,-4.913439512911205,0.0,-24.486911199428583,0.0,-1.2293252803284653,0.0,-9.732669719533563,0.0,0.0,0.0,0.0,0.0,9.81
2.3850000000000002,0.0,68.86013713790038,0.0,-7.850707958457425,0.0,-4.947557050501978,0.0,-24.83591375130082,0.0,-1.0796636675530185,0.0,-9.750406496555481,0.0,0.0,0.0,0.0,0.0,9.81
2.39,0.0,65.75699121023587,0.0,-7.537489514565209,0.0,-5.0417922803978135,0.0,-24.74468234597251,0.0,-0.9358016841819156,0.0,-9.765263728396338,0.0,0.0,0.0,0.0,0.0,9.81
2.395,0.0,61.78928734904954,0.0,-7.125812006136927,0.0,-5.192488602805401,0.0,-24.138849906756654,0.0,-0.7977744877227428,0.0,-9.777507676719752,0.0,0.0,0.0,0.0,0.0,9.81
2.4,0.0,56.84838691207727,0.0,-6.598082596617354,0.0,-5.391465529062324,0.0,-22.94966402753912,0.0,-0.66548272494042,0.0,-9.787401764586082,0.0,0.0,0.0,0.0,0.0,9.81
2.4050000000000002,0.0,50.846504797912345,0.0,-5.939179066159561,0.0,-5.6254285642921005,0.0,-21.123376788609093,0.0,-0.5386762142284487,0.0,-9.795199262062907,0.0,0.0,0.0,0.0,0.0,9.81
2.41,0.0,43.73691882624493,0.0,-5.139462896916129,0.0,-5.875996384718212,0.0,-18.63281584584547,0.0,-0.41694161091740306,0.0,-9.801135671682056,0.0,0.0,0.0,0.0,0.0,9.81
2.415,0.0,35.53590535427735,0.0,-4.198058643373072,0.0,-6.120665328841499,0.0,-15.489598157475147,0.0,-0.29969683408573705,0.0,-9.805421087226023,0.0,0.0,0.0,0.0,0.0,9.81
2.42,0.0,26.34155789504192,0.0,-3.1256845855920545,0.0,-6.334903138247699,0.0,-11.754273785510794,0.0,-0.18619515860230532,0.0,-9.808232887710375,0.0,0.0,0.0,0.0,0.0,9.81
2.4250000000000003,0.0,16.34315652681134,0.0,-1.9461042920245917,0.0,-6.495270264044784,0.0,-7.540931785870453,0.0,-0.07554134671606315,0.0,-9.80970920196979,0.0,0.0,0.0,0.0,0.0,9.81
2.43,0.0,5.815301258710246,0.0,-0.6953519932314944,0.0,-6.583061784740083,0.0,-3.013161125917966,0.0,0.03327916035358586,0.0,-9.809943612836646,0.0,0.0,0.0,0.0,0.0,9.81
2.435,0.0,-4.905590089821802,0.0,0.5816179348385526,0.0,-6.587610545493087,0.0,1.6298481336615267,0.0,0.14135905092683324,0.0,-9.808981538631603,0.0,0.0,0.0,0.0,0.0,9.81
2.44,0.0,-15.459259735420044,0.0,1.8363951616601564,0.0,-6.508307597435165,0.0,6.175234367725696,0.0,0.24981936296520338,0.0,-9.806818620519769,0.0,0.0,0.0,0.0,0.0,9.81
2.445,0.0,-25.505523428108265,0.0,3.0234450771773678,0.0,-6.3547026449348785,0.0,10.421672626105956,0.0,0.35975643112438455,0.0,-9.803401266723622,0.0,0.0,0.0,0.0,0.0,9.81
2.45,0.0,-34.763207309604674,0.0,4.105716266401742,0.0,-6.144652803943474,0.0,14.201825526336242,0.0,0.47219164954915094,0.0,-9.798629292689743,0.0,0.0,0.0,0.0,0.0,9.81
2.455,0.0,-43.03518911173742,0.0,5.058221824077602,0.0,-5.9011088601716875,0.0,17.397081535164368,0.0,0.5880294839265456,0.0,-9.79236039799245,0.0,0.0,0.0,0.0,0.0,9.81
2.46,0.0,-50.21583938823261,0.0,5.869051877214688,0.0,-5.648470539389885,0.0,19.942458567800333,0.0,0.7080273343440909,0.0,-9.784416078850928,0.0,0.0,0.0,0.0,0.0,9.81
2.465,0.0,-56.28282001403091,0.0,6.538101187246793,0.0,-5.409392081622281,0.0,21.822647886870207,0.0,0.8327785040278816,0.0,-9.77458851121867,0.0,0.0,0.0,0.0,0.0,9.81
2.47,0.0,-61.27883982011852,0.0,7.07433033363199,0.0,-5.202583497458567,0.0,23.062201416792444,0.0,0.9627073982014988,0.0,-9.7626479493781,0.0,0.0,0.0,0.0,0.0,9.81
2.475,0.0,-65.28975542550029,0.0,7.492498051454146,0.0,-5.041744427381122,0.0,23.71335711080146,0.0,1.0980746489645956,0.0,-9.748350246710073,0.0,0.0,0.0,0.0,0.0,9.81
2.48,0.0,-68.42404774202132,0.0,7.810106660084944,0.0,-4.935459738859443,0.0,23.844313613225435,0.0,1.238989264296768,0.0,-9.7314441914131,0.0,0.0,0.0,0.0,0.0,9.81
2.485,0.0,-70.79650965339084,0.0,8.044981803719224,0.0,-4.887742970045521,0.0,23.529601524658524,0.0,1.385424979247935,0.0,-9.711678437979689,0.0,0.0,0.0,0.0,0.0,9.81
2.49,0.0,-72.51699862296313,0.0,8.213615739492498,0.0,-4.898909103962655,0.0,22.843122612325374,0.0,1.5372384719290526,0.0,-9.68880789195315,0.0,0.0,0.0,0.0,0.0,9.81
2.495,0.0,-73.6838145016839,0.0,8.330210946369261,0.0,-4.966529498946054,0.0,21.853706775715654,0.0,1.6941877382917518,0.0,-9.662599466087627,0.0,0.0,0.0,0.0,0.0,9.81
2.5,0.0,-74.38066847548347,0.0,8.406270847056954,0.0,-5.086313312875381,0.0,20.622686828767293,0.0,1.85594952193179,0.0,-9.632837171148807,0.0,0.0,0.0,0.0,0.0,9.81
2.505,0.0,-74.67610796282457,0.0,8.450567600122975,0.0,-5.252838756393858,0.0,19.202910230821523,0.0,2.0221351810089505,0.0,-9.599326537267423,0.0,0.0,0.0,0.0,0.0,9.81
2.5100000000000002,0.0,-74.62442214819305,0.0,8.469339421996679,0.0,-5.46011240520509,0.0,17.638673260884495,0.0,2.1923047220386263,0.0,-9.561898385400465,0.0,0.0,0.0,0.0,0.0,9.81
2.515,0.0,-74.26730245040324,0.0,8.466606453084417,0.0,-5.701966603051137,0.0,15.966184811448374,0.0,2.365978954540818,0.0,-9.52041198583465,0.0,0.0,0.0,0.0,0.0,9.81
2.52,0.0,-73.63577490568487,0.0,8.444530288423206,0.0,-5.97231967924488,0.0,14.214290544965012,0.0,2.542649850256381,0.0,-9.474757653620516,0.0,0.0,0.0,0.0,0.0,9.81
2.525,0.0,-72.75211681832621,0.0,8.40377172349168,0.0,-6.265327729845018,0.0,12.405290081719158,0.0,2.721789255660736,0.0,-9.424858840341496,0.0,0.0,0.0,0.0,0.0,9.81
2.5300000000000002,0.0,-71.6316104998758,0.0,8.343822686940511,0.0,-6.575455109714782,0.0,10.555754540151113,0.0,2.9028561315000156,0.0,-9.37067378805177,0.0,0.0,0.0,0.0,0.0,9.81
2.535,0.0,-70.28407979268793,0.0,8.26330268930321,0.0,-6.897486866730994,0.0,8.677301979594763,0.0,3.0853024960460487,0.0,-9.312196814494898,0.0,0.0,0.0,0.0,0.0,9.81
2.54,0.0,-68.7152119937917,0.0,8.160219059188943,0.0,-7.2265020191341645,0.0,6.777319712295567,0.0,3.26857824164915,0.0,-9.249459298545396,0.0,0.0,0.0,0.0,0.0,9.81
2.545,0.0,-66.92769964714965,0.0,8.032195346930855,0.0,-7.5578227704554735,0.0,4.859640582345515,0.0,3.452134984174003,0.0,-9.182530430805935,0.0,0.0,0.0,0.0,0.0,9.81
2.5500000000000003,0.0,-64.92225177319811,0.0,7.876674775835358,0.0,-7.886951829926956,0.0,2.925189497140101,0.0,3.6354290958891236,0.0,-9.11151778606452,0.0,0.0,0.0,0.0,0.0,9.81
2.555,0.0,-62.69852799807642,0.0,7.691106341470822,0.0,-8.20950799230757,0.0,0.9726196995511485,0.0,3.8179240659426585,0.0,-9.03656776159469,0.0,0.0,0.0,0.0,0.0,9.81
2.56,0.0,-60.25604495534885,0.0,7.473120592307443,0.0,-8.52116888854189,0.0,-1.001042762072987,0.0,3.9990923288184255,0.0,-8.957865907995949,0.0,0.0,0.0,0.0,0.0,9.81
2.565,0.0,-57.595093818876315,0.0,7.220700522505458,0.0,-8.817629107553756,0.0,-2.999732314846729,0.0,4.17841669927829,0.0,-8.875637157667432,0.0,0.0,0.0,0.0,0.0,9.81
2.57,0.0,-54.71769147217421,0.0,6.932350485021555,0.0,-9.094581401854752,0.0,-5.027648306882104,0.0,4.355391550754892,0.0,-8.790145930786638,0.0,0.0,0.0,0.0,0.0,9.81
2.575,0.0,-51.62856594325423,0.0,6.607262674857391,0.0,-9.347728064375199,0.0,-7.088534416959069,0.0,4.529523871003306,0.0,-8.70169607113196,0.0,0.0,0.0,0.0,0.0,9.81
2.58,0.0,-48.336150100596626,0.0,6.245476698375262,0.0,-9.572828407476822,0.0,-9.184949795812742,0.0,4.700334321817922,0.0,-8.610630536287092,0.0,0.0,0.0,0.0,0.0,9.81
2.585,0.0,-44.85352812575197,0.0,5.848023370873309,0.0,-9.765786206987471,0.0,-11.31756334648997,0.0,4.86735841648897,0.0,-8.517330741543722,0.0,0.0,0.0,0.0,0.0,9.81
2.59,0.0,-41.19925054512574,0.0,5.41703975471624,0.0,-9.922777708044345,0.0,-13.484517087534316,0.0,5.030147907406106,0.0,-8.422215437756206,0.0,0.0,0.0,0.0,0.0,9.81
2.595,0.0,-37.397911048929,0.0,4.955839406600144,0.0,-10.040416248267547,0.0,-15.680916234028649,0.0,5.188272445529345,0.0,-8.325738994522823,0.0,0.0,0.0,0.0,0.0,9.81
2.6,0.0,-33.48036870315912,0.0,4.468920855305119,0.0,-10.11594399427266,0.0,-17.898509011341936,0.0,5.341321533300816,0.0,-8.228388965290815,0.0,0.0,0.0,0.0,0.0,9.81
2.605,0.0,-29.483509165343328,0.0,3.9618994412725574,0.0,-10.147435389271463,0.0,-20.125614781604682,0.0,5.488906744669931,0.0,-8.13068283330472,0.0,0.0,0.0,0.0,0.0,9.81
2.61,0.0,-25.449472604734037,0.0,3.4413533999933246,0.0,-10.133991762157741,0.0,-22.347342378689053,0.0,5.6306641340035215,0.0,-8.033163877854442,0.0,0.0,0.0,0.0,0.0,9.81
2.615,0.0,-21.4243339693141,0.0,2.9145843127839357,0.0,-10.075903483432228,0.0,-24.546111513342773,0.0,5.766256705462507,0.0,-7.936396157379129,0.0,0.0,0.0,0.0,0.0,9.81
2.62,0.0,-17.456296335421435,0.0,2.3893036576969173,0.0,-9.974756310088528,0.0,-26.702451902195858,0.0,5.895376772977435,0.0,-7.840958674732389,0.0,0.0,0.0,0.0,0.0,9.81
2.625,0.0,-13.59353716351508,0.0,1.8732691074309016,0.0,-9.83346285854076,0.0,-28.796013897561625,0.0,6.01774801539661,0.0,-7.747438862343575,0.0,0.0,0.0,0.0,0.0,9.81
2.63,0.0,-9.881913227056941,0.0,1.3739038386191493,0.0,-9.656208303704382,0.0,-30.806689484114468,0.0,6.133127027420633,0.0,-7.65642559115801,0.0,0.0,0.0,0.0,0.0,9.81
2.6350000000000002,0.0,-6.36276629273976,0.0,0.8979370047475999,0.0,-9.44831020622441,0.0,-32.715722016620646,0.0,6.241304187315054,0.0,-7.56850195696848,0.0,0.0,0.0,0.0,0.0,9.81
2.64,0.0,-3.0710677769385164,0.0,0.45110220464848794,0.0,-9.216003770998073,0.0,-34.50668258018865,0.0,6.3421037058791105,0.0,-7.484238122907243,0.0,0.0,0.0,0.0,0.0,9.81
2.645,0.0,-0.0340958452542921,0.0,0.03792327248114091,0.0,-8.966173496661769,0.0,-36.166211078132235,0.0,6.435382782467397,0.0,-7.404184493160343,0.0,0.0,0.0,0.0,0.0,9.81
2.65,0.0,2.729237578518699,0.0,-0.338395398518424,0.0,-8.706058132566682,0.0,-37.68445655872618,0.0,6.521029864652336,0.0,-7.328865460977719,0.0,0.0,0.0,0.0,0.0,9.81
2.6550000000000002,0.0,5.208382617263666,0.0,-0.675970855803477,0.0,-8.442957110703771,0.0,-39.05519553509564,0.0,6.598962078688551,0.0,-7.25877391905014,0.0,0.0,0.0,0.0,0.0,9.81
2.66,0.0,7.400528105099305,0.0,-0.9741458915575021,0.0,-8.183963334135154,0.0,-40.275649638728034,0.0,6.669121959303071,0.0,-7.194366650942664,0.0,0.0,0.0,0.0,0.0,9.81
2.665,0.0,9.309482094196994,0.0,-1.2333154855122088,0.0,-7.93574055448416,0.0,-41.346057016728594,0.0,6.731473652895688,0.0,-7.136060648525715,0.0,0.0,0.0,0.0,0.0,9.81
2.67,0.0,10.944215390064677,0.0,-1.4547005911553732,0.0,-7.70435527958775,0.0,-42.2690710696594,0.0,6.785998794742714,0.0,-7.084230331568376,0.0,0.0,0.0,0.0,0.0,9.81
2.6750000000000003,0.0,12.317234372033546,0.0,-1.6400953510917735,0.0,-7.495164949718965,0.0,-43.04906500136527,0.0,6.832692268390142,0.0,-7.03920558896885,0.0,0.0,0.0,0.0,0.0,9.81
2.68,0.0,13.442933119336722,0.0,-1.7916111496701772,0.0,-7.312757330059458,0.0,-43.691413912352985,0.0,6.871558046917741,0.0,-7.001270520624503,0.0,0.0,0.0,0.0,0.0,9.81
2.685,0.0,14.336044361144786,0.0,-1.911436078892973,0.0,-7.16093140733302,0.0,-44.20181216681698,0.0,6.902605295548475,0.0,-6.970662735869507,0.0,0.0,0.0,0.0,0.0,9.81
2.69,0.0,15.01027327100072,0.0,-2.0016228332832555,0.0,-7.042707686393969,0.0,-44.5856670288447,0.0,6.92584488798803,0.0,-6.94757305757618,0.0,0.0,0.0,0.0,0.0,9.81
2.695,0.0,15.477165042163158,0.0,-2.063912894845889,0.0,-6.9603553760240215,0.0,-44.84759375358605,0.0,6.941286459226413,0.0,-6.932145487813488,0.0,0.0,0.0,0.0,0.0,9.81
2.7,0.0,15.745231131293103,0.0,-2.0996008243419677,0.0,-6.915425041078482,0.0,-44.99102474510289,0.0,6.948936088562214,0.0,-6.924477308180979,0.0,0.0,0.0,0.0,0.0,9.81
2.705,0.0,15.81934189907588,0.0,-2.1094398190444914,0.0,-6.908777362185545,0.0,-45.01793701479909,0.0,6.948794680264239,0.0,-6.924619212474138,0.0,0.0,0.0,0.0,0.0,9.81
2.71,0.0,15.70038476426712,0.0,-2.0935883719264,0.0,-6.94060125638174,0.0,-44.92869787268108,0.0,6.940857086254251,0.0,-6.932575398565685,0.0,0.0,0.0,0.0,0.0,9.81
2.715,0.0,15.385185102350732,0.0,-2.0515975880568753,0.0,-7.010417482259589,0.0,-44.72202770865135,0.0,6.925111995127643,0.0,-6.948303578323602,0.0,0.0,0.0,0.0,0.0,9.81
2.72,0.0,14.866689295546756,0.0,-1.9824390657243496,0.0,-7.117066821109715,0.0,-44.39507960283681,0.0,6.901542593629963,0.0,-6.97171489762101,0.0,0.0,0.0,0.0,0.0,9.81
2.725,0.0,14.13441251510693,0.0,-1.88457375606078,0.0,-7.2586849158901146,0.0,-43.94363687495694,0.0,6.870127988856257,0.0,-7.00267379198519,0.0,0.0,0.0,0.0,0.0,9.81
2.73,0.0,13.175154835699317,0.0,-1.7560623850967398,0.0,-7.432668808692926,0.0,-43.36243002904386,0.0,6.830845360316401,0.0,-7.0409978362295105,0.0,0.0,0.0,0.0,0.0,9.81
2.735,0.0,11.973985164497677,0.0,-1.5947173925479312,0.0,-7.635643043858109,0.0,-42.64557244359052,0.0,6.7836727892160384,0.0,-7.086457677349377,0.0,0.0,0.0,0.0,0.0,9.81
2.74,0.0,10.51548075610095,0.0,-1.3982945293874216,0.0,-7.863435691071771,0.0,-41.78710842976798,0.0,6.72859268699553,0.0,-7.13877716740722,0.0,0.0,0.0,0.0,0.0,9.81
2.745,0.0,8.785189364511702,0.0,-1.1647190394898506,0.0,-8.111076443139368,0.0,-40.78165727893168,0.0,6.665595716383315,0.0,-7.197633834821654,0.0,0.0,0.0,0.0,0.0,9.81
2.75,0.0,6.771251678302512,0.0,-0.892336774473801,0.0,-8.372829577677043,0.0,-39.625122847010616,0.0,6.5946850671555435,0.0,-7.262659845534153,0.0,0.0,0.0,0.0,0.0,9.81
2.755,0.0,4.466086377750877,0.0,-0.5801750781795149,0.0,-8.64227350224412,0.0,-38.31542148335662,0.0,6.5158809179915895,0.0,-7.3334436067046305,0.0,0.0,0.0,0.0,0.0,9.81
2.7600000000000002,0.0,1.868004631764542,0.0,-0.22819269775217854,0.0,-8.912435374430126,0.0,-36.85316452375,0.0,6.429224889123223,0.0,-7.40953215178381,0.0,0.0,0.0,0.0,0.0,9.81
2.765,0.0,-1.017406539925524,0.0,0.1625063874175532,0.0,-9.175983734134478,0.0,-35.24221922321964,0.0,6.334784272697036,0.0,-7.490434414845524,0.0,0.0,0.0,0.0,0.0,9.81
2.77,0.0,-4.1763022116845505,0.0,0.5895219875114468,0.0,-9.425474531469554,0.0,-33.49006859680075,0.0,6.232655823937115,0.0,-7.575625453591246,0.0,0.0,0.0,0.0,0.0,9.81
2.775,0.0,-7.586152280645344,0.0,1.0490939697871475,0.0,-9.653637331659024,0.0,-31.60790021918907,0.0,6.122968910498543,0.0,-7.664551616778349,0.0,0.0,0.0,0.0,0.0,9.81
2.7800000000000002,0.0,-11.215975317912449,0.0,1.5361430803769587,0.0,-9.853680357826734,0.0,-29.61037845410545,0.0,6.005887851966021,0.0,-7.756636578387351,0.0,0.0,0.0,0.0,0.0,9.81
2.785,0.0,-15.027265302206802,0.0,2.044422231364397,0.0,-10.019587220394417,0.0,-27.515092123198972,0.0,5.881613335271655,0.0,-7.851288085891893,0.0,0.0,0.0,0.0,0.0,9.81
2.79,0.0,-18.97555215529988,0.0,2.5667701074084093,0.0,-10.146376314705618,0.0,-25.341714540017232,0.0,5.750382860242307,0.0,-7.9479052035421915,0.0,0.0,0.0,0.0,0.0,9.81
2.795,0.0,-23.012447481120756,0.0,3.0954448840554702,0.0,-10.230296844891956,0.0,-23.110956297648634,0.0,5.612470244620787,0.0,-8.04588578355843,0.0,0.0,0.0,0.0,0.0,9.81
2.8000000000000003,0.0,-27.08795817679318,0.0,3.622504767663879,0.0,-10.268943019390209,0.0,-20.843423587299654,0.0,5.468184289826402,0.0,-8.144633876276668,0.0,0.0,0.0,0.0,0.0,9.81
2.805,0.0,-31.152818093616244,0.0,4.140196395503573,0.0,-10.26127875449659,0.0,-18.558508655957116,0.0,5.317866767492632,0.0,-8.243566798248468,0.0,0.0,0.0,0.0,0.0,9.81
2.81,0.0,-35.16059820427597,0.0,4.641312988911456,0.0,-10.20757699832868,0.0,-16.2734313574312,0.0,5.16188992458458,0.0,-8.342121613696133,0.0,0.0,0.0,0.0,0.0,9.81
2.815,0.0,-39.06940444821515,0.0,5.119491008320484,0.0,-10.109288166973514,0.0,-14.002524125335416,0.0,5.000653717491431,0.0,-8.439760843455282,0.0,0.0,0.0,0.0,0.0,9.81
2.82,0.0,-42.843046234071885,0.0,5.569424994372598,0.0,-9.968859301761764,0.0,-11.7568140490833,0.0,4.834582973092486,0.0,-8.535977287171995,0.0,0.0,0.0,0.0,0.0,9.81
2.825,0.0,-46.45163978074314,0.0,5.986992651125761,0.0,-9.789528514060667,0.0,-9.543914060201859,0.0,4.6641246415030615,0.0,-8.63029791844967,0.0,0.0,0.0,0.0,0.0,9.81
2.83,0.0,-49.87168246121217,0.0,6.369293485330769,0.0,-9.575118240593248,0.0,-7.36819884262821,0.0,4.4897452577293775,0.0,-8.722286879215911,0.0,0.0,0.0,0.0,0.0,9.81
2.835,0.0,-53.08568566390429,0.0,6.714612641472732,0.0,-9.329846757490772,0.0,-5.2312155447753526,0.0,4.31192867545031,0.0,-8.811547651739502,0.0,0.0,0.0,0.0,0.0,9.81
2.84,0.0,-56.0814798717106,0.0,7.022326162839304,0.0,-9.058171649183691,0.0,-3.132266755108507,0.0,4.131174082636399,0.0,-8.897724520752666,0.0,0.0,0.0,0.0,0.0,9.81
2.845,0.0,-58.851308316133135,0.0,7.292764902548855,0.0,-8.764672814803735,0.0,-1.0691024666030193,0.0,3.9479942610604337,0.0,-8.980503453553075,0.0,0.0,0.0,0.0,0.0,9.81
2.85,0.0,-61.39081032657431,0.0,7.5270524798302985,0.0,-8.453977107555389,0.0,0.9613341069953094,0.0,3.762914013139157,0.0,-9.059612524844312,0.0,0.0,0.0,0.0,0.0,9.81
2.855,0.0,-63.6979694877992,0.0,7.726929068056573,0.0,-8.130722385293486,0.0,2.9621486789264377,0.0,3.5764686510711723,0.0,-9.134821999049816,0.0,0.0,0.0,0.0,0.0,9.81
2.86,0.0,-65.77207157477822,0.0,7.8945684186923675,0.0,-7.799555733004473,0.0,4.935752687867987,0.0,3.3892024243259815,0.0,-9.20594416012492,0.0,0.0,0.0,0.0,0.0,9.81
2.865,0.0,-67.61268799711026,0.0,8.032391163425155,0.0,-7.4651587266634385,0.0,6.8831470210551124,0.0,3.20166675050303,0.0,-9.272832951558316,0.0,0.0,0.0,0.0,0.0,9.81
2.87,0.0,-69.21867536103774,0.0,8.142873625504604,0.0,-7.132291497210342,0.0,8.803232810191497,0.0,3.014418109159165,0.0,-9.335383460739015,0.0,0.0,0.0,0.0,0.0,9.81
2.875,0.0,-70.5871624617024,0.0,8.228348417877674,0.0,-6.805846614934719,0.0,10.692140425486734,0.0,2.828015456020112,0.0,-9.393531254780163,0.0,0.0,0.0,0.0,0.0,9.81
2.88,0.0,-71.71248343959343,0.0,8.290791186244759,0.0,-6.490903052309436,0.0,12.542562291108311,0.0,2.6430170138852,0.0,-9.447251551012009,0.0,0.0,0.0,0.0,0.0,9.81
2.8850000000000002,0.0,-72.58501080043033,0.0,8.331587126635295,0.0,-6.192769357108329,0.0,14.34307358737854,0.0,2.459976294821363,0.0,-9.49655818572606,0.0,0.0,0.0,0.0,0.0,9.81
2.89,0.0,-73.18984603577596,0.0,8.351271620548852,0.0,-5.917003422830158,0.0,16.077428114210186,0.0,2.279437204970072,0.0,-9.541502329839108,0.0,0.0,0.0,0.0,0.0,9.81
2.895,0.0,-73.50534162810786,0.0,8.349241936458741,0.0,-5.669393749501964,0.0,17.723826143474046,0.0,2.101928078564129,0.0,-9.582170890005862,0.0,0.0,0.0,0.0,0.0,9.81
2.9,0.0,-73.50146120689134,0.0,8.323442179778018,0.0,-5.455883913057363,0.0,19.254169591109953,0.0,1.9279544832153013,0.0,-9.618684528140358,0.0,0.0,0.0,0.0,0.0,9.81
2.9050000000000002,0.0,-73.1380417445279,0.0,8.27003259146288,0.0,-5.282418512188869,0.0,20.633351019146527,0.0,1.7579906380807255,0.0,-9.6511952309867,0.0,0.0,0.0,0.0,0.0,9.81
2.91,0.0,-72.36311195642284,0.0,8.183068198808568,0.0,-5.154686111674421,0.0,21.81867134575827,0.0,1.5924692972407928,0.0,-9.679883364002322,0.0,0.0,0.0,0.0,0.0,9.81
2.915,0.0,-71.11155323602748,0.0,8.054231931415178,0.0,-5.077734511163093,0.0,22.759550774652404,0.0,1.4317699839384899,0.0,-9.704954150238505,0.0,0.0,0.0,0.0,0.0,9.81
2.92,0.0,-69.30456686515751,0.0,7.872694001011758,0.0,-5.055439128476335,0.0,23.397789162290962,0.0,1.2762055339434466,0.0,-9.726633525316004,0.0,0.0,0.0,0.0,0.0,9.81
2.9250000000000003,0.0,-66.85062200676904,0.0,7.625200666017122,0.0,-5.08982087034957,0.0,23.66873807511298,0.0,1.126007040316691,0.0,-9.745163334724666,0.0,0.0,0.0,0.0,0.0,9.81
2.93,0.0,-63.64876047064059,0.0,7.296524946593916,0.0,-5.1802409321885765,0.0,23.50384272824143,0.0,0.9813075127159648,0.0,-9.760795860974508,0.0,0.0,0.0,0.0,0.0,9.81
2.935,0.0,-59.59523444829798,0.0,6.870425677288194,0.0,-5.322550870919283,0.0,22.835047355345147,0.0,0.8421248947187322,0.0,-9.773787697856788,0.0,0.0,0.0,0.0,0.0,9.81
2.94,0.0,-54.59430009780252,0.0,6.331237053851719,0.0,-5.508346246390671,0.0,21.601450996926435,0.0,0.7083455297520641,0.0,-9.784393030143061,0.0,0.0,0.0,0.0,0.0,9.81
2.945,0.0,-48.57339069048648,0.0,5.6661205986753576,0.0,-5.7245488158141615,0.0,19.758252197125106,0.0,0.5797097023545572,0.0,-9.792856432295832,0.0,0.0,0.0,0.0,0.0,9.81
2.95,0.0,-41.501699116207156,0.0,4.867834146584511,0.0,-5.953595563166164,0.0,17.287357734918814,0.0,0.45580142021717,0.0,-9.799405370443713,0.0,0.0,0.0,0.0,0.0,9.81
2.955,0.0,-33.409468532075735,0.0,3.937617569681973,0.0,-6.174495045894199,0.0,14.20809320391009,0.0,0.3360449824946723,0.0,-9.804242675270897,0.0,0.0,0.0,0.0,0.0,9.81
2.96,0.0,-24.403476814575022,0.0,2.887530017479982,0.0,-6.364873454776911,0.0,10.585495600861472,0.0,0.2197108772423063,0.0,-9.807539340150324,0.0,0.0,0.0,0.0,0.0,9.81
2.965,0.0,-14.673211090251364,0.0,1.7414308964586396,0.0,-6.503859948837977,0.0,6.533179426951185,0.0,0.1059329414819569,0.0,-9.809428071043792,0.0,0.0,0.0,0.0,0.0,9.81
2.97,0.0,-4.48311424100109,0.0,0.5339289315776488,0.0,-6.575315356242024,0.0,2.208305025263626,0.0,-0.006262606229598081,0.0,-9.809998048074057,0.0,0.0,0.0,0.0,0.0,9.81
2.975,0.0,5.8504674732336355,0.0,-0.6929005001941615,0.0,-6.570637828023027,0.0,-2.20201392678371,0.0,-0.1179175514570023,0.0,-9.80929132927643,0.0,0.0,0.0,0.0,0.0,9.81
2.98,0.0,15.994191623575457,0.0,-1.8945270165278079,0.0,-6.49035505355816,0.0,-6.500890298960761,0.0,-0.23009482205200602,0.0,-9.807301222274175,0.0,0.0,0.0,0.0,0.0,9.81
2.985,0.0,25.636719428242795,0.0,-3.0295742731705255,0.0,-6.344013481540617,0.0,-10.504109010636054,0.0,-0.34382927742079283,0.0,-9.803972778318702,0.0,0.0,0.0,0.0,0.0,9.81
2.99,0.0,34.522459580794546,0.0,-4.0646638919189275,0.0,-6.1484001098360395,0.0,-14.059656434022871,0.0,-0.4600815831561575,0.0,-9.799205357426498,0.0,0.0,0.0,0.0,0.0,9.81
2.995,0.0,42.47273528899957,0.0,-4.977426599268777,0.0,-5.924640647380972,0.0,-17.060252731336796,0.0,-0.5796999121349704,0.0,-9.792857018784535,0.0,0.0,0.0,0.0,0.0,9.81
3.0,0.0,49.39157331118258,0.0,-5.757270972617848,0.0,-5.694979018626357,0.0,-19.447266200959902,0.0,-0.7033925482316229,0.0,-9.784750348586654,0.0,0.0,0.0,0.0,0.0,9.81
3.005,0.0,55.258023128019246,0.0,-6.404187554740989,0.0,-5.479980476005366,0.0,-21.206971129146833,0.0,-0.8317124084426818,0.0,-9.774679269956373,0.0,0.0,0.0,0.0,0.0,9.81
3.0100000000000002,0.0,60.10987165540578,0.0,-6.926299929232825,0.0,-5.296610676278084,0.0,-22.361763427218506,0.0,-0.9650526538583666,0.0,-9.762416384352886,0.0,0.0,0.0,0.0,0.0,9.81
3.015,0.0,64.02421613359215,0.0,-7.336964514697121,0.0,-5.1573003659816035,0.0,-22.959328418413197,0.0,-1.1036513273943922,0.0,-9.74772045086428,0.0,0.0,0.0,0.0,0.0,9.81
3.02,0.0,67.09920089563497,0.0,-7.652053756451432,0.0,-5.069848243774712,0.0,-23.06217262681711,0.0,-1.2476024363646463,0.0,-9.730343693039902,0.0,0.0,0.0,0.0,0.0,9.81
3.025,0.0,69.43937834497173,0.0,-7.887787592713703,0.0,-5.03789381426599,0.0,-22.738952518692088,0.0,-1.396870960146665,0.0,-9.710038710198402,0.0,0.0,0.0,0.0,0.0,9.81
3.0300000000000002,0.0,71.14547648366889,0.0,-8.059230836078013,0.0,-5.061686251319507,0.0,-22.058121520460716,0.0,-1.5513096773808266,0.0,-9.686564847648938,0.0,0.0,0.0,0.0,0.0,9.81
3.035,0.0,72.30824063499716,0.0,-8.179408370929622,0.0,-5.138933852763891,0.0,-21.08379453840622,0.0,-1.7106762548839762,0.0,-9.659693942335782,0.0,0.0,0.0,0.0,0.0,9.81
3.04,0.0,73.00548549831723,0.0,-8.25890981457462,0.0,-5.265595680871994,0.0,-19.873416997215223,0.0,-1.8746495701424342,0.0,-9.629215406988614,0.0,0.0,0.0,0.0,0.0,9.81
3.045,0.0,73.30138327423833,0.0,-8.305837452364736,0.0,-5.436544812613063,0.0,-18.476742547681773,0.0,-2.0428446731780197,0.0,-9.59494064956348,0.0,0.0,0.0,0.0,0.0,9.81
3.0500000000000003,0.0,73.24713401947494,0.0,-8.325968138963324,0.0,-5.646080828708476,0.0,-16.935670681749034,0.0,-2.2148261098307627,0.0,-9.556706848854446,0.0,0.0,0.0,0.0,0.0,9.81
3.055,0.0,72.88237090384114,0.0,-8.323030108124977,0.0,-5.888297934015537,0.0,-15.284594943559384,0.0,-2.390119537328108,0.0,-9.514380124430742,0.0,0.0,0.0,0.0,0.0,9.81
3.06,0.0,72.23686090608052,0.0,-8.299026564951411,0.0,-6.157329071330533,0.0,-13.551017529683055,0.0,-2.568221687968189,0.0,-9.46785815144089,0.0,0.0,0.0,0.0,0.0,9.81
3.065,0.0,71.33223304154133,0.0,-8.254563771071899,0.0,-6.447490874091284,0.0,-11.756275075333757,0.0,-2.748608803105876,0.0,-9.417072279419306,0.0,0.0,0.0,0.0,0.0,9.81
3.0700000000000003,0.0,70.18359230391953,0.0,-8.189160544607667,0.0,-6.753353598580611,0.0,-9.916287080758837,0.0,-2.9307436888634006,0.0,-9.361989219479177,0.0,0.0,0.0,0.0,0.0,9.81
3.075,0.0,68.80096264362452,0.0,-8.10152923345158,0.0,-7.069757194585445,0.0,-8.042284225751148,0.0,-3.114081553087155,0.0,-9.302612366190077,0.0,0.0,0.0,0.0,0.0,9.81
3.08,0.0,67.19055554101192,0.0,-7.989826554508525,0.0,-7.391791138096494,0.0,-6.141503029695656,0.0,-3.298074780847187,0.0,-9.238982818790127,0.0,0.0,0.0,0.0,0.0,9.81
3.085,0.0,65.35589101152121,0.0,-7.851877518240825,0.0,-7.714752443991566,0.0,-4.217850441333683,0.0,-3.482176799875641,0.0,-9.171180160848293,0.0,0.0,0.0,0.0,0.0,9.81
3.09,0.0,63.29881224657264,0.0,-7.685378013694732,0.0,-8.03409375586252,0.0,-2.2725506401181867,0.0,-3.6658451813739643,0.0,-9.099323047782372,0.0,0.0,0.0,0.0,0.0,9.81
3.095,0.0,61.02043835771993,0.0,-7.488082233175646,0.0,-8.34537162030416,0.0,-0.3047891453233804,0.0,-3.848544117092269,0.0,-9.023569637602575,0.0,0.0,0.0,0.0,0.0,9.81
3.1,0.0,58.52209474786497,0.0,-7.2579804124843195,0.0,-8.644203863759286,0.0,1.687632185028603,0.0,-4.029746410588644,0.0,-8.944117881990756,0.0,0.0,0.0,0.0,0.0,9.81
3.105,0.0,55.806249035118086,0.0,-6.993470605423243,0.0,-8.926244165586366,0.0,3.7076206910806544,0.0,-4.208935118254519,0.0,-8.86120567281753,0.0,0.0,0.0,0.0,0.0,9.81
3.11,0.0,52.8774630624822,0.0,-6.693525558927609,0.0,-9.187181156547076,0.0,5.758098468295253,0.0,-4.385604972552733,0.0,-8.77511081442573,0.0,0.0,0.0,0.0,0.0,9.81
3.115,0.0,49.74334918415598,0.0,-6.357852372399156,0.0,-9.422768319992512,0.0,7.841298137677305,0.0,-4.559263714066923,0.0,-8.686150766081944,0.0,0.0,0.0,0.0,0.0,9.81
3.12,0.0,46.41549321812995,0.0,-5.987038778851388,0.0,-9.628889280225845,0.0,9.958071669512403,0.0,-4.72943344834546,0.0,-8.594682074243817,0.0,0.0,0.0,0.0,0.0,9.81
3.125,0.0,42.910279897797096,0.0,-5.582676024664411,0.0,-9.80166043018426,0.0,12.107248363833044,0.0,-4.895652126197866,0.0,-8.501099393731844,0.0,0.0,0.0,0.0,0.0,9.81
3.13,0.0,39.249533560992575,0.0,-5.1474451146745475,0.0,-9.937569124149546,0.0,14.285089856621592,0.0,-5.057475220613032,0.0,-8.405833984071736,0.0,0.0,0.0,0.0,0.0,9.81
3.1350000000000002,0.0,35.4608727380664,0.0,-4.685151474286644,0.0,-10.033640936554718,0.0,16.484897460188783,0.0,-5.214477639301107,0.0,-8.309351565853405,0.0,0.0,0.0,0.0,0.0,9.81
3.14,0.0,31.57767826736852,0.0,-4.200693742950506,0.0,-10.087624203470954,0.0,18.696827135553836,0.0,-5.366255869900177,0.0,-8.21214943509387,0.0,0.0,0.0,0.0,0.0,9.81
3.145,0.0,27.638595480429824,0.0,-3.6999561306387054,0.0,-10.098175028696694,0.0,20.907957318439113,0.0,-5.512430307770271,0.0,-8.114752763139238,0.0,0.0,0.0,0.0,0.0,9.81
3.15,0.0,23.68653359094671,0.0,-3.1896207096941604,0.0,-10.065022246501218,0.0,23.10263362061264,0.0,-5.652647668479776,0.0,-8.017710055290006,0.0,0.0,0.0,0.0,0.0,9.81
3.1550000000000002,0.0,19.767186398671186,0.0,-2.67690557868806,0.0,-9.989090640535071,0.0,25.263083571201506,0.0,-5.786583344497196,0.0,-7.921587800014745,0.0,0.0,0.0,0.0,0.0,9.81
3.16,0.0,15.927168720050188,0.0,-2.169245568767891,0.0,-9.872562891973486,0.0,27.370258462180907,0.0,-5.913943534768282,0.0,-7.826964406372386,0.0,0.0,0.0,0.0,0.0,9.81
3.165,0.0,12.211928891612626,0.0,-1.6739419571760261,0.0,-9.718866497223576,0.0,29.404824854290073,0.0,-6.034466962663231,0.0,-7.7344235918325435,0.0,0.0,0.0,0.0,0.0,9.81
3.17,0.0,8.663644120065648,0.0,-1.1978142387177961,0.0,-9.532580614517338,0.0,31.348203073161866,0.0,-6.147926006039848,0.0,-7.6445474368102895,0.0,0.0,0.0,0.0,0.0,9.81
3.1750000000000003,0.0,5.319320210836011,0.0,-0.7468886218951163,0.0,-9.319267989265603,0.0,33.18354039689626,0.0,-6.254127093506691,0.0,-7.557909357470281,0.0,0.0,0.0,0.0,0.0,9.81
3.18,0.0,2.2092951787497483,0.0,-0.3261539006595313,0.0,-9.085246784668424,0.0,34.89651546502468,0.0,-6.352910270328154,0.0,-7.47506725890514,0.0,0.0,0.0,0.0,0.0,9.81
3.185,0.0,-0.6437086384759283,0.0,0.06059358525562461,0.0,-8.837324359357773,0.0,36.475896058739835,0.0,-6.444147899467534,0.0,-7.396557114831474,0.0,0.0,0.0,0.0,0.0,9.81
3.19,0.0,-3.224915140256556,0.0,0.41080615411560306,0.0,-8.582518435237711,0.0,37.91380907150557,0.0,-6.527742529663833,0.0,-7.322887180025747,0.0,0.0,0.0,0.0,0.0,9.81
3.1950000000000003,0.0,-5.5272193447448785,0.0,0.7231448943201291,0.0,-8.327790285356604,0.0,39.20572119966836,0.0,-6.603624024530885,0.0,-7.254532984116368,0.0,0.0,0.0,0.0,0.0,9.81
3.2,0.0,-7.550387716863412,0.0,0.9973570745132672,0.0,-8.07981012642477,0.0,40.35016378236683,0.0,-6.671746097202712,0.0,-7.191933188577615,0.0,0.0,0.0,0.0,0.0,9.81
3.205,0.0,-9.299862578735912,0.0,1.234091411194918,0.0,-7.844768115606237,0.0,41.34825969895664,0.0,-6.732082429396878,0.0,-7.135486321770771,0.0,0.0,0.0,0.0,0.0,9.81
3.21,0.0,-10.78532055306507,0.0,1.4346748538104828,0.0,-7.628236786246935,0.0,42.203121985906066,0.0,-6.784622570384862,0.0,-7.085548347344391,0.0,0.0,0.0,0.0,0.0,9.81
3.215,0.0,-12.019132277245106,0.0,1.6008739539868007,0.0,-7.435083810026485,0.0,42.91919374294673,0.0,-6.829367811508378,0.0,-7.042430974610869,0.0,0.0,0.0,0.0,0.0,9.81
3.22,0.0,-13.014850401822763,0.0,1.734660624427834,0.0,-7.269428597078464,0.0,43.501590036049826,0.0,-6.86632721882091,0.0,-7.006400588330943,0.0,0.0,0.0,0.0,0.0,9.81
3.225,0.0,-13.785823351458774,0.0,1.8379974338353433,0.0,-7.134632862778122,0.0,43.95548883761838,0.0,-6.895513984390366,0.0,-6.9776776598859875,0.0,0.0,0.0,0.0,0.0,9.81
3.23,0.0,-14.344001069129227,0.0,1.9126526937762325,0.0,-7.033313865453233,0.0,44.28560328656389,0.0,-6.916942230009774,0.0,-6.9564365005277615,0.0,0.0,0.0,0.0,0.0,9.81
3.235,0.0,-14.698971559223516,0.0,1.9600513244750308,0.0,-6.967369224526447,0.0,44.4957544597285,0.0,-6.9306243690779565,0.0,-6.94280522768322,0.0,0.0,0.0,0.0,0.0,9.81
3.24,0.0,-14.85724658567537,0.0,1.9811643094351816,0.0,-6.938003615561349,0.0,44.58855397690484,0.0,-6.936569105707718,0.0,-6.936865834271205,0.0,0.0,0.0,0.0,0.0,9.81
3.245,0.0,-14.821802195505263,0.0,1.9764375859184327,0.0,-6.945749776381264,0.0,44.56519956362824,0.0,-6.934780126000728,0.0,-6.938654275975049,0.0,0.0,0.0,0.0,0.0,9.81
3.25,0.0,-14.591873941033178,0.0,1.9457603287829408,0.0,-6.9904788103430695,0.0,44.4253837765357,0.0,-6.925255515137974,0.0,-6.948160520201145,0.0,0.0,0.0,0.0,0.0,9.81
3.255,0.0,-14.163005771381826,0.0,1.888472457538227,0.0,-7.071397517982992,0.0,44.16731551572164,0.0,-6.907987914881172,0.0,-6.965328531356539,0.0,0.0,0.0,0.0,0.0,9.81
3.2600000000000002,0.0,-13.527352954227318,0.0,1.8034114255987757,0.0,-7.187033299746646,0.0,43.787854466555125,0.0,-6.882965418124225,0.0,-6.990056198835667,0.0,0.0,0.0,0.0,0.0,9.81
3.265,0.0,-12.674240231751284,0.0,1.6889984945726229,0.0,-7.335209970345702,0.0,43.28275887052059,0.0,-6.850173178888629,0.0,-7.022195245660644,0.0,0.0,0.0,0.0,0.0,9.81
3.27,0.0,-11.590973923167944,0.0,1.5433643211893016,0.0,-7.513020518045847,0.0,42.647045687808266,0.0,-6.809595696295529,0.0,-7.061551185963627,0.0,0.0,0.0,0.0,0.0,9.81
3.275,0.0,-10.263898436861417,0.0,1.364512412582529,0.0,-7.716805271388438,0.0,41.87545813126638,0.0,-6.761219708605524,0.0,-7.107883427028719,0.0,0.0,0.0,0.0,0.0,9.81
3.2800000000000002,0.0,-8.67967200570763,0.0,1.150516579842041,0.0,-7.942145836515681,0.0,40.963027955712725,0.0,-6.705037608094129,0.0,-7.160905634543152,0.0,0.0,0.0,0.0,0.0,9.81
3.285,0.0,-6.826713099476876,0.0,0.8997448876182127,0.0,-8.18388616173747,0.0,39.905708668343976,0.0,-6.641051259957847,0.0,-7.220286495630973,0.0,0.0,0.0,0.0,0.0,9.81
3.29,0.0,-4.6967395321230825,0.0,0.6110980052957564,0.0,-8.436191721139785,0.0,38.70104182764744,0.0,-6.569276080383191,0.0,-7.285651020347115,0.0,0.0,0.0,0.0,0.0,9.81
3.295,0.0,-2.2862908122547694,0.0,0.28424492954263947,0.0,-8.692655663002776,0.0,37.348803835757394,0.0,-6.4897452032863665,0.0,-7.356582515748874,0.0,0.0,0.0,0.0,0.0,9.81
3.3000000000000003,0.0,0.40190276662418967,0.0,-0.08016524224398103,0.0,-8.946456602076623,0.0,35.85156827884599,0.0,-6.402513545941353,0.0,-7.432625345146521,0.0,0.0,0.0,0.0,0.0,9.81
3.305,0.0,3.357855376958245,0.0,-0.48033921144156144,0.0,-9.190566669429565,0.0,34.21511285775495,0.0,-6.307661575116476,0.0,-7.513288547690945,0.0,0.0,0.0,0.0,0.0,9.81
3.31,0.0,6.5637105443607275,0.0,-0.9132460638307947,0.0,-9.418001092707236,0.0,32.448604065335466,0.0,-6.2052985814387345,0.0,-7.598050341190396,0.0,0.0,0.0,0.0,0.0,9.81
3.315,0.0,9.993689625712378,0.0,-1.3746129006803278,0.0,-9.62209310857343,0.0,30.564509408764128,0.0,-6.095565293135694,0.0,-7.6863634676766,0.0,0.0,0.0,0.0,0.0,9.81
3.3200000000000003,0.0,13.614661011775931,0.0,-1.8590192407908457,0.0,-9.796771914227588,0.0,28.578215902605056,0.0,-5.978635701343747,0.0,-7.777661273124759,0.0,0.0,0.0,0.0,0.0,9.81
3.325,0.0,17.387311760126963,0.0,-2.360088303278974,0.0,-9.936818163990598,0.0,26.50737116587451,0.0,-5.854718025088666,0.0,-7.871364348228866,0.0,0.0,0.0,0.0,0.0,9.81
3.33,0.0,21.267822476268833,0.0,-2.8707606524812563,0.0,-10.038072283882041,0.0,24.371003084196495,0.0,-5.7240548090878915,0.0,-7.966887505256891,0.0,0.0,0.0,0.0,0.0,9.81
3.335,0.0,25.209876402126234,0.0,-3.3836245574655335,0.0,-10.097575841227796,0.0,22.188507434676406,0.0,-5.586922213689352,0.0,-8.063646834647153,0.0,0.0,0.0,0.0,0.0,9.81
3.34,0.0,29.16679004860122,0.0,-3.8912701524465194,0.0,-10.113634582067835,0.0,19.978612674513155,0.0,-5.4436286147468875,0.0,-8.161066579155154,0.0,0.0,0.0,0.0,0.0,9.81
3.345,0.0,33.09354457946215,0.0,-4.386632582548378,0.0,-10.085801897030047,0.0,17.75843290031692,0.0,-5.294512674221278,0.0,-8.258585583915615,0.0,0.0,0.0,0.0,0.0,9.81
3.35,0.0,36.94852498632842,0.0,-4.8632929704906305,0.0,-10.014791358286482,0.0,15.54270386875783,0.0,-5.139941064563981,0.0,-8.35566312428282,0.0,0.0,0.0,0.0,0.0,9.81
3.355,0.0,40.69482971217852,0.0,-5.315714109555135,0.0,-9.902334729652765,0.0,13.343267302137164,0.0,-4.980306029813695,0.0,-8.451783972718578,0.0,0.0,0.0,0.0,0.0,9.81
3.36,0.0,44.30108292206238,0.0,-5.739398237777111,0.0,-9.751006298158861,0.0,11.168832609061727,0.0,-4.8160229457553605,0.0,-8.546462632297096,0.0,0.0,0.0,0.0,0.0,9.81
3.365,0.0,47.74174997079348,0.0,-6.130964789318238,0.0,-9.564035206727837,0.0,9.02501025589204,0.0,-4.647528005241889,0.0,-8.63924672849047,0.0,0.0,0.0,0.0,0.0,9.81
3.37,0.0,50.99701153285808,0.0,-6.488154740736729,0.0,-9.345125192814505,0.0,6.914583395953776,0.0,-4.475276109190983,0.0,-8.729719605268585,0.0,0.0,0.0,0.0,0.0,9.81
3.375,0.0,54.05228641840438,0.0,-6.809773931440318,0.0,-9.098296780471445,0.0,4.837967313390693,0.0,-4.299738995316048,0.0,-8.817502211302095,0.0,0.0,0.0,0.0,0.0,9.81
3.38,0.0,56.897506071155576,0.0,-7.095590251425106,0.0,-8.827761703387264,0.0,2.793800190800906,0.0,-4.121403590807991,0.0,-8.902254385232338,0.0,0.0,0.0,0.0,0.0,9.81
3.3850000000000002,0.0,59.52623831623769,0.0,-7.346199253560774,0.0,-8.537834163358514,0.0,0.779611885265675,0.0,-3.940770535760752,0.0,-8.983675656186726,0.0,0.0,0.0,0.0,0.0,9.81
3.39,0.0,61.93473967162318,0.0,-7.562870353962467,0.0,-8.232879126556465,0.0,-1.2074731356040296,0.0,-3.7583527930837897,0.0,-9.061505669438416,0.0,0.0,0.0,0.0,0.0,9.81
3.395,0.0,64.12099047697542,0.0,-7.747382227761094,0.0,-7.9172945302231925,0.0,-3.1700298852390727,0.0,-3.5746742382740413,0.0,-9.135524330795842,0.0,0.0,0.0,0.0,0.0,9.81
3.4,0.0,66.0837403632215,0.0,-7.9018520800779894,0.0,-7.595522003063397,0.0,-5.109641909034629,0.0,-3.3902681077938177,0.0,-9.205551740659661,0.0,0.0,0.0,0.0,0.0,9.81
3.4050000000000002,0.0,67.82156684593181,0.0,-8.028559760509674,0.0,-7.272079271045598,0.0,-7.026231194324573,0.0,-3.2056751762210225,0.0,-9.271447963093307,0.0,0.0,0.0,0.0,0.0,9.81
3.41,0.0,69.33192929539814,0.0,-8.12976457116677,0.0,-6.951606496559512,0.0,-8.917405108209245,0.0,-3.0214415277695217,0.0,-9.33311264949572,0.0,0.0,0.0,0.0,0.0,9.81
3.415,0.0,70.61018542608244,0.0,-8.207510316842672,0.0,-6.638918024935089,0.0,-10.777809676100965,0.0,-2.8381157851938497,0.0,-9.390484512593526,0.0,0.0,0.0,0.0,0.0,9.81
3.42,0.0,71.64852858006739,0.0,-8.263412819626682,0.0,-6.339050053683731,0.0,-12.59847493546157,0.0,-2.656245656739637,0.0,-9.44354062584413,0.0,0.0,0.0,0.0,0.0,9.81
3.4250000000000003,0.0,72.43480256760414,0.0,-8.298423962407675,0.0,-6.057293317374923,0.0,-14.36613838608393,0.0,-2.4763736584306923,0.0,-9.492295506729759,0.0,0.0,0.0,0.0,0.0,9.81
3.43,0.0,72.95115875131336,0.0,-8.31256766419218,0.0,-5.799197800855108,0.0,-16.06253782802853,0.0,-2.2990318641184104,0.0,-9.536799930137459,0.0,0.0,0.0,0.0,0.0,9.81
3.435,0.0,73.17254108382375,0.0,-8.304646579709829,0.0,-5.570533696329762,0.0,-17.663677085274973,0.0,-2.124735530028241,0.0,-9.577139410047867,0.0,0.0,0.0,0.0,0.0,9.81
3.44,0.0,73.06502465942263,0.0,-8.271924605887936,0.0,-5.37718947650151,0.0,-19.139090260057273,0.0,-1.9539754363931123,0.0,-9.613432283877763,0.0,0.0,0.0,0.0,0.0,9.81
3.4450000000000003,0.0,72.58409988089993,0.0,-8.209800616566614,0.0,-5.224984635235568,0.0,-20.45116627248905,0.0,-1.78720879103116,0.0,-9.645827333729075,0.0,0.0,0.0,0.0,0.0,9.81
3.45,0.0,71.6730966648957,0.0,-8.111504535499018,0.0,-5.119372574232036,0.0,-21.55464997926898,0.0,-1.6248485567819742,0.0,-9.674500882207404,0.0,0.0,0.0,0.0,0.0,9.81
3.455,0.0,70.26208861676011,0.0,-7.967868903978701,0.0,-5.065010502783327,0.0,-22.39651237920271,0.0,-1.4672511095453014,0.0,-9.699653307269148,0.0,0.0,0.0,0.0,0.0,9.81
3.46,0.0,68.26780506151171,0.0,-7.76725725132068,0.0,-5.065181571060304,0.0,-22.916478794589114,0.0,-1.3147022246096924,0.0,-9.721504930959515,0.0,0.0,0.0,0.0,0.0,9.81
3.465,0.0,65.59528878016472,0.0,-7.495761618917309,0.0,-5.12107455466421,0.0,-23.0486080561657,0.0,-1.1674015492412546,0.0,-9.740291251677332,0.0,0.0,0.0,0.0,0.0,9.81
3.47,0.0,62.142212385751186,0.0,-7.137806917209488,0.0,-5.230963426804067,0.0,-22.724395635192003,0.0,-1.025445974028264,0.0,-9.75625751026091,0.0,0.0,0.0,0.0,0.0,9.81
3.475,0.0,57.80679600213835,0.0,-6.677302994709949,0.0,-5.389386128505693,0.0,-21.877869336108127,0.0,-0.8888126828131521,0.0,-9.769652609106405,0.0,0.0,0.0,0.0,0.0,9.81
3.48,0.0,52.4999861280344,0.0,-6.099441862776245,0.0,-5.586494803232011,0.0,-20.452969041882504,0.0,-0.7573431386698865,0.0,-9.780722443779753,0.0,0.0,0.0,0.0,0.0,9.81
3.485,0.0,46.161774298988966,0.0,-5.393120595446465,0.0,-5.807821105784564,0.0,-18.41305662439354,0.0,-0.6307298063776143,0.0,-9.789702761210735,0.0,0.0,0.0,0.0,0.0,9.81
3.49,0.0,38.78015832776772,0.0,-4.553766809616681,0.0,-6.034733912908841,0.0,-15.751644951821536,0.0,-0.5085079106047151,0.0,-9.796811728997282,0.0,0.0,0.0,0.0,0.0,9.81
3.495,0.0,30.4094511190713,0.0,-3.5860796850603758,0.0,-6.245813037437998,0.0,-12.502468675619555,0.0,-0.39005480049895297,0.0,-9.802242483905136,0.0,0.0,0.0,0.0,0.0,9.81
3.5,0.0,21.18302625138378,0.0,-2.505964220926036,0.0,-6.419180364860656,0.0,-8.746176095860937,0.0,-0.27459930597618365,0.0,-9.806156014629613,0.0,0.0,0.0,0.0,0.0,9.81
3.505,0.0,11.315144249546663,0.0,-1.340873886663172,0.0,-6.535526918600546,0.0,-4.6107314108981186,0.0,-0.16124263335699263,0.0,-9.808674805994464,0.0,0.0,0.0,0.0,0.0,9.81
3.5100000000000002,0.0,1.0881569084660014,0.0,-0.12802091073202057,0.0,-6.58124185852807,0.0,-0.26356776585097824,0.0,-0.04899082204972294,0.0,-9.809877704134436,0.0,0.0,0.0,0.0,0.0,9.81
3.515,0.0,-9.17475307685962,0.0,1.0895220021535084,0.0,-6.550849727054588,0.0,4.104335194632138,0.0,0.06320319611136146,0.0,-9.80979643079034,0.0,0.0,0.0,0.0,0.0,9.81
3.52,0.0,-19.146322270295364,0.0,2.2681025029003323,0.0,-6.448045381722242,0.0,8.299644405142837,0.0,0.17639181913870558,0.0,-9.808414067747629,0.0,0.0,0.0,0.0,0.0,9.81
3.525,0.0,-28.53292991913245,0.0,3.368910622201569,0.0,-6.285004176312835,0.0,12.148407633506965,0.0,0.29158441563642024,0.0,-9.80566565973561,0.0,0.0,0.0,0.0,0.0,9.81
3.5300000000000002,0.0,-37.10440077930479,0.0,4.362245857090712,0.0,-6.080182942163324,0.0,15.513394371727626,0.0,0.40970365025107547,0.0,-9.80144087888662,0.0,0.0,0.0,0.0,0.0,9.81
3.535,0.0,-44.70999068965177,0.0,5.22976939630767,0.0,-5.855264515816692,0.0,18.303736007605536,0.0,0.5315507182021184,0.0,-9.79558850161691,0.0,0.0,0.0,0.0,0.0,9.81
3.54,0.0,-51.27940648225015,0.0,5.964573461814675,0.0,-5.63204902270558,0.0,20.476147100940803,0.0,0.6577818799792093,0.0,-9.787922309796956,0.0,0.0,0.0,0.0,0.0,9.81
3.545,0.0,-56.81191979582884,0.0,6.569514632283032,0.0,-5.4299443009458255,0.0,22.029327268296097,0.0,0.7888966705191737,0.0,-9.778227962860486,0.0,0.0,0.0,0.0,0.0,9.81
3.5500000000000003,0.0,-61.358779697387305,0.0,7.0545736217142725,0.0,-5.264388144984142,0.0,22.99435961794778,0.0,0.9252365073182947,0.0,-9.766270393029114,0.0,0.0,0.0,0.0,0.0,9.81
3.555,0.0,-65.00405965933983,0.0,7.433996427597265,0.0,-5.146215383015194,0.0,23.423938120712464,0.0,1.0669914353700884,0.0,-9.751801332302474,0.0,0.0,0.0,0.0,0.0,9.81
3.56,0.0,-67.847613687533,0.0,7.723759481826905,0.0,-5.08177243940491,0.0,23.382502141627434,0.0,1.214212437072376,0.0,-9.7345666620326,0.0,0.0,0.0,0.0,0.0,9.81
3.565,0.0,-69.99199136389436,0.0,7.939633831674476,0.0,-5.073504056054341,0.0,22.938380586312938,0.0,1.366826929424689,0.0,-9.714313362335478,0.0,0.0,0.0,0.0,0.0,9.81
3.5700000000000003,0.0,-71.53367129629557,0.0,8.09590317793391,0.0,-5.120756723790537,0.0,22.158232494230948,0.0,1.5246555381597948,0.0,-9.690795915873618,0.0,0.0,0.0,0.0,0.0,9.81
3.575,0.0,-72.5580694734673,0.0,8.204655821655338,0.0,-5.220610540636975,0.0,21.103561040428296,0.0,1.6874287824786107,0.0,-9.663782083023682,0.0,0.0,0.0,0.0,0.0,9.81
3.58,0.0,-73.13740698128723,0.0,8.275513912406142,0.0,-5.36862590476576,0.0,19.828852266811225,0.0,1.8548027998436907,0.0,-9.633058012808657,0.0,0.0,0.0,0.0,0.0,9.81
3.585,0.0,-73.33050155543603,0.0,8.315659128318687,0.0,-5.559452459351209,0.0,18.380857592893328,0.0,2.0263736311104155,0.0,-9.598432688560496,0.0,0.0,0.0,0.0,0.0,9.81
3.59,0.0,-73.1837034090335,0.0,8.330036296239637,0.0,-5.787288794640674,0.0,16.798607484792928,0.0,2.20168986269111,0.0,-9.559741732107689,0.0,0.0,0.0,0.0,0.0,9.81
3.595,0.0,-72.73240479919615,0.0,8.321647271305718,0.0,-6.046204641851808,0.0,15.113846206864887,0.0,2.3802636000716295,0.0,-9.516850607989749,0.0,0.0,0.0,0.0,0.0,9.81
3.6,0.0,-72.0027480921415,0.0,8.291876580404532,0.0,-6.330347681003203,0.0,13.351677125929367,0.0,2.5615798502636817,0.0,-9.469657281640899,0.0,0.0,0.0,0.0,0.0,9.81
3.605,0.0,-71.01331213079303,0.0,8.240813772612913,0.0,-6.63405961184078,0.0,11.531288873227531,0.0,2.7451044436371035,0.0,-9.418094393722676,0.0,0.0,0.0,0.0,0.0,9.81
3.61,0.0,-69.77666778564836,0.0,8.167554407483566,0.0,-6.951924595958527,0.0,9.66669161138319,0.0,2.9302906474918564,0.0,-9.362131017254166,0.0,0.0,0.0,0.0,0.0,9.81
3.615,0.0,-68.3007670357822,0.0,8.070472990808767,0.0,-7.27877003436831,0.0,7.767432311976053,0.0,3.116584628756441,0.0,-9.301774064895334,0.0,0.0,0.0,0.0,0.0,9.81
3.62,0.0,-66.5901748040509,0.0,7.947468220008538,0.0,-7.609636302365371,0.0,5.839282698421695,0.0,3.303429920575977,0.0,-9.237069410449502,0.0,0.0,0.0,0.0,0.0,9.81
3.625,0.0,-64.64717722719269,0.0,7.796184815787425,0.0,-7.939729203606105,0.0,3.884907502234846,0.0,3.4902710427623,0.0,-9.168102781046636,0.0,0.0,0.0,0.0,0.0,9.81
3.63,0.0,-62.472810170079036,0.0,7.614217893574846,0.0,-8.26436676147756,0.0,1.904527100328358,0.0,3.676556421892746,0.0,-9.09500046428654,0.0,0.0,0.0,0.0,0.0,9.81
3.6350000000000002,0.0,-60.06785154383548,0.0,7.399305862799903,0.0,-8.578930508273121,0.0,-0.10341045126451576,0.0,3.8617407541592126,0.0,-9.017929857781231,0.0,0.0,0.0,0.0,0.0,9.81
3.64,0.0,-57.43381260462983,0.0,7.149516586209457,0.0,-8.878830474491838,0.0,-2.141536288500939,0.0,4.045286952498709,0.0,-8.93709986728461,0.0,0.0,0.0,0.0,0.0,9.81
3.645,0.0,-54.573948067795314,0.0,6.863429187670194,0.0,-9.15949233337208,0.0,-4.212841775121511,0.0,4.226667817815312,0.0,-8.852761134656197,0.0,0.0,0.0,0.0,0.0,9.81
3.65,0.0,-51.49428338934554,0.0,6.54031062472598,0.0,-9.416374262184586,0.0,-6.319939161445714,0.0,4.405367570371697,0.0,-8.765206049626892,0.0,0.0,0.0,0.0,0.0,9.81
3.6550000000000002,0.0,-48.20463115264542,0.0,6.180282168087491,0.0,-9.645019649424201,0.0,-8.464320192051886,0.0,4.580883369480577,0.0,-8.674768471831198,0.0,0.0,0.0,0.0,0.0,9.81
3.66,0.0,-44.71953945529167,0.0,5.78446664837489,0.0,-9.841149433513555,0.0,-10.645645411122123,0.0,4.752726935195969,0.0,-8.581823064768233,0.0,0.0,0.0,0.0,0.0,9.81
3.665,0.0,-41.059087433268004,0.0,5.355103371111026,0.0,-10.000794339239933,0.0,-12.861110953188781,0.0,4.920426362838477,0.0,-8.486784124899796,0.0,0.0,0.0,0.0,0.0,9.81
3.67,0.0,-37.249422200622945,0.0,4.895614832019469,0.0,-10.120462542149092,0.0,-15.104950427812183,0.0,5.083528188727318,0.0,-8.390103781039732,0.0,0.0,0.0,0.0,0.0,9.81
3.6750000000000003,0.0,-33.32292424049736,0.0,4.410608788586718,0.0,-10.197332641859878,0.0,-17.36813366253647,0.0,5.241599723605415,0.0,-8.292269445415725,0.0,0.0,0.0,0.0,0.0,9.81
3.68,0.0,-29.31790102643991,0.0,3.9058017706729604,0.0,-10.22945598545251,0.0,-19.638318222060306,0.0,5.394231620921362,0.0,-8.193800421171716,0.0,0.0,0.0,0.0,0.0,9.81
3.685,0.0,-25.277745227291803,0.0,3.3878562339400196,0.0,-10.21594746236706,0.0,-21.900091649176787,0.0,5.5410405944379795,0.0,-8.0952436125498,0.0,0.0,0.0,0.0,0.0,9.81
3.69,0.0,-21.249553240620166,0.0,2.8641330100416114,0.0,-10.15714120390139,0.0,-24.13551257011907,0.0,5.681672149549111,0.0,-7.997168341660996,0.0,0.0,0.0,0.0,0.0,9.81
3.6950000000000003,0.0,-17.28227460177897,0.0,2.3423722614377747,0.0,-10.054688332519248,0.0,-26.324920708137064,0.0,5.815803152373914,0.0,-7.9001603445018915,0.0,0.0,0.0,0.0,0.0,9.81
3.7,0.0,-13.424539536536862,0.0,1.8303276986208015,0.0,-9.911578626027584,0.0,-28.447946129148253,0.0,5.943144037259217,0.0,-7.80481509061174,0.0,0.0,0.0,0.0,0.0,9.81
3.705,0.0,-9.722373693791322,0.0,1.3353878062856213,0.0,-9.732076389769254,0.0,-30.484615202131675,0.0,6.063440452200128,0.0,-7.711730635563339,0.0,0.0,0.0,0.0,0.0,9.81
3.71,0.0,-6.217040314198886,0.0,0.8642219548785735,0.0,-9.521571660043703,0.0,-32.41643279672387,0.0,6.176474165192841,0.0,-7.621500263401074,0.0,0.0,0.0,0.0,0.0,9.81
3.715,0.0,-2.943241498438322,0.0,0.4224872554744963,0.0,-9.28635902629337,0.0,-34.227322098089026,0.0,6.2820631009271874,0.0,-7.5347051993492435,0.0,0.0,0.0,0.0,0.0,9.81
3.72,0.0,0.07213768959960731,0.0,0.014624049677117612,0.0,-9.033365577009466,0.0,-35.90432519578872,0.0,6.380060440783438,0.0,-7.451907667682736,0.0,0.0,0.0,0.0,0.0,9.81
3.725,0.0,2.8106354273969103,0.0,-0.35624430581615396,0.0,-8.769854910863101,0.0,-37.43800439794439,0.0,6.470352791168943,0.0,-7.373644536460105,0.0,0.0,0.0,0.0,0.0,9.81
3.73,0.0,5.262151563231889,0.0,-0.6883055502055552,0.0,-8.50313494103983,0.0,-38.822527689481724,0.0,6.552857496053825,0.0,-7.3004217352833365,0.0,0.0,0.0,0.0,0.0,9.81
3.735,0.0,7.424282462106852,0.0,-0.9809573812285725,0.0,-8.240293631647315,0.0,-40.05546273683451,0.0,6.627519230281406,0.0,-7.2327095629792595,0.0,0.0,0.0,0.0,0.0,9.81
3.74,0.0,9.301177727339756,0.0,-1.2346312344129122,0.0,-7.987980058069097,0.0,-41.1373349978149,0.0,6.694306054515572,0.0,-7.170938928934112,0.0,0.0,0.0,0.0,0.0,9.81
3.745,0.0,10.902077148059995,0.0,-1.4505660261004327,0.0,-7.752239979054123,0.0,-42.07102295871492,0.0,6.753205137609076,0.0,-7.115498503844498,0.0,0.0,0.0,0.0,0.0,9.81
3.75,0.0,12.239690990686043,0.0,-1.6305574529219278,0.0,-7.5384071153169625,0.0,-42.86106719766025,0.0,6.804218358147704,0.0,-7.066732699740874,0.0,0.0,0.0,0.0,0.0,9.81
3.755,0.0,13.328569444677484,0.0,-1.7767056106650598,0.0,-7.351044794432127,0.0,-43.512962676954324,0.0,6.847357986957062,0.0,-7.024940359237744,0.0,0.0,0.0,0.0,0.0,9.81
3.7600000000000002,0.0,14.183576544250336,0.0,-1.891178871889835,0.0,-7.193928199843465,0.0,-44.0324896769643,0.0,6.882642630941995,0.0,-6.9903740111545405,0.0,0.0,0.0,0.0,0.0,9.81
3.765,0.0,14.818549130618464,0.0,-1.976006516607128,0.0,-7.070055251195417,0.0,-44.42512244555233,0.0,6.9100935905969765,0.0,-6.963239542770089,0.0,0.0,0.0,0.0,0.0,9.81
3.77,0.0,15.245189397591446,0.0,-2.032907617274752,0.0,-6.981673849948802,0.0,-44.69553939842585,0.0,6.929731753161203,0.0,-6.943696145464521,0.0,0.0,0.0,0.0,0.0,9.81
3.775,0.0,15.472214556469282,0.0,-2.0631597912966826,0.0,-6.930314364541877,0.0,-44.84724669991946,0.0,6.941575113880824,0.0,-6.93185640724923,0.0,0.0,0.0,0.0,0.0,9.81
3.7800000000000002,0.0,15.504770791396588,0.0,-2.067508896527492,0.0,-6.916818301543567,0.0,-44.882319120457794,0.0,6.945636991072593,0.0,-6.927786449659237,0.0,0.0,0.0,0.0,0.0,9.81
3.785,0.0,15.344110494193721,0.0,-2.046119482832145,0.0,-6.941356702419539,0.0,-44.80125802284285,0.0,6.941924977313509,0.0,-6.931506035126669,0.0,0.0,0.0,0.0,0.0,9.81
3.79,0.0,14.987529918242657,0.0,-1.9985655364736825,0.0,-7.003434641604619,0.0,-44.60296530616819,0.0,6.930440648751981,0.0,-6.942988602321403,0.0,0.0,0.0,0.0,0.0,9.81
3.795,0.0,14.428566235818991,0.0,-1.9238613532711144,0.0,-7.101881124523627,0.0,-44.28483287513141,0.0,6.911180036175413,0.0,-6.962161219630119,0.0,0.0,0.0,0.0,0.0,9.81
3.8000000000000003,0.0,13.657455527989235,0.0,-1.8205327852402786,0.0,-7.234826615214803,0.0,-43.84294826872362,0.0,6.884134843610545,0.0,-6.988904479886605,0.0,0.0,0.0,0.0,0.0,9.81
3.805,0.0,12.661853433784579,0.0,-1.6867291497442523,0.0,-7.3996732987839415,0.0,-43.27241701473057,0.0,6.849294381335543,0.0,-7.023052391674487,0.0,0.0,0.0,0.0,0.0,9.81
3.81,0.0,11.427815212279882,0.0,-1.520375330563264,0.0,-7.59306589115833,0.0,-42.567799725979164,0.0,6.806648158949694,0.0,-7.064392352796788,0.0,0.0,0.0,0.0,0.0,9.81
3.815,0.0,9.941019590036731,0.0,-1.3193616877081615,0.0,-7.8108731312367405,0.0,-41.72365586317319,0.0,6.75618905984041,0.0,-7.112665318188926,0.0,0.0,0.0,0.0,0.0,9.81
3.8200000000000003,0.0,8.18819984786758,0.0,-1.0817661486388652,0.0,-8.04819168114144,0.0,-40.73517594834914,0.0,6.697916991134514,0.0,-7.167566295395192,0.0,0.0,0.0,0.0,0.0,9.81
3.825,0.0,6.158716785983557,0.0,-0.8060983709064223,0.0,-8.299384556974475,0.0,-39.59887018509391,0.0,6.631842874267404,0.0,-7.228745312925021,0.0,0.0,0.0,0.0,0.0,9.81
3.83,0.0,3.846174551671986,0.0,-0.49155060889446067,0.0,-8.558164916527401,0.0,-38.31326547218779,0.0,6.557992813150959,0.0,-7.295809007245249,0.0,0.0,0.0,0.0,0.0,9.81
3.835,0.0,1.249947613066901,0.0,-0.13823477033470147,0.0,-8.817732650444436,0.0,-36.879547561754826,0.0,6.476412253251858,0.0,-7.368322959959061,0.0,0.0,0.0,0.0,0.0,9.81
3.84,0.0,-1.623536445503305,0.0,0.2526186394800001,0.0,-9.070965667586655,0.0,-35.302074606345904,0.0,6.387169930193977,0.0,-7.445814885956003,0.0,0.0,0.0,0.0,0.0,9.81
3.845,0.0,-4.7599190948086765,0.0,0.6785250177195458,0.0,-9.3106604288571,0.0,-33.58868695385528,0.0,6.290361405340422,0.0,-7.527778725911442,0.0,0.0,0.0,0.0,0.0,9.81
3.85,0.0,-8.136578608449742,0.0,1.1356960363020043,0.0,-9.529808148021111,0.0,-31.750749345472354,0.0,6.186112001827456,0.0,-7.613679634975171,0.0,0.0,0.0,0.0,0.0,9.81
3.855,0.0,-11.722935209245222,0.0,1.6190909768101371,0.0,-9.721885635867375,0.0,-29.802886913736682,0.0,6.074578989294037,0.0,-7.70295978925789,0.0,0.0,0.0,0.0,0.0,9.81
3.86,0.0,-15.481412020994846,0.0,2.1225728974583533,0.0,-9.881134725075219,0.0,-27.762413364299213,0.0,5.955952917687017,0.0,-7.795044860849845,0.0,0.0,0.0,0.0,0.0,9.81
3.865,0.0,-19.368983709314165,0.0,2.6391601027946563,0.0,-10.00280303452425,0.0,-25.64849254774758,0.0,5.830458065300059,0.0,-7.889350950133334,0.0,0.0,0.0,0.0,0.0,9.81
3.87,0.0,-23.339162058303348,0.0,3.1613503767864253,0.0,-10.083322219551357,0.0,-23.481114753225537,0.0,5.698352036015812,0.0,-7.9852917203552245,0.0,0.0,0.0,0.0,0.0,9.81
3.875,0.0,-27.344206955563408,0.0,3.681485581094272,0.0,-10.120407438518626,0.0,-21.279997597950015,0.0,5.559924606351663,0.0,-8.082285460805354,0.0,0.0,0.0,0.0,0.0,9.81
3.88,0.0,-31.33732585284354,0.0,4.192119647682802,0.0,-10.113072111611084,0.0,-19.06353182709698,0.0,5.415495975377357,0.0,-8.179761814555013,0.0,0.0,0.0,0.0,0.0,9.81
3.8850000000000002,0.0,-35.27463949718319,0.0,4.68635455311681,0.0,-10.06156303757317,0.0,-16.847882613565886,0.0,5.265414603016213,0.0,-8.277167942870419,0.0,0.0,0.0,0.0,0.0,9.81
3.89,0.0,-39.11674129596224,0.0,5.158115874931493,0.0,-9.967230383349404,0.0,-14.646330031726382,0.0,5.110054831295352,0.0,-8.373973955090493,0.0,0.0,0.0,0.0,0.0,9.81
3.895,0.0,-42.8297488655485,0.0,5.602350087137542,0.0,-9.83235332901112,0.0,-12.46889514694174,0.0,4.94981446938005,0.0,-8.469677500957909,0.0,0.0,0.0,0.0,0.0,9.81
3.9,0.0,-46.38582248024749,0.0,6.015137363491922,0.0,-9.659944517437097,0.0,-10.32225907112606,0.0,4.785112490784211,0.0,-8.563807492173463,0.0,0.0,0.0,0.0,0.0,9.81
3.9050000000000002,0.0,-49.763191197477795,0.0,6.393724002555273,0.0,-9.453555170143588,0.0,-8.209948926665575,0.0,4.616386946293018,0.0,-8.655926982389179,0.0,0.0,0.0,0.0,0.0,9.81
3.91,0.0,-52.94577342384224,0.0,6.736486071300951,0.0,-9.217098743267396,0.0,-6.132741797058887,0.0,4.444093145865123,0.0,-8.745635283519274,0.0,0.0,0.0,0.0,0.0,9.81
3.915,0.0,-55.92250104453561,0.0,7.042839834484082,0.0,-8.954705578712971,0.0,-4.089227009893566,0.0,4.268702113425271,0.0,-8.83256942780245,0.0,0.0,0.0,0.0,0.0,9.81
3.92,0.0,-58.68645695642277,0.0,7.3131151941202175,0.0,-8.670615354488561,0.0,-2.0764672912400597,0.0,4.090699274741337,0.0,-8.916405099156885,0.0,0.0,0.0,0.0,0.0,9.81
3.9250000000000003,0.0,-61.23392037792422,0.0,7.548406460915137,0.0,-8.369109135705937,0.0,-0.09070754319801111,0.0,3.9105833032589925,0.0,-8.996857156008254,0.0,0.0,0.0,0.0,0.0,9.81
3.93,0.0,-63.563389279360756,0.0,7.750411287046311,0.0,-8.054478943403025,0.0,1.8719072054010626,0.0,3.728865022722531,0.0,-9.073679854324952,0.0,0.0,0.0,0.0,0.0,9.81
3.935,0.0,-65.67462070884535,0.0,7.921264422465458,0.0,-7.7310300876986915,0.0,3.8146288105872763,0.0,3.546066248036355,0.0,-9.146666857971969,0.0,0.0,0.0,0.0,0.0,9.81
3.94,0.0,-67.56770215971461,0.0,8.063368821947652,0.0,-7.4031098807451015,0.0,5.7394285338497895,0.0,3.3627184355304625,0.0,-9.215651097453206,0.0,0.0,0.0,0.0,0.0,9.81
3.9450000000000003,0.0,-69.24214318474209,0.0,8.179222985911297,0.0,-7.075155428300384,0.0,7.646344097437083,0.0,3.1793610084932706,0.0,-9.280504510837018,0.0,0.0,0.0,0.0,0.0,9.81
3.95,0.0,-70.69595756575487,0.0,8.271240514553972,0.0,-6.751752617012759,0.0,9.53284148062472,0.0,2.9965392213125863,0.0,-9.341137674585404,0.0,0.0,0.0,0.0,0.0,9.81
3.955,0.0,-71.92469306199852,0.0,8.341555817837559,0.0,-6.4376977967310385,0.0,11.393175796952239,0.0,2.8148014237601457,0.0,-9.397499308808712,0.0,0.0,0.0,0.0,0.0,9.81
3.96,0.0,-72.92035855911209,0.0,8.391808856088506,0.0,-6.13805267404379,0.0,13.217732916408298,0.0,2.6346955841629285,0.0,-9.449575622156035,0.0,0.0,0.0,0.0,0.0,9.81
3.9650000000000003,0.0,-73.67019839940167,0.0,8.422901871588582,0.0,-5.858181315079179,0.0,14.992334598744709,0.0,2.456764925270102,0.0,-9.497389446612333,0.0,0.0,0.0,0.0,0.0,9.81
3.97,0.0,-74.15527315949979,0.0,8.43472267888937,0.0,-5.603755714974568,0.0,16.697496074582883,0.0,2.281542519198099,0.0,-9.540999102006001,0.0,0.0,0.0,0.0,0.0,9.81
3.975,0.0,-74.3488294709451,0.0,8.425832861167454,0.0,-5.380713075241287,0.0,18.307638567396026,0.0,2.109544678778947,0.0,-9.580496923872849,0.0,0.0,0.0,0.0,0.0,9.81
3.98,0.0,-74.21448546780437,0.0,8.393126181772573,0.0,-5.195143929725011,0.0,19.790283780579,0.0,1.9412629746545937,0.0,-9.616007386154902,0.0,0.0,0.0,0.0,0.0,9.81
3.985,0.0,-73.70433253894885,0.0,8.331474044813348,0.0,-5.053086210335885,0.0,21.10529773352749,0.0,1.7771547060298394,0.0,-9.647684751654117,0.0,0.0,0.0,0.0,0.0,9.81
3.99,0.0,-72.75716937196901,0.0,8.233392519669557,0.0,-4.96019763791338,0.0,22.204313013003762,0.0,1.6176316675801317,0.0,-9.67571018786918,0.0,0.0,0.0,0.0,0.0,9.81
3.995,0.0,-71.29725024090601,0.0,8.088790575369902,0.0,-4.9212800226867355,0.0,23.030545734071737,0.0,1.4630471003925716,0.0,-9.700288293638291,0.0,0.0,0.0,0.0,0.0,9.81
4.0,0.0,-69.23414625288078,0.0,7.884891602143511,0.0,-4.9396382787003095,0.0,23.519335053333826,0.0,1.3136808120839631,0.0,-9.72164299303938,0.0,0.0,0.0,0.0,0.0,9.81
4.005,0.0,-66.46456270154206,0.0,7.606456377116498,0.0,-5.016279887077509,0.0,23.599854835928035,0.0,1.1697226273457157,0.0,-9.740012767943961,0.0,0.0,0.0,0.0,0.0,9.81
4.01,0.0,-62.87716079324514,0.0,7.236465220966996,0.0,-5.149003414469091,0.0,23.19854138329789,0.0,1.0312546142807915,0.0,-9.755645220926956,0.0,0.0,0.0,0.0,0.0,9.81
4.015,0.0,-58.36146557038319,0.0,6.757420548142843,0.0,-5.331491176394464,0.0,22.24477616591534,0.0,0.8982329459540181,0.0,-9.768790988269759,0.0,0.0,0.0,0.0,0.0,9.81
4.0200000000000005,0.0,-52.821602379304586,0.0,6.153378818360846,0.0,-5.552606325142434,0.0,20.679151603743925,0.0,0.7704707976204981,0.0,-9.779697061758561,0.0,0.0,0.0,0.0,0.0,9.81
4.025,0.0,-46.19466874969038,0.0,5.412680905987021,0.0,-5.796176860932359,0.0,18.46411673033823,0.0,0.647624294631873,0.0,-9.788599631263539,0.0,0.0,0.0,0.0,0.0,9.81
4.03,0.0,-38.47191003612738,0.0,4.531107551769209,0.0,-6.041584118320118,0.0,15.595900237873797,0.0,0.5291840834083488,0.0,-9.795716629709851,0.0,0.0,0.0,0.0,0.0,9.81
4.035,0.0,-29.718758129636974,0.0,3.51487723078828,0.0,-6.265400982170814,0.0,12.115477459421465,0.0,0.4144753809548735,0.0,-9.801240246046033,0.0,0.0,0.0,0.0,0.0,9.81
4.04,0.0,-20.087978302221646,0.0,2.382640157143045,0.0,-6.444098763867544,0.0,8.115404375296269,0.0,0.3026690990244312,0.0,-9.80532976102114,0.0,0.0,0.0,0.0,0.0,9.81
4.045,0.0,-9.819859006937508,0.0,1.1655802669957622,0.0,-6.557478392229562,0.0,3.73923303859927,0.0,0.19280561966139043,0.0,-9.808105136582684,0.0,0.0,0.0,0.0,0.0,9.81
4.05,0.0,0.7743711583905084,0.0,-0.09493114156298305,0.0,-6.5921018911311755,0.0,-0.8284983938930475,0.0,0.08383100453622719,0.0,-9.80964182654719,0.0,0.0,0.0,0.0,0.0,9.81
4.055,0.0,11.344953252142503,0.0,-1.351990045226585,0.0,-6.543803975940216,0.0,-5.381086560850452,0.0,-0.02535683643171013,0.0,-9.809967247970203,0.0,0.0,0.0,0.0,0.0,9.81
4.0600000000000005,0.0,21.54532761716506,0.0,-2.5591720777922053,0.0,-6.418517718755117,0.0,-9.713650491757441,0.0,-0.13585658890744018,0.0,-9.809059245742054,0.0,0.0,0.0,0.0,0.0,9.81
4.065,0.0,31.073051360169003,0.0,-3.6764247836978954,0.0,-6.231147191779398,0.0,-13.646674708606652,0.0,-0.24871238896692865,0.0,-9.806846706929516,0.0,0.0,0.0,0.0,0.0,9.81
4.07,0.0,39.7000975783903,0.0,-4.674409588033528,0.0,-6.002847643092215,0.0,-17.04367207550102,0.0,-0.36486878487682584,0.0,-9.80321227055548,0.0,0.0,0.0,0.0,0.0,9.81
4.075,0.0,47.28681976152773,0.0,-5.53645888429852,0.0,-5.7575289892658095,0.0,-19.819748658742363,0.0,-0.48513611014450836,0.0,-9.797996880515212,0.0,0.0,0.0,0.0,0.0,9.81
4.08,0.0,53.779471154666396,0.0,-6.2581312803024005,0.0,-5.5184931470423875,0.0,-21.940909845150628,0.0,-0.6101684083689228,0.0,-9.791005786317625,0.0,0.0,0.0,0.0,0.0,9.81
4.085,0.0,59.195617091639306,0.0,-6.8449990128674365,0.0,-5.3058775166791055,0.0,-23.416402267052163,0.0,-0.7404538322416111,0.0,-9.782015529551828,0.0,0.0,0.0,0.0,0.0,9.81
4.09,0.0,63.60360289959773,0.0,-7.309571269333558,0.0,-5.135187450216415,0.0,-24.28743702866075,0.0,-0.8763157510387629,0.0,-9.770781459935758,0.0,0.0,0.0,0.0,0.0,9.81
4.095,0.0,67.10161897194925,0.0,-7.668169360331223,0.0,-5.016852953429489,0.0,-24.61536188957504,0.0,-1.017921902680372,0.0,-9.757045382764382,0.0,0.0,0.0,0.0,0.0,9.81
4.1,0.0,69.79997513476944,0.0,-7.938288550689908,0.0,-4.956543235701297,0.0,-24.471341171240294,0.0,-1.1652987630107643,0.0,-9.740543023488343,0.0,0.0,0.0,0.0,0.0,9.81
4.105,0.0,71.80812471133157,0.0,-8.136676934554552,0.0,-4.955920860850085,0.0,-23.928488110157943,0.0,-1.3183486428220839,0.0,-9.721011083183596,0.0,0.0,0.0,0.0,0.0,9.81
4.11,0.0,73.22644401941223,0.0,-8.278134317932757,0.0,-5.013563408031022,0.0,-23.056549050436715,0.0,-1.4768675976189791,0.0,-9.6981937373144,0.0,0.0,0.0,0.0,0.0,9.81
4.115,0.0,74.14194062527154,0.0,-8.374909164673745,0.0,-5.125865674427649,0.0,-21.918762691438488,0.0,-1.640562841679628,0.0,-9.671848493858674,0.0,0.0,0.0,0.0,0.0,9.81
4.12,0.0,74.62679602230318,0.0,-8.436530132172285,0.0,-5.2878187912692844,0.0,-20.570345896655006,0.0,-1.8090688791307585,0.0,-9.641751375318448,0.0,0.0,0.0,0.0,0.0,9.81
4.125,0.0,74.73871960932208,0.0,-8.46991788237357,0.0,-5.49362559216738,0.0,-19.05807380606808,0.0,-1.98196195655378,0.0,-9.607701424755561,0.0,0.0,0.0,0.0,0.0,9.81
4.13,0.0,74.52230877261769,0.0,-8.479654480883186,0.0,-5.737151091194852,0.0,-17.420524106944967,0.0,-2.158772706356108,0.0,-9.569524561800534,0.0,0.0,0.0,0.0,0.0,9.81
4.135,0.0,74.01085329585659,0.0,-8.468323734711474,0.0,-6.012227388076628,0.0,-15.68867721438015,0.0,-2.3389970116801675,0.0,-9.527076833199029,0.0,0.0,0.0,0.0,0.0,9.81
4.14,0.0,73.22823244808656,0.0,-8.436867332662338,0.0,-6.3128400181297355,0.0,-13.886672501747352,0.0,-2.522105211220091,0.0,-9.480247115709398,0.0,0.0,0.0,0.0,0.0,9.81
4.1450000000000005,0.0,72.1907115280727,0.0,-8.384925694983016,0.0,-6.633223197284896,0.0,-12.032604079660489,0.0,-2.7075498021550874,0.0,-9.428959338071122,0.0,0.0,0.0,0.0,0.0,9.81
4.15,0.0,70.90855361430907,0.0,-8.311149182439282,0.0,-6.967888450542118,0.0,-10.139297927881241,0.0,-2.894771811591198,0.0,-9.373174293712678,0.0,0.0,0.0,0.0,0.0,9.81
4.155,0.0,69.38743175889523,0.0,-8.213476141322003,0.0,-7.311607119344104,0.0,-8.215050018288565,0.0,-3.0832060053227126,0.0,-9.312891116801799,0.0,0.0,0.0,0.0,0.0,9.81
4.16,0.0,67.62966773578603,0.0,-8.089380732784042,0.0,-7.659363478598093,0.0,-6.264327845207271,0.0,-3.2722850961329235,0.0,-9.248148490846939,0.0,0.0,0.0,0.0,0.0,9.81
4.165,0.0,65.63534458830216,0.0,-7.936096911582076,0.0,-8.006292209739456,0.0,-4.288450088995056,0.0,-3.461443107184557,0.0,-9.179025650920448,0.0,0.0,0.0,0.0,0.0,9.81
4.17,0.0,63.4033477680316,0.0,-7.750826193528502,0.0,-8.347611909405892,0.0,-2.2862642357873666,0.0,-3.6501180415718864,0.0,-9.105643227316468,0.0,0.0,0.0,0.0,0.0,9.81
4.175,0.0,60.932387275861764,0.0,-7.5309365369964025,0.0,-8.678565064589915,0.0,-0.2548418377367465,0.0,-3.8377540072786145,0.0,-9.028163959887818,0.0,0.0,0.0,0.0,0.0,9.81
4.18,0.0,58.222042685049566,0.0,-7.2741580463730315,0.0,-8.994374251738467,0.0,1.809793297198122,0.0,-4.023802946829817,0.0,-8.946793288577998,0.0,0.0,0.0,0.0,0.0,9.81
4.1850000000000005,0.0,55.27385489592087,0.0,-6.97877841194015,0.0,-9.29022387385298,0.0,3.9118969956703387,0.0,-4.207726121186786,0.0,-8.861779797459278,0.0,0.0,0.0,0.0,0.0,9.81
4.19,0.0,52.092463288931285,0.0,-6.643837125970606,0.0,-9.56127610883377,0.0,6.055201749869854,0.0,-4.388995495620062,0.0,-8.77341545832136,0.0,0.0,0.0,0.0,0.0,9.81
4.195,0.0,48.68675553985912,0.0,-6.269312752670853,0.0,-9.80272842303098,0.0,8.242099336898065,0.0,-4.567095168704705,0.0,-8.682035587860616,0.0,0.0,0.0,0.0,0.0,9.81
4.2,0.0,45.07096214153407,0.0,-5.85629230035531,0.0,-10.009917531906584,0.0,10.472847052767253,0.0,-4.74152297138684,0.0,-8.588018403151516,0.0,0.0,0.0,0.0,0.0,9.81
4.205,0.0,41.265593214920905,0.0,-5.40710678899084,0.0,-10.178470705293517,0.0,12.744853098167573,0.0,-4.911792338749545,0.0,-8.491784037642427,0.0,0.0,0.0,0.0,0.0,9.81
4.21,0.0,37.29808842618936,0.0,-4.925413499997134,0.0,-10.304499725862174,0.0,15.052110601926342,0.0,-5.077434521027029,0.0,-8.393792869315128,0.0,0.0,0.0,0.0,0.0,9.81
4.215,0.0,33.20304035702236,0.0,-4.416204424492385,0.0,-10.384825957553662,0.0,17.384855750812438,0.0,-5.2380011525304235,0.0,-8.294543018700582,0.0,0.0,0.0,0.0,0.0,9.81
4.22,0.0,29.021865908642702,0.0,-3.885723297272478,0.0,-10.417217755139365,0.0,19.729519122788005,0.0,-5.393067139650256,0.0,-8.194566900855158,0.0,0.0,0.0,0.0,0.0,9.81
4.225,0.0,24.80184456992034,0.0,-3.3412810072255748,0.0,-10.400615258797938,0.0,22.069017690174412,0.0,-5.542233766813196,0.0,-8.094426763530715,0.0,0.0,0.0,0.0,0.0,9.81
4.23,0.0,20.594515678268447,0.0,-2.7909708234350523,0.0,-10.335314166610607,0.0,24.383398290796798,0.0,-5.685131859496726,0.0,-7.99470921151922,0.0,0.0,0.0,0.0,0.0,9.81
4.235,0.0,16.45351974851492,0.0,-2.243299216237415,0.0,-10.223080892468392,0.0,26.65079614959797,0.0,-5.82142479504235,0.0,-7.896018798363158,0.0,0.0,0.0,0.0,0.0,9.81
4.24,0.0,12.432064071444543,0.0,-1.7067623603264899,0.0,-10.067177391771104,0.0,28.848622918737767,0.0,-5.950811123930499,0.0,-7.798970851408477,0.0,0.0,0.0,0.0,0.0,9.81
4.245,0.0,8.580268228366997,0.0,-1.1894093748229237,0.0,-9.872284467313587,0.0,30.9548587073419,0.0,-6.073026563188367,0.0,-7.704183772345875,0.0,0.0,0.0,0.0,0.0,9.81
4.25,0.0,4.942681010332503,0.0,-0.6984380538723882,0.0,-9.644325822425694,0.0,32.94930191228015,0.0,-6.18784515249147,0.0,-7.6122711108000685,0.0,0.0,0.0,0.0,0.0,9.81
4.255,0.0,1.5562452772114455,0.0,-0.23986572182148067,0.0,-9.39020880328553,0.0,34.81463531718071,0.0,-6.295079419940504,0.0,-7.523833733809691,0.0,0.0,0.0,0.0,0.0,9.81
4.26,0.0,-1.5510765946987561,0.0,0.18169264902617469,0.0,-9.117508746191861,0.0,36.53719638082798,0.0,-6.394579481075541,0.0,-7.439452404822232,0.0,0.0,0.0,0.0,0.0,9.81
4.265,0.0,-4.360902154328706,0.0,0.563122439525815,0.0,-8.834129865755557,0.0,38.107386886308525,0.0,-6.486231080507113,0.0,-7.359681043784756,0.0,0.0,0.0,0.0,0.0,9.81
4.2700000000000005,0.0,-6.864248354568318,0.0,0.9027839219441405,0.0,-8.547975756895278,0.0,39.51971101957532,0.0,-6.569952668523203,0.0,-7.285040872253119,0.0,0.0,0.0,0.0,0.0,9.81
4.275,0.0,-9.060664067053516,0.0,1.2003787628956435,0.0,-8.26665740108325,0.0,40.772479832495186,0.0,-6.645691674529152,0.0,-7.216015565057044,0.0,0.0,0.0,0.0,0.0,9.81
4.28,0.0,-10.956837394416645,0.0,1.4567343237116943,0.0,-7.997257784415678,0.0,41.86725515356246,0.0,-6.713420187979522,0.0,-7.153047444948627,0.0,0.0,0.0,0.0,0.0,9.81
4.285,0.0,-12.564871758906811,0.0,1.6735363235438234,0.0,-7.746162074282307,0.0,42.80812337834083,0.0,-6.773130282699346,0.0,-7.096534679491407,0.0,0.0,0.0,0.0,0.0,9.81
4.29,0.0,-13.90042269751148,0.0,1.8530398973166293,0.0,-7.518952814522743,0.0,43.60089007414234,0.0,-6.8248292234063905,0.0,-7.046829377839296,0.0,0.0,0.0,0.0,0.0,9.81
4.295,0.0,-14.980860037435875,0.0,1.997784704648487,0.0,-7.320362205472239,0.0,44.252274255850246,0.0,-6.868534778087235,0.0,-7.004236442925912,0.0,0.0,0.0,0.0,0.0,9.81
4.3,0.0,-15.823579441692658,0.0,2.110333347437584,0.0,-7.154268866383901,0.0,44.76916223810575,0.0,-6.904270832431601,0.0,-6.969013012424539,0.0,0.0,0.0,0.0,0.0,9.81
4.305,0.0,-16.44454416432955,0.0,2.1930456159859877,0.0,-7.023724481100792,0.0,45.157960511841075,0.0,-6.932063468705996,0.0,-6.941368317605635,0.0,0.0,0.0,0.0,0.0,9.81
4.3100000000000005,0.0,-16.857100244952925,0.0,2.247895231060542,0.0,-6.930995914498575,0.0,45.42406908741158,0.0,-6.951937636259171,0.0,-6.921463799456587,0.0,0.0,0.0,0.0,0.0,9.81
4.315,0.0,-17.07108069879868,0.0,2.2763314520395976,0.0,-6.877610098126203,0.0,45.57148339525671,0.0,-6.9639145078403955,0.0,-6.909413342281649,0.0,0.0,0.0,0.0,0.0,9.81
4.32,0.0,-17.092197707626376,0.0,2.2791853567785108,0.0,-6.864391596321791,0.0,45.60252476937681,0.0,-6.968009587007165,0.0,-6.905283512945844,0.0,0.0,0.0,0.0,0.0,9.81
4.325,0.0,-16.92171525062249,0.0,2.2566195878639146,0.0,-6.8914858096437115,0.0,45.517696246717485,0.0,-6.964231607571042,0.0,-6.9090937261688685,0.0,0.0,0.0,0.0,0.0,9.81
4.33,0.0,-16.556395488437815,0.0,2.208120506594288,0.0,-6.958363967322282,0.0,45.31566068855056,0.0,-6.952582245597216,0.0,-6.920816290839465,0.0,0.0,0.0,0.0,0.0,9.81
4.335,0.0,-15.988717274412025,0.0,2.1325324946910835,0.0,-7.063809279377099,0.0,44.99334050761062,0.0,-6.933056646469516,0.0,-6.940376327923752,0.0,0.0,0.0,0.0,0.0,9.81
4.34,0.0,-15.207370885865785,0.0,2.028135045666098,0.0,-7.205886831822277,0.0,44.54614086839264,0.0,-6.9056447520761175,0.0,-6.967651586318486,0.0,0.0,0.0,0.0,0.0,9.81
4.345,0.0,-14.198035889478078,0.0,1.8927637400069002,0.0,-7.381903000381357,0.0,43.96829940584706,0.0,-6.870333394315625,0.0,-7.002472218163278,0.0,0.0,0.0,0.0,0.0,9.81
4.3500000000000005,0.0,-12.944445614958212,0.0,1.7239756779791013,0.0,-7.588363248972926,0.0,43.25336366507698,0.0,-6.827109099205346,0.0,-7.044620608606339,0.0,0.0,0.0,0.0,0.0,9.81
4.355,0.0,-11.42972918862771,0.0,1.519258011885226,0.0,-7.820939952507377,0.0,42.39479125808146,0.0,-6.775961519866071,0.0,-7.093831385160568,0.0,0.0,0.0,0.0,0.0,9.81
4.36,0.0,-9.63799878576748,0.0,1.276274611773174,0.0,-8.074463944704085,0.0,41.38665638376609,0.0,-6.716887386529855,0.0,-7.149791756152199,0.0,0.0,0.0,0.0,0.0,9.81
4.365,0.0,-7.556115985336255,0.0,0.9931406535503118,0.0,-8.342954276748719,0.0,40.22443006132909,0.0,-6.649894828758253,0.0,-7.212142343125107,0.0,0.0,0.0,0.0,0.0,9.81
4.37,0.0,-5.175530031375899,0.0,0.6687085177845618,0.0,-8.619699532419782,0.0,38.90578180263948,0.0,-6.5750078920871236,0.0,-7.2804786746715235,0.0,0.0,0.0,0.0,0.0,9.81
4.375,0.0,-2.4940390990043966,0.0,0.3028418493498296,0.0,-8.897400418622091,0.0,37.431330821683645,0.0,-6.4922710426501045,0.0,-7.354353495336955,0.0,0.0,0.0,0.0,0.0,9.81
4.38,0.0,0.48270673622910465,0.0,-0.10335052649954968,0.0,-9.168377011109664,0.0,35.80526014290834,0.0,-6.401753434402403,0.0,-7.433280010296953,0.0,0.0,0.0,0.0,0.0,9.81
4.385,0.0,3.740153616413494,0.0,-0.5473511205806556,0.0,-9.424835352270044,0.0,34.03570278168282,0.0,-6.3035527100621,0.0,-7.5167361338023095,0.0,0.0,0.0,0.0,0.0,9.81
4.39,0.0,7.25441627108281,0.0,-1.0251682415195575,0.0,-9.659178198026677,0.0,32.134820417642274,0.0,-6.1977981235223725,0.0,-7.604169739395722,0.0,0.0,0.0,0.0,0.0,9.81
4.3950000000000005,0.0,10.992592200448623,0.0,-1.5313875830020032,0.0,-9.864335422838542,0.0,30.11852383444218,0.0,-6.084652810571348,0.0,-7.695004828708691,0.0,0.0,0.0,0.0,0.0,9.81
4.4,0.0,14.913847592762528,0.0,-2.0593467586956407,0.0,-10.034083093491557,0.0,28.005828629267207,0.0,-5.964315094961479,0.0,-7.78864845270253,0.0,0.0,0.0,0.0,0.0,9.81
4.405,0.0,18.97119912548964,0.0,-2.6014222762699255,0.0,-10.163318434459455,0.0,25.817892155748975,0.0,-5.837018792691441,0.0,-7.884498146033079,0.0,0.0,0.0,0.0,0.0,9.81
4.41,0.0,23.11381338247276,0.0,-3.149402375286283,0.0,-10.248261819590255,0.0,23.576827552196022,0.0,-5.7030325596032805,0.0,-7.981949583184772,0.0,0.0,0.0,0.0,0.0,9.81
4.415,0.0,27.289569798411094,0.0,-3.6949069126245746,0.0,-10.286566134195965,0.0,21.30442651258495,0.0,-5.562658404755811,0.0,-8.080404142849437,0.0,0.0,0.0,0.0,0.0,9.81
4.42,0.0,31.447601503670693,0.0,-4.229809847712374,0.0,-10.277326553142178,0.0,19.020935615006717,0.0,-5.416229553455204,0.0,-8.179276078589812,0.0,0.0,0.0,0.0,0.0,9.81
4.425,0.0,35.54054747591524,0.0,-4.7466219624169,0.0,-10.220997262398484,0.0,16.744018773812527,0.0,-5.264107880920372,0.0,-8.277999037113338,0.0,0.0,0.0,0.0,0.0,9.81
4.43,0.0,39.52631207438614,0.0,-5.238800354317428,0.0,-10.119233117644722,0.0,14.488004599303867,0.0,-5.106681146383789,0.0,-8.37603173304288,0.0,0.0,0.0,0.0,0.0,9.81
4.4350000000000005,0.0,43.36921706342856,0.0,-5.700964466811317,0.0,-9.974681619127512,0.0,12.263471090813386,0.0,-4.944360239029266,0.0,-8.47286266984075,0.0,0.0,0.0,0.0,0.0,9.81
4.44,0.0,47.040525141418215,0.0,-6.129012750050521,0.0,-9.790753047025706,0.0,10.077172063756905,0.0,-4.777576606887412,0.0,-8.568013878389095,0.0,0.0,0.0,0.0,0.0,9.81
4.445,0.0,50.51839371854539,0.0,-6.520146548995318,0.0,-9.571394559563084,0.0,7.932269540027498,0.0,-4.606779985630175,0.0,-8.661043716957089,0.0,0.0,0.0,0.0,0.0,9.81
4.45,0.0,53.78737120029664,0.0,-6.872816554165158,0.0,-9.32088881037695,0.0,5.828809872845982,0.0,-4.432436484775733,0.0,-8.751548831400783,0.0,0.0,0.0,0.0,0.0,9.81
4.455,0.0,56.83757174150362,0.0,-7.186611443615811,0.0,-9.043690843096941,0.0,3.764370185036836,0.0,-4.255027031727007,0.0,-8.839165408873091,0.0,0.0,0.0,0.0,0.0,9.81
4.46,0.0,59.66366176796083,0.0,-7.462108584179664,0.0,-8.744310173354892,0.0,1.7348038014067155,0.0,-4.075046124769702,0.0,-8.923569872143048,0.0,0.0,0.0,0.0,0.0,9.81
4.465,0.0,62.26377003110202,0.0,-7.700703897874038,0.0,-8.42723912242456,0.0,-0.26497521979177296,0.0,-3.8930008075888183,0.0,-9.004479157622713,0.0,0.0,0.0,0.0,0.0,9.81
4.47,0.0,64.63840112119827,0.0,-7.904433495756279,0.0,-8.096924132333115,0.0,-2.2402120225034396,0.0,-3.7094097506765067,0.0,-9.081650702697234,0.0,0.0,0.0,0.0,0.0,9.81
4.4750000000000005,0.0,66.78939761036635,0.0,-8.075794565460566,0.0,-7.757774013081208,0.0,-4.195561445438271,0.0,-3.524802308122152,0.0,-9.154882241715102,0.0,0.0,0.0,0.0,0.0,9.81
4.48,0.0,68.71896349957808,0.0,-8.217568092784711,0.0,-7.414197577720268,0.0,-6.134379115880227,0.0,-3.3397174095529065,0.0,-9.224011479438087,0.0,0.0,0.0,0.0,0.0,9.81
4.485,0.0,70.42873426593785,0.0,-8.332641788787399,0.0,-7.070662482074489,0.0,-8.058049956245325,0.0,-3.1547021438038496,0.0,-9.288915679485317,0.0,0.0,0.0,0.0,0.0,9.81
4.49,0.0,71.91885762658107,0.0,-8.42382829926363,0.0,-6.7317668360989975,0.0,-9.965340971451237,0.0,-2.970309890570919,0.0,-9.349511175982746,0.0,0.0,0.0,0.0,0.0,9.81
4.495,0.0,73.18703423941867,0.0,-8.493671452576567,0.0,-6.402314857763951,0.0,-11.851758525034407,0.0,-2.7870978564023106,0.0,-9.40575279097763,0.0,0.0,0.0,0.0,0.0,9.81
4.5,0.0,74.2274588728396,0.0,-8.54423197844853,0.0,-6.087387122495229,0.0,-13.708886885861768,0.0,-2.6056238698928698,0.0,-9.457633119163022,0.0,0.0,0.0,0.0,0.0,9.81
4.505,0.0,75.02960064572844,0.0,-8.576843911295116,0.0,-5.7923945128871965,0.0,-15.52368495496969,0.0,-2.4264422863975375,0.0,-9.505181625465505,0.0,0.0,0.0,0.0,0.0,9.81
4.51,0.0,75.57676769114052,0.0,-8.591834080889747,0.0,-5.523102560776492,0.0,-17.27772283993859,0.0,-2.250098844274009,0.0,-9.548463490065737,0.0,0.0,0.0,0.0,0.0,9.81
4.515,0.0,75.84442108391492,0.0,-8.588200303960633,0.0,-5.285609373818114,0.0,-18.946351541516748,0.0,-2.077124303024044,0.0,-9.587578129175643,0.0,0.0,0.0,0.0,0.0,9.81
4.5200000000000005,0.0,75.79824199617661,0.0,-8.563250150343318,0.0,-5.08625583483108,0.0,-20.497821136516354,0.0,-1.9080266808823565,0.0,-9.622657317978124,0.0,0.0,0.0,0.0,0.0,9.81
4.525,0.0,75.39202502858771,0.0,-8.5122129700048,0.0,-4.931441737227695,0.0,-21.892400813358634,0.0,-1.7432819002393878,0.0,-9.653862844091806,0.0,0.0,0.0,0.0,0.0,9.81
4.53,0.0,74.56558266057385,0.0,-8.427855137701226,0.0,-4.827317184617938,0.0,-23.08161459412127,0.0,-1.5833226526327255,0.0,-9.681383625353492,0.0,0.0,0.0,0.0,0.0,9.81
4.535,0.0,73.24301431339234,0.0,-8.3001541085261,0.0,-4.779317351813017,0.0,-24.007796025986238,0.0,-1.4285253253976007,0.0,-9.705432234377936,0.0,0.0,0.0,0.0,0.0,9.81
4.54,0.0,71.33192573183575,0.0,-8.116121756902379,0.0,-4.791514739697231,0.0,-24.604286026185203,0.0,-1.2791949111020173,0.0,-9.726240784337184,0.0,0.0,0.0,0.0,0.0,9.81
4.545,0.0,68.72446699718081,0.0,-7.859909370621941,0.0,-4.86578258035734,0.0,-24.79674141612945,0.0,-1.1355479779344892,0.0,-9.744056146280071,0.0,0.0,0.0,0.0,0.0,9.81
4.55,0.0,65.30133391800132,0.0,-7.513366921056678,0.0,-5.00080373991498,0.0,-24.50615498171652,0.0,-0.9976940488135352,0.0,-9.759134489380948,0.0,0.0,0.0,0.0,0.0,9.81
4.555,0.0,60.94001935610254,0.0,-7.0572486294556604,0.0,-5.191027752660418,0.0,-23.654240654621564,0.0,-0.8656161506679806,0.0,-9.771735163927545,0.0,0.0,0.0,0.0,0.0,9.81
4.5600000000000005,0.0,55.52839004472747,0.0,-6.473223280098037,0.0,-5.425773520615502,0.0,-22.171693111200742,0.0,-0.7391518641216248,0.0,-9.78211398560251,0.0,0.0,0.0,0.0,0.0,9.81
4.565,0.0,48.98382283192155,0.0,-5.746720898379656,0.0,-5.6887785823034775,0.0,-20.00934532939855,0.0,-0.617976889990062,0.0,-9.79051603191521,0.0,0.0,0.0,0.0,0.0,9.81
4.57,0.0,41.27645502375876,0.0,-4.870398167006598,0.0,-5.958562880743168,0.0,-17.151319350318065,0.0,-0.50159383207857,0.0,-9.797168129603177,0.0,0.0,0.0,0.0,0.0,9.81
4.575,0.0,32.45270533810862,0.0,-3.8476523744167426,0.0,-6.209935544440844,0.0,-13.627972161960848,0.0,-0.38932935042889094,0.0,-9.802271293984441,0.0,0.0,0.0,0.0,0.0,9.81
4.58,0.0,22.652834712407813,0.0,-2.6952658593496044,0.0,-6.416759234136447,0.0,-9.525183640842432,0.0,-0.28034275725120966,0.0,-9.805993469446157,0.0,0.0,0.0,0.0,0.0,9.81
4.585,0.0,12.115314052580917,0.0,-1.4441204394064604,0.0,-6.555690113631025,0.0,-4.98605560139487,0.0,-0.17364821747034087,0.0,-9.808462997311674,0.0,0.0,0.0,0.0,0.0,9.81
4.59,0.0,1.1626021619954665,0.0,-0.13719413365494526,0.0,-6.610145069234062,0.0,-0.20215620168479687,0.0,-0.06815087627362088,0.0,-9.809763278050426,0.0,0.0,0.0,0.0,0.0,9.81
4.595,0.0,-9.832003669387053,0.0,1.1752062826873273,0.0,-6.5734416120958326,0.0,4.605764631308773,0.0,0.03730526786221218,0.0,-9.809929072795287,0.0,0.0,0.0,0.0,0.0,9.81
4.6000000000000005,0.0,-20.490131117814325,0.0,2.4420530966637046,0.0,-6.45014042872414,0.0,9.21403989257104,0.0,0.14388242985009586,0.0,-9.808944788810297,0.0,0.0,0.0,0.0,0.0,9.81
4.605,0.0,-30.47538916704002,0.0,3.618393011623552,0.0,-6.255145209576691,0.0,13.423067263211422,0.0,0.25269338299667626,0.0,-9.806744921784718,0.0,0.0,0.0,0.0,0.0,9.81
4.61,0.0,-39.529861726818204,0.0,4.6705996456087,0.0,-6.01085905612554,0.0,17.078455021853927,0.0,0.36475159202579016,0.0,-9.803216617033932,0.0,0.0,0.0,0.0,0.0,9.81
4.615,0.0,-47.492438413965196,0.0,5.578972490919441,0.0,-5.743292691269099,0.0,20.082083047318157,0.0,0.4809322649155325,0.0,-9.798204109607974,0.0,0.0,0.0,0.0,0.0,9.81
4.62,0.0,-54.29798200986297,0.0,6.337534099617998,0.0,-5.4781993737327905,0.0,22.392419230011107,0.0,0.6019470610631992,0.0,-9.791514653952687,0.0,0.0,0.0,0.0,0.0,9.81
4.625,0.0,-59.961924993566804,0.0,6.951695676905015,0.0,-5.238069865919863,0.0,24.016506035131805,0.0,0.7283326257209284,0.0,-9.782925480738646,0.0,0.0,0.0,0.0,0.0,9.81
4.63,0.0,-64.55741669422159,0.0,7.434834872014642,0.0,-5.04036575362468,0.0,24.99747098245313,0.0,0.8604511078593121,0.0,-9.772191319894272,0.0,0.0,0.0,0.0,0.0,9.81
4.635,0.0,-68.19162454208407,0.0,7.804757959584939,0.0,-4.896944519970649,0.0,25.401203287845213,0.0,0.9984997130930355,0.0,-9.75905208441619,0.0,0.0,0.0,0.0,0.0,9.81
4.64,0.0,-70.98556411603545,0.0,8.080694431689333,0.0,-4.814375547584746,0.0,25.30467710818243,0.0,1.1425261084375844,0.0,-9.743240392693329,0.0,0.0,0.0,0.0,0.0,9.81
4.6450000000000005,0.0,-73.05935366630379,0.0,8.28110805747748,0.0,-4.794775506361819,0.0,24.787071627614367,0.0,1.292446863671279,0.0,-9.724488695346281,0.0,0.0,0.0,0.0,0.0,9.81
4.65,0.0,-74.522935029786,0.0,8.422333856887873,0.0,-4.8368430692970685,0.0,23.923819698546488,0.0,1.4480667695339497,0.0,-9.702535851901391,0.0,0.0,0.0,0.0,0.0,9.81
4.655,0.0,-75.47129892317842,0.0,8.517899744463497,0.0,-4.936873532034914,0.0,22.78314445716947,0.0,1.6090975697011731,0.0,-9.677133067110429,0.0,0.0,0.0,0.0,0.0,9.81
4.66,0.0,-75.98293445158664,0.0,8.578342103018368,0.0,-5.089632898341334,0.0,21.424440355754893,0.0,1.7751752402455792,0.0,-9.64804914605545,0.0,0.0,0.0,0.0,0.0,9.81
4.665,0.0,-76.1203123275979,0.0,8.611336059761069,0.0,-5.289045310325799,0.0,19.897878015252708,0.0,1.9458753950598364,0.0,-9.615075063724808,0.0,0.0,0.0,0.0,0.0,9.81
4.67,0.0,-75.93147333099256,0.0,8.621999194015158,0.0,-5.528693720258429,0.0,18.24473616026323,0.0,2.1207266920303174,0.0,-9.578027871573969,0.0,0.0,0.0,0.0,0.0,9.81
4.675,0.0,-75.4520815790769,0.0,8.613269998493882,0.0,-5.802156966670992,0.0,16.498108851791613,0.0,2.2992222916562692,0.0,-9.53675398335216,0.0,0.0,0.0,0.0,0.0,9.81
4.68,0.0,-74.70754716491615,0.0,8.58629913240937,0.0,-6.103214678922241,0.0,14.683763114034162,0.0,2.480829512145055,0.0,-9.491131897036768,0.0,0.0,0.0,0.0,0.0,9.81
4.6850000000000005,0.0,-73.71500461105043,0.0,8.540819104255752,0.0,-6.425951321692204,0.0,12.821018131388035,0.0,2.664997863525106,0.0,-9.44107442011738,0.0,0.0,0.0,0.0,0.0,9.81
4.69,0.0,-72.48505668413793,0.0,8.47547694933712,0.0,-6.7647867900067045,0.0,10.923583331670546,0.0,2.8511656512877126,0.0,-9.386530472103553,0.0,0.0,0.0,0.0,0.0,9.81
4.695,0.0,-71.02327034735572,0.0,8.388126524436567,0.0,-7.114456015319325,0.0,9.000334908854342,0.0,3.03876533337526,0.0,-9.327486540932627,0.0,0.0,0.0,0.0,0.0,9.81
4.7,0.0,-69.33145646945704,0.0,8.276084173065486,0.0,-7.4699554660174865,0.0,7.056035435707987,0.0,3.2272278028612615,0.0,-9.263967868582771,0.0,0.0,0.0,0.0,0.0,9.81
4.705,0.0,-67.4087881633229,0.0,8.13635530261067,0.0,-7.826470826929167,0.0,5.092014779406949,0.0,3.4159857579500366,0.0,-9.196039435174015,0.0,0.0,0.0,0.0,0.0,9.81
4.71,0.0,-65.2528217019995,0.0,7.965840958786535,0.0,-8.179297668222516,0.0,3.1068365025320475,0.0,3.604476313538462,0.0,-9.123806799676531,0.0,0.0,0.0,0.0,0.0,9.81
4.715,0.0,-62.86048323067087,0.0,7.761533442337324,0.0,-8.52376546620606,0.0,1.0969746890350915,0.0,3.7921430051623544,0.0,-9.047416838664935,0.0,0.0,0.0,0.0,0.0,9.81
4.72,0.0,-60.2290760072104,0.0,7.52070870941871,0.0,-8.8551746819322,0.0,-0.9424771723410501,0.0,3.9784373360408107,0.0,-8.967058402238969,0.0,0.0,0.0,0.0,0.0,9.81
4.7250000000000005,0.0,-57.35734717476893,0.0,7.241120832827326,0.0,-9.168756407181728,0.0,-3.0170506792066405,0.0,4.16282001957582,0.0,-8.882962878589101,0.0,0.0,0.0,0.0,0.0,9.81
4.73,0.0,-54.24662990207653,0.0,6.9212001852533795,0.0,-9.459663932907766,0.0,-5.132096744876937,0.0,4.344762070820574,0.0,-8.795404626684464,0.0,0.0,0.0,0.0,0.0,9.81
4.735,0.0,-50.90204611876197,0.0,6.56025228989851,0.0,-9.723004983524344,0.0,-7.29194078461418,0.0,4.523745898331185,0.0,-8.704701202045493,0.0,0.0,0.0,0.0,0.0,9.81
4.74,0.0,-47.333718198250125,0.0,6.158648707895001,0.0,-9.953921745251531,0.0,-9.499028341606003,0.0,4.699266539368402,0.0,-8.611213266458202,0.0,0.0,0.0,0.0,0.0,9.81
4.745,0.0,-43.55789810773551,0.0,5.717995459122568,0.0,-10.147722687904206,0.0,-11.753110714337236,0.0,4.870833163526786,0.0,-8.515344042864399,0.0,0.0,0.0,0.0,0.0,9.81
4.75,0.0,-39.597885849382564,0.0,5.241259273111185,0.0,-10.300065207985394,0.0,-14.050539005519735,0.0,5.037970939971334,0.0,-8.417538156581776,0.0,0.0,0.0,0.0,0.0,9.81
4.755,0.0,-35.48458425667467,0.0,4.732828783630098,0.0,-10.407181351570085,0.0,-16.383748188915206,0.0,5.200223320225624,0.0,-8.318279698994337,0.0,0.0,0.0,0.0,0.0,9.81
4.76,0.0,-31.256534593262373,0.0,4.1984881192483865,0.0,-10.466130915337544,0.0,-18.741015022776875,0.0,5.357154732594933,0.0,-8.21808936496607,0.0,0.0,0.0,0.0,0.0,9.81
4.765,0.0,-26.959305843803968,0.0,3.645285452186925,0.0,-10.475058334697565,0.0,-21.10656022448249,0.0,5.5083536192697125,0.0,-8.117520553769431,0.0,0.0,0.0,0.0,0.0,9.81
4.7700000000000005,0.0,-22.644173978765963,0.0,3.0812893905365275,0.0,-10.43342375401648,0.0,-23.46103401808398,0.0,5.653435679390173,0.0,-8.01715438541843,0.0,0.0,0.0,0.0,0.0,9.81
4.775,0.0,-18.36612112687404,0.0,2.515240762105435,0.0,-10.342176501720242,0.0,-25.782377040300158,0.0,5.792047119861877,0.0,-7.917593665808105,0.0,0.0,0.0,0.0,0.0,9.81
4.78,0.0,-14.181293626958734,0.0,1.9561239614710122,0.0,-10.20384237746363,0.0,-28.046992896668005,0.0,5.923867670698998,0.0,-7.819455926249799,0.0,0.0,0.0,0.0,0.0,9.81
4.785,0.0,-10.14415927156259,0.0,1.4126970703964936,0.0,-10.022505103931415,0.0,-30.231115931689555,0.0,6.0486131024357785,0.0,-7.723365753415508,0.0,0.0,0.0,0.0,0.0,9.81
4.79,0.0,-6.304672292865973,0.0,0.8930296202213694,0.0,-9.803675877934865,0.0,-32.31222091366887,0.0,6.166036995690583,0.0,-7.62994670037019,0.0,0.0,0.0,0.0,0.0,9.81
4.795,0.0,-2.7057702281906764,0.0,0.40409832233218634,0.0,-9.554060604702212,0.0,-34.27031048382875,0.0,6.27593155806876,0.0,-7.539813115722098,0.0,0.0,0.0,0.0,0.0,9.81
4.8,0.0,0.6185167482178358,0.0,-0.048516449912448634,0.0,-9.28124875437064,0.0,-36.088935086419035,0.0,6.378127356065216,0.0,-7.453562237831293,0.0,0.0,0.0,0.0,0.0,9.81
4.805,0.0,3.6441566645680794,0.0,-0.46080558470308186,0.0,-8.993357705328595,0.0,-37.75584438735323,0.0,6.472491919175194,0.0,-7.371766872808016,0.0,0.0,0.0,0.0,0.0,9.81
4.8100000000000005,0.0,6.357339865402196,0.0,-0.8303685468799933,0.0,-8.698669998619856,0.0,-39.26322799238729,0.0,6.55892726688411,0.0,-7.294968913830176,0.0,0.0,0.0,0.0,0.0,9.81
4.815,0.0,8.753889412184137,0.0,-1.156322542421881,0.0,-8.40529790771606,0.0,-40.607562804039816,0.0,6.637366493535066,0.0,-7.223673875618587,0.0,0.0,0.0,0.0,0.0,9.81
4.82,0.0,10.838005813386651,0.0,-1.4391074480990997,0.0,-8.120901529485495,0.0,-41.789132366303534,0.0,6.707769611061718,0.0,-7.158346524953655,0.0,0.0,0.0,0.0,0.0,9.81
4.825,0.0,12.620549902876604,0.0,-1.68021875301336,0.0,-7.852475611776326,0.0,-42.81131262371155,0.0,6.770118889585324,0.0,-7.099407598842045,0.0,0.0,0.0,0.0,0.0,9.81
4.83,0.0,14.11708182806754,0.0,-1.88190267536438,0.0,-7.606209094662434,0.0,-43.67972718357071,0.0,6.824413950194212,0.0,-7.047231526578593,0.0,0.0,0.0,0.0,0.0,9.81
4.835,0.0,15.345854093876248,0.0,-2.0468443156050893,0.0,-7.387411867058776,0.0,-44.40136686661826,0.0,6.8706668562181985,0.0,-7.002145016697812,0.0,0.0,0.0,0.0,0.0,9.81
4.84,0.0,16.32591526147087,0.0,-2.177873175168279,0.0,-7.200496654212095,0.0,-44.98374924371617,0.0,6.908897424869891,0.0,-6.9644263367206225,0.0,0.0,0.0,0.0,0.0,9.81
4.845,0.0,17.07543173180501,0.0,-2.277702683999603,0.0,-7.049000497619941,0.0,-45.43417058758754,0.0,6.939128946965445,0.0,-6.934305101362778,0.0,0.0,0.0,0.0,0.0,9.81
4.8500000000000005,0.0,17.610288935030674,0.0,-2.348713204975617,0.0,-6.9356295666949705,0.0,-45.759080587396326,0.0,6.961384464708211,0.0,-6.911962390043601,0.0,0.0,0.0,0.0,0.0,9.81
4.855,0.0,17.9429969896268,0.0,-2.392782354642065,0.0,-6.862312328213393,0.0,-45.96359266701265,0.0,6.975683720926931,0.0,-6.897531032810525,0.0,0.0,0.0,0.0,0.0,9.81
4.86,0.0,18.08190225587348,0.0,-2.4111628166576864,0.0,-6.830248631828706,0.0,-46.05113123245582,0.0,6.98204086062214,0.0,-6.891095930990665,0.0,0.0,0.0,0.0,0.0,9.81
4.865,0.0,18.030694848118465,0.0,-2.4044060701850887,0.0,-6.839945425336724,0.0,-46.02321153896202,0.0,6.980462938369809,0.0,-6.892694311539095,0.0,0.0,0.0,0.0,0.0,9.81
4.87,0.0,17.788200780360285,0.0,-2.3723302509360717,0.0,-6.89123318649263,0.0,-45.879347027231915,0.0,6.970949262796063,0.0,-6.902315849684194,0.0,0.0,0.0,0.0,0.0,9.81
4.875,0.0,17.348452665961062,0.0,-2.3140311898758767,0.0,-6.98326055398456,0.0,-45.61708133470592,0.0,6.95349159065518,0.0,-6.919902631493285,0.0,0.0,0.0,0.0,0.0,9.81
4.88,0.0,16.701041018129686,0.0,-2.227936949876564,0.0,-7.114468016264389,0.0,-45.2321459315565,0.0,6.928075166050425,0.0,-6.945348965477002,0.0,0.0,0.0,0.0,0.0,9.81
4.885,0.0,15.831755327571074,0.0,-2.111907301150189,0.0,-7.282544899815501,0.0,-44.71874759219795,0.0,6.894680582799462,0.0,-6.9785010896987245,0.0,0.0,0.0,0.0,0.0,9.81
4.89,0.0,14.723526391397606,0.0,-1.9633799456679293,0.0,-7.4843772907053,0.0,-44.06999084154003,0.0,6.853286427721477,0.0,-7.019156857333823,0.0,0.0,0.0,0.0,0.0,9.81
4.8950000000000005,0.0,13.357675246420413,0.0,-1.7795643618119799,0.0,-7.715997813929876,0.0,-43.2784373873854,0.0,6.803872638030281,0.0,-7.067065518020559,0.0,0.0,0.0,0.0,0.0,9.81
4.9,0.0,11.715456625609797,0.0,-1.5576814434615642,0.0,-7.972551086658443,0.0,-42.33679598921792,0.0,6.746424476226326,0.0,-7.121927742642747,0.0,0.0,0.0,0.0,0.0,9.81
4.905,0.0,9.779854687547385,0.0,-1.2952424296694753,0.0,-8.248290635214472,0.0,-41.238721573841225,0.0,6.680936991313151,0.0,-7.183396062400856,0.0,0.0,0.0,0.0,0.0,9.81
4.91,0.0,7.537546990512382,0.0,-0.990354129583728,0.0,-8.53662341344219,0.0,-39.979682302008165,0.0,6.607419797848718,0.0,-7.251075905291675,0.0,0.0,0.0,0.0,0.0,9.81
4.915,0.0,4.9809040544547045,0.0,-0.642029866213751,0.0,-8.83021601320432,0.0,-38.55783011348621,0.0,6.525901968100758,0.0,-7.324527410088356,0.0,0.0,0.0,0.0,0.0,9.81
4.92,0.0,2.1098453309984535,0.0,-0.25047825957321657,0.0,-9.12117162276601,0.0,-36.97478847201156,0.0,6.436436802888252,0.0,-7.4032681755903855,0.0,0.0,0.0,0.0,0.0,9.81
4.925,0.0,-1.0666595169271034,0.0,0.18266313984579255,0.0,-9.401278660262022,0.0,-35.236256736685284,0.0,6.339106230091246,0.0,-7.486777058780336,0.0,0.0,0.0,0.0,0.0,9.81
4.93,0.0,-4.529658809414119,0.0,0.6541831706451584,0.0,-9.662321465973404,0.0,-33.352330425488816,0.0,6.234024582735492,0.0,-7.5744990698400185,0.0,0.0,0.0,0.0,0.0,9.81
4.9350000000000005,0.0,-8.250036120868923,0.0,1.1592699899251764,0.0,-9.896432076422935,0.0,-31.337455662160163,0.0,6.121341535769383,0.0,-7.665851328840438,0.0,0.0,0.0,0.0,0.0,9.81
4.94,0.0,-12.189179362073446,0.0,1.691618664098014,0.0,-10.096452269682304,0.0,-29.20997542202593,0.0,6.001244033556005,0.0,-7.760229956641728,0.0,0.0,0.0,0.0,0.0,9.81
4.945,0.0,-16.300494382183054,0.0,2.2436736292377004,0.0,-10.256269317749448,0.0,-26.991280278254656,0.0,5.873957115506402,0.0,-7.85701768293641,0.0,0.0,0.0,0.0,0.0,9.81
4.95,0.0,-20.531632629391577,0.0,2.8069871281510332,0.0,-10.371089175580403,0.0,-24.704637028044026,0.0,5.739743637115299,0.0,-7.955591880838438,0.0,0.0,0.0,0.0,0.0,9.81
4.955,0.0,-24.8271931405505,0.0,3.3726574710940493,0.0,-10.437617791785982,0.0,-22.37382133332214,0.0,5.598902976058166,0.0,-8.055332692132138,0.0,0.0,0.0,0.0,0.0,9.81
4.96,0.0,-29.131589795184805,0.0,3.93179956430199,0.0,-10.454133716443215,0.0,-20.021712536717832,0.0,5.4517688945973255,0.0,-8.155630898255948,0.0,0.0,0.0,0.0,0.0,9.81
4.965,0.0,-33.39176173253644,0.0,4.47599722842956,0.0,-10.42045056152143,0.0,-17.669012309006742,0.0,5.298706788399153,0.0,-8.25589522103079,0.0,0.0,0.0,0.0,0.0,9.81
4.97,0.0,-37.559449283775415,0.0,4.997692751404774,0.0,-10.33778276855034,0.0,-15.333223616823718,0.0,5.140110580191319,0.0,-8.355558798955213,0.0,0.0,0.0,0.0,0.0,9.81
4.9750000000000005,0.0,-41.59284582075327,0.0,5.490481950824045,0.0,-10.208539507865439,0.0,-13.027980047455095,0.0,4.9763995124013185,0.0,-8.454084668912166,0.0,0.0,0.0,0.0,0.0,9.81
4.98,0.0,-45.457544035415054,0.0,5.949299295230101,0.0,-10.036077514360443,0.0,-10.762759849273198,0.0,4.808015059643485,0.0,-8.55097017574815,0.0,0.0,0.0,0.0,0.0,9.81
4.985,0.0,-49.12679830373695,0.0,6.370493559978717,0.0,-9.824443949830762,0.0,-8.542966754325636,0.0,4.635418127587179,0.0,-8.645750319922495,0.0,0.0,0.0,0.0,0.0,9.81
4.99,0.0,-52.58120370206862,0.0,6.751807062778519,0.0,-9.578136019519219,0.0,-6.370320269510312,0.0,4.459086639317932,0.0,-8.738000125588043,0.0,0.0,0.0,0.0,0.0,9.81
4.995,0.0,-55.80793737733553,0.0,7.092279138320678,0.0,-9.30189688446966,0.0,-4.243476192327829,0.0,4.279513543514593,0.0,-8.827336161653676,0.0,0.0,0.0,0.0,0.0,9.81
5.0,0.0,-58.7997194429583,0.0,7.392097028659223,0.0,-9.000559338958933,0.0,-2.1587932706658908,0.0,4.097205218334984,0.0,-8.913417374728626,0.0,0.0,0.0,0.0,0.0,9.81
5.005,0.0,-61.55363533068218,0.0,7.652415712373453,0.0,-8.678941309641164,0.0,-0.11117043104924029,0.0,3.9126801956937793,0.0,-8.99594539725171,0.0,0.0,0.0,0.0,0.0,9.81
5.01,0.0,-64.06992953110459,0.0,7.875163808468532,0.0,-8.34179139778162,0.0,1.9051043355354542,0.0,3.7264680945836424,0.0,-9.074664480901635,0.0,0.0,0.0,0.0,0.0,9.81
5.015,0.0,-66.35084158132567,0.0,8.062847023560842,0.0,-7.993778723902318,0.0,3.8955324657224963,0.0,3.539108628802433,0.0,-9.149361179964206,0.0,0.0,0.0,0.0,0.0,9.81
5.0200000000000005,0.0,-68.3995164395007,0.0,8.218354820425809,0.0,-7.639519073619039,0.0,5.86463038177653,0.0,3.3511505418633147,0.0,-9.2198638770388,0.0,0.0,0.0,0.0,0.0,9.81
5.025,0.0,-70.21898759235548,0.0,8.344770820941438,0.0,-7.283628343876747,0.0,7.8152052283515,0.0,3.1631503170965067,0.0,-9.286042208867277,0.0,0.0,0.0,0.0,0.0,9.81
5.03,0.0,-71.81120443047158,0.0,8.445183291773626,0.0,-6.93079401164069,0.0,9.747671055878484,0.0,2.9756705108858017,0.0,-9.347806416634361,0.0,0.0,0.0,0.0,0.0,9.81
5.035,0.0,-73.17605599046429,0.0,8.522489013939907,0.0,-6.585855267785127,0.0,11.65938673123976,0.0,2.7892775586834606,0.0,-9.40510661516645,0.0,0.0,0.0,0.0,0.0,9.81
5.04,0.0,-74.31033081319003,0.0,8.579181909208248,0.0,-6.25388212078307,0.0,13.54399154290875,0.0,2.604538904399276,0.0,-9.457931950413885,0.0,0.0,0.0,0.0,0.0,9.81
5.045,0.0,-75.20654736141071,0.0,8.617117012510121,0.0,-5.940242803857834,0.0,15.390712821167691,0.0,2.422019302025144,0.0,-9.506309595052892,0.0,0.0,0.0,0.0,0.0,9.81
5.05,0.0,-75.85159223169933,0.0,8.637240918066999,0.0,-5.650646925571757,0.0,17.1836225238142,0.0,2.2422761327338323,0.0,-9.55030351806684,0.0,0.0,0.0,0.0,0.0,9.81
5.055,0.0,-76.22511723202379,0.0,8.639282139761086,0.0,-5.391148797959152,0.0,18.900828276915128,0.0,2.065853570986479,0.0,-9.590012955504774,0.0,0.0,0.0,0.0,0.0,9.81
5.0600000000000005,0.0,-76.29767690418441,0.0,8.621399755432765,0.0,-5.168091232567972,0.0,20.513601845788806,0.0,1.8932754206990312,0.0,-9.625570505825898,0.0,0.0,0.0,0.0,0.0,9.81
5.065,0.0,-76.0286442054595,0.0,8.579797573737448,0.0,-4.987965098673627,0.0,21.98547916896915,0.0,1.725036430852694,0.0,-9.65713977382119,0.0,0.0,0.0,0.0,0.0,9.81
5.07,0.0,-75.36403621581601,0.0,8.508325678356266,0.0,-4.857154959451947,0.0,23.271417283083984,0.0,1.5615918961784399,0.0,-9.68491249161078,0.0,0.0,0.0,0.0,0.0,9.81
5.075,0.0,-74.234528294192,0.0,8.398113625689158,0.0,-4.781538024631926,0.0,24.317171794844512,0.0,1.4033453648520833,0.0,-9.709105053377602,0.0,0.0,0.0,0.0,0.0,9.81
5.08,0.0,-72.55414565382448,0.0,8.237311370134478,0.0,-4.765905935369746,0.0,25.05916911177239,0.0,1.2506343304230836,0.0,-9.729954412370356,0.0,0.0,0.0,0.0,0.0,9.81
5.085,0.0,-70.22039373947212,0.0,8.01105461890056,0.0,-4.813192044498038,0.0,25.425287577984236,0.0,1.103713906301686,0.0,-9.747713304856678,0.0,0.0,0.0,0.0,0.0,9.81
5.09,0.0,-67.11688747992653,0.0,7.701815205587732,0.0,-4.923518361307402,0.0,25.337109715730094,0.0,0.9627387019027478,0.0,-9.762644787397035,0.0,0.0,0.0,0.0,0.0,9.81
5.095,0.0,-63.11976709890099,0.0,7.290329536055877,0.0,-5.093133965808292,0.0,24.714309688271605,0.0,0.8277434753730092,0.0,-9.775016103138455,0.0,0.0,0.0,0.0,0.0,9.81
5.1000000000000005,0.0,-58.10915878240374,0.0,6.757291662480711,0.0,-5.313403791527495,0.0,23.48179554613398,0.0,0.6986236520440182,0.0,-9.785091932637092,0.0,0.0,0.0,0.0,0.0,9.81
5.105,0.0,-51.98638142009135,0.0,6.085912549606578,0.0,-5.570113382873531,0.0,21.57989237404234,0.0,0.575117457087634,0.0,-9.793127138034022,0.0,0.0,0.0,0.0,0.0,9.81
5.11,0.0,-44.69624541545705,0.0,5.265244858468163,0.0,-5.84344761239948,0.0,18.97709304717921,0.0,0.4567921314269349,0.0,-9.799359178092105,0.0,0.0,0.0,0.0,0.0,9.81
5.115,0.0,-36.25157917049286,0.0,4.293846332039457,0.0,-6.109016191278735,0.0,15.68370044952266,0.0,0.34303729595505156,0.0,-9.804000454036283,0.0,0.0,0.0,0.0,0.0,9.81
5.12,0.0,-26.754517752487825,0.0,3.182974270418417,0.0,-6.340159028787623,0.0,11.763301925230582,0.0,0.23306871179699284,0.0,-9.807230934289684,0.0,0.0,0.0,0.0,0.0,9.81
5.125,0.0,-16.407272882660912,0.0,1.9582411999234386,0.0,-6.51142738012002,0.0,7.338091368800994,0.0,0.12594512858681323,0.0,-9.80919148338328,0.0,0.0,0.0,0.0,0.0,9.81
5.13,0.0,-5.505663066443581,0.0,0.6587483443919157,0.0,-6.602662466453235,0.0,2.5844313939793837,0.0,0.020599409941192363,0.0,-9.80997836209609,0.0,0.0,0.0,0.0,0.0,9.81
5.135,0.0,5.5873761644035564,0.0,-0.666707234096932,0.0,-6.602678258377399,0.0,-2.282754377803734,0.0,-0.0841172208552799,0.0,-9.809639346344015,0.0,0.0,0.0,0.0,0.0,9.81
5.14,0.0,16.48455372353631,0.0,-1.9658022068100234,0.0,-6.5114596882297295,0.0,-7.03460032682316,0.0,-0.18938163259225727,0.0,-9.808171815506944,0.0,0.0,0.0,0.0,0.0,9.81
5.1450000000000005,0.0,26.82324839633364,0.0,-3.1897714975356797,0.0,-6.340158815027124,0.0,-11.456374494579315,0.0,-0.2963418872490594,0.0,-9.805522992348973,0.0,0.0,0.0,0.0,0.0,9.81
5.15,0.0,36.30820353009928,0.0,-4.299569356670716,0.0,-6.1088906459385495,0.0,-15.372057144541367,0.0,-0.4060637582787403,0.0,-9.80159230737008,0.0,0.0,0.0,0.0,0.0,9.81
5.155,0.0,44.737909669572026,0.0,-5.269648838049863,0.0,-5.843048572215107,0.0,-18.659882713479185,0.0,-0.5194866065487884,0.0,-9.796235657416064,0.0,0.0,0.0,0.0,0.0,9.81
5.16,0.0,52.0109647141675,0.0,-6.088815175464582,0.0,-5.569228517067799,0.0,-21.256708460951728,0.0,-0.6373924126042056,0.0,-9.789271176286086,0.0,0.0,0.0,0.0,0.0,9.81
5.165,0.0,58.11522191716881,0.0,-6.758561203662301,0.0,-5.31175354213349,0.0,-23.152637901096053,0.0,-0.7603891015253386,0.0,-9.780486058836324,0.0,0.0,0.0,0.0,0.0,9.81
5.17,0.0,63.10645937654553,0.0,-7.289869710806367,0.0,-5.0903749128266025,0.0,-24.379514907111304,0.0,-0.8889069536860055,0.0,-9.7696439788905,0.0,0.0,0.0,0.0,0.0,9.81
5.175,0.0,67.0838478120192,0.0,-7.699551819539861,0.0,-4.919251802072126,0.0,-24.997271984496173,0.0,-1.023205397634459,0.0,-9.756492695115446,0.0,0.0,0.0,0.0,0.0,9.81
5.18,0.0,70.16766944319482,0.0,-8.006926960274034,0.0,-4.8069756920482405,0.0,-25.081185575720376,0.0,-1.1633869313436325,0.0,-9.740771521128156,0.0,0.0,0.0,0.0,0.0,9.81
5.1850000000000005,0.0,72.48213898250759,0.0,-8.231269375219885,0.0,-4.757266670736418,0.0,-24.711707261022454,0.0,-1.3094151051732381,0.0,-9.722218423514821,0.0,0.0,0.0,0.0,0.0,9.81
5.19,0.0,74.14397106651347,0.0,-8.390120433909635,0.0,-4.769984190957302,0.0,-23.967338512171033,0.0,-1.461134098558425,0.0,-9.700576589864559,0.0,0.0,0.0,0.0,0.0,9.81
5.195,0.0,75.25598782494043,0.0,-8.49836449385997,0.0,-4.8421873777216184,0.0,-22.920259573443513,0.0,-1.6182881442569697,0.0,-9.675600372458092,0.0,0.0,0.0,0.0,0.0,9.81
5.2,0.0,75.90450676182272,0.0,-8.567881573322328,0.0,-4.969086582157067,0.0,-21.63409150194206,0.0,-1.7805397136601517,0.0,-9.647060561688685,0.0,0.0,0.0,0.0,0.0,9.81
5.205,0.0,76.15922176329386,0.0,-8.607583899298094,0.0,-5.1448147962105155,0.0,-20.163126998287794,0.0,-1.947485890782817,0.0,-9.614748979149075,0.0,0.0,0.0,0.0,0.0,9.81
5.21,0.0,76.07451843133028,0.0,-8.623675965757325,0.0,-5.363005007912662,0.0,-18.552468079298773,0.0,-2.118672718119308,0.0,-9.578482406756727,0.0,0.0,0.0,0.0,0.0,9.81
5.215,0.0,75.6914636335828,0.0,-8.620021617371455,0.0,-5.617190956117565,0.0,-16.838656787712893,0.0,-2.2936075180521125,0.0,-9.538105888019953,0.0,0.0,0.0,0.0,0.0,9.81
5.22,0.0,75.03998118956505,0.0,-8.598542239239434,0.0,-5.9010618087069275,0.0,-15.050524942374917,0.0,-2.4717693143429655,0.0,-9.49349545244439,0.0,0.0,0.0,0.0,0.0,9.81
5.2250000000000005,0.0,74.14093563566867,0.0,-8.559601848693314,0.0,-6.208603514642117,0.0,-13.210099274846952,0.0,-2.6526175332557687,0.0,-9.444560325198873,0.0,0.0,0.0,0.0,0.0,9.81
5.23,0.0,73.00799202382002,0.0,-8.502357222649035,0.0,-6.534156467957151,0.0,-11.333476394022812,0.0,-2.83559917984739,0.0,-9.391244691910856,0.0,0.0,0.0,0.0,0.0,9.81
5.235,0.0,71.64921334738632,0.0,-8.425065732571952,0.0,-6.872414110526496,0.0,-9.431632992564982,0.0,-3.02015468078968,0.0,-9.333529092808027,0.0,0.0,0.0,0.0,0.0,9.81
5.24,0.0,70.06841286851304,0.0,-8.325352361333882,0.0,-7.218382063543486,0.0,-7.511167667804827,0.0,-3.2057225728694076,0.0,-9.271431521055801,0.0,0.0,0.0,0.0,0.0,9.81
5.245,0.0,68.266308764753,0.0,-8.200442254775943,0.0,-7.5673131781077725,0.0,-5.574988056408856,0.0,-3.3917432031224646,0.0,-9.205008296617562,0.0,0.0,0.0,0.0,0.0,9.81
5.25,0.0,66.2415421314649,0.0,-8.047367448012348,0.0,-7.9146308150704066,0.0,-3.622965429215734,0.0,-3.5776615959932903,0.0,-9.134354778814325,0.0,0.0,0.0,0.0,0.0,9.81
5.255,0.0,63.99162218462124,0.0,-7.86315695810641,0.0,-8.255850678349537,0.0,-1.6525815418181171,0.0,-3.762929636297056,0.0,-9.059605967583328,0.0,0.0,0.0,0.0,0.0,9.81
5.26,0.0,61.51385757697403,0.0,-7.6450187209357985,0.0,-8.586510451712972,0.0,0.34040891661710226,0.0,-3.9470077139671416,0.0,-8.980937025007345,0.0,0.0,0.0,0.0,0.0,9.81
5.265,0.0,58.806321264437265,0.0,-7.390520069072703,0.0,-8.90211605200454,0.0,2.3612818049783675,0.0,-4.129365976495237,0.0,-8.898563725098294,0.0,0.0,0.0,0.0,0.0,9.81
5.2700000000000005,0.0,55.86887842731577,0.0,-7.097770641824403,0.0,-9.19811316421784,0.0,4.415602697028679,0.0,-4.309485335831051,0.0,-8.8127428116423,0.0,0.0,0.0,0.0,0.0,9.81
5.275,0.0,52.70428233088048,0.0,-6.765607794676736,0.0,-9.469892446619264,0.0,6.5084432174454125,0.0,-4.486858375993961,0.0,-8.723772212402938,0.0,0.0,0.0,0.0,0.0,9.81
5.28,0.0,49.319311998504546,0.0,-6.393779830875072,0.0,-9.712835908313673,0.0,8.643571177701524,0.0,-4.660990303069338,0.0,-8.631991025270448,0.0,0.0,0.0,0.0,0.0,9.81
5.285,0.0,45.72588988343939,0.0,-5.983117030919788,0.0,-9.922409972778873,0.0,10.822648914676133,0.0,-4.8314000677578735,0.0,-8.537779161189864,0.0,0.0,0.0,0.0,0.0,9.81
5.29,0.0,41.94208128053354,0.0,-5.53567515293235,0.0,-10.094307233945381,0.0,13.0444927136899,0.0,-4.99762176954236,0.0,-8.441556504057584,0.0,0.0,0.0,0.0,0.0,9.81
5.295,0.0,37.99284651329549,0.0,-5.054831834083001,0.0,-10.224633698777714,0.0,15.304462119033733,0.0,-5.159206418875893,0.0,-8.34378143413309,0.0,0.0,0.0,0.0,0.0,9.81
5.3,0.0,33.91040059352912,0.0,-4.545314440573232,0.0,-10.310131608669508,0.0,17.594056889934176,0.0,-5.31572408901763,0.0,-8.244948563874233,0.0,0.0,0.0,0.0,0.0,9.81
5.305,0.0,29.734042218217894,0.0,-4.013139716242292,0.0,-10.348420507857355,0.0,19.900796597958987,0.0,-5.466766433785262,0.0,-8.14558555760351,0.0,0.0,0.0,0.0,0.0,9.81
5.3100000000000005,0.0,25.50935146492589,0.0,-3.4654519901251333,0.0,-10.338232422124523,0.0,22.208439719901595,0.0,-5.611949485699745,0.0,-8.04624895107185,0.0,0.0,0.0,0.0,0.0,9.81
5.315,0.0,21.286724452141314,0.0,-2.9102577396679403,0.0,-10.279612558890165,0.0,24.49756474258687,0.0,-5.750916587542966,0.0,-7.9475189524975915,0.0,0.0,0.0,0.0,0.0,9.81
5.32,0.0,17.119306127821325,0.0,-2.356068702798102,0.0,-10.174056542705179,0.0,26.74648874020825,0.0,-5.883341257954368,0.0,-7.849993287600854,0.0,0.0,0.0,0.0,0.0,9.81
5.325,0.0,13.06048286728679,0.0,-1.811480913436773,0.0,-10.02455994465943,0.0,28.93244718529267,0.0,-6.008929757555824,0.0,-7.7542802380817015,0.0,0.0,0.0,0.0,0.0,9.81
5.33,0.0,9.161182355508277,0.0,-1.2847296036819875,0.0,-9.83556567621863,0.0,31.032913648468398,0.0,-6.127423113855819,0.0,-7.660991103666097,0.0,0.0,0.0,0.0,0.0,9.81
5.335,0.0,5.467277153803437,0.0,-0.7832665966542365,0.0,-9.61280821877339,0.0,33.02691085236683,0.0,-6.238598384853728,0.0,-7.570732379516339,0.0,0.0,0.0,0.0,0.0,9.81
5.34,0.0,2.017385839939493,0.0,-0.3134055490154345,0.0,-9.363068009802237,0.0,34.896162943089,0.0,-6.342268991784888,0.0,-7.484097973022399,0.0,0.0,0.0,0.0,0.0,9.81
5.345,0.0,-1.1586898205209337,0.0,0.11992886199591557,0.0,-9.093861520676679,0.0,36.62596400450089,0.0,-6.438284024475277,0.0,-7.4016617811189205,0.0,0.0,0.0,0.0,0.0,9.81
5.3500000000000005,0.0,-4.040748951854937,0.0,0.5133269214723788,0.0,-8.813100049339134,0.0,38.20568383053743,0.0,-6.526526507880793,0.0,-7.323970911866384,0.0,0.0,0.0,0.0,0.0,9.81
5.355,0.0,-6.618167628833071,0.0,0.8648917949125162,0.0,-8.528751696577993,0.0,39.62888771510027,0.0,-6.606910703350393,0.0,-7.2515397686308765,0.0,0.0,0.0,0.0,0.0,9.81
5.36,0.0,-8.889143727107772,0.0,1.1741224244798847,0.0,-8.248536661655676,0.0,40.89310000542369,0.0,-6.679378591647762,0.0,-7.184845132590188,0.0,0.0,0.0,0.0,0.0,9.81
5.365,0.0,-10.859366055609698,0.0,1.4417063606371747,0.0,-7.979677475688781,0.0,41.9992812573868,0.0,-6.743895738600834,0.0,-7.124322291927072,0.0,0.0,0.0,0.0,0.0,9.81
5.37,0.0,-12.540304439559733,0.0,1.6692535695047976,0.0,-7.728715369312737,0.0,42.951110725939735,0.0,-6.800446774570644,0.0,-7.070362185379744,0.0,0.0,0.0,0.0,0.0,9.81
5.375,0.0,-13.947321585859235,0.0,1.8590026515082296,0.0,-7.501393876979266,0.0,43.75416958708257,0.0,-6.849030726219406,0.0,-7.0233094622816825,0.0,0.0,0.0,0.0,0.0,9.81
5.38,0.0,-15.097783168160667,0.0,2.0135269505862134,0.0,-7.302602650440748,0.0,44.415109690340856,0.0,-6.889656427139115,0.0,-6.983461315471655,0.0,0.0,0.0,0.0,0.0,9.81
5.385,0.0,-16.00930179118511,0.0,2.13546160830345,0.0,-7.136369101114635,0.0,44.94087367616849,0.0,-6.922338208470674,0.0,-6.951066918440985,0.0,0.0,0.0,0.0,0.0,9.81
5.39,0.0,-16.69820525282327,0.0,2.2272655527186753,0.0,-7.00588297085185,0.0,45.33801080501632,0.0,-6.947092037774472,0.0,-6.926327291949392,0.0,0.0,0.0,0.0,0.0,9.81
5.3950000000000005,0.0,-17.178278903272542,0.0,2.291026095889787,0.0,-6.9135387867747164,0.0,45.61211333135676,0.0,-6.9639322394145555,0.0,-6.9093954345836925,0.0,0.0,0.0,0.0,0.0,9.81
5.4,0.0,-17.459801196940035,0.0,2.3283090520793546,0.0,-6.860982707116059,0.0,45.76738337277365,0.0,-6.97286889646288,0.0,-6.900376572318909,0.0,0.0,0.0,0.0,0.0,9.81
5.405,0.0,-17.548872525577423,0.0,2.340054348507847,0.0,-6.849152839669909,0.0,45.80633090521501,0.0,-6.973906004837954,0.0,-6.899328410315136,0.0,0.0,0.0,0.0,0.0,9.81
5.41,0.0,-17.44702927709099,0.0,2.3265158488911926,0.0,-6.878305190638072,0.0,45.72959940582482,0.0,-6.967040425743123,0.0,-6.906261302939039,0.0,0.0,0.0,0.0,0.0,9.81
5.415,0.0,-17.151135333357615,0.0,2.287244165469457,0.0,-6.94802065561058,0.0,45.53591560750251,0.0,-6.95226166189891,0.0,-6.921138293212051,0.0,0.0,0.0,0.0,0.0,9.81
5.42,0.0,-16.653548620119793,0.0,2.2211120876935495,0.0,-7.057191750613762,0.0,45.222162252219455,0.0,-6.929552465130586,0.0,-6.943875009206738,0.0,0.0,0.0,0.0,0.0,9.81
5.425,0.0,-15.942567226615807,0.0,2.126383341430782,0.0,-7.203991070716427,0.0,44.78357588752685,0.0,-6.898890265633263,0.0,-6.97433944148778,0.0,0.0,0.0,0.0,0.0,9.81
5.43,0.0,-15.003164312017866,0.0,2.000826134520575,0.0,-7.385826762696193,0.0,44.21407385424043,0.0,-6.8602493946064875,0.0,-7.0123516618196495,0.0,0.0,0.0,0.0,0.0,9.81
5.4350000000000005,0.0,-13.818019903272173,0.0,1.8418727821004501,0.0,-7.5992935608023355,0.0,43.50671392669772,0.0,-6.813604050053039,0.0,-7.0576835781018055,0.0,0.0,0.0,0.0,0.0,9.81
5.44,0.0,-12.368847554470747,0.0,1.6468251395685993,0.0,-7.84013098299003,0.0,42.65428505269355,0.0,-6.758931929075429,0.0,-7.110058852331766,0.0,0.0,0.0,0.0,0.0,9.81
5.445,0.0,-10.637992413543444,0.0,1.4131022492833978,0.0,-8.103202753081309,0.0,41.65001722904428,0.0,-6.696218418644771,0.0,-7.1691531350037705,0.0,0.0,0.0,0.0,0.0,9.81
5.45,0.0,-8.610244049347095,0.0,1.1385214512044888,0.0,-8.382512837340153,0.0,40.488382555872086,0.0,-6.625461201564886,0.0,-7.2345947875088426,0.0,0.0,0.0,0.0,0.0,9.81
5.455,0.0,-6.274764769428536,0.0,0.8215975716997262,0.0,-8.671272962044396,0.0,39.16593913837066,0.0,-6.546675097837717,0.0,-7.30596626990931,0.0,0.0,0.0,0.0,0.0,9.81
5.46,0.0,-3.6269881178093257,0.0,0.4618376060017739,0.0,-8.962033436353796,0.0,37.68214774532782,0.0,-6.4598969281771,0.0,-7.382806360875401,0.0,0.0,0.0,0.0,0.0,9.81
5.465,0.0,-0.6703025924028765,0.0,0.060002049877360325,0.0,-9.246883143060126,0.0,36.04007282454957,0.0,-6.3651901617393065,0.0,-7.46461334630716,0.0,0.0,0.0,0.0,0.0,9.81
5.47,0.0,2.5826852513549845,0.0,-0.3816993810955062,0.0,-9.517715849877009,0.0,34.2468706667749,0.0,-6.262649100587359,0.0,-7.550849261844672,0.0,0.0,0.0,0.0,0.0,9.81
5.4750000000000005,0.0,6.109504169303776,0.0,-0.859508609258163,0.0,-9.766549506875748,0.0,32.31397402069496,0.0,-6.1524023646881725,0.0,-7.640945203781998,0.0,0.0,0.0,0.0,0.0,9.81
5.48,0.0,9.87793553896243,0.0,-1.368140378617365,0.0,-9.985874728248842,0.0,30.25690780614918,0.0,-6.0346154768505835,0.0,-7.734307638373714,0.0,0.0,0.0,0.0,0.0,9.81
5.485,0.0,13.846956412210059,0.0,-1.9009344842377764,0.0,-10.169000541966104,0.0,28.094713906480806,0.0,-5.909492406739551,0.0,-7.8303255504975695,0.0,0.0,0.0,0.0,0.0,9.81
5.49,0.0,17.968459262667288,0.0,-2.4501326966092196,0.0,-10.310361994002754,0.0,25.849018078625438,0.0,-5.777276012151944,0.0,-7.928378191140251,0.0,0.0,0.0,0.0,0.0,9.81
5.495,0.0,22.18958500259735,0.0,-3.0072561705270475,0.0,-10.405756754794847,0.0,23.542827889530674,0.0,-5.638247404922974,0.0,-8.02784312175143,0.0,0.0,0.0,0.0,0.0,9.81
5.5,0.0,26.455413653515095,0.0,-3.5635444027461434,0.0,-10.452486497713064,0.0,21.199194504159006,0.0,-5.492724356023251,0.0,-8.128104222465632,0.0,0.0,0.0,0.0,0.0,9.81
5.505,0.0,30.71170887879335,0.0,-4.110408615390113,0.0,-10.44939190055532,0.0,18.83989247363017,0.0,-5.341058927005063,0.0,-8.228559336031005,0.0,0.0,0.0,0.0,0.0,9.81
5.51,0.0,34.90741909427285,0.0,-4.639852561928433,0.0,-10.396784861423177,0.0,16.48426547087437,0.0,-5.183634562677254,0.0,-8.328627259235775,0.0,0.0,0.0,0.0,0.0,9.81
5.515,0.0,38.99669515807568,0.0,-5.144821758477261,0.0,-10.29629477341641,0.0,14.148354585624958,0.0,-5.020862897006897,0.0,-8.427753861746472,0.0,0.0,0.0,0.0,0.0,9.81
5.5200000000000005,0.0,42.94027611177448,0.0,-5.619455658982838,0.0,-10.150654924199833,0.0,11.84437797913317,0.0,-4.853180510610337,0.0,-8.525417197155656,0.0,0.0,0.0,0.0,0.0,9.81
5.525,0.0,46.7061969679865,0.0,-6.059232874463898,0.0,-9.963459000485852,0.0,9.580578183042764,0.0,-4.681045838758734,0.0,-8.621131559506715,0.0,0.0,0.0,0.0,0.0,9.81
5.53,0.0,50.269863967340854,0.0,-6.461013796124755,0.0,-9.73891643658573,0.0,7.361407193956852,0.0,-4.504936371985934,0.0,-8.714450518514278,0.0,0.0,0.0,0.0,0.0,9.81
5.535,0.0,53.61360776248207,0.0,-6.8229954922138685,0.0,-9.481630213239594,0.0,5.187987261927887,0.0,-4.325346226794338,0.0,-8.804969029252947,0.0,0.0,0.0,0.0,0.0,9.81
5.54,0.0,56.725857615167044,0.0,-7.144599449735126,0.0,-9.196413477206383,0.0,3.0587696491989504,0.0,-4.142784100442488,0.0,-8.89232475261316,0.0,0.0,0.0,0.0,0.0,9.81
5.545,0.0,59.60008222978077,0.0,-7.426313833221236,0.0,-8.88815374588942,0.0,0.9703132078249377,0.0,-3.957771567985737,0.0,-8.976198740816619,0.0,0.0,0.0,0.0,0.0,9.81
5.55,0.0,62.233622901533025,0.0,-7.669509484305668,0.0,-8.56172676485144,0.0,-1.081884652113163,0.0,-3.770841635452086,0.0,-9.056315640429334,0.0,0.0,0.0,0.0,0.0,9.81
5.555,0.0,64.6265116633747,0.0,-7.876244269135179,0.0,-8.221956980102036,0.0,-3.1025550347014903,0.0,-3.5825374314305383,0.0,-9.132443548188409,0.0,0.0,0.0,0.0,0.0,9.81
5.5600000000000005,0.0,66.78032963398499,0.0,-8.04906489587772,0.0,-7.873618206101853,0.0,-5.095854183094872,0.0,-3.393410899512998,0.0,-9.20439362779981,0.0,0.0,0.0,0.0,0.0,9.81
5.565,0.0,68.69712505732551,0.0,-8.190809958615711,0.0,-7.521466163861202,0.0,-7.064603455910142,0.0,-3.204021343716796,0.0,-9.272019563606463,0.0,0.0,0.0,0.0,0.0,9.81
5.57,0.0,70.37838026485615,0.0,-8.304413331371297,0.0,-7.1702936755991304,0.0,-9.009571738160291,0.0,-3.0149336753466507,0.0,-9.335216893751518,0.0,0.0,0.0,0.0,0.0,9.81
5.575,0.0,71.82399359584494,0.0,-8.392703439959872,0.0,-6.8249989170355585,0.0,-10.928788393805728,0.0,-2.8267162097648253,0.0,-9.393922234181284,0.0,0.0,0.0,0.0,0.0,9.81
5.58,0.0,73.0312265867249,0.0,-8.458191492694477,0.0,-6.490656759251367,0.0,-12.816867785895163,0.0,-2.6399378625342673,0.0,-9.448112377511299,0.0,0.0,0.0,0.0,0.0,9.81
5.585,0.0,73.99355863797142,0.0,-8.502840515067533,0.0,-6.172582465992282,0.0,-14.66432327092201,0.0,-2.4551645942053746,0.0,-9.497803228501263,0.0,0.0,0.0,0.0,0.0,9.81
5.59,0.0,74.69939167670262,0.0,-8.527807152787231,0.0,-5.876375526590644,0.0,-16.45684986120314,0.0,-2.272954950171195,0.0,-9.543048521065629,0.0,0.0,0.0,0.0,0.0,9.81
5.595,0.0,75.13055830641034,0.0,-8.533150033517034,0.0,-5.607928985822418,0.0,-18.174561684671808,0.0,-2.093854536026637,0.0,-9.583938250343886,0.0,0.0,0.0,0.0,0.0,9.81
5.6000000000000005,0.0,75.26061303287749,0.0,-8.517502680869983,0.0,-5.373386226264,0.0,-19.791185361488335,0.0,-1.9183892606254442,0.0,-9.620596747048536,0.0,0.0,0.0,0.0,0.0,9.81
5.605,0.0,75.05293463841436,0.0,-8.477716628361092,0.0,-5.179022988317195,0.0,-21.27323729194305,0.0,-1.747057171472515,0.0,-9.653180319656302,0.0,0.0,0.0,0.0,0.0,9.81
5.61,0.0,74.45874881565116,0.0,-8.408492970057681,0.0,-5.031028193786418,0.0,-22.57925683809574,0.0,-1.580318706190907,0.0,-9.681874392579966,0.0,0.0,0.0,0.0,0.0,9.81
5.615,0.0,73.41530571216937,0.0,-8.302039818482882,0.0,-4.935154424264567,0.0,-23.659234380808854,0.0,-1.418585199868713,0.0,-9.70689007497888,0.0,0.0,0.0,0.0,0.0,9.81
5.62,0.0,71.84462698923252,0.0,-8.14782037027226,0.0,-4.896210537564077,0.0,-24.45446763919916,0.0,-1.2622055371879932,0.0,-9.728460105376637,0.0,0.0,0.0,0.0,0.0,9.81
5.625,0.0,69.65347061302275,0.0,-7.93249120656438,0.0,-4.9173794274706975,0.0,-24.898199629487166,0.0,-1.111450943195162,0.0,-9.746834132299249,0.0,0.0,0.0,0.0,0.0,9.81
5.63,0.0,66.73542178727027,0.0,-7.64016881828726,0.0,-4.99936956967149,0.0,-24.91752084875796,0.0,-0.9664980963800475,0.0,-9.762273311970565,0.0,0.0,0.0,0.0,0.0,9.81
5.635,0.0,62.97622897464391,0.0,-7.253192624702594,0.0,-5.139456423329339,0.0,-24.437114001199255,0.0,-0.8274110532966455,0.0,-9.775044232776592,0.0,0.0,0.0,0.0,0.0,9.81
5.64,0.0,58.26351662097007,0.0,-6.753552947534137,0.0,-5.330542512720678,0.0,-23.385401569692256,0.0,-0.6941229174045257,0.0,-9.7854122155504,0.0,0.0,0.0,0.0,0.0,9.81
5.6450000000000005,0.0,52.501599238561894,0.0,-6.125090051084875,0.0,-5.560456690908593,0.0,-21.70340769242713,0.0,-0.5664187597824576,0.0,-9.793634091742204,0.0,0.0,0.0,0.0,0.0,9.81
5.65,0.0,45.63105837714637,0.0,-5.356411409711592,0.0,-5.81179834876783,0.0,-19.356045383272154,0.0,-0.44392194296143483,0.0,-9.799950630110295,0.0,0.0,0.0,0.0,0.0,9.81
5.655,0.0,37.6509328931388,0.0,-4.444206600746403,0.0,-6.0626613215833185,0.0,-16.344549614767306,0.0,-0.32608656399765445,0.0,-9.804578865214092,0.0,0.0,0.0,0.0,0.0,9.81
5.66,0.0,28.639115106722397,0.0,-3.3963081697903235,0.0,-6.28847966441157,0.0,-12.717570352871125,0.0,-0.21219898050308691,0.0,-9.80770466998708,0.0,0.0,0.0,0.0,0.0,9.81
5.665,0.0,18.764728662592514,0.0,-2.2335830127703877,0.0,-6.464977556028123,0.0,-8.57750155650399,0.0,-0.10139102868332303,0.0,-9.809475993822325,0.0,0.0,0.0,0.0,0.0,9.81
5.67,0.0,8.286213535527036,0.0,-0.98973504016942,0.0,-6.571807909527622,0.0,-4.078659917041334,0.0,0.00733362895610881,0.0,-9.809997232928392,0.0,0.0,0.0,0.0,0.0,9.81
5.675,0.0,-2.4683922092493216,0.0,0.2914931714756534,0.0,-6.596072044164452,0.0,0.5845134749255896,0.0,0.11506055534900807,0.0,-9.809325185258047,0.0,0.0,0.0,0.0,0.0,9.81
5.68,0.0,-13.137169745974,0.0,1.5614551373300298,0.0,-6.534745103950223,0.0,5.198137424438683,0.0,0.22291590235486647,0.0,-9.807466951111666,0.0,0.0,0.0,0.0,0.0,9.81
5.6850000000000005,0.0,-23.368428548248357,0.0,2.7729610863228005,0.0,-6.395251553377097,0.0,9.554213527591198,0.0,0.33201310700364894,0.0,-9.804379976251058,0.0,0.0,0.0,0.0,0.0,9.81
5.69,0.0,-32.862266822038535,0.0,3.886268528377515,0.0,-6.194003614719192,0.0,13.474535245587663,0.0,0.4434010371407868,0.0,-9.799974226012766,0.0,0.0,0.0,0.0,0.0,9.81
5.695,0.0,-41.39967262492964,0.0,4.873256346309902,0.0,-5.9533752960056425,0.0,16.827689389539437,0.0,0.5580193659520217,0.0,-9.794116272887186,0.0,0.0,0.0,0.0,0.0,9.81
5.7,0.0,-48.85405078891377,0.0,5.719034069482871,0.0,-5.698016998934399,0.0,19.536259175044094,0.0,0.6766653153597156,0.0,-9.786634922164453,0.0,0.0,0.0,0.0,0.0,9.81
5.705,0.0,-55.185995691686074,0.0,6.421103816773057,0.0,-5.45145160020736,0.0,21.574577232533105,0.0,0.7999735739837349,0.0,-9.777327917911386,0.0,0.0,0.0,0.0,0.0,9.81
5.71,0.0,-60.426443781137124,0.0,6.986824545094864,0.0,-5.233597209993182,0.0,22.959764425794358,0.0,0.9284089278373978,0.0,-9.765969266140514,0.0,0.0,0.0,0.0,0.0,9.81
5.715,0.0,-64.65476421937144,0.0,7.430140301166644,0.0,-5.059442838109168,0.0,23.739627290595944,0.0,1.0622695110931877,0.0,-9.752316764388251,0.0,0.0,0.0,0.0,0.0,9.81
5.72,0.0,-67.97732779161755,0.0,7.768388675770581,0.0,-4.938757120147358,0.0,23.98049279814218,0.0,1.2016977997704765,0.0,-9.736119409705243,0.0,0.0,0.0,0.0,0.0,9.81
5.7250000000000005,0.0,-70.50992983599099,0.0,8.01969006482981,0.0,-4.876527948434879,0.0,23.756918815919548,0.0,1.3466964264541819,0.0,-9.717124446106812,0.0,0.0,0.0,0.0,0.0,9.81
5.73,0.0,-72.36531335176223,0.0,8.201105136738791,0.0,-4.873800907977504,0.0,23.14406812889565,0.0,1.4971463231876139,0.0,-9.695083892450752,0.0,0.0,0.0,0.0,0.0,9.81
5.735,0.0,-73.64555706670747,0.0,8.3275280056586,0.0,-4.928646229742588,0.0,22.21271328392099,0.0,1.6528253279641192,0.0,-9.669760456037574,0.0,0.0,0.0,0.0,0.0,9.81
5.74,0.0,-74.43835127376641,0.0,8.411170823123207,0.0,-5.0370766496026755,0.0,21.02640998858329,0.0,1.8134260184345679,0.0,-9.640932785666374,0.0,0.0,0.0,0.0,0.0,9.81
5.745,0.0,-74.81599751419552,0.0,8.46146584410206,0.0,-5.193823385279055,0.0,19.64024822185614,0.0,1.9785720580104733,0.0,-9.608400053143072,0.0,0.0,0.0,0.0,0.0,9.81
5.75,0.0,-74.83609366730006,0.0,8.485228233009387,0.0,-5.392938705282305,0.0,18.100636215924553,0.0,2.1478327209220476,0.0,-9.571985877765202,0.0,0.0,0.0,0.0,0.0,9.81
5.755,0.0,-74.54311246615298,0.0,8.48695879614498,0.0,-5.628230374630459,0.0,16.44569087939242,0.0,2.320735513594452,0.0,-9.531541627045382,0.0,0.0,0.0,0.0,0.0,9.81
5.76,0.0,-73.97033529952516,0.0,8.469203483640129,0.0,-5.893551199567612,0.0,14.705936695750681,0.0,2.496776957924104,0.0,-9.486949140923846,0.0,0.0,0.0,0.0,0.0,9.81
5.765,0.0,-73.1418134434721,0.0,8.432918099342979,0.0,-6.182972688925876,0.0,12.90512440650295,0.0,2.675431678603036,0.0,-9.438122937115832,0.0,0.0,0.0,0.0,0.0,9.81
5.7700000000000005,0.0,-72.07418285499591,0.0,8.37781007882052,0.0,-6.490871014215047,0.0,11.061062362197218,0.0,2.856159968015329,0.0,-9.385011962512205,0.0,0.0,0.0,0.0,0.0,9.81
5.775,0.0,-70.7782619385895,0.0,8.302645115050641,0.0,-6.811949712369942,0.0,9.186409095932785,0.0,3.0384140081278916,0.0,-9.327600959709129,0.0,0.0,0.0,0.0,0.0,9.81
5.78,0.0,-69.26042589821174,0.0,8.205516463539194,0.0,-7.141219126683415,0.0,7.28941095718257,0.0,3.221642922512519,0.0,-9.265911518522637,0.0,0.0,0.0,0.0,0.0,9.81
5.785,0.0,-67.52378795749277,0.0,8.084080614076168,0.0,-7.473948540408426,0.0,5.374589358192766,0.0,3.405296821353028,0.0,-9.200002879360135,0.0,0.0,0.0,0.0,0.0,9.81
5.79,0.0,-65.56923596484901,0.0,7.935766011956627,0.0,-7.805603779755821,0.0,3.443393059359405,0.0,3.588829992516643,0.0,-9.129972548173297,0.0,0.0,0.0,0.0,0.0,9.81
5.795,0.0,-63.396378911425856,0.0,7.757962572765283,0.0,-8.131780832599926,0.0,1.4948352572731372,0.0,3.77170338451878,0.0,-9.055956771087848,0.0,0.0,0.0,0.0,0.0,9.81
5.8,0.0,-61.00445539351488,0.0,7.548199425525253,0.0,-8.448144631669091,0.0,-0.47386494707302695,0.0,3.9533865228716203,0.0,-8.978130900550621,0.0,0.0,0.0,0.0,0.0,9.81
5.805,0.0,-58.39324690934425,0.0,7.304316934583042,0.0,-8.750381362115801,0.0,-2.4666208056989793,0.0,4.133358999201876,0.0,-8.89670966409668,0.0,0.0,0.0,0.0,0.0,9.81
5.8100000000000005,0.0,-55.56402379917204,0.0,7.024636722282631,0.0,-9.034172176657416,0.0,-4.487786803984854,0.0,4.311111671257646,0.0,-8.811947322181021,0.0,0.0,0.0,0.0,0.0,9.81
5.815,0.0,-52.52053087483452,0.0,6.708130215829566,0.0,-9.295195683119799,0.0,-6.5414388445160405,0.0,4.48614770960437,0.0,-8.724137674075257,0.0,0.0,0.0,0.0,0.0,9.81
5.82,0.0,-49.26999387401682,0.0,6.354582296863539,0.0,-9.529165614181457,0.0,-8.630638964997015,0.0,4.657983621215108,0.0,-8.63361384245291,0.0,0.0,0.0,0.0,0.0,9.81
5.825,0.0,-45.82409834830027,0.0,5.964742220808611,0.0,-9.731908298572533,0.0,-10.756712420221266,0.0,4.8261503689481,0.0,-8.5407477406441,0.0,0.0,0.0,0.0,0.0,9.81
5.83,0.0,-42.199862599789384,0.0,5.54044961506108,0.0,-9.899481596761428,0.0,-12.918580064545061,0.0,4.9901946869082074,0.0,-8.445949105086598,0.0,0.0,0.0,0.0,0.0,9.81
5.835,0.0,-38.42030087612282,0.0,5.0847198534685125,0.0,-10.028332690630128,0.0,-15.112202045095234,0.0,5.149680663338133,0.0,-8.349663963256088,0.0,0.0,0.0,0.0,0.0,9.81
5.84,0.0,-34.514758873094905,0.0,4.601771444478942,0.0,-10.115486682762196,0.0,-17.330196456696797,0.0,5.304191624528391,0.0,-8.252372408422543,0.0,0.0,0.0,0.0,0.0,9.81
5.845,0.0,-30.51880776109065,0.0,4.0969792916048275,0.0,-10.15875194027419,0.0,-19.56169513380967,0.0,5.453332306474584,0.0,-8.154585570362807,0.0,0.0,0.0,0.0,0.0,9.81
5.8500000000000005,0.0,-26.473610905655857,0.0,3.576742529967027,0.0,-10.1569225234554,0.0,-21.792485233185165,0.0,5.596731248891629,0.0,-8.056841707422956,0.0,0.0,0.0,0.0,0.0,9.81
5.855,0.0,-22.424730494574792,0.0,3.048264195312612,0.0,-10.109954197291597,0.0,-24.00545881932813,0.0,5.734043294043003,0.0,-7.959701399220249,0.0,0.0,0.0,0.0,0.0,9.81
5.86,0.0,-18.420414420099313,0.0,2.519251369660166,0.0,-10.019089773446538,0.0,-26.181355604823803,0.0,5.864952027572953,0.0,-7.863741886698699,0.0,0.0,0.0,0.0,0.0,9.81
5.865,0.0,-14.509485122337667,0.0,1.9975567874419071,0.0,-9.886912795428449,0.0,-28.299742148575152,0.0,5.989171967560249,0.0,-7.769550679834173,0.0,0.0,0.0,0.0,0.0,9.81
5.87,0.0,-10.739024781450063,0.0,1.4907935941159203,0.0,-9.717315949294164,0.0,-30.340132653327775,0.0,6.106450297731944,0.0,-7.6777186232428765,0.0,0.0,0.0,0.0,0.0,9.81
5.875,0.0,-7.152097621319175,0.0,1.0059614035123199,0.0,-9.515381083254912,0.0,-32.283131022776175,0.0,6.216567954918956,0.0,-7.588832665774283,0.0,0.0,0.0,0.0,0.0,9.81
5.88,0.0,-3.785757279103752,0.0,0.5491221590516141,0.0,-9.28717943234944,0.0,-34.111467775657815,0.0,6.319339919264254,0.0,-7.503468612811364,0.0,0.0,0.0,0.0,0.0,9.81
5.885,0.0,-0.6695516403673452,0.0,0.12515816463230645,0.0,-9.03951117946746,0.0,-35.810820905071544,0.0,6.41461461404714,0.0,-7.422184143918809,0.0,0.0,0.0,0.0,0.0,9.81
5.89,0.0,2.1753334184040725,0.0,-0.2623667488019946,0.0,-8.779610670127191,0.0,-37.37034346789003,0.0,6.502272392394456,0.0,-7.345512352966021,0.0,0.0,0.0,0.0,0.0,9.81
5.8950000000000005,0.0,4.73624025899035,0.0,-0.6112361025077099,0.0,-8.514846118289162,0.0,-38.78286479023942,0.0,6.58222316086982,0.0,-7.273956017156525,0.0,0.0,0.0,0.0,0.0,9.81
5.9,0.0,7.00855463765528,0.0,-0.9205067730835205,0.0,-8.252440365383581,0.0,-40.04477694925302,0.0,6.65440325541634,0.0,-7.207982733641067,0.0,0.0,0.0,0.0,0.0,9.81
5.905,0.0,8.99468129680654,0.0,-1.190350244952056,0.0,-7.999233167003791,0.0,-41.15565492744764,0.0,6.718771735905567,0.0,-7.1480209876462,0.0,0.0,0.0,0.0,0.0,9.81
5.91,0.0,10.702635961024676,0.0,-1.4218338826187915,0.0,-7.761497258941241,0.0,-42.11768207054615,0.0,6.775306297408901,0.0,-7.094457144183599,0.0,0.0,0.0,0.0,0.0,9.81
5.915,0.0,12.144423752827926,0.0,-1.6166689409116566,0.0,-7.544811915568112,0.0,-42.934960821663346,0.0,6.823999008585198,0.0,-7.047633294331968,0.0,0.0,0.0,0.0,0.0,9.81
5.92,0.0,13.334362363352696,0.0,-1.776950043139947,0.0,-7.353990344616472,0.0,-43.61278427147765,0.0,6.864852082572083,0.0,-7.007845841775741,0.0,0.0,0.0,0.0,0.0,9.81
5.925,0.0,14.287479689707816,0.0,-1.9049063019463714,0.0,-7.19305195404501,0.0,-44.15693106263813,0.0,6.897873867687507,0.0,-6.9753446876241965,0.0,0.0,0.0,0.0,0.0,9.81
5.93,0.0,15.0180797755878,0.0,-2.0026786288484444,0.0,-7.06522754900737,0.0,-44.57302933976448,0.0,6.923075219008404,0.0,-6.950332860827953,0.0,0.0,0.0,0.0,0.0,9.81
5.9350000000000005,0.0,15.538535946348091,0.0,-2.0721323293853384,0.0,-6.972984661985779,0.0,-44.86601877377176,0.0,6.940466382097325,0.0,-6.932966445352762,0.0,0.0,0.0,0.0,0.0,9.81
5.94,0.0,15.85834145415977,0.0,-2.1147096409819905,0.0,-6.918061013865892,0.0,-45.039725921598134,0.0,6.950054490405558,0.0,-6.923354670462842,0.0,0.0,0.0,0.0,0.0,9.81
5.945,0.0,15.983428273051992,0.0,-2.13132382274134,0.0,-6.901496008954748,0.0,-45.09655860194328,0.0,6.951841750500145,0.0,-6.921560053761711,0.0,0.0,0.0,0.0,0.0,9.81
5.95,0.0,15.915754022761746,0.0,-2.1222947626756734,0.0,-6.923652715328769,0.0,-45.037319681017166,0.0,6.945824365238048,0.0,-6.927598515228952,0.0,0.0,0.0,0.0,0.0,9.81
5.955,0.0,15.653153791826917,0.0,-2.087325583168574,0.0,-6.984225643068479,0.0,-44.86113894808233,0.0,6.931992224214659,0.0,-6.941439412212794,0.0,0.0,0.0,0.0,0.0,9.81
5.96,0.0,15.189455318007504,0.0,-2.0255200015301025,0.0,-7.082232617028948,0.0,-44.565522404115946,0.0,6.910329372280281,0.0,-6.963005478652457,0.0,0.0,0.0,0.0,0.0,9.81
5.965,0.0,14.514859520145855,0.0,-1.9354407652130958,0.0,-7.215992059816673,0.0,-44.146519828305046,0.0,6.880815249167119,0.0,-6.9921726856144994,0.0,0.0,0.0,0.0,0.0,9.81
5.97,0.0,13.616590552235827,0.0,-1.8152098316388376,0.0,-7.383090006493584,0.0,-43.59901238601876,0.0,6.843426674634097,0.0,-7.02877007360685,0.0,0.0,0.0,0.0,0.0,9.81
5.9750000000000005,0.0,12.47981725790477,0.0,-1.6626506169288788,0.0,-7.580344086976523,0.0,-42.917120806592685,0.0,6.798140532490503,0.0,-7.0725796390174,0.0,0.0,0.0,0.0,0.0,9.81
5.98,0.0,11.088838442763617,0.0,-1.47547117614768,0.0,-7.80377436212844,0.0,-42.09473000206659,0.0,6.744937082347125,0.0,-7.123336385925454,0.0,0.0,0.0,0.0,0.0,9.81
5.985,0.0,9.428505940564811,0.0,-1.251484316699141,0.0,-8.048592972966725,0.0,-41.126117069890526,0.0,6.683803799715925,0.0,-7.180728678352266,0.0,0.0,0.0,0.0,0.0,9.81
5.99,0.0,7.485831769808293,0.0,-0.9888563423045864,0.0,-8.309225602433036,0.0,-40.00665634082065,0.0,6.6147396140027155,0.0,-7.244399043987538,0.0,0.0,0.0,0.0,0.0,9.81
5.995,0.0,5.251690821197741,0.0,-0.6863706894606713,0.0,-8.579377208131074,0.0,-38.73355855155372,0.0,6.5377593822151345,0.0,-7.313945585303955,0.0,0.0,0.0,0.0,0.0,9.81
6.0,0.0,2.7224934486503045,0.0,-0.34368690967719473,0.0,-8.852151850958617,0.0,-37.30658380965437,0.0,6.452898407419442,0.0,-7.388924144469007,0.0,0.0,0.0,0.0,0.0,9.81
6.005,0.0,-0.09832907473728625,0.0,0.03842952469583227,0.0,-9.120231437784744,0.0,-35.728653645684716,0.0,6.360216789821546,0.0,-7.468851341992471,0.0,0.0,0.0,0.0,0.0,9.81
6.01,0.0,-3.1991992804893634,0.0,0.45793375391029467,0.0,-9.376110986717398,0.0,-34.00628086326063,0.0,6.25980339000072,0.0,-7.553208564625334,0.0,0.0,0.0,0.0,0.0,9.81
6.015000000000001,0.0,-6.559792669643514,0.0,0.9114104132907631,0.0,-9.612379400427134,0.0,-32.149741609114294,0.0,6.151779192942766,0.0,-7.6414469171782455,0.0,0.0,0.0,0.0,0.0,9.81
6.0200000000000005,0.0,-10.151086155052997,0.0,1.3940849920384515,0.0,-9.822026117707853,0.0,-30.172934791727908,0.0,6.036299890988459,0.0,-7.732993080285825,0.0,0.0,0.0,0.0,0.0,9.81
6.025,0.0,-13.936111370844388,0.0,1.899947253234921,0.0,-9.998747238777364,0.0,-28.092909039061208,0.0,5.913557553574173,0.0,-7.827255939407133,0.0,0.0,0.0,0.0,0.0,9.81
6.03,0.0,-17.871378572427872,0.0,2.421982443911422,0.0,-10.137221577125095,0.0,-25.9290820228923,0.0,5.783781317974278,0.0,-7.923633779412096,0.0,0.0,0.0,0.0,0.0,9.81
6.035,0.0,-21.908842974999764,0.0,2.952491349462128,0.0,-10.233328761315681,0.0,-23.702222809883413,0.0,5.647237110879252,0.0,-8.021521784343081,0.0,0.0,0.0,0.0,0.0,9.81
6.04,0.0,-25.99820753633957,0.0,3.4834678131498036,0.0,-10.284288093187492,0.0,-21.433304976144058,0.0,5.504226485794137,0.0,-8.120319552069905,0.0,0.0,0.0,0.0,0.0,9.81
6.045,0.0,-30.08931195807043,0.0,4.006994888765037,0.0,-10.288707224479396,0.0,-19.142357971273956,0.0,5.355084725544421,0.0,-8.219438333562945,0.0,0.0,0.0,0.0,0.0,9.81
6.05,0.0,-34.134356573348995,0.0,4.515619885473231,0.0,-10.246541729537096,0.0,-16.847442207554995,0.0,5.200178403835213,0.0,-8.318307736384696,0.0,0.0,0.0,0.0,0.0,9.81
6.055,0.0,-38.089750296153795,0.0,5.00267410685328,0.0,-10.158977854197014,0.0,-14.563850696220545,0.0,5.039902619459918,0.0,-8.416381686677434,0.0,0.0,0.0,0.0,0.0,9.81
6.0600000000000005,0.0,-41.91744228108177,0.0,5.462513431158933,0.0,-10.028258996665645,0.0,-12.303602888219894,0.0,4.874678110425681,0.0,-8.513143514469919,0.0,0.0,0.0,0.0,0.0,9.81
6.065,0.0,-45.58567982340955,0.0,5.890668424090566,0.0,-9.857480619951144,0.0,-10.075253670364507,0.0,4.704948426211364,0.0,-8.608110102787544,0.0,0.0,0.0,0.0,0.0,9.81
6.07,0.0,-49.06921246864377,0.0,6.283904699566545,0.0,-9.650378203080415,0.0,-7.884001180717073,0.0,4.531177290942006,0.0,-8.70083511153139,0.0,0.0,0.0,0.0,0.0,9.81
6.075,0.0,-52.34902092980372,0.0,6.640203643580093,0.0,-9.411129330942439,0.0,-5.732047821997091,0.0,4.353846236204306,0.0,-8.79091134439305,0.0,0.0,0.0,0.0,0.0,9.81
6.08,0.0,-55.41168275890423,0.0,6.95867929569518,0.0,-9.144185435804577,0.0,-3.6191526086291734,0.0,4.173452527030729,0.0,-8.877972366508876,0.0,0.0,0.0,0.0,0.0,9.81
6.085,0.0,-58.24849504472844,0.0,7.2394490641634075,0.0,-8.854142434642386,0.0,-1.5433094250745985,0.0,3.990507354220586,0.0,-8.961693500868193,0.0,0.0,0.0,0.0,0.0,9.81
6.09,0.0,-60.85446272316473,0.0,7.483474702758507,0.0,-8.545653672615373,0.0,0.4985078107901151,0.0,3.8055342244677206,0.0,-9.041792334236197,0.0,0.0,0.0,0.0,0.0,9.81
6.095,0.0,-63.227236552888954,0.0,7.692386636376965,0.0,-8.22338385800848,0.0,2.5095794248140884,0.0,3.6190674483452416,0.0,-9.118028851946478,0.0,0.0,0.0,0.0,0.0,9.81
6.1000000000000005,0.0,-65.36605450687993,0.0,7.86830035328804,0.0,-7.891999287167351,0.0,4.4926847615555054,0.0,3.4316506048338202,0.0,-9.190205299605804,0.0,0.0,0.0,0.0,0.0,9.81
6.105,0.0,-67.27070988518712,0.0,8.01362906169985,0.0,-7.556187495167901,0.0,6.449373426548529,0.0,3.2438348482624133,0.0,-9.258165842778897,0.0,0.0,0.0,0.0,0.0,9.81
6.11,0.0,-68.94054258695765,0.0,8.130892743772094,0.0,-7.220698206148744,0.0,8.37926591067215,0.0,3.056176917040437,0.0,-9.321796066775741,0.0,0.0,0.0,0.0,0.0,9.81
6.115,0.0,-70.37342873964741,0.0,8.222520490382989,0.0,-6.8903966855783585,0.0,10.279376471316477,0.0,2.8692367009590445,0.0,-9.381022330620398,0.0,0.0,0.0,0.0,0.0,9.81
6.12,0.0,-71.5647292730536,0.0,8.29064076122764,0.0,-6.57031990226283,0.0,12.143444586690096,0.0,2.6835742228333506,0.0,-9.43581096414088,0.0,0.0,0.0,0.0,0.0,9.81
6.125,0.0,-72.50615077313469,0.0,8.336853132519733,0.0,-6.2657249263663655,0.0,13.961258584765053,0.0,2.4997458889770274,0.0,-9.48616727610549,0.0,0.0,0.0,0.0,0.0,9.81
6.13,0.0,-73.18447329252507,0.0,8.361975379178709,0.0,-5.982117436279642,0.0,15.717956840677042,0.0,2.3182998602435156,0.0,-9.532134325037042,0.0,0.0,0.0,0.0,0.0,9.81
6.135,0.0,-73.58011221268515,0.0,8.365761775445549,0.0,-5.7252459093020605,0.0,17.39329957445696,0.0,2.139770390896981,0.0,-9.573791392898464,0.0,0.0,0.0,0.0,0.0,9.81
6.140000000000001,0.0,-73.66550911123741,0.0,8.346592942222975,0.0,-5.501044030221253,0.0,18.960920086122364,0.0,1.9646709775515303,0.0,-9.611252095101193,0.0,0.0,0.0,0.0,0.0,9.81
6.1450000000000005,0.0,-73.40339654061785,0.0,8.301145401709611,0.0,-5.315500362948647,0.0,20.387591704907187,0.0,1.7934861580424386,0.0,-9.644662057926105,0.0,0.0,0.0,0.0,0.0,9.81
6.15,0.0,-72.7450624279656,0.0,8.224061490591392,0.0,-5.174431186974935,0.0,21.632590238887104,0.0,1.6266618065134775,0.0,-9.674196096133807,0.0,0.0,0.0,0.0,0.0,9.81
6.155,0.0,-71.62886079814845,0.0,8.107658753315908,0.0,-5.083131196304846,0.0,22.647295774333426,0.0,1.4645937964140499,0.0,-9.700054829072087,0.0,0.0,0.0,0.0,0.0,9.81
6.16,0.0,-69.97938247621045,0.0,7.94174313004427,0.0,-5.045880244248358,0.0,23.37526450062692,0.0,1.3076149628227114,0.0,-9.722460683051613,0.0,0.0,0.0,0.0,0.0,9.81
6.165,0.0,-67.70790607134286,0.0,7.7136210723815966,0.0,-5.065296647676583,0.0,23.75310617195591,0.0,1.1559804104736937,0.0,-9.741653241731083,0.0,0.0,0.0,0.0,0.0,9.81
6.17,0.0,-64.71496336561427,0.0,7.40843714499908,0.0,-5.141554047899531,0.0,23.71260685937849,0.0,1.00985140930569,0.0,-9.757883925986226,0.0,0.0,0.0,0.0,0.0,9.81
6.175,0.0,-60.89599675794613,0.0,7.00998406922833,0.0,-5.271524488013503,0.0,23.18459688088347,0.0,0.8692784199953892,0.0,-9.771410012300638,0.0,0.0,0.0,0.0,0.0,9.81
6.18,0.0,-56.15102208464896,0.0,6.50212119509879,0.0,-5.447976456054404,0.0,22.10500621469804,0.0,0.7341842112941525,0.0,-9.7824880368962,0.0,0.0,0.0,0.0,0.0,9.81
6.1850000000000005,0.0,-50.39874875273958,0.0,5.870867443102995,0.0,-5.659034667670825,0.0,20.423275081322274,0.0,0.6043485533044862,0.0,-9.791366684572765,0.0,0.0,0.0,0.0,0.0,9.81
6.19,0.0,-43.594573692807124,0.0,5.107080500362086,0.0,-5.888173185816724,0.0,18.112706732253322,0.0,0.4793965274511497,0.0,-9.798279328376076,0.0,0.0,0.0,0.0,0.0,9.81
6.195,0.0,-35.750236111321314,0.0,4.209393591989563,0.0,-6.115020802229862,0.0,15.181461556977553,0.0,0.3587929429734893,0.0,-9.803436467257631,0.0,0.0,0.0,0.0,0.0,9.81
6.2,0.0,-26.951031466970583,0.0,3.1868045795246793,0.0,-6.3171550031294075,0.0,11.681886466378932,0.0,0.24184547808431955,0.0,-9.807018396242407,0.0,0.0,0.0,0.0,0.0,9.81
6.205,0.0,-17.365141778642503,0.0,2.0601177082372546,0.0,-6.472819374063395,0.0,7.715189353808805,0.0,0.12771873476587534,0.0,-9.809168521513348,0.0,0.0,0.0,0.0,0.0,9.81
6.21,0.0,-7.239930279527712,0.0,0.8614836052853153,0.0,-6.5641575881900165,0.0,3.428683147244058,0.0,0.015460254458069617,0.0,-9.809987778044253,0.0,0.0,0.0,0.0,0.0,9.81
6.215,0.0,3.117293518957462,0.0,-0.3683265243860069,0.0,-6.580244302865126,0.0,-0.995682577869733,0.0,-0.09596225121281331,0.0,-9.809530594925569,0.0,0.0,0.0,0.0,0.0,9.81
6.22,0.0,13.371917972772874,0.0,-1.5846026767423624,0.0,-6.519087555949589,0.0,-5.360250383111303,0.0,-0.207615283711314,0.0,-9.807802766841366,0.0,0.0,0.0,0.0,0.0,9.81
6.2250000000000005,0.0,23.20120741422309,0.0,-2.744331248649942,0.0,-6.387995694966381,0.0,-9.474203214899092,0.0,-0.3205501572144039,0.0,-9.804761432313196,0.0,0.0,0.0,0.0,0.0,9.81
6.23,0.0,32.33062446905996,0.0,-3.811415087371335,0.0,-6.2021935018131344,0.0,-13.174527386638054,0.0,-0.4357552736380769,0.0,-9.800317157393069,0.0,0.0,0.0,0.0,0.0,9.81
6.235,0.0,40.55901930524972,0.0,-4.760271453016462,0.0,-5.982118231058262,0.0,-16.34078957005044,0.0,-0.5541151544930111,0.0,-9.794337921440349,0.0,0.0,0.0,0.0,0.0,9.81
6.24,0.0,47.76852566162742,0.0,-5.577200169665757,0.0,-5.7501726999901805,0.0,-18.901365383330358,0.0,-0.6763798401618855,0.0,-9.786654643737593,0.0,0.0,0.0,0.0,0.0,9.81
6.245,0.0,53.91995665346499,0.0,-6.259636631047737,0.0,-5.5277320031201915,0.0,-20.83146591560363,0.0,-0.8031462267948684,0.0,-9.77706780363973,0.0,0.0,0.0,0.0,0.0,9.81
6.25,0.0,59.03807517708683,0.0,-6.813928865006961,0.0,-5.332950734297619,0.0,-22.14529568617437,0.0,-0.9348509393681915,0.0,-9.765354695989695,0.0,0.0,0.0,0.0,0.0,9.81
6.255,0.0,63.19232059758119,0.0,-7.252457079827714,0.0,-5.179567679782506,0.0,-22.885386679076305,0.0,-1.0717729117639034,0.0,-9.751276910776214,0.0,0.0,0.0,0.0,0.0,9.81
6.26,0.0,66.47776151983659,0.0,-7.590797934012621,0.0,-5.076613284925763,0.0,-23.11176272794266,0.0,-1.2140431390877922,0.0,-9.734587705636434,0.0,0.0,0.0,0.0,0.0,9.81
6.265000000000001,0.0,68.99925452072176,0.0,-7.845374680108607,0.0,-5.0287670780788964,0.0,-22.89264648708349,0.0,-1.3616589998966853,0.0,-9.715039027952042,0.0,0.0,0.0,0.0,0.0,9.81
6.2700000000000005,0.0,70.85998762387072,0.0,-8.031769497318708,0.0,-5.037080953558423,0.0,-22.297448461748907,0.0,-1.5145008967845044,0.0,-9.69238802397598,0.0,0.0,0.0,0.0,0.0,9.81
6.275,0.0,72.15429852875366,0.0,-8.163683207827793,0.0,-5.09983193292665,0.0,-21.39206409867251,0.0,-1.6723495008134899,0.0,-9.666402938289016,0.0,0.0,0.0,0.0,0.0,9.81
6.28,0.0,72.96398086446607,0.0,-8.252425906070943,0.0,-5.213344762870262,0.0,-20.236114527447718,0.0,-1.8349024354542576,0.0,-9.63686835685865,0.0,0.0,0.0,0.0,0.0,9.81
6.285,0.0,73.35709133992555,0.0,-8.306790757269566,0.0,-5.372697367160507,0.0,-18.881633877633725,0.0,-2.001789702468377,0.0,-9.603589783326594,0.0,0.0,0.0,0.0,0.0,9.81
6.29,0.0,73.3883502988577,0.0,-8.333173884962912,0.0,-5.572276281263826,0.0,-17.37272948276363,0.0,-2.172587501382259,0.0,-9.566397564167456,0.0,0.0,0.0,0.0,0.0,9.81
6.295,0.0,73.10042603132224,0.0,-8.33583207301282,0.0,-5.806182901857435,0.0,-15.745834499234133,0.0,-2.346830330173965,0.0,-9.525150197014566,0.0,0.0,0.0,0.0,0.0,9.81
6.3,0.0,72.52560856448032,0.0,-8.317201944761473,0.0,-6.06850873156586,0.0,-14.030280454600598,0.0,-2.5240213994326566,0.0,-9.479737069887445,0.0,0.0,0.0,0.0,0.0,9.81
6.305,0.0,71.68756321360345,0.0,-8.278231993614419,0.0,-6.353504246959505,0.0,-12.249012497851199,0.0,-2.7036414714650316,0.0,-9.430080688557364,0.0,0.0,0.0,0.0,0.0,9.81
6.3100000000000005,0.0,70.60299310418434,0.0,-8.21869994356574,0.0,-6.655666256899208,0.0,-10.419343271328911,0.0,-2.885156272598316,0.0,-9.376138455429004,0.0,0.0,0.0,0.0,0.0,9.81
6.315,0.0,69.2831354508247,0.0,-8.137502616688526,0.0,-6.969765946640815,0.0,-8.553692523415055,0.0,-3.068022638863808,0.0,-9.317904066188905,0.0,0.0,0.0,0.0,0.0,9.81
6.32,0.0,67.73507726428218,0.0,-8.032914980712432,0.0,-7.290836234551121,0.0,-6.66029281619117,0.0,-3.2516935544991097,0.0,-9.255408589882515,0.0,0.0,0.0,0.0,0.0,9.81
6.325,0.0,65.96291174131784,0.0,-7.90282069531543,0.0,-7.614133675782233,0.0,-4.743861627529121,0.0,-3.435622236945003,0.0,-9.188721293713481,0.0,0.0,0.0,0.0,0.0,9.81
6.33,0.0,63.96877458979339,0.0,-7.744919401908357,0.0,-7.935087398438419,0.0,-2.8062507807720527,0.0,-3.619265415554326,0.0,-9.117950265395747,0.0,0.0,0.0,0.0,0.0,9.81
6.335,0.0,61.753805393144106,0.0,-7.556917018036801,0.0,-8.249245562271483,0.0,-0.8470883249466734,0.0,-3.802085946060985,0.0,-9.043242873126001,0.0,0.0,0.0,0.0,0.0,9.81
6.34,0.0,59.319076200800446,0.0,-7.336704917769753,0.0,-8.552228494025153,0.0,1.135572456329716,0.0,-3.983554899389712,0.0,-8.964786086194229,0.0,0.0,0.0,0.0,0.0,9.81
6.345,0.0,56.66651969368779,0.0,-7.082532398611125,0.0,-8.839696764853999,0.0,3.144586310583767,0.0,-4.1631532609824395,0.0,-8.882806658261993,0.0,0.0,0.0,0.0,0.0,9.81
6.3500000000000005,0.0,53.79987347757679,0.0,-6.793174424773884,0.0,-9.107341745410995,0.0,5.183028173334843,0.0,-4.340373374131871,0.0,-8.797571151224998,0.0,0.0,0.0,0.0,0.0,9.81
6.355,0.0,50.725636046535904,0.0,-6.468093443628099,0.0,-9.350905264904931,0.0,7.253490818221072,0.0,-4.51472025604473,0.0,-8.709385751746842,0.0,0.0,0.0,0.0,0.0,9.81
6.36,0.0,47.45400493523835,0.0,-6.107590319389975,0.0,-9.566233554250262,0.0,9.357386793928884,0.0,-4.6857129064664,0.0,-8.618595807107674,0.0,0.0,0.0,0.0,0.0,9.81
6.365,0.0,43.99974080856138,0.0,-5.712935499642379,0.0,-9.749368345788177,0.0,11.494286738074614,0.0,-4.852885713667621,0.0,-8.525584984774254,0.0,0.0,0.0,0.0,0.0,9.81
6.37,0.0,40.38287645793928,0.0,-5.286468023970606,0.0,-9.896674622043873,0.0,13.661338699812527,0.0,-5.015790039769215,0.0,-8.430773944482196,0.0,0.0,0.0,0.0,0.0,9.81
6.375,0.0,36.62917209201669,0.0,-4.831647699772405,0.0,-10.00500006009478,0.0,15.852822251201076,0.0,-5.173996035902407,0.0,-8.334618406314833,0.0,0.0,0.0,0.0,0.0,9.81
6.38,0.0,32.77021395893938,0.0,-4.353045602891941,0.0,-10.07185603171844,0.0,18.059893812083377,0.0,-5.3270946979723455,0.0,-8.237606506665696,0.0,0.0,0.0,0.0,0.0,9.81
6.385,0.0,28.843067698642123,0.0,-3.8562607848110404,0.0,-10.09560479146728,0.0,20.270572864913653,0.0,-5.474700127877768,0.0,-8.140255358428561,0.0,0.0,0.0,0.0,0.0,9.81
6.390000000000001,0.0,24.889433851177134,0.0,-3.347757044586668,0.0,-10.075633242061741,0.0,22.47000092870253,0.0,-5.616451916849416,0.0,-8.043106772710129,0.0,0.0,0.0,0.0,0.0,9.81
6.3950000000000005,0.0,20.954309060214303,0.0,-2.834622511223876,0.0,-10.01249157979969,0.0,24.64097689614106,0.0,-5.752017522644744,0.0,-7.946722154624583,0.0,0.0,0.0,0.0,0.0,9.81
6.4,0.0,17.084225397054155,0.0,-2.324265382265168,0.0,-9.90797619243371,0.0,26.76473712945643,0.0,-5.881094477147361,0.0,-7.851676650203258,0.0,0.0,0.0,0.0,0.0,9.81
6.405,0.0,13.325209345756424,0.0,-1.8240695249643284,0.0,-9.765140870179419,0.0,28.821912784978192,0.0,-6.003412241705657,0.0,-7.758552687461287,0.0,0.0,0.0,0.0,0.0,9.81
6.41,0.0,9.720656152433168,0.0,-1.3410414737712264,0.0,-9.588228334995481,0.0,30.793567864886366,0.0,-6.118733528913241,0.0,-7.667933113062307,0.0,0.0,0.0,0.0,0.0,9.81
6.415,0.0,6.309340829494104,0.0,-0.8814836540408587,0.0,-9.38252404812549,0.0,32.66220649190642,0.0,-6.226854933188064,0.0,-7.580394167893343,0.0,0.0,0.0,0.0,0.0,9.81
6.42,0.0,3.123776453046304,0.0,-0.4507263727306272,0.0,-9.154144335109642,0.0,34.41264099043733,0.0,-6.327606756528493,0.0,-7.496498563403455,0.0,0.0,0.0,0.0,0.0,9.81
6.425,0.0,0.1890845965735366,0.0,-0.05294352643206485,0.0,-8.909779042451985,0.0,36.03263329542796,0.0,-6.420851974797573,0.0,-7.416788912631601,0.0,0.0,0.0,0.0,0.0,9.81
6.43,0.0,-2.477528402244886,0.0,0.30893433429387573,0.0,-8.656413618721514,0.0,37.51325635939952,0.0,-6.506484355909311,0.0,-7.341781736688618,0.0,0.0,0.0,0.0,0.0,9.81
6.4350000000000005,0.0,-4.8666766739683425,0.0,0.633208578523857,0.0,-8.40105597892346,0.0,38.84896200420129,0.0,-6.584425805601985,0.0,-7.271962214340575,0.0,0.0,0.0,0.0,0.0,9.81
6.44,0.0,-6.976143383151282,0.0,0.919313159322339,0.0,-8.150490062063176,0.0,40.037378882458604,0.0,-6.654623071232379,0.0,-7.207779777307692,0.0,0.0,0.0,0.0,0.0,9.81
6.445,0.0,-8.809789643560556,0.0,1.1676461929112842,0.0,-7.911071748063941,0.0,41.07889238144617,0.0,-6.71704397368141,0.0,-7.149644585967667,0.0,0.0,0.0,0.0,0.0,9.81
6.45,0.0,-10.376170267476233,0.0,1.3793556367293187,0.0,-7.688575293476444,0.0,41.97607404675593,0.0,-6.771673359528302,0.0,-7.097924857574625,0.0,0.0,0.0,0.0,0.0,9.81
6.455,0.0,-11.687006952446126,0.0,1.5561027027555725,0.0,-7.488091166484911,0.0,42.733031400650376,0.0,-6.818508970596332,0.0,-7.052944968041554,0.0,0.0,0.0,0.0,0.0,9.81
6.46,0.0,-12.755653756375338,0.0,1.6998240590362497,0.0,-7.313970221889737,0.0,43.354742426791,0.0,-6.857557418551921,0.0,-7.014984212281956,0.0,0.0,0.0,0.0,0.0,9.81
6.465,0.0,-13.595662075753992,0.0,1.8125094943375755,0.0,-7.169805140621566,0.0,43.8464263321202,0.0,-6.888830432493492,0.0,-6.984276087978045,0.0,0.0,0.0,0.0,0.0,9.81
6.47,0.0,-14.219520821383291,0.0,1.8960067800702736,0.0,-7.058438056137259,0.0,44.21298738111396,0.0,-6.912341521724073,0.0,-6.961007962323557,0.0,0.0,0.0,0.0,0.0,9.81
6.4750000000000005,0.0,-14.637618383198095,0.0,1.9518609254676504,0.0,-6.981983042630528,0.0,44.458554734571415,0.0,-6.928103167981186,0.0,-6.94532098841324,0.0,0.0,0.0,0.0,0.0,9.81
6.48,0.0,-14.857450157339287,0.0,1.9811914757189204,0.0,-6.941853217394303,0.0,44.58613024680158,0.0,-6.936124634128206,0.0,-6.937310154649956,0.0,0.0,0.0,0.0,0.0,9.81
6.485,0.0,-14.883080350236511,0.0,1.9846091700777477,0.0,-6.938784163242872,0.0,44.59734884822517,0.0,-6.93641045135249,0.0,-6.937024374022813,0.0,0.0,0.0,0.0,0.0,9.81
6.49,0.0,-14.714859047386028,0.0,1.9621720871153798,0.0,-6.9728478356672925,0.0,44.49235229758009,0.0,-6.928959624811884,0.0,-6.944466548002704,0.0,0.0,0.0,0.0,0.0,9.81
6.495,0.0,-14.349393419075298,0.0,1.9133810880469062,0.0,-7.043453827330529,0.0,44.2697759253484,0.0,-6.913765578053712,0.0,-6.959593570267255,0.0,0.0,0.0,0.0,0.0,9.81
6.5,0.0,-13.77977296404125,0.0,1.8372145419904258,0.0,-7.149337668295263,0.0,43.92684833376784,0.0,-6.890816838389765,0.0,-6.982316267134261,0.0,0.0,0.0,0.0,0.0,9.81
6.505,0.0,-12.996050056642098,0.0,1.7322025420335776,0.0,-7.288538656177619,0.0,43.45960452553786,0.0,-6.860098447398233,0.0,-7.012499303360702,0.0,0.0,0.0,0.0,0.0,9.81
6.51,0.0,-11.98597592009149,0.0,1.596540655560561,0.0,-7.4583724552806805,0.0,42.86321224216052,0.0,-6.821594061454351,0.0,-7.049961112791269,0.0,0.0,0.0,0.0,0.0,9.81
6.515000000000001,0.0,-10.735985913011426,0.0,1.4282422939448052,0.0,-7.655406245429528,0.0,42.13240817134075,0.0,-6.775288685551859,0.0,-7.094473941926868,0.0,0.0,0.0,0.0,0.0,9.81
6.5200000000000005,0.0,-9.232414740874411,0.0,1.2253267311222615,0.0,-7.875446309847149,0.0,41.262034213659284,0.0,-6.721171959127253,0.0,-7.145764119105105,0.0,0.0,0.0,0.0,0.0,9.81
6.525,0.0,-7.462901090183642,0.0,0.9860365204194185,0.0,-8.113549280314151,0.0,40.24765383173128,0.0,-6.659241885457074,0.0,-7.20351268038284,0.0,0.0,0.0,0.0,0.0,9.81
6.53,0.0,-5.417913196750618,0.0,0.7090736978611638,0.0,-8.364068368163878,0.0,39.08621515548837,0.0,-6.589508867869895,0.0,-7.2673564926607845,0.0,0.0,0.0,0.0,0.0,9.81
6.535,0.0,-3.092295273939392,0.0,0.39383921637077196,0.0,-8.62074435233303,0.0,37.776712627079654,0.0,-6.511999889088337,0.0,-7.336890012191225,0.0,0.0,0.0,0.0,0.0,9.81
6.54,0.0,-0.4867053108069044,0.0,0.04065541184523003,0.0,-8.876847552406176,0.0,36.32078538733543,0.0,-6.426762648149615,0.0,-7.411667799811963,0.0,0.0,0.0,0.0,0.0,9.81
6.545,0.0,2.391204755682459,0.0,-0.34905185034376157,0.0,-9.125371475193106,0.0,34.723182116965674,0.0,-6.33386945686294,0.0,-7.491207881577596,0.0,0.0,0.0,0.0,0.0,9.81
6.55,0.0,5.52601685089758,0.0,-0.7726350851398202,0.0,-9.359271746708819,0.0,32.992022626327696,0.0,-6.233420698895257,0.0,-7.5749959953006325,0.0,0.0,0.0,0.0,0.0,9.81
6.555,0.0,8.894309757697577,0.0,-1.2261915040532672,0.0,-9.571736322676877,0.0,31.13879913623478,0.0,-6.125547672531886,0.0,-7.6624907027568145,0.0,0.0,0.0,0.0,0.0,9.81
6.5600000000000005,0.0,12.4650350057722,0.0,-1.7046266059006245,0.0,-9.756466240983293,0.0,29.17808561467968,0.0,-6.010414674049313,0.0,-7.753129279553503,0.0,0.0,0.0,0.0,0.0,9.81
6.565,0.0,16.200512247135382,0.0,-2.2018170003398807,0.0,-9.907941908894909,0.0,27.126959187421683,0.0,-5.888220230697811,0.0,-7.846334227795962,0.0,0.0,0.0,0.0,0.0,9.81
6.57,0.0,20.057969424422506,0.0,-2.710861790055225,0.0,-10.021649375665707,0.0,25.004177679661097,0.0,-5.759197455635045,0.0,-7.941520199744007,0.0,0.0,0.0,0.0,0.0,9.81
6.575,0.0,23.991477566814833,0.0,-3.224399904850583,0.0,-10.094244755508885,0.0,22.82919377519333,0.0,-5.623613564297352,0.0,-8.03810108210732,0.0,0.0,0.0,0.0,0.0,9.81
6.58,0.0,27.954076630446668,0.0,-3.7349620539903556,0.0,-10.12364246355192,0.0,20.621111102587147,0.0,-5.4817686538457275,0.0,-8.13549697656614,0.0,0.0,0.0,0.0,0.0,9.81
6.585,0.0,31.899869038992613,0.0,-4.235322288581804,0.0,-10.109022788580287,0.0,18.39769521258061,0.0,-5.3339938961093445,0.0,-8.233140824773871,0.0,0.0,0.0,0.0,0.0,9.81
6.59,0.0,35.78587483411299,0.0,-4.718816167909373,0.0,-10.050764564079184,0.0,16.174541522412145,0.0,-5.180649323659992,0.0,-8.330484463329022,0.0,0.0,0.0,0.0,0.0,9.81
6.595,0.0,39.573490888249935,0.0,-5.179599447348155,0.0,-9.950317327619302,0.0,13.964476034509827,0.0,-5.022121395442225,0.0,-8.42700394988628,0.0,0.0,0.0,0.0,0.0,9.81
6.6000000000000005,0.0,43.22946385155089,0.0,-5.612831217401748,0.0,-9.810032933814556,0.0,11.77722952213102,0.0,-4.858820513632923,0.0,-8.522204067059644,0.0,0.0,0.0,0.0,0.0,9.81
6.605,0.0,46.72635709482816,0.0,-6.014776225143605,0.0,-9.632978522297932,0.0,9.619389674387495,0.0,-4.691178631166499,0.0,-8.615621976734346,0.0,0.0,0.0,0.0,0.0,9.81
6.61,0.0,50.042552299390564,0.0,-6.382830604987291,0.0,-9.422751323562753,0.0,7.494605173125954,0.0,-4.519647045686706,0.0,-8.706830055657665,0.0,0.0,0.0,0.0,0.0,9.81
6.615,0.0,53.1618677787387,0.0,-6.715482024798535,0.0,-9.183311921403687,0.0,5.403995085767144,0.0,-4.344694427187267,0.0,-8.795437987929786,0.0,0.0,0.0,0.0,0.0,9.81
6.62,0.0,56.072895168048774,0.0,-7.012218770187277,0.0,-8.91884745103357,0.0,3.3467075812865303,0.0,-4.166805079201243,0.0,-8.881094218404163,0.0,0.0,0.0,0.0,0.0,9.81
6.625,0.0,58.76815582383627,0.0,-7.273402760834143,0.0,-8.63367088793616,0.0,1.3205725988478916,0.0,-3.9864773914844904,0.0,-8.96348688292985,0.0,0.0,0.0,0.0,0.0,9.81
6.63,0.0,61.24316323398537,0.0,-7.500119626299414,0.0,-8.33215786620204,0.0,-0.6771989883811855,0.0,-3.8042224082464147,0.0,-9.042344328834018,0.0,0.0,0.0,0.0,0.0,9.81
6.635,0.0,63.49545404598395,0.0,-7.694015661293472,0.0,-8.018718772025622,0.0,-2.649305123107977,0.0,-3.620562410889404,0.0,-9.117435325317464,0.0,0.0,0.0,0.0,0.0,9.81
6.640000000000001,0.0,65.52362351911268,0.0,-7.85712757638253,0.0,-7.697801262742223,0.0,-4.597653269581677,0.0,-3.4360293973167466,0.0,-9.188569042237297,0.0,0.0,0.0,0.0,0.0,9.81
6.6450000000000005,0.0,67.3263754583931,0.0,-7.991707118552556,0.0,-7.373916693408912,0.0,-6.522681513547804,0.0,-3.251163329632741,0.0,-9.255594850627597,0.0,0.0,0.0,0.0,0.0,9.81
6.65,0.0,68.90157464610554,0.0,-8.100039298407612,0.0,-7.051682882597834,0.0,-8.422698951817667,0.0,-3.066510016503064,0.0,-9.318401972259888,0.0,0.0,0.0,0.0,0.0,9.81
6.655,0.0,70.24527292702017,0.0,-8.184250392100944,0.0,-6.735874858661043,0.0,-10.293236488363766,0.0,-2.8826184934977195,0.0,-9.376918980856,0.0,0.0,0.0,0.0,0.0,9.81
6.66,0.0,71.3506693134609,0.0,-8.246100257149905,0.0,-6.431474350099711,0.0,-12.126394566781727,0.0,-2.700037762535756,0.0,-9.431113135802287,0.0,0.0,0.0,0.0,0.0,9.81
6.665,0.0,72.20696073073358,0.0,-8.286752987216932,0.0,-6.143707519676001,0.0,-13.910173478445504,0.0,-2.5193127486664615,0.0,-9.480989511312087,0.0,0.0,0.0,0.0,0.0,9.81
6.67,0.0,72.79804506661353,0.0,-8.306520812556935,0.0,-5.8780585693801575,0.0,-15.627775627859423,0.0,-2.3409793281270583,0.0,-9.526589870377219,0.0,0.0,0.0,0.0,0.0,9.81
6.675,0.0,73.10105517727213,0.0,-8.304578912032328,0.0,-5.640244259131225,0.0,-17.256879200038938,0.0,-2.1655582762159944,0.0,-9.56799122360781,0.0,0.0,0.0,0.0,0.0,9.81
6.68,0.0,73.08473653627965,0.0,-8.278654199253863,0.0,-5.4361311819395075,0.0,-18.768901746073688,0.0,-1.9935479788497361,0.0,-9.60530400801303,0.0,0.0,0.0,0.0,0.0,9.81
6.6850000000000005,0.0,72.70773955311537,0.0,-8.22470024404553,0.0,-5.271574261897471,0.0,-20.128304023750495,0.0,-1.825415751817838,0.0,-9.63866981962945,0.0,0.0,0.0,0.0,0.0,9.81
6.69,0.0,71.9169890864481,0.0,-8.136584566223735,0.0,-5.152152404170491,0.0,-21.292033408317565,0.0,-1.6615876240124736,0.0,-9.668258636362312,0.0,0.0,0.0,0.0,0.0,9.81
6.695,0.0,70.64642654085614,0.0,-8.005834731511792,0.0,-5.082777434048744,0.0,-22.209276096627498,0.0,-1.5024364768792406,0.0,-9.694265473298717,0.0,0.0,0.0,0.0,0.0,9.81
6.7,0.0,68.81659640938467,0.0,-7.821516194720833,0.0,-5.06715853507866,0.0,-22.821778370568925,0.0,-1.3482685088030038,0.0,-9.716906422205595,0.0,0.0,0.0,0.0,0.0,9.81
6.705,0.0,66.33575548335989,0.0,-7.570345463343467,0.0,-5.107120776909708,0.0,-23.065100637725255,0.0,-1.1993081320495593,0.0,-9.736414040554704,0.0,0.0,0.0,0.0,0.0,9.81
6.71,0.0,63.10337409310877,0.0,-7.237170026952254,0.0,-5.2018082017911444,0.0,-22.871258135668878,0.0,-1.0556816360438421,0.0,-9.753032074538224,0.0,0.0,0.0,0.0,0.0,9.81
6.715,0.0,59.016980416099045,0.0,-6.805957553991372,0.0,-5.346853251325708,0.0,-22.173227476660884,0.0,-0.9174002853817201,0.0,-9.76700952731143,0.0,0.0,0.0,0.0,0.0,9.81
6.72,0.0,53.98311886943031,0.0,-6.261408702428475,0.0,-5.533663560009259,0.0,-20.9116774520351,0.0,-0.7843439688970761,0.0,-9.778594121048082,0.0,0.0,0.0,0.0,0.0,9.81
6.7250000000000005,0.0,47.932565318757526,0.0,-5.5912134543621175,0.0,-5.749051102149265,0.0,-19.04391895071718,0.0,-0.6562470461807828,0.0,-9.78802525244407,0.0,0.0,0.0,0.0,0.0,9.81
6.73,0.0,40.83873130475686,0.0,-4.788791284830912,0.0,-5.975476621296821,0.0,-16.554397603592516,0.0,-0.5326885601916219,0.0,-9.795526608026895,0.0,0.0,0.0,0.0,0.0,9.81
6.735,0.0,32.73647768971624,0.0,-3.856103635880255,0.0,-6.19215712676663,0.0,-13.465127090373896,0.0,-0.41308933601710757,0.0,-9.80129868654215,0.0,0.0,0.0,0.0,0.0,9.81
6.74,0.0,23.73682108858872,0.0,-2.805873586790227,0.0,-6.377139662446469,0.0,-9.843545332556175,0.0,-0.29671844539313397,0.0,-9.805511563000737,0.0,0.0,0.0,0.0,0.0,9.81
6.745,0.0,14.032156790139846,0.0,-1.6624241503032242,0.0,-6.510170982755769,0.0,-5.804857014003657,0.0,-0.18271087029385735,0.0,-9.808298306489458,0.0,0.0,0.0,0.0,0.0,9.81
6.75,0.0,3.887642723065547,0.0,-0.4604984518252589,0.0,-6.575856776733822,0.0,-1.5065347332950094,0.0,-0.07009685553247054,0.0,-9.809749507934342,0.0,0.0,0.0,0.0,0.0,9.81
6.755,0.0,-6.382308337951165,0.0,0.758091208106779,0.0,-6.566352850926759,0.0,2.8655127549686314,0.0,0.04215844644226536,0.0,-9.809909359595364,0.0,0.0,0.0,0.0,0.0,9.81
6.76,0.0,-16.448760374046948,0.0,1.9494498209985411,0.0,-6.4828276962841205,0.0,7.117012479946162,0.0,0.15510842553476692,0.0,-9.808773639346583,0.0,0.0,0.0,0.0,0.0,9.81
6.765000000000001,0.0,-26.00645235514892,0.0,3.0730908332275813,0.0,-6.335246966882148,0.0,11.067322300034785,0.0,0.26977642964042853,0.0,-9.806289793966258,0.0,0.0,0.0,0.0,0.0,9.81
6.7700000000000005,0.0,-34.80636839911457,0.0,4.0966066964480685,0.0,-6.1405472211945975,0.0,14.568305998388823,0.0,0.38711047370728474,0.0,-9.802359114697667,0.0,0.0,0.0,0.0,0.0,9.81
6.775,0.0,-42.675740409901216,0.0,4.99850711111393,0.0,-5.919751525696441,0.0,17.51621484109654,0.0,0.5079458304733571,0.0,-9.79684079908645,0.0,0.0,0.0,0.0,0.0,9.81
6.78,0.0,-49.52300798425503,0.0,5.768863453916811,0.0,-5.694816248829035,0.0,19.855132684136098,0.0,0.632978427941581,0.0,-9.789557538612026,0.0,0.0,0.0,0.0,0.0,9.81
6.785,0.0,-55.32978844896316,0.0,6.408058878392616,0.0,-5.485922333183107,0.0,21.573026807387834,0.0,0.7627499614328378,0.0,-9.780302188038362,0.0,0.0,0.0,0.0,0.0,9.81
6.79,0.0,-60.1346764509873,0.0,6.9243494678494635,0.0,-5.309635818141663,0.0,22.692996239776786,0.0,0.8976438447300039,0.0,-9.76884506214983,0.0,0.0,0.0,0.0,0.0,9.81
6.795,0.0,-64.01417716295944,0.0,7.331015279499122,0.0,-5.1780306076341205,0.0,23.262627466684894,0.0,1.0378899491540834,0.0,-9.754941451931241,0.0,0.0,0.0,0.0,0.0,9.81
6.8,0.0,-67.06490337391199,0.0,7.643710281773554,0.0,-5.098621868844184,0.0,23.343774253892157,0.0,1.1835755965337187,0.0,-9.73833903037336,0.0,0.0,0.0,0.0,0.0,9.81
6.805,0.0,-69.38936672576898,0.0,7.878356813359962,0.0,-5.074846310485468,0.0,23.00412271950946,0.0,1.3346603485021382,0.0,-9.718784904985785,0.0,0.0,0.0,0.0,0.0,9.81
6.8100000000000005,0.0,-71.08607845835886,0.0,8.049692118069075,0.0,-5.106823268168826,0.0,22.311024751365014,0.0,1.4909925457535786,0.0,-9.69603215429516,0.0,0.0,0.0,0.0,0.0,9.81
6.815,0.0,-72.24361176538275,0.0,8.170416339609025,0.0,-5.192188785160452,0.0,21.32748872756867,0.0,1.6523260863172828,0.0,-9.669845751746804,0.0,0.0,0.0,0.0,0.0,9.81
6.82,0.0,-72.93777644106703,0.0,8.250815604923208,0.0,-5.326869827508505,0.0,20.109921084685585,0.0,1.818336446703861,0.0,-9.640007831176776,0.0,0.0,0.0,0.0,0.0,9.81
6.825,0.0,-73.23095765884128,0.0,8.298717773925953,0.0,-5.505731292735353,0.0,18.70713627469069,0.0,1.9886353703664081,0.0,-9.60632228530269,0.0,0.0,0.0,0.0,0.0,9.81
6.83,0.0,-73.17279124358599,0.0,8.319655397048725,0.0,-5.723074860466694,0.0,17.16020030011842,0.0,2.1627839540976725,0.0,-9.568618715494544,0.0,0.0,0.0,0.0,0.0,9.81
6.835,0.0,-72.80154929676273,0.0,8.317139973145963,0.0,-5.9729963498927825,0.0,15.502770088815907,0.0,2.3403040651823916,0.0,-9.526755770229006,0.0,0.0,0.0,0.0,0.0,9.81
6.84,0.0,-72.14581180735445,0.0,8.292981649742718,0.0,-6.2496216362428365,0.0,13.761692950718738,0.0,2.520688143328861,0.0,-9.48062392316284,0.0,0.0,0.0,0.0,0.0,9.81
6.845,0.0,-71.22616620614895,0.0,8.247613571575569,0.0,-6.547245462521408,0.0,11.95771658408096,0.0,2.7034075061185585,0.0,-9.430147750933134,0.0,0.0,0.0,0.0,0.0,9.81
6.8500000000000005,0.0,-70.05679911540821,0.0,8.180398724421625,0.0,-6.860396800449687,0.0,10.106224682874142,0.0,2.887919305707059,0.0,-9.375287776175124,0.0,0.0,0.0,0.0,0.0,9.81
6.855,0.0,-68.64692722096149,0.0,8.089909878755055,0.0,-7.183851565832016,0.0,8.217957603974337,0.0,3.0736722932421316,0.0,-9.316041942939705,0.0,0.0,0.0,0.0,0.0,9.81
6.86,0.0,-67.00206592622195,0.0,7.974181332417385,0.0,-7.5126101352217844,0.0,6.299705889810049,0.0,3.2601115463685875,0.0,-9.25244678950423,0.0,0.0,0.0,0.0,0.0,9.81
6.865,0.0,-65.12516377351928,0.0,7.830935818590395,0.0,-7.841854090640985,0.0,4.3549810046923945,0.0,3.446682310658114,0.0,-9.184578377196946,0.0,0.0,0.0,0.0,0.0,9.81
6.87,0.0,-63.0176442114623,0.0,7.657792166989302,0.0,-8.166894272738872,0.0,2.3846758930536227,0.0,3.6328331012615176,0.0,-9.112553023012296,0.0,0.0,0.0,0.0,0.0,9.81
6.875,0.0,-60.6803986518612,0.0,7.4524597567814475,0.0,-8.483120581307622,0.0,0.3877302899124597,0.0,3.8180182078831595,0.0,-9.036527868347214,0.0,0.0,0.0,0.0,0.0,9.81
6.88,0.0,-58.11476856368985,0.0,7.21292489136403,0.0,-8.785962877381017,0.0,-1.6381864605802159,0.0,4.001699744258686,0.0,-8.956701296287132,0.0,0.0,0.0,0.0,0.0,9.81
6.885,0.0,-55.323541015908894,0.0,6.937632194095023,0.0,-9.070871552856097,0.0,-3.695968234227463,0.0,4.183349381645781,0.0,-8.873313186092634,0.0,0.0,0.0,0.0,0.0,9.81
6.890000000000001,0.0,-52.311962470491956,0.0,6.625661133609844,0.0,-9.333325505692331,0.0,-5.7883429717337895,0.0,4.36244990272362,0.0,-8.786644967042717,0.0,0.0,0.0,0.0,0.0,9.81
6.8950000000000005,0.0,-49.08875078039738,0.0,6.2768940357836485,0.0,-9.568874011035525,0.0,-7.917135929191334,0.0,4.538496705643218,0.0,-8.697019406454435,0.0,0.0,0.0,0.0,0.0,9.81
6.9,0.0,-45.667057189419204,0.0,5.892167763007808,0.0,-9.773216933805138,0.0,-10.082553629623447,0.0,4.710999375540044,0.0,-8.604800041191298,0.0,0.0,0.0,0.0,0.0,9.81
6.905,0.0,-42.06530204634018,0.0,5.47339719290077,0.0,-9.942324588674488,0.0,-12.28253093358753,0.0,4.879483420575377,0.0,-8.510390141710259,0.0,0.0,0.0,0.0,0.0,9.81
6.91,0.0,-38.307785005703465,0.0,5.023655499685207,0.0,-10.07259420808555,0.0,-14.512195437432581,0.0,5.043492240120282,0.0,-8.414231086597303,0.0,0.0,0.0,0.0,0.0,9.81
6.915,0.0,-34.42495907099066,0.0,4.547194993447388,0.0,-10.16103462351671,0.0,-16.763509607468357,0.0,5.202589353804182,0.0,-8.31680002752991,0.0,0.0,0.0,0.0,0.0,9.81
6.92,0.0,-30.453264445358318,0.0,4.0493938475379565,0.0,-10.205464992262264,0.0,-19.025148282447404,0.0,5.356360873251493,0.0,-8.218606742859984,0.0,0.0,0.0,0.0,0.0,9.81
6.925,0.0,-26.434447455005145,0.0,3.536619068431844,0.0,-10.204708204449952,0.0,-21.28265490600482,0.0,5.504418146852625,0.0,-8.120189614050098,0.0,0.0,0.0,0.0,0.0,9.81
6.93,0.0,-22.41434231639173,0.0,3.0160045074927577,0.0,-10.158756237878395,0.0,-23.51889361782488,0.0,5.646400457251362,0.0,-8.022110711982917,0.0,0.0,0.0,0.0,0.0,9.81
6.9350000000000005,0.0,-18.441163783060034,0.0,2.4951536483497296,0.0,-10.068884412122262,0.0,-25.714778678480172,0.0,5.781977608185936,0.0,-7.924950045547904,0.0,0.0,0.0,0.0,0.0,9.81
6.94,0.0,-14.56343503709629,0.0,1.981788479208447,0.0,-9.93769501425902,0.0,-27.850223373916407,0.0,5.910852209017122,0.0,-7.829299095679121,0.0,0.0,0.0,0.0,0.0,9.81
6.945,0.0,-10.827741623324382,0.0,1.4833755384637004,0.0,-9.769078104501318,0.0,-29.90521554627726,0.0,6.032761457656407,0.0,-7.735753824771947,0.0,0.0,0.0,0.0,0.0,9.81
6.95,0.0,-7.276542641550453,0.0,1.0067658087351168,0.0,-9.568087452159725,0.0,-31.860904451721,0.0,6.147478238912248,0.0,-7.644907404180923,0.0,0.0,0.0,0.0,0.0,9.81
6.955,0.0,-3.946273550389037,0.0,0.5578849233729797,0.0,-9.340740646410355,0.0,-33.700579662581035,0.0,6.254811394957108,0.0,-7.557342932819154,0.0,0.0,0.0,0.0,0.0,9.81
6.96,0.0,-0.865938359183211,0.0,0.14150389722396695,0.0,-9.093762235884254,0.0,-35.41043876027735,0.0,6.354605083113591,0.0,-7.47362642265868,0.0,0.0,0.0,0.0,0.0,9.81
6.965,0.0,1.9436797569602788,0.0,-0.23889044081273236,0.0,-8.834295294591367,0.0,-36.98007313897204,0.0,6.446737205645984,0.0,-7.394300301662355,0.0,0.0,0.0,0.0,0.0,9.81
6.97,0.0,4.470146026585915,0.0,-0.5811195625016194,0.0,-8.569608931203119,0.0,-38.402642940530576,0.0,6.531116967262452,0.0,-7.31987763549552,0.0,0.0,0.0,0.0,0.0,9.81
6.9750000000000005,0.0,6.708880810253824,0.0,-0.8842391880532738,0.0,-8.30682690163274,0.0,-39.67475396128105,0.0,6.607681679449604,0.0,-7.250837204004567,0.0,0.0,0.0,0.0,0.0,9.81
6.98,0.0,8.662153809001197,0.0,-1.148384628862112,0.0,-8.05269661044302,0.0,-40.79608338396214,0.0,6.676392979525712,0.0,-7.1876194964355635,0.0,0.0,0.0,0.0,0.0,9.81
6.985,0.0,10.337714957988986,0.0,-1.374559213501634,0.0,-7.813409973096207,0.0,-41.76882251571998,0.0,6.737232662526018,0.0,-7.13062362002695,0.0,0.0,0.0,0.0,0.0,9.81
6.99,0.0,11.747223763971029,0.0,-1.56439122991009,0.0,-7.594479547807646,0.0,-42.597012210481076,0.0,6.790198335210603,0.0,-7.080205057446003,0.0,0.0,0.0,0.0,0.0,9.81
6.995,0.0,12.904627563474328,0.0,-1.7198829077363114,0.0,-7.400666403796425,0.0,-43.28584235479475,0.0,6.835299095914427,0.0,-7.0366741643030775,0.0,0.0,0.0,0.0,0.0,9.81
7.0,0.0,13.824612237765564,0.0,-1.8431706778556807,0.0,-7.2359511919122586,0.0,-43.84097460827752,0.0,6.872551425731082,0.0,-7.000295270535972,0.0,0.0,0.0,0.0,0.0,9.81
7.005,0.0,14.52121527962813,0.0,-1.9363106635564813,0.0,-7.103537072577752,0.0,-44.26793186635047,0.0,6.901975450379996,0.0,-6.971286238249989,0.0,0.0,0.0,0.0,0.0,9.81
7.01,0.0,15.006658316474628,0.0,-2.0010982386035936,0.0,-7.005872343811053,0.0,-44.571582360705285,0.0,6.923591702482618,0.0,-6.949818331439162,0.0,0.0,0.0,0.0,0.0,9.81
7.015000000000001,0.0,15.290429279002993,0.0,-2.0389262991588657,0.0,-6.944681362866792,0.0,-44.75573342513731,0.0,6.937418484347228,0.0,-6.936016266928904,0.0,0.0,0.0,0.0,0.0,9.81
7.0200000000000005,0.0,15.378625704109297,0.0,-2.0506839941990997,0.0,-6.920994169518984,0.0,-44.8228409185593,0.0,6.94346990397179,0.0,-6.929958337813699,0.0,0.0,0.0,0.0,0.0,9.81
7.025,0.0,15.273560273203373,0.0,-2.0366960531256244,0.0,-6.935167660823748,0.0,-44.77383520336155,0.0,6.9417546328071245,0.0,-6.931676527932995,0.0,0.0,0.0,0.0,0.0,9.81
7.03,0.0,14.973626137933707,0.0,-1.9967023084318754,0.0,-6.9868939226621505,0.0,-44.60806274245336,0.0,6.9322754127950175,0.0,-6.941156566426039,0.0,0.0,0.0,0.0,0.0,9.81
7.035,0.0,14.47342045779812,0.0,-1.9298771590860788,0.0,-7.075194204716268,0.0,-44.323342653456784,0.0,6.915029321431389,0.0,-6.958337903588107,0.0,0.0,0.0,0.0,0.0,9.81
7.04,0.0,13.764126985593734,0.0,-1.8348891081600383,0.0,-7.198399935153751,0.0,-43.91613856384739,0.0,6.890008785746542,0.0,-6.9831136219729615,0.0,0.0,0.0,0.0,0.0,9.81
7.045,0.0,12.834159471478003,0.0,-1.710000667004555,0.0,-7.354125044458355,0.0,-43.38184640063198,0.0,6.857203317623584,0.0,-7.015330328954063,0.0,0.0,0.0,0.0,0.0,9.81
7.05,0.0,11.670064241327573,0.0,-1.5532084007793205,0.0,-7.539236608827423,0.0,-42.715196948025245,0.0,6.816601922425879,0.0,-7.0547881076435655,0.0,0.0,0.0,0.0,0.0,9.81
7.055,0.0,10.257670139228907,0.0,-1.3624213221686858,0.0,-7.749833248539016,0.0,-41.91076697730392,0.0,6.7681961095752685,0.0,-7.101240630660423,0.0,0.0,0.0,0.0,0.0,9.81
7.0600000000000005,0.0,8.58345564945693,0.0,-1.1356729925738394,0.0,-7.981242518087536,0.0,-40.96358382250806,0.0,6.711983407387872,0.0,-7.154395563670855,0.0,0.0,0.0,0.0,0.0,9.81
7.065,0.0,6.636076536160473,0.0,-0.8713585740301608,0.0,-8.228049274425482,0.0,-39.86979554278535,0.0,6.647971256049603,0.0,-7.213915400255528,0.0,0.0,0.0,0.0,0.0,9.81
7.07,0.0,4.407965085359692,0.0,-0.5684830423473624,0.0,-8.48416621746544,0.0,-38.62736346447693,0.0,6.5761811242300885,0.0,-7.279418873467082,0.0,0.0,0.0,0.0,0.0,9.81
7.075,0.0,1.8968789804667736,0.0,-0.2269015817661123,0.0,-8.742955036062783,0.0,-37.23671841148668,0.0,6.496652669829783,0.0,-7.350483079469358,0.0,0.0,0.0,0.0,0.0,9.81
7.08,0.0,-0.892748551023125,0.0,0.15247102277116817,0.0,-8.997401677708854,0.0,-35.70130998196429,0.0,6.409447747989906,0.0,-7.4266464226847075,0.0,0.0,0.0,0.0,0.0,9.81
7.085,0.0,-3.9488165883092563,0.0,0.567507036613161,0.0,-9.240342438514945,0.0,-34.027974109977,0.0,6.314654064329821,0.0,-7.5074124492899,0.0,0.0,0.0,0.0,0.0,9.81
7.09,0.0,-7.251069026908244,0.0,1.0147917681524399,0.0,-9.464729650403608,0.0,-32.227051702886854,0.0,6.212388282341532,0.0,-7.592254578437958,0.0,0.0,0.0,0.0,0.0,9.81
7.095,0.0,-10.771217919126219,0.0,1.4896461508248615,0.0,-9.6639180733834,0.0,-30.312212341402308,0.0,6.1027984231684815,0.0,-7.6806216728321886,0.0,0.0,0.0,0.0,0.0,9.81
7.1000000000000005,0.0,-14.473717362760645,0.0,1.9862530402886307,0.0,-9.831947340754823,0.0,-28.299970697219216,0.0,5.986065443113586,0.0,-7.771944319549581,0.0,0.0,0.0,0.0,0.0,9.81
7.105,0.0,-18.31714460383462,0.0,2.4978815358460458,0.0,-9.963793499721357,0.0,-26.208924611596906,0.0,5.8624039353991115,0.0,-7.8656416274498575,0.0,0.0,0.0,0.0,0.0,9.81
7.11,0.0,-22.256060905179922,0.0,3.017190458663317,0.0,-10.055564774397588,0.0,-24.05878485071518,0.0,5.732061971138364,0.0,-7.961128298508774,0.0,0.0,0.0,0.0,0.0,9.81
7.115,0.0,-26.24315742519342,0.0,3.5365813155092547,0.0,-10.104623094346932,0.0,-21.86929853923559,0.0,5.5953201613807515,0.0,-8.057821704665974,0.0,0.0,0.0,0.0,0.0,9.81
7.12,0.0,-30.231455793179226,0.0,4.048564984238533,0.0,-10.109622539442775,0.0,-19.659183899107934,0.0,5.452490078360583,0.0,-8.155148703473348,0.0,0.0,0.0,0.0,0.0,9.81
7.125,0.0,-34.176336580467165,0.0,4.546106199344502,0.0,-10.070466708088095,0.0,-17.445189822936733,0.0,5.303912212211145,0.0,-8.252551954622774,0.0,0.0,0.0,0.0,0.0,9.81
7.13,0.0,-38.03720895259279,0.0,5.022915440425687,0.0,-9.988196933188416,0.0,-15.241371567384594,0.0,5.14995365502641,0.0,-8.349495550476137,0.0,0.0,0.0,0.0,0.0,9.81
7.135,0.0,-41.778700309277134,0.0,5.473667448639319,0.0,-9.864830439527354,0.0,-13.058639313516958,0.0,4.991005696758444,0.0,-8.445469838802005,0.0,0.0,0.0,0.0,0.0,9.81
7.140000000000001,0.0,-45.371319819177884,0.0,5.894136963056905,0.0,-9.703170977337937,0.0,-10.904597609718216,0.0,4.827481490157589,0.0,-8.539995385314613,0.0,0.0,0.0,0.0,0.0,9.81
7.1450000000000005,0.0,-48.79161878369977,0.0,6.281252992250927,0.0,-9.50661416451156,0.0,-8.783658651255541,0.0,4.6598139005097705,0.0,-8.632626088075657,0.0,0.0,0.0,0.0,0.0,9.81
7.15,0.0,-52.02192228669389,0.0,6.633081210895649,0.0,-9.278966496483273,0.0,-6.697386584818899,0.0,4.488453607138937,0.0,-8.722951508217568,0.0,0.0,0.0,0.0,0.0,9.81
7.155,0.0,-55.04973530887873,0.0,6.9487489894361305,0.0,-9.024291933005186,0.0,-4.645016029129233,0.0,4.313867474053566,0.0,-8.810598517603228,0.0,0.0,0.0,0.0,0.0,9.81
7.16,0.0,-57.86693294918805,0.0,7.228329103525952,0.0,-8.746794371094373,0.0,-2.624085296555104,0.0,4.13653716189701,0.0,-8.895232382817325,0.0,0.0,0.0,0.0,0.0,9.81
7.165,0.0,-60.468833186740355,0.0,7.472696942574648,0.0,-8.450739133204069,0.0,-0.6311309037709742,0.0,3.956957915803448,0.0,-8.976557407659605,0.0,0.0,0.0,0.0,0.0,9.81
7.17,0.0,-62.85322809656171,0.0,7.6833729626877005,0.0,-8.140412418452943,0.0,1.3375984458018166,0.0,3.775637435246911,0.0,-9.054317246101009,0.0,0.0,0.0,0.0,0.0,9.81
7.175,0.0,-65.0194218083728,0.0,7.862358142277215,0.0,-7.82011467543523,0.0,3.2854363176828247,0.0,3.5930947122901253,0.0,-9.128294978247704,0.0,0.0,0.0,0.0,0.0,9.81
7.18,0.0,-66.96729566388886,0.0,8.01196606193231,0.0,-7.494181952735034,0.0,5.214615593472365,0.0,3.4098587124664794,0.0,-9.198313017035447,0.0,0.0,0.0,0.0,0.0,9.81
7.1850000000000005,0.0,-68.69639618256689,0.0,8.134651466984643,0.0,-7.167028181024518,0.0,7.1256102322823125,0.0,3.226466765907486,0.0,-9.26423288648367,0.0,0.0,0.0,0.0,0.0,9.81
7.19,0.0,-70.20502129910362,0.0,8.232832084741684,0.0,-6.843200673077701,0.0,9.016494378473997,0.0,3.0434625330837464,0.0,-9.325954886004515,0.0,0.0,0.0,0.0,0.0,9.81
7.195,0.0,-71.48926564991824,0.0,8.308698215054045,0.0,-6.527440522757809,0.0,10.882304841490564,0.0,2.861393407566005,0.0,-9.383417631358046,0.0,0.0,0.0,0.0,0.0,9.81
7.2,0.0,-72.54197694432341,0.0,8.364003299446777,0.0,-6.224738702232378,0.0,12.7143894853192,0.0,2.6808072157436347,0.0,-9.436597442554243,0.0,0.0,0.0,0.0,0.0,9.81
7.205,0.0,-73.35157355997316,0.0,8.39982846057301,0.0,-5.940377214544869,0.0,14.499724181215033,0.0,2.5022480691665305,0.0,-9.485507532947006,0.0,0.0,0.0,0.0,0.0,9.81
7.21,0.0,-73.90068045336724,0.0,8.416315206280185,0.0,-5.679942448241826,0.0,16.220185789520144,0.0,2.326251218542458,0.0,-9.53019694214516,0.0,0.0,0.0,0.0,0.0,9.81
7.215,0.0,-74.16456004046367,0.0,8.41236368161574,0.0,-5.449294813097619,0.0,17.85178017182389,0.0,2.15333674996134,0.0,-9.570749148085921,0.0,0.0,0.0,0.0,0.0,9.81
7.22,0.0,-74.1093529855161,0.0,8.385299935412917,0.0,-5.254474934370679,0.0,19.363845721032,0.0,1.9840019558321635,0.0,-9.607280290399121,0.0,0.0,0.0,0.0,0.0,9.81
7.2250000000000005,0.0,-73.69020953678876,0.0,8.330525921015623,0.0,-5.101522656774537,0.0,20.71828882869182,0.0,1.8187122100167643,0.0,-9.639936937669122,0.0,0.0,0.0,0.0,0.0,9.81
7.23,0.0,-72.84949581718966,0.0,8.241181908262805,0.0,-4.9961820346142485,0.0,21.86896340529192,0.0,1.6578901870767715,0.0,-9.668893335021766,0.0,0.0,0.0,0.0,0.0,9.81
7.235,0.0,-71.51541128567916,0.0,8.107874032986391,0.0,-4.94346558881892,0.0,22.761386642491857,0.0,1.5019033027093518,0.0,-9.694348075401685,0.0,0.0,0.0,0.0,0.0,9.81
7.24,0.0,-69.60155634978526,0.0,7.918550130867219,0.0,-4.947058072123447,0.0,23.33308804725676,0.0,1.3510493356594422,0.0,-9.71652014802236,0.0,0.0,0.0,0.0,0.0,9.81
7.245,0.0,-67.00822654078749,0.0,7.658642169690985,0.0,-5.008559063433754,0.0,23.515008049174433,0.0,1.2055403460059126,0.0,-9.735644331314221,0.0,0.0,0.0,0.0,0.0,9.81
7.25,0.0,-63.62642743698133,0.0,7.311625239136007,0.0,-5.126601047529228,0.0,23.234465301348745,0.0,1.0654852593748747,0.0,-9.75196591652424,0.0,0.0,0.0,0.0,0.0,9.81
7.255,0.0,-59.34568867061639,0.0,6.860154193738236,0.0,-5.295939742782096,0.0,22.42023588400881,0.0,0.9308718654990732,0.0,-9.76573477409155,0.0,0.0,0.0,0.0,0.0,9.81
7.26,0.0,-54.06652243621518,0.0,6.287902716882449,0.0,-5.506694003280749,0.0,21.010135317059987,0.0,0.8015494869282009,0.0,-9.777198811079137,0.0,0.0,0.0,0.0,0.0,9.81
7.265000000000001,0.0,-47.71760097425148,0.0,5.582113786358344,0.0,-5.743996779381099,0.0,18.961051250816524,0.0,0.6772141704440752,0.0,-9.78659691771523,0.0,0.0,0.0,0.0,0.0,9.81
7.2700000000000005,0.0,-40.27627225750997,0.0,4.73665481278569,0.0,-5.988368195205325,0.0,16.260570959227852,0.0,0.557398830360772,0.0,-9.794151566992868,0.0,0.0,0.0,0.0,0.0,9.81
7.275,0.0,-31.789025498788703,0.0,3.755075722813039,0.0,-6.2170799703374255,0.0,12.938265518054296,0.0,0.44147113456400244,0.0,-9.80006131247148,0.0,0.0,0.0,0.0,0.0,9.81
7.28,0.0,-22.38658026914418,0.0,2.65288593350962,0.0,-6.406594811138157,0.0,9.073675260079977,0.0,0.32864181307848167,0.0,-9.804493518635928,0.0,0.0,0.0,0.0,0.0,9.81
7.285,0.0,-12.287518015671875,0.0,1.4581588967941366,0.0,-6.53583287612552,0.0,4.797687252316147,0.0,0.21798524851216888,0.0,-9.807577739137358,0.0,0.0,0.0,0.0,0.0,9.81
7.29,0.0,-1.7859450604627556,0.0,0.20980569347893852,0.0,-6.58963329617667,0.0,0.2849073380129124,0.0,0.10847260392706227,0.0,-9.809400206369505,0.0,0.0,0.0,0.0,0.0,9.81
7.295,0.0,8.777145044695153,0.0,-1.0465290050687177,0.0,-6.561526000657292,0.0,-4.263060146854055,0.0,-0.0009844172300656996,0.0,-9.80999988436622,0.0,0.0,0.0,0.0,0.0,9.81
7.3,0.0,19.053649863685116,0.0,-2.2641943938684967,0.0,-6.454991210321794,0.0,-8.640513941480291,0.0,-0.11148325158690481,0.0,-9.8093664484893,0.0,0.0,0.0,0.0,0.0,9.81
7.305,0.0,28.72987355396425,0.0,-3.4015126499893618,0.0,-6.282804491859846,0.0,-12.661523294464704,0.0,-0.22407913743711685,0.0,-9.807440393485562,0.0,0.0,0.0,0.0,0.0,9.81
7.3100000000000005,0.0,37.55968510765978,0.0,-4.426537747128652,0.0,-6.0646769581767614,0.0,-16.179170493864476,0.0,-0.3397385294923248,0.0,-9.80411526524893,0.0,0.0,0.0,0.0,0.0,9.81
7.315,0.0,45.38248139014344,0.0,-5.319596176071775,0.0,-5.8239113528005495,0.0,-19.09634280043375,0.0,-0.4593019452326621,0.0,-9.799241806934612,0.0,0.0,0.0,0.0,0.0,9.81
7.32,0.0,52.124505981735346,0.0,-6.073397283240921,0.0,-5.583979886383735,0.0,-21.367182056407138,0.0,-0.5834589137841072,0.0,-9.792633651837523,0.0,0.0,0.0,0.0,0.0,9.81
7.325,0.0,57.786912129576656,0.0,-6.6912080131867135,0.0,-5.365763964841148,0.0,-22.990959850699774,0.0,-0.712735464297317,0.0,-9.784074110494954,0.0,0.0,0.0,0.0,0.0,9.81
7.33,0.0,62.42642809003199,0.0,-7.183950419172187,0.0,-5.185831679479883,0.0,-24.00154339443776,0.0,-0.8474927609688114,0.0,-9.773323589786886,0.0,0.0,0.0,0.0,0.0,9.81
7.335,0.0,66.13439234900667,0.0,-7.567070160330667,0.0,-5.055764200236464,0.0,-24.455628663994847,0.0,-0.987934406279452,0.0,-9.760127229751392,0.0,0.0,0.0,0.0,0.0,9.81
7.34,0.0,69.01824070310981,0.0,-7.857779308672454,0.0,-4.982304720348303,0.0,-24.422046514988434,0.0,-1.1341196067215522,0.0,-9.744222423683187,0.0,0.0,0.0,0.0,0.0,9.81
7.345,0.0,71.1874469834248,0.0,-8.072971720104613,0.0,-4.968018899075711,0.0,-23.97333540056661,0.0,-1.285979626856046,0.0,-9.725345975509077,0.0,0.0,0.0,0.0,0.0,9.81
7.3500000000000005,0.0,72.74424691115621,0.0,-8.227861996513674,0.0,-5.012182128524149,0.0,-23.179859220401177,0.0,-1.443335485133098,0.0,-9.703240729903891,0.0,0.0,0.0,0.0,0.0,9.81
7.355,0.0,73.77848524964203,0.0,-8.33525121609347,0.0,-5.111687204808188,0.0,-22.106189827968606,0.0,-1.6059154480990432,0.0,-9.677661577861816,0.0,0.0,0.0,0.0,0.0,9.81
7.36,0.0,74.36553986420321,0.0,-8.405263493420915,0.0,-5.26185067246548,0.0,-20.809237673718137,0.0,-1.7733714212676959,0.0,-9.648380792222504,0.0,0.0,0.0,0.0,0.0,9.81
7.365,0.0,74.5662791224652,0.0,-8.44539633128953,0.0,-5.457063846753628,0.0,-19.33759215493409,0.0,-1.9452937554821008,0.0,-9.615192685928271,0.0,0.0,0.0,0.0,0.0,9.81
7.37,0.0,74.42819882036028,0.0,-8.46075501226552,0.0,-5.691279120013427,0.0,-17.73161865144774,0.0,-2.1212242798920005,0.0,-9.577917613550168,0.0,0.0,0.0,0.0,0.0,9.81
7.375,0.0,73.98712446190234,0.0,-8.454376617821966,0.0,-5.958346627089314,0.0,-16.023977779521594,0.0,-2.3006675564035435,0.0,-9.536405356632256,0.0,0.0,0.0,0.0,0.0,9.81
7.38,0.0,73.26908250702087,0.0,-8.427581824239029,0.0,-6.252226690403346,0.0,-14.240343968427815,0.0,-2.48310045394207,0.0,-9.490537947687129,0.0,0.0,0.0,0.0,0.0,9.81
7.385,0.0,72.29211364521225,0.0,-8.380318259427137,0.0,-6.567105395620938,0.0,-12.400189158710859,0.0,-2.667980191022674,0.0,-9.440231997435651,0.0,0.0,0.0,0.0,0.0,9.81
7.390000000000001,0.0,71.0679204696556,0.0,-8.31147747537477,0.0,-6.8974383862518485,0.0,-10.517560960427959,0.0,-2.8547510133525487,0.0,-9.385440595642635,0.0,0.0,0.0,0.0,0.0,9.81
7.3950000000000005,0.0,69.60331963406716,0.0,-8.219179649407122,0.0,-7.2379441858515365,0.0,-8.601826695704592,0.0,-3.0428496746897675,0.0,-9.32615485769338,0.0,0.0,0.0,0.0,0.0,9.81
7.4,0.0,67.90151541705644,0.0,-8.101027508564677,0.0,-7.58356454363216,0.0,-6.658380659458606,0.0,-3.231709883780575,0.0,-9.262405186623324,0.0,0.0,0.0,0.0,0.0,9.81
7.405,0.0,65.96323690829891,0.0,-7.954335032376745,0.0,-7.929406149001535,0.0,-4.68932643585841,0.0,-3.4207658736240742,0.0,-9.194262313260541,0.0,0.0,0.0,0.0,0.0,9.81
7.41,0.0,63.787791492643166,0.0,-7.776338224366876,0.0,-8.27067579504982,0.0,-2.6941527427816983,0.0,-3.6094552444017562,0.0,-9.121838165086551,0.0,0.0,0.0,0.0,0.0,9.81
7.415,0.0,61.37408712692488,0.0,-7.564395281670334,0.0,-8.602619641018087,0.0,-0.6704222894537502,0.0,-3.797221229009265,0.0,-9.045286597134426,0.0,0.0,0.0,0.0,0.0,9.81
7.42,0.0,58.72166726061089,0.0,-7.316182177299658,0.0,-8.92047641906133,0.0,1.3855102842111426,0.0,-3.9835145297373242,0.0,-8.96480399580181,0.0,0.0,0.0,0.0,0.0,9.81
7.425,0.0,55.831786039139594,0.0,-7.029887161983764,0.0,-9.219453931404322,0.0,3.477742676048601,0.0,-4.167794874818492,0.0,-8.880629739422552,0.0,0.0,0.0,0.0,0.0,9.81
7.43,0.0,52.708528055524795,0.0,-6.704404092746994,0.0,-9.494737585243106,0.0,5.610033793752811,0.0,-4.349532442156004,0.0,-8.793046469058881,0.0,0.0,0.0,0.0,0.0,9.81
7.4350000000000005,0.0,49.3599471676907,0.0,-6.33951997242843,0.0,-9.741538549915475,0.0,7.784994133341734,0.0,-4.528209291993156,0.0,-8.702380091360663,0.0,0.0,0.0,0.0,0.0,9.81
7.44,0.0,45.799164819232644,0.0,-5.936087002775993,0.0,-9.955186922065433,0.0,10.003291507063977,0.0,-4.703320937793764,0.0,-8.608999405591454,0.0,0.0,0.0,0.0,0.0,9.81
7.445,0.0,42.04533392833911,0.0,-5.49616447517231,0.0,-10.131271666451532,0.0,12.262923354173981,0.0,-4.8743781626202365,0.0,-8.513315223105112,0.0,0.0,0.0,0.0,0.0,9.81
7.45,0.0,38.12434609030069,0.0,-5.023111938465972,0.0,-10.265823909319144,0.0,14.558621521989359,0.0,-5.040909155000954,0.0,-8.415778834411158,0.0,0.0,0.0,0.0,0.0,9.81
7.455,0.0,34.069145745937654,0.0,-4.5216135238187185,0.0,-10.355533636882116,0.0,16.88146315122413,0.0,-5.202461993274687,0.0,-8.316879681304371,0.0,0.0,0.0,0.0,0.0,9.81
7.46,0.0,29.91952352304098,0.0,-3.997615292432284,0.0,-10.397982751447628,0.0,19.21875776223368,0.0,-5.358607452367479,0.0,-8.21714211328945,0.0,0.0,0.0,0.0,0.0,9.81
7.465,0.0,25.721298185477803,0.0,-3.4581638127348513,0.0,-10.391871047884338,0.0,21.554262572191394,0.0,-5.508942046105539,0.0,-8.117121150589593,0.0,0.0,0.0,0.0,0.0,9.81
7.47,0.0,21.524863028686553,0.0,-2.91114481086942,0.0,-10.33720762112831,0.0,23.868744966406062,0.0,-5.6530911582081,0.0,-8.017397239081166,0.0,0.0,0.0,0.0,0.0,9.81
7.4750000000000005,0.0,17.38316071614723,0.0,-2.3649344151469576,0.0,-10.235440067595766,0.0,26.140866390491794,0.0,-5.790712064538085,0.0,-7.9185700603299605,0.0,0.0,0.0,0.0,0.0,9.81
7.48,0.0,13.34924486764676,0.0,-1.8279897801760794,0.0,-10.089498563682799,0.0,28.348313405260043,0.0,-5.921496616861583,0.0,-7.8212515435016785,0.0,0.0,0.0,0.0,0.0,9.81
7.485,0.0,9.473666330804473,0.0,-1.3084175558972964,0.0,-9.903741363390905,0.0,30.469059727325195,0.0,-6.045173351516972,0.0,-7.726058303637351,0.0,0.0,0.0,0.0,0.0,9.81
7.49,0.0,5.801966612741282,0.0,-0.8135647433774184,0.0,-9.683801025264728,0.0,32.482618175194816,0.0,-6.1615088086948795,0.0,-7.633603790499723,0.0,0.0,0.0,0.0,0.0,9.81
7.495,0.0,2.372557237259862,0.0,-0.3496750903629362,0.0,-9.436344269446128,0.0,34.37114049850029,0.0,-6.27030789826778,0.0,-7.544490463936611,0.0,0.0,0.0,0.0,0.0,9.81
7.5,0.0,-0.784789235211079,0.0,0.0783546781076245,0.0,-9.168769902707314,0.0,36.12024702396524,0.0,-6.371413220025482,0.0,-7.459302310004215,0.0,0.0,0.0,0.0,0.0,9.81
7.505,0.0,-3.6497012588653135,0.0,0.46709889201345556,0.0,-8.888876329324084,0.0,37.719511329455464,0.0,-6.464703329640452,0.0,-7.37859797729588,0.0,0.0,0.0,0.0,0.0,9.81
7.51,0.0,-6.21119509347826,0.0,0.8146039996505487,0.0,-8.60453156832222,0.0,39.162577498364584,0.0,-6.5500900249023,0.0,-7.302904751026681,0.0,0.0,0.0,0.0,0.0,9.81
7.515000000000001,0.0,-8.466958147613767,0.0,1.1202788354829616,0.0,-8.323374664517136,0.0,40.446937345215986,0.0,-6.627514798796113,0.0,-7.232713503509268,0.0,0.0,0.0,0.0,0.0,9.81
7.5200000000000005,0.0,-10.422075442646147,0.0,1.3846976201186856,0.0,-8.052569385565102,0.0,41.573432942034216,0.0,-6.69694465892874,0.0,-7.168474675465301,0.0,0.0,0.0,0.0,0.0,9.81
7.525,0.0,-12.087385591551168,0.0,1.6093451336392786,0.0,-7.7986212576147285,0.0,42.54557083095526,0.0,-6.7583675428551215,0.0,-7.110595264078001,0.0,0.0,0.0,0.0,0.0,9.81
7.53,0.0,-13.477657819528595,0.0,1.7963340745401892,0.0,-7.56725939646081,0.0,43.368738341494904,0.0,-6.8117875664020655,0.0,-7.059436729053463,0.0,0.0,0.0,0.0,0.0,9.81
7.535,0.0,-14.60975964441694,0.0,1.948121056643112,0.0,-7.36337678992024,0.0,44.04940301801901,0.0,-6.857220330743769,0.0,-7.015313681905019,0.0,0.0,0.0,0.0,0.0,9.81
7.54,0.0,-15.500947095083468,0.0,2.067241742687601,0.0,-7.191017473413543,0.0,44.59435871387216,0.0,-6.894688489201782,0.0,-6.978493197408592,0.0,0.0,0.0,0.0,0.0,9.81
7.545,0.0,-16.16736688977948,0.0,2.1560789746124174,0.0,-7.0533965017584475,0.0,45.01006185328926,0.0,-6.9242177423896205,0.0,-6.949194578188081,0.0,0.0,0.0,0.0,0.0,9.81
7.55,0.0,-16.622821414400804,0.0,2.216671752087968,0.0,-6.952938356316066,0.0,45.302082935996935,0.0,-6.94583339557629,0.0,-6.92758941052641,0.0,0.0,0.0,0.0,0.0,9.81
7.555,0.0,-16.877817746980412,0.0,2.2505683129160583,0.0,-6.891320814524268,0.0,45.474684113631085,0.0,-6.959557578832131,0.0,-6.913801768001276,0.0,0.0,0.0,0.0,0.0,9.81
7.5600000000000005,0.0,-16.93890319958669,0.0,2.2587236578048544,0.0,-6.86951372025195,0.0,45.53052454794812,0.0,-6.965407200898002,0.0,-6.907908445837219,0.0,0.0,0.0,0.0,0.0,9.81
7.565,0.0,-16.808281229777137,0.0,2.2414405315856007,0.0,-6.88780502945157,0.0,45.47049098963889,0.0,-6.963392682553484,0.0,-6.909939140012683,0.0,0.0,0.0,0.0,0.0,9.81
7.57,0.0,-16.483700867180154,0.0,2.1983527736770307,0.0,-6.94580964613311,0.0,45.293650533814926,0.0,-6.953517494113285,0.0,-6.919876519026198,0.0,0.0,0.0,0.0,0.0,9.81
7.575,0.0,-15.958616923096201,0.0,2.128450603170391,0.0,-7.0424597518538095,0.0,44.99732433744039,0.0,-6.93577850326224,0.0,-6.937656171388548,0.0,0.0,0.0,0.0,0.0,9.81
7.58,0.0,-15.222623762178522,0.0,2.0301482734276677,0.0,-7.1759785184722364,0.0,44.57728357061942,0.0,-6.910167121968115,0.0,-6.963166447420401,0.0,0.0,0.0,0.0,0.0,9.81
7.585,0.0,-14.262168801353859,0.0,1.9013950710835659,0.0,-7.343842261824715,0.0,44.028070326344704,0.0,-6.87667122277185,0.0,-6.996248248997771,0.0,0.0,0.0,0.0,0.0,9.81
7.59,0.0,-13.061549793923312,0.0,1.739830321067114,0.0,-7.5427391782324955,0.0,43.343445014313595,0.0,-6.83527777363774,0.0,-7.036694854499421,0.0,0.0,0.0,0.0,0.0,9.81
7.595,0.0,-11.604189448173294,0.0,1.5429814403399553,0.0,-7.768535621400689,0.0,42.51695652666476,0.0,-6.785976115598724,0.0,-7.084251896852447,0.0,0.0,0.0,0.0,0.0,9.81
7.6000000000000005,0.0,-9.874160104943904,0.0,1.3085008591848561,0.0,-8.016263071613446,0.0,41.54262129423281,0.0,-6.728761778411042,0.0,-7.138617637990506,0.0,0.0,0.0,0.0,0.0,9.81
7.605,0.0,-7.857899915366019,0.0,1.0344327728763087,0.0,-8.280139999157734,0.0,40.415682235470655,0.0,-6.663640697334004,0.0,-7.1994437001980796,0.0,0.0,0.0,0.0,0.0,9.81
7.61,0.0,-5.546022743829688,0.0,0.7194945799655644,0.0,-8.553642103099767,0.0,39.13339983321958,0.0,-6.5906336614419,0.0,-7.26633642010169,0.0,0.0,0.0,0.0,0.0,9.81
7.615,0.0,-2.9350827413182543,0.0,0.363351400497976,0.0,-8.829631337320045,0.0,37.69580808774407,0.0,-6.509780794519491,0.0,-7.338858980815429,0.0,0.0,0.0,0.0,0.0,9.81
7.62,0.0,-0.029120357085588466,0.0,-0.03314334927870119,0.0,-9.100548419158,0.0,36.10635241175366,0.0,-6.42114584873846,0.0,-7.416534449060818,0.0,0.0,0.0,0.0,0.0,9.81
7.625,0.0,3.1591993329256596,0.0,-0.4677709995771727,0.0,-9.358665388018977,0.0,34.37232011844035,0.0,-6.324820084556787,0.0,-7.4988497958913936,0.0,0.0,0.0,0.0,0.0,9.81
7.63,0.0,6.608032227687126,0.0,-0.9368622171104716,0.0,-9.596385197719409,0.0,32.50498204650933,0.0,-6.220925522523085,0.0,-7.5852609137403375,0.0,0.0,0.0,0.0,0.0,9.81
7.635,0.0,10.286513322349538,0.0,-1.4353239668755167,0.0,-9.806565956468711,0.0,30.519388825406487,0.0,-6.109617386716555,0.0,-7.675198564155886,0.0,0.0,0.0,0.0,0.0,9.81
7.640000000000001,0.0,14.155675509410411,0.0,-1.9567874428481704,0.0,-9.98284036886613,0.0,28.43380604515759,0.0,-5.991085614874556,0.0,-7.768075108481223,0.0,0.0,0.0,0.0,0.0,9.81
7.6450000000000005,0.0,18.17007574223851,0.0,-2.49386993523677,0.0,-10.119898158104927,0.0,26.268823089669635,0.0,-5.865555382272619,0.0,-7.863291798899286,0.0,0.0,0.0,0.0,0.0,9.81
7.65,0.0,22.279972545697486,0.0,-3.038527547841419,0.0,-10.213701942478366,0.0,24.04622061642924,0.0,-5.733286666761274,0.0,-7.960246351072735,0.0,0.0,0.0,0.0,0.0,9.81
7.655,0.0,26.43381779043514,0.0,-3.582462689222759,0.0,-10.261615103540008,0.0,21.787720268345012,0.0,-5.594572960229154,0.0,-8.058340491316555,0.0,0.0,0.0,0.0,0.0,9.81
7.66,0.0,30.58078505993195,0.0,-4.117543282356065,0.0,-10.262432107105958,0.0,19.51375800106167,0.0,-5.4497392960948465,0.0,-8.156987175723815,0.0,0.0,0.0,0.0,0.0,9.81
7.665,0.0,34.673065503608996,0.0,-4.6361911244191765,0.0,-10.21631500288471,0.0,17.24241542973344,0.0,-5.299139804324938,0.0,-8.255617215147032,0.0,0.0,0.0,0.0,0.0,9.81
7.67,0.0,38.667715589151264,0.0,-5.131704302579873,0.0,-10.124651657558223,0.0,14.988614341179295,0.0,-5.143155020079509,0.0,-8.353685102124322,0.0,0.0,0.0,0.0,0.0,9.81
7.675,0.0,42.52792449342782,0.0,-5.59849086372205,0.0,-9.98985945697429,0.0,12.763635893398558,0.0,-4.98218915941425,0.0,-8.450673913447426,0.0,0.0,0.0,0.0,0.0,9.81
7.68,0.0,46.22366138965003,0.0,-6.032204978772207,0.0,-9.81516165854443,0.0,10.574978540447287,0.0,-4.816667539956914,0.0,-8.546099243226783,0.0,0.0,0.0,0.0,0.0,9.81
7.6850000000000005,0.0,49.73174507396417,0.0,-6.429789649164546,0.0,-9.60436244642926,0.0,8.426527165807142,0.0,-4.647034273528598,0.0,-8.639512195070212,0.0,0.0,0.0,0.0,0.0,9.81
7.69,0.0,53.03543682136539,0.0,-6.789439444465606,0.0,-9.36164216371651,0.0,6.318976857812127,0.0,-4.473750299762658,0.0,-8.730501520248119,0.0,0.0,0.0,0.0,0.0,9.81
7.695,0.0,56.12368682765127,0.0,-7.110501908560978,0.0,-9.091387745917388,0.0,4.250440611865001,0.0,-4.297291772644169,0.0,-8.818695027126967,0.0,0.0,0.0,0.0,0.0,9.81
7.7,0.0,58.99016713469511,0.0,-7.393337309086602,0.0,-8.798066586468508,0.0,2.2171697151428456,0.0,-4.118148761393236,0.0,-8.90376040505853,0.0,0.0,0.0,0.0,0.0,9.81
7.705,0.0,61.63220624902165,0.0,-7.639154251518967,0.0,-8.486146062337351,0.0,0.21432508792430216,0.0,-3.936824186665447,0.0,-8.985405605546958,0.0,0.0,0.0,0.0,0.0,9.81
7.71,0.0,64.04971106909076,0.0,-7.849834550217713,0.0,-8.160056348460742,0.0,-1.7632468936517345,0.0,-3.7538328837445447,0.0,-9.063378908867813,0.0,0.0,0.0,0.0,0.0,9.81
7.715,0.0,66.24412781611501,0.0,-8.027755792271076,0.0,-7.824191086749557,0.0,-3.720263451806918,0.0,-3.5697006655330368,0.0,-9.137468780029922,0.0,0.0,0.0,0.0,0.0,9.81
7.72,0.0,68.21746098270997,0.0,-8.175615122538579,0.0,-7.482938740181062,0.0,-5.660292502799285,0.0,-3.3849632477943272,0.0,-9.207503588506267,0.0,0.0,0.0,0.0,0.0,9.81
7.7250000000000005,0.0,69.97134115500282,0.0,-8.29625346719437,0.0,-7.140736660235642,0.0,-7.585077287309842,0.0,-3.2001648947618513,0.0,-9.273351235259067,0.0,0.0,0.0,0.0,0.0,9.81
7.73,0.0,71.50611033322858,0.0,-8.392475964872371,0.0,-6.8021395712693975,0.0,-9.493887523111162,0.0,-3.015856642272868,0.0,-9.334918701067595,0.0,0.0,0.0,0.0,0.0,9.81
7.735,0.0,72.81987733920285,0.0,-8.466861877061795,0.0,-6.47189389098275,0.0,-11.38287880819053,0.0,-2.832593955550337,0.0,-9.392151503935908,0.0,0.0,0.0,0.0,0.0,9.81
7.74,0.0,73.90748599760995,0.0,-8.521555731033757,0.0,-6.155008678561889,0.0,-13.244437940201179,0.0,-2.650933677559744,0.0,-9.445033031524929,0.0,0.0,0.0,0.0,0.0,9.81
7.745,0.0,74.75933541371208,0.0,-8.558030995970698,0.0,-5.856812712279666,0.0,-15.06649118625444,0.0,-2.471430119941955,0.0,-9.493583697621569,0.0,0.0,0.0,0.0,0.0,9.81
7.75,0.0,75.35999645270043,0.0,-8.576818464472021,0.0,-5.582984998519172,0.0,-16.83175623875925,0.0,-2.2946301410095944,0.0,-9.537859859697063,0.0,0.0,0.0,0.0,0.0,9.81
7.755,0.0,75.68658501543052,0.0,-8.577194248838868,0.0,-5.339542756622655,0.0,-18.516928575752353,0.0,-2.121067044364153,0.0,-9.577952427403295,0.0,0.0,0.0,0.0,0.0,9.81
7.76,0.0,75.70688713911312,0.0,-8.556827835603043,0.0,-5.132766642069864,0.0,-20.09181254795451,0.0,-1.9512531190958213,0.0,-9.613985089032449,0.0,0.0,0.0,0.0,0.0,9.81
7.765000000000001,0.0,75.37729278461339,0.0,-8.511400366365914,0.0,-4.9690380481216145,0.0,-21.518441691277687,0.0,-1.785670632470046,0.0,-9.646112084077252,0.0,0.0,0.0,0.0,0.0,9.81
7.7700000000000005,0.0,74.6406969140792,0.0,-8.434219046220754,0.0,-4.854558793679076,0.0,-22.75028788142361,0.0,-1.6247610863818263,0.0,-9.674515454659444,0.0,0.0,0.0,0.0,0.0,9.81
7.775,0.0,73.4246817016991,0.0,-8.315877251095218,0.0,-4.794921482226676,0.0,-23.731741591616522,0.0,-1.4689125728291454,0.0,-9.699401716459183,0.0,0.0,0.0,0.0,0.0,9.81
7.78,0.0,71.64051138591432,0.0,-8.144042677457831,0.0,-4.794503046179195,0.0,-24.398159267960853,0.0,-1.3184451312146572,0.0,-9.720997900868726,0.0,0.0,0.0,0.0,0.0,9.81
7.785,0.0,69.18374344577165,0.0,-7.903496339073539,0.0,-4.855670225070961,0.0,-24.676912687284435,0.0,-1.173594149027811,0.0,-9.739546934856673,0.0,0.0,0.0,0.0,0.0,9.81
7.79,0.0,65.9375408288966,0.0,-7.576586318723153,0.0,-4.977821373844533,0.0,-24.49001250927852,0.0,-1.034492090913473,0.0,-9.755302344578771,0.0,0.0,0.0,0.0,0.0,9.81
7.795,0.0,61.77994879169689,0.0,-7.144285264460674,0.0,-5.156350960464877,0.0,-23.758952720825754,0.0,-0.9011492219518336,0.0,-9.768522295072122,0.0,0.0,0.0,0.0,0.0,9.81
7.8,0.0,56.59627839114518,0.0,-6.588020435261157,0.0,-5.381712454920789,0.0,-22.41232797804328,0.0,-0.7734345256794724,0.0,-9.77946301425346,0.0,0.0,0.0,0.0,0.0,9.81
7.805000000000001,0.0,50.29704842068837,0.0,-5.892340601304381,0.0,-5.638858233260171,0.0,-20.396371653561616,0.0,-0.6510586804750543,0.0,-9.788371698201729,0.0,0.0,0.0,0.0,0.0,9.81
7.8100000000000005,0.0,42.84044553129199,0.0,-5.04826215481069,0.0,-5.907412995845913,0.0,-17.68773246238409,0.0,-0.5335616486050463,0.0,-9.795479058928967,0.0,0.0,0.0,0.0,0.0,9.81
7.815,0.0,34.255999481168104,0.0,-4.056803552521863,0.0,-6.1629247533851785,0.0,-14.306581718648015,0.0,-0.4203079482779735,0.0,-9.800991755199515,0.0,0.0,0.0,0.0,0.0,9.81
7.82,0.0,24.66372228139473,0.0,-2.9318598010661834,0.0,-6.379363593850427,0.0,-10.326848326387744,0.0,-0.3104927273022536,0.0,-9.805085035120701,0.0,0.0,0.0,0.0,0.0,9.81
7.825,0.0,14.28157616917973,0.0,-1.7013699345647162,0.0,-6.5326783490830955,0.0,-5.879689133436216,0.0,-0.20316103440988756,0.0,-9.807896001135502,0.0,0.0,0.0,0.0,0.0,9.81
7.83,0.0,3.415308068259997,0.0,-0.4059063880359416,0.0,-6.604759465597295,0.0,-1.1470083731518432,0.0,-0.09724103879566236,0.0,-9.80951795989911,0.0,0.0,0.0,0.0,0.0,9.81
7.835,0.0,-7.570896666799371,0.0,0.905537083888029,0.0,-6.58680183794019,0.0,3.6557124466748903,0.0,0.008410439731522432,0.0,-9.809996314176495,0.0,0.0,0.0,0.0,0.0,9.81
7.84,0.0,-18.298015055589207,0.0,2.1818373704190783,0.0,-6.481054954361556,0.0,8.3044798141247,0.0,0.1149542728405062,0.0,-9.809326372024373,0.0,0.0,0.0,0.0,0.0,9.81
7.845,0.0,-28.419569047465792,0.0,3.376584576237363,0.0,-6.300386522340535,0.0,12.593945598433057,0.0,0.2235132924359719,0.0,-9.807453291108136,0.0,0.0,0.0,0.0,0.0,9.81
7.8500000000000005,0.0,-37.66076111332226,0.0,4.453719748295693,0.0,-6.065804354007004,0.0,16.360010802581158,0.0,0.33512103681871086,0.0,-9.804274170069617,0.0,0.0,0.0,0.0,0.0,9.81
7.855,0.0,-45.84068559719497,0.0,5.390700339758034,0.0,-5.802727902343314,0.0,19.493043458275416,0.0,0.45068044995741935,0.0,-9.799642090214013,0.0,0.0,0.0,0.0,0.0,9.81
7.86,0.0,-52.87525110172516,0.0,6.178846174613862,0.0,-5.537072751852624,0.0,21.9403076155021,0.0,0.5709357844685058,0.0,-9.793371746099773,0.0,0.0,0.0,0.0,0.0,9.81
7.865,0.0,-58.76440915196339,0.0,6.821389953116447,0.0,-5.292047377285789,0.0,23.69946694454963,0.0,0.6964583849444009,0.0,-9.785246212164749,0.0,0.0,0.0,0.0,0.0,9.81
7.87,0.0,-63.570478112889134,0.0,7.330226545055646,0.0,-5.086135166263106,0.0,24.806821546221894,0.0,0.8276448774837274,0.0,-9.77502437805312,0.0,0.0,0.0,0.0,0.0,9.81
7.875,0.0,-67.39439064630514,0.0,7.722365319522228,0.0,-4.932293061041266,0.0,25.324028499938038,0.0,0.9647249987140908,0.0,-9.762448630711534,0.0,0.0,0.0,0.0,0.0,9.81
7.88,0.0,-70.35472085633849,0.0,8.016803708896468,0.0,-4.838106731530224,0.0,25.326039649696508,0.0,1.1077758987850534,0.0,-9.747252440462743,0.0,0.0,0.0,0.0,0.0,9.81
7.885,0.0,-72.57185708671715,0.0,8.232175237700714,0.0,-4.806537353404352,0.0,24.891660525195107,0.0,1.2567400157732795,0.0,-9.729167597070168,0.0,0.0,0.0,0.0,0.0,9.81
7.890000000000001,0.0,-74.15768650211945,0.0,8.385229615836167,0.0,-4.836926360358957,0.0,24.09704150215071,0.0,1.4114442298728553,0.0,-9.707930924133997,0.0,0.0,0.0,0.0,0.0,9.81
7.8950000000000005,0.0,-75.20999043101894,0.0,8.490027936944735,0.0,-4.926018586537926,0.0,23.011753767883096,0.0,1.5716187015362932,0.0,-9.683290368401943,0.0,0.0,0.0,0.0,0.0,9.81
7.9,0.0,-75.8103105979922,0.0,8.557668663368181,0.0,-5.068865055797193,0.0,21.69683429668363,0.0,1.7369144167328452,0.0,-9.65501041336545,0.0,0.0,0.0,0.0,0.0,9.81
7.905,0.0,-76.02406910075332,0.0,8.596361534979387,0.0,-5.259546157861027,0.0,20.20416957710647,0.0,1.9069189367529586,0.0,-9.62287680580179,0.0,0.0,0.0,0.0,0.0,9.81
7.91,0.0,-75.9019614986624,0.0,8.611700537957464,0.0,-5.491707242891441,0.0,18.57669638662293,0.0,2.081170173802471,0.0,-9.586700612746718,0.0,0.0,0.0,0.0,0.0,9.81
7.915,0.0,-75.48192906786014,0.0,8.607029320743191,0.0,-5.758925961364032,0.0,16.84904083181047,0.0,2.2591682121391736,0.0,-9.546321647551167,0.0,0.0,0.0,0.0,0.0,9.81
7.92,0.0,-74.79127055999072,0.0,8.583830451888103,0.0,-6.054941512774446,0.0,15.048347845567053,0.0,2.440385301941121,0.0,-9.501611319243858,0.0,0.0,0.0,0.0,0.0,9.81
7.925,0.0,-73.84864754533768,0.0,8.54209923335207,0.0,-6.373777255664362,0.0,13.195155237297733,0.0,2.62427420115775,0.0,-9.452474970614603,0.0,0.0,0.0,0.0,0.0,9.81
7.930000000000001,0.0,-72.66587112397622,0.0,8.48068327779853,0.0,-6.709784845469463,0.0,11.304237940541462,0.0,2.810275053984197,0.0,-9.398853777779545,0.0,0.0,0.0,0.0,0.0,9.81
7.9350000000000005,0.0,-71.24944315374627,0.0,8.397582336313505,0.0,-7.057633271039024,0.0,9.385394576313919,0.0,2.9978209905365767,0.0,-9.340726287516087,0.0,0.0,0.0,0.0,0.0,9.81
7.94,0.0,-69.60187569686596,0.0,8.290210864229396,0.0,-7.412261502948924,0.0,7.444176562718418,0.0,3.18634262173998,0.0,-9.278109668069392,0.0,0.0,0.0,0.0,0.0,9.81
7.945,0.0,-67.72283945663885,0.0,8.15563019259623,0.0,-7.768809689940579,0.0,5.482575593676955,0.0,3.3752715926702495,0.0,-9.211060743977038,0.0,0.0,0.0,0.0,0.0,9.81
7.95,0.0,-65.61020358206181,0.0,7.99075911801306,0.0,-8.122541167088016,0.0,3.4996926252725427,0.0,3.5640433497103206,0.0,-9.139676875239385,0.0,0.0,0.0,0.0,0.0,9.81
7.955,0.0,-63.261030265547284,0.0,7.792571970114509,0.0,-8.468765913548971,0.0,1.4924132021831644,0.0,3.7520992728660185,0.0,-9.06409672547732,0.0,0.0,0.0,0.0,0.0,9.81
7.96,0.0,-60.67258049373294,0.0,7.558292143125391,0.0,-8.802775307591846,0.0,-0.5438886110851415,0.0,3.9388883240047803,0.0,-8.984500942391135,0.0,0.0,0.0,0.0,0.0,9.81
7.965,0.0,-57.843372899920276,0.0,7.2855868238021655,0.0,-9.119797757963173,0.0,-2.614601812339279,0.0,4.123868363232789,0.0,-8.901112747092785,0.0,0.0,0.0,0.0,0.0,9.81
7.97,0.0,-54.77431581583441,0.0,6.972765234740754,0.0,-9.414984640204054,0.0,-4.725079921429784,0.0,4.30650728698493,0.0,-8.81419839756966,0.0,0.0,0.0,0.0,0.0,9.81
7.9750000000000005,0.0,-51.4699032658921,0.0,6.618978179654515,0.0,-9.6834354478365,0.0,-6.879800871621557,0.0,4.486284139982937,0.0,-8.72406745733572,0.0,0.0,0.0,0.0,0.0,9.81
7.98,0.0,-47.93942972716394,0.0,6.224411228524215,0.0,-9.920269639818422,0.0,-9.081511622212464,0.0,4.6626903459656885,0.0,-8.631072765970062,0.0,0.0,0.0,0.0,0.0,9.81
7.985,0.0,-44.19813890724513,0.0,5.790458019706805,0.0,-10.120749804675384,0.0,-11.330403669529645,0.0,4.835231185894834,0.0,-8.535609977617103,0.0,0.0,0.0,0.0,0.0,9.81
7.99,0.0,-40.26818418769391,0.0,5.319854784187143,0.0,-10.280456099378236,0.0,-13.623384887135025,0.0,5.003427624498396,0.0,-8.438116511540288,0.0,0.0,0.0,0.0,0.0,9.81
7.995,0.0,-36.179251127577686,0.0,4.8167536026346145,0.0,-10.395505428882228,0.0,-15.953527504776929,0.0,5.16681854495648,0.0,-8.339069750973374,0.0,0.0,0.0,0.0,0.0,9.81
8.0,0.0,-31.968685605010528,0.0,4.28671158467366,0.0,-10.462801015484217,0.0,-18.30977635629641,0.0,5.324963397591002,0.0,-8.23898433800205,0.0,0.0,0.0,0.0,0.0,9.81
8.005,0.0,-27.680994107518984,0.0,3.736577431575805,0.0,-10.48029001875697,0.0,-20.676990901529773,0.0,5.477445204566976,0.0,-8.138408446709965,0.0,0.0,0.0,0.0,0.0,9.81
8.01,0.0,-23.36664030085481,0.0,3.1742663146735457,0.0,-10.447200435560491,0.0,-23.036366197518333,0.0,5.623873794813047,0.0,-8.037918975076138,0.0,0.0,0.0,0.0,0.0,9.81
8.015,0.0,-19.080151192410142,0.0,2.6084280380617804,0.0,-10.364225604169267,0.0,-25.366233231569275,0.0,5.763889080263772,0.0,-7.93811567472796,0.0,0.0,0.0,0.0,0.0,9.81
8.02,0.0,-14.877653759094269,0.0,2.0480299201170964,0.0,-10.233626884040984,0.0,-27.643184230650665,0.0,5.897164136230918,0.0,-7.839614328648082,0.0,0.0,0.0,0.0,0.0,9.81
8.025,0.0,-10.814066867301644,0.0,1.501891333722897,0.0,-10.059233102520977,0.0,-29.84341466869532,0.0,6.023407824812964,0.0,-7.743039178392294,0.0,0.0,0.0,0.0,0.0,9.81
8.03,0.0,-6.940248232701215,0.0,0.9782175717704811,0.0,-9.846328288468403,0.0,-31.94413358763233,0.0,6.1423667074253965,0.0,-7.649014880410706,0.0,0.0,0.0,0.0,0.0,9.81
8.035,0.0,-3.3004210843880806,0.0,0.48418360426543394,0.0,-9.601434695015275,0.0,-33.924878358231,0.0,6.253826032489237,0.0,-7.558158322704269,0.0,0.0,0.0,0.0,0.0,9.81
8.040000000000001,0.0,0.06982880509297473,0.0,0.025612194544815475,0.0,-9.332012866827124,0.0,-35.76858404535765,0.0,6.357609652830737,0.0,-7.4710706492835435,0.0,0.0,0.0,0.0,0.0,9.81
8.045,0.0,3.1447811103355363,0.0,-0.39322303959412536,0.0,-9.046111299345698,0.0,-37.46229811999688,0.0,6.453578814852585,0.0,-7.388329817913204,0.0,0.0,0.0,0.0,0.0,9.81
8.05,0.0,5.908946799437636,0.0,-0.769657449533545,0.0,-8.752002892820883,0.0,-38.99748838764746,0.0,6.541629855177871,0.0,-7.310483960455797,0.0,0.0,0.0,0.0,0.0,9.81
8.055,0.0,8.35660610682281,0.0,-1.1025646425337812,0.0,-8.457843418203838,0.0,-40.369952118782585,0.0,6.6216909269979825,0.0,-7.238045734508503,0.0,0.0,0.0,0.0,0.0,9.81
8.06,0.0,10.490653001821933,0.0,-1.392177074114377,0.0,-8.171379747429587,0.0,-41.579384759353786,0.0,6.693717946972508,0.0,-7.171487762893484,0.0,0.0,0.0,0.0,0.0,9.81
8.065,0.0,12.320943069425411,0.0,-1.6398291724098688,0.0,-7.899724927478934,0.0,-42.62869895562377,0.0,6.7576899977922436,0.0,-7.1112391670570325,0.0,0.0,0.0,0.0,0.0,9.81
8.07,0.0,13.862362419624446,0.0,-1.8476571457804958,0.0,-7.649205857739866,0.0,-43.52319651415955,0.0,6.813604439929512,0.0,-7.057683122333798,0.0,0.0,0.0,0.0,0.0,9.81
8.075,0.0,15.132820180442842,0.0,-2.0182870784394544,0.0,-7.425279488914911,0.0,-44.26969008516974,0.0,6.86147198144242,0.0,-7.011155304238104,0.0,0.0,0.0,0.0,0.0,9.81
8.08,0.0,16.151328528933227,0.0,-2.154536801122317,0.0,-7.232506376005171,0.0,-44.87565367336718,0.0,6.901311932549052,0.0,-6.971943058164603,0.0,0.0,0.0,0.0,0.0,9.81
8.085,0.0,16.936285685512757,0.0,-2.259149428733094,0.0,-7.0745664650941436,0.0,-45.34845818499817,0.0,6.933147838716725,0.0,-6.940285109298576,0.0,0.0,0.0,0.0,0.0,9.81
8.09,0.0,17.504030261400587,0.0,-2.3345691329271867,0.0,-6.954300860882221,0.0,-45.69472573748108,0.0,6.957003648526618,0.0,-6.916371631997795,0.0,0.0,0.0,0.0,0.0,9.81
8.095,0.0,17.867697280398147,0.0,-2.382763805281284,0.0,-6.873764322060598,0.0,-45.91981810707977,0.0,6.972900535551044,0.0,-6.9003445141923505,0.0,0.0,0.0,0.0,0.0,9.81
8.1,0.0,18.036380473139175,0.0,-2.4050952789401125,0.0,-6.834275595889065,0.0,-46.027462186943836,0.0,6.980854460135943,0.0,-6.892297678212704,0.0,0.0,0.0,0.0,0.0,9.81
8.105,0.0,18.014592166987377,0.0,-2.4022357245219093,0.0,-6.8364557804675945,0.0,-46.01950877874531,0.0,6.980874528768627,0.0,-6.89227735130535,0.0,0.0,0.0,0.0,0.0,9.81
8.11,0.0,17.802009223663987,0.0,-2.374128401043081,0.0,-6.880248251394154,0.0,-45.89581949071661,0.0,6.972962185585659,0.0,-6.900282214278451,0.0,0.0,0.0,0.0,0.0,9.81
8.115,0.0,17.39349780641833,0.0,-2.319991627243157,0.0,-6.9649170816910555,0.0,-45.65427843145878,0.0,6.957111251375995,0.0,-6.916263393516723,0.0,0.0,0.0,0.0,0.0,9.81
8.120000000000001,0.0,16.7794175861872,0.0,-2.238366067550376,0.0,-7.08902425667985,0.0,-45.290928989819285,0.0,6.93330880828555,0.0,-6.940124299003511,0.0,0.0,0.0,0.0,0.0,9.81
8.125,0.0,15.946213464224513,0.0,-2.1272066001462813,0.0,-7.250389358772822,0.0,-44.80023941523998,0.0,6.901536911126891,0.0,-6.97172034833973,0.0,0.0,0.0,0.0,0.0,9.81
8.13,0.0,14.877306156716841,0.0,-1.9840205549946202,0.0,-7.4460387822967355,0.0,-44.1755023078348,0.0,6.8617750865712015,0.0,-7.010858653370882,0.0,0.0,0.0,0.0,0.0,9.81
8.135,0.0,13.554288421693457,0.0,-1.8060534127933467,0.0,-7.672154847740783,0.0,-43.40937074587809,0.0,6.814003557776125,0.0,-7.057297780813747,0.0,0.0,0.0,0.0,0.0,9.81
8.14,0.0,11.958418279074408,0.0,-1.5905206707164974,0.0,-7.924038155104313,0.0,-42.49452617524765,0.0,6.758207103193276,0.0,-7.1107477293478505,0.0,0.0,0.0,0.0,0.0,9.81
8.145,0.0,10.072372573964046,0.0,-1.3348802406769393,0.0,-8.196098666421234,0.0,-41.424459573916735,0.0,6.694379424596812,0.0,-7.1708702901873105,0.0,0.0,0.0,0.0,0.0,9.81
8.15,0.0,7.8821843094242965,0.0,-1.0371335450243593,0.0,-8.481891658807989,0.0,-40.194328162013356,0.0,6.622527862521266,0.0,-7.237279972448613,0.0,0.0,0.0,0.0,0.0,9.81
8.155,0.0,5.379239435437896,0.0,-0.6961360371416174,0.0,-8.774213075027497,0.0,-38.801827131643,0.0,6.542678260802644,0.0,-7.309545674393121,0.0,0.0,0.0,0.0,0.0,9.81
8.16,0.0,2.562161474255099,0.0,-0.31189045918635877,0.0,-9.065264283196457,0.0,-37.24799361894849,0.0,6.454879750987856,0.0,-7.387193262747925,0.0,0.0,0.0,0.0,0.0,9.81
8.165000000000001,0.0,-0.5616225378810071,0.0,0.11420941015054142,0.0,-9.34688863919096,0.0,-35.53784432487964,0.0,6.3592092083945015,0.0,-7.469709181970952,0.0,0.0,0.0,0.0,0.0,9.81
8.17,0.0,-3.9748502140933333,0.0,0.5792183751608438,0.0,-9.61087206144278,0.0,-33.68074543010709,0.0,6.255775131065865,0.0,-7.556545153260144,0.0,0.0,0.0,0.0,0.0,9.81
8.175,0.0,-7.6501130654013245,0.0,1.078592557733021,0.0,-9.849288523069632,0.0,-31.69042916305306,0.0,6.14472071587793,0.0,-7.647123942727435,0.0,0.0,0.0,0.0,0.0,9.81
8.18,0.0,-11.550383711590928,0.0,1.6062744435636882,0.0,-10.054861177757383,0.0,-29.584607431689307,0.0,6.026225954642662,0.0,-7.740846087075716,0.0,0.0,0.0,0.0,0.0,9.81
8.185,0.0,-15.630392739641021,0.0,2.1549133658313893,0.0,-10.221303314108834,0.0,-27.38418575369382,0.0,5.900508644817585,0.0,-7.837097374617723,0.0,0.0,0.0,0.0,0.0,9.81
8.19,0.0,-19.838744850345286,0.0,2.7162056689938456,0.0,-10.343602579740764,0.0,-25.11214101061951,0.0,5.767824297106511,0.0,-7.9352568027994135,0.0,0.0,0.0,0.0,0.0,9.81
8.195,0.0,-24.120551249047736,0.0,3.281321061029222,0.0,-10.418217795046505,0.0,-22.792181179982162,0.0,5.6284650145180715,0.0,-8.034704683040697,0.0,0.0,0.0,0.0,0.0,9.81
8.2,0.0,-28.420278524924683,0.0,3.841369169153252,0.0,-10.443169347602508,0.0,-20.447341033516206,0.0,5.482757501116381,0.0,-8.134830548493433,0.0,0.0,0.0,0.0,0.0,9.81
8.205,0.0,-32.68449179937925,0.0,4.387855963516056,0.0,-10.418019196941225,0.0,-18.098676047678794,0.0,5.331060421486825,0.0,-8.235040543059322,0.0,0.0,0.0,0.0,0.0,9.81
8.21,0.0,-36.86420546437756,0.0,4.913084253884603,0.0,-10.3437516273289,0.0,-15.764196030845063,0.0,5.173761365310194,0.0,-8.33476402671355,0.0,0.0,0.0,0.0,0.0,9.81
8.215,0.0,-40.91663674818956,0.0,5.410464308467884,0.0,-10.222577917719637,0.0,-13.458136486785127,0.0,5.011273672357096,0.0,-8.433459213001596,0.0,0.0,0.0,0.0,0.0,9.81
8.22,0.0,-44.80626330431076,0.0,5.874716522210861,0.0,-10.057694975979382,0.0,-11.190610992880435,0.0,4.844033344422695,0.0,-8.530617746255372,0.0,0.0,0.0,0.0,0.0,9.81
8.225,0.0,-48.50519085296676,0.0,6.301964179808861,0.0,-9.853029153674786,0.0,-8.967634585802248,0.0,4.672496219526419,0.0,-8.625768214997363,0.0,0.0,0.0,0.0,0.0,9.81
8.23,0.0,-51.99292019386308,0.0,6.689727544631412,0.0,-9.612992771235353,0.0,-6.79146645698129,0.0,4.497135519829549,0.0,-8.718478672943109,0.0,0.0,0.0,0.0,0.0,9.81
8.235,0.0,-55.25565349941163,0.0,7.03683892551391,0.0,-9.342274071507186,0.0,-4.661195522153533,0.0,4.318439817998057,0.0,-8.808358292852402,0.0,0.0,0.0,0.0,0.0,9.81
8.24,0.0,-58.28529637066037,0.0,7.343301668572826,0.0,-9.045673327309355,0.0,-2.5734850115070724,0.0,4.136911405233695,0.0,-8.895058308641064,0.0,0.0,0.0,0.0,0.0,9.81
8.245000000000001,0.0,-61.07830073338893,0.0,7.610114972118603,0.0,-8.727990277446171,0.0,-0.5233988263548097,0.0,3.9530649932316533,0.0,-8.978272408983281,0.0,0.0,0.0,0.0,0.0,9.81
8.25,0.0,-63.634463911446964,0.0,7.839082409687797,0.0,-8.393961974710441,0.0,1.4947520135519117,0.0,3.7674266442924806,0.0,-9.057736735105388,0.0,0.0,0.0,0.0,0.0,9.81
8.255,0.0,-65.95576096347736,0.0,8.032616535523667,0.0,-8.048245886845201,0.0,3.4865849887368956,0.0,3.580532798636788,0.0,-9.13322961186379,0.0,0.0,0.0,0.0,0.0,9.81
8.26,0.0,-68.04524842887038,0.0,8.193546148270354,0.0,-7.695440590669849,0.0,5.456866407560813,0.0,3.392929253830122,0.0,-9.20457110988727,0.0,0.0,0.0,0.0,0.0,9.81
8.265,0.0,-69.90604300083328,0.0,8.324927513004523,0.0,-7.340135235048616,0.0,7.408782046337642,0.0,3.2051699453542697,0.0,-9.271622502245908,0.0,0.0,0.0,0.0,0.0,9.81
8.27,0.0,-71.54035073266789,0.0,8.42985651588075,0.0,-6.98697859257591,0.0,9.34325027565659,0.0,3.017815376673965,0.0,-9.334285645429098,0.0,0.0,0.0,0.0,0.0,9.81
8.275,0.0,-72.94850178031889,0.0,8.51127549817297,0.0,-6.64075844460506,0.0,11.258260250484764,0.0,2.831430548678109,0.0,-9.392502283890037,0.0,0.0,0.0,0.0,0.0,9.81
8.28,0.0,-74.12793213894709,0.0,8.571766396824398,0.0,-6.306481782738723,0.0,13.14821180784494,0.0,2.6465822395390646,0.0,-9.446253251559247,0.0,0.0,0.0,0.0,0.0,9.81
8.285,0.0,-75.07204718606847,0.0,8.61332081678064,0.0,-5.989445475864151,0.0,15.00323136845511,0.0,2.4638354847915434,0.0,-9.495557523269909,0.0,0.0,0.0,0.0,0.0,9.81
8.290000000000001,0.0,-75.76890288596638,0.0,8.637077916301722,0.0,-5.695285340767488,0.0,16.808439840911902,0.0,2.283749102435564,0.0,-9.540471054133553,0.0,0.0,0.0,0.0,0.0,9.81
8.295,0.0,-76.19965177284175,0.0,8.643022891810304,0.0,-5.429988754604827,0.0,18.54315569068092,0.0,2.106870098700747,0.0,-9.581085335349252,0.0,0.0,0.0,0.0,0.0,9.81
8.3,0.0,-76.33672738107121,0.0,8.629643164590288,0.0,-5.199851991623151,0.0,20.180031710029766,0.0,1.9337267777274052,0.0,-9.617525590308842,0.0,0.0,0.0,0.0,0.0,9.81
8.305,0.0,-76.1417909361959,0.0,8.593547328268926,0.0,-5.011358559453061,0.0,21.684152012599927,0.0,1.7648203658864212,0.0,-9.649948534678492,0.0,0.0,0.0,0.0,0.0,9.81
8.31,0.0,-75.56354968204602,0.0,8.529065243361922,0.0,-4.870949675624593,0.0,23.012162489090706,0.0,1.6006149550641582,0.0,-9.67853962792661,0.0,0.0,0.0,0.0,0.0,9.81
8.315,0.0,-74.53569153256993,0.0,8.427868424321534,0.0,-4.784654304672973,0.0,24.111580544865873,0.0,1.4415255800089803,0.0,-9.703509751208461,0.0,0.0,0.0,0.0,0.0,9.81
8.32,0.0,-72.97537871011215,0.0,8.278679838815094,0.0,-4.757546973365911,0.0,24.920534307368918,0.0,1.2879042902691957,0.0,-9.725091257574611,0.0,0.0,0.0,0.0,0.0,9.81
8.325,0.0,-70.78300567724258,0.0,8.06718151060037,0.0,-4.7930119994093845,0.0,25.36831712140288,0.0,1.1400241826783857,0.0,-9.743533355570623,0.0,0.0,0.0,0.0,0.0,9.81
8.33,0.0,-67.84422716567803,0.0,7.776272621040694,0.0,-4.891820006711189,0.0,25.377293538349058,0.0,0.9980615586241528,0.0,-9.759096807522718,0.0,0.0,0.0,0.0,0.0,9.81
8.335,0.0,-64.03551765405598,0.0,7.386867590474109,0.0,-5.051074689767293,0.0,24.86681158037762,0.0,0.8620766975425996,0.0,-9.772047951054413,0.0,0.0,0.0,0.0,0.0,9.81
8.34,0.0,-59.234566522768844,0.0,6.879427968057828,0.0,-5.263169574892168,0.0,23.759771810550262,0.0,0.7319942217853166,0.0,-9.782652089346497,0.0,0.0,0.0,0.0,0.0,9.81
8.345,0.0,-53.33638464846767,0.0,6.236355983277549,0.0,-5.514999673340454,0.0,21.992239847513915,0.0,0.607584664911093,0.0,-9.79116634541205,0.0,0.0,0.0,0.0,0.0,9.81
8.35,0.0,-46.27481316195811,0.0,5.445200236758472,0.0,-5.787772956942984,0.0,19.525819324508646,0.0,0.48844957853835613,0.0,-9.797832140530534,0.0,0.0,0.0,0.0,0.0,9.81
8.355,0.0,-38.04705898198186,0.0,4.502318489717062,0.0,-6.057803486173029,0.0,16.36137245021198,0.0,0.37401315758558235,0.0,-9.8028675364493,0.0,0.0,0.0,0.0,0.0,9.81
8.36,0.0,-28.73627235327503,0.0,3.416260053193325,0.0,-6.298564187084274,0.0,12.551281007044548,0.0,0.263523657783814,0.0,-9.806459768773005,0.0,0.0,0.0,0.0,0.0,9.81
8.365,0.0,-18.525072330570755,0.0,2.209824353366273,0.0,-6.483977343096742,0.0,8.206350601661114,0.0,0.1560674934242389,0.0,-9.808758380569495,0.0,0.0,0.0,0.0,0.0,9.81
8.370000000000001,0.0,-7.692893110159938,0.0,0.9197520669404095,0.0,-6.592459775510804,0.0,3.4935160888723686,0.0,0.05059758835394369,0.0,-9.809869417665123,0.0,0.0,0.0,0.0,0.0,9.81
8.375,0.0,3.406696991355542,0.0,-0.4065117172042173,0.0,-6.6107895026966474,0.0,-1.3776505418492453,0.0,-0.05402466334377368,0.0,-9.809851143930175,0.0,0.0,0.0,0.0,0.0,9.81
8.38,0.0,14.386329684016115,0.0,-1.7166330412404354,0.0,-6.536682620746249,0.0,-6.178219028841606,0.0,-0.1589771417545987,0.0,-9.80871165660516,0.0,0.0,0.0,0.0,0.0,9.81
8.385,0.0,24.873811220115034,0.0,-2.9604663490535863,0.0,-6.379249701907856,0.0,-10.687950387024667,0.0,-0.2654200855423047,0.0,-9.806408628177486,0.0,0.0,0.0,0.0,0.0,9.81
8.39,0.0,34.55718090524944,0.0,-4.096560608700048,0.0,-6.157178284242381,0.0,-14.721183751481659,0.0,-0.3744412782114746,0.0,-9.802851197808796,0.0,0.0,0.0,0.0,0.0,9.81
8.395,0.0,43.21492437155679,0.0,-5.096498125832437,0.0,-5.895242399411234,0.0,-18.144507468071353,0.0,-0.4870095864760003,0.0,-9.79790382657308,0.0,0.0,0.0,0.0,0.0,9.81
8.4,0.0,50.72624281063614,0.0,-5.946319105383979,0.0,-5.620198864551193,0.0,-20.88332230626446,0.0,-0.6039411553818077,0.0,-9.79139176371587,0.0,0.0,0.0,0.0,0.0,9.81
8.405,0.0,57.06306406501207,0.0,-6.645275559630745,0.0,-5.357119128371354,0.0,-22.918106121090208,0.0,-0.7258799217363346,0.0,-9.783107676299599,0.0,0.0,0.0,0.0,0.0,9.81
8.41,0.0,62.27007010901149,0.0,-7.202831523163397,0.0,-5.126829774524604,0.0,-24.273732740833132,0.0,-0.8532916367780946,0.0,-9.77281897698967,0.0,0.0,0.0,0.0,0.0,9.81
8.415000000000001,0.0,66.44018382107512,0.0,-7.635002128988349,0.0,-4.944650249600654,0.0,-25.005904597423818,0.0,-0.9864688993832113,0.0,-9.760275427866313,0.0,0.0,0.0,0.0,0.0,9.81
8.42,0.0,69.69145987483262,0.0,-7.960908758631456,0.0,-4.820242506285513,0.0,-25.188009799253077,0.0,-1.1255439737874176,0.0,-9.745216675801545,0.0,0.0,0.0,0.0,0.0,9.81
8.425,0.0,72.14874538781694,0.0,-8.200050822167201,0.0,-4.75821038834574,0.0,-24.90034948431974,0.0,-1.2705062352360732,0.0,-9.727379462678062,0.0,0.0,0.0,0.0,0.0,9.81
8.43,0.0,73.93112257998798,0.0,-8.37044801371174,0.0,-4.7590780338053325,0.0,-24.222406016269005,0.0,-1.4212216338219872,0.0,-9.706504335113276,0.0,0.0,0.0,0.0,0.0,9.81
8.435,0.0,75.14461491009266,0.0,-8.487579030165008,0.0,-4.820360492839132,0.0,-23.227970519252068,0.0,-1.5774522859442435,0.0,-9.68234174569597,0.0,0.0,0.0,0.0,0.0,9.81
8.44,0.0,75.87894637555326,0.0,-8.56393784227102,0.0,-4.937547824979209,0.0,-21.982541984415327,0.0,-1.7388749865953057,0.0,-9.654657489736943,0.0,0.0,0.0,0.0,0.0,9.81
8.445,0.0,76.2070380976603,0.0,-8.609010674704312,0.0,-5.10491649649938,0.0,-20.542323207282923,0.0,-1.9050979825565897,0.0,-9.623237460240572,0.0,0.0,0.0,0.0,0.0,9.81
8.45,0.0,76.18612449006028,0.0,-8.6295047555136,0.0,-5.31614533242483,0.0,-18.954223253374032,0.0,-2.075675732809267,0.0,-9.587891732338422,0.0,0.0,0.0,0.0,0.0,9.81
8.455,0.0,75.85966825388839,0.0,-8.629703359019976,0.0,-5.564749259884228,0.0,-17.25642190376078,0.0,-2.2501216269402957,0.0,-9.548458009645032,0.0,0.0,0.0,0.0,0.0,9.81
8.46,0.0,75.25953631093405,0.0,-8.61186374098485,0.0,-5.844360078130074,0.0,-15.479196162766806,0.0,-2.427918769741996,0.0,-9.504804480974945,0.0,0.0,0.0,0.0,0.0,9.81
8.465,0.0,74.40812262342253,0.0,-8.576608286792945,0.0,-6.148887291845159,0.0,-13.645826079353757,0.0,-2.6085290055170747,0.0,-9.456832147834714,0.0,0.0,0.0,0.0,0.0,9.81
8.47,0.0,73.32026213556101,0.0,-8.523283346816166,0.0,-6.4725896001757794,0.0,-11.773481518393302,0.0,-2.791400377257951,0.0,-9.40447669161761,0.0,0.0,0.0,0.0,0.0,9.81
8.475,0.0,72.00488302220096,0.0,-8.450276169764386,0.0,-6.810082768244575,0.0,-9.87404736308751,0.0,-2.975973214297627,0.0,-9.34770995453256,0.0,0.0,0.0,0.0,0.0,9.81
8.48,0.0,70.46640654786995,0.0,-8.355290128157678,0.0,-7.15630445820185,0.0,-7.954879006724516,0.0,-3.161685030563193,0.0,-9.286541109731761,0.0,0.0,0.0,0.0,0.0,9.81
8.485,0.0,68.70593818814949,0.0,-8.23558396084709,0.0,-7.506452185009992,0.0,-6.0194995723028235,0.0,-3.347974402134582,0.0,-9.221017593437015,0.0,0.0,0.0,0.0,0.0,9.81
8.49,0.0,66.72230997682018,0.0,-8.088183471272098,0.0,-7.855907256205052,0.0,-4.068260192655238,0.0,-3.5342839815890805,0.0,-9.151225864623628,0.0,0.0,0.0,0.0,0.0,9.81
8.495000000000001,0.0,64.51303863971313,0.0,-7.91007496107694,0.0,-8.200155373203696,0.0,-2.0989882882566,0.0,-3.7200627992849418,0.0,-9.077292045571516,0.0,0.0,0.0,0.0,0.0,9.81
8.5,0.0,62.0752604760837,0.0,-7.698389181980062,0.0,-8.53471335350618,0.0,-0.10764802837000698,0.0,-3.904767998397744,0.0,-8.999382479058001,0.0,0.0,0.0,0.0,0.0,9.81
8.505,0.0,59.40669362732772,0.0,-7.450582993066174,0.0,-8.855070916917258,0.0,1.9109671071136676,0.0,-4.087866150216793,0.0,-8.917704215152563,0.0,0.0,0.0,0.0,0.0,9.81
8.51,0.0,56.50666154293259,0.0,-7.164623275060408,0.0,-9.156656327220507,0.0,3.962497396116156,0.0,-4.268834297246279,0.0,-8.832505412938872,0.0,0.0,0.0,0.0,0.0,9.81
8.515,0.0,53.37718784960533,0.0,-6.839173977172129,0.0,-9.434834482573267,0.0,6.052234489936248,0.0,-4.447160871787515,0.0,-8.744075611144146,0.0,0.0,0.0,0.0,0.0,9.81
8.52,0.0,50.02414255733651,0.0,-6.473782523355035,0.0,-9.684945325982468,0.0,8.18430722321088,0.0,-4.622346634233026,0.0,-8.652745788568229,0.0,0.0,0.0,0.0,0.0,9.81
8.525,0.0,46.45838397856969,0.0,-6.069056451689542,0.0,-9.902388694996752,0.0,10.36086691816052,0.0,-4.793905765381218,0.0,-8.558888103363817,0.0,0.0,0.0,0.0,0.0,9.81
8.53,0.0,42.69680339619787,0.0,-5.626815689841411,0.0,-10.082758497392634,0.0,12.581322355076795,0.0,-4.961367227882475,0.0,-8.462915173656897,0.0,0.0,0.0,0.0,0.0,9.81
8.535,0.0,38.76314651314837,0.0,-5.150201246370285,0.0,-10.222024136041615,0.0,14.841691609846329,0.0,-5.124276481262436,0.0,-8.365278745577209,0.0,0.0,0.0,0.0,0.0,9.81
8.540000000000001,0.0,34.68846553064491,0.0,-4.643718608325681,0.0,-10.316750538159479,0.0,17.13414882579562,0.0,-5.2821975919241595,0.0,-8.266467593628056,0.0,0.0,0.0,0.0,0.0,9.81
8.545,0.0,30.511057760897323,0.0,-4.113195158661002,0.0,-10.364340638780424,0.0,19.446843810019363,0.0,-5.434715725205737,0.0,-8.167004516939016,0.0,0.0,0.0,0.0,0.0,9.81
8.55,0.0,26.275778675643856,0.0,-3.565636523794086,0.0,-10.3632769903498,0.0,21.76405703253055,0.0,-5.58143994464911,0.0,-8.067442335893828,0.0,0.0,0.0,0.0,0.0,9.81
8.555,0.0,22.032681704169526,0.0,-3.0089771640698926,0.0,-10.313334040841617,0.0,24.066720639430017,0.0,-5.722006180539287,0.0,-7.968358856316174,0.0,0.0,0.0,0.0,0.0,9.81
8.56,0.0,17.835028110718454,0.0,-2.451734698381947,0.0,-10.215731329965692,0.0,26.333290125164364,0.0,-5.856080174105139,0.0,-7.870350848138823,0.0,0.0,0.0,0.0,0.0,9.81
8.565,0.0,13.736812768842556,0.0,-1.902593007134919,0.0,-10.07320167173971,0.0,28.540898768997543,0.0,-5.983360164964359,0.0,-7.774027173383235,0.0,0.0,0.0,0.0,0.0,9.81
8.57,0.0,9.790043519966577,0.0,-1.3699527088124015,0.0,-9.889957497775994,0.0,30.666678901542745,0.0,-6.103579075699491,0.0,-7.680001282271416,0.0,0.0,0.0,0.0,0.0,9.81
8.575000000000001,0.0,6.042069836310194,0.0,-0.8614957019892611,0.0,-9.671551679754465,0.0,32.689102359139326,0.0,-6.216505963780691,0.0,-7.5888833632955555,0.0,0.0,0.0,0.0,0.0,9.81
8.58,0.0,2.5332639108043864,0.0,-0.38381070457699024,0.0,-9.424643809117699,0.0,34.58918587867681,0.0,-6.321946557333404,0.0,-7.501272471812189,0.0,0.0,0.0,0.0,0.0,9.81
8.585,0.0,-0.704690074805626,0.0,0.057881347981165426,0.0,-9.156695950225547,0.0,36.35142819572725,0.0,-6.419742761952713,0.0,-7.417748965431953,0.0,0.0,0.0,0.0,0.0,9.81
8.59,0.0,-3.6497344065245514,0.0,0.45987782059629656,0.0,-8.875630496988776,0.0,37.96438938518654,0.0,-6.5097711108661045,0.0,-7.338867542540283,0.0,0.0,0.0,0.0,0.0,9.81
8.595,0.0,-6.2895540876371925,0.0,0.8200143978311237,0.0,-8.589485339007092,0.0,39.420878897830356,0.0,-6.591940217919022,0.0,-7.265151118358557,0.0,0.0,0.0,0.0,0.0,9.81
8.6,0.0,-8.620931846597259,0.0,1.1375652442934483,0.0,-8.306098072285636,0.0,40.717773978907815,0.0,-6.666187370215368,0.0,-7.197085691427108,0.0,0.0,0.0,0.0,0.0,9.81
8.605,0.0,-10.648488716989945,0.0,1.4130469781162636,0.0,-8.032842903363939,0.0,41.855533708321424,0.0,-6.7324744557632386,0.0,-7.135116264820959,0.0,0.0,0.0,0.0,0.0,9.81
8.61,0.0,-12.383005576407669,0.0,1.647957352088286,0.0,-7.776433456046279,0.0,42.837499430610556,0.0,-6.7907834564338865,0.0,-7.079643802767428,0.0,0.0,0.0,0.0,0.0,9.81
8.615,0.0,-13.839531118129884,0.0,1.844480836335884,0.0,-7.542794230565942,0.0,43.66907895748378,0.0,-6.841111747720951,0.0,-7.0310231338483655,0.0,0.0,0.0,0.0,0.0,9.81
8.620000000000001,0.0,-15.035460885927264,0.0,2.005189876068654,0.0,-7.336994783811173,0.0,44.35690313501113,0.0,-6.883467437605707,0.0,-6.9895616620251415,0.0,0.0,0.0,0.0,0.0,9.81
8.625,0.0,-15.988732333342888,0.0,2.1327643335449427,0.0,-7.163234766973749,0.0,44.90802501542304,0.0,-6.91786495288477,0.0,-6.955518717867086,0.0,0.0,0.0,0.0,0.0,9.81
8.63,0.0,-16.716234809992585,0.0,2.2297444249007468,0.0,-7.0248649428516305,0.0,45.329210046315744,0.0,-6.944321048817028,0.0,-6.929105373097793,0.0,0.0,0.0,0.0,0.0,9.81
8.635,0.0,-17.232490779968018,0.0,2.298325835839566,0.0,-6.924428807269272,0.0,45.62634525650317,0.0,-6.962851382495708,0.0,-6.9104845485312065,0.0,0.0,0.0,0.0,0.0,9.81
8.64,0.0,-17.548631475954934,0.0,2.3402005645401958,0.0,-6.863710780183351,0.0,45.803979396211474,0.0,-6.9734677561643545,0.0,-6.899771264569444,0.0,0.0,0.0,0.0,0.0,9.81
8.645,0.0,-17.671668929461113,0.0,2.356443749012228,0.0,-6.843779411775391,0.0,45.86499559033125,0.0,-6.976176106314252,0.0,-6.897032910772609,0.0,0.0,0.0,0.0,0.0,9.81
8.65,0.0,-17.604056405662895,0.0,2.347445209648088,0.0,-6.865017104123348,0.0,45.81041310363617,0.0,-6.97097528876366,0.0,-6.9022894433943,0.0,0.0,0.0,0.0,0.0,9.81
8.655,0.0,-17.343528428177713,0.0,2.3128843202446236,0.0,-6.9271311174315455,0.0,45.63931422310081,0.0,-6.95785668864203,0.0,-6.915513454911721,0.0,0.0,0.0,0.0,0.0,9.81
8.66,0.0,-16.88321657571022,0.0,2.251747610531836,0.0,-7.029143938515961,0.0,45.348894489557054,0.0,-6.936804665946347,0.0,-6.936630095995826,0.0,0.0,0.0,0.0,0.0,9.81
8.665000000000001,0.0,-16.21204443707365,0.0,2.162389635650732,0.0,-7.16936439791446,0.0,44.9346378108319,0.0,-6.9077978301894625,0.0,-6.965516867164416,0.0,0.0,0.0,0.0,0.0,9.81
8.67,0.0,-15.315410775620698,0.0,2.042638540203741,0.0,-7.3453442418948205,0.0,44.39062055411197,0.0,-6.8708111194996935,0.0,-7.002003333857162,0.0,0.0,0.0,0.0,0.0,9.81
8.675,0.0,-14.176170394490711,0.0,1.8899478237093332,0.0,-7.553828171338055,0.0,43.70994877173134,0.0,-6.825818638380771,0.0,-7.045870854018552,0.0,0.0,0.0,0.0,0.0,9.81
8.68,0.0,-12.775914045447053,0.0,1.7015945577568674,0.0,-7.79070850529223,0.0,42.88532864746497,0.0,-6.7727971827367845,0.0,-7.096852440099898,0.0,0.0,0.0,0.0,0.0,9.81
8.685,0.0,-11.096529432767213,0.0,1.474921315758993,0.0,-8.05099828312956,0.0,41.909760849370656,0.0,-6.711730350141918,0.0,-7.15463290552207,0.0,0.0,0.0,0.0,0.0,9.81
8.69,0.0,-9.121993991879187,0.0,1.2076142054936394,0.0,-8.328838249500349,0.0,40.777334329618725,0.0,-6.642613098407592,0.0,-7.218849465993921,0.0,0.0,0.0,0.0,0.0,9.81
8.695,0.0,-6.840308382901938,0.0,0.8980029007141397,0.0,-8.617553075384965,0.0,39.48407511591879,0.0,-6.5654565785906085,0.0,-7.2890929748071756,0.0,0.0,0.0,0.0,0.0,9.81
8.700000000000001,0.0,-4.245432850365553,0.0,0.5453612617381202,0.0,-8.909769644240576,0.0,38.028783453066396,0.0,-6.480293033745932,0.0,-7.36490996418668,0.0,0.0,0.0,0.0,0.0,9.81
8.705,0.0,-1.3390460214270163,0.0,0.1501804323646906,0.0,-9.197604785887423,0.0,36.41377285069248,0.0,-6.387180527526167,0.0,-7.445805638378465,0.0,0.0,0.0,0.0,0.0,9.81
8.71,0.0,1.868080379129509,0.0,-0.2856179136359649,0.0,-9.472921506082098,0.0,34.64541318387691,0.0,-6.286207253569552,0.0,-7.531247916511314,0.0,0.0,0.0,0.0,0.0,9.81
8.715,0.0,5.355294349831912,0.0,-0.7585602683144718,0.0,-9.72764235169862,0.0,32.734383111079595,0.0,-6.17749518353946,0.0,-7.6206725553698815,0.0,0.0,0.0,0.0,0.0,9.81
8.72,0.0,9.09202620252033,0.0,-1.2636179179703224,0.0,-9.954097745606202,0.0,30.69555894728018,0.0,-6.06120284279675,0.0,-7.7134892988690025,0.0,0.0,0.0,0.0,0.0,9.81
8.725,0.0,13.03858292438351,0.0,-1.794335328743398,0.0,-10.145378230668907,0.0,28.54750790536473,0.0,-5.937527058619471,0.0,-7.809088910982548,0.0,0.0,0.0,0.0,0.0,9.81
8.73,0.0,17.147747207277682,0.0,-2.3430873542580235,0.0,-10.295654958778591,0.0,26.311607991456007,0.0,-5.8067036026901775,0.0,-7.906850863970911,0.0,0.0,0.0,0.0,0.0,9.81
8.735,0.0,21.36703655780623,0.0,-2.9014440451053054,0.0,-10.40043413554043,0.0,24.010874439282883,0.0,-5.669006738703533,0.0,-8.006151386809469,0.0,0.0,0.0,0.0,0.0,9.81
8.74,0.0,25.641378053041468,0.0,-3.4606059847096464,0.0,-10.456718797995567,0.0,21.668620446880432,0.0,-5.524747775499155,0.0,-8.10637154086104,0.0,0.0,0.0,0.0,0.0,9.81
8.745000000000001,0.0,29.91589573385725,0.0,-4.0118633171157905,0.0,-10.463063925251179,0.0,19.307106558773217,0.0,-5.374272803184232,0.0,-8.206904987740819,0.0,0.0,0.0,0.0,0.0,9.81
8.75,0.0,34.13850376492347,0.0,-4.547030151367708,0.0,-10.419525780324234,0.0,16.94633199156594,0.0,-5.217959843202061,0.0,-8.307165148459841,0.0,0.0,0.0,0.0,0.0,9.81
8.755,0.0,38.26204814194304,0.0,-5.058812817534293,0.0,-10.327520340031146,0.0,14.603093574201848,0.0,-5.056215666442423,0.0,-8.406591517347168,0.0,0.0,0.0,0.0,0.0,9.81
8.76,0.0,42.24582799313764,0.0,-5.541083404132497,0.0,-10.189615919242902,0.0,12.290391606367852,0.0,-4.889472525082176,0.0,-8.504654978015942,0.0,0.0,0.0,0.0,0.0,9.81
8.765,0.0,46.05643146425166,0.0,-5.989045729341051,0.0,-10.009290071797246,0.0,10.017208541671412,0.0,-4.718185008075539,0.0,-8.600862058489493,0.0,0.0,0.0,0.0,0.0,9.81
8.77,0.0,49.66791750892584,0.0,-6.399295845645188,0.0,-9.790680457422992,0.0,7.7886376694556265,0.0,-4.542827175142774,0.0,-8.694758145864963,0.0,0.0,0.0,0.0,0.0,9.81
8.775,0.0,53.06144648821003,0.0,-6.7697906527666225,0.0,-9.53835472641924,0.0,5.60630334351048,0.0,-4.363890059465109,0.0,-8.785929747847776,0.0,0.0,0.0,0.0,0.0,9.81
8.78,0.0,56.22450148767845,0.0,-7.099744863962558,0.0,-9.257117366740061,0.0,3.4689954551996074,0.0,-4.181879564322765,0.0,-8.874005933646004,0.0,0.0,0.0,0.0,0.0,9.81
8.785,0.0,59.149849741997535,0.0,-7.3894784469123485,0.0,-8.951863693682348,0.0,1.3734379606029297,0.0,-3.997314720789154,0.0,-8.958659108863696,0.0,0.0,0.0,0.0,0.0,9.81
8.790000000000001,0.0,61.83437659417033,0.0,-7.640234701947895,0.0,-8.627484143611703,0.0,-0.6848794476975186,0.0,-3.810726226697083,0.0,-9.039605280421148,0.0,0.0,0.0,0.0,0.0,9.81
8.795,0.0,64.27789253448185,0.0,-7.853984731544762,0.0,-8.288816560256523,0.0,-2.7108609244553907,0.0,-3.6226551530303444,0.0,-9.116603952563729,0.0,0.0,0.0,0.0,0.0,9.81
8.8,0.0,66.4819760799461,0.0,-8.033228556702046,0.0,-7.940640458003142,0.0,-4.7089905717597205,0.0,-3.433651682043135,0.0,-9.189457768969291,0.0,0.0,0.0,0.0,0.0,9.81
8.805,0.0,68.44887838503348,0.0,-8.180797615232018,0.0,-7.587705109960809,0.0,-6.682561962933569,0.0,-3.244273729666717,0.0,-9.258011983935052,0.0,0.0,0.0,0.0,0.0,9.81
8.81,0.0,70.18048367688118,0.0,-8.299658519733569,0.0,-7.234782299643355,0.0,-8.632952467529577,0.0,-3.0550853002741793,0.0,-9.322153811927448,0.0,0.0,0.0,0.0,0.0,9.81
8.815,0.0,71.67729479279535,0.0,-8.392714108851273,0.0,-6.886734172134732,0.0,-10.558931936062546,0.0,-2.866654421615493,0.0,-9.381811672648906,0.0,0.0,0.0,0.0,0.0,9.81
8.82,0.0,72.9373957698028,0.0,-8.462595124660472,0.0,-6.548586320985484,0.0,-12.45598739361224,0.0,-2.6795505089065066,0.0,-9.436954320372053,0.0,0.0,0.0,0.0,0.0,9.81
8.825000000000001,0.0,73.95533365581677,0.0,-8.511434342380518,0.0,-6.22559561763611,0.0,-14.315641401803205,0.0,-2.494341007336655,0.0,-9.487589822844203,0.0,0.0,0.0,0.0,0.0,9.81
8.83,0.0,74.72086001298439,0.0,-8.540614774519417,0.0,-5.923300985931247,0.0,-16.12474198217697,0.0,-2.3115871600027713,0.0,-9.533764337090004,0.0,0.0,0.0,0.0,0.0,9.81
8.835,0.0,75.21748081255173,0.0,-8.550484963332352,0.0,-5.6475431028155985,0.0,-17.864707477602185,0.0,-2.1318387427332257,0.0,-9.575560616956485,0.0,0.0,0.0,0.0,0.0,9.81
8.84,0.0,75.42078551069461,0.0,-8.540037957535148,0.0,-5.404435767255755,0.0,-19.510722597047405,0.0,-1.955627598958778,0.0,-9.613096179962959,0.0,0.0,0.0,0.0,0.0,9.81
8.845,0.0,75.2965687243079,0.0,-8.506557332335893,0.0,-5.200267563013272,0.0,-21.03090568761995,0.0,-1.7834597991078838,0.0,-9.646521058497662,0.0,0.0,0.0,0.0,0.0,9.81
8.85,0.0,74.79883080768204,0.0,-8.44524497837228,0.0,-5.041308021429947,0.0,-22.38550703711445,0.0,-1.6158062451431117,0.0,-9.676015062190752,0.0,0.0,0.0,0.0,0.0,9.81
8.855,0.0,73.86785878825648,0.0,-8.34886308667841,0.0,-4.933489096171346,0.0,-23.526259745519518,0.0,-1.4530915510527955,0.0,-9.701784484058797,0.0,0.0,0.0,0.0,0.0,9.81
8.86,0.0,72.42875786535998,0.0,-8.20744836639363,0.0,-4.881932918004412,0.0,-24.39609366004888,0.0,-1.2956810691268792,0.0,-9.724058192707025,0.0,0.0,0.0,0.0,0.0,9.81
8.865,0.0,70.39102925352367,0.0,-8.008190355601288,0.0,-4.890304686849336,0.0,-24.929539463675802,0.0,-1.1438660211784746,0.0,-9.74308306689934,0.0,0.0,0.0,0.0,0.0,9.81
8.870000000000001,0.0,67.65005361663387,0.0,-7.735604674517426,0.0,-4.959991172814458,0.0,-25.05428228535839,0.0,-0.9978468617304903,0.0,-9.759118748225516,0.0,0.0,0.0,0.0,0.0,9.81
8.875,0.0,64.09157767969609,0.0,-7.37216663790274,0.0,-5.089147585629183,0.0,-24.694436437551715,0.0,-0.8577152783319467,0.0,-9.772431714285942,0.0,0.0,0.0,0.0,0.0,9.81
8.88,0.0,59.60038289797302,0.0,-6.899581135188905,0.0,-5.271723471371359,0.0,-23.77613314568853,0.0,-0.7234356489047236,0.0,-9.783288711446202,0.0,0.0,0.0,0.0,0.0,9.81
8.885,0.0,54.07402836255866,0.0,-6.300820120906165,0.0,-5.496668574090581,0.0,-22.235829347267547,0.0,-0.5948273304560439,0.0,-9.791949635839678,0.0,0.0,0.0,0.0,0.0,9.81
8.89,0.0,47.44165621006512,0.0,-5.562923381558732,0.0,-5.7476118576528386,0.0,-20.03122922504952,0.0,-0.4715498004997257,0.0,-9.798660016239195,0.0,0.0,0.0,0.0,0.0,9.81
8.895,0.0,39.68617564875817,0.0,-4.6803104640232105,0.0,-6.003356093465827,0.0,-17.15379002695245,0.0,-0.35309328469193485,0.0,-9.803643332238822,0.0,0.0,0.0,0.0,0.0,9.81
8.9,0.0,30.865888865975272,0.0,-3.658020711538953,0.0,-6.239471359637512,0.0,-13.6405733679726,0.0,-0.23877785895724654,0.0,-9.807093489872448,0.0,0.0,0.0,0.0,0.0,9.81
8.905,0.0,21.129549721489447,0.0,-2.513996598694686,0.0,-6.43104710425084,0.0,-9.58212090770237,0.0,-0.12776382442287967,0.0,-9.809167860201528,0.0,0.0,0.0,0.0,0.0,9.81
8.91,0.0,10.718249088471003,0.0,-1.2794417424525075,0.0,-6.556280999099457,0.0,-5.122773237059855,0.0,-0.01907516868567013,0.0,-9.809981342006065,0.0,0.0,0.0,0.0,0.0,9.81
8.915000000000001,0.0,-0.050367973616314565,0.0,0.003402996294639696,0.0,-6.600162781509796,0.0,-0.45106028507646767,0.0,0.08836390220749248,0.0,-9.809601911126753,0.0,0.0,0.0,0.0,0.0,9.81
8.92,0.0,-10.815104060068993,0.0,1.2859983837306241,0.0,-6.557268006230247,0.0,4.219484593191626,0.0,0.19568175247575156,0.0,-9.808048046007867,0.0,0.0,0.0,0.0,0.0,9.81
8.925,0.0,-21.2149154527712,0.0,2.519809078501649,0.0,-6.432804954651951,0.0,8.675431230856036,0.0,0.30400609244935967,0.0,-9.805288269688495,0.0,0.0,0.0,0.0,0.0,9.81
8.93,0.0,-30.93259733768163,0.0,3.662604551641006,0.0,-6.241573822951816,0.0,12.728542964882681,0.0,0.4144108077354849,0.0,-9.801242846318496,0.0,0.0,0.0,0.0,0.0,9.81
8.935,0.0,-39.72773073840221,0.0,4.683194700699148,0.0,-6.005179161844102,0.0,16.234918845124554,0.0,0.527868901414519,0.0,-9.79578745910065,0.0,0.0,0.0,0.0,0.0,9.81
8.94,0.0,-47.45239479591656,0.0,5.56365042735899,0.0,-5.748352046368389,0.0,19.10454508068111,0.0,0.6452161980169965,0.0,-9.788758524223955,0.0,0.0,0.0,0.0,0.0,9.81
8.945,0.0,-54.049215263148724,0.0,6.29894407367147,0.0,-5.495366382155797,0.0,21.30091830198757,0.0,0.7671281762715892,0.0,-9.779959694627939,0.0,0.0,0.0,0.0,0.0,9.81
8.950000000000001,0.0,-59.536257455108554,0.0,6.894667230303314,0.0,-5.267290402872071,0.0,22.833123352484794,0.0,0.8941099203337077,0.0,-9.76916908556255,0.0,0.0,0.0,0.0,0.0,9.81
8.955,0.0,-63.98537380528527,0.0,7.363794355482287,0.0,-5.0803946970279,0.0,23.74395175914517,0.0,1.0264973527833459,0.0,-9.756146795365808,0.0,0.0,0.0,0.0,0.0,9.81
8.96,0.0,-67.50001188015584,0.0,7.723376094061865,0.0,-4.945657171470943,0.0,24.097381765522055,0.0,1.1644669329174722,0.0,-9.74064237302383,0.0,0.0,0.0,0.0,0.0,9.81
8.965,0.0,-70.19641318909824,0.0,7.9917442505739364,0.0,-4.869082084440002,0.0,23.96765561713252,0.0,1.3080508194607814,0.0,-9.722401973298588,0.0,0.0,0.0,0.0,0.0,9.81
8.97,0.0,-72.18988048359257,0.0,8.186479648787296,0.0,-4.852491423680399,0.0,23.4309786866482,0.0,1.45715485654297,0.0,-9.701175022980664,0.0,0.0,0.0,0.0,0.0,9.81
8.975,0.0,-73.58612090371848,0.0,8.32314669208379,0.0,-4.894496110948152,0.0,22.559945415720065,0.0,1.6115773578552595,0.0,-9.676720289863267,0.0,0.0,0.0,0.0,0.0,9.81
8.98,0.0,-74.47677041532091,0.0,8.414663085101628,0.0,-4.991446645213621,0.0,21.42028153271381,0.0,1.7710273137531605,0.0,-9.648811297940696,0.0,0.0,0.0,0.0,0.0,9.81
8.985,0.0,-74.93791973350943,0.0,8.471128816150587,0.0,-5.138252913528266,0.0,20.06930901080058,0.0,1.9351412024874262,0.0,-9.617241070373515,0.0,0.0,0.0,0.0,0.0,9.81
8.99,0.0,-75.03054397069812,0.0,8.499949077194767,0.0,-5.329030653910648,0.0,18.55556100144738,0.0,2.1034980028056585,0.0,-9.58182620933564,0.0,0.0,0.0,0.0,0.0,9.81
8.995000000000001,0.0,-74.80197674467395,0.0,8.506120361640608,0.0,-5.557574234231609,0.0,16.91908644817622,0.0,2.275632284135068,0.0,-9.542410342066729,0.0,0.0,0.0,0.0,0.0,9.81
9.0,0.0,-74.28783268434626,0.0,8.492587906714233,0.0,-5.817676948839093,0.0,15.192116380936886,0.0,2.4510454188194224,0.0,-9.498866977538848,0.0,0.0,0.0,0.0,0.0,9.81
9.005,0.0,-73.51400731166753,0.0,8.460616374009707,0.0,-6.10332786379749,0.0,13.399880354980981,0.0,2.6292150502281872,0.0,-9.451101829444736,0.0,0.0,0.0,0.0,0.0,9.81
9.01,0.0,-72.49855131400986,0.0,8.41014115508351,0.0,-6.408814337411411,0.0,11.561450223348658,0.0,2.8096029891805294,0.0,-9.399054669325933,0.0,0.0,0.0,0.0,0.0,9.81
9.015,0.0,-71.2533305717705,0.0,8.340085265900997,0.0,-6.728755872008429,0.0,9.690549875487642,0.0,2.9916617205049425,0.0,-9.342700778674212,0.0,0.0,0.0,0.0,0.0,9.81
9.02,0.0,-69.78545536382572,0.0,8.248638039532787,0.0,-7.05809042732587,0.0,7.796309019611435,0.0,3.1748396964199683,0.0,-9.28205207053888,0.0,0.0,0.0,0.0,0.0,9.81
9.025,0.0,-68.09850407249544,0.0,8.133498489611343,0.0,-7.392030063137366,0.0,5.883962601404891,0.0,3.3585855830049227,0.0,-9.217157949181574,0.0,0.0,0.0,0.0,0.0,9.81
9.03,0.0,-66.19358832932649,0.0,7.992089745942339,0.0,-7.725999347639162,0.0,3.9555101486751223,0.0,3.5423516155443835,0.0,-9.14810597022582,0.0,0.0,0.0,0.0,0.0,9.81
9.035,0.0,-64.07031479988906,0.0,7.821752385627079,0.0,-8.055567511228809,0.0,2.010354874594684,0.0,3.725596210447433,0.0,-9.07502235319488,0.0,0.0,0.0,0.0,0.0,9.81
9.040000000000001,0.0,-61.72769794542898,0.0,7.619924439007942,0.0,-8.376383757899209,0.0,0.04594305558284706,0.0,3.907785976436033,0.0,-8.998072383110816,0.0,0.0,0.0,0.0,0.0,9.81
9.045,0.0,-59.16507032691144,0.0,7.384314684572322,0.0,-8.68412426109255,0.0,-1.9415787621465963,0.0,4.088397265271827,0.0,-8.917460717989245,0.0,0.0,0.0,0.0,0.0,9.81
9.05,0.0,-56.383023200582976,0.0,7.113073714007896,0.0,-8.974458882835313,0.0,-3.956677297685199,0.0,4.266917401171996,0.0,-8.833431595042144,0.0,0.0,0.0,0.0,0.0,9.81
9.055,0.0,-53.38439053493847,0.0,6.804964216954565,0.0,-9.243045218830021,0.0,-6.003714551708517,0.0,4.442845726431978,0.0,-8.74626890116916,0.0,0.0,0.0,0.0,0.0,9.81
9.06,0.0,-50.17526450048507,0.0,6.459528098745881,0.0,-9.48555679420061,0.0,-8.086208124071522,0.0,4.615694596431025,0.0,-8.656296044543856,0.0,0.0,0.0,0.0,0.0,9.81
9.065,0.0,-46.766001134593196,0.0,6.077243631641154,0.0,-9.69775070280334,0.0,-10.20609410205719,0.0,4.784990447763428,0.0,-8.56387553626819,0.0,0.0,0.0,0.0,0.0,9.81
9.07,0.0,-43.172143974116224,0.0,5.65966130770409,0.0,-9.875577330774087,0.0,-12.363032291173532,0.0,4.950275046414588,0.0,-8.469408167490153,0.0,0.0,0.0,0.0,0.0,9.81
9.075000000000001,0.0,-39.415165629236014,0.0,5.209503147411838,0.0,-10.01533081445956,0.0,-14.553807793456574,0.0,5.111106996865859,0.0,-8.373331652036939,0.0,0.0,0.0,0.0,0.0,9.81
9.08,0.0,-35.52290901170913,0.0,4.730707908395686,0.0,-10.11383361691724,0.0,-16.771892611144178,0.0,5.267063556934707,0.0,-8.276118601737334,0.0,0.0,0.0,0.0,0.0,9.81
9.085,0.0,-31.529608562390194,0.0,4.228405011414209,0.0,-10.168642532826492,0.0,-19.007232273003353,0.0,5.417742757758546,0.0,-8.17827371495389,0.0,0.0,0.0,0.0,0.0,9.81
9.09,0.0,-27.475393650458603,0.0,3.7088039344828085,0.0,-10.178257474525964,0.0,-21.24631210339483,0.0,5.562765776344268,0.0,-8.080330090767115,0.0,0.0,0.0,0.0,0.0,9.81
9.095,0.0,-23.405224060301293,0.0,3.178993622450348,0.0,-10.142309852446843,0.0,-23.47253409325408,0.0,5.701779454433329,0.0,-7.982844631672998,0.0,0.0,0.0,0.0,0.0,9.81
9.1,0.0,-19.367277852248396,0.0,2.6466574986516447,0.0,-10.061705653146737,0.0,-25.66689981919608,0.0,5.834458808798695,0.0,-7.88639256328476,0.0,0.0,0.0,0.0,0.0,9.81
9.105,0.0,-15.410894446819027,0.0,2.119722268959658,0.0,-9.938700543152054,0.0,-27.80895257067433,0.0,5.960509342085322,0.0,-7.791561173662279,0.0,0.0,0.0,0.0,0.0,9.81
9.11,0.0,-11.584254175895929,0.0,1.6059703556626712,0.0,-9.776890833579843,0.0,-29.877890957591532,0.0,6.079668946903357,0.0,-7.698942948037748,0.0,0.0,0.0,0.0,0.0,9.81
9.115,0.0,-7.932031328219164,0.0,1.112653727168166,0.0,-9.58111421337618,0.0,-31.853736146291013,0.0,6.191709203747755,0.0,-7.609128336120319,0.0,0.0,0.0,0.0,0.0,9.81
9.120000000000001,0.0,-4.493275907838548,0.0,0.6461489287790322,0.0,-9.357266040318216,0.0,-33.71842328205474,0.0,6.2964359063981785,0.0,-7.522698429007413,0.0,0.0,0.0,0.0,0.0,9.81
9.125,0.0,-1.2997535673914626,0.0,0.21168844401117226,0.0,-9.11204827434423,0.0,-35.45669813449119,0.0,6.393688703359038,0.0,-7.440217834282666,0.0,0.0,0.0,0.0,0.0,9.81
9.13,0.0,1.6250916994599578,0.0,-0.18680700890656884,0.0,-8.8526764941946,0.0,-37.05673048110795,0.0,6.483339813361984,0.0,-7.3622280191295815,0.0,0.0,0.0,0.0,0.0,9.81
9.135,0.0,4.266476834711504,0.0,-0.5467846927953649,0.0,-8.586574240256553,0.0,-38.51039913590352,0.0,6.565291847300609,0.0,-7.289241345389521,0.0,0.0,0.0,0.0,0.0,9.81
9.14,0.0,6.617939618659591,0.0,-0.867008561934626,0.0,-8.321082735085348,0.0,-39.81325003571012,0.0,6.639474838196881,0.0,-7.22173595493161,0.0,0.0,0.0,0.0,0.0,9.81
9.145,0.0,8.680417572703227,0.0,-1.1474166250072093,0.0,-8.063208609849285,0.0,-40.96416896281321,0.0,6.705842636612221,0.0,-7.160151588484199,0.0,0.0,0.0,0.0,0.0,9.81
9.15,0.0,10.460896979406577,0.0,-1.3889110453851632,0.0,-7.81942421138198,0.0,-41.9648377647007,0.0,6.764368866148158,0.0,-7.104886346514041,0.0,0.0,0.0,0.0,0.0,9.81
9.155,0.0,11.97080453988319,0.0,-1.593108138221149,0.0,-7.595526263379339,0.0,-42.8190549200788,0.0,6.815042650805527,0.0,-7.056294335505516,0.0,0.0,0.0,0.0,0.0,9.81
9.16,0.0,13.224307608496957,0.0,-1.7620742091755075,0.0,-7.396550744622766,0.0,-43.531999436700254,0.0,6.857864324706541,0.0,-7.014684092908324,0.0,0.0,0.0,0.0,0.0,9.81
9.165000000000001,0.0,14.236662728975887,0.0,-1.8980689826152832,0.0,-7.2267358930767776,0.0,-44.109505324385545,0.0,6.8928413189862985,0.0,-6.980317651710678,0.0,0.0,0.0,0.0,0.0,9.81
9.17,0.0,15.022716342295212,0.0,-2.003312730855454,0.0,-7.089521661960296,0.0,-44.557397124594864,0.0,6.9199843954907365,0.0,-6.953410090876754,0.0,0.0,0.0,0.0,0.0,9.81
9.175,0.0,15.595624956094461,0.0,-2.0797875068085756,0.0,-6.9875726215415295,0.0,-44.8809195758564,0.0,6.939304367132359,0.0,-6.934129418615296,0.0,0.0,0.0,0.0,0.0,9.81
9.18,0.0,15.965831029809806,0.0,-2.1290780576415305,0.0,-6.922811773870465,0.0,-45.0842795683288,0.0,6.950809414319767,0.0,-6.9225966484581685,0.0,0.0,0.0,0.0,0.0,9.81
9.185,0.0,16.140308583676443,0.0,-2.152254548841711,0.0,-6.896454472901167,0.0,-45.17030773388057,0.0,6.954503078468944,0.0,-6.918885950064445,0.0,0.0,0.0,0.0,0.0,9.81
9.19,0.0,16.122079700837382,0.0,-2.14979724577733,0.0,-6.909034114554996,0.0,-45.140240685159355,0.0,6.950382988539553,0.0,-6.923024784535925,0.0,0.0,0.0,0.0,0.0,9.81
9.195,0.0,15.909998389261467,0.0,-2.1215625830042746,0.0,-6.960414108138983,0.0,-44.993622481764426,0.0,6.938440354929369,0.0,-6.934993965482204,0.0,0.0,0.0,0.0,0.0,9.81
9.200000000000001,0.0,15.498799279561183,0.0,-2.0667902223711416,0.0,-7.049783639350612,0.0,-44.72832421531556,0.0,6.918660246087422,0.0,-6.954727620424587,0.0,0.0,0.0,0.0,0.0,9.81
9.205,0.0,14.87941233699933,0.0,-1.984151289701655,0.0,-7.175637780866324,0.0,-44.340682222870825,0.0,6.891022645451024,0.0,-6.982113061208098,0.0,0.0,0.0,0.0,0.0,9.81
9.21,0.0,14.039547913773433,0.0,-1.8718384814088156,0.0,-7.3357455526003434,0.0,-43.82575680024231,0.0,6.85550426808019,0.0,-7.016990605978985,0.0,0.0,0.0,0.0,0.0,9.81
9.215,0.0,12.964555844779277,0.0,-1.727698646589449,0.0,-7.527112520832012,0.0,-43.17771284883287,0.0,6.812081096019071,0.0,-7.059153427998556,0.0,0.0,0.0,0.0,0.0,9.81
9.22,0.0,11.638554993417578,0.0,-1.5494073253842382,0.0,-7.7459473124431195,0.0,-42.3903202630361,0.0,6.760731567713136,0.0,-7.108347536756995,0.0,0.0,0.0,0.0,0.0,9.81
9.225,0.0,10.045813522145913,0.0,-1.3346822236950882,0.0,-7.987643731669519,0.0,-41.45756402892719,0.0,6.7014403292386815,0.0,-7.164272022582238,0.0,0.0,0.0,0.0,0.0,9.81
9.23,0.0,8.172334410098877,0.0,-1.0815286025809343,0.0,-8.24679157269717,0.0,-40.37434161680568,0.0,6.634202424202287,0.0,-7.226579714577722,0.0,0.0,0.0,0.0,0.0,9.81
9.235,0.0,6.007566738312107,0.0,-0.7885042638374349,0.0,-8.51722917557012,0.0,-39.13720902705546,0.0,6.559027766805245,0.0,-7.294878410058302,0.0,0.0,0.0,0.0,0.0,9.81
9.24,0.0,3.546125237161924,0.0,-0.45498586571501837,0.0,-8.792148720699771,0.0,-37.74511890184605,0.0,6.475945712027353,0.0,-7.368732828276881,0.0,0.0,0.0,0.0,0.0,9.81
9.245000000000001,0.0,0.7893658408047486,0.0,-0.08141282232465899,0.0,-9.064260819690851,0.0,-36.20007804485258,0.0,6.385009512706408,0.0,-7.447667419209021,0.0,0.0,0.0,0.0,0.0,9.81
9.25,0.0,-2.253356823896027,0.0,0.3305184880681676,0.0,-9.326018160466669,0.0,-34.507642215666166,0.0,6.286300440729491,0.0,-7.531170117925749,0.0,0.0,0.0,0.0,0.0,9.81
9.255,0.0,-5.563922925637222,0.0,0.7777375007864588,0.0,-9.56988942681456,0.0,-32.67716803475451,0.0,6.1799313536420675,0.0,-7.618697077403722,0.0,0.0,0.0,0.0,0.0,9.81
9.26,0.0,-9.115313307189737,0.0,1.2557818734240584,0.0,-9.788665729152285,0.0,-30.721758706137717,0.0,6.066049512295997,0.0,-7.709678341328262,0.0,0.0,0.0,0.0,0.0,9.81
9.265,0.0,-12.872186039049849,0.0,1.7588925991267916,0.0,-9.975774159031673,0.0,-28.657872446002457,0.0,5.944838500550052,0.0,-7.8035243406018555,0.0,0.0,0.0,0.0,0.0,9.81
9.27,0.0,-16.792154269404605,0.0,2.280221427900085,0.0,-10.125568722158434,0.0,-26.504606246609345,0.0,5.816519161732042,0.0,-7.899633022519269,0.0,0.0,0.0,0.0,0.0,9.81
9.275,0.0,-20.827659104021553,0.0,2.8121351184243943,0.0,-10.233569250769005,0.0,-24.282715140976695,0.0,5.681349542019979,0.0,-7.997397360589966,0.0,0.0,0.0,0.0,0.0,9.81
9.28,0.0,-24.928245346619274,0.0,3.3465874225419503,0.0,-10.29662437501015,0.0,-22.013468391048686,0.0,5.53962390861639,0.0,-8.096212955351152,0.0,0.0,0.0,0.0,0.0,9.81
9.285,0.0,-29.042992365946954,0.0,3.875520540959137,0.0,-10.312984399252272,0.0,-19.71746950762903,0.0,5.391670979905763,0.0,-8.195485428481534,0.0,0.0,0.0,0.0,0.0,9.81
9.290000000000001,0.0,-33.12283951601911,0.0,4.3912550723941175,0.0,-10.282282022977345,0.0,-17.413570841196886,0.0,5.237851556073386,0.0,-8.294637335472181,0.0,0.0,0.0,0.0,0.0,9.81
9.295,0.0,-37.12257687815751,0.0,4.88683157022351,0.0,-10.20543074940204,0.0,-15.117995297393948,0.0,5.078555765398469,0.0,-8.393114372118493,0.0,0.0,0.0,0.0,0.0,9.81
9.3,0.0,-41.00233801317978,0.0,5.356276392886533,0.0,-10.084460206522614,0.0,-12.843742669078622,0.0,4.914200141453315,0.0,-8.490390718864766,0.0,0.0,0.0,0.0,0.0,9.81
9.305,0.0,-44.728514868264355,0.0,5.794777081619154,0.0,-9.922312954891414,0.0,-10.600314888216472,0.0,4.745224722070089,0.0,-8.585973443816775,0.0,0.0,0.0,0.0,0.0,9.81
9.31,0.0,-48.274097168117066,0.0,6.198765175710729,0.0,-9.722628287177901,0.0,-8.39375266701687,0.0,4.57209031803718,0.0,-8.67940595919126,0.0,0.0,0.0,0.0,0.0,9.81
9.315,0.0,-51.618504299281284,0.0,6.5659148066939474,0.0,-9.489535677934098,0.0,-6.226943063756427,0.0,4.395276045810964,0.0,-8.770270588201674,0.0,0.0,0.0,0.0,0.0,9.81
9.32,0.0,-54.74701838760959,0.0,6.895072201478983,0.0,-9.227475206272045,0.0,-4.100137533984118,0.0,4.215277161954121,0.0,-8.85819034422245,0.0,0.0,0.0,0.0,0.0,9.81
9.325000000000001,0.0,-57.64994168411012,0.0,7.186134052624985,0.0,-8.941055909775795,0.0,-2.0116134256630485,0.0,4.0326031841178995,0.0,-8.94283004942414,0.0,0.0,0.0,0.0,0.0,9.81
9.33,0.0,-60.321593726328956,0.0,7.439892118458689,0.0,-8.63495687629559,0.0,0.04158367921236472,0.0,3.8477762386408405,0.0,-9.02389692691446,0.0,0.0,0.0,0.0,0.0,9.81
9.335,0.0,-62.759241104745826,0.0,7.6578584069372555,0.0,-8.313870749104117,0.0,2.0628675882174434,0.0,3.661329540411793,0.0,-9.101140791891362,0.0,0.0,0.0,0.0,0.0,9.81
9.34,0.0,-64.96202249978002,0.0,7.842080988357038,0.0,-7.982485548267576,0.0,4.055344599714287,0.0,3.473805886706431,0.0,-9.174353947638735,0.0,0.0,0.0,0.0,0.0,9.81
9.345,0.0,-66.92990017001513,0.0,7.994955831929644,0.0,-7.645498251147717,0.0,6.021071912695174,0.0,3.285756031960546,0.0,-9.243370865772267,0.0,0.0,0.0,0.0,0.0,9.81
9.35,0.0,-68.66264053458983,0.0,8.119035757475226,0.0,-7.307652134512223,0.0,7.960347226658582,0.0,3.0977368027382157,0.0,-9.30806770090744,0.0,0.0,0.0,0.0,0.0,9.81
9.355,0.0,-70.15880333545057,0.0,8.216834053987062,0.0,-6.973789050597755,0.0,9.871024367826601,0.0,2.9103088090054525,0.0,-9.368361661008546,0.0,0.0,0.0,0.0,0.0,9.81
9.36,0.0,-71.414702257779,0.0,8.290617765901807,0.0,-6.64890716181764,0.0,11.747842181733617,0.0,2.724033606819054,0.0,-9.424210228325922,0.0,0.0,0.0,0.0,0.0,9.81
9.365,0.0,-72.4232905067937,0.0,8.342184226637105,0.0,-6.3382138064211135,0.0,13.581750110238303,0.0,2.539470166642248,0.0,-9.475610203448543,0.0,0.0,0.0,0.0,0.0,9.81
9.370000000000001,0.0,-73.17292367604867,0.0,8.372614303961122,0.0,-6.0471617971184015,0.0,15.359214350028346,0.0,2.3571704992707314,0.0,-9.522596527321651,0.0,0.0,0.0,0.0,0.0,9.81
9.375,0.0,-73.64596136158573,0.0,8.381997339356923,0.0,-5.781455356262179,0.0,17.061494387897703,0.0,2.1776742872459205,0.0,-9.565240823329372,0.0,0.0,0.0,0.0,0.0,9.81
9.38,0.0,-73.81719220077574,0.0,8.369126491123305,0.0,-5.547009007886812,0.0,18.66389307032158,0.0,2.001502364369,0.0,-9.603649593607175,0.0,0.0,0.0,0.0,0.0,9.81
9.385,0.0,-73.65211042800829,0.0,8.331170028942351,0.0,-5.349839276866995,0.0,20.13500738360126,0.0,1.8291488820886925,0.0,-9.637962000327516,0.0,0.0,0.0,0.0,0.0,9.81
9.39,0.0,-73.10514402707926,0.0,8.26333529844118,0.0,-5.195865623216264,0.0,21.436046085114135,0.0,1.6610720043915972,0.0,-9.668347163443844,0.0,0.0,0.0,0.0,0.0,9.81
9.395,0.0,-72.11804475722519,0.0,8.158558953884173,0.0,-5.090595016613612,0.0,22.520338959109132,0.0,1.49768299142515,0.0,-9.695000911025408,0.0,0.0,0.0,0.0,0.0,9.81
9.4,0.0,-70.61880632915728,0.0,8.007280671986734,0.0,-5.038666359238241,0.0,23.333244056608955,0.0,1.3393335804030921,0.0,-9.718141926862558,0.0,0.0,0.0,0.0,0.0,9.81
9.405,0.0,-68.52167715644602,0.0,7.797387509230472,0.0,-5.043240409009636,0.0,23.812761732755742,0.0,1.186301670028593,0.0,-9.738007252903499,0.0,0.0,0.0,0.0,0.0,9.81
9.41,0.0,-65.72905472656305,0.0,7.514448639781692,0.0,-5.1052430919017775,0.0,23.891273375934496,0.0,1.0387754864080405,0.0,-9.754847122370911,0.0,0.0,0.0,0.0,0.0,9.81
9.415000000000001,0.0,-62.136225787283095,0.0,7.142385753949231,0.0,-5.222510574530305,0.0,23.498902621349913,0.0,0.8968366802716474,0.0,-9.768919124965658,0.0,0.0,0.0,0.0,0.0,9.81
9.42,0.0,-57.639928074025754,0.0,6.664724775880634,0.0,-5.388946059251484,0.0,22.568981363510254,0.0,0.760443195718311,0.0,-9.780481741034418,0.0,0.0,0.0,0.0,0.0,9.81
9.425,0.0,-52.15137381324261,0.0,6.066523204098988,0.0,-5.593875819163631,0.0,21.045896183451852,0.0,0.6294132542754246,0.0,-9.789787329957647,0.0,0.0,0.0,0.0,0.0,9.81
9.43,0.0,-45.613497955697554,0.0,5.336936213135523,0.0,-5.821865225879275,0.0,18.895093353350447,0.0,0.5034123625719515,0.0,-9.797074721570576,0.0,0.0,0.0,0.0,0.0,9.81
9.435,0.0,-38.02069105984383,0.0,4.472162341727862,0.0,-6.05328438659293,0.0,16.114196147969107,0.0,0.3819457551985975,0.0,-9.80256163770877,0.0,0.0,0.0,0.0,0.0,9.81
9.44,0.0,-29.43737048662984,0.0,3.4782298533479183,0.0,-6.265844107032459,0.0,12.743166848622293,0.0,0.2643589274986742,0.0,-9.806437258095672,0.0,0.0,0.0,0.0,0.0,9.81
9.445,0.0,-20.010125572447443,0.0,2.3728494595914738,0.0,-6.437115905954657,0.0,8.870606176028064,0.0,0.14984865414802614,0.0,-9.808855327031429,0.0,0.0,0.0,0.0,0.0,9.81
9.450000000000001,0.0,-9.967915421881681,0.0,1.185524219020235,0.0,-6.547721268812614,0.0,4.633199146649045,0.0,0.03748593520070432,0.0,-9.809928252929506,0.0,0.0,0.0,0.0,0.0,9.81
9.455,0.0,0.39317043064279567,0.0,-0.04459327949210394,0.0,-6.584532584439453,0.0,0.20647389485077378,0.0,-0.0737493479580342,0.0,-9.80972265619269,0.0,0.0,0.0,0.0,0.0,9.81
9.46,0.0,10.739799023548638,0.0,-1.2729807291704676,0.0,-6.543048017608001,0.0,-4.212601244804574,0.0,-0.1849243653420847,0.0,-9.80825675249323,0.0,0.0,0.0,0.0,0.0,9.81
9.465,0.0,20.740112529662206,0.0,-2.4553144917791223,0.0,-6.4282335828137604,0.0,-8.427916108824462,0.0,-0.29710410050768493,0.0,-9.805499815746519,0.0,0.0,0.0,0.0,0.0,9.81
9.47,0.0,30.102102284473993,0.0,-3.5529889863746096,0.0,-6.253567500972374,0.0,-12.26632282422846,0.0,-0.41130234251048364,0.0,-9.801373769491784,0.0,0.0,0.0,0.0,0.0,9.81
9.475,0.0,38.60259656002199,0.0,-4.537268836434247,0.0,-6.03858848214784,0.0,-15.594529600644982,0.0,-0.528438259990736,0.0,-9.795756748403637,0.0,0.0,0.0,0.0,0.0,9.81
9.48,0.0,46.10137362896649,0.0,-5.391272480197709,0.0,-5.805674196449306,0.0,-18.32769813111144,0.0,-0.649302671439316,0.0,-9.788488299420793,0.0,0.0,0.0,0.0,0.0,9.81
9.485,0.0,52.53996157347464,0.0,-6.109721973402777,0.0,-5.5768837581802035,0.0,-20.429414190270688,0.0,-0.7745361482422097,0.0,-9.779375787442028,0.0,0.0,0.0,0.0,0.0,9.81
9.49,0.0,57.928840386036285,0.0,-6.697001245005787,0.0,-5.371501112543992,0.0,-21.904993384438644,0.0,-0.9046190181386442,0.0,-9.768201542826422,0.0,0.0,0.0,0.0,0.0,9.81
9.495000000000001,0.0,62.32861864666508,0.0,-7.164339071203123,0.0,-5.204569470799274,0.0,-22.791146706952087,0.0,-1.0398717216848778,0.0,-9.754730323926847,0.0,0.0,0.0,0.0,0.0,9.81
9.5,0.0,65.8303678810347,0.0,-7.526879004262359,0.0,-5.08638463958615,0.0,-23.14487352830784,0.0,-1.180463073897044,0.0,-9.73871674258259,0.0,0.0,0.0,0.0,0.0,9.81
9.505,0.0,68.5386265142827,0.0,-7.801155371871153,0.0,-5.0227180900273165,0.0,-23.033578693758535,0.0,-1.3264237697449306,0.0,-9.719912388672999,0.0,0.0,0.0,0.0,0.0,9.81
9.51,0.0,70.55869005524124,0.0,-8.00321633056626,0.0,-5.015480101938827,0.0,-22.527392698461217,0.0,-1.4776627441878678,0.0,-9.69807247335881,0.0,0.0,0.0,0.0,0.0,9.81
9.515,0.0,71.98834207040818,0.0,-8.147418647344036,0.0,-5.063566816602767,0.0,-21.693870158359125,0.0,-1.6339845133536184,0.0,-9.672961880267303,0.0,0.0,0.0,0.0,0.0,9.81
9.52,0.0,72.91334600651884,0.0,-8.245794018208368,0.0,-5.163709520087402,0.0,-20.59476690975876,0.0,-1.7951061890564,0.0,-9.644360567390473,0.0,0.0,0.0,0.0,0.0,9.81
9.525,0.0,73.40571336031451,0.0,-8.307839960628884,0.0,-5.3112212768955365,0.0,-19.28440618640574,0.0,-1.960673357321903,0.0,-9.612068301646213,0.0,0.0,0.0,0.0,0.0,9.81
9.53,0.0,73.5237921271839,0.0,-8.340591223159928,0.0,-5.5005961291209005,0.0,-17.80913840822764,0.0,-2.130274394800786,0.0,-9.57590873614043,0.0,0.0,0.0,0.0,0.0,9.81
9.535,0.0,73.31340281219722,0.0,-8.34885414331476,0.0,-5.72595509922692,0.0,-16.207482877548514,0.0,-2.3034530619145595,0.0,-9.535732860300941,0.0,0.0,0.0,0.0,0.0,9.81
9.540000000000001,0.0,72.80946980416567,0.0,-8.335518963079346,0.0,-5.981354362907751,0.0,-14.510649166489124,0.0,-2.479719377747067,0.0,-9.49142186759784,0.0,0.0,0.0,0.0,0.0,9.81
9.545,0.0,72.03779311132354,0.0,-8.301894632087404,0.0,-6.26097968146429,0.0,-12.743237203228045,0.0,-2.658558875268467,0.0,-9.442889495990608,0.0,0.0,0.0,0.0,0.0,9.81
9.55,0.0,71.01675775326743,0.0,-8.248033695294637,0.0,-6.559252567742641,0.0,-10.923994919902341,0.0,-2.839440380874367,0.0,-9.390083903266218,0.0,0.0,0.0,0.0,0.0,9.81
9.555,0.0,69.75888487330519,0.0,-8.173031230614178,0.0,-6.870871411300274,0.0,-9.066569301536969,0.0,-3.021822478690693,0.0,-9.332989143236128,0.0,0.0,0.0,0.0,0.0,9.81
9.56,0.0,68.27219785716807,0.0,-8.075292559926664,0.0,-7.190807240564408,0.0,-7.1802242873346085,0.0,-3.2051588212362407,0.0,-9.27162630919571,0.0,0.0,0.0,0.0,0.0,9.81
9.565,0.0,66.56141813801507,0.0,-7.952770995899813,0.0,-7.514270238667,0.0,-5.270522005887813,0.0,-3.3889024426145786,0.0,-9.206054407811191,0.0,0.0,0.0,0.0,0.0,9.81
9.57,0.0,64.62902731674984,0.0,-7.803180431473432,0.0,-7.836660151373598,0.0,-3.3399765682986615,0.0,-3.5725092235233555,0.0,-9.136371019352117,0.0,0.0,0.0,0.0,0.0,9.81
9.575000000000001,0.0,62.476240834655954,0.0,-7.62418903348755,0.0,-8.153511512130043,0.0,-1.3886953015803103,0.0,-3.755440651533855,0.0,-9.062712788680347,0.0,0.0,0.0,0.0,0.0,9.81
9.58,0.0,60.10393760670743,0.0,-7.413600256443658,0.0,-8.460443107716092,0.0,0.584977034639107,0.0,-3.93716601606921,0.0,-8.98525577557366,0.0,0.0,0.0,0.0,0.0,9.81
9.585,0.0,57.51358195449475,0.0,-7.1695261910757475,0.0,-8.753120130955715,0.0,2.583798655929706,0.0,-4.117164174892145,0.0,-8.904215673036564,0.0,0.0,0.0,0.0,0.0,9.81
9.59,0.0,54.70815998151581,0.0,-6.8905560967951525,0.0,-9.027236743363163,0.0,4.610949760767828,0.0,-4.2949250265186585,0.0,-8.819847878890702,0.0,0.0,0.0,0.0,0.0,9.81
9.595,0.0,51.6931329103615,0.0,-6.575919975549965,0.0,-9.278525973053165,0.0,6.669333352355015,0.0,-4.469950819100808,0.0,-8.732447380357254,0.0,0.0,0.0,0.0,0.0,9.81
9.6,0.0,48.477385814040275,0.0,-6.2256434126085285,0.0,-9.5028026443345,0.0,8.76087274800506,0.0,-4.641757418966335,0.0,-8.642348385429786,0.0,0.0,0.0,0.0,0.0,9.81
9.605,0.0,45.07412348889696,0.0,-5.840685961719485,0.0,-9.69604303157763,0.0,10.885833832033043,0.0,-4.809875649099163,0.0,-8.549923611198993,0.0,0.0,0.0,0.0,0.0,9.81
9.61,0.0,41.50163919510926,0.0,-5.4230516177254335,0.0,-9.85450189332291,0.0,13.042213202202873,0.0,-4.973852787576587,0.0,-8.455583121195643,0.0,0.0,0.0,0.0,0.0,9.81
9.615,0.0,37.78386143668087,0.0,-4.975857145650595,0.0,-9.974863399860412,0.0,15.225243943319082,0.0,-5.133254287183536,0.0,-8.359772594929554,0.0,0.0,0.0,0.0,0.0,9.81
9.620000000000001,0.0,33.95057478928211,0.0,-4.503343109658205,0.0,-10.054417436816786,0.0,17.427075797812087,0.0,-5.2876657400601506,0.0,-8.262970916695675,0.0,0.0,0.0,0.0,0.0,9.81
9.625,0.0,30.03721889124627,0.0,-4.010814214237934,0.0,-10.091247433827082,0.0,19.63668291785125,0.0,-5.436695066824963,0.0,-8.165686990164591,0.0,0.0,0.0,0.0,0.0,9.81
9.63,0.0,26.08419908696535,0.0,-3.5045005600700394,0.0,-10.084411174555008,0.0,21.840037997744293,0.0,-5.579974861499607,0.0,-8.068455721392782,0.0,0.0,0.0,0.0,0.0,9.81
9.635,0.0,22.135692868921623,0.0,-2.991339530396885,0.0,-10.034093153810964,0.0,24.020566196039656,0.0,-5.7171647768447915,0.0,-7.97183316435482,0.0,0.0,0.0,0.0,0.0,9.81
9.64,0.0,18.238002677155684,0.0,-2.4786883252787146,0.0,-9.941707058571097,0.0,26.159858465069973,0.0,-5.847953795710563,0.0,-7.876390885687789,0.0,0.0,0.0,0.0,0.0,9.81
9.645,0.0,14.437576609005099,0.0,-1.9739878913415607,0.0,-9.809930532839225,0.0,28.23858721926178,0.0,-5.972062209186501,0.0,-7.7827096720488305,0.0,0.0,0.0,0.0,0.0,9.81
9.65,0.0,10.778879312115148,0.0,-1.4844078905017,0.0,-9.642661453170376,0.0,30.23753516110118,0.0,-6.089243116991761,0.0,-7.691372765427032,0.0,0.0,0.0,0.0,0.0,9.81
9.655,0.0,7.302331087697585,0.0,-1.0165072359292473,0.0,-9.444894501686345,0.0,32.13862806134209,0.0,-6.199283282392312,0.0,-7.602958859690908,0.0,0.0,0.0,0.0,0.0,9.81
9.66,0.0,4.042534048270333,0.0,-0.5759441848504339,0.0,-9.222527133602,0.0,33.92585961384737,0.0,-6.3020032121996525,0.0,-7.51803511791921,0.0,0.0,0.0,0.0,0.0,9.81
9.665000000000001,0.0,1.0269683078663974,0.0,-0.16726386994510067,0.0,-8.982113037354267,0.0,35.586012340752,0.0,-6.397256387667482,0.0,-7.437150470259394,0.0,0.0,0.0,0.0,0.0,9.81
9.67,0.0,-1.7247239963857837,0.0,0.20621930255011978,0.0,-8.730587083339797,0.0,37.10910950572201,0.0,-6.484927637044223,0.0,-7.3608294260776646,0.0,0.0,0.0,0.0,0.0,9.81
9.675,0.0,-4.200829263383383,0.0,0.5424395261220945,0.0,-8.474987531272397,0.0,38.488572148151675,0.0,-6.5649307064391635,0.0,-7.289566586175017,0.0,0.0,0.0,0.0,0.0,9.81
9.68,0.0,-6.397068462673843,0.0,0.8405049928736944,0.0,-8.222198910548302,0.0,39.721094358332536,0.0,-6.637205144184665,0.0,-7.223821978259758,0.0,0.0,0.0,0.0,0.0,9.81
9.685,0.0,-8.315621907230252,0.0,1.1005475752809815,0.0,-7.97873341447019,0.0,40.80628151390247,0.0,-6.701712658653489,0.0,-7.1640172706547744,0.0,0.0,0.0,0.0,0.0,9.81
9.69,0.0,-9.963813735753227,0.0,1.3235191846234384,0.0,-7.7505613228757,0.0,41.74611596092958,0.0,-6.758433137058049,0.0,-7.110532854059481,0.0,0.0,0.0,0.0,0.0,9.81
9.695,0.0,-11.352608527343193,0.0,1.5109587769613089,0.0,-7.542993444597235,0.0,42.54432154660597,0.0,-6.807360522732161,0.0,-7.063705725999759,0.0,0.0,0.0,0.0,0.0,9.81
9.700000000000001,0.0,-12.49506187639765,0.0,1.6647521779442924,0.0,-7.360612109709239,0.0,43.20569439859868,0.0,-6.848498742941757,0.0,-7.0238280717221535,0.0,0.0,0.0,0.0,0.0,9.81
9.705,0.0,-13.404841678645553,0.0,1.7869029021263607,0.0,-7.207242593567714,0.0,43.73545601496957,0.0,-6.881857862166268,0.0,-6.991146410370872,0.0,0.0,0.0,0.0,0.0,9.81
9.71,0.0,-14.094905593579561,0.0,1.8793272273781259,0.0,-7.085954248854465,0.0,44.13867010166753,0.0,-6.907450611390086,0.0,-6.965861165737922,0.0,0.0,0.0,0.0,0.0,9.81
9.715,0.0,-14.576389633349251,0.0,1.943682020917991,0.0,-6.999079884142283,0.0,44.41975010294885,0.0,-6.925289416296461,0.0,-6.948126524609019,0.0,0.0,0.0,0.0,0.0,9.81
9.72,0.0,-14.857737737545328,0.0,1.9812299108701898,0.0,-6.948242658496112,0.0,44.582072328659606,0.0,-6.9353840195338545,0.0,-6.938050459936803,0.0,0.0,0.0,0.0,0.0,9.81
9.725,0.0,-14.944084697877017,0.0,1.9927436844771171,0.0,-6.934381502402889,0.0,44.6277010982118,0.0,-6.937739766448551,0.0,-6.935694817881929,0.0,0.0,0.0,0.0,0.0,9.81
9.73,0.0,-14.83689497781669,0.0,1.9784502786638516,0.0,-6.957768422786042,0.0,44.55722747802349,0.0,-6.932356600712204,0.0,-6.941075394642343,0.0,0.0,0.0,0.0,0.0,9.81
9.735,0.0,-14.53385642890732,0.0,1.9380141903583095,0.0,-7.018013711392501,0.0,44.369721341136824,0.0,-6.919228795995138,0.0,-6.954161958936752,0.0,0.0,0.0,0.0,0.0,9.81
9.74,0.0,-14.029028335091361,0.0,1.870560213805117,0.0,-7.114057871705586,0.0,44.06279653276146,0.0,-6.898345431391616,0.0,-6.974878207524788,0.0,0.0,0.0,0.0,0.0,9.81
9.745000000000001,0.0,-13.313244864878833,0.0,1.7747356813406814,0.0,-7.244151909002424,0.0,43.63278956735242,0.0,-6.86969160040343,0.0,-7.003101673085309,0.0,0.0,0.0,0.0,0.0,9.81
9.75,0.0,-12.37477500072059,0.0,1.64881239490043,0.0,-7.40583041565522,0.0,43.07505213369334,0.0,-6.833250324516454,0.0,-7.038663635098085,0.0,0.0,0.0,0.0,0.0,9.81
9.755,0.0,-11.200235630218913,0.0,1.49082776521614,0.0,-7.595884519269742,0.0,42.38435544703931,0.0,-6.789005121521522,0.0,-7.081349113890374,0.0,0.0,0.0,0.0,0.0,9.81
9.76,0.0,-9.775743515072946,0.0,1.298762979616231,0.0,-7.810344048401728,0.0,41.555399114944194,0.0,-6.736943154981058,0.0,-7.130897054143487,0.0,0.0,0.0,0.0,0.0,9.81
9.765,0.0,-8.088273069846394,0.0,1.0707531036390618,0.0,-8.044479896962867,0.0,40.58340811232794,0.0,-6.677058864650727,0.0,-7.187000824804844,0.0,0.0,0.0,0.0,0.0,9.81
9.77,0.0,-6.127160629437192,0.0,0.805319934715252,0.0,-8.292838114666987,0.0,39.46478890303581,0.0,-6.609357949288509,0.0,-7.249309174904575,0.0,0.0,0.0,0.0,0.0,9.81
9.775,0.0,-3.885664683275728,0.0,0.5016135507136873,0.0,-8.549316254273336,0.0,38.197800975202995,0.0,-6.533861545361633,0.0,-7.317427786322098,0.0,0.0,0.0,0.0,0.0,9.81
9.78,0.0,-1.3624604453417248,0.0,0.1596436025796351,0.0,-8.80728958553074,0.0,36.7831855741471,0.0,-6.450610421077684,0.0,-7.390921552338779,0.0,0.0,0.0,0.0,0.0,9.81
9.785,0.0,1.437076595033183,0.0,-0.2195223914288013,0.0,-9.059789812303942,0.0,35.22468279545779,0.0,-6.359668989132463,0.0,-7.469317682938007,0.0,0.0,0.0,0.0,0.0,9.81
9.790000000000001,0.0,4.49995146513567,0.0,-0.6336178888204193,0.0,-9.299732203555287,0.0,33.529365502670636,0.0,-6.26112893798996,0.0,-7.552109693997671,0.0,0.0,0.0,0.0,0.0,9.81
9.795,0.0,7.805133069259586,0.0,-1.079115299181697,0.0,-9.520179406105603,0.0,31.70772723844663,0.0,-6.155112294063121,0.0,-7.638762279836543,0.0,0.0,0.0,0.0,0.0,9.81
9.8,0.0,11.323736625318858,0.0,-1.551258823003493,0.0,-9.714622976211878,0.0,29.773482977142994,0.0,-6.041773757735158,0.0,-7.728717001828975,0.0,0.0,0.0,0.0,0.0,9.81
9.805,0.0,15.01983590956392,0.0,-2.0441978320040466,0.0,-9.877258430999763,0.0,27.743074741129043,0.0,-5.921302203933222,0.0,-7.821398657312259,0.0,0.0,0.0,0.0,0.0,9.81
9.81,0.0,18.85185575944184,0.0,-2.5512140456041372,0.0,-10.00322780626972,0.0,25.634913853841446,0.0,-5.7939212989715205,0.0,-7.916222131678734,0.0,0.0,0.0,0.0,0.0,9.81
9.815,0.0,22.774415579762355,0.0,-3.0650232347275255,0.0,-10.088806120257242,0.0,23.468430345247178,0.0,-5.659889252778488,0.0,-8.012599491280854,0.0,0.0,0.0,0.0,0.0,9.81
9.82,0.0,26.74043231044654,0.0,-3.5781221442718025,0.0,-10.13151463076894,0.0,21.263029425050522,0.0,-5.519497790772141,0.0,-8.109947052637018,0.0,0.0,0.0,0.0,0.0,9.81
9.825000000000001,0.0,30.703260094870494,0.0,-4.08314591433597,0.0,-10.130153172369424,0.0,19.03706838032112,0.0,-5.3730704837716745,0.0,-8.207692167972096,0.0,0.0,0.0,0.0,0.0,9.81
9.83,0.0,34.61864994487803,0.0,-4.573201548956375,0.0,-10.084754286658656,0.0,16.806961926458364,0.0,-5.220960610327013,0.0,-8.305279497536931,0.0,0.0,0.0,0.0,0.0,9.81
9.835,0.0,38.446352987552636,0.0,-5.042148586205357,0.0,-9.996471243746491,0.0,14.58650177718219,0.0,-5.0635487397124255,0.0,-8.402176590371237,0.0,0.0,0.0,0.0,0.0,9.81
9.84,0.0,42.151254430028956,0.0,-5.484807494892737,0.0,-9.86741872330186,0.0,12.38644274264568,0.0,-4.901240215314362,0.0,-8.497878659080383,0.0,0.0,0.0,0.0,0.0,9.81
9.845,0.0,45.70399708402637,0.0,-5.897087211301576,0.0,-9.700488005766935,0.0,10.214370716815441,0.0,-4.734462690462214,0.0,-8.591912501396422,0.0,0.0,0.0,0.0,0.0,9.81
9.85,0.0,49.08111850079135,0.0,-6.276033392379017,0.0,-9.499158052375822,0.0,8.07483481853144,0.0,-4.563663827544309,0.0,-8.683839583019385,0.0,0.0,0.0,0.0,0.0,9.81
9.855,0.0,52.26477394680421,0.0,-6.619806730027601,0.0,-9.267320587716107,0.0,5.969701872844791,0.0,-4.389309223172773,0.0,-8.773258345824942,0.0,0.0,0.0,0.0,0.0,9.81
9.86,0.0,55.24214386514474,0.0,-6.927605226631096,0.0,-9.009132381361553,0.0,3.898678554837703,0.0,-4.211880573512272,0.0,-8.85980583919107,0.0,0.0,0.0,0.0,0.0,9.81
9.865,0.0,58.004629819144625,0.0,-7.199545682482882,0.0,-8.728902511576042,0.0,1.8599443193094016,0.0,-4.031874049629436,0.0,-8.943158789051683,0.0,0.0,0.0,0.0,0.0,9.81
9.870000000000001,0.0,60.54693163687739,0.0,-7.436518388724891,0.0,-8.431017390364572,0.0,-0.14915568484053665,0.0,-3.84979881598564,0.0,-9.023034220800312,0.0,0.0,0.0,0.0,0.0,9.81
9.875,0.0,62.86607661393823,0.0,-7.640026032019573,0.0,-8.119902270556295,0.0,-2.131397314673607,0.0,-3.6661755972768657,0.0,-9.099189741347004,0.0,0.0,0.0,0.0,0.0,9.81
9.88,0.0,64.96044507511262,0.0,-7.812013987486992,0.0,-7.800015013146914,0.0,-4.0889700264136355,0.0,-3.4815351794789295,0.0,-9.17142356616502,0.0,0.0,0.0,0.0,0.0,9.81
9.885,0.0,66.8288100111085,0.0,-7.9546952343041974,0.0,-7.4758659575586845,0.0,-6.022788547652414,0.0,-3.296416718872191,0.0,-9.239574352731191,0.0,0.0,0.0,0.0,0.0,9.81
9.89,0.0,68.46938501658221,0.0,-8.070369584453644,0.0,-7.152056528498525,0.0,-7.931825487460493,0.0,-3.1113657260897885,0.0,-9.303520875579046,0.0,0.0,0.0,0.0,0.0,9.81
9.895,0.0,69.87885615763658,0.0,-8.161234083774119,0.0,-6.833328376836996,0.0,-9.812458046053404,0.0,-2.92693158876186,0.0,-9.363181552770309,0.0,0.0,0.0,0.0,0.0,9.81
9.9,0.0,71.05136070065456,0.0,-8.229179517304917,0.0,-6.5246140306807785,0.0,-11.657816398841339,0.0,-2.743664494147576,0.0,-9.418513810732918,0.0,0.0,0.0,0.0,0.0,9.81
9.905,0.0,71.97736972969741,0.0,-8.275567093260932,0.0,-6.231078908425472,0.0,-13.457119304298402,0.0,-2.562111610670526,0.0,-9.469513255228433,0.0,0.0,0.0,0.0,0.0,9.81
9.91,0.0,72.64243402785277,0.0,-8.300979833167093,0.0,-5.958142869495112,0.0,-15.194984801509051,0.0,-2.3828123835388646,0.0,-9.51621260126792,0.0,0.0,0.0,0.0,0.0,9.81
9.915000000000001,0.0,73.02576589289426,0.0,-8.304945375460898,0.0,-5.711467108079368,0.0,-16.850711965797455,0.0,-2.2062927946096256,0.0,-9.558680304254825,0.0,0.0,0.0,0.0,0.0,9.81
9.92,0.0,73.09865830091923,0.0,-8.285631480506593,0.0,-5.496889160608092,0.0,-18.39754596196903,0.0,-2.0330584316951925,0.0,-9.59701882838112,0.0,0.0,0.0,0.0,0.0,9.81
9.925,0.0,72.82279366468995,0.0,-8.2395234842763,0.0,-5.32028542593087,0.0,-19.80196651969252,0.0,-1.8635862109896957,0.0,-9.631362486070127,0.0,0.0,0.0,0.0,0.0,9.81
9.93,0.0,72.14857584856608,0.0,-8.16110551578814,0.0,-5.187337717751641,0.0,-21.02308373010623,0.0,-1.6983146045163575,0.0,-9.661874783739982,0.0,0.0,0.0,0.0,0.0,9.81
9.935,0.0,71.01373977303274,0.0,-8.042585691293406,0.0,-5.103179607596639,0.0,-22.012288840396337,0.0,-1.5376322527547697,0.0,-9.688745214144042,0.0,0.0,0.0,0.0,0.0,9.81
9.94,0.0,69.34265741924719,0.0,-7.8737302882011635,0.0,-5.07190242805148,0.0,-22.71339305387455,0.0,-1.3818649061697341,0.0,-9.712185444067332,0.0,0.0,0.0,0.0,0.0,9.81
9.945,0.0,67.04695919718878,0.0,-7.64190171523145,0.0,-5.095913871863936,0.0,-23.063588596967605,0.0,-1.2312607587901627,0.0,-9.732424858700048,0.0,0.0,0.0,0.0,0.0,9.81
9.950000000000001,0.0,64.02829072068378,0.0,-7.3324245945834345,0.0,-5.175169223507373,0.0,-22.99566335693508,0.0,-1.0859744366146127,0.0,-9.749705441699074,0.0,0.0,0.0,0.0,0.0,9.81
9.955,0.0,60.18414798790305,0.0,-6.92942161154153,0.0,-5.306340950061394,0.0,-22.441949583230105,0.0,-0.9460502064503223,0.0,-9.76427599473123,0.0,0.0,0.0,0.0,0.0,9.81
9.96,0.0,55.4176425515047,0.0,-6.417245851511211,0.0,-5.482057160363789,0.0,-21.34041534831842,0.0,-0.8114053876567378,0.0,-9.776385734919238,0.0,0.0,0.0,0.0,0.0,9.81
9.965,0.0,49.65156089719514,0.0,-5.782562678026332,0.0,-5.690413978287242,0.0,-19.643019701731845,0.0,-0.6818154610145288,0.0,-9.786277356218214,0.0,0.0,0.0,0.0,0.0,9.81
9.97,0.0,42.84603872234868,0.0,-5.01697894689968,0.0,-5.91502564436389,0.0,-17.325868751309482,0.0,-0.5569029038590405,0.0,-9.794179703719157,0.0,0.0,0.0,0.0,0.0,9.81
9.975,0.0,35.01757499515645,0.0,-4.119882078309104,0.0,-6.135875899864466,0.0,-14.399841583038535,0.0,-0.43613219631438016,0.0,-9.800300287770506,0.0,0.0,0.0,0.0,0.0,9.81
9.98,0.0,26.25531626822938,0.0,-3.1008889528956063,0.0,-6.331125833260392,0.0,-10.919401418493031,0.0,-0.3188135316295078,0.0,-9.804817951590659,0.0,0.0,0.0,0.0,0.0,9.81
9.985,0.0,16.72934498286108,0.0,-1.9811314157781503,0.0,-6.479793210332693,0.0,-6.986700841107592,0.0,-0.20411729987334903,0.0,-9.807876087645477,0.0,0.0,0.0,0.0,0.0,9.81
9.99,0.0,6.686133019097451,0.0,-0.792670326597585,0.0,-6.564889267950788,0.0,-2.748376497731023,0.0,-0.09110026167657763,0.0,-9.809576852388693,0.0,0.0,0.0,0.0,0.0,9.81
9.995000000000001,0.0,-3.5709860012372654,0.0,0.42427480561244824,0.0,-6.576308700857448,0.0,1.616061944977036,0.0,0.021257435208198946,0.0,-9.809976830558474,0.0,0.0,0.0,0.0,0.0,9.81
