0.0,143.66412382799845,0.0,143.66412382799845
0.005,143.6074761692541,0.056647645715590986,143.6641238149697
0.01,143.4378508788698,0.22627283627035277,143.66412371514014
0.015,143.15619035442177,0.5079331787925814,143.66412353321434
0.02,142.76402919236,0.9000940847430144,143.66412327710302
0.025,142.26344057518725,1.4006823818791263,143.66412295706638
0.03,141.6569627925516,2.0071597920709574,143.66412258462256
0.035,140.94750869701835,2.716613474463677,143.66412217148203
0.04,140.13826295179086,3.525858777114819,143.66412172890568
0.045,139.2325741372499,4.431547130567043,143.66412126781697
0.05,138.2338505073812,5.43027029226607,143.66412079964726
0.055,137.14546873967618,6.518651597736813,143.66412033741298
0.06,135.9707039481946,7.693415948051242,143.66411989624584
0.065,134.7126865445602,8.951432948245845,143.66411949280604
0.07,133.3743877737545,10.289731369818101,143.6641191435726
0.075,131.9586317930222,11.705487069549132,143.6641188625713
0.08,130.46812887171282,13.195989787575861,143.66411865928868
0.085,128.9055222280696,14.758596309215712,143.6641185372853
0.09,127.27344031410075,16.39067817950074,143.6641184936015
0.095,125.57454678670433,18.089571732036827,143.66411851874116
0.1,123.81158157800644,19.852537018960806,143.66411859696726
0.105,121.98738804801283,21.676730658810826,143.66411870682367
0.11,120.10492295671688,23.559195865380808,143.6641188220977
0.115,118.1672478695643,25.496871044106612,143.6641189136709
0.12,116.17750263092893,27.486616321804,143.66411895273293
0.125,114.13886370275729,29.52525521274695,143.66411891550425
0.13,112.05449234359509,31.609626445318476,143.66411878891356
0.135,109.92747949674785,33.73663907907597,143.6641185758238
0.14,107.760795430077,35.903322867760735,143.66411829783772
0.145,105.5572521901819,38.10686580377462,143.66411799395652
0.15,103.31948556008179,40.34463215448102,143.6641177145628
0.155,101.04996054914834,42.61415696275584,143.66411751190418
0.16,98.75100097164238,44.91311645793789,143.66411742958027
0.165,96.42484008141095,47.23927741234603,143.66411749375698
0.17,94.07368619539649,49.5904315125197,143.6641177079162
0.17500000000000002,91.6997951856948,51.96432286582946,143.66411805152427
0.18,89.3055407551693,54.358577726725684,143.664118481895
0.185,86.8934733981953,56.7706455399981,143.66411893819338
0.19,84.46635968035679,59.19775966660846,143.66411934696526
0.195,82.02719484556391,61.63692478379829,143.6641196293622
0.2,79.57918385951521,64.08493585130157,143.66411971081678
0.20500000000000002,77.12568904526341,66.53843048845708,143.6641195337205
0.21,74.6701466288859,68.99397244339733,143.66411907228323
0.215,72.21595962895123,71.44815871742074,143.66411834637196
0.22,69.76637985411679,73.89773757471175,143.66411742882855
0.225,67.3243959828829,76.33972045766112,143.66411644054403
0.23,64.89264621710714,78.7714693138232,143.66411553093036
0.23500000000000001,62.4733717214578,81.19074312621584,143.66411484767363
0.24,60.068421042033364,83.59569346323659,143.66411450526994
0.245,57.67930736331185,85.98480719956498,143.66411456287682
0.25,55.307312072343265,88.35680294518798,143.66411501753123
0.255,52.95362174107235,90.7104940707247,143.66411581179705
0.26,50.61948236377759,93.04463448599944,143.66411684977703
0.265,48.30635426485034,95.35776374949324,143.6641180143436
0.27,46.01605239890007,97.6480667817772,143.6641191806773
0.275,43.75085847349898,99.91326175106403,143.66412022456302
0.28,41.51359252033886,102.15052850634164,143.6641210266805
0.28500000000000003,39.30763209814822,104.35648937762845,143.66412147577665
0.29,37.13686804484705,106.52725342941068,143.66412147425774
0.295,35.00558829771482,108.65853265180994,143.66412094952477
0.3,32.91828792266988,110.74583195021346,143.66411987288333
0.305,30.87941573372023,112.78470255031428,143.66411828403452
0.31,28.893085107456443,114.77103120487217,143.66411631232862
0.315,26.96279435388923,116.7013198248761,143.66411417876532
0.32,25.091212246467848,118.57289991671412,143.66411216318198
0.325,23.28007895216197,120.38403158488198,143.66411053704394
0.33,21.530249311442653,122.13386017636614,143.6641094878088
0.335,19.84187118495602,123.82223788848202,143.66410907343806
0.34,18.21465978655635,125.44944944278977,143.6641092293461
0.34500000000000003,16.64821130725805,127.01589851052462,143.66410981778267
0.35000000000000003,15.14229927185996,128.5218114174043,143.66411068926428
0.355,13.697110259320796,129.9670014695119,143.6641117288327
0.36,12.313393884246178,131.35071899151797,143.66411287576415
0.365,10.99251914510748,132.6715949737722,143.66411411887967
0.37,9.73644308728211,133.92767238813687,143.66411547541898
0.375,8.547608749001578,135.1165082133907,143.66411696239226
0.38,7.428798783221525,136.23531978598714,143.66411856920868
0.385,6.382979038393032,137.28114120137715,143.66412023977017
0.39,5.413170890723741,138.2509509784648,143.66412186918853
0.395,4.52238918268664,139.14173413140549,143.66412331409214
0.4,3.713671813872997,139.95045259548962,143.6641244093626
0.405,2.9902075744589447,140.67391740880754,143.66412498326648
0.41000000000000003,2.3555442283759245,141.3085806403433,143.66412486871923
0.41500000000000004,1.8138345427663465,141.85028937333857,143.66412391610493
0.42,1.3700587760217087,142.29406324063063,143.66412201665236
0.425,1.0301510853772928,142.63396805839997,143.66411914377727
0.43,0.800956563121115,142.86315885301406,143.66411541613516
0.435,0.6899586118935619,142.97415256606752,143.66411117796108
0.44,0.7047482143499038,142.95935884838593,143.66410706273584
0.445,0.8522604534750771,142.81184349499816,143.66410394847324
0.45,1.1378741438002593,142.52622855367056,143.6641026974708
0.455,1.5645395903028674,142.0995641350623,143.66410372536518
0.46,2.132138575081614,141.5319681237541,143.66410669883572
0.465,2.837260474931996,140.82685019201077,143.66411066694278
0.47000000000000003,3.673487106637719,139.990627444978,143.6641145516157
0.47500000000000003,4.632140717841841,139.0319768820396,143.66411759988145
0.48,5.703323485248716,137.96079603946615,143.66411952471486
0.485,6.8770212341815515,136.78709915657055,143.6641203907521
0.49,8.144073445088582,135.52004699078674,143.66412043587533
0.495,9.49689108493735,134.1672288585475,143.66411994348485
0.5,10.92988305673953,132.73423612231576,143.6641191790553
0.505,12.43960001467567,131.22451834756507,143.66411836224074
0.51,14.024617901297434,129.6394997411113,143.66411764240874
0.515,15.685177665546266,127.97893939001322,143.6641170555595
0.52,17.422592986675454,126.24152347911864,143.6641164657941
0.525,19.238453777167948,124.42566176635512,143.66411554352305
0.53,21.133700580383056,122.53041329617658,143.66411387655964
0.535,23.10771502609507,120.55639623033244,143.6641112564275
0.54,25.157627675567362,118.50648030517533,143.6641079807427
0.545,27.278035033586654,116.38606982632703,143.6641048599137
0.55,29.461216503492853,114.2028863144495,143.66410281794236
0.555,31.697787358499525,111.96631503489331,143.66410239339285
0.56,33.97759895555961,109.68650458266512,143.66410353822474
0.5650000000000001,36.29066446489246,107.37344131443632,143.6641057793288
0.5700000000000001,38.62794222014803,105.03616629344032,143.66410851358836
0.5750000000000001,40.9818969607617,102.68221426055294,143.66411122131464
0.58,43.34683178239602,100.3172817604671,143.6641135428631
0.585,45.7190202895941,97.94509497624466,143.66411526583875
0.59,48.09667408915836,95.5674421935381,143.66411628269645
0.595,50.47976975081106,93.18434680230955,143.6641165531206
0.6,52.86974545264066,90.79437062942671,143.66411608206738
0.605,55.26907107620893,88.39504383730016,143.66411491350908
0.61,57.68070348682188,85.98340965142515,143.66411313824705
0.615,60.107463394526604,83.55664751859806,143.66411091312466
0.62,62.551405593661265,81.11270288569,143.66410847935126
0.625,65.01328413817001,78.65082201377646,143.66410615194647
0.63,67.49221651035654,76.1718877448456,143.66410425520215
0.635,69.98561355413449,73.67848946586793,143.66410302000241
0.64,72.4893748931051,71.17472761197793,143.664102505083
0.645,74.99828265338557,68.66581994310778,143.66410259649336
0.65,77.50648914054253,66.15761393896784,143.66410307951037
0.655,80.00799632841506,63.656107402074056,143.6641037304891
0.66,82.49705463364548,61.16704974745758,143.66410438110307
0.665,84.96844537689086,58.69565956388283,143.66410494077368
0.67,87.41764089899031,56.24646448908037,143.66410538807068
0.675,89.84085372302276,53.823252024440215,143.66410574746297
0.68,92.23499367756264,51.42911238518016,143.6641060627428
0.685,94.5975541686443,49.06655220428952,143.66410637293382
0.6900000000000001,96.92644968115175,46.73765701331486,143.66410669446662
0.6950000000000001,99.21982789482033,44.44427911868161,143.66410701350193
0.7000000000000001,101.47588116314135,42.188226127952404,143.66410729109376
0.705,103.69268177723146,39.971425702251466,143.66410747948294
0.71,105.86806159324215,37.79604594888293,143.66410754212507
0.715,107.99954874040472,35.664558727375464,143.66410746778018
0.72,110.08436376567062,33.579743507064634,143.66410727273524
0.725,112.11946765407075,31.54463933824674,143.6641069923175
0.73,114.10164751247225,29.56245915539207,143.66410666786433
0.735,116.02762361087537,27.636482724613955,143.66410633548932
0.74,117.8941633571755,25.76994266269686,143.66410601987235
0.745,119.6981918890613,23.96591384395998,143.6641057330213
0.75,121.43689343040529,22.227212045902892,143.66410547630818
0.755,123.10780108718313,20.556304156836912,143.66410524402005
0.76,124.7088747853033,18.95523024204209,143.66410502734539
0.765,126.2385675330321,17.42553728543156,143.66410481846367
0.77,127.69587930303913,15.968225311818156,143.66410461485728
0.775,129.08039578312105,14.58370864089522,143.66410442401627
0.78,130.39230624551433,13.271798022650547,143.6641042681649
0.785,131.63239116679503,12.031713020505054,143.6641041873001
0.79,132.80196674757076,10.862137489140398,143.66410423671115
0.795,133.9027716825622,9.761332790887236,143.6641044734494
0.8,134.9367839709651,8.727320957315971,143.6641049282811
0.805,135.9059652847469,7.7581402850490395,143.66410556979596
0.81,136.8119490778651,6.852157206034622,143.66410628389974
0.8150000000000001,137.65571328996782,6.0083936085931295,143.66410689856096
0.8200000000000001,138.4372994527209,5.226807805725934,143.66410725844685
0.8250000000000001,139.1556435744393,4.508463731281773,143.66410730572107
0.8300000000000001,139.8085620342905,3.8555450705903813,143.66410710488088
0.835,140.39289412171738,3.2712126727323607,143.66410679444974
0.84,140.9047612471554,2.7593452626461517,143.66410650980154
0.845,141.3398804345356,2.324225897603982,143.66410633213957
0.85,141.69387242785305,1.9702338535769273,143.66410628142998
0.855,141.9625244102093,1.7015819263381238,143.66410633654743
0.86,142.14199079945388,1.5221156602595174,143.6641064597134
0.865,142.22893357231513,1.4351730408468855,143.664106613162
0.87,142.22061321621425,1.4434935504665778,143.66410676668082
0.875,142.11494413220814,1.54916276702482,143.66410689923296
0.88,141.91052683505725,1.7535801630457553,143.66410699810302
0.885,141.60666586633357,2.057441191490096,143.66410705782366
0.89,141.20337823092666,2.46072884913136,143.66410708005802
0.895,140.7013928633308,2.9627142115616585,143.66410707489246
0.9,140.1021371798051,3.5619698835032683,143.6641070633084
0.905,139.40770221027836,4.256404869171208,143.66410707944956
0.91,138.6207735936017,5.0433335757390765,143.66410716934078
0.915,137.74451325294837,5.919594127791116,143.6641073807395
0.92,136.78237851367854,6.881729226290977,143.66410773996952
0.925,135.73787530850493,7.926232912413701,143.66410822091862
0.93,134.61426218266377,9.049846545702405,143.66410872836616
0.935,133.414249039823,10.249860085159556,143.66410912498256
0.9400000000000001,132.13975747417527,11.52435182900091,143.6641093031762
0.9450000000000001,130.79181142399335,12.872297827268488,143.66410925126183
0.9500000000000001,129.37059800568073,14.293511047592421,143.66410905327317
0.9550000000000001,127.8756880616817,15.78842076147722,143.66410882315893
0.96,126.30635961630874,17.3577490187185,143.66410863502725
0.965,124.66194763460048,19.002160864921898,143.66410849952237
0.97,122.94215370162752,20.721954681900684,143.6641083835282
0.975,121.14727591945993,22.516832323045797,143.66410824250573
0.98,119.27834587624743,24.3857621668682,143.66410804311562
0.985,117.33717688850635,26.326930882900214,143.66410777140658
0.99,115.32633527524952,28.337772155802384,143.6641074310519
0.995,113.24904797661564,30.415059060464042,143.66410703707967
1.0,111.10905960299327,32.55504700586573,143.66410660885902
1.0050000000000001,108.910452769499,34.75365339538483,143.66410616488383
1.01,106.65744825083364,37.006657470418396,143.66410572125204
1.0150000000000001,104.35420533624554,39.3098999582721,143.66410529451764
1.02,102.0046458552774,41.65945905196155,143.66410490723894
1.025,99.61232541948172,44.051779172622005,143.66410459210374
1.03,97.18037097942322,46.483733410797555,143.66410439022076
1.035,94.71149502682826,48.95260931524557,143.6641043420738
1.04,92.2080857348203,51.45601873923627,143.66410447405656
1.045,89.67236205318798,53.99174273289802,143.664104786086
1.05,87.10657579154372,56.557529453252776,143.6641052447965
1.055,84.51323991086554,59.15086587268043,143.66410578354595
1.06,81.8953626149976,61.768743692726304,143.6641063077239
1.065,79.25666817081834,64.40743853256677,143.66410670338513
1.07,76.60178519655238,67.06232165238164,143.664106848934
1.075,73.93637950626781,69.72772712577313,143.66410663204095
1.08,71.26720083051468,72.39690514448952,143.6641059750042
1.085,68.60200248677252,75.06210238173634,143.66410486850884
1.09,65.94928588180261,77.71481752233272,143.66410340413535
1.095,63.31782850878068,80.3462732757693,143.66410178454998
1.1,60.71598961705293,82.94811067615902,143.66410029321196
1.105,58.15086115610825,85.51323807883281,143.66409923494106
1.11,55.62742832750108,88.03667055651829,143.66409888401938
1.115,53.147973433073986,90.51612601080456,143.66409944387854
1.12,50.71193391372531,92.95216706270642,143.66410097643174
1.125,48.31629139814948,95.34781191574145,143.66410331389093
1.1300000000000001,45.956388730915954,97.70771732188692,143.66410605280288
1.135,43.62695185754591,100.03715681696042,143.66410867450634
1.1400000000000001,41.32308794190024,102.34102276495497,143.6641107068552
1.145,39.04111010503517,104.62300171908666,143.66411182412185
1.1500000000000001,36.77913449688034,106.88497736776296,143.6641118646433
1.155,34.53745901101106,109.12665179848386,143.66411080949493
1.16,32.31875386297443,111.34535490670868,143.6641087696831
1.165,30.128083854496282,113.53602214766727,143.66410600216355
1.17,27.97275727756812,115.69134566276142,143.66410294032954
1.175,25.86197307367236,117.8021271149345,143.66410018860688
1.18,23.806232308063365,119.85786610237741,143.66409841044077
1.185,21.816508849960726,121.84758923207013,143.66409808203088
1.19,19.903245815387265,123.76085340493742,143.6640992203247
1.195,18.07534169837208,125.5887596179086,143.66410131628066
1.2,16.33936047698009,127.32474311988449,143.66410359686458
1.205,14.69917947195356,128.96492594998657,143.66410542194012
1.21,13.156159720872443,130.50794676901518,143.66410648988762
1.215,11.709747867427849,131.95435890169625,143.6641067691241
1.22,10.358293940355926,133.30581239627864,143.66410633663457
1.225,9.09984934958137,134.56425593980612,143.6641052893875
1.23,7.9327732136063585,135.7313305292284,143.66410374283475
1.235,6.856066748844167,136.80803510765023,143.6641018564944
1.24,5.869432996409371,137.7946668472202,143.66409984362957
1.245,4.973110419709031,138.6909875374521,143.66409795716112
1.25,4.167559257989305,139.4965372021459,143.6640964601352
1.2550000000000001,3.4530958268539873,140.21099976108965,143.66409558794365
1.26,2.829573093125261,140.8345224112178,143.66409550434304
1.2650000000000001,2.296192503126755,141.3679037523329,143.66409625545964
1.27,1.8515011905339707,141.81259654514287,143.66409773567685
1.2750000000000001,1.4935866649538845,142.1705130188858,143.66409968383968
1.28,1.2204404233466475,142.44366129368478,143.66410171703143
1.285,1.0304343758287164,142.63366901457505,143.66410339040377
1.29,0.9228432730830198,142.74126099152278,143.6641042646058
1.295,0.898346304495445,142.76575767149296,143.6641039759884
1.3,0.9594395206861969,142.70466280720314,143.66410232788934
1.305,1.1106759830576127,142.5534234433099,143.6640994263675
1.31,1.3586188625583389,142.30547696424986,143.6640958268082
1.315,1.7113595191379787,141.95273299125654,143.6640925103945
1.32,2.177466415774713,141.48662400038467,143.66409041615938
1.325,2.7643695070750915,140.8997201471884,143.66408965426348
1.33,3.476487286636167,140.1876020927406,143.66408937937678
1.335,4.313735386606928,139.35035354522296,143.6640889318299
1.34,5.271093900925284,138.39299485192166,143.66408875284694
1.345,6.339466571323095,137.3246230640166,143.6640896353397
1.35,7.50742934577408,136.1566622671275,143.6640916129016
1.355,8.763154059676062,134.9009399213591,143.66409398103517
1.36,10.095955087183436,133.5681408675494,143.66409595473283
1.365,11.497264210013434,132.16683285818192,143.66409706819536
1.37,12.961098139722731,130.70299905393603,143.66409719365876
1.375,14.48416831293368,129.17992811088763,143.66409642382132
1.3800000000000001,16.06575672904163,127.59833825140049,143.66409498044212
1.385,17.707419390416664,125.95667378301356,143.66409317343022
1.3900000000000001,19.412523114388215,124.25156824971361,143.66409136410184
1.395,21.185593063240617,122.47849680814728,143.6640898713879
1.4000000000000001,23.031462277748975,120.63262653440515,143.66408881215412
1.405,24.954280104603008,118.70980789320014,143.66408799780314
1.41,26.956538820344324,116.70754826328633,143.66408708363065
1.415,29.03835879462963,114.62572715046775,143.66408594509738
1.42,31.197251250315258,112.46683363884176,143.664084889157
1.425,33.42842509007708,110.23565932414914,143.6640844142262
1.43,35.725498949574906,107.93858583960895,143.66408478918385
1.435,38.081351926040604,105.58273396346647,143.66408588950708
1.44,40.488858649419456,103.17522869271369,143.66408734213314
1.445,42.941361328053254,100.7227274165245,143.66408874457775
1.45,45.43284893453777,98.23124085847586,143.66408979301363
1.455,47.957891996313805,95.70619831825542,143.66409031456922
1.46,50.51141685329661,93.15267340843461,143.66409026173122
1.465,53.08841197859994,90.57567772836575,143.66408970696568
1.47,55.68365414903427,87.98043468737703,143.66408883641128
1.475,58.29152755695145,85.37256036259348,143.66408791954493
1.48,60.90598340599081,82.75810383511774,143.66408724110855
1.485,63.52065291133449,80.14343410236623,143.6640870137007
1.49,66.12909084064168,77.53499647253832,143.66408731318
1.495,68.72510067234698,74.9389873962987,143.6640880686457
1.5,71.30308325750718,72.36100584632061,143.6640891038278
1.5050000000000001,73.85835769233599,69.80573250770831,143.6640902000443
1.51,76.3874185709077,67.27667257969675,143.66409115060446
1.5150000000000001,78.888109107781,64.77598268558248,143.66409179336347
1.52,81.35969897975312,62.30439304426694,143.66409202402005
1.5250000000000001,83.80285776923999,59.86123402937148,143.66409179861148
1.53,86.21951206230057,57.444579068498456,143.66409113079902
1.5350000000000001,88.61257176182232,55.0515183218352,143.66409008365753
1.54,90.98551596976696,52.67857278345194,143.6640887532189
1.545,93.34184772185218,50.32223952494437,143.66408724679656
1.55,95.68446246459696,47.97962320506909,143.66408566966606
1.555,98.01501957630185,45.64906455613206,143.6640841324339
1.56,100.33343836385082,43.330644402789716,143.66408276664055
1.565,102.63763399389879,41.026447719722924,143.66408171362173
1.57,104.92355414033914,38.74052693396561,143.66408107430476
1.575,107.18549347423618,36.47858738405261,143.6640808582888
1.58,109.41659114436055,34.24748983513072,143.66408097949127
1.585,111.6093882405427,32.05469305962444,143.66408130016714
1.59,113.75634051684476,29.907741169425094,143.66408168626987
1.595,115.85022494284715,27.81385709898521,143.66408204183236
1.6,117.8844219434605,25.7796603726768,143.6640823161373
1.605,119.85308436652645,23.810998127766652,143.6640824942931
1.61,121.75121737039431,21.91286521298075,143.66408258337506
1.615,123.5746951171545,20.08938748376334,143.66408260091785
1.62,125.32023598102514,18.343846586535385,143.6640825675605
1.625,126.98535198929407,16.678730513841206,143.6640825031353
1.6300000000000001,128.56828258568225,15.095799839174898,143.66408242485716
1.635,130.06791840298456,13.59616394351676,143.66408234650132
1.6400000000000001,131.483717718566,12.180364559328353,143.66408227789435
1.645,132.8156165350498,10.8484656894057,143.6640822244555
1.6500000000000001,134.0639326083232,9.600149578544144,143.66408218686735
1.655,135.22926406502876,8.434818096149815,143.66408216117858
1.6600000000000001,136.3123843232673,7.351697816467381,143.6640821397347
1.665,137.31413659578072,6.3499455174257395,143.66408211320646
1.67,138.23533294733383,5.4287491262828445,143.66408207361667
1.675,139.07666422803348,4.587417789691088,143.66408201772458
1.68,139.8386277202348,3.825454229446092,143.66408194968088
1.685,140.52147864844912,3.1426032333630554,143.66408188181217
1.69,141.12520971646137,2.5388721164479238,143.6640818329093
1.695,141.64955982369122,2.0145220006188644,143.66408182431007
1.7,142.09404965803338,1.5700322168872909,143.66408187492067
1.705,142.45803868258398,1.2060433140854514,143.66408199666944
1.71,142.74079574411553,0.9232864474630844,143.66408219157861
1.715,142.9415744657985,0.7225079851438889,143.6640824509424
1.72,143.05968474989464,0.6043980065171043,143.66408275641174
1.725,143.09455286485252,0.5695302175720138,143.66408308242453
1.73,143.0457643821834,0.6183190172136939,143.6640833993971
1.735,142.9130863522072,0.7509973250664175,143.6640836772736
1.74,142.69646735679603,0.9676165323733876,143.66408388916943
1.745,142.39601633968434,1.2680676751646722,143.664084014849
1.75,142.01196331524972,1.652120728388791,143.6640840436385
1.7550000000000001,141.5446070823035,2.1194768939179314,143.6640839762214
1.76,140.994256721887,2.669827102882948,143.66408382476996
1.7650000000000001,140.3611746604463,3.3029089506791025,143.6640836111254
1.77,139.64552915239972,4.018554210815783,143.6640833632155
1.7750000000000001,138.84736302056956,4.816720089855143,143.6640831104247
1.78,137.9665834689188,5.697499410047609,143.6640828789664
1.7850000000000001,137.0029751078181,6.6611075804661315,143.66408268828422
1.79,135.95623556636565,7.707846982776481,143.66408254914214
1.795,134.82603079301705,8.838051670477503,143.66408246349457
1.8,133.612065782806,10.052016642936131,143.66408242574215
1.805,132.3141661510125,11.349916273705798,143.6640824247183
1.81,130.93236654955476,12.731715896213002,143.66408244576775
1.815,129.46700305131682,14.197079421187889,143.6640824725047
1.82,127.91880789106878,15.745274597047066,143.66408248811584
1.825,126.28900593559194,17.375076540788164,143.66408247638012
1.83,124.579412560923,19.084669861938764,143.66408242286178
1.835,122.79253180399306,20.871550513042614,143.66408231703568
1.84,120.93165116959592,22.732430986753982,143.6640821563499
1.845,119.00092458222625,24.66315737078439,143.66408195301062
1.85,117.00542690817501,26.65865483425067,143.66408174242568
1.855,114.95115201370116,28.712929573105328,143.6640815868065
1.86,112.84491322399424,30.81916833389336,143.66408155788758
1.865,110.69409645893526,32.9699852189399,143.66408167787517
1.87,108.50622489002296,35.15785693441828,143.66408182444124
1.875,106.28833601222925,37.375745672308206,143.66408168453745
1.8800000000000001,104.0462533453383,39.61782755221204,143.66408089755035
1.885,101.78392797887295,41.88015140132763,143.66407938020058
1.8900000000000001,99.50306447549292,44.16101304760031,143.66407752309323
1.895,97.20317471480979,46.460901258539764,143.66407597334955
1.9000000000000001,94.88204411724595,48.78203107946142,143.66407519670736
1.905,92.53644815858414,51.12762709444297,143.6640752530271
1.9100000000000001,90.16291069874605,53.501165200660566,143.6640758994066
1.915,87.7583490450328,55.905727764721576,143.66407680975436
1.92,85.32054069465667,58.343537025991616,143.6640777206483
1.925,82.84841679745519,60.81566167416559,143.66407847162077
1.93,80.34221948343055,63.321859504586335,143.66407898801688
1.935,77.8035630346008,65.86051621702022,143.66407925162102
1.94,75.2354272284513,68.42865205094293,143.66407927939423
1.945,72.64209554772852,71.02198356606216,143.66407911379068
1.95,70.02903670564214,73.63504211527427,143.66407882091642
1.955,67.40271788684319,76.26136060308934,143.66407848993254
1.96,64.77033495208931,78.89374327388279,143.6640782259721
1.965,62.13945214178472,81.52462598934676,143.66407813113148
1.97,59.51756463206803,84.14651364477483,143.66407827684287
1.975,56.911630425579894,86.75244825705923,143.66407868263911
1.98,54.32765332360884,89.33642599281853,143.66407931642738
1.985,51.770416850966086,91.89366325949598,143.66408011046207
1.99,49.24345131340983,94.42062965380285,143.66408096721267
1.995,46.749260646850516,96.91482109690054,143.66408174375107
2.0,44.28976420204866,99.37431803677813,143.66408223882678
2.005,41.86685345808175,101.79722875634545,143.6640822144272
2.0100000000000002,39.482944115581816,104.18113734107807,143.6640814566599
2.015,37.14141521559398,106.52266464344413,143.6640798590381
2.02,34.84684986188934,108.81722764990116,143.66407751179048
2.025,32.605011948931676,111.05906282970696,143.66407477863862
2.0300000000000002,30.42251103337803,113.24156128028652,143.66407231366455
2.035,28.30614056478509,115.3579303730571,143.66407093784218
2.04,26.26194611851719,117.40212521845527,143.66407133697246
2.045,24.294194562937747,119.36987914716772,143.66407371010547
2.05,22.404529219092534,121.25954842047746,143.66407763957
2.055,20.591621182191282,123.07246112478495,143.66408230697624
2.06,18.851496594801088,124.81259025464237,143.66408684944346
2.065,17.1784790544622,126.48561153078032,143.66409058524252
2.07,15.566482120112045,128.09761094466108,143.66409306477314
2.075,14.01033621856455,129.65375782291045,143.664094041475
2.08,12.506925687473977,131.15716773831096,143.66409342578493
2.085,11.05604573463328,132.60804551603,143.66409125066326
2.09,9.660978378844838,134.00310930587173,143.66408768471658
2.095,8.328800533926733,135.33528259478496,143.6640831287117
2.1,7.070385979458623,136.59369239996664,143.66407837942526
2.105,5.899972164181526,137.76410252667853,143.66407469086005
2.11,4.834078892716439,138.82999444077961,143.66407333349605
2.115,3.8895802801767108,139.77449410037673,143.66407438055344
2.12,3.0809740390955174,140.5831016432495,143.66407568234501
2.125,2.4174036600026074,141.24667058451266,143.66407424451526
2.13,1.9004927414587045,141.76357693648,143.6640696779387
2.1350000000000002,1.523995088914223,142.14006995742275,143.664065046337
2.14,1.2754424584128414,142.3886211117563,143.66406357016913
2.145,1.1389953647521274,142.525070540437,143.66406590518915
2.15,1.0983691683989656,142.56570148097506,143.66407064937403
2.1550000000000002,1.1390852107289577,142.52499081475528,143.66407602548423
2.16,1.2498603570888371,142.41422042916446,143.6640807862533
2.165,1.4232916767911659,142.24079259859792,143.6640842753891
2.17,1.656070771941889,142.00801542582508,143.66408619776698
2.1750000000000003,1.9488951488247401,141.7151912799186,143.66408642874333
2.18,2.3061378345481565,141.35794710665448,143.66408494120265
2.185,2.735245052215521,140.92883677042835,143.66408182264388
2.19,3.2457858505324912,140.41829147656446,143.66407732709695
2.195,3.848109810246439,139.81596211405991,143.66407192430634
2.2,4.551705151697683,139.11236119898655,143.66406635068424
2.205,5.363559989838658,138.30050162970068,143.66406161953932
2.21,6.286985926165426,137.37707286703255,143.66405879319797
2.215,7.321300140925639,136.34275830389544,143.66405844482108
2.22,8.462450725080695,135.20160951308972,143.6640602381704
2.225,9.70430104641359,133.9597620531922,143.6640630996058
2.23,11.040102562250834,132.62396325842957,143.6640658206804
2.235,12.463742895695852,131.20032467840517,143.664067574101
2.24,13.97053610761883,129.69353198689294,143.66406809451178
2.245,15.557486882399036,128.10658071472614,143.66406759712518
2.25,17.223061621187526,126.4410049461349,143.66406656732244
2.255,18.966563090597667,124.69750241694116,143.66406550753882
2.2600000000000002,20.787268234203786,122.87679649959065,143.66406473379445
2.265,22.68355186263759,120.98051245912006,143.66406432175765
2.27,24.65223990042776,119.01182429971783,143.6640642001456
2.275,26.688369649347067,116.97569461484832,143.6640642641954
2.2800000000000002,28.785391513730495,114.87867290007526,143.66406441380576
2.285,30.93570151101718,112.7283630332204,143.6640645442376
2.29,33.13132342317341,110.53274112277103,143.66406454594443
2.295,35.36457938721343,108.29948493092816,143.66406431814158
2.3000000000000003,37.62865659766325,106.03540717887742,143.66406377654067
2.305,39.91804516335476,103.74601768751869,143.66406285087345
2.31,42.22886176009405,101.43519972385292,143.66406148394697
2.315,44.5590832197965,99.10497642937128,143.66405964916777
2.32,46.90870073454337,96.75535666981912,143.6640574043625
2.325,49.279775185940615,94.38427980718123,143.66405499312185
2.33,51.67633142475876,91.98772153967438,143.66405296443315
2.335,54.10398346308411,89.56006870890839,143.6640521719925
2.34,56.569161619272066,87.09489177680834,143.66405339608042
2.345,59.0778725908172,84.58618394262486,143.66405653344205
2.35,61.63411932190528,82.02994078339319,143.66406010529846
2.355,64.2383980071496,79.4256641862789,143.6640621934285
2.36,66.88685694762474,76.7772052306494,143.66406217827415
2.365,69.57150056058596,74.09256049381555,143.66406105440151
2.37,72.28131781852937,71.3827422827549,143.6640601012843
2.375,75.00381055386273,68.66024930322837,143.6640598570911
2.38,77.72637980694657,65.93768038634002,143.6640601932866
2.3850000000000002,80.43728749325255,63.22677328880924,143.6640607820618
2.39,83.1261752658902,60.53788610629155,143.66406137218175
2.395,85.78425514033836,57.87980669842639,143.66406183876475
2.4,88.40430489130654,55.25975725250663,143.66406214381317
2.4050000000000002,90.9805689420229,52.683493349940505,143.6640622919634
2.41,93.50862580222015,50.15543650203418,143.66406230425434
2.415,95.98525235672574,47.67880985121208,143.66406220793783
2.42,98.40829510588048,45.255766930460716,143.6640620363412
2.4250000000000003,100.7765458483697,42.88751598594209,143.66406183431178
2.43,103.08961128507852,40.57445038044869,143.6640616655272
2.435,105.34776110185724,38.316300514324965,143.6640616161822
2.44,107.55173765015519,36.11232413587433,143.66406178602952
2.445,109.7025146227108,33.9615476342799,143.6640622569907
2.45,111.80100523260725,31.863057807720907,143.66406304032816
2.455,113.84774355376376,29.816320475910867,143.66406402967462
2.46,115.84259071551509,27.821474293229493,143.6640650087446
2.465,117.78453646511534,25.879529272225525,143.66406573734088
2.47,119.67165869738123,23.992407368128344,143.6640660655096
2.475,121.50126260579961,22.162803380087958,143.66406598588756
2.48,123.27016338654676,20.393902206317364,143.66406559286412
2.485,124.97503253198019,18.68903247171626,143.66406500369646
2.49,126.6127189480768,17.051345359780434,143.66406430785725
2.495,128.18047959561977,15.483583964382873,143.66406356000266
2.5,129.67609093756695,13.98797185662772,143.66406279419468
2.505,131.09784428271047,12.566217754146574,143.66406203685705
2.5100000000000002,132.44444791992566,11.219613390967638,143.66406131089332
2.515,133.71486815974134,9.949192474021054,143.6640606337624
2.52,134.9081440394201,8.755915975454652,143.66406001487476
2.525,136.02320910056568,7.640850355222363,143.66405945578805
2.5300000000000002,137.0587488716943,6.6053100817360955,143.66405895343038
2.535,138.01311433004852,5.650944174087837,143.66405850413636
2.54,138.8843003790122,4.779757726979551,143.66405810599173
2.545,139.66998640601267,3.9940713525882154,143.66405775860088
2.5500000000000003,140.36762616453456,3.296431296739675,143.66405746127424
2.555,140.97456879017042,2.689488421117972,143.6640572112884
2.56,141.48819229193407,2.1758647113075344,143.6640570032416
2.565,141.90603426379403,1.7580225657262443,143.66405682952026
2.57,142.22590988225798,1.4381467990821273,143.6640566813401
2.575,142.4460126340916,1.2180439157115712,143.66405654980318
2.58,142.56499746439204,1.0990589622890283,143.66405642668107
2.585,142.5820487076683,1.0820075972026362,143.66405630487094
2.59,142.49693633989838,1.1671198387091262,143.6640561786075
2.595,142.31006406360274,1.3539919799522373,143.66405604355498
2.6,142.02251180009432,1.6415440968069228,143.66405589690123
2.605,141.63607347794053,2.027982259630357,143.6640557375709
2.61,141.1532885857,2.5107669809644175,143.66405556666442
2.615,140.5774626978184,3.0865926903344327,143.66405538815283
2.62,139.9126679820286,3.7513872275795417,143.66405520960814
2.625,139.16370967483942,4.500345367329044,143.66405504216846
2.63,138.33603939789646,5.328015500149282,143.66405489804575
2.6350000000000002,137.43559285447674,6.228461928906302,143.66405478338305
2.64,136.46853134440917,7.1955233417729785,143.66405468618214
2.645,135.44087834044774,8.223176225287517,143.66405456573526
2.65,134.3580677238902,9.305986635427404,143.66405435931762
2.6550000000000002,133.2244571874794,10.439596833344183,143.66405402082358
2.66,132.04289651685173,11.621157062553813,143.66405357940553
2.665,130.8144548799208,12.849598288796548,143.66405316871734
2.67,129.53838633317292,14.125666648184708,143.66405298135763
2.6750000000000003,128.21235137615778,15.451701791797516,143.6640531679553
2.68,126.83284193389912,16.831211822943978,143.6640537568431
2.685,125.39571170524887,18.268342942878185,143.66405464812706
2.69,123.89670974198185,19.767345926195194,143.66405566817704
2.695,122.33194340874238,21.332113226346618,143.664056635089
2.7,120.69823575472634,22.96582164574252,143.66405740046886
2.705,118.99337389441271,24.67068396820023,143.66405786261294
2.71,117.21626223592119,26.447795726712023,143.66405796263322
2.715,115.36699878887508,28.297058887516293,143.66405767639137
2.72,113.44688909764275,30.217167912381637,143.66405701002438
2.725,111.45840518933187,32.20565081212865,143.66405600146052
2.73,109.40508972466739,34.25896500143968,143.66405472610705
2.735,107.29140085563989,36.37265244582213,143.66405330146202
2.74,105.12249332762428,38.54155855558682,143.6640518832111
2.745,102.90393788550362,40.76011276101211,143.66405064651573
2.75,100.64139442501804,43.022655327783845,143.66404975280187
2.755,98.34027201829406,45.323777294291745,143.6640493125858
2.7600000000000002,96.00542465459274,47.658624706370446,143.6640493609632
2.765,93.64093693758986,50.023112919232474,143.66404985682232
2.77,91.25004321923055,52.41400748315483,143.6640507023854
2.775,88.8351980847877,54.82885368424023,143.66405176902794
2.7800000000000002,86.39828481345268,57.26576810325275,143.66405291670543
2.785,83.9409230236813,59.72313097928321,143.66405400296452
2.79,81.46482423634134,62.1992306478264,143.66405488416774
2.795,78.97214377099463,64.69191164238951,143.66405541338415
2.8000000000000003,76.46578282253434,67.19827261671108,143.66405543924543
2.805,73.94959869099682,69.71445611940246,143.66405481039928
2.81,71.42848060897926,72.23557278172223,143.6640533907015
2.815,68.90824636028174,74.75580472947262,143.66405108975437
2.82,66.39532099395174,77.2687269180922,143.66404791204394
2.825,63.89618827563591,79.76785574936075,143.66404402499666
2.83,61.41666823589301,82.24737159386646,143.66403982975947
2.835,58.9611587048736,84.70287726784886,143.66403597272244
2.84,56.53204118546961,87.13199201906005,143.66403320452966
2.845,54.12943642712311,89.53459566031694,143.66403208744003
2.85,51.75138756842739,91.9126451692272,143.6640327376546
2.855,49.39440386109154,94.26963094757238,143.66403480866393
2.86,47.05420061893274,96.60983708341078,143.66403770234353
2.865,44.72646328315288,98.93757753469583,143.66404081784873
2.87,42.40752182350234,101.25652186806009,143.66404369156243
2.875,40.09489500631849,103.56915100828985,143.66404601460835
2.88,37.78771676038588,105.87633082456955,143.66404758495543
2.8850000000000002,35.48707988136693,108.17696836753309,143.66404824890003
2.89,33.196331301541576,110.46771656369616,143.66404786523773
2.895,30.9213350156854,112.74271130342177,143.66404631910717
2.9,28.67068521107158,114.99335841392946,143.66404362500103
2.9050000000000002,26.455800005874167,117.20824015677135,143.6640401626455
2.91,24.290754251581042,119.37328275037034,143.66403700195139
2.915,22.191636274211135,121.4723996994674,143.66403597367855
2.92,20.175203616159806,123.48883517795201,143.66403879411183
2.9250000000000003,18.25678636850281,125.4072587877923,143.66404515629512
2.93,16.4478196019276,127.21623225704737,143.66405185897497
2.935,14.75388744066354,128.91016783112718,143.66405527179072
2.94,13.174227993846017,130.48982663197594,143.66405462582196
2.945,11.702991717869434,131.96106003954478,143.6640517574142
2.95,10.331640717821237,133.3324078389017,143.66404855672295
2.955,9.05149302841966,134.61255270206786,143.66404573048752
2.96,7.855699585896106,135.80834361627947,143.66404320217558
2.965,6.74043466024809,136.92360614623612,143.66404080648422
2.97,5.7053889617754106,137.95864972923005,143.66403869100546
2.975,4.753720072419441,138.9103174088922,143.66403748131165
2.98,3.891549960986117,139.77248828711316,143.66403824809927
2.985,3.1270204232212286,140.53702165588118,143.66404207910242
2.99,2.4689076400871626,141.19514141383252,143.66404905391968
2.995,1.9249126217168064,141.7391444879812,143.664057109698
3.0,1.4999770097775245,142.16408533364006,143.66406234341758
3.005,1.195183079550974,142.46887854225758,143.66406162180857
3.0100000000000002,1.0077460691771383,142.6563091757219,143.66405524489903
3.015,0.9322021273503382,142.73184439906544,143.66404652641577
3.02,0.9623810469371087,142.70165798335694,143.66403903029405
3.025,1.0935028738983905,142.57053181220977,143.66403468610815
3.0300000000000002,1.3238500348361018,142.3401838688573,143.66403390369342
3.035,1.6557216978031926,142.00831481768478,143.66403651548796
3.04,2.0955324378970137,141.56850982017767,143.6640422580747
3.045,2.652917922202485,141.01113219343205,143.66405011563452
3.0500000000000003,3.3386893137963813,140.32536732509973,143.6640566388961
3.055,4.161678745547621,139.50237674340218,143.6640554889498
3.06,5.125115584572343,138.53892644641485,143.6640420309872
3.065,6.223905559821187,137.4401148071499,143.6640203669711
3.0700000000000003,7.444233177602943,136.21976846967368,143.66400164727662
3.075,8.765780258095681,134.89821338373844,143.6639936418341
3.08,10.165403383020747,133.49859245712491,143.66399584014567
3.085,11.620667131904987,132.04333637839738,143.66400351030236
3.09,13.112293939731554,130.55171853509665,143.6640124748282
3.095,14.625454592146616,129.03856593694425,143.66402052909086
3.1,16.15026443669042,127.5137624447964,143.66402688148682
3.105,17.6818881403763,125.98214320453258,143.6640313449089
3.11,19.220523784623957,124.44351006113703,143.664033845761
3.115,20.77138161849956,122.89265262034957,143.66403423884913
3.12,22.344626411085066,121.31940593043548,143.66403234152054
3.125,23.95509538088247,119.7089327377374,143.66402811861985
3.13,25.62142646554918,118.0425953380864,143.6640218036356
3.1350000000000002,27.364109491924214,116.29990403742553,143.66401352934975
3.14,29.202141069839772,114.4618617096732,143.66400277951297
3.145,31.14871124884666,112.51527850060992,143.6639897494566
3.15,33.207479615515105,110.45649855343163,143.66397816894673
3.1550000000000002,35.371395408477085,108.29257793451353,143.66397334299063
3.16,37.62474224977174,106.03923407447542,143.66397632424716
3.165,39.94713671041292,103.71684674249352,143.66398345290645
3.17,42.31749998791567,101.34649062618395,143.66399061409962
3.1750000000000003,44.71680826929419,98.94718745102531,143.66399572031952
3.18,47.1294914887813,96.53450694545951,143.6639984342408
3.185,49.54387789705746,94.12012128499798,143.66399918205545
3.19,51.95212015382309,91.71187838648763,143.66399854031073
3.1950000000000003,54.34989102635435,89.31410600898299,143.66399703533733
3.2,56.735985737682654,86.92800940707258,143.66399514475523
3.205,59.111864538705255,84.55212880498163,143.66399334368688
3.21,61.48111123425028,82.18288086710619,143.66399210135648
3.215,63.84876336800822,79.8152284061282,143.66399177413643
3.22,66.22048692556949,77.44350548615098,143.66399241172047
3.225,68.60162348792787,75.0623701258143,143.66399361374215
3.23,70.99621798535964,72.66777665276511,143.66399463812473
3.235,73.4062035303524,70.2577912705546,143.663994800907
3.24,75.83092722430916,67.83306666889098,143.66399389320014
3.245,78.26712430197261,65.39686796094293,143.66399226291554
3.25,80.70932003521207,62.95467049130382,143.6639905265159
3.255,83.15052860933581,60.513460589643884,143.6639891989797
3.2600000000000002,85.58307691990998,58.0809115838409,143.6639885037509
3.265,87.99940902571794,55.66457936803961,143.66398839375756
3.27,90.39278770797202,53.27120096589623,143.66398867386823
3.275,92.75786535996669,50.90612376727814,143.66398912724483
3.2800000000000002,95.09112675211219,48.572862864084996,143.66398961619717
3.285,97.39120617049156,46.27278400286611,143.66399017335766
3.29,99.65905278115814,44.0049383100944,143.66399109125254
3.295,101.8978659363176,41.76612699738624,143.66399293370384
3.3000000000000003,104.11266362514125,39.55133261737258,143.66399624251383
3.305,106.30933098063676,37.354669769562165,143.6640007501989
3.31,108.49310804272426,35.17089661842689,143.66400466115115
3.315,110.66677350955388,32.99723200285967,143.66400551241355
3.3200000000000003,112.82913372646115,30.834868915265805,143.66400264172697
3.325,114.974483791719,28.68951431077907,143.66399810249806
3.33,117.09326450346143,26.570730028858605,143.66399453232003
3.335,119.17351666724451,24.490476376942336,143.66399304418684
3.34,121.20246383855081,22.461529433086174,143.663993271637
3.345,123.16774323102035,20.49625116001434,143.6639943910347
3.35,125.0581449583613,18.60585080500467,143.66399576336596
3.355,126.86394369094252,16.800053360795072,143.6639970517376
3.36,128.5769721926706,15.087025934054118,143.66399812672472
3.365,130.1905644501949,13.473434510259263,143.66399896045417
3.37,131.6994525002926,11.964547061344222,143.66399956163684
3.375,133.09966481582893,10.564335128672099,143.66399994450103
3.38,134.38845113318524,9.275548982690212,143.66400011587547
3.3850000000000002,135.56424622467802,8.099753845060773,143.6640000697388
3.39,136.62667925667654,7.037320527487289,143.66399978416382
3.395,137.57663252682636,6.087366693357133,143.66399922018348
3.4,138.41635037818662,5.247647949834694,143.6639983280213
3.4050000000000002,139.1495919906179,4.5144050865775185,143.6639970771954
3.41,139.78180424136528,3.8821913033573505,143.66399554472264
3.415,140.3202530590673,3.3437410413819486,143.66399410044926
3.42,140.77398306133898,2.89001056829834,143.66399362963733
3.4250000000000003,141.1533812288254,2.5106141395880313,143.66399536841342
3.43,141.46906641888467,2.1949331530802483,143.66399957196492
3.435,141.72998194921286,1.934021661983506,143.66400361119636
3.44,141.94109517432986,1.7229081749019797,143.66400334923185
3.4450000000000003,142.10175838687087,1.562240028880393,143.66399841575125
3.45,142.2057638754806,1.4582290613334532,143.66399293681405
3.455,142.2430957807938,1.4208943879388087,143.6639901687326
3.46,142.2023329372894,1.4616571360269957,143.6639900733164
3.465,142.0726189942053,1.5913722122080343,143.66399120641333
3.47,141.84478476194096,1.8192076946300393,143.663992456571
3.475,141.5117588646396,2.1522344860753324,143.66399335071495
3.48,141.0685637839194,2.595430009808301,143.66399379372768
3.485,140.51213285609697,3.1518609753348086,143.66399383143178
3.49,139.84108083224365,3.82291270596393,143.6639935382076
3.495,139.0554861918894,4.6085067895513125,143.6639929814407
3.5,138.15670264961528,5.507289567601086,143.66399221721636
3.505,137.1471984196709,6.516792875181672,143.66399129485256
3.5100000000000002,136.03041438322336,7.633575878582359,143.6639902618057
3.515,134.81063024467386,8.853358921672779,143.66398916634665
3.52,133.49282811393394,10.171159943649139,143.66398805758308
3.525,132.08254445080584,11.581442532647928,143.66398698345378
3.5300000000000002,130.5857034537517,13.078282534311814,143.66398598806353
3.535,129.00842755250585,14.65555755745386,143.6639851099597
3.54,127.35682363689668,16.30716074494287,143.66398438183955
3.545,125.63674736761243,18.027236461815846,143.66398382942828
3.5500000000000003,123.85355340917765,19.810430055772624,143.66398346495026
3.555,122.01184833332718,21.65213494044546,143.66398327377263
3.56,120.11527613450556,23.54870706998384,143.6639832044894
3.565,118.16638107396639,25.497602108518464,143.66398318248486
3.5700000000000003,116.16660043100181,27.497382720952547,143.66398315195437
3.575,114.11642926135346,29.547553851049734,143.6639831124032
3.58,112.01576586516924,31.648217238680463,143.66398310384972
3.585,109.86440167164555,33.79958147258136,143.6639831442269
3.59,107.66258545488117,36.0013977191019,143.66398317398307
3.595,105.41158556119335,38.25239748689121,143.66398304808456
3.6,103.11419138591967,40.54979118018518,143.66398256610483
3.605,100.77511693943518,42.888864576772136,143.66398151620731
3.61,98.4012738186849,45.262705917497534,143.66397973618243
3.615,96.00185601008894,47.662121211788914,143.66397722187787
3.62,93.58812557340838,50.075848713017685,143.66397428642605
3.625,91.17272878942688,52.491242853999594,143.66397164342646
3.63,88.76836911917229,54.89560101866918,143.6639701378415
3.6350000000000002,86.38582198944644,57.27814811841444,143.66397010786088
3.64,84.03166250713669,59.63230866971547,143.66397117685216
3.645,81.70652176015881,61.957451312296996,143.6639730724558
3.65,79.4047386277604,64.25923752252999,143.66397615029038
3.6550000000000002,77.11565726854764,66.5483233014569,143.66398057000453
3.66,74.82596559081627,68.83802004420477,143.66398563502105
3.665,72.52211489988517,71.14187538503143,143.6639902849166
3.67,70.1921613943418,73.4718323833871,143.66399377772888
3.6750000000000003,67.82687845932105,75.83711737894437,143.6639958382654
3.68,65.42031010245998,78.24368635529692,143.6639964577569
3.685,62.97001557835977,80.69398009149381,143.6639956698536
3.69,60.477206740121204,83.18678667887279,143.66399341899398
3.6950000000000003,57.946899683445736,85.7170898400665,143.66398952351224
3.7,55.38812549114896,88.27585826080076,143.66398375194973
3.705,52.814164309303614,90.84981179727342,143.66397610657702
3.71,50.242657723306664,93.42130971590372,143.66396743921038
3.715,47.695296991415134,95.968663236753,143.66396022816815
3.72,45.19661316844858,98.46734518070237,143.66395834915096
3.725,42.7713825153814,100.89258147268609,143.66396398806748
3.73,40.44063290593678,103.22334047442953,143.66397338036631
3.735,38.217316423811376,105.44666256917272,143.66397899298408
3.74,36.103650937204236,107.56032724658421,143.66397818378846
3.745,34.09162522865281,109.57234971014967,143.66397493880248
3.75,32.16625695568233,111.49771630974315,143.66397326542548
3.755,30.309757404442525,113.35421635790773,143.66397376235025
3.7600000000000002,28.50496410421233,115.15901110060128,143.6639752048136
3.765,26.737463768460284,116.92651264826249,143.66397641672276
3.77,24.996608662715985,118.66736812033247,143.66397678304844
3.775,23.275851825715538,120.38812426067214,143.6639760863877
3.7800000000000002,21.572738282542787,122.09123600810548,143.66397429064827
3.785,19.888727995759673,123.7752434578628,143.66397145362248
3.79,18.228887165711335,125.43508060192113,143.66396776763247
3.795,16.601384992577522,127.0625786856618,143.66396367823933
3.8000000000000003,15.016680178947155,128.64727980016198,143.66395997910914
3.805,13.486302650386891,130.17765508154991,143.66395773193682
3.81,12.02126959284163,131.64268834644952,143.66395793929115
3.815,10.630413317587305,133.03354781380278,143.6639611313901
3.8200000000000003,9.319118699175904,134.3448484275778,143.6639671267537
3.825,8.088968660094862,135.57500637352652,143.66397503362137
3.83,6.938498312469134,136.72548511043172,143.66398342290086
3.835,5.864851247819322,137.7991393554702,143.66399060328953
3.84,4.865905552619026,138.79808928253544,143.66399483515448
3.845,3.9424835953051938,139.72151078389444,143.66399437919964
3.85,3.1004153927777836,140.56357236217502,143.6639877549528
3.855,2.3522402924220516,141.31173496915162,143.66397526157365
3.86,1.7179952066856805,141.9459668973301,143.66396210401578
3.865,1.2238090462380722,142.44014773800438,143.66395678424246
3.87,0.8965603744121776,142.76739368645588,143.66395406086806
3.875,0.7545835917525359,142.9093492404497,143.66393283220225
3.88,0.7990766523492714,142.86482536352742,143.6639020158767
3.8850000000000002,1.012930613560857,142.65096127187195,143.6638918854328
3.89,1.3676614072129452,142.29624135923217,143.66390276644512
3.895,1.8324019494483974,141.831516332283,143.6639182817314
3.9,2.379935119481319,141.28399449686444,143.66392961634577
3.9050000000000002,2.9891821756709884,140.67475367301788,143.66393584868885
3.91,3.645632124154435,140.01830632065156,143.663938444806
3.915,4.341048498093247,139.32289016954866,143.6639386676419
3.92,5.073154441599394,138.59078260902422,143.66393705062362
3.9250000000000003,5.8455596567954675,137.81837384825656,143.66393350505203
3.93,6.66794929830289,136.99597838006557,143.66392767836845
3.935,7.556348690680857,136.10757114494447,143.66391983562534
3.94,8.532959995556176,135.1309523388195,143.66391233437568
3.9450000000000003,9.624585123924138,134.03932387328763,143.66390899721176
3.95,10.85834600863349,132.80556069368686,143.66390670232033
3.955,12.254397156412514,131.40949303921747,143.66389019563
3.96,13.818407195114652,129.84545124996674,143.6638584450814
3.9650000000000003,15.539014770301767,128.1248232666212,143.66383803692298
3.97,17.392462119709272,126.2713805356061,143.66384265531536
3.975,19.35067377764726,124.3131868753018,143.66386065294904
3.98,21.387740749426,122.27613771970861,143.6638784691346
3.985,23.48301255264704,120.18087829813037,143.66389085077742
3.99,25.62164200838493,118.04225565824608,143.66389766663102
3.995,27.793888434415734,115.87001166152555,143.6639000959413
4.0,29.994002202712025,113.66989691391902,143.66389911663106
4.005,32.219047973993526,111.44484731593616,143.66389528992968
4.01,34.46778735484919,109.19610163868717,143.66388899353637
4.015,36.73967060385715,106.92421016028493,143.66388076414208
4.0200000000000005,39.0339942469423,104.62987732040979,143.6638715673521
4.025,41.3493032912444,102.31455952143395,143.66386281267836
4.03,43.68311112049003,99.9807449060005,143.66385602649052
4.035,46.03196198453449,97.63189035669645,143.66385234123095
4.04,48.391787831295204,95.2720642979175,143.6638521292127
4.045,50.75845057632636,92.90540441291174,143.6638549892381
4.05,53.12834132524309,90.53551868699873,143.66386001224183
4.055,55.49892956675749,88.16493653668498,143.66386610344247
4.0600000000000005,57.86919527579798,85.79467692714476,143.66387220294274
4.065,60.23990992763984,83.42396745419516,143.663877381835
4.07,62.613744912983236,81.05013595634334,143.6638808693266
4.075,64.99517768425798,78.66870438996135,143.66388207421932
4.08,67.39014743463562,76.27373320554076,143.6638806401764
4.085,69.80540224857398,73.858474297191,143.663876545765
4.09,72.24750574199729,71.41636448847193,143.66387023046923
4.095,74.72156007034195,68.94230261608176,143.66386268642373
4.1,77.22985247165002,66.43400292061575,143.66385539226576
4.105,79.77077805623254,63.89307187956136,143.6638499357939
4.11,82.33840914129726,61.32543821761628,143.66384735891353
4.115,84.92289141255665,58.740956241586936,143.66384765414358
4.12,87.51153082748442,56.15231905939537,143.6638498868798
4.125,90.09019728550044,53.57365554738484,143.66385283288528
4.13,92.64464895516349,51.0192066093706,143.6638555645341
4.135,95.1615318611865,48.50232578217742,143.66385764336394
4.14,97.62899443139526,46.03486457562168,143.66385900701692
4.1450000000000005,100.03697846625988,43.626881310695836,143.66385977695572
4.15,102.37729070840108,41.28656940972644,143.6638601181275
4.155,104.64355167342326,39.02030849844043,143.6638601718637
4.16,106.83109225383097,36.83276778391059,143.66386003774156
4.165,108.93684219231037,34.72701758582694,143.6638597781373
4.17,110.95923431801019,32.704625111824896,143.6638594298351
4.175,112.89813460867012,30.765724407642885,143.663859016313
4.18,114.75479856206785,28.909059997597154,143.66385855966502
4.1850000000000005,116.53184652104139,27.13201157252938,143.66385809357075
4.19,118.23324223250734,25.430615446644175,143.6638576791515
4.195,119.86424829716341,23.79960912608478,143.6638574232482
4.2,121.43131868708969,22.2325388042024,143.66385749129208
4.205,122.9418741953351,20.721983897558808,143.66385809289392
4.21,124.40389864484877,19.25996076094142,143.6638594057902
4.215,125.8253061469942,17.83855527741991,143.6638614244141
4.22,127.21308090156626,16.450782911399102,143.66386381296536
4.225,128.5722882689359,15.091577691319964,143.66386596025586
4.23,129.90517046691986,13.758696889099603,143.66386735601947
4.235,131.21059890298605,12.453269127022384,143.66386803000844
4.24,132.48408475599703,11.179783816318213,143.66386857231524
4.245,133.71835848962866,9.945511180939128,143.66386967056778
4.25,134.90432829957865,8.759543344396707,143.66387164397537
4.255,136.0321377353912,7.631736620820036,143.66387435621124
4.26,137.0920894880042,6.571787934360841,143.66387742236503
4.265,138.07531823699634,5.588562204394075,143.6638804413904
4.2700000000000005,138.97420067309878,4.689682442840747,143.6638831159395
4.275,139.78254867817515,3.8813365928079895,143.66388527098314
4.28,140.49564627894233,3.168240549086719,143.66388682802906
4.285,141.11018156801032,2.5537062067385277,143.66388777474884
4.29,141.62410792218222,2.0397802222592865,143.6638881444415
4.295,142.03645407736815,1.6274339275425107,143.66388800491066
4.3,142.34709412282808,1.3167933283520872,143.66388745118016
4.305,142.55648738329123,1.1073992135991921,143.66388659689042
4.3100000000000005,142.66540345346198,0.9984821089025055,143.66388556236447
4.315,142.6746560958203,0.9892283650534254,143.66388446087373
4.32,142.58487615312407,1.07900723311745,143.6638833862415
4.325,142.39635287898835,1.2675295251083973,143.66388240409674
4.33,142.1089630144109,1.5549185332402349,143.66388154765113
4.335,141.72219040110429,1.941690417256956,143.66388081836124
4.34,141.2352224776215,2.428657713754297,143.6638801913758
4.345,140.64709991381613,3.0167797104519454,143.66387962426808
4.3500000000000005,139.95689441761732,3.7069846485436475,143.66387906616097
4.355,139.1638957168645,4.4999827475546805,143.66387846441916
4.36,138.26779811361243,5.396079653883153,143.6638777674956
4.365,137.2688864024669,6.394990521644951,143.66387692411186
4.37,136.16822838764534,7.495647492549988,143.66387588019532
4.375,134.96788597929512,8.695988597369393,143.6638745766645
4.38,133.67115826749205,9.992714688012278,143.66387295550433
4.385,132.2828660292127,11.381004962995348,143.66387099220805
4.39,130.8096723818203,12.854196409554298,143.6638687913746
4.3950000000000005,129.26039758203518,14.403469207633801,143.663866789669
4.4,127.64621036819854,16.01765563884982,143.66386600704837
4.405,125.98045392971683,17.68341393180297,143.6638678615198
4.41,124.27773619814243,19.386136319221336,143.66387251736376
4.415,122.55196149163133,21.111914707803614,143.66387619943495
4.42,120.81348404154448,22.850388628040427,143.66387266958492
4.425,119.0664659403111,24.597395278571085,143.66386121888218
4.43,117.30793732905309,26.355911570821142,143.66384889987424
4.4350000000000005,115.52912477335262,28.134717086454447,143.66384185980706
4.44,113.71811461329028,29.945725747771657,143.66384036106194
4.445,111.86242572317501,31.801416075338917,143.66384179851391
4.45,109.95070775786667,33.71313625509272,143.66384401295937
4.455,107.97354679975348,35.69029920529836,143.66384600505182
4.46,105.9236866941792,37.74016080608041,143.6638475002596
4.465,103.795965661111,39.86788284884846,143.66384850995945
4.47,101.58715936703949,42.07668974616527,143.66384911320478
4.4750000000000005,99.2958295878474,44.36801979217178,143.66384938001917
4.48,96.92222390515781,46.741625447523276,143.6638493526811
4.485,94.4682468938924,49.195602148952574,143.66384904284496
4.49,91.93751460041969,51.726333827743446,143.66384842816313
4.495,89.33550315579609,54.32834428866944,143.66384744446555
4.5,86.66980292670631,56.99404305414189,143.6638459808482
4.505,83.95048433986943,59.7133595721224,143.66384391199182
4.51,81.19055650966325,62.473284758398044,143.6638412680613
4.515,78.40642687217726,65.25741186072375,143.663838732901
4.5200000000000005,75.6181030542287,68.04573541882493,143.66383847305363
4.525,72.84858722107768,70.8152566066242,143.6638438277019
4.53,70.12163936191682,73.54221467729015,143.66385403920697
4.535,67.45740863425394,76.20644850401327,143.6638571382672
4.54,64.86708141235323,78.79676039412327,143.6638418064765
4.545,62.349757765459486,81.3140613473943,143.6638191128538
4.55,59.89410936241822,83.76969776556479,143.663807127983
4.555,57.48361048849272,86.18019718821324,143.66380767670597
4.5600000000000005,55.10186501348106,88.56194820066156,143.66381321414264
4.565,52.7359011202028,90.92791713569642,143.66381825589923
4.57,50.377449465430566,93.2863715356611,143.66382100109166
4.575,48.02304553849336,95.6407758407887,143.66382137928207
4.58,45.67363775928591,97.99018199769213,143.66381975697806
4.585,43.33401984948641,100.32979676188667,143.66381661137308
4.59,41.01214604034076,102.65166664814265,143.6638126884834
4.595,38.71825205381368,104.94555723006594,143.66380928387963
4.6000000000000005,36.463670245327506,107.20013804549804,143.66380829082556
4.605,34.259300170579294,109.40451145773226,143.66381162831155
4.61,32.11388566119385,111.54993439175391,143.66382005294776
4.615,30.0324927106859,113.63133950318192,143.6638322138678
4.62,28.015701818334037,115.64814320524242,143.66384502357647
4.625,26.059852608004206,117.60400259443463,143.66385520243884
4.63,24.15826616672615,119.5055945377471,143.66386070447325
4.635,22.303019568048647,121.36084157320985,143.6638611412585
4.64,20.486790504191628,123.1770668303142,143.66385733450582
4.6450000000000005,18.704477232878837,124.95937329727772,143.66385053015657
4.65,16.95452605462971,126.70931566359864,143.66384171822835
4.655,15.240029663783016,128.42380166543177,143.6638313292148
4.66,13.569673237922421,130.09414622015328,143.6638194580757
4.665,11.958510810449031,131.70529598545772,143.66380679590677
4.67,10.428325984867989,133.23547044410407,143.66379642897206
4.675,9.006922588818622,134.6568726403444,143.66379522916301
4.68,7.725210303262175,135.93859886223407,143.66380916549625
4.6850000000000005,6.6110454560445575,137.05278343154197,143.66382888758653
4.69,5.680654414658567,137.98317555112627,143.66382996578483
4.695,4.931843774453988,138.7319649698342,143.6638087442882
4.7,4.343969691033034,139.3198199259075,143.66378961694053
4.705,3.8848099344331297,139.7789766743514,143.66378660878453
4.71,3.519388928820388,140.14440542959963,143.66379435842
4.715,3.2163184878601134,140.44748601678563,143.66380450464575
4.72,2.9507498224904394,140.71306328957064,143.6638131120611
4.7250000000000005,2.7051088136465378,140.95871061387138,143.66381942751792
4.73,2.4689297428116435,141.1948939683619,143.66382371117354
4.735,2.2385982544653955,141.42522788791092,143.6638261423763
4.74,2.0173916419179196,141.64643473646805,143.66382637838598
4.745,1.815965981826438,141.84785737390445,143.6638233557309
4.75,1.6532675822338994,142.0105479360342,143.66381551826808
4.755,1.5575583650124294,142.1062441602627,143.66380252527512
4.76,1.5666106895872782,142.09717854278693,143.6637892323742
4.765,1.725070493292689,141.93871505703655,143.66378555032924
4.7700000000000005,2.076451874466686,141.58733657959255,143.66378845405924
4.775,2.6499822232638026,141.0137941936831,143.66377641694692
4.78,3.4492852084836065,140.21447094103084,143.66375614951446
4.785,4.452118268606255,139.21163635890863,143.6637546275149
4.79,5.6210177186351125,138.0427518688442,143.6637695874793
4.795,6.915811930202818,136.74797306272356,143.66378499292637
4.8,8.301449980127817,135.36234356088775,143.66379354101556
4.805,9.750881471124572,133.9129140124195,143.66379548354405
4.8100000000000005,11.245195802298003,132.41859721325503,143.66379301555304
4.815,12.772780734445902,130.8910072305502,143.66378796499612
4.82,14.32833206051371,129.33544948644885,143.66378154696255
4.825,15.911957038513352,127.751817671927,143.66377471044035
4.83,17.528326498098544,126.13544201759815,143.6637685156967
4.835,19.185695474523207,124.47806879681782,143.66376427134102
4.84,20.894566823978323,122.76919628976611,143.66376311374444
4.845,22.665843675464302,120.99792128089601,143.6637649563603
4.8500000000000005,24.508564592901717,119.15520315920455,143.66376775210625
4.855,26.427703166952256,117.23606546322856,143.6637686301808
4.86,28.422787754087963,115.24097864559738,143.66376639968536
4.865,30.487926285853433,113.17583610583304,143.66376239168648
4.87,32.61321346077464,111.05054524696982,143.66375870774445
4.875,34.78691950285744,108.87683689909896,143.6637564019564
4.88,36.99773422046832,106.6660210441434,143.66375526461172
4.885,39.23661401612618,104.42714051184514,143.66375452797132
4.89,41.498117214275005,102.16563635734681,143.6637535716218
4.8950000000000005,43.78128076200536,99.88247177110837,143.66375253311372
4.9,46.09004715641202,97.57370587121056,143.6637530276226
4.905,48.43304412898378,95.23071422065121,143.66375834963497
4.91,50.822266925412386,92.84150384156038,143.66377076697276
4.915,53.27020958280272,90.39357565576688,143.6637852385696
4.92,55.785695629154176,87.87809392140129,143.66378955055546
4.925,58.3700039168498,85.29377512686389,143.6637790437137
4.93,61.015472655812445,82.64829084326516,143.66376349907762
4.9350000000000005,63.707293621539336,79.95645955394116,143.6637531754805
4.94,66.42703183722924,77.23671783514862,143.66374967237786
4.945,69.15587570760061,74.5078743165396,143.6637500241402
4.95,71.87665950856648,71.78709204092237,143.66375154948884
4.955,74.57473868621703,69.08901427594668,143.6637529621637
4.96,77.23816317935638,66.42559069072124,143.6637538700776
4.965,79.85753247931306,63.8062217630966,143.66375424240965
4.97,82.425759224497,61.23799491742682,143.66375414192382
4.9750000000000005,84.93785006381619,58.72590356312656,143.66375362694274
4.98,87.3907473825593,56.27300534105363,143.66375272361293
4.985,89.78324486238913,53.88050655764699,143.6637514200361
4.99,92.11597602398155,51.54777364272352,143.66374966670506
4.995,94.39146587970292,49.27228150765839,143.6637473873613
5.0,96.61422267412041,47.049521850636765,143.6637445247572
5.005,98.79082039514397,44.87292077767938,143.66374117282334
5.01,100.92987338076665,42.733864471211405,143.66373785197806
5.015,103.04172761056113,40.62200823295955,143.66373584352067
5.0200000000000005,105.13761425610002,38.52612277031437,143.6637370264144
5.025,107.22802807431069,36.4357142010374,143.66374227534808
5.03,109.32038292673101,34.34336621849568,143.6637491452267
5.035,111.41661912571149,32.24713383198183,143.6637529576933
5.04,113.51195774740457,30.15179423800369,143.66375198540825
5.045,115.5956422640187,28.068106684496335,143.66374894851504
5.05,117.65329816527446,26.010448677934495,143.66374684320897
5.055,119.66965364738597,23.99409271514258,143.66374636252854
5.0600000000000005,121.63056900857026,22.03317781399422,143.6637468225645
5.065,123.52407903224879,20.139668452498313,143.6637474847471
5.07,125.34067452185802,18.323073444712428,143.66374796657044
5.075,127.0731644190674,16.590583739150787,143.6637481582182
5.08,128.71637088487952,14.94737719267526,143.66374807755477
5.085,130.266794224055,13.396953560748786,143.66374778480377
5.09,131.72230528083784,11.941442066952192,143.66374734779004
5.095,133.08188097298728,10.581865858873531,143.6637468318608
5.1000000000000005,134.3453802005877,9.31836609803264,143.66374629862034
5.105,135.5133510462798,8.150394760102266,143.66374580638208
5.11,136.586859358579,7.076886051085628,143.66374540966464
5.115,137.56733025739106,6.0964148995016885,143.66374515689276
5.12,138.45639646244263,5.207348623833189,143.6637450862758
5.125,139.2557501641997,4.407995056194178,143.66374522039388
5.13,139.96699835223342,3.6967472084581443,143.66374556069155
5.135,140.59152508022808,3.072221003649096,143.6637460838772
5.14,141.13036792031,2.5333788225374567,143.66374674284745
5.1450000000000005,141.5841193360596,2.079628138366666,143.66374747442626
5.15,141.9528659320144,1.7108822820226437,143.66374821403704
5.155,142.2361782765201,1.4275706369288312,143.66374891344893
5.16,142.43316025369967,1.2305893003360442,143.66374955403572
5.165,142.54255973297387,1.1211904152176895,143.66375014819155
5.17,142.56293337979602,1.1008173474509817,143.663750727247
5.175,142.49285052074552,1.1709008012988413,143.66375132204436
5.18,142.3311168791201,1.332635066966361,143.66375194608645
5.1850000000000005,142.07699988095334,1.5867527071655958,143.66375258811894
5.19,141.73044204950637,1.93331116506864,143.663753214575
5.195,141.29225510695937,2.3714986709433625,143.66375377790274
5.2,140.76429171988892,2.899462507098108,143.66375422698704
5.205,140.1495917072268,3.5141628123593867,143.66375451958618
5.21,139.45249279600642,4.211261845585367,143.6637546415918
5.215,138.67868066672767,4.98507397401951,143.6637546407472
5.22,137.8351277509672,5.82862692453951,143.6637546755067
5.2250000000000005,136.92983742656537,6.733917620934307,143.66375504749968
5.23,135.97128362086485,7.692472503453075,143.66375612431793
5.235,134.96745092058907,8.696307130658777,143.66375805124784
5.24,133.92449237051224,9.739268032170944,143.66376040268318
5.245,132.8452575316558,10.818504814244875,143.66376234590066
5.25,131.7281999675543,11.935563562883154,143.66376353043745
5.255,130.5672005884028,13.096564012594396,143.6637646009972
5.26,129.3524796611464,14.311286771200885,143.66376643234727
5.265,128.07223664177653,15.591532537387199,143.66376917916372
5.2700000000000005,126.7143891996013,16.949383113888096,143.6637723134894
5.275,125.26793142072599,18.395843786211575,143.66377520693757
5.28,123.723761053158,19.94001642615393,143.66377747931193
5.285,122.07506773103084,21.588711272493505,143.66377900352435
5.29,120.3174551696278,23.346324613487532,143.66377978311533
5.295,118.44895048840196,25.214829358022673,143.66377984642463
5.3,116.47000387052688,27.19377531643979,143.66377918696668
5.305,114.38353684495726,29.28024089278756,143.66377773774482
5.3100000000000005,112.19506394541415,31.46871142758074,143.66377537299488
5.315,109.91288311662382,33.750888839173406,143.66377195579722
5.32,107.54829234656987,36.115475133254364,143.66376747982423
5.325,105.11572937046417,38.54803298011639,143.66376235058055
5.33,102.6326402750428,41.03111742931147,143.66375770435428
5.335,100.11878433343492,43.544970932818124,143.66375526625305
5.34,97.59467061353145,46.0690854347573,143.66375604828875
5.345,95.07906569332056,48.584692859247305,143.66375855256786
5.3500000000000005,92.58609014882501,51.077669255646875,143.66375940447188
5.355,90.12300916305799,53.54074781633234,143.6637569793903
5.36,87.68975510339395,55.97399789124766,143.6637529946416
5.365,85.2803157794041,58.383434179894294,143.6637499592984
5.37,82.88515794280278,60.77859088641067,143.66374882921343
5.375,80.49363837897592,63.170110789516286,143.6637491684922
5.38,78.09579308696735,65.5679571008261,143.66375018779345
5.385,75.68340881632506,67.980342489506,143.66375130583106
5.39,73.25054673739679,70.41320547705459,143.6637522144514
5.3950000000000005,70.7937293735765,72.87002339690125,143.66375277047774
5.4,68.31194471652793,75.35180817024877,143.6637528867767
5.405,65.80654852855278,77.8572039338905,143.66375246244328
5.41,63.28108721642849,80.38266413588146,143.66375135230993
5.415,60.74102460706034,82.92272477404933,143.66374938110965
5.42,58.19333744832781,85.4704089707271,143.66374641905492
5.425,55.64595076523181,88.0177917609401,143.66374252617192
5.43,53.10702068941873,90.55671743184075,143.66373812125948
5.4350000000000005,50.584136045425026,93.07959800727107,143.6637340526961
5.44,48.08357896103692,95.58015246912137,143.6637314301583
5.445,45.60982021091067,98.05391100488187,143.66373121579255
5.45,43.16539461262322,100.49833918533515,143.66373379795837
5.455,40.75121054218765,102.91252828575358,143.66373882794124
5.46,38.36724170990843,105.29650367676675,143.66374538667517
5.465,36.0134817528711,107.6502705432606,143.6637522961317
5.47,33.691032464908034,109.97272588469487,143.66375834960292
5.4750000000000005,31.40322092455355,112.26054145876594,143.6637623833195
5.48,29.156650833341025,114.50711245452479,143.6637632878658
5.485,26.962035627084532,116.70172453271273,143.66376015979728
5.49,24.8344948022824,118.82925787977949,143.6637526820619
5.495,22.792748206214156,120.87099307955356,143.6637412857677
5.5,20.85655039293557,122.80717616657076,143.66372655950633
5.505,19.042281709439727,124.62142814433307,143.6637098537728
5.51,17.358095909222655,126.30560054888062,143.6636964581033
5.515,15.801246605379198,127.86244673501318,143.66369334039237
5.5200000000000005,14.359248478027688,129.30445242897287,143.66370090700056
5.525,13.013879558475125,130.64983359229467,143.6637131507698
5.53,11.745599682793545,131.91812481786826,143.6637245006618
5.535,10.536748267513719,133.1269844903266,143.66373275784034
5.54,9.373277669456336,134.2904602664775,143.66373793593385
5.545,8.245496557752848,135.41824410207946,143.6637406598323
5.55,7.148366704393352,136.5153746463094,143.66374135070274
5.555,6.081734875674286,137.58200505133706,143.66373992701136
5.5600000000000005,5.050720471053415,138.61301520217108,143.6637356732245
5.565,4.066353586523218,139.59737371926008,143.66372730578328
5.57,3.146398886949611,140.51731508836906,143.66371397531867
5.575,2.31596615005626,141.347732655186,143.66369880524226
5.58,1.6068256229268125,142.056868162342,143.6636937852688
5.585,1.053473864776065,142.61023669372727,143.66371055850334
5.59,0.6844020205580184,142.97932614257417,143.6637281631322
5.595,0.5111736894249274,143.1525402428165,143.66371393224145
5.6000000000000005,0.523320651705597,143.14036991009004,143.66369056179565
5.605,0.6940627882199919,142.96962560408878,143.66368839230876
5.61,0.9916195429972829,142.67208108576597,143.66370062876325
5.615,1.3879939344088785,142.2757192016521,143.66371313606098
5.62,1.8626948288302807,141.80102602164715,143.66372085047743
5.625,2.4030719595805183,141.2606520817992,143.66372404137974
5.63,3.003259317362917,140.66046464881737,143.66372396618027
5.635,3.6627599985367123,140.00096141644627,143.66372141498297
5.64,4.384987234918186,139.27872932267013,143.66371655758832
5.6450000000000005,5.175769487901239,138.48793969195316,143.6637091798544
5.65,6.041779136260333,137.62192004173508,143.66369917799543
5.655,6.988939560486909,136.67474774945006,143.66368730993696
5.66,8.021018013119733,135.64265778227102,143.66367579539076
5.665,9.138712263915044,134.52495569520482,143.66366795911986
5.67,10.33948266672095,133.32418401179808,143.66366667851904
5.675,11.618164260125914,132.04550845825128,143.6636727183772
5.68,12.968148536064657,130.69553579276845,143.6636843288331
5.6850000000000005,14.38280606829596,129.28089216767552,143.66369823597148
5.69,15.856863731510526,127.80684731951904,143.66371105102957
5.695,17.38756745917366,126.27615274911584,143.6637202082895
5.7,18.975551781475097,124.68817243551501,143.66372421699012
5.705,20.62535241403129,123.03837010994121,143.6637225239725
5.71,22.34543625061705,121.31827916108847,143.6637154117055
5.715,24.147511627327304,119.5161924870142,143.6637041143415
5.72,26.044803310510524,117.61888750630959,143.66369081682012
5.7250000000000005,28.04911908435802,115.61455893534499,143.663678019703
5.73,30.167119020583268,113.49654880817351,143.6636678287568
5.735,32.397094539440374,111.26656764672067,143.66366218616105
5.74,34.72792944578167,108.93573301030551,143.6636624560872
5.745,37.14092335845424,106.52274428011505,143.66366763856928
5.75,39.613457828038136,104.05021681219449,143.6636746402326
5.755,42.122717334852304,101.54096336648507,143.66368070133737
5.76,44.648288174684424,99.01539651331917,143.6636846880036
5.765,47.17345850614612,96.49022816783872,143.66368667398484
5.7700000000000005,49.685598148539896,93.97808899780837,143.66368714634825
5.775,52.176068015908896,91.48761853569036,143.66368655159926
5.78,54.63997543530172,89.02370972965281,143.66368516495453
5.785,57.07594458198916,86.58773852744564,143.6636831094348
5.79,59.48596696257732,84.17771346780681,143.66368043038415
5.795,61.875325967201164,81.78835125033694,143.66367721753812
5.8,64.25252600763405,79.41114780278787,143.66367381042193
5.805,66.62907709488398,77.03459398502699,143.66367107991096
5.8100000000000005,69.01888342581393,74.64478710416668,143.6636705299806
5.815,71.4369028392251,72.22677068690085,143.66367352612593
5.82,73.89682158052781,69.76685770277597,143.6636792833038
5.825,76.4079261226991,67.2557577215697,143.6636838442688
5.83,78.97212859168397,64.69155506763715,143.66368365932112
5.835,81.58259735082929,62.08108295823133,143.66368030906062
5.84,84.2248494247587,59.43882905069022,143.66367847544893
5.845,86.87973320636209,56.78394727477442,143.6636804811365
5.8500000000000005,89.52682143506266,54.13686387485429,143.66368530991696
5.855,92.14702801297138,51.51666294949963,143.663690962471
5.86,94.72409968096397,48.939596386463705,143.66369606742768
5.865,97.24520788292682,46.41849217395133,143.66370005687816
5.87,99.70101018691383,43.962692636582474,143.6637028234963
5.875,102.08546649116691,41.57823793525167,143.66370442641858
5.88,104.39556610004024,39.26813885034428,143.66370495038453
5.885,106.63101880469853,37.03268566520603,143.66370446990456
5.89,108.79389425425484,34.86980880764768,143.6637030619025
5.8950000000000005,110.8881529100194,32.77554791335673,143.66370082337613
5.9,112.91900100658273,30.74469685816763,143.66369786475036
5.905,114.89203534927626,28.771658941756897,143.66369429103315
5.91,116.81223263315762,26.851457605962533,143.66369023912014
5.915,118.68295945017246,24.980726544864233,143.6636859950367
5.92,120.5052584085302,23.15842363120903,143.66368203973923
5.925,122.27761946518648,21.3860593973277,143.6636788625142
5.93,123.99627339827589,19.667403283602212,143.6636766818781
5.9350000000000005,125.65585553407468,18.00781982788792,143.6636753619626
5.94,127.25020185029601,16.413472712561703,143.66367456285772
5.945,128.7730787569029,14.890595180020036,143.66367393692292
5.95,130.2187469503405,13.444926282797903,143.66367323313838
5.955,131.58234754274193,12.081324765271319,143.66367230801325
5.96,132.86014583958047,10.803525257034678,143.66367109661513
5.965,134.04967972546706,9.613989859061938,143.663669584529
5.97,135.1498508697585,8.513816928021072,143.66366779777957
5.9750000000000005,136.1609791143727,7.502686700357627,143.66366581473034
5.98,137.08481801635912,6.578845779926269,143.6636637962854
5.985,137.92450329780576,5.739158715740424,143.66366201354617
5.99,138.6843778204765,4.9792829936181855,143.6636608140947
5.995,139.36961671045157,4.294043725842964,143.66366043629452
6.0,139.98558882593767,3.678071846214809,143.66366067215247
6.005,140.5369682445625,3.1266924464810844,143.6636606910436
6.01,141.02675569401293,2.636903811752739,143.66365950576568
6.015000000000001,141.45550894015636,2.2081479453299226,143.6636568854863
6.0200000000000005,141.8210764807278,1.8425771587625164,143.66365363949032
6.025,142.11892598401724,1.544724886425139,143.66365087044238
6.03,142.34289313902573,1.3207560250659953,143.66364916409174
6.035,142.48604724227852,1.1776012375405918,143.6636484798191
6.04,142.54142869857284,1.1222197842115778,143.66364848278442
6.045,142.50255606806041,1.1610927668131545,143.66364883487356
6.05,142.36371393761232,1.2999353637929731,143.6636493014053
6.055,142.12008213053963,1.5435676155091622,143.6636497460488
6.0600000000000005,141.76777007140183,1.8958800244033664,143.6636500958052
6.065,141.30380492793046,2.35984538368969,143.66365031162016
6.07,140.72610514980556,2.93754522100841,143.66365037081397
6.075,140.0334583064767,3.630191951562457,143.66365025803916
6.08,139.225514326282,4.4381356344582885,143.6636499607403
6.085,138.3028012051373,5.36084826131808,143.66364946645538
6.09,137.26676865119765,6.396880109425549,143.6636487606232
6.095,136.11986484194998,7.543782982763013,143.663647824713
6.1000000000000005,134.86565143551408,8.797995200678942,143.66364663619302
6.105,133.50896075538236,10.154684420159631,143.663645175542
6.11,132.05609405530774,11.607549398032383,143.66364345334011
6.115,130.51504602901196,13.148595553987512,143.66364158299947
6.12,128.89570975560855,14.767930172378879,143.66363992798742
6.125,127.20995702165933,16.453682260838928,143.66363928249825
6.13,125.47139841356116,18.192242357297758,143.66364077085893
6.135,123.69454368139486,19.969101097930604,143.66364477932547
6.140000000000001,121.89313462867986,21.770514373320715,143.66364900200057
6.1450000000000005,120.07780052079718,23.585848208815513,143.6636487296127
6.15,118.25385449370727,25.4097875361545,143.66364202986176
6.155,116.42040950885504,27.24322355885463,143.66363306770967
6.16,114.57137655326886,29.092250656724424,143.66362720999328
6.165,112.69773085294693,30.965895043123915,143.66362589607084
6.17,110.78987809542491,32.87374941388143,143.66362750930634
6.175,108.83934549420174,34.824284622670646,143.66363011687238
6.18,106.83967137589201,36.82396121847576,143.66363259436775
6.1850000000000005,104.78671718103801,38.876917328704074,143.66363450974208
6.19,102.67866632053568,40.98496945117954,143.66363577171524
6.195,100.51588937833087,43.1477470323135,143.66363641064436
6.2,98.30076349864983,45.362873001113186,143.66363649976302
6.205,96.03746921792435,47.626166942582,143.66363616050637
6.21,93.73174769617961,49.93188791685216,143.66363561303177
6.215,91.3905772516787,52.273057988492724,143.66363524017143
6.22,89.02171843459931,54.6419171763267,143.663635610926
6.2250000000000005,86.63308810915798,57.03054926763933,143.6636373767973
6.23,84.23196652337344,59.43167445326333,143.66364097663677
6.235,81.82412150946419,61.83952473355244,143.66364624301661
6.24,79.41302923023926,64.2506229972646,143.66365222750386
6.245,76.99942517026491,66.66423236704462,143.66365753730952
6.25,74.58137104943222,69.08228997594159,143.6636610253738
6.255,72.15486862202926,71.50879365015236,143.66366227218163
6.26,69.71487095469188,73.94879056219693,143.6636615168888
6.265000000000001,67.25644276751339,76.40721647942841,143.6636592469418
6.2700000000000005,64.77584491610902,78.88781092922065,143.66365584532969
6.275,62.271418326617955,81.3922331417952,143.66365146841315
6.28,59.74424419804777,83.91940189858323,143.663646096631
6.285,57.198611905066684,86.46502776084179,143.66363966590848
6.29,54.642322845277675,89.02130941961309,143.66363226489077
6.295,52.086804418271484,91.57682002138361,143.6636244396551
6.3,49.546913668816,94.11670389835679,143.6636175671728
6.305,47.040197557819255,96.62341635629261,143.66361391411186
6.3100000000000005,44.58531701447263,99.0782985445009,143.66361555897353
6.315,42.19948490579376,101.46413711956825,143.663622025362
6.32,39.89526256977229,103.7683666759584,143.6636292457307
6.325,37.67776081586513,105.9858721721249,143.66363298799
6.33,35.543559677009455,108.12007349795417,143.66363317496362
6.335,33.4819346224454,110.18169818817529,143.6636328106207
6.34,31.47772238379121,112.18591164361946,143.66363402741067
6.345,29.51450995262035,114.14912690613488,143.66363685875524
6.3500000000000005,27.577162763710554,116.08647763959225,143.6636404033028
6.355,25.65341623827372,118.01022762818322,143.66364386645694
6.36,23.734730249944803,119.92891655313684,143.66364680308163
6.365,21.816740300030965,121.8469086658669,143.66364896589786
6.37,19.899588763941182,123.76406132558267,143.66365008952386
6.375,17.988323600417722,125.6753261036349,143.66364970405263
6.38,16.093459071797334,127.57018794714944,143.66364701894676
6.385,14.231685513380652,129.43195555126235,143.663641064643
6.390000000000001,12.426532380478571,131.2370992065355,143.66363158701407
6.3950000000000005,10.70844907325148,132.95517204460552,143.663621117857
6.4,9.113268113234604,134.55034819150643,143.66361630474103
6.405,7.677729501665015,135.98589285603165,143.66362235769668
6.41,6.43171106548739,137.23192159912736,143.66363266461474
6.415,5.389726240202867,138.27390981629839,143.66363605650125
6.42,4.546766843243665,139.11686801377505,143.6636348570187
6.425,3.881415863880711,139.7822210231171,143.6636368869978
6.43,3.3636787265161496,140.29996353811282,143.66364226462898
6.4350000000000005,2.9626675073260467,140.7009797375634,143.66364724488943
6.44,2.6514793429898047,141.0121704076738,143.6636497506636
6.445,2.4093359700540202,141.25431369827842,143.66364966833245
6.45,2.2220605399939455,141.44158707561456,143.6636476156085
6.455,2.0818074668798334,141.58183682549912,143.66364429237896
6.46,1.986537917802332,141.6771024863333,143.66364040413563
6.465,1.9394054740682605,141.72423132605223,143.66363680012049
6.47,1.948014465724091,141.7156200912235,143.6636345569476
6.4750000000000005,2.0234045206411517,141.64023020314153,143.66363472378268
6.48,2.178602822691161,141.48503469305018,143.66363751574136
6.485,2.426716136104562,141.23692522989813,143.6636413660027
6.49,2.7788255804447854,140.8848175825213,143.66364316296608
6.495,3.24227007264968,140.42137027543242,143.6636403480821
6.5,3.819974797900396,139.84365813477928,143.66363293267966
6.505,4.511116850605266,139.15250623810607,143.66362308871135
6.51,5.312826525541039,138.35078672942637,143.6636132549674
6.515000000000001,6.222225888336675,137.4413793770139,143.66360526535058
6.5200000000000005,7.2380889968594,136.42551198689847,143.66360098375787
6.525,8.36160393149124,135.30199894510497,143.6636028765962
6.53,9.595934354336872,134.06767820614752,143.66361256048438
6.535,10.94455773652603,132.71906974287464,143.66362747940067
6.54,12.408852993823604,131.25478755128773,143.66364054511135
6.545,13.985980466652702,129.67766566667774,143.66364613333045
6.55,15.668145823989791,127.99549907624899,143.66364490023878
6.555,17.443533503027158,126.22010733109462,143.6636408341218
6.5600000000000005,19.29820153333349,124.36543516930811,143.6636367026416
6.565,21.2179520280409,122.44568125377295,143.66363328181384
6.57,23.18961940290084,120.47401107468309,143.66363047758392
6.575,25.201732541798133,118.46189553391721,143.66362807571534
6.58,27.24475088843985,116.41887502945804,143.6636259178979
6.585,29.31108847369027,114.35253540509385,143.6636238787841
6.59,31.395069638504122,112.26855219319775,143.66362183170187
6.595,33.49289094286861,110.17072869158685,143.66361963445547
6.6000000000000005,35.602618020385805,108.06099910685987,143.6636171272457
6.605,37.72421918402238,105.9393949575248,143.66361414154719
6.61,39.85961849491965,103.80399204244839,143.66361053736804
6.615,42.012729518794174,101.65087679073011,143.66360630952428
6.62,44.18939910885139,99.47420270704671,143.66360181589812
6.625,46.39714585248873,97.26645226410653,143.66359811659527
6.63,48.6445340654827,95.01906308204849,143.6635971475312
6.635,50.94002980287486,92.72357123771255,143.66360104058742
6.640000000000001,53.290327413258154,90.37328277429515,143.6636101875533
6.6450000000000005,55.698467829231504,87.96515383332198,143.66362166255348
6.65,58.1624445803743,85.50118630327844,143.66363088365273
6.655,60.67501725263628,82.98861817079649,143.66363542343277
6.66,63.22489627666505,80.43873986932219,143.66363614598725
6.665,65.79872598082542,77.86490912220344,143.66363510302887
6.67,68.38302361220273,75.28061008308418,143.66363369528693
6.675,70.96553414304677,72.69809830741272,143.6636324504595
6.68,73.53591237930465,70.12771907877446,143.66363145807912
6.6850000000000005,76.08590508528806,67.57772561064212,143.66363069593018
6.69,78.60925123626718,65.05437891434607,143.66363015061324
6.695,81.10146190057532,62.56216793733712,143.66362983791242
6.7,83.55957109082831,60.104058705777675,143.663629796606
6.705,85.98189796192221,57.681732119291524,143.66363008121374
6.71,88.36783103893178,55.29579971840171,143.6636307573335
6.715,90.71763014740154,52.94600174921591,143.66363189661746
6.72,93.03223537563377,50.63139819121867,143.66363356685244
6.7250000000000005,95.31307130561258,48.35056450723378,143.66363581284637
6.73,97.56183765730272,46.10180096948106,143.66363862678378
6.735,99.78028427316937,43.883357641259906,143.66364191442926
6.74,101.96997872994157,41.69366674518281,143.66364547512438
6.745,104.13208695276307,39.53156206781492,143.663649020578
6.75,106.26719678597254,37.39645545990278,143.6636522458753
6.755,108.3752157993636,35.288439132681845,143.66365493204546
6.76,110.45536357467674,33.20829345192319,143.66365702659994
6.765000000000001,112.50625665711755,31.15740199633168,143.66365865344923
6.7700000000000005,114.52605895895553,29.137601091612108,143.66366005056764
6.775,116.51265178575434,27.15100969398199,143.66366147973633
6.78,118.46377231356246,25.199890843410397,143.66366315697286
6.785,120.37707717059605,23.286588050815993,143.66366522141203
6.79,122.25010428366497,21.413563446482662,143.66366773014764
6.795,124.08012698199254,19.58354367753305,143.6636706595256
6.8,125.86391775036952,17.799756156977296,143.66367390734683
6.805,127.5974643925614,16.066212916823257,143.66367730938467
6.8100000000000005,129.27570528196205,14.387975404912858,143.6636806868749
6.815,130.89236369112217,12.771320224508417,143.6636839156306
6.82,132.43995165228637,11.22373531809328,143.66368697037964
6.825,133.90997557575068,9.753714324393684,143.66368990014436
6.83,135.29331936826244,8.370373381314591,143.66369274957702
6.835,136.58073108687046,7.08296440671881,143.66369549358927
6.84,137.7633197291398,5.900378304106572,143.66369803324636
6.845,138.83298475364734,4.8307154857428465,143.66370023939018
6.8500000000000005,139.7827379542145,3.880964045503316,143.6637019997178
6.855,140.60691486187608,3.0567883792961927,143.66370324117227
6.86,141.30129765347436,2.362406273909098,143.66370392738347
6.865,141.8631811020383,1.8005229420148257,143.66370404405313
6.87,142.29141145231,1.37229213163744,143.66370358394744
6.875,142.5864204328459,1.077282104930024,143.66370253777592
6.88,142.7502662903632,0.9134346035347012,143.6637008938979
6.885,142.78668175776147,0.8770168914333283,143.6636986491948
6.890000000000001,142.70111461851764,0.9625812144198286,143.66369583293746
6.8950000000000005,142.50072909513122,1.1629634451347306,143.66369254026594
6.9,142.19431654654642,1.4693724102898589,143.66368895683627
6.905,141.79204761926346,1.871637715512634,143.6636853347761
6.91,141.3049984531252,2.358683428593593,143.6636818817188
6.915,140.74442000314826,2.9192585948476144,143.66367859799587
6.92,140.12080349206613,3.5428717279261432,143.66367521999229
6.925,139.4429060552404,4.22076536110206,143.66367141634245
6.93,138.716975804818,4.946691308224664,143.66366711304266
6.9350000000000005,137.9463860887677,5.71727651898162,143.6636626077493
6.94,137.13174994441178,6.531908411638072,143.66365835604987
6.945,136.27141873329072,7.392235947434594,143.6636546807253
6.95,135.36217179779564,8.301479860405907,143.66365165820156
6.955,134.39990929486018,9.26373988965441,143.66364918451458
6.96,133.3802293529734,10.283417737976386,143.66364709094978
6.965,132.29884695501943,11.364798267116944,143.66364522213638
6.97,131.15186343621784,12.511780028213629,143.66364346443146
6.9750000000000005,129.935918277178,13.727723467650012,143.663641744828
6.98,128.64825832833662,15.015381691566546,143.66364001990317
6.985,127.2867540372485,16.376884227682204,143.6636382649307
6.99,125.84988434297469,17.8137521233842,143.6636364663589
6.995,124.33670478186538,19.32692983583898,143.66363461770436
7.0,122.74680798340958,20.916824734584402,143.66363271799398
7.005,121.08028209834006,22.583348673521073,143.66363077186114
7.01,119.33767044367983,24.325958346917105,143.66362879059693
7.015000000000001,117.5199343928002,26.143692400830496,143.6636267936307
7.0200000000000005,115.62842097502482,28.035203834985445,143.66362481001028
7.025,113.66483655238173,29.998786327131526,143.66362287951324
7.03,111.63122814528289,32.032392907761434,143.66362105304432
7.035,109.52997435144852,34.13364504058414,143.66361939203267
7.04,107.36378821355581,36.2998297530543,143.6636179666101
7.045,105.13573468346476,38.527882168968205,143.66361685243297
7.05,102.8492652841503,40.81435084186055,143.66361612601085
7.055,100.50827185920852,43.15534399898914,143.66361585819766
7.0600000000000005,98.11715944567604,45.54645665914973,143.66361610482576
7.065,95.680934643949,47.982682248145835,143.66361689209484
7.07,93.20529957920076,50.458318613098996,143.66361819229974
7.075,90.69673196008453,52.966887924019396,143.66361988410392
7.08,88.16251900201512,55.50110269322293,143.66362169523805
7.085,85.61069955811564,58.05292358507133,143.66362314318698
7.09,83.04986140605413,60.613762122844555,143.66362352889868
7.095,80.48875098623242,63.1748710953008,143.66362208153322
7.1000000000000005,77.93569346621229,65.72792485550947,143.66361832172174
7.105,75.39789278271664,68.26571973541033,143.66361251812697
7.11,72.88075911174704,70.78284675026302,143.66360586201006
7.115,70.38744625991906,73.27615379136986,143.66360005128894
7.12,67.91873553864707,75.74486095474906,143.66359649339614
7.125,65.47328972906374,78.19030600675775,143.6635957358215
7.13,63.048184929051,80.61541254929647,143.66359747834747
7.135,60.63957090761441,83.02403006879058,143.663600976405
7.140000000000001,58.24332476263325,85.42028068790458,143.66360545053783
7.1450000000000005,55.855617376262856,87.80799292390296,143.66361030016583
7.15,53.47336920111462,90.19024593522852,143.66361513634314
7.155,51.09461035688982,92.56900936727419,143.663619724164
7.16,48.71877708893631,94.94484681469507,143.6636239036314
7.165,46.34697769287787,97.31664982495754,143.6636275178354
7.17,43.98225100472084,99.68137934999947,143.6636303547203
7.175,41.62982019875912,102.03381190855396,143.66363210731308
7.18,39.29730984327006,104.36632252733764,143.6636323706077
7.1850000000000005,36.99483857182568,106.66879213120694,143.66363070303262
7.19,34.73482379178736,108.92880294948543,143.6636267412728
7.195,32.5312677742358,111.13235247512728,143.66362024936308
7.2,30.3983236854665,113.26528735070588,143.66361103617237
7.205,28.348195679762167,115.31540355211672,143.6635992318789
7.21,26.3889238378896,117.27466256479639,143.66358640268598
7.215,24.52300931730599,119.14056652161116,143.66357583891715
7.22,22.74761801388441,120.91595221563534,143.66357022951976
7.2250000000000005,21.05624769196053,122.6073217779236,143.66356946988412
7.23,19.440994132904382,124.22257735406532,143.66357148696972
7.235,17.89450784379384,125.76906643798822,143.66357428178205
7.24,16.41119233907411,127.25238451491737,143.6635768539915
7.245,14.987637230301255,128.67594178521205,143.6635790155133
7.25,13.622475871486603,130.04110504566452,143.66358091715114
7.255,12.31587571238456,131.3477069954694,143.66358270785395
7.26,11.06883558872806,132.59474880353974,143.6635843922678
7.265000000000001,9.88244415398145,133.78114170476704,143.6635858587485
7.2700000000000005,8.757252547859666,134.90633447190103,143.6635870197607
7.275,7.692905991394856,135.97068195853268,143.66358794992755
7.28,6.688137023503182,136.97545187180287,143.66358889530605
7.285,5.741146310616186,137.92244382012768,143.66359013074387
7.29,4.850314311578186,138.81327746382425,143.66359177540244
7.295,4.0151357782461,139.64845792210514,143.66359370035124
7.3,3.237264173970897,140.4263314138534,143.6635955878243
7.305,2.521576164296662,141.14202098349966,143.66359714779634
7.3100000000000005,1.8771780932435442,141.78642037895787,143.66359847220141
7.315,1.3182365498299293,142.34536376441127,143.6636003142412
7.32,0.8644005112451041,142.7992030563551,143.6636035676002
7.325,0.5404135369597648,143.12319371163608,143.66360724859584
7.33,0.37439184558285227,143.2892151317784,143.66360697736127
7.335,0.3943455331183989,143.26925305592422,143.66359858904264
7.34,0.6230103775764873,143.04057351223994,143.66358388981644
7.345,1.0719940477509677,142.5915743874755,143.66356843522647
7.3500000000000005,1.737392349883119,141.9261642987648,143.66355664864793
7.355,2.599369298829332,141.06418288156362,143.66355218039297
7.36,3.6264336626995783,140.03712187350072,143.6635555362003
7.365,4.782257833966716,138.88130467583224,143.66356250979896
7.37,6.031831253505013,137.63173725422584,143.66356850773084
7.375,7.345203320790185,136.31836832612433,143.6635716469145
7.38,8.698936390613934,134.96463573971562,143.66357213032956
7.385,10.07617830510706,133.58739247537687,143.66357078048392
7.390000000000001,11.466174949994278,132.19739332715596,143.66356827715023
7.3950000000000005,12.863706247554036,130.7998587476069,143.66356499516093
7.4,14.26865761264683,129.3949034695442,143.66356108219102
7.405,15.685774748053351,127.97778186979785,143.6635566178512
7.41,17.12454219796446,126.53900965900186,143.6635518569663
7.415,18.59901717598349,125.06453040181727,143.66354757780076
7.42,20.12730122858624,123.53624405259285,143.6635452811791
7.425,21.730162208123197,121.9333840858593,143.6635462939825
7.43,23.428288152675602,120.23526073776279,143.6635488904384
7.4350000000000005,25.238107066740234,118.42543948447121,143.66354655121145
7.44,27.167244513835684,116.49628984709618,143.66353436093186
7.445,29.2117963312692,114.45172166375104,143.66351799502024
7.45,31.35714134830819,112.30636707497217,143.66350842328035
7.455,33.58184286342734,110.08166687341765,143.663509736845
7.46,35.86244725975597,107.80107111306395,143.6635183728199
7.465,38.17724470470617,105.48628469140499,143.66352939611116
7.47,40.50838287113692,103.15515701761973,143.66353988875665
7.4750000000000005,42.84266529441338,100.8208835525871,143.66354884700047
7.48,45.17158846506628,98.49196770972912,143.66355617479542
7.485,47.491027409092034,96.17253455167011,143.66356196076214
7.49,49.800778442507905,93.86278769206596,143.66356613457387
7.495,52.10401941130217,91.55954896228542,143.6635683735876
7.5,54.40665735335385,89.25691082093562,143.66356817428948
7.505,56.71648810359469,86.94707693031842,143.6635650339131
7.51,59.04209601252028,84.62146268707984,143.66355869960012
7.515000000000001,61.39149660269325,82.27205286600139,143.66354946869464
7.5200000000000005,63.77067778919326,79.89286067438921,143.66353846358248
7.525,66.18236572366646,77.48116185372278,143.66352757738923
7.53,68.6253947725755,75.0381240140662,143.6635187866417
7.535,71.094897032966,72.5686161439265,143.6635131768925
7.54,73.5832171794105,70.08029335918171,143.66351053859222
7.545,76.08121359856624,67.58229621264073,143.66350981120695
7.55,78.57956968835197,65.08394012343697,143.66350981178894
7.555,81.0698695705101,62.59364011187023,143.66350968238032
7.5600000000000005,83.54535655130447,60.11815243087203,143.6635089821765
7.565,86.00139658061943,57.66211104764825,143.66350762826767
7.57,88.43569433681186,55.227811530904205,143.66350586771608
7.575,90.84827841689608,52.81522591482644,143.66350433172252
7.58,93.24121464571304,50.42228939884114,143.66350404455417
7.585,95.61795894327663,48.04554711287555,143.6635060561522
7.59,97.98227918631001,45.68123127911397,143.663510465424
7.595,100.33682287790289,43.32669267301527,143.66351555091816
7.6000000000000005,102.68167364763988,40.981844983560286,143.66351863120016
7.605,105.01343685289238,38.65008161685043,143.66351846974283
7.61,107.32525705410609,36.33825917323876,143.66351622734484
7.615,109.60770524361024,34.05580863752057,143.66351388113083
7.62,111.85006385144685,31.8134487267459,143.66351257819275
7.625,114.04149945951865,29.62201299809694,143.66351245761558
7.63,116.17185803347594,27.491655170580234,143.6635132040562
7.635,118.23207137750353,25.431443090463272,143.6635144679668
7.640000000000001,120.21428602509864,23.449229977297975,143.66351600239662
7.6450000000000005,122.11183767180401,21.55167998631611,143.66351765812013
7.65,123.91916078992791,19.744358557526596,143.6635193474545
7.655,125.63168618229732,18.031834833309144,143.66352101560645
7.66,127.24575309867325,16.417769525548596,143.66352262422186
7.665,128.7585475239353,14.904976619150386,143.66352414308568
7.67,130.16807094589987,13.495454599994149,143.66352554589403
7.675,131.47314111658307,12.19038569094122,143.66352680752428
7.68,132.6734258522492,10.990102049192895,143.6635279014421
7.6850000000000005,133.76951137184648,9.89401742505785,143.66352879690433
7.69,134.76300693261186,8.900522524662762,143.66352945727462
7.695,135.65668617543986,8.006843669232751,143.6635298446726
7.7,136.45466019819307,7.208869746818692,143.66352994501176
7.705,137.16256350550125,6.5009663373081015,143.66352984280937
7.71,137.787704545774,5.875825339026518,143.6635298848005
7.715,138.33907968584944,5.32445122695949,143.66353091280894
7.72,138.82707541603207,4.836458867314612,143.66353428334668
7.7250000000000005,139.26262918740753,4.4009117955201305,143.66354098292766
7.73,139.6556981670143,4.007851511946721,143.663549678961
7.735,140.0132356615715,3.6503205637424445,143.66355622531395
7.74,140.33741265780512,3.326144844212014,143.66355750201714
7.745,140.62502951009157,3.0385256458285443,143.6635551559201
7.75,140.86847835883458,2.7950748141657984,143.66355317300037
7.755,141.05767382428422,2.6058798142661335,143.66355363855035
7.76,141.18199037068433,2.48156587882919,143.66355624951353
7.765000000000001,141.23160251515452,2.431957408708868,143.66355992386337
7.7700000000000005,141.1981487087477,2.4654151175583383,143.66356382630605
7.775,141.07491347548486,2.588654057035794,143.66356753252066
7.78,140.8567506706814,2.8068202152813737,143.66357088596277
7.785,140.53990200709458,3.1236718497304237,143.663573856825
7.79,140.12179370136425,3.541782762904205,143.66357646426846
7.795,139.60084728411908,4.06273145975016,143.66357874386924
7.8,138.97631572685918,4.6872650107381615,143.66358073759736
7.805000000000001,138.2481447016183,5.4154377915206435,143.66358249313893
7.8100000000000005,137.41685453459124,6.246729531790883,143.66358406638213
7.815,136.483437472424,7.180148051659348,143.66358552408335
7.82,135.44926533601932,8.214321608516387,143.66358694453572
7.825,134.31600363915487,9.347584774423877,143.66358841357874
7.83,133.08552956287173,10.578060449598716,143.66359001247045
7.835,131.75985300667162,11.903738787626324,143.66359179429793
7.84,130.34104283140857,13.322550917587648,143.66359374899622
7.845,128.8311649784511,14.832430787342323,143.66359576579345
7.8500000000000005,127.23224538401723,16.431352230032413,143.66359761404965
7.855,125.54627688843036,18.117322079612315,143.66359896804266
7.86,123.77529200632037,19.88830747700976,143.66359948333013
7.865,121.9215181484756,21.742080746025778,143.66359889450138
7.87,119.98761695204627,23.675980128415524,143.66359708046178
7.875,117.97698825851671,25.686605808007346,143.66359406652407
7.88,115.89409905321844,27.769490931422546,143.663589984641
7.885,113.74478356057526,29.918801480901347,143.6635850414766
7.890000000000001,111.53645196028583,32.127127564855414,143.66357952514124
7.8950000000000005,109.27813726555189,34.38543656874491,143.6635738342968
7.9,106.98030175545736,36.68326670847536,143.66356846393273
7.905,104.65432644220445,39.00923742026489,143.66356386246935
7.91,102.31164345360466,41.3519167013842,143.66356015498886
7.915,99.96256719309582,43.700989751106135,143.66355694420196
7.92,97.61502929416817,46.04852423578127,143.66355352994944
7.925,95.2735530725292,48.389996457211424,143.66354952974064
7.930000000000001,92.93880131535553,50.72474396915341,143.66354528450893
7.9350000000000005,90.60784549298921,53.05569607975045,143.66354157273966
7.94,88.27503190215256,55.38850709301081,143.66353899516338
7.945,85.93313653696006,57.73040113088487,143.66353766784493
7.95,83.57449594353801,60.08904139512697,143.66353733866498
7.955,81.19192294195477,62.47161469769012,143.6635376396449
7.96,78.77935575936189,64.88418249236436,143.66353825172627
7.965,76.332280004788,67.33125894588102,143.66353895066902
7.97,73.84799716950693,69.81554241700105,143.66353958650797
7.9750000000000005,71.32581133344324,72.33772870927616,143.6635400427194
7.98,68.7671882215946,74.89635197384715,143.66354019544173
7.985,66.17591882064289,77.48762105804816,143.66353987869104
7.99,63.55829571158726,80.1052431504825,143.66353886206974
7.995,60.92328081569862,82.74025604492084,143.66353686061944
8.0,58.282602795483655,85.3809308213817,143.66353361686535
8.005,55.65066777503968,88.01286132505383,143.6635291000935
8.01,53.04410760603234,90.61941619502178,143.6635238010541
8.015,50.480763477230795,93.1827554387275,143.6635189159583
8.02,47.9779847244898,95.68553133756518,143.66351606205498
8.025,45.5503869112116,98.11312954572884,143.66351645694044
8.03,43.20761097450057,100.4559092075178,143.66352018201837
8.035,40.95288606733895,102.71064012508343,143.66352619242238
8.040000000000001,38.78299979564514,104.88053309247763,143.66353288812277
8.045,36.68965341136895,106.97388530209939,143.66353871346834
8.05,34.66159389996034,109.00194867814065,143.663542578101
8.055,32.686776739999516,110.97676728130222,143.66354402130173
8.06,30.75407335949714,112.90946975059583,143.66354311009297
8.065,28.85438329180502,114.80915692796242,143.66354021976744
8.07,26.981228598270114,116.68230726597422,143.66353586424432
8.075,25.13097348733983,118.53255715164144,143.66353063898129
8.08,23.302789224103535,120.3607360278163,143.66352525191985
8.085,21.498434602270027,122.16508597692516,143.6635205791952
8.09,19.721880022230692,123.94163763935404,143.66351766158473
8.095,17.97878512945522,125.68473242193949,143.6635175513947
8.1,16.27585415765192,127.38766681405609,143.663520971708
8.105,14.620139259443768,129.04338863764644,143.6635278970902
8.11,13.018424099921791,130.64511322290707,143.66353732282886
8.115,11.476863304973321,132.1866841405481,143.66354744552143
8.120000000000001,10.00104051940157,133.6625156414973,143.66355616089885
8.125,8.59652776401594,135.0670337427394,143.66356150675534
8.13,7.2699089902579095,136.3936528205224,143.6635618107803
8.135,6.030106424601676,137.633449366406,143.6635557910077
8.14,4.889709298460119,138.77383401929075,143.66354331775085
8.145,3.865779204549085,139.79774804738224,143.66352725193133
8.15,2.979254829840479,140.6842592214476,143.66351405128808
8.155,2.2518744409605054,141.41163295555546,143.66350739651597
8.16,1.7003392925700915,141.96316099505532,143.6635002876254
8.165000000000001,1.3298619178117899,142.3336254635176,143.6634873813294
8.17,1.1312646642305102,142.53221356595915,143.66347823018967
8.175,1.0838286803148778,142.57965149751578,143.66348017783065
8.18,1.1615490363764225,142.5019395939632,143.6634886303396
8.185,1.338855815784189,142.32464120348234,143.66349701926654
8.19,1.593925148159126,142.06957752265245,143.66350267081157
8.195,1.9098817205926215,141.75362390307703,143.66350562366964
8.2,2.2748517771620635,141.38865485518483,143.6635066323469
8.205,2.681601845898353,140.98190443811882,143.66350628401716
8.21,3.1271483135501144,140.53635648583736,143.66350479938748
8.215,3.612493563221619,140.05100846702786,143.66350203024948
8.22,4.14252536691748,139.52097211440002,143.6634974813175
8.225,4.726046546084965,138.93744386816394,143.6634904142489
8.23,5.3758272530831315,138.28765306650797,143.66348031959112
8.235,6.108448336610002,137.55501989585917,143.66346823246917
8.24,6.9435133575704615,136.71994540987555,143.663458767446
8.245000000000001,7.901638645021628,135.76182122872206,143.66345987374368
8.25,9.0008225528226,134.66265262133874,143.66347517416133
8.255,10.251822816591613,133.41167244220398,143.6634952587956
8.26,11.654729668689793,132.0087773952519,143.6635070639417
8.265,13.199134397277588,130.46437513248878,143.66350952976637
8.27,14.86794292015648,128.79556556761298,143.66350848776946
8.275,16.64232384864019,127.02118273400663,143.66350658264682
8.28,18.505311611054047,125.1581919900872,143.66350360114126
8.285,20.443336961819917,123.22016243597348,143.6634993977934
8.290000000000001,22.446217102240883,121.21727747313356,143.66349457537444
8.295,24.5063743168211,119.15711573895507,143.66349005577618
8.3,26.61783069791931,117.04565594707861,143.66348664499793
8.305,28.775288029057435,114.88819676239378,143.6634847914512
8.31,30.973453620794686,112.69003088764185,143.66348450843654
8.315,33.206683460526705,110.4568019827788,143.6634854433055
8.32,35.468945108971994,108.19454194610071,143.66348705507272
8.325,37.75404454517599,105.90944426977933,143.66348881495531
8.33,40.05602354324041,103.60746679850479,143.6634903417452
8.335,42.36962668389225,101.29386475364655,143.6634914375388
8.34,44.69075646402911,98.97273558564574,143.66349204967486
8.345,47.01686674137762,96.64662546789613,143.66349220927376
8.35,49.347272790213104,94.31621919641933,143.66349198663244
8.355,51.68336980745313,91.98012167567401,143.66349148312713
8.36,54.02874643227937,89.63474443145134,143.66349086373071
8.365,56.38915537943034,87.2743350390482,143.66349041847855
8.370000000000001,58.77226264918234,84.8912279535986,143.66349060278094
8.375,61.187051560447,82.47644036984155,143.66349193028856
8.38,63.64274049606562,80.02075406062974,143.66349455669535
8.385,66.14714664592513,77.51635102734852,143.66349767327364
8.39,68.70465878838691,74.95884075014504,143.66349953853194
8.395,71.31433826805781,72.34916071071365,143.66349897877146
8.4,73.96890631954224,69.69459075715856,143.66349707670082
8.405,76.65516708379903,67.0083293578903,143.66349644168935
8.41,79.35575986506976,64.30773882741099,143.66349869248074
8.415000000000001,82.05152473073383,61.61197865895855,143.66350338969238
8.42,84.72367009092243,58.93983894691529,143.6635090378377
8.425,87.35528493717077,56.308229385282004,143.66351432245278
8.43,89.93215305938047,53.73136548659423,143.66351854597468
8.435,92.44305260242791,51.22046889404783,143.66352149647574
8.44,94.87976201472023,48.78376118346728,143.6635231981875
8.445,97.23694038863837,46.42658335152519,143.66352374016355
8.45,99.51198066654175,44.15154253267014,143.66352319921188
8.455,101.70487692520811,41.958644700212005,143.66352162542012
8.46,103.81810390589297,39.84541516018433,143.6635190660773
8.465,105.85647169403575,37.80704392093162,143.66351561496737
8.47,107.8268866590539,35.83662480836558,143.66351146741948
8.475,109.73792602392808,33.925580911063705,143.6635069349918
8.48,111.59913627391956,32.06436608811113,143.66350236203067
8.485,113.42002453497618,30.243473428907002,143.66349796388317
8.49,115.20884336772397,28.454650390871336,143.6634937585953
8.495000000000001,116.97143228803569,26.69205744811193,143.66348973614762
8.5,118.71046131849455,24.953024753652475,143.66348607214704
8.505,120.42531985208664,23.238163208731848,143.6634830608185
8.51,122.11264122865522,21.55083962020362,143.66348084885885
8.515,123.76721888440922,19.896260435414355,143.66347931982358
8.52,125.38299576314249,18.280482448476796,143.6634782116193
8.525,126.9538886743436,16.709588609921454,143.66347728426507
8.53,128.47434162014787,15.189134780444293,143.66347640059217
8.535,129.93960344796128,13.7238720688548,143.66347551681608
8.540000000000001,131.34577429797224,12.317700333194765,143.663474631167
8.545,132.68967957962425,10.973794152396579,143.66347373202083
8.55,133.9686325058116,9.694840269018677,143.66347277483027
8.555,135.18014851739005,8.483323186200481,143.66347170359055
8.56,136.32167619025367,7.341794312578481,143.66347050283215
8.565,137.39040123026135,6.273068004680804,143.66346923494214
8.57,138.38315747007394,5.280310555253096,143.66346802532703
8.575000000000001,139.29644622722105,4.367020779209026,143.66346700643007
8.58,140.12653630674623,3.5369299593385626,143.66346626608478
8.585,140.86960312978044,2.7938627012152524,143.6634658309957
8.59,141.52186894156821,2.1415967392446227,143.66346568081283
8.595,142.07971987208802,1.583745899666601,143.66346577175463
8.6,142.53979080618325,1.1236752485116028,143.66346605469485
8.605,142.89901998757531,0.7644464965185944,143.6634664840939
8.61,143.15468079827866,0.5087862221220322,143.6634670204007
8.615,143.30439953354656,0.35906809590247724,143.66346762944903
8.620000000000001,143.34616713467392,0.31730114642087737,143.6634682810948
8.625,143.27835122421382,0.38511772382793474,143.66346894804175
8.63,143.09971325219206,0.563756352846661,143.66346960503873
8.635,142.80943446566184,0.854035762665944,143.66347022832778
8.64,142.40715383701513,1.2563169581243006,143.66347079513943
8.645,141.89302097286577,1.770450310207564,143.66347128307333
8.65,141.26776724411278,2.3957044252085615,143.66347166932132
8.655,140.5327987086341,3.130673221397479,143.66347193003156
8.66,139.69031443600593,3.9731576049283084,143.66347204093424
8.665000000000001,138.74345279456566,4.920019187677926,143.66347198224358
8.67,137.69646458097313,5.967007173514956,143.66347175448809
8.675,136.55490274945765,7.108568667363919,143.66347141682158
8.68,135.3257994483835,8.337671710433517,143.663471158817
8.685,134.01776679552444,9.64570459125234,143.6634713867768
8.69,132.6409073497438,11.022565354751324,143.66347270449512
8.695,131.20637095811392,12.45710457033457,143.6634755284485
8.700000000000001,129.72540301727673,13.938076237625388,143.66347925490211
8.705,128.20788544784727,15.455596418011162,143.66348186585844
8.71,126.66070273961273,17.002778673804272,143.663481413417
8.715,125.08657355358245,18.576904774921804,143.66347832850425
8.72,123.48391330678282,20.179561844563587,143.6634751513464
8.725,121.84776254845468,21.815711395672235,143.6634739441269
8.73,120.17127471223137,23.492200261177004,143.66347497340837
8.735,118.44714827925888,25.216329141823486,143.66347742108238
8.74,116.66865306674902,26.9948273295608,143.6634803963098
8.745000000000001,114.8302056254081,28.833277714682854,143.66348334009095
8.75,112.92760659638932,30.73587940436188,143.66348600075122
8.755,110.95807737848165,32.70541092621509,143.66348830469673
8.76,108.92020006648086,34.743290192731834,143.6634902592127
8.765,106.81382390035095,36.849668002653075,143.66349190300403
8.77,104.63997131654739,39.02352197113349,143.66349328768086
8.775,102.40075832771868,41.26273614747436,143.66349447519303
8.78,100.09933362750095,43.5641619160502,143.66349554355116
8.785,97.73983449350655,45.923662104877394,143.66349659838394
8.790000000000001,95.32735193322475,48.33614585658043,143.66349778980518
8.795,92.86788991858465,50.79560941194704,143.6634993305317
8.8,90.36829221439714,53.295209281560744,143.6635014959579
8.805,87.83609591902864,55.82740863446833,143.66350455349698
8.81,85.27926012927315,58.38424840780047,143.66350853707362
8.815,82.70572799445955,60.95778485913739,143.66351285359696
8.82,80.12283504831349,63.540680970230724,143.66351601854421
8.825000000000001,77.53668463721671,66.12683150205261,143.66351613926932
8.83,74.95172485090092,68.71178738858679,143.66351223948772
8.835,72.3707729559862,71.2927322150284,143.6635051710146
8.84,69.79557180854917,73.86792511493445,143.66349692348362
8.845,67.22771082979925,76.4357783406217,143.66348917042095
8.85,64.66958413907533,78.99389849293436,143.66348263200967
8.855,62.125077326989725,81.5384000913421,143.6634774183318
8.86,59.59979831744386,84.06367522180614,143.66347353925
8.865,57.10078771376104,86.56268333756901,143.66347105133005
8.870000000000001,54.63572912916962,89.02774071396689,143.6634698431365
8.875,52.211768177734,91.4517011982546,143.6634693759886
8.88,49.83417199586047,93.82929680806879,143.66346880392928
8.885,47.50518236770331,96.15828520390168,143.663467571605
8.89,45.2234312101228,98.44003471553926,143.66346592566205
8.895,42.98412208868368,100.67934262132931,143.663464710013
8.9,40.779898759410855,102.88356590665586,143.66346466606672
8.905,38.6020969039176,105.0613690777161,143.6634659816337
8.91,36.44203347705813,107.22143488363537,143.6634683606935
8.915000000000001,34.29210309269327,109.37136822905174,143.66347132174502
8.92,32.14660905566319,111.51686535930102,143.6634744149642
8.925,30.00237089769913,113.66110638340706,143.6634772811062
8.93,27.859199498718716,115.80428010840551,143.66347960712423
8.935,25.720332597589604,117.94314844412807,143.66348104171766
8.94,23.59289823833909,120.07058287655941,143.6634811148985
8.945,21.488427361963225,122.1750518631427,143.66347922510593
8.950000000000001,19.4233565608074,124.24011828020097,143.66347484100837
8.955,17.41931982775921,126.2441483245716,143.6634681523308
8.96,15.502801900010038,128.1606592383704,143.66346113838046
8.965,13.70347336749709,129.9599843947187,143.66345776221578
8.97,12.050528012786065,131.6129328290967,143.66346084188277
8.975,10.567111350393699,133.0963561082389,143.6634674586326
8.98,9.264591370493315,134.3988803638631,143.66347173435642
8.985,8.139648363107602,135.52382458316572,143.66347294627332
8.99,7.175987562800084,136.48748692602152,143.6634744888216
8.995000000000001,6.349496701718982,137.3139808618987,143.66347756361768
9.0,5.633970782213502,138.02950995830028,143.6634807405138
9.005,5.00532764121102,138.65815490830965,143.66348254952067
9.01,4.443875947724732,139.2196065487343,143.66348249645904
9.015,3.9351374782787243,139.72834329056704,143.66348076884577
9.02,3.4698667709648134,140.1936110467684,143.66347781773322
9.025,3.043715241037684,140.6197589336238,143.6634741746615
9.03,2.656763608125188,141.00670683243396,143.66347044055914
9.035,2.3129891955599713,141.3504781297686,143.66346732532855
9.040000000000001,2.0196437854566254,141.6438218367665,143.66346562222313
9.045,1.7864815975724346,141.87698440593803,143.66346600351048
9.05,1.6247965333859204,142.03867207133018,143.66346860471612
9.055,1.5463090679417935,142.11716353716332,143.6634726051051
9.06,1.562069870065883,142.10140637875278,143.66347624881865
9.065,1.6816550238457184,141.98182252707625,143.66347755092195
9.07,1.9129204232645032,141.75055485615098,143.66347527941548
9.075000000000001,2.2624066871248583,141.40106287334038,143.66346956046524
9.08,2.7361921959036115,140.92726987408417,143.6634620699878
9.085,3.3407026650153604,140.3227534352965,143.66345610031186
9.09,4.082815637860168,139.58063998769353,143.6634556255537
9.095,4.968680260559546,138.69478137789196,143.6634616384515
9.1,6.001226322381916,137.6622424271833,143.6634687495652
9.105,7.177386046879565,136.48608434653406,143.66347039341363
9.11,8.486803571150507,135.17666388878314,143.66346745993366
9.115,9.91308953417132,133.75037555544597,143.6634650896173
9.120000000000001,11.436876358464637,132.22658869321344,143.6634650516781
9.125,13.038962578932104,130.62450331263727,143.6634658915694
9.13,14.702406553010718,128.9610595727359,143.66346612574662
9.135,16.41344337148781,127.25002191886946,143.66346529035727
9.14,18.161618815907897,125.50184471509675,143.66346353100465
9.145,19.93956113777307,123.72389998378179,143.66346112155486
9.15,21.74266279933742,121.92079544970414,143.66345824904155
9.155,23.568806927785275,120.09464803621728,143.66345496400254
9.16,25.418189016268215,118.24526217175963,143.66345118802786
9.165000000000001,27.29323918313617,116.37020755655399,143.66344673969016
9.17,29.198621736068567,114.4648196604742,143.66344139654277
9.175,31.141258183711493,112.52217687817011,143.66343506188161
9.18,33.13027229398328,110.53315584586679,143.66342813985005
9.185,35.176683642123685,108.48673847752313,143.6634221196468
9.19,37.292597037741785,106.37082281918669,143.66341985692847
9.195,39.48963027329639,104.17379396243325,143.66342423572965
9.200000000000001,41.776553142671844,101.8868816109672,143.66343475363902
9.205,44.156679480901055,99.50676645179446,143.6634459326955
9.21,46.6261570550393,97.03729497586718,143.66345203090648
9.215,49.17419348945911,94.48925895888166,143.66345244834076
9.22,51.785179777547924,91.87827038699504,143.66345016454295
9.225,54.44157568333506,89.22187186982056,143.6634475531556
9.23,57.126326409284005,86.53711891644234,143.66344532572634
9.235,59.82427279586399,83.83917065427887,143.66344345014286
9.24,62.522665177392355,81.14077666293426,143.6634418403266
9.245000000000001,65.2111279468842,78.45231255932279,143.663440506207
9.25,67.88137833809962,75.78206116782005,143.66343950591965
9.255,70.52688381576475,73.13655507716297,143.66343889292773
9.26,73.1425460747868,70.5208926192557,143.6634386940425
9.265,75.72444305769748,67.93899584980232,143.66343890749982
9.27,78.26963283122171,65.39380667759067,143.6634395088124
9.275,80.77601184334779,62.88742861469348,143.66344045804126
9.28,83.24221658468451,60.421225121378725,143.66344170606322
9.285,85.66755748363204,57.9958857155639,143.66344319919594
9.290000000000001,88.05197482652966,55.611470055733804,143.66344488226346
9.295,90.39600769545788,53.26743900505912,143.663446700517
9.3,92.70076802281093,50.96268057828136,143.66344860109228
9.305,94.96791277180287,48.69553776319856,143.66345053500143
9.31,97.19960789309695,46.46384456790115,143.6634524609981
9.315,99.39847788976742,44.26497646296684,143.66345435273428
9.32,101.56753415112607,42.09592205874888,143.66345620987494
9.325000000000001,103.71007314770617,39.95338492379177,143.66345807149793
9.33,105.82953177249998,37.8339282533165,143.66346002581648
9.335,107.92928218572773,35.734180019244924,143.66346220497266
9.34,110.0123451308001,33.65111962018484,143.66346475098493
9.345,112.08100436433136,31.582463382347765,143.66346774667912
9.35,114.136323233214,29.52714790003943,143.66347113325344
9.355,116.17760308544642,27.48587159377967,143.66347467922608
9.36,118.20187712407537,25.46160095251355,143.66347807658892
9.365,120.2035789448995,23.459902204577524,143.66348114947704
9.370000000000001,122.17452492383703,21.488959082759536,143.66348400659655
9.375,124.10427927132642,19.559207688470693,143.66348695979713
9.38,125.98085053924831,17.682639723058774,143.66349026230708
9.385,127.79156248815157,15.871931426489013,143.66349391464058
9.39,129.52390919905966,14.139588484491558,143.6634976835512
9.395,131.166250434461,12.497250818752006,143.663501253213
9.4,132.70828657941956,10.955217779850404,143.66350435926998
9.405,134.14132506999331,9.522181770218381,143.6635068402117
9.41,135.45838927243514,8.20511935269274,143.6635086251279
9.415000000000001,136.65422901828316,7.009280680518332,143.6635096988015
9.42,137.7252825724397,5.93822749792359,143.6635100703633
9.425,138.66962437173441,4.993885382334204,143.66350975406863
9.43,139.4869177249796,4.176591036858541,143.66350876183816
9.435,140.17837869925023,3.485128406001109,143.66350710525134
9.44,140.74674620210834,2.916758603214939,143.66350480532327
9.445,141.19624279779114,2.467259110451676,143.6635019082428
9.450000000000001,141.53250076602097,2.130997736126326,143.6634985021473
9.455,141.76241984754915,1.9010748763435694,143.6634947238927
9.46,141.8939212106414,1.769569530065376,143.66349074070678
9.465,141.93557286895415,1.7279138319318634,143.663486700886
9.47,141.896090471976,1.7673922047654347,143.66348267674144
9.475,141.78376170997123,1.8797169400423903,143.66347865001362
9.48,141.6058865421591,2.0575880272471765,143.66347456940628
9.485,141.36834325578067,2.295127183230928,143.6634704390116
9.49,141.07536373630063,2.5881026195215755,143.6634663558222
9.495000000000001,140.7295379627286,2.933924502248244,143.66346246497685
9.5,140.3319997805605,3.331459099516023,143.66345888007652
9.505,139.88270653697398,3.7807490940176685,143.66345563099165
9.51,139.3807258318897,4.282726828741805,143.6634526606315
9.515,138.82447209026742,4.838977766937662,143.66344985720508
9.52,138.21187367349972,5.45157342790124,143.66344710140098
9.525,137.54048178260396,6.122962528412331,143.6634443110163
9.53,136.80754794537853,6.855893521620713,143.66344146699925
9.535,136.0100971835769,7.6533414271086855,143.6634386106856
9.540000000000001,135.14501368479702,8.51842213175453,143.66343581655156
9.545,134.20914202389932,9.454291134341206,143.66343315824054
9.55,133.19939619093788,10.46403449476361,143.66343068570148
9.555,132.11286425560286,11.550564164106442,143.6634284197093
9.56,130.94689803743898,12.716528321269031,143.66342635870802
9.565,129.6991819605736,13.964242528867292,143.6634244894409
9.57,128.36778047377214,15.295642321835434,143.66342279560757
9.575000000000001,126.95116726928575,16.71225399352671,143.66342126281245
9.58,125.44824159135813,18.215178289111357,143.6634198804695
9.585,123.85833754745022,19.80508109448974,143.66341864193996
9.59,122.18123213899406,21.48218540489262,143.66341754388668
9.595,120.41715725643175,23.2462593289247,143.66341658535646
9.6,118.56682049303353,25.096595273720602,143.66341576675413
9.605,116.63143950571018,27.03197558300419,143.66341508871437
9.61,114.61279483483655,29.050619716018403,143.66341455085495
9.615,112.51330651267696,31.15010763788986,143.66341415056684
9.620000000000001,110.33614019389127,33.32727368853982,143.6634138824311
9.625,108.08534836247017,35.57806537740034,143.66341373987052
9.63,105.76605020349118,37.89736351903948,143.66341372253066
9.635,103.38464760364124,40.27876625163634,143.66341385527758
9.64,100.94906023589189,42.714353987639214,143.6634142235311
9.645,98.46893350454357,45.194481505660576,143.66341501020415
9.65,95.95572340482886,47.70769304816045,143.6634164529893
9.655,93.4224966554456,50.24092187956033,143.66341853500592
9.66,90.88323980560412,52.780180505264994,143.66342031086913
9.665000000000001,88.35153665408552,55.31188288276225,143.66341953684775
9.67,85.83874669691332,57.82466741651041,143.66341411342373
9.675,83.35223638067032,60.311168536941054,143.6634049176114
9.68,80.8944308089422,62.76896521018265,143.66339601912486
9.685,78.46312368487705,65.20026740636051,143.66339109123754
9.69,76.052801773464,67.61058901406619,143.6633907875302
9.695,73.65630843140775,70.0070851632779,143.66339359468566
9.700000000000001,71.26625945962043,72.39713828332606,143.66339774294647
9.705,68.875972263409,74.78742985505397,143.66340211846295
9.71,66.47994517367533,77.18346108362951,143.66340625730484
9.715,64.07403022382857,79.58937984637485,143.66341007020344
9.72,61.655439288342706,82.00797433432285,143.66341362266556
9.725,59.22268409417766,84.44073292402612,143.66341701820377
9.73,56.77551306212939,86.8879072854867,143.6634203476161
9.735,54.31488206927513,89.34854159887496,143.66342366815007
9.74,51.84297998142074,91.82044701186652,143.66342699328726
9.745000000000001,49.363317985832914,94.30011230149321,143.66343028732612
9.75,46.880878738246366,96.78255472996261,143.66343346820898
9.755,44.402301240041055,99.26113518659665,143.6634364266377
9.76,41.93604436656794,101.72739468990346,143.66343905647142
9.765,39.492423985661205,104.17101724361609,143.66344122927728
9.77,37.08336852769963,106.58007401633823,143.66344254403788
9.775,34.721732139713765,108.94170966213753,143.6634418018513
9.78,32.4201249073454,111.2433120358983,143.6634369432437
9.785,30.189509126557173,113.47391761527479,143.66342674183196
9.790000000000001,28.038121660654987,115.62529154885875,143.66341320951375
9.795,25.9712754419297,117.6921255098968,143.6634009518265
9.8,23.992117169614534,119.67127642044255,143.6633935900571
9.805,22.102833666424353,121.56055818008444,143.6633918465088
9.81,20.305599982581665,123.35779451692649,143.66339449950814
9.815,18.60280595793522,125.06059374474583,143.66339970268106
9.82,16.996496562118857,126.66690884231602,143.66340540443488
9.825000000000001,15.487293939212602,128.176115640958,143.6634095801706
9.83,14.07327298783828,129.5901379914861,143.6634109793244
9.835,12.749296336852177,130.91411353829108,143.66340987514326
9.84,11.507134400843466,132.1562734139825,143.66340781482594
9.845,10.33636435948061,133.32704210882477,143.66340646830537
9.85,9.225750453580858,134.43765624352625,143.66340669710712
9.855,8.164721108644084,135.49868735186513,143.6634084605092
9.86,7.144670614037658,136.51874060461682,143.6634112186545
9.865,6.159995975125506,137.50341833563562,143.6634143107611
9.870000000000001,5.208918951386641,138.45449816888782,143.66341712027446
9.875,4.294201840808389,139.36921725048106,143.66341909128946
9.88,3.423854918736202,140.23956479988996,143.66341971862616
9.885,2.6118662799382117,141.05155235192484,143.66341863186304
9.89,1.8788472020423357,141.78456871959943,143.66341592164176
9.895,1.2522347179356366,142.41117808406167,143.6634128019973
9.9,0.7652972580883657,142.89811465304467,143.66341191113304
9.905,0.4537923951850909,143.2096220820297,143.66341447721481
9.91,0.3493561201985818,143.3140576237085,143.66341374390709
9.915000000000001,0.4705911695198439,143.19280786662813,143.66339903614798
9.92,0.8160163292375895,142.84736023594385,143.66337656518144
9.925,1.3638045274403758,142.2995609999473,143.66336552738767
9.93,2.078726214538726,141.5846443638899,143.66337057842864
9.935,2.9215382963210557,140.74184378028522,143.66338207660627
9.94,3.856073875205964,139.80731781116157,143.66339168636753
9.945,4.85270263627001,138.81069426716397,143.66339690343398
9.950000000000001,5.889178386805282,137.77421992276976,143.66339830957503
9.955,6.950238904926357,136.7131581966027,143.66339710152906
9.96,8.02684182905749,135.636552376474,143.6633942055315
9.965,9.115440751562986,134.5479494475494,143.66339019911237
9.97,10.217418445868576,133.44596702840525,143.66338547427384
9.975,11.338643191895414,132.32473725815,143.66338045004542
9.98,12.489022064364644,131.17435370601063,143.66337577037527
9.985,13.68185119351697,129.9815211542052,143.66337234772217
9.99,14.932715957669089,128.73065500029475,143.66337095796382
9.995000000000001,16.257740359321335,127.40563091297736,143.6633712722987
